ISO-10303-21;
HEADER;
FILE_DESCRIPTION(('Open CASCADE Model'),'2;1');
FILE_NAME('Open CASCADE Shape Model','2026-04-21T15:21:58',('Author'),(
    'Open CASCADE'),'Open CASCADE STEP processor 7.5','Open CASCADE 7.5'
  ,'Unknown');
FILE_SCHEMA(('AUTOMOTIVE_DESIGN { 1 0 10303 214 1 1 1 1 }'));
ENDSEC;
DATA;
#1 = APPLICATION_PROTOCOL_DEFINITION('international standard',
  'automotive_design',2000,#2);
#2 = APPLICATION_CONTEXT(
  'core data for automotive mechanical design processes');
#3 = SHAPE_DEFINITION_REPRESENTATION(#4,#10);
#4 = PRODUCT_DEFINITION_SHAPE('','',#5);
#5 = PRODUCT_DEFINITION('design','',#6,#9);
#6 = PRODUCT_DEFINITION_FORMATION('','',#7);
#7 = PRODUCT('Open CASCADE STEP translator 7.5 37',
  'Open CASCADE STEP translator 7.5 37','',(#8));
#8 = PRODUCT_CONTEXT('',#2,'mechanical');
#9 = PRODUCT_DEFINITION_CONTEXT('part definition',#2,'design');
#10 = ADVANCED_BREP_SHAPE_REPRESENTATION('',(#11,#15),#1543);
#11 = AXIS2_PLACEMENT_3D('',#12,#13,#14);
#12 = CARTESIAN_POINT('',(0.,0.,0.));
#13 = DIRECTION('',(0.,0.,1.));
#14 = DIRECTION('',(1.,0.,-0.));
#15 = MANIFOLD_SOLID_BREP('',#16);
#16 = CLOSED_SHELL('',(#17,#59,#90,#123,#154,#187,#218,#251,#282,#315,
    #346,#379,#410,#443,#474,#507,#529,#571,#602,#635,#657,#690,#732,
    #763,#796,#818,#860,#891,#924,#946,#979,#1012,#1045,#1078,#1111,
    #1144,#1177,#1210,#1243,#1276,#1309,#1342,#1375,#1459));
#17 = ADVANCED_FACE('',(#18),#54,.T.);
#18 = FACE_BOUND('',#19,.F.);
#19 = EDGE_LOOP('',(#20,#30,#39,#47));
#20 = ORIENTED_EDGE('',*,*,#21,.T.);
#21 = EDGE_CURVE('',#22,#24,#26,.T.);
#22 = VERTEX_POINT('',#23);
#23 = CARTESIAN_POINT('',(5.5,-2.9,-1.00000054));
#24 = VERTEX_POINT('',#25);
#25 = CARTESIAN_POINT('',(5.5,-2.9,0.));
#26 = LINE('',#27,#28);
#27 = CARTESIAN_POINT('',(5.5,-2.9,-1.00000054));
#28 = VECTOR('',#29,1.);
#29 = DIRECTION('',(0.,0.,1.));
#30 = ORIENTED_EDGE('',*,*,#31,.T.);
#31 = EDGE_CURVE('',#24,#32,#34,.T.);
#32 = VERTEX_POINT('',#33);
#33 = CARTESIAN_POINT('',(6.5,-3.9,0.));
#34 = CIRCLE('',#35,1.000364800791);
#35 = AXIS2_PLACEMENT_3D('',#36,#37,#38);
#36 = CARTESIAN_POINT('',(6.5003647343,-2.8996352657,0.));
#37 = DIRECTION('',(0.,0.,1.));
#38 = DIRECTION('',(-0.999999933533,-3.646012926771E-04,0.));
#39 = ORIENTED_EDGE('',*,*,#40,.F.);
#40 = EDGE_CURVE('',#41,#32,#43,.T.);
#41 = VERTEX_POINT('',#42);
#42 = CARTESIAN_POINT('',(6.5,-3.9,-1.00000054));
#43 = LINE('',#44,#45);
#44 = CARTESIAN_POINT('',(6.5,-3.9,-1.00000054));
#45 = VECTOR('',#46,1.);
#46 = DIRECTION('',(0.,0.,1.));
#47 = ORIENTED_EDGE('',*,*,#48,.F.);
#48 = EDGE_CURVE('',#22,#41,#49,.T.);
#49 = CIRCLE('',#50,1.000364800791);
#50 = AXIS2_PLACEMENT_3D('',#51,#52,#53);
#51 = CARTESIAN_POINT('',(6.5003647343,-2.8996352657,-1.00000054));
#52 = DIRECTION('',(0.,0.,1.));
#53 = DIRECTION('',(-0.999999933533,-3.646012926771E-04,0.));
#54 = CYLINDRICAL_SURFACE('',#55,1.000364800791);
#55 = AXIS2_PLACEMENT_3D('',#56,#57,#58);
#56 = CARTESIAN_POINT('',(6.5003647343,-2.8996352657,-1.00000054));
#57 = DIRECTION('',(-0.,-0.,-1.));
#58 = DIRECTION('',(-0.999999933533,-3.646012926771E-04,0.));
#59 = ADVANCED_FACE('',(#60),#85,.F.);
#60 = FACE_BOUND('',#61,.F.);
#61 = EDGE_LOOP('',(#62,#63,#71,#79));
#62 = ORIENTED_EDGE('',*,*,#40,.T.);
#63 = ORIENTED_EDGE('',*,*,#64,.T.);
#64 = EDGE_CURVE('',#32,#65,#67,.T.);
#65 = VERTEX_POINT('',#66);
#66 = CARTESIAN_POINT('',(12.3,-3.9,0.));
#67 = LINE('',#68,#69);
#68 = CARTESIAN_POINT('',(6.5,-3.9,0.));
#69 = VECTOR('',#70,1.);
#70 = DIRECTION('',(1.,0.,0.));
#71 = ORIENTED_EDGE('',*,*,#72,.F.);
#72 = EDGE_CURVE('',#73,#65,#75,.T.);
#73 = VERTEX_POINT('',#74);
#74 = CARTESIAN_POINT('',(12.3,-3.9,-1.00000054));
#75 = LINE('',#76,#77);
#76 = CARTESIAN_POINT('',(12.3,-3.9,-1.00000054));
#77 = VECTOR('',#78,1.);
#78 = DIRECTION('',(0.,0.,1.));
#79 = ORIENTED_EDGE('',*,*,#80,.F.);
#80 = EDGE_CURVE('',#41,#73,#81,.T.);
#81 = LINE('',#82,#83);
#82 = CARTESIAN_POINT('',(6.5,-3.9,-1.00000054));
#83 = VECTOR('',#84,1.);
#84 = DIRECTION('',(1.,0.,0.));
#85 = PLANE('',#86);
#86 = AXIS2_PLACEMENT_3D('',#87,#88,#89);
#87 = CARTESIAN_POINT('',(6.5,-3.9,-1.00000054));
#88 = DIRECTION('',(0.,1.,0.));
#89 = DIRECTION('',(1.,0.,0.));
#90 = ADVANCED_FACE('',(#91),#118,.F.);
#91 = FACE_BOUND('',#92,.F.);
#92 = EDGE_LOOP('',(#93,#94,#103,#111));
#93 = ORIENTED_EDGE('',*,*,#72,.T.);
#94 = ORIENTED_EDGE('',*,*,#95,.T.);
#95 = EDGE_CURVE('',#65,#96,#98,.T.);
#96 = VERTEX_POINT('',#97);
#97 = CARTESIAN_POINT('',(13.3,-4.9,0.));
#98 = CIRCLE('',#99,1.000364800791);
#99 = AXIS2_PLACEMENT_3D('',#100,#101,#102);
#100 = CARTESIAN_POINT('',(12.2996352657,-4.9003647343,0.));
#101 = DIRECTION('',(0.,0.,-1.));
#102 = DIRECTION('',(3.646012926767E-04,0.999999933533,0.));
#103 = ORIENTED_EDGE('',*,*,#104,.F.);
#104 = EDGE_CURVE('',#105,#96,#107,.T.);
#105 = VERTEX_POINT('',#106);
#106 = CARTESIAN_POINT('',(13.3,-4.9,-1.00000054));
#107 = LINE('',#108,#109);
#108 = CARTESIAN_POINT('',(13.3,-4.9,-1.00000054));
#109 = VECTOR('',#110,1.);
#110 = DIRECTION('',(0.,0.,1.));
#111 = ORIENTED_EDGE('',*,*,#112,.F.);
#112 = EDGE_CURVE('',#73,#105,#113,.T.);
#113 = CIRCLE('',#114,1.000364800791);
#114 = AXIS2_PLACEMENT_3D('',#115,#116,#117);
#115 = CARTESIAN_POINT('',(12.2996352657,-4.9003647343,-1.00000054));
#116 = DIRECTION('',(0.,0.,-1.));
#117 = DIRECTION('',(3.646012926767E-04,0.999999933533,0.));
#118 = CYLINDRICAL_SURFACE('',#119,1.000364800791);
#119 = AXIS2_PLACEMENT_3D('',#120,#121,#122);
#120 = CARTESIAN_POINT('',(12.2996352657,-4.9003647343,-1.00000054));
#121 = DIRECTION('',(0.,0.,-1.));
#122 = DIRECTION('',(3.646012926767E-04,0.999999933533,0.));
#123 = ADVANCED_FACE('',(#124),#149,.F.);
#124 = FACE_BOUND('',#125,.F.);
#125 = EDGE_LOOP('',(#126,#127,#135,#143));
#126 = ORIENTED_EDGE('',*,*,#104,.T.);
#127 = ORIENTED_EDGE('',*,*,#128,.T.);
#128 = EDGE_CURVE('',#96,#129,#131,.T.);
#129 = VERTEX_POINT('',#130);
#130 = CARTESIAN_POINT('',(13.3,-14.,0.));
#131 = LINE('',#132,#133);
#132 = CARTESIAN_POINT('',(13.3,-4.9,0.));
#133 = VECTOR('',#134,1.);
#134 = DIRECTION('',(0.,-1.,0.));
#135 = ORIENTED_EDGE('',*,*,#136,.F.);
#136 = EDGE_CURVE('',#137,#129,#139,.T.);
#137 = VERTEX_POINT('',#138);
#138 = CARTESIAN_POINT('',(13.3,-14.,-1.00000054));
#139 = LINE('',#140,#141);
#140 = CARTESIAN_POINT('',(13.3,-14.,-1.00000054));
#141 = VECTOR('',#142,1.);
#142 = DIRECTION('',(0.,0.,1.));
#143 = ORIENTED_EDGE('',*,*,#144,.F.);
#144 = EDGE_CURVE('',#105,#137,#145,.T.);
#145 = LINE('',#146,#147);
#146 = CARTESIAN_POINT('',(13.3,-4.9,-1.00000054));
#147 = VECTOR('',#148,1.);
#148 = DIRECTION('',(0.,-1.,0.));
#149 = PLANE('',#150);
#150 = AXIS2_PLACEMENT_3D('',#151,#152,#153);
#151 = CARTESIAN_POINT('',(13.3,-4.9,-1.00000054));
#152 = DIRECTION('',(1.,0.,-0.));
#153 = DIRECTION('',(0.,-1.,0.));
#154 = ADVANCED_FACE('',(#155),#182,.T.);
#155 = FACE_BOUND('',#156,.F.);
#156 = EDGE_LOOP('',(#157,#158,#167,#175));
#157 = ORIENTED_EDGE('',*,*,#136,.T.);
#158 = ORIENTED_EDGE('',*,*,#159,.T.);
#159 = EDGE_CURVE('',#129,#160,#162,.T.);
#160 = VERTEX_POINT('',#161);
#161 = CARTESIAN_POINT('',(14.3,-15.,0.));
#162 = CIRCLE('',#163,1.000364800791);
#163 = AXIS2_PLACEMENT_3D('',#164,#165,#166);
#164 = CARTESIAN_POINT('',(14.3003647343,-13.9996352657,0.));
#165 = DIRECTION('',(0.,0.,1.));
#166 = DIRECTION('',(-0.999999933533,-3.646012926749E-04,0.));
#167 = ORIENTED_EDGE('',*,*,#168,.F.);
#168 = EDGE_CURVE('',#169,#160,#171,.T.);
#169 = VERTEX_POINT('',#170);
#170 = CARTESIAN_POINT('',(14.3,-15.,-1.00000054));
#171 = LINE('',#172,#173);
#172 = CARTESIAN_POINT('',(14.3,-15.,-1.00000054));
#173 = VECTOR('',#174,1.);
#174 = DIRECTION('',(0.,0.,1.));
#175 = ORIENTED_EDGE('',*,*,#176,.F.);
#176 = EDGE_CURVE('',#137,#169,#177,.T.);
#177 = CIRCLE('',#178,1.000364800791);
#178 = AXIS2_PLACEMENT_3D('',#179,#180,#181);
#179 = CARTESIAN_POINT('',(14.3003647343,-13.9996352657,-1.00000054));
#180 = DIRECTION('',(0.,0.,1.));
#181 = DIRECTION('',(-0.999999933533,-3.646012926749E-04,0.));
#182 = CYLINDRICAL_SURFACE('',#183,1.000364800791);
#183 = AXIS2_PLACEMENT_3D('',#184,#185,#186);
#184 = CARTESIAN_POINT('',(14.3003647343,-13.9996352657,-1.00000054));
#185 = DIRECTION('',(-0.,-0.,-1.));
#186 = DIRECTION('',(-0.999999933533,-3.646012926749E-04,0.));
#187 = ADVANCED_FACE('',(#188),#213,.F.);
#188 = FACE_BOUND('',#189,.F.);
#189 = EDGE_LOOP('',(#190,#191,#199,#207));
#190 = ORIENTED_EDGE('',*,*,#168,.T.);
#191 = ORIENTED_EDGE('',*,*,#192,.T.);
#192 = EDGE_CURVE('',#160,#193,#195,.T.);
#193 = VERTEX_POINT('',#194);
#194 = CARTESIAN_POINT('',(21.4,-15.,0.));
#195 = LINE('',#196,#197);
#196 = CARTESIAN_POINT('',(14.3,-15.,0.));
#197 = VECTOR('',#198,1.);
#198 = DIRECTION('',(1.,0.,0.));
#199 = ORIENTED_EDGE('',*,*,#200,.F.);
#200 = EDGE_CURVE('',#201,#193,#203,.T.);
#201 = VERTEX_POINT('',#202);
#202 = CARTESIAN_POINT('',(21.4,-15.,-1.00000054));
#203 = LINE('',#204,#205);
#204 = CARTESIAN_POINT('',(21.4,-15.,-1.00000054));
#205 = VECTOR('',#206,1.);
#206 = DIRECTION('',(0.,0.,1.));
#207 = ORIENTED_EDGE('',*,*,#208,.F.);
#208 = EDGE_CURVE('',#169,#201,#209,.T.);
#209 = LINE('',#210,#211);
#210 = CARTESIAN_POINT('',(14.3,-15.,-1.00000054));
#211 = VECTOR('',#212,1.);
#212 = DIRECTION('',(1.,0.,0.));
#213 = PLANE('',#214);
#214 = AXIS2_PLACEMENT_3D('',#215,#216,#217);
#215 = CARTESIAN_POINT('',(14.3,-15.,-1.00000054));
#216 = DIRECTION('',(0.,1.,0.));
#217 = DIRECTION('',(1.,0.,0.));
#218 = ADVANCED_FACE('',(#219),#246,.T.);
#219 = FACE_BOUND('',#220,.F.);
#220 = EDGE_LOOP('',(#221,#222,#231,#239));
#221 = ORIENTED_EDGE('',*,*,#200,.T.);
#222 = ORIENTED_EDGE('',*,*,#223,.T.);
#223 = EDGE_CURVE('',#193,#224,#226,.T.);
#224 = VERTEX_POINT('',#225);
#225 = CARTESIAN_POINT('',(22.4,-14.,0.));
#226 = CIRCLE('',#227,1.000364800791);
#227 = AXIS2_PLACEMENT_3D('',#228,#229,#230);
#228 = CARTESIAN_POINT('',(21.3996352657,-13.9996352657,0.));
#229 = DIRECTION('',(0.,0.,1.));
#230 = DIRECTION('',(3.646012926767E-04,-0.999999933533,0.));
#231 = ORIENTED_EDGE('',*,*,#232,.F.);
#232 = EDGE_CURVE('',#233,#224,#235,.T.);
#233 = VERTEX_POINT('',#234);
#234 = CARTESIAN_POINT('',(22.4,-14.,-1.00000054));
#235 = LINE('',#236,#237);
#236 = CARTESIAN_POINT('',(22.4,-14.,-1.00000054));
#237 = VECTOR('',#238,1.);
#238 = DIRECTION('',(0.,0.,1.));
#239 = ORIENTED_EDGE('',*,*,#240,.F.);
#240 = EDGE_CURVE('',#201,#233,#241,.T.);
#241 = CIRCLE('',#242,1.000364800791);
#242 = AXIS2_PLACEMENT_3D('',#243,#244,#245);
#243 = CARTESIAN_POINT('',(21.3996352657,-13.9996352657,-1.00000054));
#244 = DIRECTION('',(0.,0.,1.));
#245 = DIRECTION('',(3.646012926767E-04,-0.999999933533,0.));
#246 = CYLINDRICAL_SURFACE('',#247,1.000364800791);
#247 = AXIS2_PLACEMENT_3D('',#248,#249,#250);
#248 = CARTESIAN_POINT('',(21.3996352657,-13.9996352657,-1.00000054));
#249 = DIRECTION('',(-0.,-0.,-1.));
#250 = DIRECTION('',(3.646012926767E-04,-0.999999933533,0.));
#251 = ADVANCED_FACE('',(#252),#277,.F.);
#252 = FACE_BOUND('',#253,.F.);
#253 = EDGE_LOOP('',(#254,#255,#263,#271));
#254 = ORIENTED_EDGE('',*,*,#232,.T.);
#255 = ORIENTED_EDGE('',*,*,#256,.T.);
#256 = EDGE_CURVE('',#224,#257,#259,.T.);
#257 = VERTEX_POINT('',#258);
#258 = CARTESIAN_POINT('',(22.4,2.7,0.));
#259 = LINE('',#260,#261);
#260 = CARTESIAN_POINT('',(22.4,-14.,0.));
#261 = VECTOR('',#262,1.);
#262 = DIRECTION('',(0.,1.,0.));
#263 = ORIENTED_EDGE('',*,*,#264,.F.);
#264 = EDGE_CURVE('',#265,#257,#267,.T.);
#265 = VERTEX_POINT('',#266);
#266 = CARTESIAN_POINT('',(22.4,2.7,-1.00000054));
#267 = LINE('',#268,#269);
#268 = CARTESIAN_POINT('',(22.4,2.7,-1.00000054));
#269 = VECTOR('',#270,1.);
#270 = DIRECTION('',(0.,0.,1.));
#271 = ORIENTED_EDGE('',*,*,#272,.F.);
#272 = EDGE_CURVE('',#233,#265,#273,.T.);
#273 = LINE('',#274,#275);
#274 = CARTESIAN_POINT('',(22.4,-14.,-1.00000054));
#275 = VECTOR('',#276,1.);
#276 = DIRECTION('',(0.,1.,0.));
#277 = PLANE('',#278);
#278 = AXIS2_PLACEMENT_3D('',#279,#280,#281);
#279 = CARTESIAN_POINT('',(22.4,-14.,-1.00000054));
#280 = DIRECTION('',(-1.,0.,0.));
#281 = DIRECTION('',(0.,1.,0.));
#282 = ADVANCED_FACE('',(#283),#310,.T.);
#283 = FACE_BOUND('',#284,.F.);
#284 = EDGE_LOOP('',(#285,#286,#295,#303));
#285 = ORIENTED_EDGE('',*,*,#264,.T.);
#286 = ORIENTED_EDGE('',*,*,#287,.T.);
#287 = EDGE_CURVE('',#257,#288,#290,.T.);
#288 = VERTEX_POINT('',#289);
#289 = CARTESIAN_POINT('',(21.4,3.7,0.));
#290 = CIRCLE('',#291,1.000364800791);
#291 = AXIS2_PLACEMENT_3D('',#292,#293,#294);
#292 = CARTESIAN_POINT('',(21.3996352657,2.6996352657,0.));
#293 = DIRECTION('',(0.,0.,1.));
#294 = DIRECTION('',(0.999999933533,3.646012926762E-04,-0.));
#295 = ORIENTED_EDGE('',*,*,#296,.F.);
#296 = EDGE_CURVE('',#297,#288,#299,.T.);
#297 = VERTEX_POINT('',#298);
#298 = CARTESIAN_POINT('',(21.4,3.7,-1.00000054));
#299 = LINE('',#300,#301);
#300 = CARTESIAN_POINT('',(21.4,3.7,-1.00000054));
#301 = VECTOR('',#302,1.);
#302 = DIRECTION('',(0.,0.,1.));
#303 = ORIENTED_EDGE('',*,*,#304,.F.);
#304 = EDGE_CURVE('',#265,#297,#305,.T.);
#305 = CIRCLE('',#306,1.000364800791);
#306 = AXIS2_PLACEMENT_3D('',#307,#308,#309);
#307 = CARTESIAN_POINT('',(21.3996352657,2.6996352657,-1.00000054));
#308 = DIRECTION('',(0.,0.,1.));
#309 = DIRECTION('',(0.999999933533,3.646012926762E-04,-0.));
#310 = CYLINDRICAL_SURFACE('',#311,1.000364800791);
#311 = AXIS2_PLACEMENT_3D('',#312,#313,#314);
#312 = CARTESIAN_POINT('',(21.3996352657,2.6996352657,-1.00000054));
#313 = DIRECTION('',(-0.,-0.,-1.));
#314 = DIRECTION('',(0.999999933533,3.646012926762E-04,-0.));
#315 = ADVANCED_FACE('',(#316),#341,.F.);
#316 = FACE_BOUND('',#317,.F.);
#317 = EDGE_LOOP('',(#318,#319,#327,#335));
#318 = ORIENTED_EDGE('',*,*,#296,.T.);
#319 = ORIENTED_EDGE('',*,*,#320,.T.);
#320 = EDGE_CURVE('',#288,#321,#323,.T.);
#321 = VERTEX_POINT('',#322);
#322 = CARTESIAN_POINT('',(13.4,3.7,0.));
#323 = LINE('',#324,#325);
#324 = CARTESIAN_POINT('',(21.4,3.7,0.));
#325 = VECTOR('',#326,1.);
#326 = DIRECTION('',(-1.,0.,0.));
#327 = ORIENTED_EDGE('',*,*,#328,.F.);
#328 = EDGE_CURVE('',#329,#321,#331,.T.);
#329 = VERTEX_POINT('',#330);
#330 = CARTESIAN_POINT('',(13.4,3.7,-1.00000054));
#331 = LINE('',#332,#333);
#332 = CARTESIAN_POINT('',(13.4,3.7,-1.00000054));
#333 = VECTOR('',#334,1.);
#334 = DIRECTION('',(0.,0.,1.));
#335 = ORIENTED_EDGE('',*,*,#336,.F.);
#336 = EDGE_CURVE('',#297,#329,#337,.T.);
#337 = LINE('',#338,#339);
#338 = CARTESIAN_POINT('',(21.4,3.7,-1.00000054));
#339 = VECTOR('',#340,1.);
#340 = DIRECTION('',(-1.,0.,0.));
#341 = PLANE('',#342);
#342 = AXIS2_PLACEMENT_3D('',#343,#344,#345);
#343 = CARTESIAN_POINT('',(21.4,3.7,-1.00000054));
#344 = DIRECTION('',(0.,-1.,0.));
#345 = DIRECTION('',(-1.,0.,0.));
#346 = ADVANCED_FACE('',(#347),#374,.T.);
#347 = FACE_BOUND('',#348,.F.);
#348 = EDGE_LOOP('',(#349,#350,#359,#367));
#349 = ORIENTED_EDGE('',*,*,#328,.T.);
#350 = ORIENTED_EDGE('',*,*,#351,.T.);
#351 = EDGE_CURVE('',#321,#352,#354,.T.);
#352 = VERTEX_POINT('',#353);
#353 = CARTESIAN_POINT('',(12.4,2.7,0.));
#354 = CIRCLE('',#355,1.000364800791);
#355 = AXIS2_PLACEMENT_3D('',#356,#357,#358);
#356 = CARTESIAN_POINT('',(13.4003647343,2.6996352657,0.));
#357 = DIRECTION('',(0.,0.,1.));
#358 = DIRECTION('',(-3.646012926767E-04,0.999999933533,0.));
#359 = ORIENTED_EDGE('',*,*,#360,.F.);
#360 = EDGE_CURVE('',#361,#352,#363,.T.);
#361 = VERTEX_POINT('',#362);
#362 = CARTESIAN_POINT('',(12.4,2.7,-1.00000054));
#363 = LINE('',#364,#365);
#364 = CARTESIAN_POINT('',(12.4,2.7,-1.00000054));
#365 = VECTOR('',#366,1.);
#366 = DIRECTION('',(0.,0.,1.));
#367 = ORIENTED_EDGE('',*,*,#368,.F.);
#368 = EDGE_CURVE('',#329,#361,#369,.T.);
#369 = CIRCLE('',#370,1.000364800791);
#370 = AXIS2_PLACEMENT_3D('',#371,#372,#373);
#371 = CARTESIAN_POINT('',(13.4003647343,2.6996352657,-1.00000054));
#372 = DIRECTION('',(0.,0.,1.));
#373 = DIRECTION('',(-3.646012926767E-04,0.999999933533,0.));
#374 = CYLINDRICAL_SURFACE('',#375,1.000364800791);
#375 = AXIS2_PLACEMENT_3D('',#376,#377,#378);
#376 = CARTESIAN_POINT('',(13.4003647343,2.6996352657,-1.00000054));
#377 = DIRECTION('',(-0.,-0.,-1.));
#378 = DIRECTION('',(-3.646012926767E-04,0.999999933533,0.));
#379 = ADVANCED_FACE('',(#380),#405,.F.);
#380 = FACE_BOUND('',#381,.F.);
#381 = EDGE_LOOP('',(#382,#383,#391,#399));
#382 = ORIENTED_EDGE('',*,*,#360,.T.);
#383 = ORIENTED_EDGE('',*,*,#384,.T.);
#384 = EDGE_CURVE('',#352,#385,#387,.T.);
#385 = VERTEX_POINT('',#386);
#386 = CARTESIAN_POINT('',(12.4,1.1,0.));
#387 = LINE('',#388,#389);
#388 = CARTESIAN_POINT('',(12.4,2.7,0.));
#389 = VECTOR('',#390,1.);
#390 = DIRECTION('',(0.,-1.,0.));
#391 = ORIENTED_EDGE('',*,*,#392,.F.);
#392 = EDGE_CURVE('',#393,#385,#395,.T.);
#393 = VERTEX_POINT('',#394);
#394 = CARTESIAN_POINT('',(12.4,1.1,-1.00000054));
#395 = LINE('',#396,#397);
#396 = CARTESIAN_POINT('',(12.4,1.1,-1.00000054));
#397 = VECTOR('',#398,1.);
#398 = DIRECTION('',(0.,0.,1.));
#399 = ORIENTED_EDGE('',*,*,#400,.F.);
#400 = EDGE_CURVE('',#361,#393,#401,.T.);
#401 = LINE('',#402,#403);
#402 = CARTESIAN_POINT('',(12.4,2.7,-1.00000054));
#403 = VECTOR('',#404,1.);
#404 = DIRECTION('',(0.,-1.,0.));
#405 = PLANE('',#406);
#406 = AXIS2_PLACEMENT_3D('',#407,#408,#409);
#407 = CARTESIAN_POINT('',(12.4,2.7,-1.00000054));
#408 = DIRECTION('',(1.,0.,-0.));
#409 = DIRECTION('',(0.,-1.,0.));
#410 = ADVANCED_FACE('',(#411),#438,.F.);
#411 = FACE_BOUND('',#412,.F.);
#412 = EDGE_LOOP('',(#413,#414,#423,#431));
#413 = ORIENTED_EDGE('',*,*,#392,.T.);
#414 = ORIENTED_EDGE('',*,*,#415,.T.);
#415 = EDGE_CURVE('',#385,#416,#418,.T.);
#416 = VERTEX_POINT('',#417);
#417 = CARTESIAN_POINT('',(11.4,1.E-01,0.));
#418 = CIRCLE('',#419,1.000364800791);
#419 = AXIS2_PLACEMENT_3D('',#420,#421,#422);
#420 = CARTESIAN_POINT('',(11.3996352657,1.1003647343,0.));
#421 = DIRECTION('',(0.,0.,-1.));
#422 = DIRECTION('',(0.999999933533,-3.646012926789E-04,0.));
#423 = ORIENTED_EDGE('',*,*,#424,.F.);
#424 = EDGE_CURVE('',#425,#416,#427,.T.);
#425 = VERTEX_POINT('',#426);
#426 = CARTESIAN_POINT('',(11.4,1.E-01,-1.00000054));
#427 = LINE('',#428,#429);
#428 = CARTESIAN_POINT('',(11.4,1.E-01,-1.00000054));
#429 = VECTOR('',#430,1.);
#430 = DIRECTION('',(0.,0.,1.));
#431 = ORIENTED_EDGE('',*,*,#432,.F.);
#432 = EDGE_CURVE('',#393,#425,#433,.T.);
#433 = CIRCLE('',#434,1.000364800791);
#434 = AXIS2_PLACEMENT_3D('',#435,#436,#437);
#435 = CARTESIAN_POINT('',(11.3996352657,1.1003647343,-1.00000054));
#436 = DIRECTION('',(0.,0.,-1.));
#437 = DIRECTION('',(0.999999933533,-3.646012926789E-04,0.));
#438 = CYLINDRICAL_SURFACE('',#439,1.000364800791);
#439 = AXIS2_PLACEMENT_3D('',#440,#441,#442);
#440 = CARTESIAN_POINT('',(11.3996352657,1.1003647343,-1.00000054));
#441 = DIRECTION('',(0.,0.,-1.));
#442 = DIRECTION('',(0.999999933533,-3.646012926789E-04,0.));
#443 = ADVANCED_FACE('',(#444),#469,.F.);
#444 = FACE_BOUND('',#445,.F.);
#445 = EDGE_LOOP('',(#446,#447,#455,#463));
#446 = ORIENTED_EDGE('',*,*,#424,.T.);
#447 = ORIENTED_EDGE('',*,*,#448,.T.);
#448 = EDGE_CURVE('',#416,#449,#451,.T.);
#449 = VERTEX_POINT('',#450);
#450 = CARTESIAN_POINT('',(6.5,1.E-01,0.));
#451 = LINE('',#452,#453);
#452 = CARTESIAN_POINT('',(11.4,0.1,0.));
#453 = VECTOR('',#454,1.);
#454 = DIRECTION('',(-1.,0.,0.));
#455 = ORIENTED_EDGE('',*,*,#456,.F.);
#456 = EDGE_CURVE('',#457,#449,#459,.T.);
#457 = VERTEX_POINT('',#458);
#458 = CARTESIAN_POINT('',(6.5,1.E-01,-1.00000054));
#459 = LINE('',#460,#461);
#460 = CARTESIAN_POINT('',(6.5,1.E-01,-1.00000054));
#461 = VECTOR('',#462,1.);
#462 = DIRECTION('',(0.,0.,1.));
#463 = ORIENTED_EDGE('',*,*,#464,.F.);
#464 = EDGE_CURVE('',#425,#457,#465,.T.);
#465 = LINE('',#466,#467);
#466 = CARTESIAN_POINT('',(11.4,0.1,-1.00000054));
#467 = VECTOR('',#468,1.);
#468 = DIRECTION('',(-1.,0.,0.));
#469 = PLANE('',#470);
#470 = AXIS2_PLACEMENT_3D('',#471,#472,#473);
#471 = CARTESIAN_POINT('',(11.4,0.1,-1.00000054));
#472 = DIRECTION('',(0.,-1.,0.));
#473 = DIRECTION('',(-1.,0.,0.));
#474 = ADVANCED_FACE('',(#475),#502,.T.);
#475 = FACE_BOUND('',#476,.F.);
#476 = EDGE_LOOP('',(#477,#478,#487,#495));
#477 = ORIENTED_EDGE('',*,*,#456,.T.);
#478 = ORIENTED_EDGE('',*,*,#479,.T.);
#479 = EDGE_CURVE('',#449,#480,#482,.T.);
#480 = VERTEX_POINT('',#481);
#481 = CARTESIAN_POINT('',(5.5,-0.9,0.));
#482 = CIRCLE('',#483,1.000364800791);
#483 = AXIS2_PLACEMENT_3D('',#484,#485,#486);
#484 = CARTESIAN_POINT('',(6.5003647343,-0.9003647343,0.));
#485 = DIRECTION('',(0.,0.,1.));
#486 = DIRECTION('',(-3.646012926767E-04,0.999999933533,0.));
#487 = ORIENTED_EDGE('',*,*,#488,.F.);
#488 = EDGE_CURVE('',#489,#480,#491,.T.);
#489 = VERTEX_POINT('',#490);
#490 = CARTESIAN_POINT('',(5.5,-0.9,-1.00000054));
#491 = LINE('',#492,#493);
#492 = CARTESIAN_POINT('',(5.5,-0.9,-1.00000054));
#493 = VECTOR('',#494,1.);
#494 = DIRECTION('',(0.,0.,1.));
#495 = ORIENTED_EDGE('',*,*,#496,.F.);
#496 = EDGE_CURVE('',#457,#489,#497,.T.);
#497 = CIRCLE('',#498,1.000364800791);
#498 = AXIS2_PLACEMENT_3D('',#499,#500,#501);
#499 = CARTESIAN_POINT('',(6.5003647343,-0.9003647343,-1.00000054));
#500 = DIRECTION('',(0.,0.,1.));
#501 = DIRECTION('',(-3.646012926767E-04,0.999999933533,0.));
#502 = CYLINDRICAL_SURFACE('',#503,1.000364800791);
#503 = AXIS2_PLACEMENT_3D('',#504,#505,#506);
#504 = CARTESIAN_POINT('',(6.5003647343,-0.9003647343,-1.00000054));
#505 = DIRECTION('',(-0.,-0.,-1.));
#506 = DIRECTION('',(-3.646012926767E-04,0.999999933533,0.));
#507 = ADVANCED_FACE('',(#508),#524,.F.);
#508 = FACE_BOUND('',#509,.F.);
#509 = EDGE_LOOP('',(#510,#511,#517,#518));
#510 = ORIENTED_EDGE('',*,*,#488,.T.);
#511 = ORIENTED_EDGE('',*,*,#512,.T.);
#512 = EDGE_CURVE('',#480,#24,#513,.T.);
#513 = LINE('',#514,#515);
#514 = CARTESIAN_POINT('',(5.5,-0.9,0.));
#515 = VECTOR('',#516,1.);
#516 = DIRECTION('',(0.,-1.,0.));
#517 = ORIENTED_EDGE('',*,*,#21,.F.);
#518 = ORIENTED_EDGE('',*,*,#519,.F.);
#519 = EDGE_CURVE('',#489,#22,#520,.T.);
#520 = LINE('',#521,#522);
#521 = CARTESIAN_POINT('',(5.5,-0.9,-1.00000054));
#522 = VECTOR('',#523,1.);
#523 = DIRECTION('',(0.,-1.,0.));
#524 = PLANE('',#525);
#525 = AXIS2_PLACEMENT_3D('',#526,#527,#528);
#526 = CARTESIAN_POINT('',(5.5,-0.9,-1.00000054));
#527 = DIRECTION('',(1.,0.,-0.));
#528 = DIRECTION('',(0.,-1.,0.));
#529 = ADVANCED_FACE('',(#530),#566,.F.);
#530 = FACE_BOUND('',#531,.T.);
#531 = EDGE_LOOP('',(#532,#542,#551,#559));
#532 = ORIENTED_EDGE('',*,*,#533,.T.);
#533 = EDGE_CURVE('',#534,#536,#538,.T.);
#534 = VERTEX_POINT('',#535);
#535 = CARTESIAN_POINT('',(16.6249985,-12.30499952,-1.00000054));
#536 = VERTEX_POINT('',#537);
#537 = CARTESIAN_POINT('',(16.6249985,-12.30499952,0.));
#538 = LINE('',#539,#540);
#539 = CARTESIAN_POINT('',(16.6249985,-12.30499952,-1.00000054));
#540 = VECTOR('',#541,1.);
#541 = DIRECTION('',(0.,0.,1.));
#542 = ORIENTED_EDGE('',*,*,#543,.T.);
#543 = EDGE_CURVE('',#536,#544,#546,.T.);
#544 = VERTEX_POINT('',#545);
#545 = CARTESIAN_POINT('',(17.37499954,-12.30499952,0.));
#546 = CIRCLE('',#547,0.37500052);
#547 = AXIS2_PLACEMENT_3D('',#548,#549,#550);
#548 = CARTESIAN_POINT('',(16.99999902,-12.30499952,0.));
#549 = DIRECTION('',(0.,0.,1.));
#550 = DIRECTION('',(-1.,0.,-0.));
#551 = ORIENTED_EDGE('',*,*,#552,.F.);
#552 = EDGE_CURVE('',#553,#544,#555,.T.);
#553 = VERTEX_POINT('',#554);
#554 = CARTESIAN_POINT('',(17.37499954,-12.30499952,-1.00000054));
#555 = LINE('',#556,#557);
#556 = CARTESIAN_POINT('',(17.37499954,-12.30499952,-1.00000054));
#557 = VECTOR('',#558,1.);
#558 = DIRECTION('',(0.,0.,1.));
#559 = ORIENTED_EDGE('',*,*,#560,.F.);
#560 = EDGE_CURVE('',#534,#553,#561,.T.);
#561 = CIRCLE('',#562,0.37500052);
#562 = AXIS2_PLACEMENT_3D('',#563,#564,#565);
#563 = CARTESIAN_POINT('',(16.99999902,-12.30499952,-1.00000054));
#564 = DIRECTION('',(0.,0.,1.));
#565 = DIRECTION('',(-1.,0.,-0.));
#566 = CYLINDRICAL_SURFACE('',#567,0.37500052);
#567 = AXIS2_PLACEMENT_3D('',#568,#569,#570);
#568 = CARTESIAN_POINT('',(16.99999902,-12.30499952,-1.00000054));
#569 = DIRECTION('',(-0.,-0.,-1.));
#570 = DIRECTION('',(-1.,0.,-0.));
#571 = ADVANCED_FACE('',(#572),#597,.T.);
#572 = FACE_BOUND('',#573,.T.);
#573 = EDGE_LOOP('',(#574,#584,#590,#591));
#574 = ORIENTED_EDGE('',*,*,#575,.T.);
#575 = EDGE_CURVE('',#576,#578,#580,.T.);
#576 = VERTEX_POINT('',#577);
#577 = CARTESIAN_POINT('',(16.6249985,-11.85500296,-1.00000054));
#578 = VERTEX_POINT('',#579);
#579 = CARTESIAN_POINT('',(16.6249985,-11.85500296,0.));
#580 = LINE('',#581,#582);
#581 = CARTESIAN_POINT('',(16.6249985,-11.85500296,-1.00000054));
#582 = VECTOR('',#583,1.);
#583 = DIRECTION('',(0.,0.,1.));
#584 = ORIENTED_EDGE('',*,*,#585,.T.);
#585 = EDGE_CURVE('',#578,#536,#586,.T.);
#586 = LINE('',#587,#588);
#587 = CARTESIAN_POINT('',(16.6249985,-11.85500296,0.));
#588 = VECTOR('',#589,1.);
#589 = DIRECTION('',(0.,-1.,0.));
#590 = ORIENTED_EDGE('',*,*,#533,.F.);
#591 = ORIENTED_EDGE('',*,*,#592,.F.);
#592 = EDGE_CURVE('',#576,#534,#593,.T.);
#593 = LINE('',#594,#595);
#594 = CARTESIAN_POINT('',(16.6249985,-11.85500296,-1.00000054));
#595 = VECTOR('',#596,1.);
#596 = DIRECTION('',(0.,-1.,0.));
#597 = PLANE('',#598);
#598 = AXIS2_PLACEMENT_3D('',#599,#600,#601);
#599 = CARTESIAN_POINT('',(16.6249985,-11.85500296,-1.00000054));
#600 = DIRECTION('',(1.,0.,-0.));
#601 = DIRECTION('',(0.,-1.,0.));
#602 = ADVANCED_FACE('',(#603),#630,.F.);
#603 = FACE_BOUND('',#604,.T.);
#604 = EDGE_LOOP('',(#605,#615,#622,#623));
#605 = ORIENTED_EDGE('',*,*,#606,.T.);
#606 = EDGE_CURVE('',#607,#609,#611,.T.);
#607 = VERTEX_POINT('',#608);
#608 = CARTESIAN_POINT('',(17.37499954,-11.85500296,-1.00000054));
#609 = VERTEX_POINT('',#610);
#610 = CARTESIAN_POINT('',(17.37499954,-11.85500296,0.));
#611 = LINE('',#612,#613);
#612 = CARTESIAN_POINT('',(17.37499954,-11.85500296,-1.00000054));
#613 = VECTOR('',#614,1.);
#614 = DIRECTION('',(0.,0.,1.));
#615 = ORIENTED_EDGE('',*,*,#616,.T.);
#616 = EDGE_CURVE('',#609,#578,#617,.T.);
#617 = CIRCLE('',#618,0.37500052);
#618 = AXIS2_PLACEMENT_3D('',#619,#620,#621);
#619 = CARTESIAN_POINT('',(16.99999902,-11.85500296,0.));
#620 = DIRECTION('',(0.,0.,1.));
#621 = DIRECTION('',(1.,0.,-0.));
#622 = ORIENTED_EDGE('',*,*,#575,.F.);
#623 = ORIENTED_EDGE('',*,*,#624,.F.);
#624 = EDGE_CURVE('',#607,#576,#625,.T.);
#625 = CIRCLE('',#626,0.37500052);
#626 = AXIS2_PLACEMENT_3D('',#627,#628,#629);
#627 = CARTESIAN_POINT('',(16.99999902,-11.85500296,-1.00000054));
#628 = DIRECTION('',(0.,0.,1.));
#629 = DIRECTION('',(1.,0.,-0.));
#630 = CYLINDRICAL_SURFACE('',#631,0.37500052);
#631 = AXIS2_PLACEMENT_3D('',#632,#633,#634);
#632 = CARTESIAN_POINT('',(16.99999902,-11.85500296,-1.00000054));
#633 = DIRECTION('',(-0.,-0.,-1.));
#634 = DIRECTION('',(1.,0.,-0.));
#635 = ADVANCED_FACE('',(#636),#652,.T.);
#636 = FACE_BOUND('',#637,.T.);
#637 = EDGE_LOOP('',(#638,#639,#645,#646));
#638 = ORIENTED_EDGE('',*,*,#552,.T.);
#639 = ORIENTED_EDGE('',*,*,#640,.T.);
#640 = EDGE_CURVE('',#544,#609,#641,.T.);
#641 = LINE('',#642,#643);
#642 = CARTESIAN_POINT('',(17.37499954,-12.30499952,0.));
#643 = VECTOR('',#644,1.);
#644 = DIRECTION('',(0.,1.,0.));
#645 = ORIENTED_EDGE('',*,*,#606,.F.);
#646 = ORIENTED_EDGE('',*,*,#647,.F.);
#647 = EDGE_CURVE('',#553,#607,#648,.T.);
#648 = LINE('',#649,#650);
#649 = CARTESIAN_POINT('',(17.37499954,-12.30499952,-1.00000054));
#650 = VECTOR('',#651,1.);
#651 = DIRECTION('',(0.,1.,0.));
#652 = PLANE('',#653);
#653 = AXIS2_PLACEMENT_3D('',#654,#655,#656);
#654 = CARTESIAN_POINT('',(17.37499954,-12.30499952,-1.00000054));
#655 = DIRECTION('',(-1.,0.,0.));
#656 = DIRECTION('',(0.,1.,0.));
#657 = ADVANCED_FACE('',(#658),#685,.F.);
#658 = FACE_BOUND('',#659,.T.);
#659 = EDGE_LOOP('',(#660,#670,#677,#678));
#660 = ORIENTED_EDGE('',*,*,#661,.T.);
#661 = EDGE_CURVE('',#662,#664,#666,.T.);
#662 = VERTEX_POINT('',#663);
#663 = CARTESIAN_POINT('',(10.825,-1.9,-1.00000054));
#664 = VERTEX_POINT('',#665);
#665 = CARTESIAN_POINT('',(10.825,-1.9,0.));
#666 = LINE('',#667,#668);
#667 = CARTESIAN_POINT('',(10.825,-1.9,-1.00000054));
#668 = VECTOR('',#669,1.);
#669 = DIRECTION('',(0.,0.,1.));
#670 = ORIENTED_EDGE('',*,*,#671,.T.);
#671 = EDGE_CURVE('',#664,#664,#672,.T.);
#672 = CIRCLE('',#673,1.025);
#673 = AXIS2_PLACEMENT_3D('',#674,#675,#676);
#674 = CARTESIAN_POINT('',(9.8,-1.9,0.));
#675 = DIRECTION('',(0.,0.,1.));
#676 = DIRECTION('',(1.,0.,-0.));
#677 = ORIENTED_EDGE('',*,*,#661,.F.);
#678 = ORIENTED_EDGE('',*,*,#679,.F.);
#679 = EDGE_CURVE('',#662,#662,#680,.T.);
#680 = CIRCLE('',#681,1.025);
#681 = AXIS2_PLACEMENT_3D('',#682,#683,#684);
#682 = CARTESIAN_POINT('',(9.8,-1.9,-1.00000054));
#683 = DIRECTION('',(0.,0.,1.));
#684 = DIRECTION('',(1.,0.,-0.));
#685 = CYLINDRICAL_SURFACE('',#686,1.025);
#686 = AXIS2_PLACEMENT_3D('',#687,#688,#689);
#687 = CARTESIAN_POINT('',(9.8,-1.9,-1.00000054));
#688 = DIRECTION('',(-0.,-0.,-1.));
#689 = DIRECTION('',(1.,0.,-0.));
#690 = ADVANCED_FACE('',(#691),#727,.F.);
#691 = FACE_BOUND('',#692,.T.);
#692 = EDGE_LOOP('',(#693,#703,#712,#720));
#693 = ORIENTED_EDGE('',*,*,#694,.T.);
#694 = EDGE_CURVE('',#695,#697,#699,.T.);
#695 = VERTEX_POINT('',#696);
#696 = CARTESIAN_POINT('',(16.6249985,-7.22499952,-1.00000054));
#697 = VERTEX_POINT('',#698);
#698 = CARTESIAN_POINT('',(16.6249985,-7.22499952,0.));
#699 = LINE('',#700,#701);
#700 = CARTESIAN_POINT('',(16.6249985,-7.22499952,-1.00000054));
#701 = VECTOR('',#702,1.);
#702 = DIRECTION('',(0.,0.,1.));
#703 = ORIENTED_EDGE('',*,*,#704,.T.);
#704 = EDGE_CURVE('',#697,#705,#707,.T.);
#705 = VERTEX_POINT('',#706);
#706 = CARTESIAN_POINT('',(17.37499954,-7.22499952,0.));
#707 = CIRCLE('',#708,0.37500052);
#708 = AXIS2_PLACEMENT_3D('',#709,#710,#711);
#709 = CARTESIAN_POINT('',(16.99999902,-7.22499952,0.));
#710 = DIRECTION('',(0.,0.,1.));
#711 = DIRECTION('',(-1.,0.,-0.));
#712 = ORIENTED_EDGE('',*,*,#713,.F.);
#713 = EDGE_CURVE('',#714,#705,#716,.T.);
#714 = VERTEX_POINT('',#715);
#715 = CARTESIAN_POINT('',(17.37499954,-7.22499952,-1.00000054));
#716 = LINE('',#717,#718);
#717 = CARTESIAN_POINT('',(17.37499954,-7.22499952,-1.00000054));
#718 = VECTOR('',#719,1.);
#719 = DIRECTION('',(0.,0.,1.));
#720 = ORIENTED_EDGE('',*,*,#721,.F.);
#721 = EDGE_CURVE('',#695,#714,#722,.T.);
#722 = CIRCLE('',#723,0.37500052);
#723 = AXIS2_PLACEMENT_3D('',#724,#725,#726);
#724 = CARTESIAN_POINT('',(16.99999902,-7.22499952,-1.00000054));
#725 = DIRECTION('',(0.,0.,1.));
#726 = DIRECTION('',(-1.,0.,-0.));
#727 = CYLINDRICAL_SURFACE('',#728,0.37500052);
#728 = AXIS2_PLACEMENT_3D('',#729,#730,#731);
#729 = CARTESIAN_POINT('',(16.99999902,-7.22499952,-1.00000054));
#730 = DIRECTION('',(-0.,-0.,-1.));
#731 = DIRECTION('',(-1.,0.,-0.));
#732 = ADVANCED_FACE('',(#733),#758,.T.);
#733 = FACE_BOUND('',#734,.T.);
#734 = EDGE_LOOP('',(#735,#745,#751,#752));
#735 = ORIENTED_EDGE('',*,*,#736,.T.);
#736 = EDGE_CURVE('',#737,#739,#741,.T.);
#737 = VERTEX_POINT('',#738);
#738 = CARTESIAN_POINT('',(16.6249985,-6.77500296,-1.00000054));
#739 = VERTEX_POINT('',#740);
#740 = CARTESIAN_POINT('',(16.6249985,-6.77500296,0.));
#741 = LINE('',#742,#743);
#742 = CARTESIAN_POINT('',(16.6249985,-6.77500296,-1.00000054));
#743 = VECTOR('',#744,1.);
#744 = DIRECTION('',(0.,0.,1.));
#745 = ORIENTED_EDGE('',*,*,#746,.T.);
#746 = EDGE_CURVE('',#739,#697,#747,.T.);
#747 = LINE('',#748,#749);
#748 = CARTESIAN_POINT('',(16.6249985,-6.77500296,0.));
#749 = VECTOR('',#750,1.);
#750 = DIRECTION('',(0.,-1.,0.));
#751 = ORIENTED_EDGE('',*,*,#694,.F.);
#752 = ORIENTED_EDGE('',*,*,#753,.F.);
#753 = EDGE_CURVE('',#737,#695,#754,.T.);
#754 = LINE('',#755,#756);
#755 = CARTESIAN_POINT('',(16.6249985,-6.77500296,-1.00000054));
#756 = VECTOR('',#757,1.);
#757 = DIRECTION('',(0.,-1.,0.));
#758 = PLANE('',#759);
#759 = AXIS2_PLACEMENT_3D('',#760,#761,#762);
#760 = CARTESIAN_POINT('',(16.6249985,-6.77500296,-1.00000054));
#761 = DIRECTION('',(1.,0.,-0.));
#762 = DIRECTION('',(0.,-1.,0.));
#763 = ADVANCED_FACE('',(#764),#791,.F.);
#764 = FACE_BOUND('',#765,.T.);
#765 = EDGE_LOOP('',(#766,#776,#783,#784));
#766 = ORIENTED_EDGE('',*,*,#767,.T.);
#767 = EDGE_CURVE('',#768,#770,#772,.T.);
#768 = VERTEX_POINT('',#769);
#769 = CARTESIAN_POINT('',(17.37499954,-6.77500296,-1.00000054));
#770 = VERTEX_POINT('',#771);
#771 = CARTESIAN_POINT('',(17.37499954,-6.77500296,0.));
#772 = LINE('',#773,#774);
#773 = CARTESIAN_POINT('',(17.37499954,-6.77500296,-1.00000054));
#774 = VECTOR('',#775,1.);
#775 = DIRECTION('',(0.,0.,1.));
#776 = ORIENTED_EDGE('',*,*,#777,.T.);
#777 = EDGE_CURVE('',#770,#739,#778,.T.);
#778 = CIRCLE('',#779,0.37500052);
#779 = AXIS2_PLACEMENT_3D('',#780,#781,#782);
#780 = CARTESIAN_POINT('',(16.99999902,-6.77500296,0.));
#781 = DIRECTION('',(0.,0.,1.));
#782 = DIRECTION('',(1.,0.,-0.));
#783 = ORIENTED_EDGE('',*,*,#736,.F.);
#784 = ORIENTED_EDGE('',*,*,#785,.F.);
#785 = EDGE_CURVE('',#768,#737,#786,.T.);
#786 = CIRCLE('',#787,0.37500052);
#787 = AXIS2_PLACEMENT_3D('',#788,#789,#790);
#788 = CARTESIAN_POINT('',(16.99999902,-6.77500296,-1.00000054));
#789 = DIRECTION('',(0.,0.,1.));
#790 = DIRECTION('',(1.,0.,-0.));
#791 = CYLINDRICAL_SURFACE('',#792,0.37500052);
#792 = AXIS2_PLACEMENT_3D('',#793,#794,#795);
#793 = CARTESIAN_POINT('',(16.99999902,-6.77500296,-1.00000054));
#794 = DIRECTION('',(-0.,-0.,-1.));
#795 = DIRECTION('',(1.,0.,-0.));
#796 = ADVANCED_FACE('',(#797),#813,.T.);
#797 = FACE_BOUND('',#798,.T.);
#798 = EDGE_LOOP('',(#799,#800,#806,#807));
#799 = ORIENTED_EDGE('',*,*,#713,.T.);
#800 = ORIENTED_EDGE('',*,*,#801,.T.);
#801 = EDGE_CURVE('',#705,#770,#802,.T.);
#802 = LINE('',#803,#804);
#803 = CARTESIAN_POINT('',(17.37499954,-7.22499952,0.));
#804 = VECTOR('',#805,1.);
#805 = DIRECTION('',(0.,1.,0.));
#806 = ORIENTED_EDGE('',*,*,#767,.F.);
#807 = ORIENTED_EDGE('',*,*,#808,.F.);
#808 = EDGE_CURVE('',#714,#768,#809,.T.);
#809 = LINE('',#810,#811);
#810 = CARTESIAN_POINT('',(17.37499954,-7.22499952,-1.00000054));
#811 = VECTOR('',#812,1.);
#812 = DIRECTION('',(0.,1.,0.));
#813 = PLANE('',#814);
#814 = AXIS2_PLACEMENT_3D('',#815,#816,#817);
#815 = CARTESIAN_POINT('',(17.37499954,-7.22499952,-1.00000054));
#816 = DIRECTION('',(-1.,0.,0.));
#817 = DIRECTION('',(0.,1.,0.));
#818 = ADVANCED_FACE('',(#819),#855,.F.);
#819 = FACE_BOUND('',#820,.T.);
#820 = EDGE_LOOP('',(#821,#831,#840,#848));
#821 = ORIENTED_EDGE('',*,*,#822,.T.);
#822 = EDGE_CURVE('',#823,#825,#827,.T.);
#823 = VERTEX_POINT('',#824);
#824 = CARTESIAN_POINT('',(16.6249985,-2.14499952,-1.00000054));
#825 = VERTEX_POINT('',#826);
#826 = CARTESIAN_POINT('',(16.6249985,-2.14499952,0.));
#827 = LINE('',#828,#829);
#828 = CARTESIAN_POINT('',(16.6249985,-2.14499952,-1.00000054));
#829 = VECTOR('',#830,1.);
#830 = DIRECTION('',(0.,0.,1.));
#831 = ORIENTED_EDGE('',*,*,#832,.T.);
#832 = EDGE_CURVE('',#825,#833,#835,.T.);
#833 = VERTEX_POINT('',#834);
#834 = CARTESIAN_POINT('',(17.37499954,-2.14499952,0.));
#835 = CIRCLE('',#836,0.37500052);
#836 = AXIS2_PLACEMENT_3D('',#837,#838,#839);
#837 = CARTESIAN_POINT('',(16.99999902,-2.14499952,0.));
#838 = DIRECTION('',(0.,0.,1.));
#839 = DIRECTION('',(-1.,0.,-0.));
#840 = ORIENTED_EDGE('',*,*,#841,.F.);
#841 = EDGE_CURVE('',#842,#833,#844,.T.);
#842 = VERTEX_POINT('',#843);
#843 = CARTESIAN_POINT('',(17.37499954,-2.14499952,-1.00000054));
#844 = LINE('',#845,#846);
#845 = CARTESIAN_POINT('',(17.37499954,-2.14499952,-1.00000054));
#846 = VECTOR('',#847,1.);
#847 = DIRECTION('',(0.,0.,1.));
#848 = ORIENTED_EDGE('',*,*,#849,.F.);
#849 = EDGE_CURVE('',#823,#842,#850,.T.);
#850 = CIRCLE('',#851,0.37500052);
#851 = AXIS2_PLACEMENT_3D('',#852,#853,#854);
#852 = CARTESIAN_POINT('',(16.99999902,-2.14499952,-1.00000054));
#853 = DIRECTION('',(0.,0.,1.));
#854 = DIRECTION('',(-1.,0.,-0.));
#855 = CYLINDRICAL_SURFACE('',#856,0.37500052);
#856 = AXIS2_PLACEMENT_3D('',#857,#858,#859);
#857 = CARTESIAN_POINT('',(16.99999902,-2.14499952,-1.00000054));
#858 = DIRECTION('',(-0.,-0.,-1.));
#859 = DIRECTION('',(-1.,0.,-0.));
#860 = ADVANCED_FACE('',(#861),#886,.T.);
#861 = FACE_BOUND('',#862,.T.);
#862 = EDGE_LOOP('',(#863,#873,#879,#880));
#863 = ORIENTED_EDGE('',*,*,#864,.T.);
#864 = EDGE_CURVE('',#865,#867,#869,.T.);
#865 = VERTEX_POINT('',#866);
#866 = CARTESIAN_POINT('',(16.6249985,-1.69500296,-1.00000054));
#867 = VERTEX_POINT('',#868);
#868 = CARTESIAN_POINT('',(16.6249985,-1.69500296,0.));
#869 = LINE('',#870,#871);
#870 = CARTESIAN_POINT('',(16.6249985,-1.69500296,-1.00000054));
#871 = VECTOR('',#872,1.);
#872 = DIRECTION('',(0.,0.,1.));
#873 = ORIENTED_EDGE('',*,*,#874,.T.);
#874 = EDGE_CURVE('',#867,#825,#875,.T.);
#875 = LINE('',#876,#877);
#876 = CARTESIAN_POINT('',(16.6249985,-1.69500296,0.));
#877 = VECTOR('',#878,1.);
#878 = DIRECTION('',(0.,-1.,0.));
#879 = ORIENTED_EDGE('',*,*,#822,.F.);
#880 = ORIENTED_EDGE('',*,*,#881,.F.);
#881 = EDGE_CURVE('',#865,#823,#882,.T.);
#882 = LINE('',#883,#884);
#883 = CARTESIAN_POINT('',(16.6249985,-1.69500296,-1.00000054));
#884 = VECTOR('',#885,1.);
#885 = DIRECTION('',(0.,-1.,0.));
#886 = PLANE('',#887);
#887 = AXIS2_PLACEMENT_3D('',#888,#889,#890);
#888 = CARTESIAN_POINT('',(16.6249985,-1.69500296,-1.00000054));
#889 = DIRECTION('',(1.,0.,-0.));
#890 = DIRECTION('',(0.,-1.,0.));
#891 = ADVANCED_FACE('',(#892),#919,.F.);
#892 = FACE_BOUND('',#893,.T.);
#893 = EDGE_LOOP('',(#894,#904,#911,#912));
#894 = ORIENTED_EDGE('',*,*,#895,.T.);
#895 = EDGE_CURVE('',#896,#898,#900,.T.);
#896 = VERTEX_POINT('',#897);
#897 = CARTESIAN_POINT('',(17.37499954,-1.69500296,-1.00000054));
#898 = VERTEX_POINT('',#899);
#899 = CARTESIAN_POINT('',(17.37499954,-1.69500296,0.));
#900 = LINE('',#901,#902);
#901 = CARTESIAN_POINT('',(17.37499954,-1.69500296,-1.00000054));
#902 = VECTOR('',#903,1.);
#903 = DIRECTION('',(0.,0.,1.));
#904 = ORIENTED_EDGE('',*,*,#905,.T.);
#905 = EDGE_CURVE('',#898,#867,#906,.T.);
#906 = CIRCLE('',#907,0.37500052);
#907 = AXIS2_PLACEMENT_3D('',#908,#909,#910);
#908 = CARTESIAN_POINT('',(16.99999902,-1.69500296,0.));
#909 = DIRECTION('',(0.,0.,1.));
#910 = DIRECTION('',(1.,0.,-0.));
#911 = ORIENTED_EDGE('',*,*,#864,.F.);
#912 = ORIENTED_EDGE('',*,*,#913,.F.);
#913 = EDGE_CURVE('',#896,#865,#914,.T.);
#914 = CIRCLE('',#915,0.37500052);
#915 = AXIS2_PLACEMENT_3D('',#916,#917,#918);
#916 = CARTESIAN_POINT('',(16.99999902,-1.69500296,-1.00000054));
#917 = DIRECTION('',(0.,0.,1.));
#918 = DIRECTION('',(1.,0.,-0.));
#919 = CYLINDRICAL_SURFACE('',#920,0.37500052);
#920 = AXIS2_PLACEMENT_3D('',#921,#922,#923);
#921 = CARTESIAN_POINT('',(16.99999902,-1.69500296,-1.00000054));
#922 = DIRECTION('',(-0.,-0.,-1.));
#923 = DIRECTION('',(1.,0.,-0.));
#924 = ADVANCED_FACE('',(#925),#941,.T.);
#925 = FACE_BOUND('',#926,.T.);
#926 = EDGE_LOOP('',(#927,#928,#934,#935));
#927 = ORIENTED_EDGE('',*,*,#841,.T.);
#928 = ORIENTED_EDGE('',*,*,#929,.T.);
#929 = EDGE_CURVE('',#833,#898,#930,.T.);
#930 = LINE('',#931,#932);
#931 = CARTESIAN_POINT('',(17.37499954,-2.14499952,0.));
#932 = VECTOR('',#933,1.);
#933 = DIRECTION('',(0.,1.,0.));
#934 = ORIENTED_EDGE('',*,*,#895,.F.);
#935 = ORIENTED_EDGE('',*,*,#936,.F.);
#936 = EDGE_CURVE('',#842,#896,#937,.T.);
#937 = LINE('',#938,#939);
#938 = CARTESIAN_POINT('',(17.37499954,-2.14499952,-1.00000054));
#939 = VECTOR('',#940,1.);
#940 = DIRECTION('',(0.,1.,0.));
#941 = PLANE('',#942);
#942 = AXIS2_PLACEMENT_3D('',#943,#944,#945);
#943 = CARTESIAN_POINT('',(17.37499954,-2.14499952,-1.00000054));
#944 = DIRECTION('',(-1.,0.,0.));
#945 = DIRECTION('',(0.,1.,0.));
#946 = ADVANCED_FACE('',(#947),#974,.F.);
#947 = FACE_BOUND('',#948,.T.);
#948 = EDGE_LOOP('',(#949,#959,#966,#967));
#949 = ORIENTED_EDGE('',*,*,#950,.T.);
#950 = EDGE_CURVE('',#951,#953,#955,.T.);
#951 = VERTEX_POINT('',#952);
#952 = CARTESIAN_POINT('',(13.05,-1.9,-1.00000054));
#953 = VERTEX_POINT('',#954);
#954 = CARTESIAN_POINT('',(13.05,-1.9,0.));
#955 = LINE('',#956,#957);
#956 = CARTESIAN_POINT('',(13.05,-1.9,-1.00000054));
#957 = VECTOR('',#958,1.);
#958 = DIRECTION('',(0.,0.,1.));
#959 = ORIENTED_EDGE('',*,*,#960,.T.);
#960 = EDGE_CURVE('',#953,#953,#961,.T.);
#961 = CIRCLE('',#962,0.55);
#962 = AXIS2_PLACEMENT_3D('',#963,#964,#965);
#963 = CARTESIAN_POINT('',(12.5,-1.9,0.));
#964 = DIRECTION('',(0.,0.,1.));
#965 = DIRECTION('',(1.,0.,-0.));
#966 = ORIENTED_EDGE('',*,*,#950,.F.);
#967 = ORIENTED_EDGE('',*,*,#968,.F.);
#968 = EDGE_CURVE('',#951,#951,#969,.T.);
#969 = CIRCLE('',#970,0.55);
#970 = AXIS2_PLACEMENT_3D('',#971,#972,#973);
#971 = CARTESIAN_POINT('',(12.5,-1.9,-1.00000054));
#972 = DIRECTION('',(0.,0.,1.));
#973 = DIRECTION('',(1.,0.,-0.));
#974 = CYLINDRICAL_SURFACE('',#975,0.55);
#975 = AXIS2_PLACEMENT_3D('',#976,#977,#978);
#976 = CARTESIAN_POINT('',(12.5,-1.9,-1.00000054));
#977 = DIRECTION('',(-0.,-0.,-1.));
#978 = DIRECTION('',(1.,0.,-0.));
#979 = ADVANCED_FACE('',(#980),#1007,.F.);
#980 = FACE_BOUND('',#981,.T.);
#981 = EDGE_LOOP('',(#982,#992,#999,#1000));
#982 = ORIENTED_EDGE('',*,*,#983,.T.);
#983 = EDGE_CURVE('',#984,#986,#988,.T.);
#984 = VERTEX_POINT('',#985);
#985 = CARTESIAN_POINT('',(7.65,-1.9,-1.00000054));
#986 = VERTEX_POINT('',#987);
#987 = CARTESIAN_POINT('',(7.65,-1.9,0.));
#988 = LINE('',#989,#990);
#989 = CARTESIAN_POINT('',(7.65,-1.9,-1.00000054));
#990 = VECTOR('',#991,1.);
#991 = DIRECTION('',(0.,0.,1.));
#992 = ORIENTED_EDGE('',*,*,#993,.T.);
#993 = EDGE_CURVE('',#986,#986,#994,.T.);
#994 = CIRCLE('',#995,0.55);
#995 = AXIS2_PLACEMENT_3D('',#996,#997,#998);
#996 = CARTESIAN_POINT('',(7.1,-1.9,0.));
#997 = DIRECTION('',(0.,0.,1.));
#998 = DIRECTION('',(1.,0.,-0.));
#999 = ORIENTED_EDGE('',*,*,#983,.F.);
#1000 = ORIENTED_EDGE('',*,*,#1001,.F.);
#1001 = EDGE_CURVE('',#984,#984,#1002,.T.);
#1002 = CIRCLE('',#1003,0.55);
#1003 = AXIS2_PLACEMENT_3D('',#1004,#1005,#1006);
#1004 = CARTESIAN_POINT('',(7.1,-1.9,-1.00000054));
#1005 = DIRECTION('',(0.,0.,1.));
#1006 = DIRECTION('',(1.,0.,-0.));
#1007 = CYLINDRICAL_SURFACE('',#1008,0.55);
#1008 = AXIS2_PLACEMENT_3D('',#1009,#1010,#1011);
#1009 = CARTESIAN_POINT('',(7.1,-1.9,-1.00000054));
#1010 = DIRECTION('',(-0.,-0.,-1.));
#1011 = DIRECTION('',(1.,0.,-0.));
#1012 = ADVANCED_FACE('',(#1013),#1040,.F.);
#1013 = FACE_BOUND('',#1014,.T.);
#1014 = EDGE_LOOP('',(#1015,#1025,#1032,#1033));
#1015 = ORIENTED_EDGE('',*,*,#1016,.T.);
#1016 = EDGE_CURVE('',#1017,#1019,#1021,.T.);
#1017 = VERTEX_POINT('',#1018);
#1018 = CARTESIAN_POINT('',(14.85,1.9,-1.00000054));
#1019 = VERTEX_POINT('',#1020);
#1020 = CARTESIAN_POINT('',(14.85,1.9,0.));
#1021 = LINE('',#1022,#1023);
#1022 = CARTESIAN_POINT('',(14.85,1.9,-1.00000054));
#1023 = VECTOR('',#1024,1.);
#1024 = DIRECTION('',(0.,0.,1.));
#1025 = ORIENTED_EDGE('',*,*,#1026,.T.);
#1026 = EDGE_CURVE('',#1019,#1019,#1027,.T.);
#1027 = CIRCLE('',#1028,0.55);
#1028 = AXIS2_PLACEMENT_3D('',#1029,#1030,#1031);
#1029 = CARTESIAN_POINT('',(14.3,1.9,0.));
#1030 = DIRECTION('',(0.,0.,1.));
#1031 = DIRECTION('',(1.,0.,-0.));
#1032 = ORIENTED_EDGE('',*,*,#1016,.F.);
#1033 = ORIENTED_EDGE('',*,*,#1034,.F.);
#1034 = EDGE_CURVE('',#1017,#1017,#1035,.T.);
#1035 = CIRCLE('',#1036,0.55);
#1036 = AXIS2_PLACEMENT_3D('',#1037,#1038,#1039);
#1037 = CARTESIAN_POINT('',(14.3,1.9,-1.00000054));
#1038 = DIRECTION('',(0.,0.,1.));
#1039 = DIRECTION('',(1.,0.,-0.));
#1040 = CYLINDRICAL_SURFACE('',#1041,0.55);
#1041 = AXIS2_PLACEMENT_3D('',#1042,#1043,#1044);
#1042 = CARTESIAN_POINT('',(14.3,1.9,-1.00000054));
#1043 = DIRECTION('',(-0.,-0.,-1.));
#1044 = DIRECTION('',(1.,0.,-0.));
#1045 = ADVANCED_FACE('',(#1046),#1073,.F.);
#1046 = FACE_BOUND('',#1047,.T.);
#1047 = EDGE_LOOP('',(#1048,#1058,#1065,#1066));
#1048 = ORIENTED_EDGE('',*,*,#1049,.T.);
#1049 = EDGE_CURVE('',#1050,#1052,#1054,.T.);
#1050 = VERTEX_POINT('',#1051);
#1051 = CARTESIAN_POINT('',(18.025,1.9,-1.00000054));
#1052 = VERTEX_POINT('',#1053);
#1053 = CARTESIAN_POINT('',(18.025,1.9,0.));
#1054 = LINE('',#1055,#1056);
#1055 = CARTESIAN_POINT('',(18.025,1.9,-1.00000054));
#1056 = VECTOR('',#1057,1.);
#1057 = DIRECTION('',(0.,0.,1.));
#1058 = ORIENTED_EDGE('',*,*,#1059,.T.);
#1059 = EDGE_CURVE('',#1052,#1052,#1060,.T.);
#1060 = CIRCLE('',#1061,1.025);
#1061 = AXIS2_PLACEMENT_3D('',#1062,#1063,#1064);
#1062 = CARTESIAN_POINT('',(17.,1.9,0.));
#1063 = DIRECTION('',(0.,0.,1.));
#1064 = DIRECTION('',(1.,0.,-0.));
#1065 = ORIENTED_EDGE('',*,*,#1049,.F.);
#1066 = ORIENTED_EDGE('',*,*,#1067,.F.);
#1067 = EDGE_CURVE('',#1050,#1050,#1068,.T.);
#1068 = CIRCLE('',#1069,1.025);
#1069 = AXIS2_PLACEMENT_3D('',#1070,#1071,#1072);
#1070 = CARTESIAN_POINT('',(17.,1.9,-1.00000054));
#1071 = DIRECTION('',(0.,0.,1.));
#1072 = DIRECTION('',(1.,0.,-0.));
#1073 = CYLINDRICAL_SURFACE('',#1074,1.025);
#1074 = AXIS2_PLACEMENT_3D('',#1075,#1076,#1077);
#1075 = CARTESIAN_POINT('',(17.,1.9,-1.00000054));
#1076 = DIRECTION('',(-0.,-0.,-1.));
#1077 = DIRECTION('',(1.,0.,-0.));
#1078 = ADVANCED_FACE('',(#1079),#1106,.F.);
#1079 = FACE_BOUND('',#1080,.T.);
#1080 = EDGE_LOOP('',(#1081,#1091,#1098,#1099));
#1081 = ORIENTED_EDGE('',*,*,#1082,.T.);
#1082 = EDGE_CURVE('',#1083,#1085,#1087,.T.);
#1083 = VERTEX_POINT('',#1084);
#1084 = CARTESIAN_POINT('',(21.31,-8.46,-1.00000054));
#1085 = VERTEX_POINT('',#1086);
#1086 = CARTESIAN_POINT('',(21.31,-8.46,0.));
#1087 = LINE('',#1088,#1089);
#1088 = CARTESIAN_POINT('',(21.31,-8.46,-1.00000054));
#1089 = VECTOR('',#1090,1.);
#1090 = DIRECTION('',(0.,0.,1.));
#1091 = ORIENTED_EDGE('',*,*,#1092,.T.);
#1092 = EDGE_CURVE('',#1085,#1085,#1093,.T.);
#1093 = CIRCLE('',#1094,0.31);
#1094 = AXIS2_PLACEMENT_3D('',#1095,#1096,#1097);
#1095 = CARTESIAN_POINT('',(21.,-8.46,0.));
#1096 = DIRECTION('',(0.,0.,1.));
#1097 = DIRECTION('',(1.,0.,-0.));
#1098 = ORIENTED_EDGE('',*,*,#1082,.F.);
#1099 = ORIENTED_EDGE('',*,*,#1100,.F.);
#1100 = EDGE_CURVE('',#1083,#1083,#1101,.T.);
#1101 = CIRCLE('',#1102,0.31);
#1102 = AXIS2_PLACEMENT_3D('',#1103,#1104,#1105);
#1103 = CARTESIAN_POINT('',(21.,-8.46,-1.00000054));
#1104 = DIRECTION('',(0.,0.,1.));
#1105 = DIRECTION('',(1.,0.,-0.));
#1106 = CYLINDRICAL_SURFACE('',#1107,0.31);
#1107 = AXIS2_PLACEMENT_3D('',#1108,#1109,#1110);
#1108 = CARTESIAN_POINT('',(21.,-8.46,-1.00000054));
#1109 = DIRECTION('',(-0.,-0.,-1.));
#1110 = DIRECTION('',(1.,0.,-0.));
#1111 = ADVANCED_FACE('',(#1112),#1139,.F.);
#1112 = FACE_BOUND('',#1113,.T.);
#1113 = EDGE_LOOP('',(#1114,#1124,#1131,#1132));
#1114 = ORIENTED_EDGE('',*,*,#1115,.T.);
#1115 = EDGE_CURVE('',#1116,#1118,#1120,.T.);
#1116 = VERTEX_POINT('',#1117);
#1117 = CARTESIAN_POINT('',(21.31,-7.19,-1.00000054));
#1118 = VERTEX_POINT('',#1119);
#1119 = CARTESIAN_POINT('',(21.31,-7.19,0.));
#1120 = LINE('',#1121,#1122);
#1121 = CARTESIAN_POINT('',(21.31,-7.19,-1.00000054));
#1122 = VECTOR('',#1123,1.);
#1123 = DIRECTION('',(0.,0.,1.));
#1124 = ORIENTED_EDGE('',*,*,#1125,.T.);
#1125 = EDGE_CURVE('',#1118,#1118,#1126,.T.);
#1126 = CIRCLE('',#1127,0.31);
#1127 = AXIS2_PLACEMENT_3D('',#1128,#1129,#1130);
#1128 = CARTESIAN_POINT('',(21.,-7.19,0.));
#1129 = DIRECTION('',(0.,0.,1.));
#1130 = DIRECTION('',(1.,0.,-0.));
#1131 = ORIENTED_EDGE('',*,*,#1115,.F.);
#1132 = ORIENTED_EDGE('',*,*,#1133,.F.);
#1133 = EDGE_CURVE('',#1116,#1116,#1134,.T.);
#1134 = CIRCLE('',#1135,0.31);
#1135 = AXIS2_PLACEMENT_3D('',#1136,#1137,#1138);
#1136 = CARTESIAN_POINT('',(21.,-7.19,-1.00000054));
#1137 = DIRECTION('',(0.,0.,1.));
#1138 = DIRECTION('',(1.,0.,-0.));
#1139 = CYLINDRICAL_SURFACE('',#1140,0.31);
#1140 = AXIS2_PLACEMENT_3D('',#1141,#1142,#1143);
#1141 = CARTESIAN_POINT('',(21.,-7.19,-1.00000054));
#1142 = DIRECTION('',(-0.,-0.,-1.));
#1143 = DIRECTION('',(1.,0.,-0.));
#1144 = ADVANCED_FACE('',(#1145),#1172,.F.);
#1145 = FACE_BOUND('',#1146,.T.);
#1146 = EDGE_LOOP('',(#1147,#1157,#1164,#1165));
#1147 = ORIENTED_EDGE('',*,*,#1148,.T.);
#1148 = EDGE_CURVE('',#1149,#1151,#1153,.T.);
#1149 = VERTEX_POINT('',#1150);
#1150 = CARTESIAN_POINT('',(21.31,-11.,-1.00000054));
#1151 = VERTEX_POINT('',#1152);
#1152 = CARTESIAN_POINT('',(21.31,-11.,0.));
#1153 = LINE('',#1154,#1155);
#1154 = CARTESIAN_POINT('',(21.31,-11.,-1.00000054));
#1155 = VECTOR('',#1156,1.);
#1156 = DIRECTION('',(0.,0.,1.));
#1157 = ORIENTED_EDGE('',*,*,#1158,.T.);
#1158 = EDGE_CURVE('',#1151,#1151,#1159,.T.);
#1159 = CIRCLE('',#1160,0.31);
#1160 = AXIS2_PLACEMENT_3D('',#1161,#1162,#1163);
#1161 = CARTESIAN_POINT('',(21.,-11.,0.));
#1162 = DIRECTION('',(0.,0.,1.));
#1163 = DIRECTION('',(1.,0.,-0.));
#1164 = ORIENTED_EDGE('',*,*,#1148,.F.);
#1165 = ORIENTED_EDGE('',*,*,#1166,.F.);
#1166 = EDGE_CURVE('',#1149,#1149,#1167,.T.);
#1167 = CIRCLE('',#1168,0.31);
#1168 = AXIS2_PLACEMENT_3D('',#1169,#1170,#1171);
#1169 = CARTESIAN_POINT('',(21.,-11.,-1.00000054));
#1170 = DIRECTION('',(0.,0.,1.));
#1171 = DIRECTION('',(1.,0.,-0.));
#1172 = CYLINDRICAL_SURFACE('',#1173,0.31);
#1173 = AXIS2_PLACEMENT_3D('',#1174,#1175,#1176);
#1174 = CARTESIAN_POINT('',(21.,-11.,-1.00000054));
#1175 = DIRECTION('',(-0.,-0.,-1.));
#1176 = DIRECTION('',(1.,0.,-0.));
#1177 = ADVANCED_FACE('',(#1178),#1205,.F.);
#1178 = FACE_BOUND('',#1179,.T.);
#1179 = EDGE_LOOP('',(#1180,#1190,#1197,#1198));
#1180 = ORIENTED_EDGE('',*,*,#1181,.T.);
#1181 = EDGE_CURVE('',#1182,#1184,#1186,.T.);
#1182 = VERTEX_POINT('',#1183);
#1183 = CARTESIAN_POINT('',(21.31,-9.73,-1.00000054));
#1184 = VERTEX_POINT('',#1185);
#1185 = CARTESIAN_POINT('',(21.31,-9.73,0.));
#1186 = LINE('',#1187,#1188);
#1187 = CARTESIAN_POINT('',(21.31,-9.73,-1.00000054));
#1188 = VECTOR('',#1189,1.);
#1189 = DIRECTION('',(0.,0.,1.));
#1190 = ORIENTED_EDGE('',*,*,#1191,.T.);
#1191 = EDGE_CURVE('',#1184,#1184,#1192,.T.);
#1192 = CIRCLE('',#1193,0.31);
#1193 = AXIS2_PLACEMENT_3D('',#1194,#1195,#1196);
#1194 = CARTESIAN_POINT('',(21.,-9.73,0.));
#1195 = DIRECTION('',(0.,0.,1.));
#1196 = DIRECTION('',(1.,0.,-0.));
#1197 = ORIENTED_EDGE('',*,*,#1181,.F.);
#1198 = ORIENTED_EDGE('',*,*,#1199,.F.);
#1199 = EDGE_CURVE('',#1182,#1182,#1200,.T.);
#1200 = CIRCLE('',#1201,0.31);
#1201 = AXIS2_PLACEMENT_3D('',#1202,#1203,#1204);
#1202 = CARTESIAN_POINT('',(21.,-9.73,-1.00000054));
#1203 = DIRECTION('',(0.,0.,1.));
#1204 = DIRECTION('',(1.,0.,-0.));
#1205 = CYLINDRICAL_SURFACE('',#1206,0.31);
#1206 = AXIS2_PLACEMENT_3D('',#1207,#1208,#1209);
#1207 = CARTESIAN_POINT('',(21.,-9.73,-1.00000054));
#1208 = DIRECTION('',(-0.,-0.,-1.));
#1209 = DIRECTION('',(1.,0.,-0.));
#1210 = ADVANCED_FACE('',(#1211),#1238,.F.);
#1211 = FACE_BOUND('',#1212,.T.);
#1212 = EDGE_LOOP('',(#1213,#1223,#1230,#1231));
#1213 = ORIENTED_EDGE('',*,*,#1214,.T.);
#1214 = EDGE_CURVE('',#1215,#1217,#1219,.T.);
#1215 = VERTEX_POINT('',#1216);
#1216 = CARTESIAN_POINT('',(21.31,-2.11,-1.00000054));
#1217 = VERTEX_POINT('',#1218);
#1218 = CARTESIAN_POINT('',(21.31,-2.11,0.));
#1219 = LINE('',#1220,#1221);
#1220 = CARTESIAN_POINT('',(21.31,-2.11,-1.00000054));
#1221 = VECTOR('',#1222,1.);
#1222 = DIRECTION('',(0.,0.,1.));
#1223 = ORIENTED_EDGE('',*,*,#1224,.T.);
#1224 = EDGE_CURVE('',#1217,#1217,#1225,.T.);
#1225 = CIRCLE('',#1226,0.31);
#1226 = AXIS2_PLACEMENT_3D('',#1227,#1228,#1229);
#1227 = CARTESIAN_POINT('',(21.,-2.11,0.));
#1228 = DIRECTION('',(0.,0.,1.));
#1229 = DIRECTION('',(1.,0.,-0.));
#1230 = ORIENTED_EDGE('',*,*,#1214,.F.);
#1231 = ORIENTED_EDGE('',*,*,#1232,.F.);
#1232 = EDGE_CURVE('',#1215,#1215,#1233,.T.);
#1233 = CIRCLE('',#1234,0.31);
#1234 = AXIS2_PLACEMENT_3D('',#1235,#1236,#1237);
#1235 = CARTESIAN_POINT('',(21.,-2.11,-1.00000054));
#1236 = DIRECTION('',(0.,0.,1.));
#1237 = DIRECTION('',(1.,0.,-0.));
#1238 = CYLINDRICAL_SURFACE('',#1239,0.31);
#1239 = AXIS2_PLACEMENT_3D('',#1240,#1241,#1242);
#1240 = CARTESIAN_POINT('',(21.,-2.11,-1.00000054));
#1241 = DIRECTION('',(-0.,-0.,-1.));
#1242 = DIRECTION('',(1.,0.,-0.));
#1243 = ADVANCED_FACE('',(#1244),#1271,.F.);
#1244 = FACE_BOUND('',#1245,.T.);
#1245 = EDGE_LOOP('',(#1246,#1256,#1263,#1264));
#1246 = ORIENTED_EDGE('',*,*,#1247,.T.);
#1247 = EDGE_CURVE('',#1248,#1250,#1252,.T.);
#1248 = VERTEX_POINT('',#1249);
#1249 = CARTESIAN_POINT('',(20.25,1.9,-1.00000054));
#1250 = VERTEX_POINT('',#1251);
#1251 = CARTESIAN_POINT('',(20.25,1.9,0.));
#1252 = LINE('',#1253,#1254);
#1253 = CARTESIAN_POINT('',(20.25,1.9,-1.00000054));
#1254 = VECTOR('',#1255,1.);
#1255 = DIRECTION('',(0.,0.,1.));
#1256 = ORIENTED_EDGE('',*,*,#1257,.T.);
#1257 = EDGE_CURVE('',#1250,#1250,#1258,.T.);
#1258 = CIRCLE('',#1259,0.55);
#1259 = AXIS2_PLACEMENT_3D('',#1260,#1261,#1262);
#1260 = CARTESIAN_POINT('',(19.7,1.9,0.));
#1261 = DIRECTION('',(0.,0.,1.));
#1262 = DIRECTION('',(1.,0.,-0.));
#1263 = ORIENTED_EDGE('',*,*,#1247,.F.);
#1264 = ORIENTED_EDGE('',*,*,#1265,.F.);
#1265 = EDGE_CURVE('',#1248,#1248,#1266,.T.);
#1266 = CIRCLE('',#1267,0.55);
#1267 = AXIS2_PLACEMENT_3D('',#1268,#1269,#1270);
#1268 = CARTESIAN_POINT('',(19.7,1.9,-1.00000054));
#1269 = DIRECTION('',(0.,0.,1.));
#1270 = DIRECTION('',(1.,0.,-0.));
#1271 = CYLINDRICAL_SURFACE('',#1272,0.55);
#1272 = AXIS2_PLACEMENT_3D('',#1273,#1274,#1275);
#1273 = CARTESIAN_POINT('',(19.7,1.9,-1.00000054));
#1274 = DIRECTION('',(-0.,-0.,-1.));
#1275 = DIRECTION('',(1.,0.,-0.));
#1276 = ADVANCED_FACE('',(#1277),#1304,.F.);
#1277 = FACE_BOUND('',#1278,.T.);
#1278 = EDGE_LOOP('',(#1279,#1289,#1296,#1297));
#1279 = ORIENTED_EDGE('',*,*,#1280,.T.);
#1280 = EDGE_CURVE('',#1281,#1283,#1285,.T.);
#1281 = VERTEX_POINT('',#1282);
#1282 = CARTESIAN_POINT('',(21.31,-5.92,-1.00000054));
#1283 = VERTEX_POINT('',#1284);
#1284 = CARTESIAN_POINT('',(21.31,-5.92,0.));
#1285 = LINE('',#1286,#1287);
#1286 = CARTESIAN_POINT('',(21.31,-5.92,-1.00000054));
#1287 = VECTOR('',#1288,1.);
#1288 = DIRECTION('',(0.,0.,1.));
#1289 = ORIENTED_EDGE('',*,*,#1290,.T.);
#1290 = EDGE_CURVE('',#1283,#1283,#1291,.T.);
#1291 = CIRCLE('',#1292,0.31);
#1292 = AXIS2_PLACEMENT_3D('',#1293,#1294,#1295);
#1293 = CARTESIAN_POINT('',(21.,-5.92,0.));
#1294 = DIRECTION('',(0.,0.,1.));
#1295 = DIRECTION('',(1.,0.,-0.));
#1296 = ORIENTED_EDGE('',*,*,#1280,.F.);
#1297 = ORIENTED_EDGE('',*,*,#1298,.F.);
#1298 = EDGE_CURVE('',#1281,#1281,#1299,.T.);
#1299 = CIRCLE('',#1300,0.31);
#1300 = AXIS2_PLACEMENT_3D('',#1301,#1302,#1303);
#1301 = CARTESIAN_POINT('',(21.,-5.92,-1.00000054));
#1302 = DIRECTION('',(0.,0.,1.));
#1303 = DIRECTION('',(1.,0.,-0.));
#1304 = CYLINDRICAL_SURFACE('',#1305,0.31);
#1305 = AXIS2_PLACEMENT_3D('',#1306,#1307,#1308);
#1306 = CARTESIAN_POINT('',(21.,-5.92,-1.00000054));
#1307 = DIRECTION('',(-0.,-0.,-1.));
#1308 = DIRECTION('',(1.,0.,-0.));
#1309 = ADVANCED_FACE('',(#1310),#1337,.F.);
#1310 = FACE_BOUND('',#1311,.T.);
#1311 = EDGE_LOOP('',(#1312,#1322,#1329,#1330));
#1312 = ORIENTED_EDGE('',*,*,#1313,.T.);
#1313 = EDGE_CURVE('',#1314,#1316,#1318,.T.);
#1314 = VERTEX_POINT('',#1315);
#1315 = CARTESIAN_POINT('',(21.31,-3.38,-1.00000054));
#1316 = VERTEX_POINT('',#1317);
#1317 = CARTESIAN_POINT('',(21.31,-3.38,0.));
#1318 = LINE('',#1319,#1320);
#1319 = CARTESIAN_POINT('',(21.31,-3.38,-1.00000054));
#1320 = VECTOR('',#1321,1.);
#1321 = DIRECTION('',(0.,0.,1.));
#1322 = ORIENTED_EDGE('',*,*,#1323,.T.);
#1323 = EDGE_CURVE('',#1316,#1316,#1324,.T.);
#1324 = CIRCLE('',#1325,0.31);
#1325 = AXIS2_PLACEMENT_3D('',#1326,#1327,#1328);
#1326 = CARTESIAN_POINT('',(21.,-3.38,0.));
#1327 = DIRECTION('',(0.,0.,1.));
#1328 = DIRECTION('',(1.,0.,-0.));
#1329 = ORIENTED_EDGE('',*,*,#1313,.F.);
#1330 = ORIENTED_EDGE('',*,*,#1331,.F.);
#1331 = EDGE_CURVE('',#1314,#1314,#1332,.T.);
#1332 = CIRCLE('',#1333,0.31);
#1333 = AXIS2_PLACEMENT_3D('',#1334,#1335,#1336);
#1334 = CARTESIAN_POINT('',(21.,-3.38,-1.00000054));
#1335 = DIRECTION('',(0.,0.,1.));
#1336 = DIRECTION('',(1.,0.,-0.));
#1337 = CYLINDRICAL_SURFACE('',#1338,0.31);
#1338 = AXIS2_PLACEMENT_3D('',#1339,#1340,#1341);
#1339 = CARTESIAN_POINT('',(21.,-3.38,-1.00000054));
#1340 = DIRECTION('',(-0.,-0.,-1.));
#1341 = DIRECTION('',(1.,0.,-0.));
#1342 = ADVANCED_FACE('',(#1343),#1370,.F.);
#1343 = FACE_BOUND('',#1344,.T.);
#1344 = EDGE_LOOP('',(#1345,#1355,#1362,#1363));
#1345 = ORIENTED_EDGE('',*,*,#1346,.T.);
#1346 = EDGE_CURVE('',#1347,#1349,#1351,.T.);
#1347 = VERTEX_POINT('',#1348);
#1348 = CARTESIAN_POINT('',(21.31,-4.65,-1.00000054));
#1349 = VERTEX_POINT('',#1350);
#1350 = CARTESIAN_POINT('',(21.31,-4.65,0.));
#1351 = LINE('',#1352,#1353);
#1352 = CARTESIAN_POINT('',(21.31,-4.65,-1.00000054));
#1353 = VECTOR('',#1354,1.);
#1354 = DIRECTION('',(0.,0.,1.));
#1355 = ORIENTED_EDGE('',*,*,#1356,.T.);
#1356 = EDGE_CURVE('',#1349,#1349,#1357,.T.);
#1357 = CIRCLE('',#1358,0.31);
#1358 = AXIS2_PLACEMENT_3D('',#1359,#1360,#1361);
#1359 = CARTESIAN_POINT('',(21.,-4.65,0.));
#1360 = DIRECTION('',(0.,0.,1.));
#1361 = DIRECTION('',(1.,0.,-0.));
#1362 = ORIENTED_EDGE('',*,*,#1346,.F.);
#1363 = ORIENTED_EDGE('',*,*,#1364,.F.);
#1364 = EDGE_CURVE('',#1347,#1347,#1365,.T.);
#1365 = CIRCLE('',#1366,0.31);
#1366 = AXIS2_PLACEMENT_3D('',#1367,#1368,#1369);
#1367 = CARTESIAN_POINT('',(21.,-4.65,-1.00000054));
#1368 = DIRECTION('',(0.,0.,1.));
#1369 = DIRECTION('',(1.,0.,-0.));
#1370 = CYLINDRICAL_SURFACE('',#1371,0.31);
#1371 = AXIS2_PLACEMENT_3D('',#1372,#1373,#1374);
#1372 = CARTESIAN_POINT('',(21.,-4.65,-1.00000054));
#1373 = DIRECTION('',(-0.,-0.,-1.));
#1374 = DIRECTION('',(1.,0.,-0.));
#1375 = ADVANCED_FACE('',(#1376,#1394,#1400,#1403,#1409,#1415,#1418,
    #1421,#1424,#1427,#1430,#1433,#1436,#1439,#1442,#1445,#1448,#1451),
  #1454,.F.);
#1376 = FACE_BOUND('',#1377,.F.);
#1377 = EDGE_LOOP('',(#1378,#1379,#1380,#1381,#1382,#1383,#1384,#1385,
    #1386,#1387,#1388,#1389,#1390,#1391,#1392,#1393));
#1378 = ORIENTED_EDGE('',*,*,#48,.T.);
#1379 = ORIENTED_EDGE('',*,*,#80,.T.);
#1380 = ORIENTED_EDGE('',*,*,#112,.T.);
#1381 = ORIENTED_EDGE('',*,*,#144,.T.);
#1382 = ORIENTED_EDGE('',*,*,#176,.T.);
#1383 = ORIENTED_EDGE('',*,*,#208,.T.);
#1384 = ORIENTED_EDGE('',*,*,#240,.T.);
#1385 = ORIENTED_EDGE('',*,*,#272,.T.);
#1386 = ORIENTED_EDGE('',*,*,#304,.T.);
#1387 = ORIENTED_EDGE('',*,*,#336,.T.);
#1388 = ORIENTED_EDGE('',*,*,#368,.T.);
#1389 = ORIENTED_EDGE('',*,*,#400,.T.);
#1390 = ORIENTED_EDGE('',*,*,#432,.T.);
#1391 = ORIENTED_EDGE('',*,*,#464,.T.);
#1392 = ORIENTED_EDGE('',*,*,#496,.T.);
#1393 = ORIENTED_EDGE('',*,*,#519,.T.);
#1394 = FACE_BOUND('',#1395,.F.);
#1395 = EDGE_LOOP('',(#1396,#1397,#1398,#1399));
#1396 = ORIENTED_EDGE('',*,*,#560,.F.);
#1397 = ORIENTED_EDGE('',*,*,#592,.F.);
#1398 = ORIENTED_EDGE('',*,*,#624,.F.);
#1399 = ORIENTED_EDGE('',*,*,#647,.F.);
#1400 = FACE_BOUND('',#1401,.F.);
#1401 = EDGE_LOOP('',(#1402));
#1402 = ORIENTED_EDGE('',*,*,#679,.F.);
#1403 = FACE_BOUND('',#1404,.F.);
#1404 = EDGE_LOOP('',(#1405,#1406,#1407,#1408));
#1405 = ORIENTED_EDGE('',*,*,#721,.F.);
#1406 = ORIENTED_EDGE('',*,*,#753,.F.);
#1407 = ORIENTED_EDGE('',*,*,#785,.F.);
#1408 = ORIENTED_EDGE('',*,*,#808,.F.);
#1409 = FACE_BOUND('',#1410,.F.);
#1410 = EDGE_LOOP('',(#1411,#1412,#1413,#1414));
#1411 = ORIENTED_EDGE('',*,*,#849,.F.);
#1412 = ORIENTED_EDGE('',*,*,#881,.F.);
#1413 = ORIENTED_EDGE('',*,*,#913,.F.);
#1414 = ORIENTED_EDGE('',*,*,#936,.F.);
#1415 = FACE_BOUND('',#1416,.F.);
#1416 = EDGE_LOOP('',(#1417));
#1417 = ORIENTED_EDGE('',*,*,#968,.F.);
#1418 = FACE_BOUND('',#1419,.F.);
#1419 = EDGE_LOOP('',(#1420));
#1420 = ORIENTED_EDGE('',*,*,#1001,.F.);
#1421 = FACE_BOUND('',#1422,.F.);
#1422 = EDGE_LOOP('',(#1423));
#1423 = ORIENTED_EDGE('',*,*,#1034,.F.);
#1424 = FACE_BOUND('',#1425,.F.);
#1425 = EDGE_LOOP('',(#1426));
#1426 = ORIENTED_EDGE('',*,*,#1067,.F.);
#1427 = FACE_BOUND('',#1428,.F.);
#1428 = EDGE_LOOP('',(#1429));
#1429 = ORIENTED_EDGE('',*,*,#1100,.F.);
#1430 = FACE_BOUND('',#1431,.F.);
#1431 = EDGE_LOOP('',(#1432));
#1432 = ORIENTED_EDGE('',*,*,#1133,.F.);
#1433 = FACE_BOUND('',#1434,.F.);
#1434 = EDGE_LOOP('',(#1435));
#1435 = ORIENTED_EDGE('',*,*,#1166,.F.);
#1436 = FACE_BOUND('',#1437,.F.);
#1437 = EDGE_LOOP('',(#1438));
#1438 = ORIENTED_EDGE('',*,*,#1199,.F.);
#1439 = FACE_BOUND('',#1440,.F.);
#1440 = EDGE_LOOP('',(#1441));
#1441 = ORIENTED_EDGE('',*,*,#1232,.F.);
#1442 = FACE_BOUND('',#1443,.F.);
#1443 = EDGE_LOOP('',(#1444));
#1444 = ORIENTED_EDGE('',*,*,#1265,.F.);
#1445 = FACE_BOUND('',#1446,.F.);
#1446 = EDGE_LOOP('',(#1447));
#1447 = ORIENTED_EDGE('',*,*,#1298,.F.);
#1448 = FACE_BOUND('',#1449,.F.);
#1449 = EDGE_LOOP('',(#1450));
#1450 = ORIENTED_EDGE('',*,*,#1331,.F.);
#1451 = FACE_BOUND('',#1452,.F.);
#1452 = EDGE_LOOP('',(#1453));
#1453 = ORIENTED_EDGE('',*,*,#1364,.F.);
#1454 = PLANE('',#1455);
#1455 = AXIS2_PLACEMENT_3D('',#1456,#1457,#1458);
#1456 = CARTESIAN_POINT('',(15.626783208727,-4.836189819752,-1.00000054)
  );
#1457 = DIRECTION('',(0.,0.,1.));
#1458 = DIRECTION('',(1.,0.,-0.));
#1459 = ADVANCED_FACE('',(#1460,#1478,#1484,#1487,#1493,#1499,#1502,
    #1505,#1508,#1511,#1514,#1517,#1520,#1523,#1526,#1529,#1532,#1535),
  #1538,.T.);
#1460 = FACE_BOUND('',#1461,.T.);
#1461 = EDGE_LOOP('',(#1462,#1463,#1464,#1465,#1466,#1467,#1468,#1469,
    #1470,#1471,#1472,#1473,#1474,#1475,#1476,#1477));
#1462 = ORIENTED_EDGE('',*,*,#31,.T.);
#1463 = ORIENTED_EDGE('',*,*,#64,.T.);
#1464 = ORIENTED_EDGE('',*,*,#95,.T.);
#1465 = ORIENTED_EDGE('',*,*,#128,.T.);
#1466 = ORIENTED_EDGE('',*,*,#159,.T.);
#1467 = ORIENTED_EDGE('',*,*,#192,.T.);
#1468 = ORIENTED_EDGE('',*,*,#223,.T.);
#1469 = ORIENTED_EDGE('',*,*,#256,.T.);
#1470 = ORIENTED_EDGE('',*,*,#287,.T.);
#1471 = ORIENTED_EDGE('',*,*,#320,.T.);
#1472 = ORIENTED_EDGE('',*,*,#351,.T.);
#1473 = ORIENTED_EDGE('',*,*,#384,.T.);
#1474 = ORIENTED_EDGE('',*,*,#415,.T.);
#1475 = ORIENTED_EDGE('',*,*,#448,.T.);
#1476 = ORIENTED_EDGE('',*,*,#479,.T.);
#1477 = ORIENTED_EDGE('',*,*,#512,.T.);
#1478 = FACE_BOUND('',#1479,.T.);
#1479 = EDGE_LOOP('',(#1480,#1481,#1482,#1483));
#1480 = ORIENTED_EDGE('',*,*,#543,.F.);
#1481 = ORIENTED_EDGE('',*,*,#585,.F.);
#1482 = ORIENTED_EDGE('',*,*,#616,.F.);
#1483 = ORIENTED_EDGE('',*,*,#640,.F.);
#1484 = FACE_BOUND('',#1485,.T.);
#1485 = EDGE_LOOP('',(#1486));
#1486 = ORIENTED_EDGE('',*,*,#671,.F.);
#1487 = FACE_BOUND('',#1488,.T.);
#1488 = EDGE_LOOP('',(#1489,#1490,#1491,#1492));
#1489 = ORIENTED_EDGE('',*,*,#704,.F.);
#1490 = ORIENTED_EDGE('',*,*,#746,.F.);
#1491 = ORIENTED_EDGE('',*,*,#777,.F.);
#1492 = ORIENTED_EDGE('',*,*,#801,.F.);
#1493 = FACE_BOUND('',#1494,.T.);
#1494 = EDGE_LOOP('',(#1495,#1496,#1497,#1498));
#1495 = ORIENTED_EDGE('',*,*,#832,.F.);
#1496 = ORIENTED_EDGE('',*,*,#874,.F.);
#1497 = ORIENTED_EDGE('',*,*,#905,.F.);
#1498 = ORIENTED_EDGE('',*,*,#929,.F.);
#1499 = FACE_BOUND('',#1500,.T.);
#1500 = EDGE_LOOP('',(#1501));
#1501 = ORIENTED_EDGE('',*,*,#960,.F.);
#1502 = FACE_BOUND('',#1503,.T.);
#1503 = EDGE_LOOP('',(#1504));
#1504 = ORIENTED_EDGE('',*,*,#993,.F.);
#1505 = FACE_BOUND('',#1506,.T.);
#1506 = EDGE_LOOP('',(#1507));
#1507 = ORIENTED_EDGE('',*,*,#1026,.F.);
#1508 = FACE_BOUND('',#1509,.T.);
#1509 = EDGE_LOOP('',(#1510));
#1510 = ORIENTED_EDGE('',*,*,#1059,.F.);
#1511 = FACE_BOUND('',#1512,.T.);
#1512 = EDGE_LOOP('',(#1513));
#1513 = ORIENTED_EDGE('',*,*,#1092,.F.);
#1514 = FACE_BOUND('',#1515,.T.);
#1515 = EDGE_LOOP('',(#1516));
#1516 = ORIENTED_EDGE('',*,*,#1125,.F.);
#1517 = FACE_BOUND('',#1518,.T.);
#1518 = EDGE_LOOP('',(#1519));
#1519 = ORIENTED_EDGE('',*,*,#1158,.F.);
#1520 = FACE_BOUND('',#1521,.T.);
#1521 = EDGE_LOOP('',(#1522));
#1522 = ORIENTED_EDGE('',*,*,#1191,.F.);
#1523 = FACE_BOUND('',#1524,.T.);
#1524 = EDGE_LOOP('',(#1525));
#1525 = ORIENTED_EDGE('',*,*,#1224,.F.);
#1526 = FACE_BOUND('',#1527,.T.);
#1527 = EDGE_LOOP('',(#1528));
#1528 = ORIENTED_EDGE('',*,*,#1257,.F.);
#1529 = FACE_BOUND('',#1530,.T.);
#1530 = EDGE_LOOP('',(#1531));
#1531 = ORIENTED_EDGE('',*,*,#1290,.F.);
#1532 = FACE_BOUND('',#1533,.T.);
#1533 = EDGE_LOOP('',(#1534));
#1534 = ORIENTED_EDGE('',*,*,#1323,.F.);
#1535 = FACE_BOUND('',#1536,.T.);
#1536 = EDGE_LOOP('',(#1537));
#1537 = ORIENTED_EDGE('',*,*,#1356,.F.);
#1538 = PLANE('',#1539);
#1539 = AXIS2_PLACEMENT_3D('',#1540,#1541,#1542);
#1540 = CARTESIAN_POINT('',(15.626783208727,-4.836189819752,0.));
#1541 = DIRECTION('',(0.,0.,1.));
#1542 = DIRECTION('',(1.,0.,-0.));
#1543 = ( GEOMETRIC_REPRESENTATION_CONTEXT(3) 
GLOBAL_UNCERTAINTY_ASSIGNED_CONTEXT((#1547)) 
GLOBAL_UNIT_ASSIGNED_CONTEXT((#1544,#1545,#1546)) REPRESENTATION_CONTEXT
('Context #1','3D Context with UNIT and UNCERTAINTY') );
#1544 = ( LENGTH_UNIT() NAMED_UNIT(*) SI_UNIT(.MILLI.,.METRE.) );
#1545 = ( NAMED_UNIT(*) PLANE_ANGLE_UNIT() SI_UNIT($,.RADIAN.) );
#1546 = ( NAMED_UNIT(*) SI_UNIT($,.STERADIAN.) SOLID_ANGLE_UNIT() );
#1547 = UNCERTAINTY_MEASURE_WITH_UNIT(LENGTH_MEASURE(1.E-07),#1544,
  'distance_accuracy_value','confusion accuracy');
#1548 = PRODUCT_RELATED_PRODUCT_CATEGORY('part',$,(#7));
#1549 = SHAPE_DEFINITION_REPRESENTATION(#1550,#1556);
#1550 = PRODUCT_DEFINITION_SHAPE('','',#1551);
#1551 = PRODUCT_DEFINITION('design','',#1552,#1555);
#1552 = PRODUCT_DEFINITION_FORMATION('','',#1553);
#1553 = PRODUCT('Open CASCADE STEP translator 7.5 38',
  'Open CASCADE STEP translator 7.5 38','',(#1554));
#1554 = PRODUCT_CONTEXT('',#2,'mechanical');
#1555 = PRODUCT_DEFINITION_CONTEXT('part definition',#2,'design');
#1556 = ADVANCED_BREP_SHAPE_REPRESENTATION('',(#11,#1557),#3880);
#1557 = MANIFOLD_SOLID_BREP('',#1558);
#1558 = CLOSED_SHELL('',(#1559,#1601,#1643,#1685,#1727,#1769,#1811,#1853
    ,#1895,#1937,#1977,#2002,#2026,#2051,#2068,#2101,#2123,#2166,#2191,
    #2226,#2243,#2260,#2293,#2315,#2358,#2383,#2418,#2435,#2452,#2485,
    #2533,#2550,#2575,#2599,#2627,#2644,#2684,#2715,#2755,#2786,#2826,
    #2857,#2897,#2928,#2968,#2999,#3039,#3070,#3094,#3118,#3158,#3189,
    #3220,#3242,#3254,#3294,#3334,#3365,#3396,#3413,#3444,#3475,#3492,
    #3523,#3545,#3573,#3595,#3626,#3666,#3726,#3759,#3812,#3830,#3848));
#1559 = ADVANCED_FACE('',(#1560),#1596,.F.);
#1560 = FACE_BOUND('',#1561,.F.);
#1561 = EDGE_LOOP('',(#1562,#1572,#1581,#1589));
#1562 = ORIENTED_EDGE('',*,*,#1563,.T.);
#1563 = EDGE_CURVE('',#1564,#1566,#1568,.T.);
#1564 = VERTEX_POINT('',#1565);
#1565 = CARTESIAN_POINT('',(14.12500213623,-3.775000244141,
    2.624998748302));
#1566 = VERTEX_POINT('',#1567);
#1567 = CARTESIAN_POINT('',(19.87500213623,-3.775000244141,
    2.624998748302));
#1568 = LINE('',#1569,#1570);
#1569 = CARTESIAN_POINT('',(14.12500213623,-3.775000244141,
    2.624998748302));
#1570 = VECTOR('',#1571,1.);
#1571 = DIRECTION('',(1.,0.,0.));
#1572 = ORIENTED_EDGE('',*,*,#1573,.T.);
#1573 = EDGE_CURVE('',#1566,#1574,#1576,.T.);
#1574 = VERTEX_POINT('',#1575);
#1575 = CARTESIAN_POINT('',(19.87500213623,-3.775000244141,
    0.624998748302));
#1576 = CIRCLE('',#1577,1.);
#1577 = AXIS2_PLACEMENT_3D('',#1578,#1579,#1580);
#1578 = CARTESIAN_POINT('',(19.87500213623,-3.775000244141,
    1.624998748302));
#1579 = DIRECTION('',(-1.,0.,0.));
#1580 = DIRECTION('',(0.,0.,1.));
#1581 = ORIENTED_EDGE('',*,*,#1582,.F.);
#1582 = EDGE_CURVE('',#1583,#1574,#1585,.T.);
#1583 = VERTEX_POINT('',#1584);
#1584 = CARTESIAN_POINT('',(14.12500213623,-3.775000244141,
    0.624998748302));
#1585 = LINE('',#1586,#1587);
#1586 = CARTESIAN_POINT('',(14.12500213623,-3.775000244141,
    0.624998748302));
#1587 = VECTOR('',#1588,1.);
#1588 = DIRECTION('',(1.,0.,0.));
#1589 = ORIENTED_EDGE('',*,*,#1590,.T.);
#1590 = EDGE_CURVE('',#1583,#1564,#1591,.T.);
#1591 = CIRCLE('',#1592,1.);
#1592 = AXIS2_PLACEMENT_3D('',#1593,#1594,#1595);
#1593 = CARTESIAN_POINT('',(14.12500213623,-3.775000244141,
    1.624998748302));
#1594 = DIRECTION('',(1.,0.,-0.));
#1595 = DIRECTION('',(0.,0.,1.));
#1596 = CYLINDRICAL_SURFACE('',#1597,1.);
#1597 = AXIS2_PLACEMENT_3D('',#1598,#1599,#1600);
#1598 = CARTESIAN_POINT('',(14.12500213623,-3.775000244141,
    1.624998748302));
#1599 = DIRECTION('',(1.,0.,0.));
#1600 = DIRECTION('',(0.,0.,1.));
#1601 = ADVANCED_FACE('',(#1602),#1638,.F.);
#1602 = FACE_BOUND('',#1603,.F.);
#1603 = EDGE_LOOP('',(#1604,#1614,#1623,#1631));
#1604 = ORIENTED_EDGE('',*,*,#1605,.T.);
#1605 = EDGE_CURVE('',#1606,#1608,#1610,.T.);
#1606 = VERTEX_POINT('',#1607);
#1607 = CARTESIAN_POINT('',(14.12500213623,-10.27500022551,
    2.624998748302));
#1608 = VERTEX_POINT('',#1609);
#1609 = CARTESIAN_POINT('',(19.87500213623,-10.27500022551,
    2.624998748302));
#1610 = LINE('',#1611,#1612);
#1611 = CARTESIAN_POINT('',(14.12500213623,-10.27500022551,
    2.624998748302));
#1612 = VECTOR('',#1613,1.);
#1613 = DIRECTION('',(1.,0.,0.));
#1614 = ORIENTED_EDGE('',*,*,#1615,.T.);
#1615 = EDGE_CURVE('',#1608,#1616,#1618,.T.);
#1616 = VERTEX_POINT('',#1617);
#1617 = CARTESIAN_POINT('',(19.87500213623,-10.27500022551,
    0.624998748302));
#1618 = CIRCLE('',#1619,1.);
#1619 = AXIS2_PLACEMENT_3D('',#1620,#1621,#1622);
#1620 = CARTESIAN_POINT('',(19.87500213623,-10.27500022551,
    1.624998748302));
#1621 = DIRECTION('',(-1.,0.,0.));
#1622 = DIRECTION('',(0.,0.,1.));
#1623 = ORIENTED_EDGE('',*,*,#1624,.F.);
#1624 = EDGE_CURVE('',#1625,#1616,#1627,.T.);
#1625 = VERTEX_POINT('',#1626);
#1626 = CARTESIAN_POINT('',(14.12500213623,-10.27500022551,
    0.624998748302));
#1627 = LINE('',#1628,#1629);
#1628 = CARTESIAN_POINT('',(14.12500213623,-10.27500022551,
    0.624998748302));
#1629 = VECTOR('',#1630,1.);
#1630 = DIRECTION('',(1.,0.,0.));
#1631 = ORIENTED_EDGE('',*,*,#1632,.T.);
#1632 = EDGE_CURVE('',#1625,#1606,#1633,.T.);
#1633 = CIRCLE('',#1634,1.);
#1634 = AXIS2_PLACEMENT_3D('',#1635,#1636,#1637);
#1635 = CARTESIAN_POINT('',(14.12500213623,-10.27500022551,
    1.624998748302));
#1636 = DIRECTION('',(1.,0.,-0.));
#1637 = DIRECTION('',(0.,0.,1.));
#1638 = CYLINDRICAL_SURFACE('',#1639,1.);
#1639 = AXIS2_PLACEMENT_3D('',#1640,#1641,#1642);
#1640 = CARTESIAN_POINT('',(14.12500213623,-10.27500022551,
    1.624998748302));
#1641 = DIRECTION('',(1.,0.,0.));
#1642 = DIRECTION('',(0.,0.,1.));
#1643 = ADVANCED_FACE('',(#1644),#1680,.T.);
#1644 = FACE_BOUND('',#1645,.T.);
#1645 = EDGE_LOOP('',(#1646,#1657,#1665,#1674));
#1646 = ORIENTED_EDGE('',*,*,#1647,.T.);
#1647 = EDGE_CURVE('',#1648,#1650,#1652,.T.);
#1648 = VERTEX_POINT('',#1649);
#1649 = CARTESIAN_POINT('',(16.825002075881,-11.72500024414,
    -3.000001251698));
#1650 = VERTEX_POINT('',#1651);
#1651 = CARTESIAN_POINT('',(16.825002075881,-11.54822354884,
    -2.926777946994));
#1652 = CIRCLE('',#1653,0.25);
#1653 = AXIS2_PLACEMENT_3D('',#1654,#1655,#1656);
#1654 = CARTESIAN_POINT('',(16.825002075881,-11.72500024414,
    -2.750001251698));
#1655 = DIRECTION('',(1.,-0.,0.));
#1656 = DIRECTION('',(0.,0.707106781187,-0.707106781187));
#1657 = ORIENTED_EDGE('',*,*,#1658,.T.);
#1658 = EDGE_CURVE('',#1650,#1659,#1661,.T.);
#1659 = VERTEX_POINT('',#1660);
#1660 = CARTESIAN_POINT('',(17.17500213623,-11.54822354884,
    -2.926777946994));
#1661 = LINE('',#1662,#1663);
#1662 = CARTESIAN_POINT('',(16.912502090968,-11.54822354884,
    -2.926777946994));
#1663 = VECTOR('',#1664,1.);
#1664 = DIRECTION('',(1.,0.,0.));
#1665 = ORIENTED_EDGE('',*,*,#1666,.T.);
#1666 = EDGE_CURVE('',#1659,#1667,#1669,.T.);
#1667 = VERTEX_POINT('',#1668);
#1668 = CARTESIAN_POINT('',(17.17500213623,-11.72500024414,
    -3.000001251698));
#1669 = CIRCLE('',#1670,0.25);
#1670 = AXIS2_PLACEMENT_3D('',#1671,#1672,#1673);
#1671 = CARTESIAN_POINT('',(17.17500213623,-11.72500024414,
    -2.750001251698));
#1672 = DIRECTION('',(-1.,0.,0.));
#1673 = DIRECTION('',(0.,0.707106781187,-0.707106781187));
#1674 = ORIENTED_EDGE('',*,*,#1675,.T.);
#1675 = EDGE_CURVE('',#1667,#1648,#1676,.T.);
#1676 = LINE('',#1677,#1678);
#1677 = CARTESIAN_POINT('',(16.912502090968,-11.72500024414,
    -3.000001251698));
#1678 = VECTOR('',#1679,1.);
#1679 = DIRECTION('',(-1.,0.,0.));
#1680 = CYLINDRICAL_SURFACE('',#1681,0.25);
#1681 = AXIS2_PLACEMENT_3D('',#1682,#1683,#1684);
#1682 = CARTESIAN_POINT('',(16.912502090968,-11.72500024414,
    -2.750001251698));
#1683 = DIRECTION('',(1.,0.,0.));
#1684 = DIRECTION('',(0.,0.707106781187,-0.707106781187));
#1685 = ADVANCED_FACE('',(#1686),#1722,.T.);
#1686 = FACE_BOUND('',#1687,.T.);
#1687 = EDGE_LOOP('',(#1688,#1699,#1707,#1716));
#1688 = ORIENTED_EDGE('',*,*,#1689,.T.);
#1689 = EDGE_CURVE('',#1690,#1692,#1694,.T.);
#1690 = VERTEX_POINT('',#1691);
#1691 = CARTESIAN_POINT('',(17.17500213623,-12.12500024414,
    -3.000001251698));
#1692 = VERTEX_POINT('',#1693);
#1693 = CARTESIAN_POINT('',(17.17500213623,-12.30177693943,
    -2.926777946994));
#1694 = CIRCLE('',#1695,0.25);
#1695 = AXIS2_PLACEMENT_3D('',#1696,#1697,#1698);
#1696 = CARTESIAN_POINT('',(17.17500213623,-12.12500024414,
    -2.750001251698));
#1697 = DIRECTION('',(-1.,0.,0.));
#1698 = DIRECTION('',(-0.,-0.707106781187,-0.707106781187));
#1699 = ORIENTED_EDGE('',*,*,#1700,.T.);
#1700 = EDGE_CURVE('',#1692,#1701,#1703,.T.);
#1701 = VERTEX_POINT('',#1702);
#1702 = CARTESIAN_POINT('',(16.825002075881,-12.30177693943,
    -2.926777946994));
#1703 = LINE('',#1704,#1705);
#1704 = CARTESIAN_POINT('',(17.087502121143,-12.30177693943,
    -2.926777946994));
#1705 = VECTOR('',#1706,1.);
#1706 = DIRECTION('',(-1.,0.,0.));
#1707 = ORIENTED_EDGE('',*,*,#1708,.T.);
#1708 = EDGE_CURVE('',#1701,#1709,#1711,.T.);
#1709 = VERTEX_POINT('',#1710);
#1710 = CARTESIAN_POINT('',(16.825002075881,-12.12500024414,
    -3.000001251698));
#1711 = CIRCLE('',#1712,0.25);
#1712 = AXIS2_PLACEMENT_3D('',#1713,#1714,#1715);
#1713 = CARTESIAN_POINT('',(16.825002075881,-12.12500024414,
    -2.750001251698));
#1714 = DIRECTION('',(1.,0.,0.));
#1715 = DIRECTION('',(0.,-0.707106781187,-0.707106781187));
#1716 = ORIENTED_EDGE('',*,*,#1717,.T.);
#1717 = EDGE_CURVE('',#1709,#1690,#1718,.T.);
#1718 = LINE('',#1719,#1720);
#1719 = CARTESIAN_POINT('',(17.087502121143,-12.12500024414,
    -3.000001251698));
#1720 = VECTOR('',#1721,1.);
#1721 = DIRECTION('',(1.,0.,0.));
#1722 = CYLINDRICAL_SURFACE('',#1723,0.25);
#1723 = AXIS2_PLACEMENT_3D('',#1724,#1725,#1726);
#1724 = CARTESIAN_POINT('',(17.087502121143,-12.12500024414,
    -2.750001251698));
#1725 = DIRECTION('',(-1.,0.,0.));
#1726 = DIRECTION('',(-0.,-0.707106781187,-0.707106781187));
#1727 = ADVANCED_FACE('',(#1728),#1764,.T.);
#1728 = FACE_BOUND('',#1729,.T.);
#1729 = EDGE_LOOP('',(#1730,#1741,#1749,#1758));
#1730 = ORIENTED_EDGE('',*,*,#1731,.T.);
#1731 = EDGE_CURVE('',#1732,#1734,#1736,.T.);
#1732 = VERTEX_POINT('',#1733);
#1733 = CARTESIAN_POINT('',(16.82500213623,-1.925000244141,
    -3.000001251698));
#1734 = VERTEX_POINT('',#1735);
#1735 = CARTESIAN_POINT('',(16.82500213623,-1.748223548844,
    -2.926777946994));
#1736 = CIRCLE('',#1737,0.25);
#1737 = AXIS2_PLACEMENT_3D('',#1738,#1739,#1740);
#1738 = CARTESIAN_POINT('',(16.82500213623,-1.925000244141,
    -2.750001251698));
#1739 = DIRECTION('',(1.,-0.,0.));
#1740 = DIRECTION('',(0.,0.707106781187,-0.707106781187));
#1741 = ORIENTED_EDGE('',*,*,#1742,.T.);
#1742 = EDGE_CURVE('',#1734,#1743,#1745,.T.);
#1743 = VERTEX_POINT('',#1744);
#1744 = CARTESIAN_POINT('',(17.17500213623,-1.748223548844,
    -2.926777946994));
#1745 = LINE('',#1746,#1747);
#1746 = CARTESIAN_POINT('',(16.91250213623,-1.748223548844,
    -2.926777946994));
#1747 = VECTOR('',#1748,1.);
#1748 = DIRECTION('',(1.,0.,0.));
#1749 = ORIENTED_EDGE('',*,*,#1750,.T.);
#1750 = EDGE_CURVE('',#1743,#1751,#1753,.T.);
#1751 = VERTEX_POINT('',#1752);
#1752 = CARTESIAN_POINT('',(17.17500213623,-1.925000244141,
    -3.000001251698));
#1753 = CIRCLE('',#1754,0.25);
#1754 = AXIS2_PLACEMENT_3D('',#1755,#1756,#1757);
#1755 = CARTESIAN_POINT('',(17.17500213623,-1.925000244141,
    -2.750001251698));
#1756 = DIRECTION('',(-1.,0.,0.));
#1757 = DIRECTION('',(0.,0.707106781187,-0.707106781187));
#1758 = ORIENTED_EDGE('',*,*,#1759,.T.);
#1759 = EDGE_CURVE('',#1751,#1732,#1760,.T.);
#1760 = LINE('',#1761,#1762);
#1761 = CARTESIAN_POINT('',(16.91250213623,-1.925000244141,
    -3.000001251698));
#1762 = VECTOR('',#1763,1.);
#1763 = DIRECTION('',(-1.,0.,0.));
#1764 = CYLINDRICAL_SURFACE('',#1765,0.25);
#1765 = AXIS2_PLACEMENT_3D('',#1766,#1767,#1768);
#1766 = CARTESIAN_POINT('',(16.91250213623,-1.925000244141,
    -2.750001251698));
#1767 = DIRECTION('',(1.,0.,0.));
#1768 = DIRECTION('',(0.,0.707106781187,-0.707106781187));
#1769 = ADVANCED_FACE('',(#1770),#1806,.T.);
#1770 = FACE_BOUND('',#1771,.T.);
#1771 = EDGE_LOOP('',(#1772,#1783,#1791,#1800));
#1772 = ORIENTED_EDGE('',*,*,#1773,.T.);
#1773 = EDGE_CURVE('',#1774,#1776,#1778,.T.);
#1774 = VERTEX_POINT('',#1775);
#1775 = CARTESIAN_POINT('',(17.17500213623,-2.325000244141,
    -3.000001251698));
#1776 = VERTEX_POINT('',#1777);
#1777 = CARTESIAN_POINT('',(17.17500213623,-2.501776939437,
    -2.926777946994));
#1778 = CIRCLE('',#1779,0.25);
#1779 = AXIS2_PLACEMENT_3D('',#1780,#1781,#1782);
#1780 = CARTESIAN_POINT('',(17.17500213623,-2.325000244141,
    -2.750001251698));
#1781 = DIRECTION('',(-1.,0.,0.));
#1782 = DIRECTION('',(-0.,-0.707106781187,-0.707106781187));
#1783 = ORIENTED_EDGE('',*,*,#1784,.T.);
#1784 = EDGE_CURVE('',#1776,#1785,#1787,.T.);
#1785 = VERTEX_POINT('',#1786);
#1786 = CARTESIAN_POINT('',(16.82500213623,-2.501776939437,
    -2.926777946994));
#1787 = LINE('',#1788,#1789);
#1788 = CARTESIAN_POINT('',(17.08750213623,-2.501776939437,
    -2.926777946994));
#1789 = VECTOR('',#1790,1.);
#1790 = DIRECTION('',(-1.,0.,0.));
#1791 = ORIENTED_EDGE('',*,*,#1792,.T.);
#1792 = EDGE_CURVE('',#1785,#1793,#1795,.T.);
#1793 = VERTEX_POINT('',#1794);
#1794 = CARTESIAN_POINT('',(16.82500213623,-2.325000244141,
    -3.000001251698));
#1795 = CIRCLE('',#1796,0.25);
#1796 = AXIS2_PLACEMENT_3D('',#1797,#1798,#1799);
#1797 = CARTESIAN_POINT('',(16.82500213623,-2.325000244141,
    -2.750001251698));
#1798 = DIRECTION('',(1.,0.,0.));
#1799 = DIRECTION('',(0.,-0.707106781187,-0.707106781187));
#1800 = ORIENTED_EDGE('',*,*,#1801,.T.);
#1801 = EDGE_CURVE('',#1793,#1774,#1802,.T.);
#1802 = LINE('',#1803,#1804);
#1803 = CARTESIAN_POINT('',(17.08750213623,-2.325000244141,
    -3.000001251698));
#1804 = VECTOR('',#1805,1.);
#1805 = DIRECTION('',(1.,0.,0.));
#1806 = CYLINDRICAL_SURFACE('',#1807,0.25);
#1807 = AXIS2_PLACEMENT_3D('',#1808,#1809,#1810);
#1808 = CARTESIAN_POINT('',(17.08750213623,-2.325000244141,
    -2.750001251698));
#1809 = DIRECTION('',(-1.,0.,0.));
#1810 = DIRECTION('',(-0.,-0.707106781187,-0.707106781187));
#1811 = ADVANCED_FACE('',(#1812),#1848,.T.);
#1812 = FACE_BOUND('',#1813,.T.);
#1813 = EDGE_LOOP('',(#1814,#1825,#1833,#1842));
#1814 = ORIENTED_EDGE('',*,*,#1815,.T.);
#1815 = EDGE_CURVE('',#1816,#1818,#1820,.T.);
#1816 = VERTEX_POINT('',#1817);
#1817 = CARTESIAN_POINT('',(16.82500213623,-6.825000244141,
    -3.000001251698));
#1818 = VERTEX_POINT('',#1819);
#1819 = CARTESIAN_POINT('',(16.82500213623,-6.648223548844,
    -2.926777946994));
#1820 = CIRCLE('',#1821,0.25);
#1821 = AXIS2_PLACEMENT_3D('',#1822,#1823,#1824);
#1822 = CARTESIAN_POINT('',(16.82500213623,-6.825000244141,
    -2.750001251698));
#1823 = DIRECTION('',(1.,-0.,0.));
#1824 = DIRECTION('',(0.,0.707106781187,-0.707106781187));
#1825 = ORIENTED_EDGE('',*,*,#1826,.T.);
#1826 = EDGE_CURVE('',#1818,#1827,#1829,.T.);
#1827 = VERTEX_POINT('',#1828);
#1828 = CARTESIAN_POINT('',(17.17500213623,-6.648223548844,
    -2.926777946994));
#1829 = LINE('',#1830,#1831);
#1830 = CARTESIAN_POINT('',(16.91250213623,-6.648223548844,
    -2.926777946994));
#1831 = VECTOR('',#1832,1.);
#1832 = DIRECTION('',(1.,0.,0.));
#1833 = ORIENTED_EDGE('',*,*,#1834,.T.);
#1834 = EDGE_CURVE('',#1827,#1835,#1837,.T.);
#1835 = VERTEX_POINT('',#1836);
#1836 = CARTESIAN_POINT('',(17.17500213623,-6.825000244141,
    -3.000001251698));
#1837 = CIRCLE('',#1838,0.25);
#1838 = AXIS2_PLACEMENT_3D('',#1839,#1840,#1841);
#1839 = CARTESIAN_POINT('',(17.17500213623,-6.825000244141,
    -2.750001251698));
#1840 = DIRECTION('',(-1.,0.,0.));
#1841 = DIRECTION('',(0.,0.707106781187,-0.707106781187));
#1842 = ORIENTED_EDGE('',*,*,#1843,.T.);
#1843 = EDGE_CURVE('',#1835,#1816,#1844,.T.);
#1844 = LINE('',#1845,#1846);
#1845 = CARTESIAN_POINT('',(16.91250213623,-6.825000244141,
    -3.000001251698));
#1846 = VECTOR('',#1847,1.);
#1847 = DIRECTION('',(-1.,0.,0.));
#1848 = CYLINDRICAL_SURFACE('',#1849,0.25);
#1849 = AXIS2_PLACEMENT_3D('',#1850,#1851,#1852);
#1850 = CARTESIAN_POINT('',(16.91250213623,-6.825000244141,
    -2.750001251698));
#1851 = DIRECTION('',(1.,0.,0.));
#1852 = DIRECTION('',(0.,0.707106781187,-0.707106781187));
#1853 = ADVANCED_FACE('',(#1854),#1890,.T.);
#1854 = FACE_BOUND('',#1855,.T.);
#1855 = EDGE_LOOP('',(#1856,#1867,#1875,#1884));
#1856 = ORIENTED_EDGE('',*,*,#1857,.T.);
#1857 = EDGE_CURVE('',#1858,#1860,#1862,.T.);
#1858 = VERTEX_POINT('',#1859);
#1859 = CARTESIAN_POINT('',(17.17500213623,-7.225000244141,
    -3.000001251698));
#1860 = VERTEX_POINT('',#1861);
#1861 = CARTESIAN_POINT('',(17.17500213623,-7.401776939437,
    -2.926777946994));
#1862 = CIRCLE('',#1863,0.25);
#1863 = AXIS2_PLACEMENT_3D('',#1864,#1865,#1866);
#1864 = CARTESIAN_POINT('',(17.17500213623,-7.225000244141,
    -2.750001251698));
#1865 = DIRECTION('',(-1.,0.,0.));
#1866 = DIRECTION('',(-0.,-0.707106781187,-0.707106781187));
#1867 = ORIENTED_EDGE('',*,*,#1868,.T.);
#1868 = EDGE_CURVE('',#1860,#1869,#1871,.T.);
#1869 = VERTEX_POINT('',#1870);
#1870 = CARTESIAN_POINT('',(16.82500213623,-7.401776939437,
    -2.926777946994));
#1871 = LINE('',#1872,#1873);
#1872 = CARTESIAN_POINT('',(17.08750213623,-7.401776939437,
    -2.926777946994));
#1873 = VECTOR('',#1874,1.);
#1874 = DIRECTION('',(-1.,0.,0.));
#1875 = ORIENTED_EDGE('',*,*,#1876,.T.);
#1876 = EDGE_CURVE('',#1869,#1877,#1879,.T.);
#1877 = VERTEX_POINT('',#1878);
#1878 = CARTESIAN_POINT('',(16.82500213623,-7.225000244141,
    -3.000001251698));
#1879 = CIRCLE('',#1880,0.25);
#1880 = AXIS2_PLACEMENT_3D('',#1881,#1882,#1883);
#1881 = CARTESIAN_POINT('',(16.82500213623,-7.225000244141,
    -2.750001251698));
#1882 = DIRECTION('',(1.,0.,0.));
#1883 = DIRECTION('',(0.,-0.707106781187,-0.707106781187));
#1884 = ORIENTED_EDGE('',*,*,#1885,.T.);
#1885 = EDGE_CURVE('',#1877,#1858,#1886,.T.);
#1886 = LINE('',#1887,#1888);
#1887 = CARTESIAN_POINT('',(17.08750213623,-7.225000244141,
    -3.000001251698));
#1888 = VECTOR('',#1889,1.);
#1889 = DIRECTION('',(1.,0.,0.));
#1890 = CYLINDRICAL_SURFACE('',#1891,0.25);
#1891 = AXIS2_PLACEMENT_3D('',#1892,#1893,#1894);
#1892 = CARTESIAN_POINT('',(17.08750213623,-7.225000244141,
    -2.750001251698));
#1893 = DIRECTION('',(-1.,0.,0.));
#1894 = DIRECTION('',(-0.,-0.707106781187,-0.707106781187));
#1895 = ADVANCED_FACE('',(#1896),#1932,.T.);
#1896 = FACE_BOUND('',#1897,.T.);
#1897 = EDGE_LOOP('',(#1898,#1909,#1917,#1926));
#1898 = ORIENTED_EDGE('',*,*,#1899,.T.);
#1899 = EDGE_CURVE('',#1900,#1902,#1904,.T.);
#1900 = VERTEX_POINT('',#1901);
#1901 = CARTESIAN_POINT('',(15.62500213623,-4.400000244141,
    6.624998748302));
#1902 = VERTEX_POINT('',#1903);
#1903 = CARTESIAN_POINT('',(15.62500213623,-5.466941982382,
    7.066940486544));
#1904 = CIRCLE('',#1905,0.625);
#1905 = AXIS2_PLACEMENT_3D('',#1906,#1907,#1908);
#1906 = CARTESIAN_POINT('',(15.62500213623,-5.025000244141,
    6.624998748302));
#1907 = DIRECTION('',(1.,0.,0.));
#1908 = DIRECTION('',(0.,-0.707106781187,0.707106781187));
#1909 = ORIENTED_EDGE('',*,*,#1910,.T.);
#1910 = EDGE_CURVE('',#1902,#1911,#1913,.T.);
#1911 = VERTEX_POINT('',#1912);
#1912 = CARTESIAN_POINT('',(18.37500213623,-5.466941982382,
    7.066940486544));
#1913 = LINE('',#1914,#1915);
#1914 = CARTESIAN_POINT('',(16.31250213623,-5.466941982382,
    7.066940486544));
#1915 = VECTOR('',#1916,1.);
#1916 = DIRECTION('',(1.,0.,0.));
#1917 = ORIENTED_EDGE('',*,*,#1918,.T.);
#1918 = EDGE_CURVE('',#1911,#1919,#1921,.T.);
#1919 = VERTEX_POINT('',#1920);
#1920 = CARTESIAN_POINT('',(18.37500213623,-4.400000244141,
    6.624998748302));
#1921 = CIRCLE('',#1922,0.625);
#1922 = AXIS2_PLACEMENT_3D('',#1923,#1924,#1925);
#1923 = CARTESIAN_POINT('',(18.37500213623,-5.025000244141,
    6.624998748302));
#1924 = DIRECTION('',(-1.,0.,0.));
#1925 = DIRECTION('',(0.,0.707106781187,0.707106781187));
#1926 = ORIENTED_EDGE('',*,*,#1927,.T.);
#1927 = EDGE_CURVE('',#1919,#1900,#1928,.T.);
#1928 = LINE('',#1929,#1930);
#1929 = CARTESIAN_POINT('',(17.68750213623,-4.400000244141,
    6.624998748302));
#1930 = VECTOR('',#1931,1.);
#1931 = DIRECTION('',(-1.,0.,0.));
#1932 = CYLINDRICAL_SURFACE('',#1933,0.625);
#1933 = AXIS2_PLACEMENT_3D('',#1934,#1935,#1936);
#1934 = CARTESIAN_POINT('',(16.31250213623,-5.025000244141,
    6.624998748302));
#1935 = DIRECTION('',(1.,0.,0.));
#1936 = DIRECTION('',(0.,-0.707106781187,0.707106781187));
#1937 = ADVANCED_FACE('',(#1938),#1972,.T.);
#1938 = FACE_BOUND('',#1939,.T.);
#1939 = EDGE_LOOP('',(#1940,#1949,#1957,#1965,#1971));
#1940 = ORIENTED_EDGE('',*,*,#1941,.F.);
#1941 = EDGE_CURVE('',#1942,#1911,#1944,.T.);
#1942 = VERTEX_POINT('',#1943);
#1943 = CARTESIAN_POINT('',(18.37500213623,-5.650000244141,
    6.624998748302));
#1944 = CIRCLE('',#1945,0.625);
#1945 = AXIS2_PLACEMENT_3D('',#1946,#1947,#1948);
#1946 = CARTESIAN_POINT('',(18.37500213623,-5.025000244141,
    6.624998748302));
#1947 = DIRECTION('',(-1.,0.,0.));
#1948 = DIRECTION('',(0.,0.707106781187,0.707106781187));
#1949 = ORIENTED_EDGE('',*,*,#1950,.F.);
#1950 = EDGE_CURVE('',#1951,#1942,#1953,.T.);
#1951 = VERTEX_POINT('',#1952);
#1952 = CARTESIAN_POINT('',(18.37500213623,-5.650000244141,
    6.499998748302));
#1953 = LINE('',#1954,#1955);
#1954 = CARTESIAN_POINT('',(18.37500213623,-5.650000244141,
    6.499998748302));
#1955 = VECTOR('',#1956,1.);
#1956 = DIRECTION('',(0.,0.,1.));
#1957 = ORIENTED_EDGE('',*,*,#1958,.F.);
#1958 = EDGE_CURVE('',#1959,#1951,#1961,.T.);
#1959 = VERTEX_POINT('',#1960);
#1960 = CARTESIAN_POINT('',(18.37500213623,-4.400000244141,
    6.499998748302));
#1961 = LINE('',#1962,#1963);
#1962 = CARTESIAN_POINT('',(18.37500213623,-4.400000244141,
    6.499998748302));
#1963 = VECTOR('',#1964,1.);
#1964 = DIRECTION('',(0.,-1.,0.));
#1965 = ORIENTED_EDGE('',*,*,#1966,.T.);
#1966 = EDGE_CURVE('',#1959,#1919,#1967,.T.);
#1967 = LINE('',#1968,#1969);
#1968 = CARTESIAN_POINT('',(18.37500213623,-4.400000244141,
    6.499998748302));
#1969 = VECTOR('',#1970,1.);
#1970 = DIRECTION('',(0.,0.,1.));
#1971 = ORIENTED_EDGE('',*,*,#1918,.F.);
#1972 = PLANE('',#1973);
#1973 = AXIS2_PLACEMENT_3D('',#1974,#1975,#1976);
#1974 = CARTESIAN_POINT('',(18.37500213623,-5.650000244141,
    6.499998748302));
#1975 = DIRECTION('',(1.,0.,0.));
#1976 = DIRECTION('',(0.,1.,0.));
#1977 = ADVANCED_FACE('',(#1978),#1997,.T.);
#1978 = FACE_BOUND('',#1979,.T.);
#1979 = EDGE_LOOP('',(#1980,#1981,#1990,#1996));
#1980 = ORIENTED_EDGE('',*,*,#1910,.F.);
#1981 = ORIENTED_EDGE('',*,*,#1982,.T.);
#1982 = EDGE_CURVE('',#1902,#1983,#1985,.T.);
#1983 = VERTEX_POINT('',#1984);
#1984 = CARTESIAN_POINT('',(15.62500213623,-5.650000244141,
    6.624998748302));
#1985 = CIRCLE('',#1986,0.625);
#1986 = AXIS2_PLACEMENT_3D('',#1987,#1988,#1989);
#1987 = CARTESIAN_POINT('',(15.62500213623,-5.025000244141,
    6.624998748302));
#1988 = DIRECTION('',(1.,0.,0.));
#1989 = DIRECTION('',(0.,-0.707106781187,0.707106781187));
#1990 = ORIENTED_EDGE('',*,*,#1991,.T.);
#1991 = EDGE_CURVE('',#1983,#1942,#1992,.T.);
#1992 = LINE('',#1993,#1994);
#1993 = CARTESIAN_POINT('',(16.31250213623,-5.650000244141,
    6.624998748302));
#1994 = VECTOR('',#1995,1.);
#1995 = DIRECTION('',(1.,0.,0.));
#1996 = ORIENTED_EDGE('',*,*,#1941,.T.);
#1997 = CYLINDRICAL_SURFACE('',#1998,0.625);
#1998 = AXIS2_PLACEMENT_3D('',#1999,#2000,#2001);
#1999 = CARTESIAN_POINT('',(16.31250213623,-5.025000244141,
    6.624998748302));
#2000 = DIRECTION('',(1.,0.,0.));
#2001 = DIRECTION('',(0.,-0.707106781187,0.707106781187));
#2002 = ADVANCED_FACE('',(#2003),#2021,.T.);
#2003 = FACE_BOUND('',#2004,.T.);
#2004 = EDGE_LOOP('',(#2005,#2006,#2014,#2020));
#2005 = ORIENTED_EDGE('',*,*,#1991,.F.);
#2006 = ORIENTED_EDGE('',*,*,#2007,.F.);
#2007 = EDGE_CURVE('',#2008,#1983,#2010,.T.);
#2008 = VERTEX_POINT('',#2009);
#2009 = CARTESIAN_POINT('',(15.62500213623,-5.650000244141,
    6.499998748302));
#2010 = LINE('',#2011,#2012);
#2011 = CARTESIAN_POINT('',(15.62500213623,-5.650000244141,
    6.499998748302));
#2012 = VECTOR('',#2013,1.);
#2013 = DIRECTION('',(0.,0.,1.));
#2014 = ORIENTED_EDGE('',*,*,#2015,.F.);
#2015 = EDGE_CURVE('',#1951,#2008,#2016,.T.);
#2016 = LINE('',#2017,#2018);
#2017 = CARTESIAN_POINT('',(18.37500213623,-5.650000244141,
    6.499998748302));
#2018 = VECTOR('',#2019,1.);
#2019 = DIRECTION('',(-1.,0.,0.));
#2020 = ORIENTED_EDGE('',*,*,#1950,.T.);
#2021 = PLANE('',#2022);
#2022 = AXIS2_PLACEMENT_3D('',#2023,#2024,#2025);
#2023 = CARTESIAN_POINT('',(15.62500213623,-5.650000244141,
    6.499998748302));
#2024 = DIRECTION('',(0.,-1.,0.));
#2025 = DIRECTION('',(0.,0.,-1.));
#2026 = ADVANCED_FACE('',(#2027),#2046,.T.);
#2027 = FACE_BOUND('',#2028,.T.);
#2028 = EDGE_LOOP('',(#2029,#2030,#2038,#2044,#2045));
#2029 = ORIENTED_EDGE('',*,*,#1899,.F.);
#2030 = ORIENTED_EDGE('',*,*,#2031,.F.);
#2031 = EDGE_CURVE('',#2032,#1900,#2034,.T.);
#2032 = VERTEX_POINT('',#2033);
#2033 = CARTESIAN_POINT('',(15.62500213623,-4.400000244141,
    6.499998748302));
#2034 = LINE('',#2035,#2036);
#2035 = CARTESIAN_POINT('',(15.62500213623,-4.400000244141,
    6.499998748302));
#2036 = VECTOR('',#2037,1.);
#2037 = DIRECTION('',(0.,0.,1.));
#2038 = ORIENTED_EDGE('',*,*,#2039,.F.);
#2039 = EDGE_CURVE('',#2008,#2032,#2040,.T.);
#2040 = LINE('',#2041,#2042);
#2041 = CARTESIAN_POINT('',(15.62500213623,-5.650000244141,
    6.499998748302));
#2042 = VECTOR('',#2043,1.);
#2043 = DIRECTION('',(0.,1.,0.));
#2044 = ORIENTED_EDGE('',*,*,#2007,.T.);
#2045 = ORIENTED_EDGE('',*,*,#1982,.F.);
#2046 = PLANE('',#2047);
#2047 = AXIS2_PLACEMENT_3D('',#2048,#2049,#2050);
#2048 = CARTESIAN_POINT('',(15.62500213623,-4.400000244141,
    6.499998748302));
#2049 = DIRECTION('',(-1.,0.,0.));
#2050 = DIRECTION('',(0.,0.,1.));
#2051 = ADVANCED_FACE('',(#2052),#2063,.T.);
#2052 = FACE_BOUND('',#2053,.T.);
#2053 = EDGE_LOOP('',(#2054,#2055,#2056,#2062));
#2054 = ORIENTED_EDGE('',*,*,#1927,.F.);
#2055 = ORIENTED_EDGE('',*,*,#1966,.F.);
#2056 = ORIENTED_EDGE('',*,*,#2057,.F.);
#2057 = EDGE_CURVE('',#2032,#1959,#2058,.T.);
#2058 = LINE('',#2059,#2060);
#2059 = CARTESIAN_POINT('',(15.62500213623,-4.400000244141,
    6.499998748302));
#2060 = VECTOR('',#2061,1.);
#2061 = DIRECTION('',(1.,0.,0.));
#2062 = ORIENTED_EDGE('',*,*,#2031,.T.);
#2063 = PLANE('',#2064);
#2064 = AXIS2_PLACEMENT_3D('',#2065,#2066,#2067);
#2065 = CARTESIAN_POINT('',(18.37500213623,-4.400000244141,
    6.499998748302));
#2066 = DIRECTION('',(0.,1.,0.));
#2067 = DIRECTION('',(1.,0.,0.));
#2068 = ADVANCED_FACE('',(#2069),#2096,.T.);
#2069 = FACE_BOUND('',#2070,.T.);
#2070 = EDGE_LOOP('',(#2071,#2072,#2081,#2089));
#2071 = ORIENTED_EDGE('',*,*,#1868,.F.);
#2072 = ORIENTED_EDGE('',*,*,#2073,.T.);
#2073 = EDGE_CURVE('',#1860,#2074,#2076,.T.);
#2074 = VERTEX_POINT('',#2075);
#2075 = CARTESIAN_POINT('',(17.17500213623,-7.475000244141,
    -2.750001251698));
#2076 = CIRCLE('',#2077,0.25);
#2077 = AXIS2_PLACEMENT_3D('',#2078,#2079,#2080);
#2078 = CARTESIAN_POINT('',(17.17500213623,-7.225000244141,
    -2.750001251698));
#2079 = DIRECTION('',(-1.,0.,0.));
#2080 = DIRECTION('',(-0.,-0.707106781187,-0.707106781187));
#2081 = ORIENTED_EDGE('',*,*,#2082,.T.);
#2082 = EDGE_CURVE('',#2074,#2083,#2085,.T.);
#2083 = VERTEX_POINT('',#2084);
#2084 = CARTESIAN_POINT('',(16.82500213623,-7.475000244141,
    -2.750001251698));
#2085 = LINE('',#2086,#2087);
#2086 = CARTESIAN_POINT('',(17.08750213623,-7.475000244141,
    -2.750001251698));
#2087 = VECTOR('',#2088,1.);
#2088 = DIRECTION('',(-1.,0.,0.));
#2089 = ORIENTED_EDGE('',*,*,#2090,.T.);
#2090 = EDGE_CURVE('',#2083,#1869,#2091,.T.);
#2091 = CIRCLE('',#2092,0.25);
#2092 = AXIS2_PLACEMENT_3D('',#2093,#2094,#2095);
#2093 = CARTESIAN_POINT('',(16.82500213623,-7.225000244141,
    -2.750001251698));
#2094 = DIRECTION('',(1.,0.,0.));
#2095 = DIRECTION('',(0.,-0.707106781187,-0.707106781187));
#2096 = CYLINDRICAL_SURFACE('',#2097,0.25);
#2097 = AXIS2_PLACEMENT_3D('',#2098,#2099,#2100);
#2098 = CARTESIAN_POINT('',(17.08750213623,-7.225000244141,
    -2.750001251698));
#2099 = DIRECTION('',(-1.,0.,0.));
#2100 = DIRECTION('',(-0.,-0.707106781187,-0.707106781187));
#2101 = ADVANCED_FACE('',(#2102),#2118,.T.);
#2102 = FACE_BOUND('',#2103,.T.);
#2103 = EDGE_LOOP('',(#2104,#2105,#2111,#2112));
#2104 = ORIENTED_EDGE('',*,*,#1885,.F.);
#2105 = ORIENTED_EDGE('',*,*,#2106,.T.);
#2106 = EDGE_CURVE('',#1877,#1816,#2107,.T.);
#2107 = LINE('',#2108,#2109);
#2108 = CARTESIAN_POINT('',(16.82500213623,-7.475000244141,
    -3.000001251698));
#2109 = VECTOR('',#2110,1.);
#2110 = DIRECTION('',(0.,1.,0.));
#2111 = ORIENTED_EDGE('',*,*,#1843,.F.);
#2112 = ORIENTED_EDGE('',*,*,#2113,.T.);
#2113 = EDGE_CURVE('',#1835,#1858,#2114,.T.);
#2114 = LINE('',#2115,#2116);
#2115 = CARTESIAN_POINT('',(17.17500213623,-6.575000244141,
    -3.000001251698));
#2116 = VECTOR('',#2117,1.);
#2117 = DIRECTION('',(0.,-1.,0.));
#2118 = PLANE('',#2119);
#2119 = AXIS2_PLACEMENT_3D('',#2120,#2121,#2122);
#2120 = CARTESIAN_POINT('',(17.00000213623,-7.025000244141,
    -3.000001251698));
#2121 = DIRECTION('',(0.,0.,-1.));
#2122 = DIRECTION('',(0.,-1.,0.));
#2123 = ADVANCED_FACE('',(#2124),#2161,.T.);
#2124 = FACE_BOUND('',#2125,.T.);
#2125 = EDGE_LOOP('',(#2126,#2127,#2135,#2143,#2151,#2158,#2159,#2160));
#2126 = ORIENTED_EDGE('',*,*,#2090,.F.);
#2127 = ORIENTED_EDGE('',*,*,#2128,.F.);
#2128 = EDGE_CURVE('',#2129,#2083,#2131,.T.);
#2129 = VERTEX_POINT('',#2130);
#2130 = CARTESIAN_POINT('',(16.82500213623,-7.475000244141,
    0.499998748302));
#2131 = LINE('',#2132,#2133);
#2132 = CARTESIAN_POINT('',(16.82500213623,-7.475000244141,
    0.499998748302));
#2133 = VECTOR('',#2134,1.);
#2134 = DIRECTION('',(0.,0.,-1.));
#2135 = ORIENTED_EDGE('',*,*,#2136,.T.);
#2136 = EDGE_CURVE('',#2129,#2137,#2139,.T.);
#2137 = VERTEX_POINT('',#2138);
#2138 = CARTESIAN_POINT('',(16.82500213623,-6.575000244141,
    0.499998748302));
#2139 = LINE('',#2140,#2141);
#2140 = CARTESIAN_POINT('',(16.82500213623,-7.475000244141,
    0.499998748302));
#2141 = VECTOR('',#2142,1.);
#2142 = DIRECTION('',(0.,1.,0.));
#2143 = ORIENTED_EDGE('',*,*,#2144,.T.);
#2144 = EDGE_CURVE('',#2137,#2145,#2147,.T.);
#2145 = VERTEX_POINT('',#2146);
#2146 = CARTESIAN_POINT('',(16.82500213623,-6.575000244141,
    -2.750001251698));
#2147 = LINE('',#2148,#2149);
#2148 = CARTESIAN_POINT('',(16.82500213623,-6.575000244141,
    0.499998748302));
#2149 = VECTOR('',#2150,1.);
#2150 = DIRECTION('',(0.,0.,-1.));
#2151 = ORIENTED_EDGE('',*,*,#2152,.F.);
#2152 = EDGE_CURVE('',#1818,#2145,#2153,.T.);
#2153 = CIRCLE('',#2154,0.25);
#2154 = AXIS2_PLACEMENT_3D('',#2155,#2156,#2157);
#2155 = CARTESIAN_POINT('',(16.82500213623,-6.825000244141,
    -2.750001251698));
#2156 = DIRECTION('',(1.,-0.,0.));
#2157 = DIRECTION('',(0.,0.707106781187,-0.707106781187));
#2158 = ORIENTED_EDGE('',*,*,#1815,.F.);
#2159 = ORIENTED_EDGE('',*,*,#2106,.F.);
#2160 = ORIENTED_EDGE('',*,*,#1876,.F.);
#2161 = PLANE('',#2162);
#2162 = AXIS2_PLACEMENT_3D('',#2163,#2164,#2165);
#2163 = CARTESIAN_POINT('',(16.82500213623,-7.475000244141,
    0.499998748302));
#2164 = DIRECTION('',(-1.,0.,0.));
#2165 = DIRECTION('',(0.,0.,1.));
#2166 = ADVANCED_FACE('',(#2167),#2186,.T.);
#2167 = FACE_BOUND('',#2168,.T.);
#2168 = EDGE_LOOP('',(#2169,#2170,#2171,#2179));
#2169 = ORIENTED_EDGE('',*,*,#1826,.F.);
#2170 = ORIENTED_EDGE('',*,*,#2152,.T.);
#2171 = ORIENTED_EDGE('',*,*,#2172,.T.);
#2172 = EDGE_CURVE('',#2145,#2173,#2175,.T.);
#2173 = VERTEX_POINT('',#2174);
#2174 = CARTESIAN_POINT('',(17.17500213623,-6.575000244141,
    -2.750001251698));
#2175 = LINE('',#2176,#2177);
#2176 = CARTESIAN_POINT('',(16.91250213623,-6.575000244141,
    -2.750001251698));
#2177 = VECTOR('',#2178,1.);
#2178 = DIRECTION('',(1.,0.,0.));
#2179 = ORIENTED_EDGE('',*,*,#2180,.T.);
#2180 = EDGE_CURVE('',#2173,#1827,#2181,.T.);
#2181 = CIRCLE('',#2182,0.25);
#2182 = AXIS2_PLACEMENT_3D('',#2183,#2184,#2185);
#2183 = CARTESIAN_POINT('',(17.17500213623,-6.825000244141,
    -2.750001251698));
#2184 = DIRECTION('',(-1.,0.,0.));
#2185 = DIRECTION('',(0.,0.707106781187,-0.707106781187));
#2186 = CYLINDRICAL_SURFACE('',#2187,0.25);
#2187 = AXIS2_PLACEMENT_3D('',#2188,#2189,#2190);
#2188 = CARTESIAN_POINT('',(16.91250213623,-6.825000244141,
    -2.750001251698));
#2189 = DIRECTION('',(1.,0.,0.));
#2190 = DIRECTION('',(0.,0.707106781187,-0.707106781187));
#2191 = ADVANCED_FACE('',(#2192),#2221,.T.);
#2192 = FACE_BOUND('',#2193,.T.);
#2193 = EDGE_LOOP('',(#2194,#2195,#2196,#2197,#2198,#2206,#2214,#2220));
#2194 = ORIENTED_EDGE('',*,*,#1857,.F.);
#2195 = ORIENTED_EDGE('',*,*,#2113,.F.);
#2196 = ORIENTED_EDGE('',*,*,#1834,.F.);
#2197 = ORIENTED_EDGE('',*,*,#2180,.F.);
#2198 = ORIENTED_EDGE('',*,*,#2199,.F.);
#2199 = EDGE_CURVE('',#2200,#2173,#2202,.T.);
#2200 = VERTEX_POINT('',#2201);
#2201 = CARTESIAN_POINT('',(17.17500213623,-6.575000244141,
    0.499998748302));
#2202 = LINE('',#2203,#2204);
#2203 = CARTESIAN_POINT('',(17.17500213623,-6.575000244141,
    0.499998748302));
#2204 = VECTOR('',#2205,1.);
#2205 = DIRECTION('',(0.,0.,-1.));
#2206 = ORIENTED_EDGE('',*,*,#2207,.T.);
#2207 = EDGE_CURVE('',#2200,#2208,#2210,.T.);
#2208 = VERTEX_POINT('',#2209);
#2209 = CARTESIAN_POINT('',(17.17500213623,-7.475000244141,
    0.499998748302));
#2210 = LINE('',#2211,#2212);
#2211 = CARTESIAN_POINT('',(17.17500213623,-6.575000244141,
    0.499998748302));
#2212 = VECTOR('',#2213,1.);
#2213 = DIRECTION('',(0.,-1.,0.));
#2214 = ORIENTED_EDGE('',*,*,#2215,.T.);
#2215 = EDGE_CURVE('',#2208,#2074,#2216,.T.);
#2216 = LINE('',#2217,#2218);
#2217 = CARTESIAN_POINT('',(17.17500213623,-7.475000244141,
    0.499998748302));
#2218 = VECTOR('',#2219,1.);
#2219 = DIRECTION('',(0.,0.,-1.));
#2220 = ORIENTED_EDGE('',*,*,#2073,.F.);
#2221 = PLANE('',#2222);
#2222 = AXIS2_PLACEMENT_3D('',#2223,#2224,#2225);
#2223 = CARTESIAN_POINT('',(17.17500213623,-6.575000244141,
    0.499998748302));
#2224 = DIRECTION('',(1.,0.,0.));
#2225 = DIRECTION('',(0.,1.,0.));
#2226 = ADVANCED_FACE('',(#2227),#2238,.T.);
#2227 = FACE_BOUND('',#2228,.T.);
#2228 = EDGE_LOOP('',(#2229,#2230,#2231,#2237));
#2229 = ORIENTED_EDGE('',*,*,#2172,.F.);
#2230 = ORIENTED_EDGE('',*,*,#2144,.F.);
#2231 = ORIENTED_EDGE('',*,*,#2232,.T.);
#2232 = EDGE_CURVE('',#2137,#2200,#2233,.T.);
#2233 = LINE('',#2234,#2235);
#2234 = CARTESIAN_POINT('',(16.82500213623,-6.575000244141,
    0.499998748302));
#2235 = VECTOR('',#2236,1.);
#2236 = DIRECTION('',(1.,0.,0.));
#2237 = ORIENTED_EDGE('',*,*,#2199,.T.);
#2238 = PLANE('',#2239);
#2239 = AXIS2_PLACEMENT_3D('',#2240,#2241,#2242);
#2240 = CARTESIAN_POINT('',(16.82500213623,-6.575000244141,
    0.499998748302));
#2241 = DIRECTION('',(0.,1.,0.));
#2242 = DIRECTION('',(1.,0.,0.));
#2243 = ADVANCED_FACE('',(#2244),#2255,.T.);
#2244 = FACE_BOUND('',#2245,.T.);
#2245 = EDGE_LOOP('',(#2246,#2247,#2248,#2254));
#2246 = ORIENTED_EDGE('',*,*,#2082,.F.);
#2247 = ORIENTED_EDGE('',*,*,#2215,.F.);
#2248 = ORIENTED_EDGE('',*,*,#2249,.T.);
#2249 = EDGE_CURVE('',#2208,#2129,#2250,.T.);
#2250 = LINE('',#2251,#2252);
#2251 = CARTESIAN_POINT('',(17.17500213623,-7.475000244141,
    0.499998748302));
#2252 = VECTOR('',#2253,1.);
#2253 = DIRECTION('',(-1.,0.,0.));
#2254 = ORIENTED_EDGE('',*,*,#2128,.T.);
#2255 = PLANE('',#2256);
#2256 = AXIS2_PLACEMENT_3D('',#2257,#2258,#2259);
#2257 = CARTESIAN_POINT('',(17.17500213623,-7.475000244141,
    0.499998748302));
#2258 = DIRECTION('',(0.,-1.,0.));
#2259 = DIRECTION('',(0.,0.,-1.));
#2260 = ADVANCED_FACE('',(#2261),#2288,.T.);
#2261 = FACE_BOUND('',#2262,.T.);
#2262 = EDGE_LOOP('',(#2263,#2264,#2273,#2281));
#2263 = ORIENTED_EDGE('',*,*,#1784,.F.);
#2264 = ORIENTED_EDGE('',*,*,#2265,.T.);
#2265 = EDGE_CURVE('',#1776,#2266,#2268,.T.);
#2266 = VERTEX_POINT('',#2267);
#2267 = CARTESIAN_POINT('',(17.17500213623,-2.575000244141,
    -2.750001251698));
#2268 = CIRCLE('',#2269,0.25);
#2269 = AXIS2_PLACEMENT_3D('',#2270,#2271,#2272);
#2270 = CARTESIAN_POINT('',(17.17500213623,-2.325000244141,
    -2.750001251698));
#2271 = DIRECTION('',(-1.,0.,0.));
#2272 = DIRECTION('',(-0.,-0.707106781187,-0.707106781187));
#2273 = ORIENTED_EDGE('',*,*,#2274,.T.);
#2274 = EDGE_CURVE('',#2266,#2275,#2277,.T.);
#2275 = VERTEX_POINT('',#2276);
#2276 = CARTESIAN_POINT('',(16.82500213623,-2.575000244141,
    -2.750001251698));
#2277 = LINE('',#2278,#2279);
#2278 = CARTESIAN_POINT('',(17.08750213623,-2.575000244141,
    -2.750001251698));
#2279 = VECTOR('',#2280,1.);
#2280 = DIRECTION('',(-1.,0.,0.));
#2281 = ORIENTED_EDGE('',*,*,#2282,.T.);
#2282 = EDGE_CURVE('',#2275,#1785,#2283,.T.);
#2283 = CIRCLE('',#2284,0.25);
#2284 = AXIS2_PLACEMENT_3D('',#2285,#2286,#2287);
#2285 = CARTESIAN_POINT('',(16.82500213623,-2.325000244141,
    -2.750001251698));
#2286 = DIRECTION('',(1.,0.,0.));
#2287 = DIRECTION('',(0.,-0.707106781187,-0.707106781187));
#2288 = CYLINDRICAL_SURFACE('',#2289,0.25);
#2289 = AXIS2_PLACEMENT_3D('',#2290,#2291,#2292);
#2290 = CARTESIAN_POINT('',(17.08750213623,-2.325000244141,
    -2.750001251698));
#2291 = DIRECTION('',(-1.,0.,0.));
#2292 = DIRECTION('',(-0.,-0.707106781187,-0.707106781187));
#2293 = ADVANCED_FACE('',(#2294),#2310,.T.);
#2294 = FACE_BOUND('',#2295,.T.);
#2295 = EDGE_LOOP('',(#2296,#2297,#2303,#2304));
#2296 = ORIENTED_EDGE('',*,*,#1801,.F.);
#2297 = ORIENTED_EDGE('',*,*,#2298,.T.);
#2298 = EDGE_CURVE('',#1793,#1732,#2299,.T.);
#2299 = LINE('',#2300,#2301);
#2300 = CARTESIAN_POINT('',(16.82500213623,-2.575000244141,
    -3.000001251698));
#2301 = VECTOR('',#2302,1.);
#2302 = DIRECTION('',(0.,1.,0.));
#2303 = ORIENTED_EDGE('',*,*,#1759,.F.);
#2304 = ORIENTED_EDGE('',*,*,#2305,.T.);
#2305 = EDGE_CURVE('',#1751,#1774,#2306,.T.);
#2306 = LINE('',#2307,#2308);
#2307 = CARTESIAN_POINT('',(17.17500213623,-1.675000244141,
    -3.000001251698));
#2308 = VECTOR('',#2309,1.);
#2309 = DIRECTION('',(0.,-1.,0.));
#2310 = PLANE('',#2311);
#2311 = AXIS2_PLACEMENT_3D('',#2312,#2313,#2314);
#2312 = CARTESIAN_POINT('',(17.00000213623,-2.125000244141,
    -3.000001251698));
#2313 = DIRECTION('',(0.,0.,-1.));
#2314 = DIRECTION('',(0.,-1.,0.));
#2315 = ADVANCED_FACE('',(#2316),#2353,.T.);
#2316 = FACE_BOUND('',#2317,.T.);
#2317 = EDGE_LOOP('',(#2318,#2319,#2327,#2335,#2343,#2350,#2351,#2352));
#2318 = ORIENTED_EDGE('',*,*,#2282,.F.);
#2319 = ORIENTED_EDGE('',*,*,#2320,.F.);
#2320 = EDGE_CURVE('',#2321,#2275,#2323,.T.);
#2321 = VERTEX_POINT('',#2322);
#2322 = CARTESIAN_POINT('',(16.82500213623,-2.575000244141,
    0.499998748302));
#2323 = LINE('',#2324,#2325);
#2324 = CARTESIAN_POINT('',(16.82500213623,-2.575000244141,
    0.499998748302));
#2325 = VECTOR('',#2326,1.);
#2326 = DIRECTION('',(0.,0.,-1.));
#2327 = ORIENTED_EDGE('',*,*,#2328,.T.);
#2328 = EDGE_CURVE('',#2321,#2329,#2331,.T.);
#2329 = VERTEX_POINT('',#2330);
#2330 = CARTESIAN_POINT('',(16.82500213623,-1.675000244141,
    0.499998748302));
#2331 = LINE('',#2332,#2333);
#2332 = CARTESIAN_POINT('',(16.82500213623,-2.575000244141,
    0.499998748302));
#2333 = VECTOR('',#2334,1.);
#2334 = DIRECTION('',(0.,1.,0.));
#2335 = ORIENTED_EDGE('',*,*,#2336,.T.);
#2336 = EDGE_CURVE('',#2329,#2337,#2339,.T.);
#2337 = VERTEX_POINT('',#2338);
#2338 = CARTESIAN_POINT('',(16.82500213623,-1.675000244141,
    -2.750001251698));
#2339 = LINE('',#2340,#2341);
#2340 = CARTESIAN_POINT('',(16.82500213623,-1.675000244141,
    0.499998748302));
#2341 = VECTOR('',#2342,1.);
#2342 = DIRECTION('',(0.,0.,-1.));
#2343 = ORIENTED_EDGE('',*,*,#2344,.F.);
#2344 = EDGE_CURVE('',#1734,#2337,#2345,.T.);
#2345 = CIRCLE('',#2346,0.25);
#2346 = AXIS2_PLACEMENT_3D('',#2347,#2348,#2349);
#2347 = CARTESIAN_POINT('',(16.82500213623,-1.925000244141,
    -2.750001251698));
#2348 = DIRECTION('',(1.,-0.,0.));
#2349 = DIRECTION('',(0.,0.707106781187,-0.707106781187));
#2350 = ORIENTED_EDGE('',*,*,#1731,.F.);
#2351 = ORIENTED_EDGE('',*,*,#2298,.F.);
#2352 = ORIENTED_EDGE('',*,*,#1792,.F.);
#2353 = PLANE('',#2354);
#2354 = AXIS2_PLACEMENT_3D('',#2355,#2356,#2357);
#2355 = CARTESIAN_POINT('',(16.82500213623,-2.575000244141,
    0.499998748302));
#2356 = DIRECTION('',(-1.,0.,0.));
#2357 = DIRECTION('',(0.,0.,1.));
#2358 = ADVANCED_FACE('',(#2359),#2378,.T.);
#2359 = FACE_BOUND('',#2360,.T.);
#2360 = EDGE_LOOP('',(#2361,#2362,#2363,#2371));
#2361 = ORIENTED_EDGE('',*,*,#1742,.F.);
#2362 = ORIENTED_EDGE('',*,*,#2344,.T.);
#2363 = ORIENTED_EDGE('',*,*,#2364,.T.);
#2364 = EDGE_CURVE('',#2337,#2365,#2367,.T.);
#2365 = VERTEX_POINT('',#2366);
#2366 = CARTESIAN_POINT('',(17.17500213623,-1.675000244141,
    -2.750001251698));
#2367 = LINE('',#2368,#2369);
#2368 = CARTESIAN_POINT('',(16.91250213623,-1.675000244141,
    -2.750001251698));
#2369 = VECTOR('',#2370,1.);
#2370 = DIRECTION('',(1.,0.,0.));
#2371 = ORIENTED_EDGE('',*,*,#2372,.T.);
#2372 = EDGE_CURVE('',#2365,#1743,#2373,.T.);
#2373 = CIRCLE('',#2374,0.25);
#2374 = AXIS2_PLACEMENT_3D('',#2375,#2376,#2377);
#2375 = CARTESIAN_POINT('',(17.17500213623,-1.925000244141,
    -2.750001251698));
#2376 = DIRECTION('',(-1.,0.,0.));
#2377 = DIRECTION('',(0.,0.707106781187,-0.707106781187));
#2378 = CYLINDRICAL_SURFACE('',#2379,0.25);
#2379 = AXIS2_PLACEMENT_3D('',#2380,#2381,#2382);
#2380 = CARTESIAN_POINT('',(16.91250213623,-1.925000244141,
    -2.750001251698));
#2381 = DIRECTION('',(1.,0.,0.));
#2382 = DIRECTION('',(0.,0.707106781187,-0.707106781187));
#2383 = ADVANCED_FACE('',(#2384),#2413,.T.);
#2384 = FACE_BOUND('',#2385,.T.);
#2385 = EDGE_LOOP('',(#2386,#2387,#2388,#2389,#2390,#2398,#2406,#2412));
#2386 = ORIENTED_EDGE('',*,*,#1773,.F.);
#2387 = ORIENTED_EDGE('',*,*,#2305,.F.);
#2388 = ORIENTED_EDGE('',*,*,#1750,.F.);
#2389 = ORIENTED_EDGE('',*,*,#2372,.F.);
#2390 = ORIENTED_EDGE('',*,*,#2391,.F.);
#2391 = EDGE_CURVE('',#2392,#2365,#2394,.T.);
#2392 = VERTEX_POINT('',#2393);
#2393 = CARTESIAN_POINT('',(17.17500213623,-1.675000244141,
    0.499998748302));
#2394 = LINE('',#2395,#2396);
#2395 = CARTESIAN_POINT('',(17.17500213623,-1.675000244141,
    0.499998748302));
#2396 = VECTOR('',#2397,1.);
#2397 = DIRECTION('',(0.,0.,-1.));
#2398 = ORIENTED_EDGE('',*,*,#2399,.T.);
#2399 = EDGE_CURVE('',#2392,#2400,#2402,.T.);
#2400 = VERTEX_POINT('',#2401);
#2401 = CARTESIAN_POINT('',(17.17500213623,-2.575000244141,
    0.499998748302));
#2402 = LINE('',#2403,#2404);
#2403 = CARTESIAN_POINT('',(17.17500213623,-1.675000244141,
    0.499998748302));
#2404 = VECTOR('',#2405,1.);
#2405 = DIRECTION('',(0.,-1.,0.));
#2406 = ORIENTED_EDGE('',*,*,#2407,.T.);
#2407 = EDGE_CURVE('',#2400,#2266,#2408,.T.);
#2408 = LINE('',#2409,#2410);
#2409 = CARTESIAN_POINT('',(17.17500213623,-2.575000244141,
    0.499998748302));
#2410 = VECTOR('',#2411,1.);
#2411 = DIRECTION('',(0.,0.,-1.));
#2412 = ORIENTED_EDGE('',*,*,#2265,.F.);
#2413 = PLANE('',#2414);
#2414 = AXIS2_PLACEMENT_3D('',#2415,#2416,#2417);
#2415 = CARTESIAN_POINT('',(17.17500213623,-1.675000244141,
    0.499998748302));
#2416 = DIRECTION('',(1.,0.,0.));
#2417 = DIRECTION('',(0.,1.,0.));
#2418 = ADVANCED_FACE('',(#2419),#2430,.T.);
#2419 = FACE_BOUND('',#2420,.T.);
#2420 = EDGE_LOOP('',(#2421,#2422,#2423,#2429));
#2421 = ORIENTED_EDGE('',*,*,#2364,.F.);
#2422 = ORIENTED_EDGE('',*,*,#2336,.F.);
#2423 = ORIENTED_EDGE('',*,*,#2424,.T.);
#2424 = EDGE_CURVE('',#2329,#2392,#2425,.T.);
#2425 = LINE('',#2426,#2427);
#2426 = CARTESIAN_POINT('',(16.82500213623,-1.675000244141,
    0.499998748302));
#2427 = VECTOR('',#2428,1.);
#2428 = DIRECTION('',(1.,0.,0.));
#2429 = ORIENTED_EDGE('',*,*,#2391,.T.);
#2430 = PLANE('',#2431);
#2431 = AXIS2_PLACEMENT_3D('',#2432,#2433,#2434);
#2432 = CARTESIAN_POINT('',(16.82500213623,-1.675000244141,
    0.499998748302));
#2433 = DIRECTION('',(0.,1.,0.));
#2434 = DIRECTION('',(1.,0.,0.));
#2435 = ADVANCED_FACE('',(#2436),#2447,.T.);
#2436 = FACE_BOUND('',#2437,.T.);
#2437 = EDGE_LOOP('',(#2438,#2439,#2440,#2446));
#2438 = ORIENTED_EDGE('',*,*,#2274,.F.);
#2439 = ORIENTED_EDGE('',*,*,#2407,.F.);
#2440 = ORIENTED_EDGE('',*,*,#2441,.T.);
#2441 = EDGE_CURVE('',#2400,#2321,#2442,.T.);
#2442 = LINE('',#2443,#2444);
#2443 = CARTESIAN_POINT('',(17.17500213623,-2.575000244141,
    0.499998748302));
#2444 = VECTOR('',#2445,1.);
#2445 = DIRECTION('',(-1.,0.,0.));
#2446 = ORIENTED_EDGE('',*,*,#2320,.T.);
#2447 = PLANE('',#2448);
#2448 = AXIS2_PLACEMENT_3D('',#2449,#2450,#2451);
#2449 = CARTESIAN_POINT('',(17.17500213623,-2.575000244141,
    0.499998748302));
#2450 = DIRECTION('',(0.,-1.,0.));
#2451 = DIRECTION('',(0.,0.,-1.));
#2452 = ADVANCED_FACE('',(#2453),#2480,.T.);
#2453 = FACE_BOUND('',#2454,.T.);
#2454 = EDGE_LOOP('',(#2455,#2456,#2465,#2473));
#2455 = ORIENTED_EDGE('',*,*,#1700,.F.);
#2456 = ORIENTED_EDGE('',*,*,#2457,.T.);
#2457 = EDGE_CURVE('',#1692,#2458,#2460,.T.);
#2458 = VERTEX_POINT('',#2459);
#2459 = CARTESIAN_POINT('',(17.17500213623,-12.37500024414,
    -2.750001251698));
#2460 = CIRCLE('',#2461,0.25);
#2461 = AXIS2_PLACEMENT_3D('',#2462,#2463,#2464);
#2462 = CARTESIAN_POINT('',(17.17500213623,-12.12500024414,
    -2.750001251698));
#2463 = DIRECTION('',(-1.,0.,0.));
#2464 = DIRECTION('',(-0.,-0.707106781187,-0.707106781187));
#2465 = ORIENTED_EDGE('',*,*,#2466,.T.);
#2466 = EDGE_CURVE('',#2458,#2467,#2469,.T.);
#2467 = VERTEX_POINT('',#2468);
#2468 = CARTESIAN_POINT('',(16.825002075881,-12.37500024414,
    -2.750001251698));
#2469 = LINE('',#2470,#2471);
#2470 = CARTESIAN_POINT('',(17.087502121143,-12.37500024414,
    -2.750001251698));
#2471 = VECTOR('',#2472,1.);
#2472 = DIRECTION('',(-1.,0.,0.));
#2473 = ORIENTED_EDGE('',*,*,#2474,.T.);
#2474 = EDGE_CURVE('',#2467,#1701,#2475,.T.);
#2475 = CIRCLE('',#2476,0.25);
#2476 = AXIS2_PLACEMENT_3D('',#2477,#2478,#2479);
#2477 = CARTESIAN_POINT('',(16.825002075881,-12.12500024414,
    -2.750001251698));
#2478 = DIRECTION('',(1.,0.,0.));
#2479 = DIRECTION('',(0.,-0.707106781187,-0.707106781187));
#2480 = CYLINDRICAL_SURFACE('',#2481,0.25);
#2481 = AXIS2_PLACEMENT_3D('',#2482,#2483,#2484);
#2482 = CARTESIAN_POINT('',(17.087502121143,-12.12500024414,
    -2.750001251698));
#2483 = DIRECTION('',(-1.,0.,0.));
#2484 = DIRECTION('',(-0.,-0.707106781187,-0.707106781187));
#2485 = ADVANCED_FACE('',(#2486),#2528,.T.);
#2486 = FACE_BOUND('',#2487,.T.);
#2487 = EDGE_LOOP('',(#2488,#2489,#2495,#2496,#2505,#2513,#2521,#2527));
#2488 = ORIENTED_EDGE('',*,*,#1689,.F.);
#2489 = ORIENTED_EDGE('',*,*,#2490,.F.);
#2490 = EDGE_CURVE('',#1667,#1690,#2491,.T.);
#2491 = LINE('',#2492,#2493);
#2492 = CARTESIAN_POINT('',(17.17500213623,-12.37500024414,
    -3.000001251698));
#2493 = VECTOR('',#2494,1.);
#2494 = DIRECTION('',(0.,-1.,0.));
#2495 = ORIENTED_EDGE('',*,*,#1666,.F.);
#2496 = ORIENTED_EDGE('',*,*,#2497,.F.);
#2497 = EDGE_CURVE('',#2498,#1659,#2500,.T.);
#2498 = VERTEX_POINT('',#2499);
#2499 = CARTESIAN_POINT('',(17.17500213623,-11.47500024414,
    -2.750001251698));
#2500 = CIRCLE('',#2501,0.25);
#2501 = AXIS2_PLACEMENT_3D('',#2502,#2503,#2504);
#2502 = CARTESIAN_POINT('',(17.17500213623,-11.72500024414,
    -2.750001251698));
#2503 = DIRECTION('',(-1.,0.,0.));
#2504 = DIRECTION('',(0.,0.707106781187,-0.707106781187));
#2505 = ORIENTED_EDGE('',*,*,#2506,.F.);
#2506 = EDGE_CURVE('',#2507,#2498,#2509,.T.);
#2507 = VERTEX_POINT('',#2508);
#2508 = CARTESIAN_POINT('',(17.17500213623,-11.47500024414,
    0.499998748302));
#2509 = LINE('',#2510,#2511);
#2510 = CARTESIAN_POINT('',(17.17500213623,-11.47500024414,
    0.499998748302));
#2511 = VECTOR('',#2512,1.);
#2512 = DIRECTION('',(0.,0.,-1.));
#2513 = ORIENTED_EDGE('',*,*,#2514,.F.);
#2514 = EDGE_CURVE('',#2515,#2507,#2517,.T.);
#2515 = VERTEX_POINT('',#2516);
#2516 = CARTESIAN_POINT('',(17.17500213623,-12.37500024414,
    0.499998748302));
#2517 = LINE('',#2518,#2519);
#2518 = CARTESIAN_POINT('',(17.17500213623,-12.37500024414,
    0.499998748302));
#2519 = VECTOR('',#2520,1.);
#2520 = DIRECTION('',(0.,1.,0.));
#2521 = ORIENTED_EDGE('',*,*,#2522,.T.);
#2522 = EDGE_CURVE('',#2515,#2458,#2523,.T.);
#2523 = LINE('',#2524,#2525);
#2524 = CARTESIAN_POINT('',(17.17500213623,-12.37500024414,
    0.499998748302));
#2525 = VECTOR('',#2526,1.);
#2526 = DIRECTION('',(0.,0.,-1.));
#2527 = ORIENTED_EDGE('',*,*,#2457,.F.);
#2528 = PLANE('',#2529);
#2529 = AXIS2_PLACEMENT_3D('',#2530,#2531,#2532);
#2530 = CARTESIAN_POINT('',(17.17500213623,-11.47500024414,
    0.499998748302));
#2531 = DIRECTION('',(1.,0.,0.));
#2532 = DIRECTION('',(0.,1.,0.));
#2533 = ADVANCED_FACE('',(#2534),#2545,.T.);
#2534 = FACE_BOUND('',#2535,.T.);
#2535 = EDGE_LOOP('',(#2536,#2537,#2543,#2544));
#2536 = ORIENTED_EDGE('',*,*,#1717,.F.);
#2537 = ORIENTED_EDGE('',*,*,#2538,.T.);
#2538 = EDGE_CURVE('',#1709,#1648,#2539,.T.);
#2539 = LINE('',#2540,#2541);
#2540 = CARTESIAN_POINT('',(16.825002075881,-11.47500024414,
    -3.000001251698));
#2541 = VECTOR('',#2542,1.);
#2542 = DIRECTION('',(0.,1.,0.));
#2543 = ORIENTED_EDGE('',*,*,#1675,.F.);
#2544 = ORIENTED_EDGE('',*,*,#2490,.T.);
#2545 = PLANE('',#2546);
#2546 = AXIS2_PLACEMENT_3D('',#2547,#2548,#2549);
#2547 = CARTESIAN_POINT('',(17.000002106056,-11.92500024414,
    -3.000001251698));
#2548 = DIRECTION('',(0.,0.,-1.));
#2549 = DIRECTION('',(0.,-1.,0.));
#2550 = ADVANCED_FACE('',(#2551),#2570,.T.);
#2551 = FACE_BOUND('',#2552,.T.);
#2552 = EDGE_LOOP('',(#2553,#2554,#2563,#2569));
#2553 = ORIENTED_EDGE('',*,*,#1658,.F.);
#2554 = ORIENTED_EDGE('',*,*,#2555,.T.);
#2555 = EDGE_CURVE('',#1650,#2556,#2558,.T.);
#2556 = VERTEX_POINT('',#2557);
#2557 = CARTESIAN_POINT('',(16.825002075881,-11.47500024414,
    -2.750001251698));
#2558 = CIRCLE('',#2559,0.25);
#2559 = AXIS2_PLACEMENT_3D('',#2560,#2561,#2562);
#2560 = CARTESIAN_POINT('',(16.825002075881,-11.72500024414,
    -2.750001251698));
#2561 = DIRECTION('',(1.,-0.,0.));
#2562 = DIRECTION('',(0.,0.707106781187,-0.707106781187));
#2563 = ORIENTED_EDGE('',*,*,#2564,.T.);
#2564 = EDGE_CURVE('',#2556,#2498,#2565,.T.);
#2565 = LINE('',#2566,#2567);
#2566 = CARTESIAN_POINT('',(16.912502090968,-11.47500024414,
    -2.750001251698));
#2567 = VECTOR('',#2568,1.);
#2568 = DIRECTION('',(1.,0.,0.));
#2569 = ORIENTED_EDGE('',*,*,#2497,.T.);
#2570 = CYLINDRICAL_SURFACE('',#2571,0.25);
#2571 = AXIS2_PLACEMENT_3D('',#2572,#2573,#2574);
#2572 = CARTESIAN_POINT('',(16.912502090968,-11.72500024414,
    -2.750001251698));
#2573 = DIRECTION('',(1.,0.,0.));
#2574 = DIRECTION('',(0.,0.707106781187,-0.707106781187));
#2575 = ADVANCED_FACE('',(#2576),#2594,.T.);
#2576 = FACE_BOUND('',#2577,.T.);
#2577 = EDGE_LOOP('',(#2578,#2579,#2587,#2593));
#2578 = ORIENTED_EDGE('',*,*,#2564,.F.);
#2579 = ORIENTED_EDGE('',*,*,#2580,.F.);
#2580 = EDGE_CURVE('',#2581,#2556,#2583,.T.);
#2581 = VERTEX_POINT('',#2582);
#2582 = CARTESIAN_POINT('',(16.825002075881,-11.47500024414,
    0.499998748302));
#2583 = LINE('',#2584,#2585);
#2584 = CARTESIAN_POINT('',(16.825002075881,-11.47500024414,
    0.499998748302));
#2585 = VECTOR('',#2586,1.);
#2586 = DIRECTION('',(0.,0.,-1.));
#2587 = ORIENTED_EDGE('',*,*,#2588,.F.);
#2588 = EDGE_CURVE('',#2507,#2581,#2589,.T.);
#2589 = LINE('',#2590,#2591);
#2590 = CARTESIAN_POINT('',(17.17500213623,-11.47500024414,
    0.499998748302));
#2591 = VECTOR('',#2592,1.);
#2592 = DIRECTION('',(-1.,0.,0.));
#2593 = ORIENTED_EDGE('',*,*,#2506,.T.);
#2594 = PLANE('',#2595);
#2595 = AXIS2_PLACEMENT_3D('',#2596,#2597,#2598);
#2596 = CARTESIAN_POINT('',(16.825002075881,-11.47500024414,
    0.499998748302));
#2597 = DIRECTION('',(0.,1.,0.));
#2598 = DIRECTION('',(1.,0.,0.));
#2599 = ADVANCED_FACE('',(#2600),#2622,.T.);
#2600 = FACE_BOUND('',#2601,.T.);
#2601 = EDGE_LOOP('',(#2602,#2603,#2611,#2617,#2618,#2619,#2620,#2621));
#2602 = ORIENTED_EDGE('',*,*,#2474,.F.);
#2603 = ORIENTED_EDGE('',*,*,#2604,.F.);
#2604 = EDGE_CURVE('',#2605,#2467,#2607,.T.);
#2605 = VERTEX_POINT('',#2606);
#2606 = CARTESIAN_POINT('',(16.825002075881,-12.37500024414,
    0.499998748302));
#2607 = LINE('',#2608,#2609);
#2608 = CARTESIAN_POINT('',(16.825002075881,-12.37500024414,
    0.499998748302));
#2609 = VECTOR('',#2610,1.);
#2610 = DIRECTION('',(0.,0.,-1.));
#2611 = ORIENTED_EDGE('',*,*,#2612,.F.);
#2612 = EDGE_CURVE('',#2581,#2605,#2613,.T.);
#2613 = LINE('',#2614,#2615);
#2614 = CARTESIAN_POINT('',(16.825002075881,-11.47500024414,
    0.499998748302));
#2615 = VECTOR('',#2616,1.);
#2616 = DIRECTION('',(0.,-1.,0.));
#2617 = ORIENTED_EDGE('',*,*,#2580,.T.);
#2618 = ORIENTED_EDGE('',*,*,#2555,.F.);
#2619 = ORIENTED_EDGE('',*,*,#1647,.F.);
#2620 = ORIENTED_EDGE('',*,*,#2538,.F.);
#2621 = ORIENTED_EDGE('',*,*,#1708,.F.);
#2622 = PLANE('',#2623);
#2623 = AXIS2_PLACEMENT_3D('',#2624,#2625,#2626);
#2624 = CARTESIAN_POINT('',(16.825002075881,-12.37500024414,
    0.499998748302));
#2625 = DIRECTION('',(-1.,0.,0.));
#2626 = DIRECTION('',(0.,0.,1.));
#2627 = ADVANCED_FACE('',(#2628),#2639,.T.);
#2628 = FACE_BOUND('',#2629,.T.);
#2629 = EDGE_LOOP('',(#2630,#2631,#2632,#2638));
#2630 = ORIENTED_EDGE('',*,*,#2466,.F.);
#2631 = ORIENTED_EDGE('',*,*,#2522,.F.);
#2632 = ORIENTED_EDGE('',*,*,#2633,.F.);
#2633 = EDGE_CURVE('',#2605,#2515,#2634,.T.);
#2634 = LINE('',#2635,#2636);
#2635 = CARTESIAN_POINT('',(16.825002075881,-12.37500024414,
    0.499998748302));
#2636 = VECTOR('',#2637,1.);
#2637 = DIRECTION('',(1.,0.,0.));
#2638 = ORIENTED_EDGE('',*,*,#2604,.T.);
#2639 = PLANE('',#2640);
#2640 = AXIS2_PLACEMENT_3D('',#2641,#2642,#2643);
#2641 = CARTESIAN_POINT('',(17.17500213623,-12.37500024414,
    0.499998748302));
#2642 = DIRECTION('',(0.,-1.,0.));
#2643 = DIRECTION('',(0.,0.,-1.));
#2644 = ADVANCED_FACE('',(#2645),#2679,.T.);
#2645 = FACE_BOUND('',#2646,.T.);
#2646 = EDGE_LOOP('',(#2647,#2657,#2665,#2673));
#2647 = ORIENTED_EDGE('',*,*,#2648,.T.);
#2648 = EDGE_CURVE('',#2649,#2651,#2653,.T.);
#2649 = VERTEX_POINT('',#2650);
#2650 = CARTESIAN_POINT('',(19.87500213623,-12.96900024414,
    0.499998748302));
#2651 = VERTEX_POINT('',#2652);
#2652 = CARTESIAN_POINT('',(19.87500213623,-13.15000024414,
    2.705335381173E-03));
#2653 = LINE('',#2654,#2655);
#2654 = CARTESIAN_POINT('',(19.87500213623,-13.03945895539,
    0.306415030128));
#2655 = VECTOR('',#2656,1.);
#2656 = DIRECTION('',(0.,-0.342020143326,-0.939692620786));
#2657 = ORIENTED_EDGE('',*,*,#2658,.T.);
#2658 = EDGE_CURVE('',#2651,#2659,#2661,.T.);
#2659 = VERTEX_POINT('',#2660);
#2660 = CARTESIAN_POINT('',(14.12500213623,-13.15000024414,
    2.705335381173E-03));
#2661 = LINE('',#2662,#2663);
#2662 = CARTESIAN_POINT('',(15.56250213623,-13.15000024414,
    2.705335381173E-03));
#2663 = VECTOR('',#2664,1.);
#2664 = DIRECTION('',(-1.,0.,0.));
#2665 = ORIENTED_EDGE('',*,*,#2666,.T.);
#2666 = EDGE_CURVE('',#2659,#2667,#2669,.T.);
#2667 = VERTEX_POINT('',#2668);
#2668 = CARTESIAN_POINT('',(14.12500213623,-12.96900024414,
    0.499998748302));
#2669 = LINE('',#2670,#2671);
#2670 = CARTESIAN_POINT('',(14.12500213623,-12.29372561783,
    2.355300536004));
#2671 = VECTOR('',#2672,1.);
#2672 = DIRECTION('',(0.,0.342020143326,0.939692620786));
#2673 = ORIENTED_EDGE('',*,*,#2674,.T.);
#2674 = EDGE_CURVE('',#2667,#2649,#2675,.T.);
#2675 = LINE('',#2676,#2677);
#2676 = CARTESIAN_POINT('',(15.56250213623,-12.96900024414,
    0.499998748302));
#2677 = VECTOR('',#2678,1.);
#2678 = DIRECTION('',(1.,0.,0.));
#2679 = PLANE('',#2680);
#2680 = AXIS2_PLACEMENT_3D('',#2681,#2682,#2683);
#2681 = CARTESIAN_POINT('',(15.56250213623,-13.05950024414,
    0.251352041842));
#2682 = DIRECTION('',(0.,0.939692620786,-0.342020143326));
#2683 = DIRECTION('',(-1.,0.,0.));
#2684 = ADVANCED_FACE('',(#2685),#2710,.T.);
#2685 = FACE_BOUND('',#2686,.T.);
#2686 = EDGE_LOOP('',(#2687,#2688,#2696,#2704));
#2687 = ORIENTED_EDGE('',*,*,#2658,.F.);
#2688 = ORIENTED_EDGE('',*,*,#2689,.T.);
#2689 = EDGE_CURVE('',#2651,#2690,#2692,.T.);
#2690 = VERTEX_POINT('',#2691);
#2691 = CARTESIAN_POINT('',(19.87500213623,-13.15000024414,
    -1.251697540283E-06));
#2692 = LINE('',#2693,#2694);
#2693 = CARTESIAN_POINT('',(19.87500213623,-13.15000024414,
    0.499998748302));
#2694 = VECTOR('',#2695,1.);
#2695 = DIRECTION('',(0.,0.,-1.));
#2696 = ORIENTED_EDGE('',*,*,#2697,.F.);
#2697 = EDGE_CURVE('',#2698,#2690,#2700,.T.);
#2698 = VERTEX_POINT('',#2699);
#2699 = CARTESIAN_POINT('',(14.12500213623,-13.15000024414,
    -1.251697540283E-06));
#2700 = LINE('',#2701,#2702);
#2701 = CARTESIAN_POINT('',(14.12500213623,-13.15000024414,
    -1.251697540283E-06));
#2702 = VECTOR('',#2703,1.);
#2703 = DIRECTION('',(1.,0.,0.));
#2704 = ORIENTED_EDGE('',*,*,#2705,.F.);
#2705 = EDGE_CURVE('',#2659,#2698,#2706,.T.);
#2706 = LINE('',#2707,#2708);
#2707 = CARTESIAN_POINT('',(14.12500213623,-13.15000024414,
    0.499998748302));
#2708 = VECTOR('',#2709,1.);
#2709 = DIRECTION('',(0.,0.,-1.));
#2710 = PLANE('',#2711);
#2711 = AXIS2_PLACEMENT_3D('',#2712,#2713,#2714);
#2712 = CARTESIAN_POINT('',(14.12500213623,-13.15000024414,
    0.499998748302));
#2713 = DIRECTION('',(0.,1.,0.));
#2714 = DIRECTION('',(1.,0.,0.));
#2715 = ADVANCED_FACE('',(#2716),#2750,.T.);
#2716 = FACE_BOUND('',#2717,.T.);
#2717 = EDGE_LOOP('',(#2718,#2728,#2736,#2744));
#2718 = ORIENTED_EDGE('',*,*,#2719,.T.);
#2719 = EDGE_CURVE('',#2720,#2722,#2724,.T.);
#2720 = VERTEX_POINT('',#2721);
#2721 = CARTESIAN_POINT('',(14.12500213623,-1.081000244141,
    0.499998748302));
#2722 = VERTEX_POINT('',#2723);
#2723 = CARTESIAN_POINT('',(14.12500213623,-0.900000244141,
    2.705335381173E-03));
#2724 = LINE('',#2725,#2726);
#2725 = CARTESIAN_POINT('',(14.12500213623,-1.010541532887,
    0.306415030128));
#2726 = VECTOR('',#2727,1.);
#2727 = DIRECTION('',(0.,0.342020143326,-0.939692620786));
#2728 = ORIENTED_EDGE('',*,*,#2729,.T.);
#2729 = EDGE_CURVE('',#2722,#2730,#2732,.T.);
#2730 = VERTEX_POINT('',#2731);
#2731 = CARTESIAN_POINT('',(19.87500213623,-0.900000244141,
    2.705335381173E-03));
#2732 = LINE('',#2733,#2734);
#2733 = CARTESIAN_POINT('',(18.43750213623,-0.900000244141,
    2.705335381173E-03));
#2734 = VECTOR('',#2735,1.);
#2735 = DIRECTION('',(1.,0.,0.));
#2736 = ORIENTED_EDGE('',*,*,#2737,.T.);
#2737 = EDGE_CURVE('',#2730,#2738,#2740,.T.);
#2738 = VERTEX_POINT('',#2739);
#2739 = CARTESIAN_POINT('',(19.87500213623,-1.081000244141,
    0.499998748302));
#2740 = LINE('',#2741,#2742);
#2741 = CARTESIAN_POINT('',(19.87500213623,-1.756274870445,
    2.355300536004));
#2742 = VECTOR('',#2743,1.);
#2743 = DIRECTION('',(0.,-0.342020143326,0.939692620786));
#2744 = ORIENTED_EDGE('',*,*,#2745,.T.);
#2745 = EDGE_CURVE('',#2738,#2720,#2746,.T.);
#2746 = LINE('',#2747,#2748);
#2747 = CARTESIAN_POINT('',(18.43750213623,-1.081000244141,
    0.499998748302));
#2748 = VECTOR('',#2749,1.);
#2749 = DIRECTION('',(-1.,0.,0.));
#2750 = PLANE('',#2751);
#2751 = AXIS2_PLACEMENT_3D('',#2752,#2753,#2754);
#2752 = CARTESIAN_POINT('',(18.43750213623,-0.990500244141,
    0.251352041842));
#2753 = DIRECTION('',(0.,-0.939692620786,-0.342020143326));
#2754 = DIRECTION('',(0.,0.342020143326,-0.939692620786));
#2755 = ADVANCED_FACE('',(#2756),#2781,.T.);
#2756 = FACE_BOUND('',#2757,.T.);
#2757 = EDGE_LOOP('',(#2758,#2759,#2767,#2775));
#2758 = ORIENTED_EDGE('',*,*,#2729,.F.);
#2759 = ORIENTED_EDGE('',*,*,#2760,.T.);
#2760 = EDGE_CURVE('',#2722,#2761,#2763,.T.);
#2761 = VERTEX_POINT('',#2762);
#2762 = CARTESIAN_POINT('',(14.12500213623,-0.900000244141,
    -1.251697540283E-06));
#2763 = LINE('',#2764,#2765);
#2764 = CARTESIAN_POINT('',(14.12500213623,-0.900000244141,
    0.499998748302));
#2765 = VECTOR('',#2766,1.);
#2766 = DIRECTION('',(0.,0.,-1.));
#2767 = ORIENTED_EDGE('',*,*,#2768,.F.);
#2768 = EDGE_CURVE('',#2769,#2761,#2771,.T.);
#2769 = VERTEX_POINT('',#2770);
#2770 = CARTESIAN_POINT('',(19.87500213623,-0.900000244141,
    -1.251697540283E-06));
#2771 = LINE('',#2772,#2773);
#2772 = CARTESIAN_POINT('',(14.12500213623,-0.900000244141,
    -1.251697540283E-06));
#2773 = VECTOR('',#2774,1.);
#2774 = DIRECTION('',(-1.,0.,0.));
#2775 = ORIENTED_EDGE('',*,*,#2776,.F.);
#2776 = EDGE_CURVE('',#2730,#2769,#2777,.T.);
#2777 = LINE('',#2778,#2779);
#2778 = CARTESIAN_POINT('',(19.87500213623,-0.900000244141,
    0.499998748302));
#2779 = VECTOR('',#2780,1.);
#2780 = DIRECTION('',(0.,0.,-1.));
#2781 = PLANE('',#2782);
#2782 = AXIS2_PLACEMENT_3D('',#2783,#2784,#2785);
#2783 = CARTESIAN_POINT('',(19.87500213623,-0.900000244141,
    0.499998748302));
#2784 = DIRECTION('',(0.,-1.,0.));
#2785 = DIRECTION('',(0.,0.,-1.));
#2786 = ADVANCED_FACE('',(#2787),#2821,.T.);
#2787 = FACE_BOUND('',#2788,.T.);
#2788 = EDGE_LOOP('',(#2789,#2799,#2807,#2815));
#2789 = ORIENTED_EDGE('',*,*,#2790,.T.);
#2790 = EDGE_CURVE('',#2791,#2793,#2795,.T.);
#2791 = VERTEX_POINT('',#2792);
#2792 = CARTESIAN_POINT('',(19.87500213623,-9.469000244141,
    0.499998748302));
#2793 = VERTEX_POINT('',#2794);
#2794 = CARTESIAN_POINT('',(19.87500213623,-9.650000244141,
    2.705335381173E-03));
#2795 = LINE('',#2796,#2797);
#2796 = CARTESIAN_POINT('',(19.87500213623,-9.744170067665,
    -0.256024128347));
#2797 = VECTOR('',#2798,1.);
#2798 = DIRECTION('',(0.,-0.342020143326,-0.939692620786));
#2799 = ORIENTED_EDGE('',*,*,#2800,.T.);
#2800 = EDGE_CURVE('',#2793,#2801,#2803,.T.);
#2801 = VERTEX_POINT('',#2802);
#2802 = CARTESIAN_POINT('',(14.12500213623,-9.650000244141,
    2.705335381173E-03));
#2803 = LINE('',#2804,#2805);
#2804 = CARTESIAN_POINT('',(15.56250213623,-9.650000244141,
    2.705335381173E-03));
#2805 = VECTOR('',#2806,1.);
#2806 = DIRECTION('',(-1.,0.,0.));
#2807 = ORIENTED_EDGE('',*,*,#2808,.T.);
#2808 = EDGE_CURVE('',#2801,#2809,#2811,.T.);
#2809 = VERTEX_POINT('',#2810);
#2810 = CARTESIAN_POINT('',(14.12500213623,-9.469000244141,
    0.499998748302));
#2811 = LINE('',#2812,#2813);
#2812 = CARTESIAN_POINT('',(14.12500213623,-8.998436730107,
    1.792861377529));
#2813 = VECTOR('',#2814,1.);
#2814 = DIRECTION('',(0.,0.342020143326,0.939692620786));
#2815 = ORIENTED_EDGE('',*,*,#2816,.T.);
#2816 = EDGE_CURVE('',#2809,#2791,#2817,.T.);
#2817 = LINE('',#2818,#2819);
#2818 = CARTESIAN_POINT('',(15.56250213623,-9.469000244141,
    0.499998748302));
#2819 = VECTOR('',#2820,1.);
#2820 = DIRECTION('',(1.,0.,0.));
#2821 = PLANE('',#2822);
#2822 = AXIS2_PLACEMENT_3D('',#2823,#2824,#2825);
#2823 = CARTESIAN_POINT('',(15.56250213623,-9.559500244141,
    0.251352041842));
#2824 = DIRECTION('',(0.,0.939692620786,-0.342020143326));
#2825 = DIRECTION('',(-1.,0.,0.));
#2826 = ADVANCED_FACE('',(#2827),#2852,.T.);
#2827 = FACE_BOUND('',#2828,.T.);
#2828 = EDGE_LOOP('',(#2829,#2830,#2838,#2846));
#2829 = ORIENTED_EDGE('',*,*,#2800,.F.);
#2830 = ORIENTED_EDGE('',*,*,#2831,.T.);
#2831 = EDGE_CURVE('',#2793,#2832,#2834,.T.);
#2832 = VERTEX_POINT('',#2833);
#2833 = CARTESIAN_POINT('',(19.87500213623,-9.650000244141,
    -1.251697540283E-06));
#2834 = LINE('',#2835,#2836);
#2835 = CARTESIAN_POINT('',(19.87500213623,-9.650000244141,
    0.499998748302));
#2836 = VECTOR('',#2837,1.);
#2837 = DIRECTION('',(0.,0.,-1.));
#2838 = ORIENTED_EDGE('',*,*,#2839,.F.);
#2839 = EDGE_CURVE('',#2840,#2832,#2842,.T.);
#2840 = VERTEX_POINT('',#2841);
#2841 = CARTESIAN_POINT('',(14.12500213623,-9.650000244141,
    -1.251697540283E-06));
#2842 = LINE('',#2843,#2844);
#2843 = CARTESIAN_POINT('',(19.87500213623,-9.650000244141,
    -1.251697540283E-06));
#2844 = VECTOR('',#2845,1.);
#2845 = DIRECTION('',(1.,0.,0.));
#2846 = ORIENTED_EDGE('',*,*,#2847,.F.);
#2847 = EDGE_CURVE('',#2801,#2840,#2848,.T.);
#2848 = LINE('',#2849,#2850);
#2849 = CARTESIAN_POINT('',(14.12500213623,-9.650000244141,
    0.499998748302));
#2850 = VECTOR('',#2851,1.);
#2851 = DIRECTION('',(0.,0.,-1.));
#2852 = PLANE('',#2853);
#2853 = AXIS2_PLACEMENT_3D('',#2854,#2855,#2856);
#2854 = CARTESIAN_POINT('',(14.12500213623,-9.650000244141,
    0.499998748302));
#2855 = DIRECTION('',(0.,1.,0.));
#2856 = DIRECTION('',(1.,0.,0.));
#2857 = ADVANCED_FACE('',(#2858),#2892,.T.);
#2858 = FACE_BOUND('',#2859,.T.);
#2859 = EDGE_LOOP('',(#2860,#2870,#2878,#2886));
#2860 = ORIENTED_EDGE('',*,*,#2861,.T.);
#2861 = EDGE_CURVE('',#2862,#2864,#2866,.T.);
#2862 = VERTEX_POINT('',#2863);
#2863 = CARTESIAN_POINT('',(14.12500213623,-11.08100020688,
    0.499998748302));
#2864 = VERTEX_POINT('',#2865);
#2865 = CARTESIAN_POINT('',(14.12500213623,-10.90000020688,
    2.705335381173E-03));
#2866 = LINE('',#2867,#2868);
#2867 = CARTESIAN_POINT('',(14.12500213623,-10.42565260561,
    -1.300553988102));
#2868 = VECTOR('',#2869,1.);
#2869 = DIRECTION('',(0.,0.342020143326,-0.939692620786));
#2870 = ORIENTED_EDGE('',*,*,#2871,.T.);
#2871 = EDGE_CURVE('',#2864,#2872,#2874,.T.);
#2872 = VERTEX_POINT('',#2873);
#2873 = CARTESIAN_POINT('',(19.87500213623,-10.90000020688,
    2.705335381173E-03));
#2874 = LINE('',#2875,#2876);
#2875 = CARTESIAN_POINT('',(18.43750213623,-10.90000020688,
    2.705335381173E-03));
#2876 = VECTOR('',#2877,1.);
#2877 = DIRECTION('',(1.,0.,0.));
#2878 = ORIENTED_EDGE('',*,*,#2879,.T.);
#2879 = EDGE_CURVE('',#2872,#2880,#2882,.T.);
#2880 = VERTEX_POINT('',#2881);
#2881 = CARTESIAN_POINT('',(19.87500213623,-11.08100020688,
    0.499998748302));
#2882 = LINE('',#2883,#2884);
#2883 = CARTESIAN_POINT('',(19.87500213623,-11.17138594316,
    0.748331517774));
#2884 = VECTOR('',#2885,1.);
#2885 = DIRECTION('',(0.,-0.342020143326,0.939692620786));
#2886 = ORIENTED_EDGE('',*,*,#2887,.T.);
#2887 = EDGE_CURVE('',#2880,#2862,#2888,.T.);
#2888 = LINE('',#2889,#2890);
#2889 = CARTESIAN_POINT('',(18.43750213623,-11.08100020688,
    0.499998748302));
#2890 = VECTOR('',#2891,1.);
#2891 = DIRECTION('',(-1.,0.,0.));
#2892 = PLANE('',#2893);
#2893 = AXIS2_PLACEMENT_3D('',#2894,#2895,#2896);
#2894 = CARTESIAN_POINT('',(18.43750213623,-10.99050020688,
    0.251352041842));
#2895 = DIRECTION('',(0.,-0.939692620786,-0.342020143326));
#2896 = DIRECTION('',(0.,0.342020143326,-0.939692620786));
#2897 = ADVANCED_FACE('',(#2898),#2923,.T.);
#2898 = FACE_BOUND('',#2899,.T.);
#2899 = EDGE_LOOP('',(#2900,#2901,#2909,#2917));
#2900 = ORIENTED_EDGE('',*,*,#2871,.F.);
#2901 = ORIENTED_EDGE('',*,*,#2902,.T.);
#2902 = EDGE_CURVE('',#2864,#2903,#2905,.T.);
#2903 = VERTEX_POINT('',#2904);
#2904 = CARTESIAN_POINT('',(14.12500213623,-10.90000020688,
    -1.251697540283E-06));
#2905 = LINE('',#2906,#2907);
#2906 = CARTESIAN_POINT('',(14.12500213623,-10.90000020688,
    0.499998748302));
#2907 = VECTOR('',#2908,1.);
#2908 = DIRECTION('',(0.,0.,-1.));
#2909 = ORIENTED_EDGE('',*,*,#2910,.F.);
#2910 = EDGE_CURVE('',#2911,#2903,#2913,.T.);
#2911 = VERTEX_POINT('',#2912);
#2912 = CARTESIAN_POINT('',(19.87500213623,-10.90000020688,
    -1.251697540283E-06));
#2913 = LINE('',#2914,#2915);
#2914 = CARTESIAN_POINT('',(14.12500213623,-10.90000020688,
    -1.251697540283E-06));
#2915 = VECTOR('',#2916,1.);
#2916 = DIRECTION('',(-1.,0.,0.));
#2917 = ORIENTED_EDGE('',*,*,#2918,.F.);
#2918 = EDGE_CURVE('',#2872,#2911,#2919,.T.);
#2919 = LINE('',#2920,#2921);
#2920 = CARTESIAN_POINT('',(19.87500213623,-10.90000020688,
    0.499998748302));
#2921 = VECTOR('',#2922,1.);
#2922 = DIRECTION('',(0.,0.,-1.));
#2923 = PLANE('',#2924);
#2924 = AXIS2_PLACEMENT_3D('',#2925,#2926,#2927);
#2925 = CARTESIAN_POINT('',(19.87500213623,-10.90000020688,
    0.499998748302));
#2926 = DIRECTION('',(0.,-1.,0.));
#2927 = DIRECTION('',(0.,0.,-1.));
#2928 = ADVANCED_FACE('',(#2929),#2963,.T.);
#2929 = FACE_BOUND('',#2930,.T.);
#2930 = EDGE_LOOP('',(#2931,#2941,#2949,#2957));
#2931 = ORIENTED_EDGE('',*,*,#2932,.T.);
#2932 = EDGE_CURVE('',#2933,#2935,#2937,.T.);
#2933 = VERTEX_POINT('',#2934);
#2934 = CARTESIAN_POINT('',(14.12500213623,-4.581000244141,
    0.499998748302));
#2935 = VERTEX_POINT('',#2936);
#2936 = CARTESIAN_POINT('',(14.12500213623,-4.400000244141,
    2.705335381173E-03));
#2937 = LINE('',#2938,#2939);
#2938 = CARTESIAN_POINT('',(14.12500213623,-4.305830420616,
    -0.256024128347));
#2939 = VECTOR('',#2940,1.);
#2940 = DIRECTION('',(0.,0.342020143326,-0.939692620786));
#2941 = ORIENTED_EDGE('',*,*,#2942,.T.);
#2942 = EDGE_CURVE('',#2935,#2943,#2945,.T.);
#2943 = VERTEX_POINT('',#2944);
#2944 = CARTESIAN_POINT('',(19.87500213623,-4.400000244141,
    2.705335381173E-03));
#2945 = LINE('',#2946,#2947);
#2946 = CARTESIAN_POINT('',(18.43750213623,-4.400000244141,
    2.705335381173E-03));
#2947 = VECTOR('',#2948,1.);
#2948 = DIRECTION('',(1.,0.,0.));
#2949 = ORIENTED_EDGE('',*,*,#2950,.T.);
#2950 = EDGE_CURVE('',#2943,#2951,#2953,.T.);
#2951 = VERTEX_POINT('',#2952);
#2952 = CARTESIAN_POINT('',(19.87500213623,-4.581000244141,
    0.499998748302));
#2953 = LINE('',#2954,#2955);
#2954 = CARTESIAN_POINT('',(19.87500213623,-5.051563758174,
    1.792861377529));
#2955 = VECTOR('',#2956,1.);
#2956 = DIRECTION('',(0.,-0.342020143326,0.939692620786));
#2957 = ORIENTED_EDGE('',*,*,#2958,.T.);
#2958 = EDGE_CURVE('',#2951,#2933,#2959,.T.);
#2959 = LINE('',#2960,#2961);
#2960 = CARTESIAN_POINT('',(18.43750213623,-4.581000244141,
    0.499998748302));
#2961 = VECTOR('',#2962,1.);
#2962 = DIRECTION('',(-1.,0.,0.));
#2963 = PLANE('',#2964);
#2964 = AXIS2_PLACEMENT_3D('',#2965,#2966,#2967);
#2965 = CARTESIAN_POINT('',(18.43750213623,-4.490500244141,
    0.251352041842));
#2966 = DIRECTION('',(0.,-0.939692620786,-0.342020143326));
#2967 = DIRECTION('',(0.,0.342020143326,-0.939692620786));
#2968 = ADVANCED_FACE('',(#2969),#2994,.T.);
#2969 = FACE_BOUND('',#2970,.T.);
#2970 = EDGE_LOOP('',(#2971,#2972,#2980,#2988));
#2971 = ORIENTED_EDGE('',*,*,#2942,.F.);
#2972 = ORIENTED_EDGE('',*,*,#2973,.T.);
#2973 = EDGE_CURVE('',#2935,#2974,#2976,.T.);
#2974 = VERTEX_POINT('',#2975);
#2975 = CARTESIAN_POINT('',(14.12500213623,-4.400000244141,
    -1.251697540283E-06));
#2976 = LINE('',#2977,#2978);
#2977 = CARTESIAN_POINT('',(14.12500213623,-4.400000244141,
    0.499998748302));
#2978 = VECTOR('',#2979,1.);
#2979 = DIRECTION('',(0.,0.,-1.));
#2980 = ORIENTED_EDGE('',*,*,#2981,.F.);
#2981 = EDGE_CURVE('',#2982,#2974,#2984,.T.);
#2982 = VERTEX_POINT('',#2983);
#2983 = CARTESIAN_POINT('',(19.87500213623,-4.400000244141,
    -1.251697540283E-06));
#2984 = LINE('',#2985,#2986);
#2985 = CARTESIAN_POINT('',(19.87500213623,-4.400000244141,
    -1.251697540283E-06));
#2986 = VECTOR('',#2987,1.);
#2987 = DIRECTION('',(-1.,0.,0.));
#2988 = ORIENTED_EDGE('',*,*,#2989,.F.);
#2989 = EDGE_CURVE('',#2943,#2982,#2990,.T.);
#2990 = LINE('',#2991,#2992);
#2991 = CARTESIAN_POINT('',(19.87500213623,-4.400000244141,
    0.499998748302));
#2992 = VECTOR('',#2993,1.);
#2993 = DIRECTION('',(0.,0.,-1.));
#2994 = PLANE('',#2995);
#2995 = AXIS2_PLACEMENT_3D('',#2996,#2997,#2998);
#2996 = CARTESIAN_POINT('',(19.87500213623,-4.400000244141,
    0.499998748302));
#2997 = DIRECTION('',(0.,-1.,0.));
#2998 = DIRECTION('',(0.,0.,-1.));
#2999 = ADVANCED_FACE('',(#3000),#3034,.T.);
#3000 = FACE_BOUND('',#3001,.T.);
#3001 = EDGE_LOOP('',(#3002,#3012,#3020,#3028));
#3002 = ORIENTED_EDGE('',*,*,#3003,.T.);
#3003 = EDGE_CURVE('',#3004,#3006,#3008,.T.);
#3004 = VERTEX_POINT('',#3005);
#3005 = CARTESIAN_POINT('',(19.87500213623,-2.969000244141,
    0.499998748302));
#3006 = VERTEX_POINT('',#3007);
#3007 = CARTESIAN_POINT('',(19.87500213623,-3.150000244141,
    2.705335381173E-03));
#3008 = LINE('',#3009,#3010);
#3009 = CARTESIAN_POINT('',(19.87500213623,-3.624347847597,
    -1.300553994088));
#3010 = VECTOR('',#3011,1.);
#3011 = DIRECTION('',(0.,-0.342020143326,-0.939692620786));
#3012 = ORIENTED_EDGE('',*,*,#3013,.T.);
#3013 = EDGE_CURVE('',#3006,#3014,#3016,.T.);
#3014 = VERTEX_POINT('',#3015);
#3015 = CARTESIAN_POINT('',(14.12500213623,-3.150000244141,
    2.705335381173E-03));
#3016 = LINE('',#3017,#3018);
#3017 = CARTESIAN_POINT('',(15.56250213623,-3.150000244141,
    2.705335381173E-03));
#3018 = VECTOR('',#3019,1.);
#3019 = DIRECTION('',(-1.,0.,0.));
#3020 = ORIENTED_EDGE('',*,*,#3021,.T.);
#3021 = EDGE_CURVE('',#3014,#3022,#3024,.T.);
#3022 = VERTEX_POINT('',#3023);
#3023 = CARTESIAN_POINT('',(14.12500213623,-2.969000244141,
    0.499998748302));
#3024 = LINE('',#3025,#3026);
#3025 = CARTESIAN_POINT('',(14.12500213623,-2.878614510039,
    0.748331511788));
#3026 = VECTOR('',#3027,1.);
#3027 = DIRECTION('',(0.,0.342020143326,0.939692620786));
#3028 = ORIENTED_EDGE('',*,*,#3029,.T.);
#3029 = EDGE_CURVE('',#3022,#3004,#3030,.T.);
#3030 = LINE('',#3031,#3032);
#3031 = CARTESIAN_POINT('',(15.56250213623,-2.969000244141,
    0.499998748302));
#3032 = VECTOR('',#3033,1.);
#3033 = DIRECTION('',(1.,0.,0.));
#3034 = PLANE('',#3035);
#3035 = AXIS2_PLACEMENT_3D('',#3036,#3037,#3038);
#3036 = CARTESIAN_POINT('',(15.56250213623,-3.059500244141,
    0.251352041842));
#3037 = DIRECTION('',(0.,0.939692620786,-0.342020143326));
#3038 = DIRECTION('',(-1.,0.,0.));
#3039 = ADVANCED_FACE('',(#3040),#3065,.T.);
#3040 = FACE_BOUND('',#3041,.T.);
#3041 = EDGE_LOOP('',(#3042,#3043,#3051,#3059));
#3042 = ORIENTED_EDGE('',*,*,#3013,.F.);
#3043 = ORIENTED_EDGE('',*,*,#3044,.T.);
#3044 = EDGE_CURVE('',#3006,#3045,#3047,.T.);
#3045 = VERTEX_POINT('',#3046);
#3046 = CARTESIAN_POINT('',(19.87500213623,-3.150000244141,
    -1.251697540283E-06));
#3047 = LINE('',#3048,#3049);
#3048 = CARTESIAN_POINT('',(19.87500213623,-3.150000244141,
    0.499998748302));
#3049 = VECTOR('',#3050,1.);
#3050 = DIRECTION('',(0.,0.,-1.));
#3051 = ORIENTED_EDGE('',*,*,#3052,.F.);
#3052 = EDGE_CURVE('',#3053,#3045,#3055,.T.);
#3053 = VERTEX_POINT('',#3054);
#3054 = CARTESIAN_POINT('',(14.12500213623,-3.150000244141,
    -1.251697540283E-06));
#3055 = LINE('',#3056,#3057);
#3056 = CARTESIAN_POINT('',(14.12500213623,-3.150000244141,
    -1.251697540283E-06));
#3057 = VECTOR('',#3058,1.);
#3058 = DIRECTION('',(1.,0.,0.));
#3059 = ORIENTED_EDGE('',*,*,#3060,.F.);
#3060 = EDGE_CURVE('',#3014,#3053,#3061,.T.);
#3061 = LINE('',#3062,#3063);
#3062 = CARTESIAN_POINT('',(14.12500213623,-3.150000244141,
    0.499998748302));
#3063 = VECTOR('',#3064,1.);
#3064 = DIRECTION('',(0.,0.,-1.));
#3065 = PLANE('',#3066);
#3066 = AXIS2_PLACEMENT_3D('',#3067,#3068,#3069);
#3067 = CARTESIAN_POINT('',(14.12500213623,-3.150000244141,
    0.499998748302));
#3068 = DIRECTION('',(0.,1.,0.));
#3069 = DIRECTION('',(1.,0.,0.));
#3070 = ADVANCED_FACE('',(#3071),#3089,.F.);
#3071 = FACE_BOUND('',#3072,.F.);
#3072 = EDGE_LOOP('',(#3073,#3080,#3081,#3088));
#3073 = ORIENTED_EDGE('',*,*,#3074,.T.);
#3074 = EDGE_CURVE('',#1616,#1608,#3075,.T.);
#3075 = CIRCLE('',#3076,1.);
#3076 = AXIS2_PLACEMENT_3D('',#3077,#3078,#3079);
#3077 = CARTESIAN_POINT('',(19.87500213623,-10.27500022551,
    1.624998748302));
#3078 = DIRECTION('',(-1.,0.,0.));
#3079 = DIRECTION('',(0.,0.,1.));
#3080 = ORIENTED_EDGE('',*,*,#1605,.F.);
#3081 = ORIENTED_EDGE('',*,*,#3082,.T.);
#3082 = EDGE_CURVE('',#1606,#1625,#3083,.T.);
#3083 = CIRCLE('',#3084,1.);
#3084 = AXIS2_PLACEMENT_3D('',#3085,#3086,#3087);
#3085 = CARTESIAN_POINT('',(14.12500213623,-10.27500022551,
    1.624998748302));
#3086 = DIRECTION('',(1.,0.,-0.));
#3087 = DIRECTION('',(0.,0.,1.));
#3088 = ORIENTED_EDGE('',*,*,#1624,.T.);
#3089 = CYLINDRICAL_SURFACE('',#3090,1.);
#3090 = AXIS2_PLACEMENT_3D('',#3091,#3092,#3093);
#3091 = CARTESIAN_POINT('',(14.12500213623,-10.27500022551,
    1.624998748302));
#3092 = DIRECTION('',(1.,0.,0.));
#3093 = DIRECTION('',(0.,0.,1.));
#3094 = ADVANCED_FACE('',(#3095),#3113,.F.);
#3095 = FACE_BOUND('',#3096,.F.);
#3096 = EDGE_LOOP('',(#3097,#3104,#3105,#3112));
#3097 = ORIENTED_EDGE('',*,*,#3098,.T.);
#3098 = EDGE_CURVE('',#1574,#1566,#3099,.T.);
#3099 = CIRCLE('',#3100,1.);
#3100 = AXIS2_PLACEMENT_3D('',#3101,#3102,#3103);
#3101 = CARTESIAN_POINT('',(19.87500213623,-3.775000244141,
    1.624998748302));
#3102 = DIRECTION('',(-1.,0.,0.));
#3103 = DIRECTION('',(0.,0.,1.));
#3104 = ORIENTED_EDGE('',*,*,#1563,.F.);
#3105 = ORIENTED_EDGE('',*,*,#3106,.T.);
#3106 = EDGE_CURVE('',#1564,#1583,#3107,.T.);
#3107 = CIRCLE('',#3108,1.);
#3108 = AXIS2_PLACEMENT_3D('',#3109,#3110,#3111);
#3109 = CARTESIAN_POINT('',(14.12500213623,-3.775000244141,
    1.624998748302));
#3110 = DIRECTION('',(1.,0.,-0.));
#3111 = DIRECTION('',(0.,0.,1.));
#3112 = ORIENTED_EDGE('',*,*,#1582,.T.);
#3113 = CYLINDRICAL_SURFACE('',#3114,1.);
#3114 = AXIS2_PLACEMENT_3D('',#3115,#3116,#3117);
#3115 = CARTESIAN_POINT('',(14.12500213623,-3.775000244141,
    1.624998748302));
#3116 = DIRECTION('',(1.,0.,0.));
#3117 = DIRECTION('',(0.,0.,1.));
#3118 = ADVANCED_FACE('',(#3119),#3153,.F.);
#3119 = FACE_BOUND('',#3120,.T.);
#3120 = EDGE_LOOP('',(#3121,#3131,#3139,#3147));
#3121 = ORIENTED_EDGE('',*,*,#3122,.F.);
#3122 = EDGE_CURVE('',#3123,#3125,#3127,.T.);
#3123 = VERTEX_POINT('',#3124);
#3124 = CARTESIAN_POINT('',(18.00000213623,-1.150000244141,
    6.499998748302));
#3125 = VERTEX_POINT('',#3126);
#3126 = CARTESIAN_POINT('',(18.00000213623,-3.150000244141,
    6.499998748302));
#3127 = LINE('',#3128,#3129);
#3128 = CARTESIAN_POINT('',(18.00000213623,-4.087500244141,
    6.499998748302));
#3129 = VECTOR('',#3130,1.);
#3130 = DIRECTION('',(0.,-1.,0.));
#3131 = ORIENTED_EDGE('',*,*,#3132,.T.);
#3132 = EDGE_CURVE('',#3123,#3133,#3135,.T.);
#3133 = VERTEX_POINT('',#3134);
#3134 = CARTESIAN_POINT('',(18.00000213623,-1.150000244141,
    6.249998748302));
#3135 = LINE('',#3136,#3137);
#3136 = CARTESIAN_POINT('',(18.00000213623,-1.150000244141,
    6.499998748302));
#3137 = VECTOR('',#3138,1.);
#3138 = DIRECTION('',(0.,0.,-1.));
#3139 = ORIENTED_EDGE('',*,*,#3140,.T.);
#3140 = EDGE_CURVE('',#3133,#3141,#3143,.T.);
#3141 = VERTEX_POINT('',#3142);
#3142 = CARTESIAN_POINT('',(18.00000213623,-3.150000244141,
    6.249998748302));
#3143 = LINE('',#3144,#3145);
#3144 = CARTESIAN_POINT('',(18.00000213623,-1.150000244141,
    6.249998748302));
#3145 = VECTOR('',#3146,1.);
#3146 = DIRECTION('',(0.,-1.,0.));
#3147 = ORIENTED_EDGE('',*,*,#3148,.F.);
#3148 = EDGE_CURVE('',#3125,#3141,#3149,.T.);
#3149 = LINE('',#3150,#3151);
#3150 = CARTESIAN_POINT('',(18.00000213623,-3.150000244141,
    6.499998748302));
#3151 = VECTOR('',#3152,1.);
#3152 = DIRECTION('',(0.,0.,-1.));
#3153 = PLANE('',#3154);
#3154 = AXIS2_PLACEMENT_3D('',#3155,#3156,#3157);
#3155 = CARTESIAN_POINT('',(18.00000213623,-1.150000244141,
    6.499998748302));
#3156 = DIRECTION('',(1.,0.,0.));
#3157 = DIRECTION('',(0.,1.,0.));
#3158 = ADVANCED_FACE('',(#3159),#3184,.F.);
#3159 = FACE_BOUND('',#3160,.T.);
#3160 = EDGE_LOOP('',(#3161,#3169,#3177,#3183));
#3161 = ORIENTED_EDGE('',*,*,#3162,.F.);
#3162 = EDGE_CURVE('',#3163,#3123,#3165,.T.);
#3163 = VERTEX_POINT('',#3164);
#3164 = CARTESIAN_POINT('',(16.00000213623,-1.150000244141,
    6.499998748302));
#3165 = LINE('',#3166,#3167);
#3166 = CARTESIAN_POINT('',(16.50000213623,-1.150000244141,
    6.499998748302));
#3167 = VECTOR('',#3168,1.);
#3168 = DIRECTION('',(1.,0.,0.));
#3169 = ORIENTED_EDGE('',*,*,#3170,.T.);
#3170 = EDGE_CURVE('',#3163,#3171,#3173,.T.);
#3171 = VERTEX_POINT('',#3172);
#3172 = CARTESIAN_POINT('',(16.00000213623,-1.150000244141,
    6.249998748302));
#3173 = LINE('',#3174,#3175);
#3174 = CARTESIAN_POINT('',(16.00000213623,-1.150000244141,
    6.499998748302));
#3175 = VECTOR('',#3176,1.);
#3176 = DIRECTION('',(0.,0.,-1.));
#3177 = ORIENTED_EDGE('',*,*,#3178,.T.);
#3178 = EDGE_CURVE('',#3171,#3133,#3179,.T.);
#3179 = LINE('',#3180,#3181);
#3180 = CARTESIAN_POINT('',(16.00000213623,-1.150000244141,
    6.249998748302));
#3181 = VECTOR('',#3182,1.);
#3182 = DIRECTION('',(1.,0.,0.));
#3183 = ORIENTED_EDGE('',*,*,#3132,.F.);
#3184 = PLANE('',#3185);
#3185 = AXIS2_PLACEMENT_3D('',#3186,#3187,#3188);
#3186 = CARTESIAN_POINT('',(16.00000213623,-1.150000244141,
    6.499998748302));
#3187 = DIRECTION('',(0.,1.,0.));
#3188 = DIRECTION('',(1.,0.,0.));
#3189 = ADVANCED_FACE('',(#3190),#3215,.F.);
#3190 = FACE_BOUND('',#3191,.T.);
#3191 = EDGE_LOOP('',(#3192,#3200,#3208,#3214));
#3192 = ORIENTED_EDGE('',*,*,#3193,.F.);
#3193 = EDGE_CURVE('',#3194,#3163,#3196,.T.);
#3194 = VERTEX_POINT('',#3195);
#3195 = CARTESIAN_POINT('',(16.00000213623,-3.150000244141,
    6.499998748302));
#3196 = LINE('',#3197,#3198);
#3197 = CARTESIAN_POINT('',(16.00000213623,-5.087500244141,
    6.499998748302));
#3198 = VECTOR('',#3199,1.);
#3199 = DIRECTION('',(0.,1.,0.));
#3200 = ORIENTED_EDGE('',*,*,#3201,.T.);
#3201 = EDGE_CURVE('',#3194,#3202,#3204,.T.);
#3202 = VERTEX_POINT('',#3203);
#3203 = CARTESIAN_POINT('',(16.00000213623,-3.150000244141,
    6.249998748302));
#3204 = LINE('',#3205,#3206);
#3205 = CARTESIAN_POINT('',(16.00000213623,-3.150000244141,
    6.499998748302));
#3206 = VECTOR('',#3207,1.);
#3207 = DIRECTION('',(0.,0.,-1.));
#3208 = ORIENTED_EDGE('',*,*,#3209,.T.);
#3209 = EDGE_CURVE('',#3202,#3171,#3210,.T.);
#3210 = LINE('',#3211,#3212);
#3211 = CARTESIAN_POINT('',(16.00000213623,-3.150000244141,
    6.249998748302));
#3212 = VECTOR('',#3213,1.);
#3213 = DIRECTION('',(0.,1.,0.));
#3214 = ORIENTED_EDGE('',*,*,#3170,.F.);
#3215 = PLANE('',#3216);
#3216 = AXIS2_PLACEMENT_3D('',#3217,#3218,#3219);
#3217 = CARTESIAN_POINT('',(16.00000213623,-3.150000244141,
    6.499998748302));
#3218 = DIRECTION('',(-1.,0.,0.));
#3219 = DIRECTION('',(0.,0.,1.));
#3220 = ADVANCED_FACE('',(#3221),#3237,.F.);
#3221 = FACE_BOUND('',#3222,.T.);
#3222 = EDGE_LOOP('',(#3223,#3229,#3230,#3236));
#3223 = ORIENTED_EDGE('',*,*,#3224,.F.);
#3224 = EDGE_CURVE('',#3125,#3194,#3225,.T.);
#3225 = LINE('',#3226,#3227);
#3226 = CARTESIAN_POINT('',(17.50000213623,-3.150000244141,
    6.499998748302));
#3227 = VECTOR('',#3228,1.);
#3228 = DIRECTION('',(-1.,0.,0.));
#3229 = ORIENTED_EDGE('',*,*,#3148,.T.);
#3230 = ORIENTED_EDGE('',*,*,#3231,.T.);
#3231 = EDGE_CURVE('',#3141,#3202,#3232,.T.);
#3232 = LINE('',#3233,#3234);
#3233 = CARTESIAN_POINT('',(18.00000213623,-3.150000244141,
    6.249998748302));
#3234 = VECTOR('',#3235,1.);
#3235 = DIRECTION('',(-1.,0.,0.));
#3236 = ORIENTED_EDGE('',*,*,#3201,.F.);
#3237 = PLANE('',#3238);
#3238 = AXIS2_PLACEMENT_3D('',#3239,#3240,#3241);
#3239 = CARTESIAN_POINT('',(18.00000213623,-3.150000244141,
    6.499998748302));
#3240 = DIRECTION('',(0.,-1.,0.));
#3241 = DIRECTION('',(0.,0.,-1.));
#3242 = ADVANCED_FACE('',(#3243),#3249,.F.);
#3243 = FACE_BOUND('',#3244,.T.);
#3244 = EDGE_LOOP('',(#3245,#3246,#3247,#3248));
#3245 = ORIENTED_EDGE('',*,*,#3231,.F.);
#3246 = ORIENTED_EDGE('',*,*,#3140,.F.);
#3247 = ORIENTED_EDGE('',*,*,#3178,.F.);
#3248 = ORIENTED_EDGE('',*,*,#3209,.F.);
#3249 = PLANE('',#3250);
#3250 = AXIS2_PLACEMENT_3D('',#3251,#3252,#3253);
#3251 = CARTESIAN_POINT('',(17.00000213623,-2.150000244141,
    6.249998748302));
#3252 = DIRECTION('',(0.,0.,-1.));
#3253 = DIRECTION('',(0.,-1.,0.));
#3254 = ADVANCED_FACE('',(#3255),#3289,.T.);
#3255 = FACE_BOUND('',#3256,.T.);
#3256 = EDGE_LOOP('',(#3257,#3267,#3275,#3283));
#3257 = ORIENTED_EDGE('',*,*,#3258,.F.);
#3258 = EDGE_CURVE('',#3259,#3261,#3263,.T.);
#3259 = VERTEX_POINT('',#3260);
#3260 = CARTESIAN_POINT('',(16.00000213623,-0.900000244141,
    1.999998748302));
#3261 = VERTEX_POINT('',#3262);
#3262 = CARTESIAN_POINT('',(16.00000213623,-0.650000244141,
    1.749998748302));
#3263 = LINE('',#3264,#3265);
#3264 = CARTESIAN_POINT('',(16.00000213623,-1.900000244141,
    2.999998748302));
#3265 = VECTOR('',#3266,1.);
#3266 = DIRECTION('',(0.,0.707106781187,-0.707106781187));
#3267 = ORIENTED_EDGE('',*,*,#3268,.T.);
#3268 = EDGE_CURVE('',#3259,#3269,#3271,.T.);
#3269 = VERTEX_POINT('',#3270);
#3270 = CARTESIAN_POINT('',(18.00000213623,-0.900000244141,
    1.999998748302));
#3271 = LINE('',#3272,#3273);
#3272 = CARTESIAN_POINT('',(18.00000213623,-0.900000244141,
    1.999998748302));
#3273 = VECTOR('',#3274,1.);
#3274 = DIRECTION('',(1.,0.,0.));
#3275 = ORIENTED_EDGE('',*,*,#3276,.F.);
#3276 = EDGE_CURVE('',#3277,#3269,#3279,.T.);
#3277 = VERTEX_POINT('',#3278);
#3278 = CARTESIAN_POINT('',(18.00000213623,-0.650000244141,
    1.749998748302));
#3279 = LINE('',#3280,#3281);
#3280 = CARTESIAN_POINT('',(18.00000213623,-0.775000244141,
    1.874998748302));
#3281 = VECTOR('',#3282,1.);
#3282 = DIRECTION('',(0.,-0.707106781187,0.707106781187));
#3283 = ORIENTED_EDGE('',*,*,#3284,.T.);
#3284 = EDGE_CURVE('',#3277,#3261,#3285,.T.);
#3285 = LINE('',#3286,#3287);
#3286 = CARTESIAN_POINT('',(17.93750213623,-0.650000244141,
    1.749998748302));
#3287 = VECTOR('',#3288,1.);
#3288 = DIRECTION('',(-1.,0.,0.));
#3289 = PLANE('',#3290);
#3290 = AXIS2_PLACEMENT_3D('',#3291,#3292,#3293);
#3291 = CARTESIAN_POINT('',(17.93750213623,-0.775000244141,
    1.874998748302));
#3292 = DIRECTION('',(0.,0.707106781187,0.707106781187));
#3293 = DIRECTION('',(1.,0.,0.));
#3294 = ADVANCED_FACE('',(#3295),#3329,.T.);
#3295 = FACE_BOUND('',#3296,.T.);
#3296 = EDGE_LOOP('',(#3297,#3307,#3315,#3323));
#3297 = ORIENTED_EDGE('',*,*,#3298,.F.);
#3298 = EDGE_CURVE('',#3299,#3301,#3303,.T.);
#3299 = VERTEX_POINT('',#3300);
#3300 = CARTESIAN_POINT('',(18.00000213623,-13.15000024414,
    1.999998748302));
#3301 = VERTEX_POINT('',#3302);
#3302 = CARTESIAN_POINT('',(18.00000213623,-13.40000024414,
    1.749998748302));
#3303 = LINE('',#3304,#3305);
#3304 = CARTESIAN_POINT('',(18.00000213623,-12.15000024414,
    2.999998748302));
#3305 = VECTOR('',#3306,1.);
#3306 = DIRECTION('',(0.,-0.707106781187,-0.707106781187));
#3307 = ORIENTED_EDGE('',*,*,#3308,.T.);
#3308 = EDGE_CURVE('',#3299,#3309,#3311,.T.);
#3309 = VERTEX_POINT('',#3310);
#3310 = CARTESIAN_POINT('',(16.00000213623,-13.15000024414,
    1.999998748302));
#3311 = LINE('',#3312,#3313);
#3312 = CARTESIAN_POINT('',(18.00000213623,-13.15000024414,
    1.999998748302));
#3313 = VECTOR('',#3314,1.);
#3314 = DIRECTION('',(-1.,0.,0.));
#3315 = ORIENTED_EDGE('',*,*,#3316,.F.);
#3316 = EDGE_CURVE('',#3317,#3309,#3319,.T.);
#3317 = VERTEX_POINT('',#3318);
#3318 = CARTESIAN_POINT('',(16.00000213623,-13.40000024414,
    1.749998748302));
#3319 = LINE('',#3320,#3321);
#3320 = CARTESIAN_POINT('',(16.00000213623,-13.27500024414,
    1.874998748302));
#3321 = VECTOR('',#3322,1.);
#3322 = DIRECTION('',(0.,0.707106781187,0.707106781187));
#3323 = ORIENTED_EDGE('',*,*,#3324,.T.);
#3324 = EDGE_CURVE('',#3317,#3301,#3325,.T.);
#3325 = LINE('',#3326,#3327);
#3326 = CARTESIAN_POINT('',(16.06250213623,-13.40000024414,
    1.749998748302));
#3327 = VECTOR('',#3328,1.);
#3328 = DIRECTION('',(1.,0.,0.));
#3329 = PLANE('',#3330);
#3330 = AXIS2_PLACEMENT_3D('',#3331,#3332,#3333);
#3331 = CARTESIAN_POINT('',(16.06250213623,-13.27500024414,
    1.874998748302));
#3332 = DIRECTION('',(0.,-0.707106781187,0.707106781187));
#3333 = DIRECTION('',(-1.,0.,0.));
#3334 = ADVANCED_FACE('',(#3335),#3360,.F.);
#3335 = FACE_BOUND('',#3336,.T.);
#3336 = EDGE_LOOP('',(#3337,#3345,#3353,#3359));
#3337 = ORIENTED_EDGE('',*,*,#3338,.F.);
#3338 = EDGE_CURVE('',#3339,#3261,#3341,.T.);
#3339 = VERTEX_POINT('',#3340);
#3340 = CARTESIAN_POINT('',(16.00000213623,-0.650000244141,
    6.499998748302));
#3341 = LINE('',#3342,#3343);
#3342 = CARTESIAN_POINT('',(16.00000213623,-0.650000244141,
    3.499998748302));
#3343 = VECTOR('',#3344,1.);
#3344 = DIRECTION('',(0.,0.,-1.));
#3345 = ORIENTED_EDGE('',*,*,#3346,.F.);
#3346 = EDGE_CURVE('',#3347,#3339,#3349,.T.);
#3347 = VERTEX_POINT('',#3348);
#3348 = CARTESIAN_POINT('',(16.00000213623,-0.900000244141,
    6.499998748302));
#3349 = LINE('',#3350,#3351);
#3350 = CARTESIAN_POINT('',(16.00000213623,-3.837500244141,
    6.499998748302));
#3351 = VECTOR('',#3352,1.);
#3352 = DIRECTION('',(0.,1.,0.));
#3353 = ORIENTED_EDGE('',*,*,#3354,.T.);
#3354 = EDGE_CURVE('',#3347,#3259,#3355,.T.);
#3355 = LINE('',#3356,#3357);
#3356 = CARTESIAN_POINT('',(16.00000213623,-0.900000244141,
    1.999998748302));
#3357 = VECTOR('',#3358,1.);
#3358 = DIRECTION('',(0.,0.,-1.));
#3359 = ORIENTED_EDGE('',*,*,#3258,.T.);
#3360 = PLANE('',#3361);
#3361 = AXIS2_PLACEMENT_3D('',#3362,#3363,#3364);
#3362 = CARTESIAN_POINT('',(16.00000213623,-0.650000244141,
    6.499998748302));
#3363 = DIRECTION('',(-1.,0.,0.));
#3364 = DIRECTION('',(0.,0.,1.));
#3365 = ADVANCED_FACE('',(#3366),#3391,.F.);
#3366 = FACE_BOUND('',#3367,.T.);
#3367 = EDGE_LOOP('',(#3368,#3376,#3377,#3385));
#3368 = ORIENTED_EDGE('',*,*,#3369,.F.);
#3369 = EDGE_CURVE('',#3277,#3370,#3372,.T.);
#3370 = VERTEX_POINT('',#3371);
#3371 = CARTESIAN_POINT('',(18.00000213623,-0.650000244141,
    6.499998748302));
#3372 = LINE('',#3373,#3374);
#3373 = CARTESIAN_POINT('',(18.00000213623,-0.650000244141,
    1.249998748302));
#3374 = VECTOR('',#3375,1.);
#3375 = DIRECTION('',(0.,0.,1.));
#3376 = ORIENTED_EDGE('',*,*,#3276,.T.);
#3377 = ORIENTED_EDGE('',*,*,#3378,.T.);
#3378 = EDGE_CURVE('',#3269,#3379,#3381,.T.);
#3379 = VERTEX_POINT('',#3380);
#3380 = CARTESIAN_POINT('',(18.00000213623,-0.900000244141,
    6.499998748302));
#3381 = LINE('',#3382,#3383);
#3382 = CARTESIAN_POINT('',(18.00000213623,-0.900000244141,
    6.499998748302));
#3383 = VECTOR('',#3384,1.);
#3384 = DIRECTION('',(0.,0.,1.));
#3385 = ORIENTED_EDGE('',*,*,#3386,.F.);
#3386 = EDGE_CURVE('',#3370,#3379,#3387,.T.);
#3387 = LINE('',#3388,#3389);
#3388 = CARTESIAN_POINT('',(18.00000213623,-3.837500244141,
    6.499998748302));
#3389 = VECTOR('',#3390,1.);
#3390 = DIRECTION('',(0.,-1.,0.));
#3391 = PLANE('',#3392);
#3392 = AXIS2_PLACEMENT_3D('',#3393,#3394,#3395);
#3393 = CARTESIAN_POINT('',(18.00000213623,-0.650000244141,
    1.999998748302));
#3394 = DIRECTION('',(1.,0.,0.));
#3395 = DIRECTION('',(0.,1.,0.));
#3396 = ADVANCED_FACE('',(#3397),#3408,.F.);
#3397 = FACE_BOUND('',#3398,.T.);
#3398 = EDGE_LOOP('',(#3399,#3400,#3401,#3407));
#3399 = ORIENTED_EDGE('',*,*,#3268,.F.);
#3400 = ORIENTED_EDGE('',*,*,#3354,.F.);
#3401 = ORIENTED_EDGE('',*,*,#3402,.F.);
#3402 = EDGE_CURVE('',#3379,#3347,#3403,.T.);
#3403 = LINE('',#3404,#3405);
#3404 = CARTESIAN_POINT('',(17.00000213623,-0.900000244141,
    6.499998748302));
#3405 = VECTOR('',#3406,1.);
#3406 = DIRECTION('',(-1.,0.,0.));
#3407 = ORIENTED_EDGE('',*,*,#3378,.F.);
#3408 = PLANE('',#3409);
#3409 = AXIS2_PLACEMENT_3D('',#3410,#3411,#3412);
#3410 = CARTESIAN_POINT('',(17.00000213623,-0.900000244141,
    4.249998748302));
#3411 = DIRECTION('',(0.,-1.,0.));
#3412 = DIRECTION('',(0.,0.,-1.));
#3413 = ADVANCED_FACE('',(#3414),#3439,.F.);
#3414 = FACE_BOUND('',#3415,.T.);
#3415 = EDGE_LOOP('',(#3416,#3424,#3432,#3438));
#3416 = ORIENTED_EDGE('',*,*,#3417,.F.);
#3417 = EDGE_CURVE('',#3418,#3301,#3420,.T.);
#3418 = VERTEX_POINT('',#3419);
#3419 = CARTESIAN_POINT('',(18.00000213623,-13.40000024414,
    6.499998748302));
#3420 = LINE('',#3421,#3422);
#3421 = CARTESIAN_POINT('',(18.00000213623,-13.40000024414,
    3.499998748302));
#3422 = VECTOR('',#3423,1.);
#3423 = DIRECTION('',(0.,0.,-1.));
#3424 = ORIENTED_EDGE('',*,*,#3425,.F.);
#3425 = EDGE_CURVE('',#3426,#3418,#3428,.T.);
#3426 = VERTEX_POINT('',#3427);
#3427 = CARTESIAN_POINT('',(18.00000213623,-13.15000024414,
    6.499998748302));
#3428 = LINE('',#3429,#3430);
#3429 = CARTESIAN_POINT('',(18.00000213623,-10.21250024414,
    6.499998748302));
#3430 = VECTOR('',#3431,1.);
#3431 = DIRECTION('',(0.,-1.,0.));
#3432 = ORIENTED_EDGE('',*,*,#3433,.T.);
#3433 = EDGE_CURVE('',#3426,#3299,#3434,.T.);
#3434 = LINE('',#3435,#3436);
#3435 = CARTESIAN_POINT('',(18.00000213623,-13.15000024414,
    6.499998748302));
#3436 = VECTOR('',#3437,1.);
#3437 = DIRECTION('',(0.,0.,-1.));
#3438 = ORIENTED_EDGE('',*,*,#3298,.T.);
#3439 = PLANE('',#3440);
#3440 = AXIS2_PLACEMENT_3D('',#3441,#3442,#3443);
#3441 = CARTESIAN_POINT('',(18.00000213623,-13.40000024414,
    6.499998748302));
#3442 = DIRECTION('',(1.,0.,0.));
#3443 = DIRECTION('',(0.,1.,0.));
#3444 = ADVANCED_FACE('',(#3445),#3470,.F.);
#3445 = FACE_BOUND('',#3446,.T.);
#3446 = EDGE_LOOP('',(#3447,#3455,#3456,#3464));
#3447 = ORIENTED_EDGE('',*,*,#3448,.F.);
#3448 = EDGE_CURVE('',#3317,#3449,#3451,.T.);
#3449 = VERTEX_POINT('',#3450);
#3450 = CARTESIAN_POINT('',(16.00000213623,-13.40000024414,
    6.499998748302));
#3451 = LINE('',#3452,#3453);
#3452 = CARTESIAN_POINT('',(16.00000213623,-13.40000024414,
    1.249998748302));
#3453 = VECTOR('',#3454,1.);
#3454 = DIRECTION('',(0.,0.,1.));
#3455 = ORIENTED_EDGE('',*,*,#3316,.T.);
#3456 = ORIENTED_EDGE('',*,*,#3457,.T.);
#3457 = EDGE_CURVE('',#3309,#3458,#3460,.T.);
#3458 = VERTEX_POINT('',#3459);
#3459 = CARTESIAN_POINT('',(16.00000213623,-13.15000024414,
    6.499998748302));
#3460 = LINE('',#3461,#3462);
#3461 = CARTESIAN_POINT('',(16.00000213623,-13.15000024414,
    1.999998748302));
#3462 = VECTOR('',#3463,1.);
#3463 = DIRECTION('',(0.,0.,1.));
#3464 = ORIENTED_EDGE('',*,*,#3465,.F.);
#3465 = EDGE_CURVE('',#3449,#3458,#3466,.T.);
#3466 = LINE('',#3467,#3468);
#3467 = CARTESIAN_POINT('',(16.00000213623,-10.21250024414,
    6.499998748302));
#3468 = VECTOR('',#3469,1.);
#3469 = DIRECTION('',(0.,1.,0.));
#3470 = PLANE('',#3471);
#3471 = AXIS2_PLACEMENT_3D('',#3472,#3473,#3474);
#3472 = CARTESIAN_POINT('',(16.00000213623,-13.40000024414,
    1.999998748302));
#3473 = DIRECTION('',(-1.,0.,0.));
#3474 = DIRECTION('',(0.,0.,1.));
#3475 = ADVANCED_FACE('',(#3476),#3487,.F.);
#3476 = FACE_BOUND('',#3477,.T.);
#3477 = EDGE_LOOP('',(#3478,#3479,#3480,#3486));
#3478 = ORIENTED_EDGE('',*,*,#3308,.F.);
#3479 = ORIENTED_EDGE('',*,*,#3433,.F.);
#3480 = ORIENTED_EDGE('',*,*,#3481,.F.);
#3481 = EDGE_CURVE('',#3458,#3426,#3482,.T.);
#3482 = LINE('',#3483,#3484);
#3483 = CARTESIAN_POINT('',(17.00000213623,-13.15000024414,
    6.499998748302));
#3484 = VECTOR('',#3485,1.);
#3485 = DIRECTION('',(1.,0.,0.));
#3486 = ORIENTED_EDGE('',*,*,#3457,.F.);
#3487 = PLANE('',#3488);
#3488 = AXIS2_PLACEMENT_3D('',#3489,#3490,#3491);
#3489 = CARTESIAN_POINT('',(17.00000213623,-13.15000024414,
    4.249998748302));
#3490 = DIRECTION('',(0.,1.,0.));
#3491 = DIRECTION('',(1.,0.,0.));
#3492 = ADVANCED_FACE('',(#3493),#3518,.T.);
#3493 = FACE_BOUND('',#3494,.T.);
#3494 = EDGE_LOOP('',(#3495,#3496,#3504,#3512));
#3495 = ORIENTED_EDGE('',*,*,#2768,.T.);
#3496 = ORIENTED_EDGE('',*,*,#3497,.T.);
#3497 = EDGE_CURVE('',#2761,#3498,#3500,.T.);
#3498 = VERTEX_POINT('',#3499);
#3499 = CARTESIAN_POINT('',(14.12500213623,-0.650000244141,
    -1.251697540283E-06));
#3500 = LINE('',#3501,#3502);
#3501 = CARTESIAN_POINT('',(14.12500213623,-0.650000244141,
    -1.251697540283E-06));
#3502 = VECTOR('',#3503,1.);
#3503 = DIRECTION('',(0.,1.,0.));
#3504 = ORIENTED_EDGE('',*,*,#3505,.T.);
#3505 = EDGE_CURVE('',#3498,#3506,#3508,.T.);
#3506 = VERTEX_POINT('',#3507);
#3507 = CARTESIAN_POINT('',(19.87500213623,-0.650000244141,
    -1.251697540283E-06));
#3508 = LINE('',#3509,#3510);
#3509 = CARTESIAN_POINT('',(19.87500213623,-0.650000244141,
    -1.251697540283E-06));
#3510 = VECTOR('',#3511,1.);
#3511 = DIRECTION('',(1.,0.,0.));
#3512 = ORIENTED_EDGE('',*,*,#3513,.T.);
#3513 = EDGE_CURVE('',#3506,#2769,#3514,.T.);
#3514 = LINE('',#3515,#3516);
#3515 = CARTESIAN_POINT('',(19.87500213623,-0.900000244141,
    -1.251697540283E-06));
#3516 = VECTOR('',#3517,1.);
#3517 = DIRECTION('',(0.,-1.,0.));
#3518 = PLANE('',#3519);
#3519 = AXIS2_PLACEMENT_3D('',#3520,#3521,#3522);
#3520 = CARTESIAN_POINT('',(17.00000213623,-0.775000244141,
    -1.251697540283E-06));
#3521 = DIRECTION('',(0.,0.,-1.));
#3522 = DIRECTION('',(0.,-1.,0.));
#3523 = ADVANCED_FACE('',(#3524),#3540,.T.);
#3524 = FACE_BOUND('',#3525,.T.);
#3525 = EDGE_LOOP('',(#3526,#3527,#3533,#3534));
#3526 = ORIENTED_EDGE('',*,*,#2910,.T.);
#3527 = ORIENTED_EDGE('',*,*,#3528,.T.);
#3528 = EDGE_CURVE('',#2903,#2840,#3529,.T.);
#3529 = LINE('',#3530,#3531);
#3530 = CARTESIAN_POINT('',(14.12500213623,-9.650000244141,
    -1.251697540283E-06));
#3531 = VECTOR('',#3532,1.);
#3532 = DIRECTION('',(0.,1.,0.));
#3533 = ORIENTED_EDGE('',*,*,#2839,.T.);
#3534 = ORIENTED_EDGE('',*,*,#3535,.T.);
#3535 = EDGE_CURVE('',#2832,#2911,#3536,.T.);
#3536 = LINE('',#3537,#3538);
#3537 = CARTESIAN_POINT('',(19.87500213623,-10.90000020688,
    -1.251697540283E-06));
#3538 = VECTOR('',#3539,1.);
#3539 = DIRECTION('',(0.,-1.,0.));
#3540 = PLANE('',#3541);
#3541 = AXIS2_PLACEMENT_3D('',#3542,#3543,#3544);
#3542 = CARTESIAN_POINT('',(17.00000213623,-10.27500022551,
    -1.251697540283E-06));
#3543 = DIRECTION('',(0.,0.,-1.));
#3544 = DIRECTION('',(0.,-1.,0.));
#3545 = ADVANCED_FACE('',(#3546,#3562),#3568,.F.);
#3546 = FACE_BOUND('',#3547,.T.);
#3547 = EDGE_LOOP('',(#3548,#3549,#3555,#3556));
#3548 = ORIENTED_EDGE('',*,*,#2674,.F.);
#3549 = ORIENTED_EDGE('',*,*,#3550,.F.);
#3550 = EDGE_CURVE('',#2862,#2667,#3551,.T.);
#3551 = LINE('',#3552,#3553);
#3552 = CARTESIAN_POINT('',(14.12500213623,-0.650000244141,
    0.499998748302));
#3553 = VECTOR('',#3554,1.);
#3554 = DIRECTION('',(0.,-1.,0.));
#3555 = ORIENTED_EDGE('',*,*,#2887,.F.);
#3556 = ORIENTED_EDGE('',*,*,#3557,.F.);
#3557 = EDGE_CURVE('',#2649,#2880,#3558,.T.);
#3558 = LINE('',#3559,#3560);
#3559 = CARTESIAN_POINT('',(19.87500213623,-13.40000024414,
    0.499998748302));
#3560 = VECTOR('',#3561,1.);
#3561 = DIRECTION('',(0.,1.,0.));
#3562 = FACE_BOUND('',#3563,.T.);
#3563 = EDGE_LOOP('',(#3564,#3565,#3566,#3567));
#3564 = ORIENTED_EDGE('',*,*,#2612,.T.);
#3565 = ORIENTED_EDGE('',*,*,#2633,.T.);
#3566 = ORIENTED_EDGE('',*,*,#2514,.T.);
#3567 = ORIENTED_EDGE('',*,*,#2588,.T.);
#3568 = PLANE('',#3569);
#3569 = AXIS2_PLACEMENT_3D('',#3570,#3571,#3572);
#3570 = CARTESIAN_POINT('',(17.00000213623,-7.025000244141,
    0.499998748302));
#3571 = DIRECTION('',(0.,0.,1.));
#3572 = DIRECTION('',(1.,0.,0.));
#3573 = ADVANCED_FACE('',(#3574),#3590,.T.);
#3574 = FACE_BOUND('',#3575,.T.);
#3575 = EDGE_LOOP('',(#3576,#3582,#3583,#3589));
#3576 = ORIENTED_EDGE('',*,*,#3577,.T.);
#3577 = EDGE_CURVE('',#3045,#2982,#3578,.T.);
#3578 = LINE('',#3579,#3580);
#3579 = CARTESIAN_POINT('',(19.87500213623,-3.150000244141,
    -1.251697540283E-06));
#3580 = VECTOR('',#3581,1.);
#3581 = DIRECTION('',(0.,-1.,0.));
#3582 = ORIENTED_EDGE('',*,*,#2981,.T.);
#3583 = ORIENTED_EDGE('',*,*,#3584,.T.);
#3584 = EDGE_CURVE('',#2974,#3053,#3585,.T.);
#3585 = LINE('',#3586,#3587);
#3586 = CARTESIAN_POINT('',(14.12500213623,-4.400000244141,
    -1.251697540283E-06));
#3587 = VECTOR('',#3588,1.);
#3588 = DIRECTION('',(0.,1.,0.));
#3589 = ORIENTED_EDGE('',*,*,#3052,.T.);
#3590 = PLANE('',#3591);
#3591 = AXIS2_PLACEMENT_3D('',#3592,#3593,#3594);
#3592 = CARTESIAN_POINT('',(17.00000213623,-3.775000244141,
    -1.251697540283E-06));
#3593 = DIRECTION('',(0.,0.,-1.));
#3594 = DIRECTION('',(0.,-1.,0.));
#3595 = ADVANCED_FACE('',(#3596),#3621,.T.);
#3596 = FACE_BOUND('',#3597,.T.);
#3597 = EDGE_LOOP('',(#3598,#3606,#3614,#3620));
#3598 = ORIENTED_EDGE('',*,*,#3599,.T.);
#3599 = EDGE_CURVE('',#2690,#3600,#3602,.T.);
#3600 = VERTEX_POINT('',#3601);
#3601 = CARTESIAN_POINT('',(19.87500213623,-13.40000024414,
    -1.251697540283E-06));
#3602 = LINE('',#3603,#3604);
#3603 = CARTESIAN_POINT('',(19.87500213623,-13.15000024414,
    -1.251697540283E-06));
#3604 = VECTOR('',#3605,1.);
#3605 = DIRECTION('',(0.,-1.,0.));
#3606 = ORIENTED_EDGE('',*,*,#3607,.T.);
#3607 = EDGE_CURVE('',#3600,#3608,#3610,.T.);
#3608 = VERTEX_POINT('',#3609);
#3609 = CARTESIAN_POINT('',(14.12500213623,-13.40000024414,
    -1.251697540283E-06));
#3610 = LINE('',#3611,#3612);
#3611 = CARTESIAN_POINT('',(19.87500213623,-13.40000024414,
    -1.251697540283E-06));
#3612 = VECTOR('',#3613,1.);
#3613 = DIRECTION('',(-1.,0.,0.));
#3614 = ORIENTED_EDGE('',*,*,#3615,.T.);
#3615 = EDGE_CURVE('',#3608,#2698,#3616,.T.);
#3616 = LINE('',#3617,#3618);
#3617 = CARTESIAN_POINT('',(14.12500213623,-13.40000024414,
    -1.251697540283E-06));
#3618 = VECTOR('',#3619,1.);
#3619 = DIRECTION('',(0.,1.,0.));
#3620 = ORIENTED_EDGE('',*,*,#2697,.T.);
#3621 = PLANE('',#3622);
#3622 = AXIS2_PLACEMENT_3D('',#3623,#3624,#3625);
#3623 = CARTESIAN_POINT('',(17.00000213623,-13.27500024414,
    -1.251697540283E-06));
#3624 = DIRECTION('',(0.,0.,-1.));
#3625 = DIRECTION('',(0.,-1.,0.));
#3626 = ADVANCED_FACE('',(#3627),#3661,.T.);
#3627 = FACE_BOUND('',#3628,.T.);
#3628 = EDGE_LOOP('',(#3629,#3630,#3638,#3644,#3645,#3653,#3659,#3660));
#3629 = ORIENTED_EDGE('',*,*,#3369,.T.);
#3630 = ORIENTED_EDGE('',*,*,#3631,.F.);
#3631 = EDGE_CURVE('',#3632,#3370,#3634,.T.);
#3632 = VERTEX_POINT('',#3633);
#3633 = CARTESIAN_POINT('',(19.87500213623,-0.650000244141,
    6.499998748302));
#3634 = LINE('',#3635,#3636);
#3635 = CARTESIAN_POINT('',(19.87500213623,-0.650000244141,
    6.499998748302));
#3636 = VECTOR('',#3637,1.);
#3637 = DIRECTION('',(-1.,0.,0.));
#3638 = ORIENTED_EDGE('',*,*,#3639,.F.);
#3639 = EDGE_CURVE('',#3506,#3632,#3640,.T.);
#3640 = LINE('',#3641,#3642);
#3641 = CARTESIAN_POINT('',(19.87500213623,-0.650000244141,
    0.499998748302));
#3642 = VECTOR('',#3643,1.);
#3643 = DIRECTION('',(0.,0.,1.));
#3644 = ORIENTED_EDGE('',*,*,#3505,.F.);
#3645 = ORIENTED_EDGE('',*,*,#3646,.F.);
#3646 = EDGE_CURVE('',#3647,#3498,#3649,.T.);
#3647 = VERTEX_POINT('',#3648);
#3648 = CARTESIAN_POINT('',(14.12500213623,-0.650000244141,
    6.499998748302));
#3649 = LINE('',#3650,#3651);
#3650 = CARTESIAN_POINT('',(14.12500213623,-0.650000244141,
    0.499998748302));
#3651 = VECTOR('',#3652,1.);
#3652 = DIRECTION('',(0.,0.,-1.));
#3653 = ORIENTED_EDGE('',*,*,#3654,.F.);
#3654 = EDGE_CURVE('',#3339,#3647,#3655,.T.);
#3655 = LINE('',#3656,#3657);
#3656 = CARTESIAN_POINT('',(19.87500213623,-0.650000244141,
    6.499998748302));
#3657 = VECTOR('',#3658,1.);
#3658 = DIRECTION('',(-1.,0.,0.));
#3659 = ORIENTED_EDGE('',*,*,#3338,.T.);
#3660 = ORIENTED_EDGE('',*,*,#3284,.F.);
#3661 = PLANE('',#3662);
#3662 = AXIS2_PLACEMENT_3D('',#3663,#3664,#3665);
#3663 = CARTESIAN_POINT('',(19.87500213623,-0.650000244141,
    0.499998748302));
#3664 = DIRECTION('',(0.,1.,0.));
#3665 = DIRECTION('',(1.,0.,0.));
#3666 = ADVANCED_FACE('',(#3667,#3713,#3717),#3721,.T.);
#3667 = FACE_BOUND('',#3668,.T.);
#3668 = EDGE_LOOP('',(#3669,#3670,#3671,#3672,#3673,#3674,#3675,#3681,
    #3682,#3683,#3684,#3685,#3686,#3692,#3693,#3694,#3695,#3696,#3704,
    #3710,#3711,#3712));
#3669 = ORIENTED_EDGE('',*,*,#3557,.T.);
#3670 = ORIENTED_EDGE('',*,*,#2879,.F.);
#3671 = ORIENTED_EDGE('',*,*,#2918,.T.);
#3672 = ORIENTED_EDGE('',*,*,#3535,.F.);
#3673 = ORIENTED_EDGE('',*,*,#2831,.F.);
#3674 = ORIENTED_EDGE('',*,*,#2790,.F.);
#3675 = ORIENTED_EDGE('',*,*,#3676,.T.);
#3676 = EDGE_CURVE('',#2791,#2951,#3677,.T.);
#3677 = LINE('',#3678,#3679);
#3678 = CARTESIAN_POINT('',(19.87500213623,-13.40000024414,
    0.499998748302));
#3679 = VECTOR('',#3680,1.);
#3680 = DIRECTION('',(0.,1.,0.));
#3681 = ORIENTED_EDGE('',*,*,#2950,.F.);
#3682 = ORIENTED_EDGE('',*,*,#2989,.T.);
#3683 = ORIENTED_EDGE('',*,*,#3577,.F.);
#3684 = ORIENTED_EDGE('',*,*,#3044,.F.);
#3685 = ORIENTED_EDGE('',*,*,#3003,.F.);
#3686 = ORIENTED_EDGE('',*,*,#3687,.T.);
#3687 = EDGE_CURVE('',#3004,#2738,#3688,.T.);
#3688 = LINE('',#3689,#3690);
#3689 = CARTESIAN_POINT('',(19.87500213623,-13.40000024414,
    0.499998748302));
#3690 = VECTOR('',#3691,1.);
#3691 = DIRECTION('',(0.,1.,0.));
#3692 = ORIENTED_EDGE('',*,*,#2737,.F.);
#3693 = ORIENTED_EDGE('',*,*,#2776,.T.);
#3694 = ORIENTED_EDGE('',*,*,#3513,.F.);
#3695 = ORIENTED_EDGE('',*,*,#3639,.T.);
#3696 = ORIENTED_EDGE('',*,*,#3697,.F.);
#3697 = EDGE_CURVE('',#3698,#3632,#3700,.T.);
#3698 = VERTEX_POINT('',#3699);
#3699 = CARTESIAN_POINT('',(19.87500213623,-13.40000024414,
    6.499998748302));
#3700 = LINE('',#3701,#3702);
#3701 = CARTESIAN_POINT('',(19.87500213623,-13.40000024414,
    6.499998748302));
#3702 = VECTOR('',#3703,1.);
#3703 = DIRECTION('',(0.,1.,0.));
#3704 = ORIENTED_EDGE('',*,*,#3705,.F.);
#3705 = EDGE_CURVE('',#3600,#3698,#3706,.T.);
#3706 = LINE('',#3707,#3708);
#3707 = CARTESIAN_POINT('',(19.87500213623,-13.40000024414,
    0.499998748302));
#3708 = VECTOR('',#3709,1.);
#3709 = DIRECTION('',(0.,0.,1.));
#3710 = ORIENTED_EDGE('',*,*,#3599,.F.);
#3711 = ORIENTED_EDGE('',*,*,#2689,.F.);
#3712 = ORIENTED_EDGE('',*,*,#2648,.F.);
#3713 = FACE_BOUND('',#3714,.T.);
#3714 = EDGE_LOOP('',(#3715,#3716));
#3715 = ORIENTED_EDGE('',*,*,#1615,.T.);
#3716 = ORIENTED_EDGE('',*,*,#3074,.T.);
#3717 = FACE_BOUND('',#3718,.T.);
#3718 = EDGE_LOOP('',(#3719,#3720));
#3719 = ORIENTED_EDGE('',*,*,#1573,.T.);
#3720 = ORIENTED_EDGE('',*,*,#3098,.T.);
#3721 = PLANE('',#3722);
#3722 = AXIS2_PLACEMENT_3D('',#3723,#3724,#3725);
#3723 = CARTESIAN_POINT('',(19.87500213623,-13.40000024414,
    0.499998748302));
#3724 = DIRECTION('',(1.,0.,0.));
#3725 = DIRECTION('',(0.,1.,0.));
#3726 = ADVANCED_FACE('',(#3727),#3754,.T.);
#3727 = FACE_BOUND('',#3728,.T.);
#3728 = EDGE_LOOP('',(#3729,#3730,#3738,#3744,#3745,#3746,#3752,#3753));
#3729 = ORIENTED_EDGE('',*,*,#3448,.T.);
#3730 = ORIENTED_EDGE('',*,*,#3731,.F.);
#3731 = EDGE_CURVE('',#3732,#3449,#3734,.T.);
#3732 = VERTEX_POINT('',#3733);
#3733 = CARTESIAN_POINT('',(14.12500213623,-13.40000024414,
    6.499998748302));
#3734 = LINE('',#3735,#3736);
#3735 = CARTESIAN_POINT('',(14.12500213623,-13.40000024414,
    6.499998748302));
#3736 = VECTOR('',#3737,1.);
#3737 = DIRECTION('',(1.,0.,0.));
#3738 = ORIENTED_EDGE('',*,*,#3739,.F.);
#3739 = EDGE_CURVE('',#3608,#3732,#3740,.T.);
#3740 = LINE('',#3741,#3742);
#3741 = CARTESIAN_POINT('',(14.12500213623,-13.40000024414,
    0.499998748302));
#3742 = VECTOR('',#3743,1.);
#3743 = DIRECTION('',(0.,0.,1.));
#3744 = ORIENTED_EDGE('',*,*,#3607,.F.);
#3745 = ORIENTED_EDGE('',*,*,#3705,.T.);
#3746 = ORIENTED_EDGE('',*,*,#3747,.F.);
#3747 = EDGE_CURVE('',#3418,#3698,#3748,.T.);
#3748 = LINE('',#3749,#3750);
#3749 = CARTESIAN_POINT('',(14.12500213623,-13.40000024414,
    6.499998748302));
#3750 = VECTOR('',#3751,1.);
#3751 = DIRECTION('',(1.,0.,0.));
#3752 = ORIENTED_EDGE('',*,*,#3417,.T.);
#3753 = ORIENTED_EDGE('',*,*,#3324,.F.);
#3754 = PLANE('',#3755);
#3755 = AXIS2_PLACEMENT_3D('',#3756,#3757,#3758);
#3756 = CARTESIAN_POINT('',(14.12500213623,-13.40000024414,
    0.499998748302));
#3757 = DIRECTION('',(0.,-1.,0.));
#3758 = DIRECTION('',(0.,0.,-1.));
#3759 = ADVANCED_FACE('',(#3760,#3799,#3803),#3807,.T.);
#3760 = FACE_BOUND('',#3761,.T.);
#3761 = EDGE_LOOP('',(#3762,#3768,#3769,#3770,#3771,#3772,#3773,#3779,
    #3780,#3781,#3782,#3783,#3784,#3785,#3786,#3787,#3788,#3789,#3795,
    #3796,#3797,#3798));
#3762 = ORIENTED_EDGE('',*,*,#3763,.T.);
#3763 = EDGE_CURVE('',#2720,#3022,#3764,.T.);
#3764 = LINE('',#3765,#3766);
#3765 = CARTESIAN_POINT('',(14.12500213623,-0.650000244141,
    0.499998748302));
#3766 = VECTOR('',#3767,1.);
#3767 = DIRECTION('',(0.,-1.,0.));
#3768 = ORIENTED_EDGE('',*,*,#3021,.F.);
#3769 = ORIENTED_EDGE('',*,*,#3060,.T.);
#3770 = ORIENTED_EDGE('',*,*,#3584,.F.);
#3771 = ORIENTED_EDGE('',*,*,#2973,.F.);
#3772 = ORIENTED_EDGE('',*,*,#2932,.F.);
#3773 = ORIENTED_EDGE('',*,*,#3774,.T.);
#3774 = EDGE_CURVE('',#2933,#2809,#3775,.T.);
#3775 = LINE('',#3776,#3777);
#3776 = CARTESIAN_POINT('',(14.12500213623,-0.650000244141,
    0.499998748302));
#3777 = VECTOR('',#3778,1.);
#3778 = DIRECTION('',(0.,-1.,0.));
#3779 = ORIENTED_EDGE('',*,*,#2808,.F.);
#3780 = ORIENTED_EDGE('',*,*,#2847,.T.);
#3781 = ORIENTED_EDGE('',*,*,#3528,.F.);
#3782 = ORIENTED_EDGE('',*,*,#2902,.F.);
#3783 = ORIENTED_EDGE('',*,*,#2861,.F.);
#3784 = ORIENTED_EDGE('',*,*,#3550,.T.);
#3785 = ORIENTED_EDGE('',*,*,#2666,.F.);
#3786 = ORIENTED_EDGE('',*,*,#2705,.T.);
#3787 = ORIENTED_EDGE('',*,*,#3615,.F.);
#3788 = ORIENTED_EDGE('',*,*,#3739,.T.);
#3789 = ORIENTED_EDGE('',*,*,#3790,.F.);
#3790 = EDGE_CURVE('',#3647,#3732,#3791,.T.);
#3791 = LINE('',#3792,#3793);
#3792 = CARTESIAN_POINT('',(14.12500213623,-0.650000244141,
    6.499998748302));
#3793 = VECTOR('',#3794,1.);
#3794 = DIRECTION('',(0.,-1.,0.));
#3795 = ORIENTED_EDGE('',*,*,#3646,.T.);
#3796 = ORIENTED_EDGE('',*,*,#3497,.F.);
#3797 = ORIENTED_EDGE('',*,*,#2760,.F.);
#3798 = ORIENTED_EDGE('',*,*,#2719,.F.);
#3799 = FACE_BOUND('',#3800,.T.);
#3800 = EDGE_LOOP('',(#3801,#3802));
#3801 = ORIENTED_EDGE('',*,*,#3082,.T.);
#3802 = ORIENTED_EDGE('',*,*,#1632,.T.);
#3803 = FACE_BOUND('',#3804,.T.);
#3804 = EDGE_LOOP('',(#3805,#3806));
#3805 = ORIENTED_EDGE('',*,*,#3106,.T.);
#3806 = ORIENTED_EDGE('',*,*,#1590,.T.);
#3807 = PLANE('',#3808);
#3808 = AXIS2_PLACEMENT_3D('',#3809,#3810,#3811);
#3809 = CARTESIAN_POINT('',(14.12500213623,-0.650000244141,
    0.499998748302));
#3810 = DIRECTION('',(-1.,0.,0.));
#3811 = DIRECTION('',(0.,0.,1.));
#3812 = ADVANCED_FACE('',(#3813,#3819),#3825,.F.);
#3813 = FACE_BOUND('',#3814,.T.);
#3814 = EDGE_LOOP('',(#3815,#3816,#3817,#3818));
#3815 = ORIENTED_EDGE('',*,*,#2399,.F.);
#3816 = ORIENTED_EDGE('',*,*,#2424,.F.);
#3817 = ORIENTED_EDGE('',*,*,#2328,.F.);
#3818 = ORIENTED_EDGE('',*,*,#2441,.F.);
#3819 = FACE_BOUND('',#3820,.T.);
#3820 = EDGE_LOOP('',(#3821,#3822,#3823,#3824));
#3821 = ORIENTED_EDGE('',*,*,#2745,.F.);
#3822 = ORIENTED_EDGE('',*,*,#3687,.F.);
#3823 = ORIENTED_EDGE('',*,*,#3029,.F.);
#3824 = ORIENTED_EDGE('',*,*,#3763,.F.);
#3825 = PLANE('',#3826);
#3826 = AXIS2_PLACEMENT_3D('',#3827,#3828,#3829);
#3827 = CARTESIAN_POINT('',(17.00000213623,-7.025000244141,
    0.499998748302));
#3828 = DIRECTION('',(0.,0.,1.));
#3829 = DIRECTION('',(1.,0.,0.));
#3830 = ADVANCED_FACE('',(#3831,#3837),#3843,.F.);
#3831 = FACE_BOUND('',#3832,.T.);
#3832 = EDGE_LOOP('',(#3833,#3834,#3835,#3836));
#3833 = ORIENTED_EDGE('',*,*,#2207,.F.);
#3834 = ORIENTED_EDGE('',*,*,#2232,.F.);
#3835 = ORIENTED_EDGE('',*,*,#2136,.F.);
#3836 = ORIENTED_EDGE('',*,*,#2249,.F.);
#3837 = FACE_BOUND('',#3838,.T.);
#3838 = EDGE_LOOP('',(#3839,#3840,#3841,#3842));
#3839 = ORIENTED_EDGE('',*,*,#2816,.F.);
#3840 = ORIENTED_EDGE('',*,*,#3774,.F.);
#3841 = ORIENTED_EDGE('',*,*,#2958,.F.);
#3842 = ORIENTED_EDGE('',*,*,#3676,.F.);
#3843 = PLANE('',#3844);
#3844 = AXIS2_PLACEMENT_3D('',#3845,#3846,#3847);
#3845 = CARTESIAN_POINT('',(17.00000213623,-7.025000244141,
    0.499998748302));
#3846 = DIRECTION('',(0.,0.,1.));
#3847 = DIRECTION('',(1.,0.,0.));
#3848 = ADVANCED_FACE('',(#3849,#3855,#3869),#3875,.T.);
#3849 = FACE_BOUND('',#3850,.T.);
#3850 = EDGE_LOOP('',(#3851,#3852,#3853,#3854));
#3851 = ORIENTED_EDGE('',*,*,#2039,.T.);
#3852 = ORIENTED_EDGE('',*,*,#2057,.T.);
#3853 = ORIENTED_EDGE('',*,*,#1958,.T.);
#3854 = ORIENTED_EDGE('',*,*,#2015,.T.);
#3855 = FACE_BOUND('',#3856,.T.);
#3856 = EDGE_LOOP('',(#3857,#3858,#3859,#3860,#3861,#3862,#3863,#3864,
    #3865,#3866,#3867,#3868));
#3857 = ORIENTED_EDGE('',*,*,#3386,.T.);
#3858 = ORIENTED_EDGE('',*,*,#3402,.T.);
#3859 = ORIENTED_EDGE('',*,*,#3346,.T.);
#3860 = ORIENTED_EDGE('',*,*,#3654,.T.);
#3861 = ORIENTED_EDGE('',*,*,#3790,.T.);
#3862 = ORIENTED_EDGE('',*,*,#3731,.T.);
#3863 = ORIENTED_EDGE('',*,*,#3465,.T.);
#3864 = ORIENTED_EDGE('',*,*,#3481,.T.);
#3865 = ORIENTED_EDGE('',*,*,#3425,.T.);
#3866 = ORIENTED_EDGE('',*,*,#3747,.T.);
#3867 = ORIENTED_EDGE('',*,*,#3697,.T.);
#3868 = ORIENTED_EDGE('',*,*,#3631,.T.);
#3869 = FACE_BOUND('',#3870,.T.);
#3870 = EDGE_LOOP('',(#3871,#3872,#3873,#3874));
#3871 = ORIENTED_EDGE('',*,*,#3122,.T.);
#3872 = ORIENTED_EDGE('',*,*,#3224,.T.);
#3873 = ORIENTED_EDGE('',*,*,#3193,.T.);
#3874 = ORIENTED_EDGE('',*,*,#3162,.T.);
#3875 = PLANE('',#3876);
#3876 = AXIS2_PLACEMENT_3D('',#3877,#3878,#3879);
#3877 = CARTESIAN_POINT('',(17.00000213623,-7.025000244141,
    6.499998748302));
#3878 = DIRECTION('',(0.,0.,1.));
#3879 = DIRECTION('',(1.,0.,0.));
#3880 = ( GEOMETRIC_REPRESENTATION_CONTEXT(3) 
GLOBAL_UNCERTAINTY_ASSIGNED_CONTEXT((#3884)) 
GLOBAL_UNIT_ASSIGNED_CONTEXT((#3881,#3882,#3883)) REPRESENTATION_CONTEXT
('Context #1','3D Context with UNIT and UNCERTAINTY') );
#3881 = ( LENGTH_UNIT() NAMED_UNIT(*) SI_UNIT(.MILLI.,.METRE.) );
#3882 = ( NAMED_UNIT(*) PLANE_ANGLE_UNIT() SI_UNIT($,.RADIAN.) );
#3883 = ( NAMED_UNIT(*) SI_UNIT($,.STERADIAN.) SOLID_ANGLE_UNIT() );
#3884 = UNCERTAINTY_MEASURE_WITH_UNIT(LENGTH_MEASURE(1.E-07),#3881,
  'distance_accuracy_value','confusion accuracy');
#3885 = PRODUCT_RELATED_PRODUCT_CATEGORY('part',$,(#1553));
#3886 = SHAPE_DEFINITION_REPRESENTATION(#3887,#3893);
#3887 = PRODUCT_DEFINITION_SHAPE('','',#3888);
#3888 = PRODUCT_DEFINITION('design','',#3889,#3892);
#3889 = PRODUCT_DEFINITION_FORMATION('','',#3890);
#3890 = PRODUCT('Open CASCADE STEP translator 7.5 39',
  'Open CASCADE STEP translator 7.5 39','',(#3891));
#3891 = PRODUCT_CONTEXT('',#2,'mechanical');
#3892 = PRODUCT_DEFINITION_CONTEXT('part definition',#2,'design');
#3893 = ADVANCED_BREP_SHAPE_REPRESENTATION('',(#11,#3894),#11578);
#3894 = MANIFOLD_SOLID_BREP('',#3895);
#3895 = CLOSED_SHELL('',(#3896,#3938,#3980,#4022,#4064,#4086,#4158,#4180
    ,#4252,#4356,#4430,#4504,#4548,#4652,#4726,#4800,#4844,#4948,#5022,
    #5096,#5140,#5244,#5318,#5392,#5436,#5540,#5614,#5688,#5732,#5836,
    #5910,#5984,#6028,#6132,#6206,#6280,#6324,#6428,#6502,#6576,#6620,
    #6651,#6675,#6699,#6716,#6728,#6759,#6783,#6807,#6824,#6836,#6867,
    #6891,#6915,#6932,#6944,#6975,#6999,#7023,#7040,#7052,#7083,#7107,
    #7131,#7148,#7160,#7191,#7215,#7239,#7256,#7268,#7299,#7323,#7347,
    #7364,#7376,#7407,#7431,#7455,#7472,#7484,#7526,#7550,#7574,#7599,
    #7624,#7649,#7674,#7699,#7725,#7751,#7776,#7793,#7818,#7840,#7865,
    #7882,#7899,#7924,#7949,#7966,#7983,#8000,#8017,#8034,#8094,#8106,
    #8118,#8430,#8474,#8568,#8634,#8700,#8738,#8760,#8777,#8794,#8806,
    #8850,#8944,#9010,#9076,#9114,#9136,#9153,#9170,#9182,#9226,#9320,
    #9386,#9452,#9490,#9512,#9529,#9546,#9558,#9602,#9696,#9762,#9828,
    #9866,#9888,#9905,#9922,#9934,#9978,#10072,#10138,#10204,#10242,
    #10264,#10281,#10298,#10310,#10354,#10448,#10514,#10580,#10618,
    #10640,#10657,#10674,#10686,#10730,#10824,#10890,#10956,#10994,
    #11016,#11033,#11050,#11062,#11106,#11200,#11266,#11332,#11370,
    #11392,#11409,#11426,#11438,#11461,#11479,#11497,#11514,#11531,
    #11549,#11567));
#3896 = ADVANCED_FACE('',(#3897),#3933,.T.);
#3897 = FACE_BOUND('',#3898,.T.);
#3898 = EDGE_LOOP('',(#3899,#3909,#3918,#3926));
#3899 = ORIENTED_EDGE('',*,*,#3900,.F.);
#3900 = EDGE_CURVE('',#3901,#3903,#3905,.T.);
#3901 = VERTEX_POINT('',#3902);
#3902 = CARTESIAN_POINT('',(21.900101339201,-1.319917774361,
    -1.959999691792));
#3903 = VERTEX_POINT('',#3904);
#3904 = CARTESIAN_POINT('',(21.900101378541,-1.319917853041,
    -1.059999691792));
#3905 = LINE('',#3906,#3907);
#3906 = CARTESIAN_POINT('',(21.900101306417,-1.319917708793,
    -2.709999691792));
#3907 = VECTOR('',#3908,1.);
#3908 = DIRECTION('',(4.371140912996E-08,-8.742273446216E-08,1.));
#3909 = ORIENTED_EDGE('',*,*,#3910,.T.);
#3910 = EDGE_CURVE('',#3901,#3911,#3913,.T.);
#3911 = VERTEX_POINT('',#3912);
#3912 = CARTESIAN_POINT('',(21.850101339797,-1.269917773764,
    -1.959999685235));
#3913 = CIRCLE('',#3914,5.E-02);
#3914 = AXIS2_PLACEMENT_3D('',#3915,#3916,#3917);
#3915 = CARTESIAN_POINT('',(21.850101339201,-1.319917773764,
    -1.959999689606));
#3916 = DIRECTION('',(4.371140912996E-08,-8.742273446216E-08,1.));
#3917 = DIRECTION('',(1.,-1.192487681713E-08,-4.371141017247E-08));
#3918 = ORIENTED_EDGE('',*,*,#3919,.F.);
#3919 = EDGE_CURVE('',#3920,#3911,#3922,.T.);
#3920 = VERTEX_POINT('',#3921);
#3921 = CARTESIAN_POINT('',(21.850101379137,-1.269917852445,
    -1.059999685235));
#3922 = LINE('',#3923,#3924);
#3923 = CARTESIAN_POINT('',(21.850101307013,-1.269917708197,
    -2.709999685235));
#3924 = VECTOR('',#3925,1.);
#3925 = DIRECTION('',(-4.371140912996E-08,8.742273446216E-08,-1.));
#3926 = ORIENTED_EDGE('',*,*,#3927,.F.);
#3927 = EDGE_CURVE('',#3903,#3920,#3928,.T.);
#3928 = CIRCLE('',#3929,5.E-02);
#3929 = AXIS2_PLACEMENT_3D('',#3930,#3931,#3932);
#3930 = CARTESIAN_POINT('',(21.850101378541,-1.319917852445,
    -1.059999689606));
#3931 = DIRECTION('',(4.371140912996E-08,-8.742273446216E-08,1.));
#3932 = DIRECTION('',(1.,-1.192487681713E-08,-4.371141017247E-08));
#3933 = CYLINDRICAL_SURFACE('',#3934,5.E-02);
#3934 = AXIS2_PLACEMENT_3D('',#3935,#3936,#3937);
#3935 = CARTESIAN_POINT('',(21.850101306417,-1.319917708197,
    -2.709999689606));
#3936 = DIRECTION('',(4.371140912996E-08,-8.742273446216E-08,1.));
#3937 = DIRECTION('',(1.,-1.192487681713E-08,-4.371141017247E-08));
#3938 = ADVANCED_FACE('',(#3939),#3975,.T.);
#3939 = FACE_BOUND('',#3940,.T.);
#3940 = EDGE_LOOP('',(#3941,#3951,#3960,#3968));
#3941 = ORIENTED_EDGE('',*,*,#3942,.F.);
#3942 = EDGE_CURVE('',#3943,#3945,#3947,.T.);
#3943 = VERTEX_POINT('',#3944);
#3944 = CARTESIAN_POINT('',(21.85010121387,-11.82991777376,
    -1.960000608419));
#3945 = VERTEX_POINT('',#3946);
#3946 = CARTESIAN_POINT('',(21.85010125321,-11.82991785244,
    -1.060000608419));
#3947 = LINE('',#3948,#3949);
#3948 = CARTESIAN_POINT('',(21.850101181087,-11.82991770819,
    -2.710000608419));
#3949 = VECTOR('',#3950,1.);
#3950 = DIRECTION('',(4.371140912996E-08,-8.742273446216E-08,1.));
#3951 = ORIENTED_EDGE('',*,*,#3952,.T.);
#3952 = EDGE_CURVE('',#3943,#3953,#3955,.T.);
#3953 = VERTEX_POINT('',#3954);
#3954 = CARTESIAN_POINT('',(21.900101214466,-11.77991777436,
    -1.960000606234));
#3955 = CIRCLE('',#3956,5.E-02);
#3956 = AXIS2_PLACEMENT_3D('',#3957,#3958,#3959);
#3957 = CARTESIAN_POINT('',(21.850101214466,-11.77991777376,
    -1.960000604048));
#3958 = DIRECTION('',(4.371140912996E-08,-8.742273446216E-08,1.));
#3959 = DIRECTION('',(1.,-1.192487681713E-08,-4.371141017247E-08));
#3960 = ORIENTED_EDGE('',*,*,#3961,.F.);
#3961 = EDGE_CURVE('',#3962,#3953,#3964,.T.);
#3962 = VERTEX_POINT('',#3963);
#3963 = CARTESIAN_POINT('',(21.900101253807,-11.77991785304,
    -1.060000606234));
#3964 = LINE('',#3965,#3966);
#3965 = CARTESIAN_POINT('',(21.900101181683,-11.77991770879,
    -2.710000606234));
#3966 = VECTOR('',#3967,1.);
#3967 = DIRECTION('',(-4.371140912996E-08,8.742273446216E-08,-1.));
#3968 = ORIENTED_EDGE('',*,*,#3969,.F.);
#3969 = EDGE_CURVE('',#3945,#3962,#3970,.T.);
#3970 = CIRCLE('',#3971,5.E-02);
#3971 = AXIS2_PLACEMENT_3D('',#3972,#3973,#3974);
#3972 = CARTESIAN_POINT('',(21.850101253807,-11.77991785244,
    -1.060000604048));
#3973 = DIRECTION('',(4.371140912996E-08,-8.742273446216E-08,1.));
#3974 = DIRECTION('',(1.,-1.192487681713E-08,-4.371141017247E-08));
#3975 = CYLINDRICAL_SURFACE('',#3976,5.E-02);
#3976 = AXIS2_PLACEMENT_3D('',#3977,#3978,#3979);
#3977 = CARTESIAN_POINT('',(21.850101181683,-11.77991770819,
    -2.710000604048));
#3978 = DIRECTION('',(4.371140912996E-08,-8.742273446216E-08,1.));
#3979 = DIRECTION('',(1.,-1.192487681713E-08,-4.371141017247E-08));
#3980 = ADVANCED_FACE('',(#3981),#4017,.T.);
#3981 = FACE_BOUND('',#3982,.T.);
#3982 = EDGE_LOOP('',(#3983,#3993,#4002,#4010));
#3983 = ORIENTED_EDGE('',*,*,#3984,.F.);
#3984 = EDGE_CURVE('',#3985,#3987,#3989,.T.);
#3985 = VERTEX_POINT('',#3986);
#3986 = CARTESIAN_POINT('',(20.150101339797,-1.269917753492,
    -1.959999610926));
#3987 = VERTEX_POINT('',#3988);
#3988 = CARTESIAN_POINT('',(20.150101379137,-1.269917832172,
    -1.059999610926));
#3989 = LINE('',#3990,#3991);
#3990 = CARTESIAN_POINT('',(20.150101307013,-1.269917687925,
    -2.709999610926));
#3991 = VECTOR('',#3992,1.);
#3992 = DIRECTION('',(4.371140912996E-08,-8.742273446216E-08,1.));
#3993 = ORIENTED_EDGE('',*,*,#3994,.T.);
#3994 = EDGE_CURVE('',#3985,#3995,#3997,.T.);
#3995 = VERTEX_POINT('',#3996);
#3996 = CARTESIAN_POINT('',(20.100101339201,-1.319917752896,
    -1.959999613111));
#3997 = CIRCLE('',#3998,5.E-02);
#3998 = AXIS2_PLACEMENT_3D('',#3999,#4000,#4001);
#3999 = CARTESIAN_POINT('',(20.150101339201,-1.319917753492,
    -1.959999615297));
#4000 = DIRECTION('',(4.371140912996E-08,-8.742273446216E-08,1.));
#4001 = DIRECTION('',(1.,-1.192487681713E-08,-4.371141017247E-08));
#4002 = ORIENTED_EDGE('',*,*,#4003,.F.);
#4003 = EDGE_CURVE('',#4004,#3995,#4006,.T.);
#4004 = VERTEX_POINT('',#4005);
#4005 = CARTESIAN_POINT('',(20.100101378541,-1.319917831576,
    -1.059999613111));
#4006 = LINE('',#4007,#4008);
#4007 = CARTESIAN_POINT('',(20.100101306417,-1.319917687329,
    -2.709999613111));
#4008 = VECTOR('',#4009,1.);
#4009 = DIRECTION('',(-4.371140912996E-08,8.742273446216E-08,-1.));
#4010 = ORIENTED_EDGE('',*,*,#4011,.F.);
#4011 = EDGE_CURVE('',#3987,#4004,#4012,.T.);
#4012 = CIRCLE('',#4013,5.E-02);
#4013 = AXIS2_PLACEMENT_3D('',#4014,#4015,#4016);
#4014 = CARTESIAN_POINT('',(20.150101378541,-1.319917832172,
    -1.059999615297));
#4015 = DIRECTION('',(4.371140912996E-08,-8.742273446216E-08,1.));
#4016 = DIRECTION('',(1.,-1.192487681713E-08,-4.371141017247E-08));
#4017 = CYLINDRICAL_SURFACE('',#4018,5.E-02);
#4018 = AXIS2_PLACEMENT_3D('',#4019,#4020,#4021);
#4019 = CARTESIAN_POINT('',(20.150101306417,-1.319917687925,
    -2.709999615297));
#4020 = DIRECTION('',(4.371140912996E-08,-8.742273446216E-08,1.));
#4021 = DIRECTION('',(1.,-1.192487681713E-08,-4.371141017247E-08));
#4022 = ADVANCED_FACE('',(#4023),#4059,.T.);
#4023 = FACE_BOUND('',#4024,.T.);
#4024 = EDGE_LOOP('',(#4025,#4035,#4044,#4052));
#4025 = ORIENTED_EDGE('',*,*,#4026,.F.);
#4026 = EDGE_CURVE('',#4027,#4029,#4031,.T.);
#4027 = VERTEX_POINT('',#4028);
#4028 = CARTESIAN_POINT('',(20.100101214466,-11.77991775289,
    -1.960000527553));
#4029 = VERTEX_POINT('',#4030);
#4030 = CARTESIAN_POINT('',(20.100101253807,-11.77991783157,
    -1.060000527553));
#4031 = LINE('',#4032,#4033);
#4032 = CARTESIAN_POINT('',(20.100101181683,-11.77991768732,
    -2.710000527553));
#4033 = VECTOR('',#4034,1.);
#4034 = DIRECTION('',(4.371140912996E-08,-8.742273446216E-08,1.));
#4035 = ORIENTED_EDGE('',*,*,#4036,.T.);
#4036 = EDGE_CURVE('',#4027,#4037,#4039,.T.);
#4037 = VERTEX_POINT('',#4038);
#4038 = CARTESIAN_POINT('',(20.15010121387,-11.82991775349,
    -1.96000053411));
#4039 = CIRCLE('',#4040,5.E-02);
#4040 = AXIS2_PLACEMENT_3D('',#4041,#4042,#4043);
#4041 = CARTESIAN_POINT('',(20.150101214466,-11.77991775349,
    -1.960000529739));
#4042 = DIRECTION('',(4.371140912996E-08,-8.742273446216E-08,1.));
#4043 = DIRECTION('',(1.,-1.192487681713E-08,-4.371141017247E-08));
#4044 = ORIENTED_EDGE('',*,*,#4045,.F.);
#4045 = EDGE_CURVE('',#4046,#4037,#4048,.T.);
#4046 = VERTEX_POINT('',#4047);
#4047 = CARTESIAN_POINT('',(20.15010125321,-11.82991783217,
    -1.06000053411));
#4048 = LINE('',#4049,#4050);
#4049 = CARTESIAN_POINT('',(20.150101181087,-11.82991768792,
    -2.71000053411));
#4050 = VECTOR('',#4051,1.);
#4051 = DIRECTION('',(-4.371140912996E-08,8.742273446216E-08,-1.));
#4052 = ORIENTED_EDGE('',*,*,#4053,.F.);
#4053 = EDGE_CURVE('',#4029,#4046,#4054,.T.);
#4054 = CIRCLE('',#4055,5.E-02);
#4055 = AXIS2_PLACEMENT_3D('',#4056,#4057,#4058);
#4056 = CARTESIAN_POINT('',(20.150101253807,-11.77991783217,
    -1.060000529739));
#4057 = DIRECTION('',(4.371140912996E-08,-8.742273446216E-08,1.));
#4058 = DIRECTION('',(1.,-1.192487681713E-08,-4.371141017247E-08));
#4059 = CYLINDRICAL_SURFACE('',#4060,5.E-02);
#4060 = AXIS2_PLACEMENT_3D('',#4061,#4062,#4063);
#4061 = CARTESIAN_POINT('',(20.150101181683,-11.77991768792,
    -2.710000529739));
#4062 = DIRECTION('',(4.371140912996E-08,-8.742273446216E-08,1.));
#4063 = DIRECTION('',(1.,-1.192487681713E-08,-4.371141017247E-08));
#4064 = ADVANCED_FACE('',(#4065),#4081,.F.);
#4065 = FACE_BOUND('',#4066,.T.);
#4066 = EDGE_LOOP('',(#4067,#4068,#4074,#4075));
#4067 = ORIENTED_EDGE('',*,*,#3961,.T.);
#4068 = ORIENTED_EDGE('',*,*,#4069,.T.);
#4069 = EDGE_CURVE('',#3953,#3901,#4070,.T.);
#4070 = LINE('',#4071,#4072);
#4071 = CARTESIAN_POINT('',(21.900101339201,-1.319917774361,
    -1.959999691792));
#4072 = VECTOR('',#4073,1.);
#4073 = DIRECTION('',(1.19248806385E-08,1.,8.742273394091E-08));
#4074 = ORIENTED_EDGE('',*,*,#3900,.T.);
#4075 = ORIENTED_EDGE('',*,*,#4076,.T.);
#4076 = EDGE_CURVE('',#3903,#3962,#4077,.T.);
#4077 = LINE('',#4078,#4079);
#4078 = CARTESIAN_POINT('',(21.90010125321,-11.82991785304,
    -1.060000610605));
#4079 = VECTOR('',#4080,1.);
#4080 = DIRECTION('',(-1.19248806385E-08,-1.,-8.742273394091E-08));
#4081 = PLANE('',#4082);
#4082 = AXIS2_PLACEMENT_3D('',#4083,#4084,#4085);
#4083 = CARTESIAN_POINT('',(21.900101181087,-11.82991770879,
    -2.710000610605));
#4084 = DIRECTION('',(-1.,1.192487681713E-08,4.371141017247E-08));
#4085 = DIRECTION('',(1.19248806385E-08,1.,8.742273394091E-08));
#4086 = ADVANCED_FACE('',(#4087),#4153,.F.);
#4087 = FACE_BOUND('',#4088,.T.);
#4088 = EDGE_LOOP('',(#4089,#4090,#4096,#4097,#4105,#4113,#4122,#4130,
    #4139,#4147));
#4089 = ORIENTED_EDGE('',*,*,#3919,.T.);
#4090 = ORIENTED_EDGE('',*,*,#4091,.T.);
#4091 = EDGE_CURVE('',#3911,#3985,#4092,.T.);
#4092 = LINE('',#4093,#4094);
#4093 = CARTESIAN_POINT('',(20.150101339797,-1.269917753492,
    -1.959999610926));
#4094 = VECTOR('',#4095,1.);
#4095 = DIRECTION('',(-1.,1.192487681713E-08,4.371141017247E-08));
#4096 = ORIENTED_EDGE('',*,*,#3984,.T.);
#4097 = ORIENTED_EDGE('',*,*,#4098,.T.);
#4098 = EDGE_CURVE('',#3987,#4099,#4101,.T.);
#4099 = VERTEX_POINT('',#4100);
#4100 = CARTESIAN_POINT('',(20.500101379137,-1.269917836346,
    -1.059999626225));
#4101 = LINE('',#4102,#4103);
#4102 = CARTESIAN_POINT('',(21.900101379137,-1.269917853041,
    -1.059999687421));
#4103 = VECTOR('',#4104,1.);
#4104 = DIRECTION('',(1.,-1.192487681713E-08,-4.371141017247E-08));
#4105 = ORIENTED_EDGE('',*,*,#4106,.T.);
#4106 = EDGE_CURVE('',#4099,#4107,#4109,.T.);
#4107 = VERTEX_POINT('',#4108);
#4108 = CARTESIAN_POINT('',(20.50010137258,-1.269917823233,
    -1.209999626225));
#4109 = LINE('',#4110,#4111);
#4110 = CARTESIAN_POINT('',(20.500101307013,-1.269917692099,
    -2.709999626225));
#4111 = VECTOR('',#4112,1.);
#4112 = DIRECTION('',(-4.371140912996E-08,8.742273446216E-08,-1.));
#4113 = ORIENTED_EDGE('',*,*,#4114,.F.);
#4114 = EDGE_CURVE('',#4115,#4107,#4117,.T.);
#4115 = VERTEX_POINT('',#4116);
#4116 = CARTESIAN_POINT('',(20.600101368209,-1.269917815683,
    -1.309999630596));
#4117 = CIRCLE('',#4118,1.E-01);
#4118 = AXIS2_PLACEMENT_3D('',#4119,#4120,#4121);
#4119 = CARTESIAN_POINT('',(20.60010137258,-1.269917824425,
    -1.209999630596));
#4120 = DIRECTION('',(1.19248806385E-08,1.,8.742273394091E-08));
#4121 = DIRECTION('',(-1.,1.192487681713E-08,4.371141017247E-08));
#4122 = ORIENTED_EDGE('',*,*,#4123,.T.);
#4123 = EDGE_CURVE('',#4115,#4124,#4126,.T.);
#4124 = VERTEX_POINT('',#4125);
#4125 = CARTESIAN_POINT('',(21.400101368209,-1.269917825223,
    -1.309999665565));
#4126 = LINE('',#4127,#4128);
#4127 = CARTESIAN_POINT('',(21.900101368209,-1.269917831185,
    -1.309999687421));
#4128 = VECTOR('',#4129,1.);
#4129 = DIRECTION('',(1.,-1.192487681713E-08,-4.371141017247E-08));
#4130 = ORIENTED_EDGE('',*,*,#4131,.F.);
#4131 = EDGE_CURVE('',#4132,#4124,#4134,.T.);
#4132 = VERTEX_POINT('',#4133);
#4133 = CARTESIAN_POINT('',(21.50010137258,-1.269917835158,
    -1.209999669936));
#4134 = CIRCLE('',#4135,1.E-01);
#4135 = AXIS2_PLACEMENT_3D('',#4136,#4137,#4138);
#4136 = CARTESIAN_POINT('',(21.40010137258,-1.269917833965,
    -1.209999665565));
#4137 = DIRECTION('',(1.19248806385E-08,1.,8.742273394091E-08));
#4138 = DIRECTION('',(-1.,1.192487681713E-08,4.371141017247E-08));
#4139 = ORIENTED_EDGE('',*,*,#4140,.T.);
#4140 = EDGE_CURVE('',#4132,#4141,#4143,.T.);
#4141 = VERTEX_POINT('',#4142);
#4142 = CARTESIAN_POINT('',(21.500101379137,-1.269917848271,
    -1.059999669936));
#4143 = LINE('',#4144,#4145);
#4144 = CARTESIAN_POINT('',(21.500101307013,-1.269917704024,
    -2.709999669936));
#4145 = VECTOR('',#4146,1.);
#4146 = DIRECTION('',(4.371140912996E-08,-8.742273446216E-08,1.));
#4147 = ORIENTED_EDGE('',*,*,#4148,.T.);
#4148 = EDGE_CURVE('',#4141,#3920,#4149,.T.);
#4149 = LINE('',#4150,#4151);
#4150 = CARTESIAN_POINT('',(21.900101379137,-1.269917853041,
    -1.059999687421));
#4151 = VECTOR('',#4152,1.);
#4152 = DIRECTION('',(1.,-1.192487681713E-08,-4.371141017247E-08));
#4153 = PLANE('',#4154);
#4154 = AXIS2_PLACEMENT_3D('',#4155,#4156,#4157);
#4155 = CARTESIAN_POINT('',(21.900101307013,-1.269917708793,
    -2.709999687421));
#4156 = DIRECTION('',(-1.19248806385E-08,-1.,-8.742273394091E-08));
#4157 = DIRECTION('',(-1.,1.192487681713E-08,4.371141017247E-08));
#4158 = ADVANCED_FACE('',(#4159),#4175,.F.);
#4159 = FACE_BOUND('',#4160,.T.);
#4160 = EDGE_LOOP('',(#4161,#4162,#4168,#4169));
#4161 = ORIENTED_EDGE('',*,*,#4003,.T.);
#4162 = ORIENTED_EDGE('',*,*,#4163,.T.);
#4163 = EDGE_CURVE('',#3995,#4027,#4164,.T.);
#4164 = LINE('',#4165,#4166);
#4165 = CARTESIAN_POINT('',(20.100101214466,-11.77991775289,
    -1.960000527553));
#4166 = VECTOR('',#4167,1.);
#4167 = DIRECTION('',(-1.192488062824E-08,-1.,-8.742273394091E-08));
#4168 = ORIENTED_EDGE('',*,*,#4026,.T.);
#4169 = ORIENTED_EDGE('',*,*,#4170,.T.);
#4170 = EDGE_CURVE('',#4029,#4004,#4171,.T.);
#4171 = LINE('',#4172,#4173);
#4172 = CARTESIAN_POINT('',(20.10010125321,-11.82991783157,
    -1.060000531924));
#4173 = VECTOR('',#4174,1.);
#4174 = DIRECTION('',(1.192488062824E-08,1.,8.742273394091E-08));
#4175 = PLANE('',#4176);
#4176 = AXIS2_PLACEMENT_3D('',#4177,#4178,#4179);
#4177 = CARTESIAN_POINT('',(20.100101181087,-11.82991768732,
    -2.710000531924));
#4178 = DIRECTION('',(1.,-1.192487680686E-08,-4.371141017247E-08));
#4179 = DIRECTION('',(4.371140912996E-08,-8.742273446216E-08,1.));
#4180 = ADVANCED_FACE('',(#4181),#4247,.F.);
#4181 = FACE_BOUND('',#4182,.T.);
#4182 = EDGE_LOOP('',(#4183,#4184,#4190,#4191,#4199,#4207,#4216,#4224,
    #4233,#4241));
#4183 = ORIENTED_EDGE('',*,*,#4045,.T.);
#4184 = ORIENTED_EDGE('',*,*,#4185,.T.);
#4185 = EDGE_CURVE('',#4037,#3943,#4186,.T.);
#4186 = LINE('',#4187,#4188);
#4187 = CARTESIAN_POINT('',(21.85010121387,-11.82991777376,
    -1.960000608419));
#4188 = VECTOR('',#4189,1.);
#4189 = DIRECTION('',(1.,-1.192487681713E-08,-4.371141017247E-08));
#4190 = ORIENTED_EDGE('',*,*,#3942,.T.);
#4191 = ORIENTED_EDGE('',*,*,#4192,.T.);
#4192 = EDGE_CURVE('',#3945,#4193,#4195,.T.);
#4193 = VERTEX_POINT('',#4194);
#4194 = CARTESIAN_POINT('',(21.50010125321,-11.82991784827,
    -1.06000059312));
#4195 = LINE('',#4196,#4197);
#4196 = CARTESIAN_POINT('',(21.90010125321,-11.82991785304,
    -1.060000610605));
#4197 = VECTOR('',#4198,1.);
#4198 = DIRECTION('',(-1.,1.192487681713E-08,4.371141017247E-08));
#4199 = ORIENTED_EDGE('',*,*,#4200,.T.);
#4200 = EDGE_CURVE('',#4193,#4201,#4203,.T.);
#4201 = VERTEX_POINT('',#4202);
#4202 = CARTESIAN_POINT('',(21.500101246654,-11.82991783515,
    -1.21000059312));
#4203 = LINE('',#4204,#4205);
#4204 = CARTESIAN_POINT('',(21.500101181087,-11.82991770402,
    -2.71000059312));
#4205 = VECTOR('',#4206,1.);
#4206 = DIRECTION('',(-4.371140912996E-08,8.742273446216E-08,-1.));
#4207 = ORIENTED_EDGE('',*,*,#4208,.F.);
#4208 = EDGE_CURVE('',#4209,#4201,#4211,.T.);
#4209 = VERTEX_POINT('',#4210);
#4210 = CARTESIAN_POINT('',(21.400101242283,-11.82991782522,
    -1.310000588749));
#4211 = CIRCLE('',#4212,1.E-01);
#4212 = AXIS2_PLACEMENT_3D('',#4213,#4214,#4215);
#4213 = CARTESIAN_POINT('',(21.400101246654,-11.82991783396,
    -1.210000588749));
#4214 = DIRECTION('',(-1.19248806385E-08,-1.,-8.742273394091E-08));
#4215 = DIRECTION('',(1.,-1.192487681713E-08,-4.371141017247E-08));
#4216 = ORIENTED_EDGE('',*,*,#4217,.T.);
#4217 = EDGE_CURVE('',#4209,#4218,#4220,.T.);
#4218 = VERTEX_POINT('',#4219);
#4219 = CARTESIAN_POINT('',(20.600101242283,-11.82991781568,
    -1.31000055378));
#4220 = LINE('',#4221,#4222);
#4221 = CARTESIAN_POINT('',(21.900101242283,-11.82991783118,
    -1.310000610605));
#4222 = VECTOR('',#4223,1.);
#4223 = DIRECTION('',(-1.,1.192487681713E-08,4.371141017247E-08));
#4224 = ORIENTED_EDGE('',*,*,#4225,.F.);
#4225 = EDGE_CURVE('',#4226,#4218,#4228,.T.);
#4226 = VERTEX_POINT('',#4227);
#4227 = CARTESIAN_POINT('',(20.500101246654,-11.82991782323,
    -1.210000549409));
#4228 = CIRCLE('',#4229,1.E-01);
#4229 = AXIS2_PLACEMENT_3D('',#4230,#4231,#4232);
#4230 = CARTESIAN_POINT('',(20.600101246654,-11.82991782442,
    -1.21000055378));
#4231 = DIRECTION('',(-1.19248806385E-08,-1.,-8.742273394091E-08));
#4232 = DIRECTION('',(1.,-1.192487681713E-08,-4.371141017247E-08));
#4233 = ORIENTED_EDGE('',*,*,#4234,.T.);
#4234 = EDGE_CURVE('',#4226,#4235,#4237,.T.);
#4235 = VERTEX_POINT('',#4236);
#4236 = CARTESIAN_POINT('',(20.50010125321,-11.82991783634,
    -1.060000549409));
#4237 = LINE('',#4238,#4239);
#4238 = CARTESIAN_POINT('',(20.500101181087,-11.82991769209,
    -2.710000549409));
#4239 = VECTOR('',#4240,1.);
#4240 = DIRECTION('',(4.371140912996E-08,-8.742273446216E-08,1.));
#4241 = ORIENTED_EDGE('',*,*,#4242,.T.);
#4242 = EDGE_CURVE('',#4235,#4046,#4243,.T.);
#4243 = LINE('',#4244,#4245);
#4244 = CARTESIAN_POINT('',(21.90010125321,-11.82991785304,
    -1.060000610605));
#4245 = VECTOR('',#4246,1.);
#4246 = DIRECTION('',(-1.,1.192487681713E-08,4.371141017247E-08));
#4247 = PLANE('',#4248);
#4248 = AXIS2_PLACEMENT_3D('',#4249,#4250,#4251);
#4249 = CARTESIAN_POINT('',(21.900101181087,-11.82991770879,
    -2.710000610605));
#4250 = DIRECTION('',(1.19248806385E-08,1.,8.742273394091E-08));
#4251 = DIRECTION('',(-4.371140912996E-08,8.742273446216E-08,-1.));
#4252 = ADVANCED_FACE('',(#4253),#4331,.T.);
#4253 = FACE_BOUND('',#4254,.T.);
#4254 = EDGE_LOOP('',(#4255,#4286,#4295,#4324));
#4255 = ORIENTED_EDGE('',*,*,#4256,.T.);
#4256 = EDGE_CURVE('',#4257,#4259,#4261,.T.);
#4257 = VERTEX_POINT('',#4258);
#4258 = CARTESIAN_POINT('',(20.850101378526,-11.14491807481,
    1.619999495177));
#4259 = VERTEX_POINT('',#4260);
#4260 = CARTESIAN_POINT('',(20.970101385202,-11.02491808673,
    1.739999500422));
#4261 = B_SPLINE_CURVE_WITH_KNOTS('',3,(#4262,#4263,#4264,#4265,#4266,
    #4267,#4268,#4269,#4270,#4271,#4272,#4273,#4274,#4275,#4276,#4277,
    #4278,#4279,#4280,#4281,#4282,#4283,#4284,#4285),.UNSPECIFIED.,.F.,
  .F.,(4,2,2,1,2,2,2,2,2,1,2,2,4),(0.,0.125,0.1875,0.21875,0.234375,0.25
    ,0.5,0.625,0.6875,0.71875,0.734375,0.75,1.),.UNSPECIFIED.);
#4262 = CARTESIAN_POINT('',(20.850101378526,-11.14491807481,
    1.619999495177));
#4263 = CARTESIAN_POINT('',(20.850101378587,-11.14491807493,
    1.621392638733));
#4264 = CARTESIAN_POINT('',(20.851858427856,-11.14266291769,
    1.624717818359));
#4265 = CARTESIAN_POINT('',(20.858585331014,-11.13589744588,
    1.633652440745));
#4266 = CARTESIAN_POINT('',(20.861494706273,-11.13307849929,
    1.637268751921));
#4267 = CARTESIAN_POINT('',(20.866770623105,-11.1280043954,
    1.643490464127));
#4268 = CARTESIAN_POINT('',(20.869632549122,-11.12525592245,
    1.646796648743));
#4269 = CARTESIAN_POINT('',(20.87277874155,-11.122190318,1.650332864617)
  );
#4270 = CARTESIAN_POINT('',(20.874931480049,-11.12007610803,
    1.652732608131));
#4271 = CARTESIAN_POINT('',(20.876775320757,-11.11824410095,
    1.654765633773));
#4272 = CARTESIAN_POINT('',(20.883370475604,-11.11164957317,
    1.66200448857));
#4273 = CARTESIAN_POINT('',(20.892325314957,-11.10269407627,
    1.671668670059));
#4274 = CARTESIAN_POINT('',(20.914229397023,-11.08079010242,
    1.693478878311));
#4275 = CARTESIAN_POINT('',(20.920573820347,-11.07458196158,
    1.699573750362));
#4276 = CARTESIAN_POINT('',(20.928229506667,-11.06690952596,
    1.706784186564));
#4277 = CARTESIAN_POINT('',(20.93048564717,-11.06462534337,1.70887931962
    ));
#4278 = CARTESIAN_POINT('',(20.933456857491,-11.06160901339,
    1.711612100422));
#4279 = CARTESIAN_POINT('',(20.934839708319,-11.06020333438,
    1.712876382377));
#4280 = CARTESIAN_POINT('',(20.936077044547,-11.05895138435,
    1.713999179083));
#4281 = CARTESIAN_POINT('',(20.936870637628,-11.05815091298,
    1.71471758171));
#4282 = CARTESIAN_POINT('',(20.936426640051,-11.05859305976,
    1.714318395444));
#4283 = CARTESIAN_POINT('',(20.956676075658,-11.03833968222,
    1.732559946998));
#4284 = CARTESIAN_POINT('',(20.967507655408,-11.02751181619,
    1.739999500307));
#4285 = CARTESIAN_POINT('',(20.970101385202,-11.02491808673,
    1.739999500422));
#4286 = ORIENTED_EDGE('',*,*,#4287,.F.);
#4287 = EDGE_CURVE('',#4288,#4259,#4290,.T.);
#4288 = VERTEX_POINT('',#4289);
#4289 = CARTESIAN_POINT('',(20.970101385917,-10.96491808673,
    1.739999505667));
#4290 = B_SPLINE_CURVE_WITH_KNOTS('',3,(#4291,#4292,#4293,#4294),
  .UNSPECIFIED.,.F.,.F.,(4,4),(0.,1.),.PIECEWISE_BEZIER_KNOTS.);
#4291 = CARTESIAN_POINT('',(20.970101385917,-10.96491808673,
    1.739999505667));
#4292 = CARTESIAN_POINT('',(20.970101385679,-10.98491808673,
    1.739999503919));
#4293 = CARTESIAN_POINT('',(20.97010138544,-11.00491808673,
    1.739999502171));
#4294 = CARTESIAN_POINT('',(20.970101385202,-11.02491808673,
    1.739999500422));
#4295 = ORIENTED_EDGE('',*,*,#4296,.T.);
#4296 = EDGE_CURVE('',#4288,#4297,#4299,.T.);
#4297 = VERTEX_POINT('',#4298);
#4298 = CARTESIAN_POINT('',(20.850101382103,-10.84491807481,
    1.619999521404));
#4299 = B_SPLINE_CURVE_WITH_KNOTS('',3,(#4300,#4301,#4302,#4303,#4304,
    #4305,#4306,#4307,#4308,#4309,#4310,#4311,#4312,#4313,#4314,#4315,
    #4316,#4317,#4318,#4319,#4320,#4321,#4322,#4323),.UNSPECIFIED.,.F.,
  .F.,(4,2,2,1,2,2,2,2,2,1,2,2,4),(0.,0.125,0.1875,0.21875,0.234375,0.25
    ,0.5,0.625,0.6875,0.71875,0.734375,0.75,1.),.UNSPECIFIED.);
#4300 = CARTESIAN_POINT('',(20.970101385917,-10.96491808673,
    1.739999505667));
#4301 = CARTESIAN_POINT('',(20.96880493605,-10.9636216367,1.739999505836
    ));
#4302 = CARTESIAN_POINT('',(20.965848340459,-10.96026644483,
    1.738503525736));
#4303 = CARTESIAN_POINT('',(20.957764268974,-10.9521455441,
    1.732539392311));
#4304 = CARTESIAN_POINT('',(20.954472099263,-10.94892389171,
    1.729937889422));
#4305 = CARTESIAN_POINT('',(20.948704492569,-10.9433193849,
    1.725117908966));
#4306 = CARTESIAN_POINT('',(20.945616560748,-10.94032412444,
    1.722481558473));
#4307 = CARTESIAN_POINT('',(20.942264904552,-10.93703935339,
    1.719536345158));
#4308 = CARTESIAN_POINT('',(20.939978585768,-10.93478517035,
    1.717509797667));
#4309 = CARTESIAN_POINT('',(20.93798321599,-10.9327998584,1.715720634681
    ));
#4310 = CARTESIAN_POINT('',(20.931770885966,-10.92658848982,
    1.710124304921));
#4311 = CARTESIAN_POINT('',(20.92055756488,-10.91537435698,
    1.699779937706));
#4312 = CARTESIAN_POINT('',(20.900113275395,-10.89492992477,
    1.679423268924));
#4313 = CARTESIAN_POINT('',(20.894119719303,-10.88904212217,
    1.67325960503));
#4314 = CARTESIAN_POINT('',(20.886688945801,-10.8816009305,
    1.665460833558));
#4315 = CARTESIAN_POINT('',(20.884461760734,-10.87935228532,
    1.663092063602));
#4316 = CARTESIAN_POINT('',(20.881472359675,-10.87632694561,
    1.659880625385));
#4317 = CARTESIAN_POINT('',(20.880065065061,-10.87490118276,
    1.658359824421));
#4318 = CARTESIAN_POINT('',(20.878781688832,-10.87360578044,
    1.656962045497));
#4319 = CARTESIAN_POINT('',(20.877952731727,-10.8727711479,
    1.656056889355));
#4320 = CARTESIAN_POINT('',(20.878290710576,-10.87310754776,
    1.656428946698));
#4321 = CARTESIAN_POINT('',(20.859124288342,-10.85393870648,
    1.635391847199));
#4322 = CARTESIAN_POINT('',(20.850101382286,-10.84491807505,
    1.62278627595));
#4323 = CARTESIAN_POINT('',(20.850101382103,-10.84491807481,
    1.619999521404));
#4324 = ORIENTED_EDGE('',*,*,#4325,.F.);
#4325 = EDGE_CURVE('',#4257,#4297,#4326,.T.);
#4326 = B_SPLINE_CURVE_WITH_KNOTS('',3,(#4327,#4328,#4329,#4330),
  .UNSPECIFIED.,.F.,.F.,(4,4),(0.,1.),.PIECEWISE_BEZIER_KNOTS.);
#4327 = CARTESIAN_POINT('',(20.850101378526,-11.14491807481,
    1.619999495177));
#4328 = CARTESIAN_POINT('',(20.850101379718,-11.04491807481,
    1.619999503919));
#4329 = CARTESIAN_POINT('',(20.85010138091,-10.94491807481,
    1.619999512661));
#4330 = CARTESIAN_POINT('',(20.850101382103,-10.84491807481,
    1.619999521404));
#4331 = ( BOUNDED_SURFACE() B_SPLINE_SURFACE(2,3,(
    (#4332,#4333,#4334,#4335,#4336,#4337,#4338,#4339)
    ,(#4340,#4341,#4342,#4343,#4344,#4345,#4346,#4347)
    ,(#4348,#4349,#4350,#4351,#4352,#4353,#4354,#4355
)),.UNSPECIFIED.,.F.,.F.,.F.) B_SPLINE_SURFACE_WITH_KNOTS((3,3),(4,2,2,4
    ),(0.,1.),(-3.15E-04,-1.8E-04,-1.2E-04,1.5E-05),.UNSPECIFIED.) 
GEOMETRIC_REPRESENTATION_ITEM() RATIONAL_B_SPLINE_SURFACE((
    (1.,1.,1.,1.,1.,1.,1.,1.)
    ,(8.485281374239E-02,8.485281374239E-02,8.485281374239E-02
      ,8.485281374239E-02,8.485281374239E-02,8.485281374239E-02
      ,8.485281374239E-02,8.485281374239E-02)
,(1.,1.,1.,1.,1.,1.,1.,1.))) REPRESENTATION_ITEM('') SURFACE() );
#4332 = CARTESIAN_POINT('',(20.970101387527,-10.82991808673,
    1.739999517469));
#4333 = CARTESIAN_POINT('',(20.970101386991,-10.87491808673,
    1.739999513535));
#4334 = CARTESIAN_POINT('',(20.970101386454,-10.91991808673,
    1.739999509601));
#4335 = CARTESIAN_POINT('',(20.970101385679,-10.98491808673,
    1.739999503919));
#4336 = CARTESIAN_POINT('',(20.97010138544,-11.00491808673,
    1.739999502171));
#4337 = CARTESIAN_POINT('',(20.970101384665,-11.06991808673,
    1.739999496488));
#4338 = CARTESIAN_POINT('',(20.970101384129,-11.11491808673,
    1.739999492554));
#4339 = CARTESIAN_POINT('',(20.970101383592,-11.15991808673,
    1.73999948862));
#4340 = CARTESIAN_POINT('',(20.850101387527,-10.8299180853,
    1.739999522715));
#4341 = CARTESIAN_POINT('',(20.850101386991,-10.8749180853,
    1.739999518781));
#4342 = CARTESIAN_POINT('',(20.850101386454,-10.9199180853,
    1.739999514847));
#4343 = CARTESIAN_POINT('',(20.850101385679,-10.9849180853,
    1.739999509164));
#4344 = CARTESIAN_POINT('',(20.85010138544,-11.0049180853,1.739999507416
    ));
#4345 = CARTESIAN_POINT('',(20.850101384665,-11.0699180853,
    1.739999501733));
#4346 = CARTESIAN_POINT('',(20.850101384129,-11.1149180853,
    1.739999497799));
#4347 = CARTESIAN_POINT('',(20.850101383592,-11.1599180853,
    1.739999493865));
#4348 = CARTESIAN_POINT('',(20.850101382282,-10.82991807481,
    1.619999522715));
#4349 = CARTESIAN_POINT('',(20.850101381745,-10.87491807481,
    1.619999518781));
#4350 = CARTESIAN_POINT('',(20.850101381209,-10.91991807481,
    1.619999514847));
#4351 = CARTESIAN_POINT('',(20.850101380434,-10.98491807481,
    1.619999509164));
#4352 = CARTESIAN_POINT('',(20.850101380195,-11.00491807481,
    1.619999507416));
#4353 = CARTESIAN_POINT('',(20.85010137942,-11.06991807481,
    1.619999501733));
#4354 = CARTESIAN_POINT('',(20.850101378883,-11.11491807481,
    1.619999497799));
#4355 = CARTESIAN_POINT('',(20.850101378347,-11.15991807481,
    1.619999493865));
#4356 = ADVANCED_FACE('',(#4357),#4405,.T.);
#4357 = FACE_BOUND('',#4358,.T.);
#4358 = EDGE_LOOP('',(#4359,#4390,#4397,#4398));
#4359 = ORIENTED_EDGE('',*,*,#4360,.T.);
#4360 = EDGE_CURVE('',#4361,#4363,#4365,.T.);
#4361 = VERTEX_POINT('',#4362);
#4362 = CARTESIAN_POINT('',(21.030101385917,-10.96491808745,
    1.739999503045));
#4363 = VERTEX_POINT('',#4364);
#4364 = CARTESIAN_POINT('',(21.150101382103,-10.84491807839,
    1.61999950829));
#4365 = B_SPLINE_CURVE_WITH_KNOTS('',3,(#4366,#4367,#4368,#4369,#4370,
    #4371,#4372,#4373,#4374,#4375,#4376,#4377,#4378,#4379,#4380,#4381,
    #4382,#4383,#4384,#4385,#4386,#4387,#4388,#4389),.UNSPECIFIED.,.F.,
  .F.,(4,2,2,1,2,2,2,2,2,1,2,2,4),(0.,0.125,0.1875,0.21875,0.234375,0.25
    ,0.5,0.625,0.6875,0.71875,0.734375,0.75,1.),.UNSPECIFIED.);
#4366 = CARTESIAN_POINT('',(21.030101385917,-10.96491808745,
    1.739999503045));
#4367 = CARTESIAN_POINT('',(21.031397835948,-10.96362163758,1.7399995031
    ));
#4368 = CARTESIAN_POINT('',(21.034753027627,-10.96066504192,
    1.738503522688));
#4369 = CARTESIAN_POINT('',(21.042873927567,-10.95258097017,
    1.732539388549));
#4370 = CARTESIAN_POINT('',(21.046095579617,-10.94928880035,
    1.729937885381));
#4371 = CARTESIAN_POINT('',(21.051700085798,-10.94352119344,
    1.725117904443));
#4372 = CARTESIAN_POINT('',(21.054695345914,-10.94043326151,
    1.722481553692));
#4373 = CARTESIAN_POINT('',(21.057980116571,-10.93708160518,
    1.719536340094));
#4374 = CARTESIAN_POINT('',(21.060234299352,-10.93479528631,
    1.717509792409));
#4375 = CARTESIAN_POINT('',(21.062219611066,-10.93279991646,
    1.715720629251));
#4376 = CARTESIAN_POINT('',(21.06843097893,-10.92658758617,
    1.710124298935));
#4377 = CARTESIAN_POINT('',(21.079645110392,-10.91537426465,
    1.699779930748));
#4378 = CARTESIAN_POINT('',(21.100089539927,-10.89492997428,
    1.679423260185));
#4379 = CARTESIAN_POINT('',(21.105977341725,-10.88893641792,
    1.673259595781));
#4380 = CARTESIAN_POINT('',(21.113418532368,-10.88150564407,
    1.665460823658));
#4381 = CARTESIAN_POINT('',(21.11566717724,-10.8792784589,1.663092053505
    ));
#4382 = CARTESIAN_POINT('',(21.118692516534,-10.8762890577,1.65988061502
    ));
#4383 = CARTESIAN_POINT('',(21.120118279177,-10.87488176302,
    1.658359813931));
#4384 = CARTESIAN_POINT('',(21.121413681316,-10.87359838673,
    1.656962034892));
#4385 = CARTESIAN_POINT('',(21.12224831374,-10.87276942959,
    1.656056878677));
#4386 = CARTESIAN_POINT('',(21.121911913926,-10.87310740845,
    1.656428936049));
#4387 = CARTESIAN_POINT('',(21.14108075245,-10.8539409853,1.635391834875
    ));
#4388 = CARTESIAN_POINT('',(21.150101382225,-10.84491807869,
    1.622786262836));
#4389 = CARTESIAN_POINT('',(21.150101382103,-10.84491807839,
    1.61999950829));
#4390 = ORIENTED_EDGE('',*,*,#4391,.F.);
#4391 = EDGE_CURVE('',#4297,#4363,#4392,.T.);
#4392 = B_SPLINE_CURVE_WITH_KNOTS('',3,(#4393,#4394,#4395,#4396),
  .UNSPECIFIED.,.F.,.F.,(4,4),(0.,1.),.PIECEWISE_BEZIER_KNOTS.);
#4393 = CARTESIAN_POINT('',(20.850101382103,-10.84491807481,
    1.619999521404));
#4394 = CARTESIAN_POINT('',(20.950101382103,-10.844918076,1.619999517032
    ));
#4395 = CARTESIAN_POINT('',(21.050101382103,-10.84491807719,
    1.619999512661));
#4396 = CARTESIAN_POINT('',(21.150101382103,-10.84491807839,
    1.61999950829));
#4397 = ORIENTED_EDGE('',*,*,#4296,.F.);
#4398 = ORIENTED_EDGE('',*,*,#4399,.F.);
#4399 = EDGE_CURVE('',#4361,#4288,#4400,.T.);
#4400 = B_SPLINE_CURVE_WITH_KNOTS('',3,(#4401,#4402,#4403,#4404),
  .UNSPECIFIED.,.F.,.F.,(4,4),(0.,1.),.PIECEWISE_BEZIER_KNOTS.);
#4401 = CARTESIAN_POINT('',(21.030101385917,-10.96491808745,
    1.739999503045));
#4402 = CARTESIAN_POINT('',(21.010101385917,-10.96491808721,
    1.739999503919));
#4403 = CARTESIAN_POINT('',(20.990101385917,-10.96491808697,
    1.739999504793));
#4404 = CARTESIAN_POINT('',(20.970101385917,-10.96491808673,
    1.739999505667));
#4405 = ( BOUNDED_SURFACE() B_SPLINE_SURFACE(2,3,(
    (#4406,#4407,#4408,#4409,#4410,#4411,#4412,#4413)
    ,(#4414,#4415,#4416,#4417,#4418,#4419,#4420,#4421)
    ,(#4422,#4423,#4424,#4425,#4426,#4427,#4428,#4429
)),.UNSPECIFIED.,.F.,.F.,.F.) B_SPLINE_SURFACE_WITH_KNOTS((3,3),(4,2,2,4
    ),(0.,1.),(-1.65E-04,-2.999999999999E-05,3.000000000001E-05,1.65E-04
),.UNSPECIFIED.) GEOMETRIC_REPRESENTATION_ITEM() 
RATIONAL_B_SPLINE_SURFACE((
    (1.,1.,1.,1.,1.,1.,1.,1.)
    ,(8.485281374239E-02,8.485281374239E-02,8.485281374239E-02
      ,8.485281374239E-02,8.485281374239E-02,8.485281374239E-02
      ,8.485281374239E-02,8.485281374239E-02)
,(1.,1.,1.,1.,1.,1.,1.,1.))) REPRESENTATION_ITEM('') SURFACE() );
#4406 = CARTESIAN_POINT('',(21.165101385917,-10.96491808906,
    1.739999497144));
#4407 = CARTESIAN_POINT('',(21.120101385917,-10.96491808852,
    1.739999499111));
#4408 = CARTESIAN_POINT('',(21.075101385917,-10.96491808798,
    1.739999501078));
#4409 = CARTESIAN_POINT('',(21.010101385917,-10.96491808721,
    1.739999503919));
#4410 = CARTESIAN_POINT('',(20.990101385917,-10.96491808697,
    1.739999504793));
#4411 = CARTESIAN_POINT('',(20.925101385917,-10.96491808619,
    1.739999507634));
#4412 = CARTESIAN_POINT('',(20.880101385917,-10.96491808566,
    1.739999509601));
#4413 = CARTESIAN_POINT('',(20.835101385917,-10.96491808512,
    1.739999511568));
#4414 = CARTESIAN_POINT('',(21.165101387348,-10.84491808906,
    1.739999507634));
#4415 = CARTESIAN_POINT('',(21.120101387348,-10.84491808852,
    1.739999509601));
#4416 = CARTESIAN_POINT('',(21.075101387348,-10.84491808798,
    1.739999511568));
#4417 = CARTESIAN_POINT('',(21.010101387348,-10.84491808721,
    1.73999951441));
#4418 = CARTESIAN_POINT('',(20.990101387348,-10.84491808697,
    1.739999515284));
#4419 = CARTESIAN_POINT('',(20.925101387348,-10.84491808619,
    1.739999518125));
#4420 = CARTESIAN_POINT('',(20.880101387348,-10.84491808566,
    1.739999520092));
#4421 = CARTESIAN_POINT('',(20.835101387348,-10.84491808512,
    1.739999522059));
#4422 = CARTESIAN_POINT('',(21.165101382103,-10.84491807856,
    1.619999507634));
#4423 = CARTESIAN_POINT('',(21.120101382103,-10.84491807803,
    1.619999509601));
#4424 = CARTESIAN_POINT('',(21.075101382103,-10.84491807749,
    1.619999511568));
#4425 = CARTESIAN_POINT('',(21.010101382103,-10.84491807672,
    1.61999951441));
#4426 = CARTESIAN_POINT('',(20.990101382103,-10.84491807648,
    1.619999515284));
#4427 = CARTESIAN_POINT('',(20.925101382103,-10.8449180757,
    1.619999518125));
#4428 = CARTESIAN_POINT('',(20.880101382103,-10.84491807517,
    1.619999520092));
#4429 = CARTESIAN_POINT('',(20.835101382103,-10.84491807463,
    1.619999522059));
#4430 = ADVANCED_FACE('',(#4431),#4479,.T.);
#4431 = FACE_BOUND('',#4432,.T.);
#4432 = EDGE_LOOP('',(#4433,#4464,#4471,#4472));
#4433 = ORIENTED_EDGE('',*,*,#4434,.T.);
#4434 = EDGE_CURVE('',#4435,#4437,#4439,.T.);
#4435 = VERTEX_POINT('',#4436);
#4436 = CARTESIAN_POINT('',(21.150101378526,-11.14491807839,
    1.619999482063));
#4437 = VERTEX_POINT('',#4438);
#4438 = CARTESIAN_POINT('',(21.030101385202,-11.02491808745,
    1.739999497799));
#4439 = B_SPLINE_CURVE_WITH_KNOTS('',3,(#4440,#4441,#4442,#4443,#4444,
    #4445,#4446,#4447,#4448,#4449,#4450,#4451,#4452,#4453,#4454,#4455,
    #4456,#4457,#4458,#4459,#4460,#4461,#4462,#4463),.UNSPECIFIED.,.F.,
  .F.,(4,2,2,1,2,2,2,2,2,1,2,2,4),(0.,0.125,0.1875,0.21875,0.234375,0.25
    ,0.5,0.625,0.6875,0.71875,0.734375,0.75,1.),.UNSPECIFIED.);
#4440 = CARTESIAN_POINT('',(21.150101378526,-11.14491807839,
    1.619999482063));
#4441 = CARTESIAN_POINT('',(21.150101378586,-11.14491807851,
    1.62139262562));
#4442 = CARTESIAN_POINT('',(21.147846221198,-11.14316102967,
    1.624717805378));
#4443 = CARTESIAN_POINT('',(21.141080749005,-11.13643412769,
    1.633652428351));
#4444 = CARTESIAN_POINT('',(21.138261802254,-11.1335247529,
    1.637268739785));
#4445 = CARTESIAN_POINT('',(21.133187698091,-11.12824883689,
    1.643490452461));
#4446 = CARTESIAN_POINT('',(21.130439225,-11.1253869113,1.646796637332)
  );
#4447 = CARTESIAN_POINT('',(21.127373620391,-11.12224071934,
    1.650332853484));
#4448 = CARTESIAN_POINT('',(21.125259410314,-11.12008798115,
    1.652732597188));
#4449 = CARTESIAN_POINT('',(21.123427403148,-11.11824414071,
    1.654765622992));
#4450 = CARTESIAN_POINT('',(21.116832875048,-11.11164898681,
    1.662004478367));
#4451 = CARTESIAN_POINT('',(21.107877377734,-11.10269414873,
    1.671668660635));
#4452 = CARTESIAN_POINT('',(21.085973402923,-11.08079006952,
    1.693478870805));
#4453 = CARTESIAN_POINT('',(21.079765261816,-11.074445647,1.699573743417
    ));
#4454 = CARTESIAN_POINT('',(21.072092825886,-11.06678996162,
    1.706784180288));
#4455 = CARTESIAN_POINT('',(21.069808643198,-11.06453382139,
    1.70887931354));
#4456 = CARTESIAN_POINT('',(21.066792313104,-11.06156261143,
    1.711612094598));
#4457 = CARTESIAN_POINT('',(21.065386634041,-11.06017976077,
    1.712876376673));
#4458 = CARTESIAN_POINT('',(21.064134683955,-11.05894242469,
    1.713999173487));
#4459 = CARTESIAN_POINT('',(21.063334212559,-11.0581488317,
    1.714717576182));
#4460 = CARTESIAN_POINT('',(21.063776359352,-11.05859282923,
    1.714318389877));
#4461 = CARTESIAN_POINT('',(21.043522981013,-11.03834339601,
    1.732559943203));
#4462 = CARTESIAN_POINT('',(21.032695114662,-11.02751181724,
    1.739999497457));
#4463 = CARTESIAN_POINT('',(21.030101385202,-11.02491808745,
    1.739999497799));
#4464 = ORIENTED_EDGE('',*,*,#4465,.F.);
#4465 = EDGE_CURVE('',#4259,#4437,#4466,.T.);
#4466 = B_SPLINE_CURVE_WITH_KNOTS('',3,(#4467,#4468,#4469,#4470),
  .UNSPECIFIED.,.F.,.F.,(4,4),(0.,1.),.PIECEWISE_BEZIER_KNOTS.);
#4467 = CARTESIAN_POINT('',(20.970101385202,-11.02491808673,
    1.739999500422));
#4468 = CARTESIAN_POINT('',(20.990101385202,-11.02491808697,
    1.739999499548));
#4469 = CARTESIAN_POINT('',(21.010101385202,-11.02491808721,
    1.739999498674));
#4470 = CARTESIAN_POINT('',(21.030101385202,-11.02491808745,
    1.739999497799));
#4471 = ORIENTED_EDGE('',*,*,#4256,.F.);
#4472 = ORIENTED_EDGE('',*,*,#4473,.F.);
#4473 = EDGE_CURVE('',#4435,#4257,#4474,.T.);
#4474 = B_SPLINE_CURVE_WITH_KNOTS('',3,(#4475,#4476,#4477,#4478),
  .UNSPECIFIED.,.F.,.F.,(4,4),(0.,1.),.PIECEWISE_BEZIER_KNOTS.);
#4475 = CARTESIAN_POINT('',(21.150101378526,-11.14491807839,
    1.619999482063));
#4476 = CARTESIAN_POINT('',(21.050101378526,-11.14491807719,
    1.619999486434));
#4477 = CARTESIAN_POINT('',(20.950101378526,-11.144918076,1.619999490806
    ));
#4478 = CARTESIAN_POINT('',(20.850101378526,-11.14491807481,
    1.619999495177));
#4479 = ( BOUNDED_SURFACE() B_SPLINE_SURFACE(2,3,(
    (#4480,#4481,#4482,#4483,#4484,#4485,#4486,#4487)
    ,(#4488,#4489,#4490,#4491,#4492,#4493,#4494,#4495)
    ,(#4496,#4497,#4498,#4499,#4500,#4501,#4502,#4503
)),.UNSPECIFIED.,.F.,.F.,.F.) B_SPLINE_SURFACE_WITH_KNOTS((3,3),(4,2,2,4
    ),(0.,1.),(-3.15E-04,-1.8E-04,-1.2E-04,1.5E-05),.UNSPECIFIED.) 
GEOMETRIC_REPRESENTATION_ITEM() RATIONAL_B_SPLINE_SURFACE((
    (1.,1.,1.,1.,1.,1.,1.,1.)
    ,(8.485281374239E-02,8.485281374239E-02,8.485281374239E-02
      ,8.485281374239E-02,8.485281374239E-02,8.485281374239E-02
      ,8.485281374239E-02,8.485281374239E-02)
,(1.,1.,1.,1.,1.,1.,1.,1.))) REPRESENTATION_ITEM('') SURFACE() );
#4480 = CARTESIAN_POINT('',(20.835101385202,-11.02491808512,
    1.739999506323));
#4481 = CARTESIAN_POINT('',(20.880101385202,-11.02491808566,
    1.739999504356));
#4482 = CARTESIAN_POINT('',(20.925101385202,-11.02491808619,
    1.739999502389));
#4483 = CARTESIAN_POINT('',(20.990101385202,-11.02491808697,
    1.739999499548));
#4484 = CARTESIAN_POINT('',(21.010101385202,-11.02491808721,
    1.739999498674));
#4485 = CARTESIAN_POINT('',(21.075101385202,-11.02491808798,
    1.739999495832));
#4486 = CARTESIAN_POINT('',(21.120101385202,-11.02491808852,
    1.739999493865));
#4487 = CARTESIAN_POINT('',(21.165101385202,-11.02491808906,
    1.739999491898));
#4488 = CARTESIAN_POINT('',(20.835101383771,-11.14491808512,
    1.739999495832));
#4489 = CARTESIAN_POINT('',(20.880101383771,-11.14491808566,
    1.739999493865));
#4490 = CARTESIAN_POINT('',(20.925101383771,-11.14491808619,
    1.739999491898));
#4491 = CARTESIAN_POINT('',(20.990101383771,-11.14491808697,
    1.739999489057));
#4492 = CARTESIAN_POINT('',(21.010101383771,-11.14491808721,
    1.739999488183));
#4493 = CARTESIAN_POINT('',(21.075101383771,-11.14491808798,
    1.739999485342));
#4494 = CARTESIAN_POINT('',(21.120101383771,-11.14491808852,
    1.739999483375));
#4495 = CARTESIAN_POINT('',(21.165101383771,-11.14491808906,
    1.739999481408));
#4496 = CARTESIAN_POINT('',(20.835101378526,-11.14491807463,
    1.619999495832));
#4497 = CARTESIAN_POINT('',(20.880101378526,-11.14491807517,
    1.619999493865));
#4498 = CARTESIAN_POINT('',(20.925101378526,-11.1449180757,
    1.619999491898));
#4499 = CARTESIAN_POINT('',(20.990101378526,-11.14491807648,
    1.619999489057));
#4500 = CARTESIAN_POINT('',(21.010101378526,-11.14491807672,
    1.619999488183));
#4501 = CARTESIAN_POINT('',(21.075101378526,-11.14491807749,
    1.619999485342));
#4502 = CARTESIAN_POINT('',(21.120101378526,-11.14491807803,
    1.619999483375));
#4503 = CARTESIAN_POINT('',(21.165101378526,-11.14491807856,
    1.619999481408));
#4504 = ADVANCED_FACE('',(#4505),#4523,.T.);
#4505 = FACE_BOUND('',#4506,.T.);
#4506 = EDGE_LOOP('',(#4507,#4508,#4515,#4516));
#4507 = ORIENTED_EDGE('',*,*,#4360,.F.);
#4508 = ORIENTED_EDGE('',*,*,#4509,.F.);
#4509 = EDGE_CURVE('',#4437,#4361,#4510,.T.);
#4510 = B_SPLINE_CURVE_WITH_KNOTS('',3,(#4511,#4512,#4513,#4514),
  .UNSPECIFIED.,.F.,.F.,(4,4),(0.,1.),.PIECEWISE_BEZIER_KNOTS.);
#4511 = CARTESIAN_POINT('',(21.030101385202,-11.02491808745,
    1.739999497799));
#4512 = CARTESIAN_POINT('',(21.03010138544,-11.00491808745,
    1.739999499548));
#4513 = CARTESIAN_POINT('',(21.030101385679,-10.98491808745,
    1.739999501296));
#4514 = CARTESIAN_POINT('',(21.030101385917,-10.96491808745,
    1.739999503045));
#4515 = ORIENTED_EDGE('',*,*,#4434,.F.);
#4516 = ORIENTED_EDGE('',*,*,#4517,.F.);
#4517 = EDGE_CURVE('',#4363,#4435,#4518,.T.);
#4518 = B_SPLINE_CURVE_WITH_KNOTS('',3,(#4519,#4520,#4521,#4522),
  .UNSPECIFIED.,.F.,.F.,(4,4),(0.,1.),.PIECEWISE_BEZIER_KNOTS.);
#4519 = CARTESIAN_POINT('',(21.150101382103,-10.84491807839,
    1.61999950829));
#4520 = CARTESIAN_POINT('',(21.15010138091,-10.94491807839,
    1.619999499548));
#4521 = CARTESIAN_POINT('',(21.150101379718,-11.04491807839,
    1.619999490806));
#4522 = CARTESIAN_POINT('',(21.150101378526,-11.14491807839,
    1.619999482063));
#4523 = ( BOUNDED_SURFACE() B_SPLINE_SURFACE(2,3,(
    (#4524,#4525,#4526,#4527,#4528,#4529,#4530,#4531)
    ,(#4532,#4533,#4534,#4535,#4536,#4537,#4538,#4539)
    ,(#4540,#4541,#4542,#4543,#4544,#4545,#4546,#4547
)),.UNSPECIFIED.,.F.,.F.,.F.) B_SPLINE_SURFACE_WITH_KNOTS((3,3),(4,2,2,4
    ),(0.,1.),(-4.61E-03,-4.475E-03,-4.415E-03,-4.28E-03),
.UNSPECIFIED.) GEOMETRIC_REPRESENTATION_ITEM() RATIONAL_B_SPLINE_SURFACE
((
    (1.,1.,1.,1.,1.,1.,1.,1.)
    ,(8.485281374239E-02,8.485281374239E-02,8.485281374239E-02
      ,8.485281374239E-02,8.485281374239E-02,8.485281374239E-02
      ,8.485281374239E-02,8.485281374239E-02)
,(1.,1.,1.,1.,1.,1.,1.,1.))) REPRESENTATION_ITEM('') SURFACE() );
#4524 = CARTESIAN_POINT('',(21.030101383592,-11.15991808745,
    1.739999485997));
#4525 = CARTESIAN_POINT('',(21.030101384129,-11.11491808745,
    1.739999489931));
#4526 = CARTESIAN_POINT('',(21.030101384665,-11.06991808745,
    1.739999493865));
#4527 = CARTESIAN_POINT('',(21.03010138544,-11.00491808745,
    1.739999499548));
#4528 = CARTESIAN_POINT('',(21.030101385679,-10.98491808745,
    1.739999501296));
#4529 = CARTESIAN_POINT('',(21.030101386454,-10.91991808745,
    1.739999506979));
#4530 = CARTESIAN_POINT('',(21.030101386991,-10.87491808745,
    1.739999510913));
#4531 = CARTESIAN_POINT('',(21.030101387527,-10.82991808745,
    1.739999514847));
#4532 = CARTESIAN_POINT('',(21.150101383592,-11.15991808888,
    1.739999480752));
#4533 = CARTESIAN_POINT('',(21.150101384129,-11.11491808888,
    1.739999484686));
#4534 = CARTESIAN_POINT('',(21.150101384665,-11.06991808888,
    1.73999948862));
#4535 = CARTESIAN_POINT('',(21.15010138544,-11.00491808888,
    1.739999494302));
#4536 = CARTESIAN_POINT('',(21.150101385679,-10.98491808888,
    1.739999496051));
#4537 = CARTESIAN_POINT('',(21.150101386454,-10.91991808888,
    1.739999501733));
#4538 = CARTESIAN_POINT('',(21.150101386991,-10.87491808888,
    1.739999505667));
#4539 = CARTESIAN_POINT('',(21.150101387527,-10.82991808888,
    1.739999509601));
#4540 = CARTESIAN_POINT('',(21.150101378347,-11.15991807839,
    1.619999480752));
#4541 = CARTESIAN_POINT('',(21.150101378883,-11.11491807839,
    1.619999484686));
#4542 = CARTESIAN_POINT('',(21.15010137942,-11.06991807839,1.61999948862
    ));
#4543 = CARTESIAN_POINT('',(21.150101380195,-11.00491807839,
    1.619999494302));
#4544 = CARTESIAN_POINT('',(21.150101380434,-10.98491807839,
    1.619999496051));
#4545 = CARTESIAN_POINT('',(21.150101381209,-10.91991807839,
    1.619999501733));
#4546 = CARTESIAN_POINT('',(21.150101381745,-10.87491807839,
    1.619999505667));
#4547 = CARTESIAN_POINT('',(21.150101382282,-10.82991807839,
    1.619999509601));
#4548 = ADVANCED_FACE('',(#4549),#4627,.T.);
#4549 = FACE_BOUND('',#4550,.T.);
#4550 = EDGE_LOOP('',(#4551,#4582,#4591,#4620));
#4551 = ORIENTED_EDGE('',*,*,#4552,.T.);
#4552 = EDGE_CURVE('',#4553,#4555,#4557,.T.);
#4553 = VERTEX_POINT('',#4554);
#4554 = CARTESIAN_POINT('',(20.85010139367,-9.874918074813,
    1.619999606204));
#4555 = VERTEX_POINT('',#4556);
#4556 = CARTESIAN_POINT('',(20.970101400346,-9.754918086734,
    1.739999611449));
#4557 = B_SPLINE_CURVE_WITH_KNOTS('',3,(#4558,#4559,#4560,#4561,#4562,
    #4563,#4564,#4565,#4566,#4567,#4568,#4569,#4570,#4571,#4572,#4573,
    #4574,#4575,#4576,#4577,#4578,#4579,#4580,#4581),.UNSPECIFIED.,.F.,
  .F.,(4,2,2,1,2,2,2,2,2,1,2,2,4),(0.,0.125,0.1875,0.21875,0.234375,0.25
    ,0.5,0.625,0.6875,0.71875,0.734375,0.75,1.),.UNSPECIFIED.);
#4558 = CARTESIAN_POINT('',(20.85010139367,-9.874918074813,
    1.619999606204));
#4559 = CARTESIAN_POINT('',(20.850101393732,-9.874918074935,
    1.62139274976));
#4560 = CARTESIAN_POINT('',(20.851858443001,-9.872662917692,
    1.624717929386));
#4561 = CARTESIAN_POINT('',(20.858585346159,-9.865897445889,
    1.633652551773));
#4562 = CARTESIAN_POINT('',(20.861494721418,-9.863078499296,
    1.637268862949));
#4563 = CARTESIAN_POINT('',(20.86677063825,-9.858004395405,
    1.643490575155));
#4564 = CARTESIAN_POINT('',(20.869632564268,-9.855255922459,
    1.646796759771));
#4565 = CARTESIAN_POINT('',(20.872778756695,-9.852190318005,
    1.650332975644));
#4566 = CARTESIAN_POINT('',(20.874931495194,-9.850076108032,
    1.652732719158));
#4567 = CARTESIAN_POINT('',(20.876775335902,-9.848244100955,1.6547657448
    ));
#4568 = CARTESIAN_POINT('',(20.883370490752,-9.84164957317,1.6620045996)
  );
#4569 = CARTESIAN_POINT('',(20.892325330101,-9.832694076278,
    1.671668781086));
#4570 = CARTESIAN_POINT('',(20.914229412168,-9.810790102423,
    1.693478989338));
#4571 = CARTESIAN_POINT('',(20.920573835492,-9.804581961582,
    1.699573861389));
#4572 = CARTESIAN_POINT('',(20.928229521812,-9.796909525968,
    1.706784297592));
#4573 = CARTESIAN_POINT('',(20.930485662315,-9.794625343372,
    1.708879430648));
#4574 = CARTESIAN_POINT('',(20.933456872636,-9.791609013397,
    1.711612211449));
#4575 = CARTESIAN_POINT('',(20.934839723463,-9.790203334389,
    1.712876493404));
#4576 = CARTESIAN_POINT('',(20.936077059692,-9.788951384351,
    1.71399929011));
#4577 = CARTESIAN_POINT('',(20.936870652773,-9.788150912987,
    1.714717692737));
#4578 = CARTESIAN_POINT('',(20.936426655195,-9.788593059762,
    1.71431850647));
#4579 = CARTESIAN_POINT('',(20.956676090804,-9.768339682221,
    1.732560058026));
#4580 = CARTESIAN_POINT('',(20.967507670553,-9.757511816195,
    1.739999611334));
#4581 = CARTESIAN_POINT('',(20.970101400346,-9.754918086734,
    1.739999611449));
#4582 = ORIENTED_EDGE('',*,*,#4583,.F.);
#4583 = EDGE_CURVE('',#4584,#4555,#4586,.T.);
#4584 = VERTEX_POINT('',#4585);
#4585 = CARTESIAN_POINT('',(20.970101401062,-9.694918086734,
    1.739999616694));
#4586 = B_SPLINE_CURVE_WITH_KNOTS('',3,(#4587,#4588,#4589,#4590),
  .UNSPECIFIED.,.F.,.F.,(4,4),(0.,1.),.PIECEWISE_BEZIER_KNOTS.);
#4587 = CARTESIAN_POINT('',(20.970101401062,-9.694918086734,
    1.739999616694));
#4588 = CARTESIAN_POINT('',(20.970101400823,-9.714918086734,
    1.739999614946));
#4589 = CARTESIAN_POINT('',(20.970101400585,-9.734918086734,
    1.739999613197));
#4590 = CARTESIAN_POINT('',(20.970101400346,-9.754918086734,
    1.739999611449));
#4591 = ORIENTED_EDGE('',*,*,#4592,.T.);
#4592 = EDGE_CURVE('',#4584,#4593,#4595,.T.);
#4593 = VERTEX_POINT('',#4594);
#4594 = CARTESIAN_POINT('',(20.850101397248,-9.574918074813,
    1.61999963243));
#4595 = B_SPLINE_CURVE_WITH_KNOTS('',3,(#4596,#4597,#4598,#4599,#4600,
    #4601,#4602,#4603,#4604,#4605,#4606,#4607,#4608,#4609,#4610,#4611,
    #4612,#4613,#4614,#4615,#4616,#4617,#4618,#4619),.UNSPECIFIED.,.F.,
  .F.,(4,2,2,1,2,2,2,2,2,1,2,2,4),(0.,0.125,0.1875,0.21875,0.234375,0.25
    ,0.5,0.625,0.6875,0.71875,0.734375,0.75,1.),.UNSPECIFIED.);
#4596 = CARTESIAN_POINT('',(20.970101401062,-9.694918086734,
    1.739999616694));
#4597 = CARTESIAN_POINT('',(20.968804951194,-9.693621636704,
    1.739999616863));
#4598 = CARTESIAN_POINT('',(20.965848355602,-9.690266444829,
    1.738503636762));
#4599 = CARTESIAN_POINT('',(20.957764284116,-9.682145544107,
    1.732539503335));
#4600 = CARTESIAN_POINT('',(20.954472114405,-9.678923891716,
    1.729938000446));
#4601 = CARTESIAN_POINT('',(20.948704507711,-9.673319384903,
    1.725118019991));
#4602 = CARTESIAN_POINT('',(20.94561657589,-9.670324124441,
    1.722481669498));
#4603 = CARTESIAN_POINT('',(20.942264919695,-9.667039353397,
    1.719536456183));
#4604 = CARTESIAN_POINT('',(20.939978600912,-9.664785170351,
    1.717509908693));
#4605 = CARTESIAN_POINT('',(20.937983231135,-9.662799858402,
    1.715720745708));
#4606 = CARTESIAN_POINT('',(20.931770901106,-9.656588489814,
    1.710124415944));
#4607 = CARTESIAN_POINT('',(20.920557580032,-9.645374356995,
    1.69978004874));
#4608 = CARTESIAN_POINT('',(20.900113290536,-9.624929924776,
    1.679423379947));
#4609 = CARTESIAN_POINT('',(20.894119734443,-9.619042122168,
    1.673259716051));
#4610 = CARTESIAN_POINT('',(20.886688960941,-9.611600930502,
    1.665460944579));
#4611 = CARTESIAN_POINT('',(20.884461775874,-9.60935228532,
    1.663092174624));
#4612 = CARTESIAN_POINT('',(20.881472374817,-9.606326945607,
    1.659880736408));
#4613 = CARTESIAN_POINT('',(20.880065080203,-9.604901182765,
    1.658359935445));
#4614 = CARTESIAN_POINT('',(20.878781703975,-9.603605780445,
    1.656962156522));
#4615 = CARTESIAN_POINT('',(20.87795274687,-9.602771147903,
    1.656057000381));
#4616 = CARTESIAN_POINT('',(20.878290725721,-9.603107547767,
    1.656429057725));
#4617 = CARTESIAN_POINT('',(20.859124303484,-9.583938706485,
    1.635391958223));
#4618 = CARTESIAN_POINT('',(20.850101397431,-9.574918075056,
    1.622786386976));
#4619 = CARTESIAN_POINT('',(20.850101397248,-9.574918074813,
    1.61999963243));
#4620 = ORIENTED_EDGE('',*,*,#4621,.F.);
#4621 = EDGE_CURVE('',#4553,#4593,#4622,.T.);
#4622 = B_SPLINE_CURVE_WITH_KNOTS('',3,(#4623,#4624,#4625,#4626),
  .UNSPECIFIED.,.F.,.F.,(4,4),(0.,1.),.PIECEWISE_BEZIER_KNOTS.);
#4623 = CARTESIAN_POINT('',(20.85010139367,-9.874918074813,
    1.619999606204));
#4624 = CARTESIAN_POINT('',(20.850101394863,-9.774918074813,
    1.619999614946));
#4625 = CARTESIAN_POINT('',(20.850101396055,-9.674918074813,
    1.619999623688));
#4626 = CARTESIAN_POINT('',(20.850101397248,-9.574918074813,
    1.61999963243));
#4627 = ( BOUNDED_SURFACE() B_SPLINE_SURFACE(2,3,(
    (#4628,#4629,#4630,#4631,#4632,#4633,#4634,#4635)
    ,(#4636,#4637,#4638,#4639,#4640,#4641,#4642,#4643)
    ,(#4644,#4645,#4646,#4647,#4648,#4649,#4650,#4651
)),.UNSPECIFIED.,.F.,.F.,.F.) B_SPLINE_SURFACE_WITH_KNOTS((3,3),(4,2,2,4
    ),(0.,1.),(-3.15E-04,-1.8E-04,-1.2E-04,1.5E-05),.UNSPECIFIED.) 
GEOMETRIC_REPRESENTATION_ITEM() RATIONAL_B_SPLINE_SURFACE((
    (1.,1.,1.,1.,1.,1.,1.,1.)
    ,(8.485281374239E-02,8.485281374239E-02,8.485281374239E-02
      ,8.485281374239E-02,8.485281374239E-02,8.485281374239E-02
      ,8.485281374239E-02,8.485281374239E-02)
,(1.,1.,1.,1.,1.,1.,1.,1.))) REPRESENTATION_ITEM('') SURFACE() );
#4628 = CARTESIAN_POINT('',(20.970101402672,-9.559918086734,
    1.739999628496));
#4629 = CARTESIAN_POINT('',(20.970101402135,-9.604918086734,
    1.739999624562));
#4630 = CARTESIAN_POINT('',(20.970101401599,-9.649918086734,
    1.739999620628));
#4631 = CARTESIAN_POINT('',(20.970101400823,-9.714918086734,
    1.739999614946));
#4632 = CARTESIAN_POINT('',(20.970101400585,-9.734918086734,
    1.739999613197));
#4633 = CARTESIAN_POINT('',(20.97010139981,-9.799918086734,
    1.739999607515));
#4634 = CARTESIAN_POINT('',(20.970101399273,-9.844918086734,
    1.739999603581));
#4635 = CARTESIAN_POINT('',(20.970101398737,-9.889918086734,
    1.739999599647));
#4636 = CARTESIAN_POINT('',(20.850101402672,-9.559918085303,
    1.739999633742));
#4637 = CARTESIAN_POINT('',(20.850101402135,-9.604918085303,
    1.739999629808));
#4638 = CARTESIAN_POINT('',(20.850101401599,-9.649918085303,
    1.739999625874));
#4639 = CARTESIAN_POINT('',(20.850101400823,-9.714918085303,
    1.739999620191));
#4640 = CARTESIAN_POINT('',(20.850101400585,-9.734918085303,
    1.739999618443));
#4641 = CARTESIAN_POINT('',(20.85010139981,-9.799918085303,1.73999961276
    ));
#4642 = CARTESIAN_POINT('',(20.850101399273,-9.844918085303,
    1.739999608826));
#4643 = CARTESIAN_POINT('',(20.850101398737,-9.889918085303,
    1.739999604892));
#4644 = CARTESIAN_POINT('',(20.850101397426,-9.559918074813,
    1.619999633742));
#4645 = CARTESIAN_POINT('',(20.85010139689,-9.604918074813,
    1.619999629808));
#4646 = CARTESIAN_POINT('',(20.850101396353,-9.649918074813,
    1.619999625874));
#4647 = CARTESIAN_POINT('',(20.850101395578,-9.714918074813,
    1.619999620191));
#4648 = CARTESIAN_POINT('',(20.85010139534,-9.734918074813,
    1.619999618443));
#4649 = CARTESIAN_POINT('',(20.850101394564,-9.799918074813,
    1.61999961276));
#4650 = CARTESIAN_POINT('',(20.850101394028,-9.844918074813,
    1.619999608826));
#4651 = CARTESIAN_POINT('',(20.850101393491,-9.889918074813,
    1.619999604892));
#4652 = ADVANCED_FACE('',(#4653),#4701,.T.);
#4653 = FACE_BOUND('',#4654,.T.);
#4654 = EDGE_LOOP('',(#4655,#4686,#4693,#4694));
#4655 = ORIENTED_EDGE('',*,*,#4656,.T.);
#4656 = EDGE_CURVE('',#4657,#4659,#4661,.T.);
#4657 = VERTEX_POINT('',#4658);
#4658 = CARTESIAN_POINT('',(21.030101401062,-9.69491808745,
    1.739999614072));
#4659 = VERTEX_POINT('',#4660);
#4660 = CARTESIAN_POINT('',(21.150101397248,-9.57491807839,
    1.619999619317));
#4661 = B_SPLINE_CURVE_WITH_KNOTS('',3,(#4662,#4663,#4664,#4665,#4666,
    #4667,#4668,#4669,#4670,#4671,#4672,#4673,#4674,#4675,#4676,#4677,
    #4678,#4679,#4680,#4681,#4682,#4683,#4684,#4685),.UNSPECIFIED.,.F.,
  .F.,(4,2,2,1,2,2,2,2,2,1,2,2,4),(0.,0.125,0.1875,0.21875,0.234375,0.25
    ,0.5,0.625,0.6875,0.71875,0.734375,0.75,1.),.UNSPECIFIED.);
#4662 = CARTESIAN_POINT('',(21.030101401062,-9.69491808745,
    1.739999614072));
#4663 = CARTESIAN_POINT('',(21.031397851092,-9.693621637583,
    1.739999614127));
#4664 = CARTESIAN_POINT('',(21.03475304277,-9.690665041926,
    1.738503633716));
#4665 = CARTESIAN_POINT('',(21.04287394271,-9.682580970181,
    1.732539499579));
#4666 = CARTESIAN_POINT('',(21.046095594761,-9.679288800356,
    1.729937996412));
#4667 = CARTESIAN_POINT('',(21.051700100942,-9.673521193451,
    1.725118015474));
#4668 = CARTESIAN_POINT('',(21.054695361058,-9.670433261515,
    1.722481664722));
#4669 = CARTESIAN_POINT('',(21.057980131716,-9.66708160519,
    1.719536451123));
#4670 = CARTESIAN_POINT('',(21.060234314496,-9.664795286318,
    1.717509903436));
#4671 = CARTESIAN_POINT('',(21.062219626211,-9.662799916462,
    1.715720740278));
#4672 = CARTESIAN_POINT('',(21.068430994062,-9.656587586189,
    1.710124409971));
#4673 = CARTESIAN_POINT('',(21.079645125535,-9.645374264653,
    1.699780041776));
#4674 = CARTESIAN_POINT('',(21.100089555073,-9.62492997428,
    1.679423371211));
#4675 = CARTESIAN_POINT('',(21.105977356871,-9.61893641792,
    1.673259706807));
#4676 = CARTESIAN_POINT('',(21.113418547514,-9.611505644077,
    1.665460934684));
#4677 = CARTESIAN_POINT('',(21.115667192385,-9.609278458906,
    1.663092164531));
#4678 = CARTESIAN_POINT('',(21.118692531679,-9.606289057707,
    1.659880726047));
#4679 = CARTESIAN_POINT('',(21.120118294323,-9.604881763025,
    1.658359924957));
#4680 = CARTESIAN_POINT('',(21.121413696461,-9.603598386735,
    1.656962145919));
#4681 = CARTESIAN_POINT('',(21.122248328885,-9.60276942959,
    1.656056989703));
#4682 = CARTESIAN_POINT('',(21.121911929071,-9.603107408456,
    1.656429047076));
#4683 = CARTESIAN_POINT('',(21.141080767594,-9.583940985301,1.6353919459
    ));
#4684 = CARTESIAN_POINT('',(21.150101397369,-9.574918078695,
    1.622786373863));
#4685 = CARTESIAN_POINT('',(21.150101397248,-9.57491807839,
    1.619999619317));
#4686 = ORIENTED_EDGE('',*,*,#4687,.F.);
#4687 = EDGE_CURVE('',#4593,#4659,#4688,.T.);
#4688 = B_SPLINE_CURVE_WITH_KNOTS('',3,(#4689,#4690,#4691,#4692),
  .UNSPECIFIED.,.F.,.F.,(4,4),(0.,1.),.PIECEWISE_BEZIER_KNOTS.);
#4689 = CARTESIAN_POINT('',(20.850101397248,-9.574918074813,
    1.61999963243));
#4690 = CARTESIAN_POINT('',(20.950101397248,-9.574918076005,
    1.619999628059));
#4691 = CARTESIAN_POINT('',(21.050101397248,-9.574918077198,
    1.619999623688));
#4692 = CARTESIAN_POINT('',(21.150101397248,-9.57491807839,
    1.619999619317));
#4693 = ORIENTED_EDGE('',*,*,#4592,.F.);
#4694 = ORIENTED_EDGE('',*,*,#4695,.F.);
#4695 = EDGE_CURVE('',#4657,#4584,#4696,.T.);
#4696 = B_SPLINE_CURVE_WITH_KNOTS('',3,(#4697,#4698,#4699,#4700),
  .UNSPECIFIED.,.F.,.F.,(4,4),(0.,1.),.PIECEWISE_BEZIER_KNOTS.);
#4697 = CARTESIAN_POINT('',(21.030101401062,-9.69491808745,
    1.739999614072));
#4698 = CARTESIAN_POINT('',(21.010101401062,-9.694918087211,
    1.739999614946));
#4699 = CARTESIAN_POINT('',(20.990101401062,-9.694918086973,
    1.73999961582));
#4700 = CARTESIAN_POINT('',(20.970101401062,-9.694918086734,
    1.739999616694));
#4701 = ( BOUNDED_SURFACE() B_SPLINE_SURFACE(2,3,(
    (#4702,#4703,#4704,#4705,#4706,#4707,#4708,#4709)
    ,(#4710,#4711,#4712,#4713,#4714,#4715,#4716,#4717)
    ,(#4718,#4719,#4720,#4721,#4722,#4723,#4724,#4725
)),.UNSPECIFIED.,.F.,.F.,.F.) B_SPLINE_SURFACE_WITH_KNOTS((3,3),(4,2,2,4
    ),(0.,1.),(-1.65E-04,-2.999999999997E-05,3.000000000003E-05,1.65E-04
),.UNSPECIFIED.) GEOMETRIC_REPRESENTATION_ITEM() 
RATIONAL_B_SPLINE_SURFACE((
    (1.,1.,1.,1.,1.,1.,1.,1.)
    ,(8.485281374239E-02,8.485281374239E-02,8.485281374239E-02
      ,8.485281374239E-02,8.485281374239E-02,8.485281374239E-02
      ,8.485281374239E-02,8.485281374239E-02)
,(1.,1.,1.,1.,1.,1.,1.,1.))) REPRESENTATION_ITEM('') SURFACE() );
#4702 = CARTESIAN_POINT('',(21.165101401062,-9.69491808906,
    1.739999608171));
#4703 = CARTESIAN_POINT('',(21.120101401062,-9.694918088523,
    1.739999610138));
#4704 = CARTESIAN_POINT('',(21.075101401062,-9.694918087987,
    1.739999612105));
#4705 = CARTESIAN_POINT('',(21.010101401062,-9.694918087211,
    1.739999614946));
#4706 = CARTESIAN_POINT('',(20.990101401062,-9.694918086973,
    1.73999961582));
#4707 = CARTESIAN_POINT('',(20.925101401062,-9.694918086198,
    1.739999618661));
#4708 = CARTESIAN_POINT('',(20.880101401062,-9.694918085661,
    1.739999620628));
#4709 = CARTESIAN_POINT('',(20.835101401062,-9.694918085125,
    1.739999622595));
#4710 = CARTESIAN_POINT('',(21.165101402493,-9.57491808906,
    1.739999618661));
#4711 = CARTESIAN_POINT('',(21.120101402493,-9.574918088523,
    1.739999620628));
#4712 = CARTESIAN_POINT('',(21.075101402493,-9.574918087987,
    1.739999622595));
#4713 = CARTESIAN_POINT('',(21.010101402493,-9.574918087211,
    1.739999625437));
#4714 = CARTESIAN_POINT('',(20.990101402493,-9.574918086973,
    1.739999626311));
#4715 = CARTESIAN_POINT('',(20.925101402493,-9.574918086198,
    1.739999629152));
#4716 = CARTESIAN_POINT('',(20.880101402493,-9.574918085661,
    1.739999631119));
#4717 = CARTESIAN_POINT('',(20.835101402493,-9.574918085125,
    1.739999633086));
#4718 = CARTESIAN_POINT('',(21.165101397248,-9.574918078569,
    1.619999618661));
#4719 = CARTESIAN_POINT('',(21.120101397248,-9.574918078032,
    1.619999620628));
#4720 = CARTESIAN_POINT('',(21.075101397248,-9.574918077496,
    1.619999622595));
#4721 = CARTESIAN_POINT('',(21.010101397248,-9.574918076721,
    1.619999625437));
#4722 = CARTESIAN_POINT('',(20.990101397248,-9.574918076482,
    1.619999626311));
#4723 = CARTESIAN_POINT('',(20.925101397248,-9.574918075707,
    1.619999629152));
#4724 = CARTESIAN_POINT('',(20.880101397248,-9.57491807517,
    1.619999631119));
#4725 = CARTESIAN_POINT('',(20.835101397248,-9.574918074634,
    1.619999633086));
#4726 = ADVANCED_FACE('',(#4727),#4775,.T.);
#4727 = FACE_BOUND('',#4728,.T.);
#4728 = EDGE_LOOP('',(#4729,#4760,#4767,#4768));
#4729 = ORIENTED_EDGE('',*,*,#4730,.T.);
#4730 = EDGE_CURVE('',#4731,#4733,#4735,.T.);
#4731 = VERTEX_POINT('',#4732);
#4732 = CARTESIAN_POINT('',(21.15010139367,-9.87491807839,1.61999959309)
  );
#4733 = VERTEX_POINT('',#4734);
#4734 = CARTESIAN_POINT('',(21.030101400346,-9.75491808745,
    1.739999608826));
#4735 = B_SPLINE_CURVE_WITH_KNOTS('',3,(#4736,#4737,#4738,#4739,#4740,
    #4741,#4742,#4743,#4744,#4745,#4746,#4747,#4748,#4749,#4750,#4751,
    #4752,#4753,#4754,#4755,#4756,#4757,#4758,#4759),.UNSPECIFIED.,.F.,
  .F.,(4,2,2,1,2,2,2,2,2,1,2,2,4),(0.,0.125,0.1875,0.21875,0.234375,0.25
    ,0.5,0.625,0.6875,0.71875,0.734375,0.75,1.),.UNSPECIFIED.);
#4736 = CARTESIAN_POINT('',(21.15010139367,-9.87491807839,1.61999959309)
  );
#4737 = CARTESIAN_POINT('',(21.150101393731,-9.874918078511,
    1.621392736647));
#4738 = CARTESIAN_POINT('',(21.147846236343,-9.873161029678,
    1.624717916404));
#4739 = CARTESIAN_POINT('',(21.141080764149,-9.866434127692,
    1.633652539377));
#4740 = CARTESIAN_POINT('',(21.138261817399,-9.863524752907,
    1.637268850812));
#4741 = CARTESIAN_POINT('',(21.133187713236,-9.858248836891,
    1.643490563488));
#4742 = CARTESIAN_POINT('',(21.130439240145,-9.855386911307,
    1.646796748359));
#4743 = CARTESIAN_POINT('',(21.127373635536,-9.852240719343,
    1.650332964511));
#4744 = CARTESIAN_POINT('',(21.125259425459,-9.850087981159,
    1.652732708215));
#4745 = CARTESIAN_POINT('',(21.123427418293,-9.848244140718,
    1.654765734019));
#4746 = CARTESIAN_POINT('',(21.116832890193,-9.841648986818,
    1.662004589393));
#4747 = CARTESIAN_POINT('',(21.107877392878,-9.832694148736,
    1.671668771662));
#4748 = CARTESIAN_POINT('',(21.085973418068,-9.810790069527,
    1.693478981832));
#4749 = CARTESIAN_POINT('',(21.079765276961,-9.804445647003,
    1.699573854444));
#4750 = CARTESIAN_POINT('',(21.072092841031,-9.796789961628,
    1.706784291314));
#4751 = CARTESIAN_POINT('',(21.069808658343,-9.7945338214,1.708879424566
    ));
#4752 = CARTESIAN_POINT('',(21.066792328249,-9.791562611437,
    1.711612205625));
#4753 = CARTESIAN_POINT('',(21.065386649186,-9.790179760776,1.7128764877
    ));
#4754 = CARTESIAN_POINT('',(21.0641346991,-9.788942424695,1.713999284514
    ));
#4755 = CARTESIAN_POINT('',(21.063334227704,-9.788148831708,
    1.714717687209));
#4756 = CARTESIAN_POINT('',(21.063776374497,-9.788592829233,
    1.714318500904));
#4757 = CARTESIAN_POINT('',(21.043522996158,-9.768343396017,
    1.732560054229));
#4758 = CARTESIAN_POINT('',(21.032695129807,-9.757511817243,
    1.739999608484));
#4759 = CARTESIAN_POINT('',(21.030101400346,-9.75491808745,
    1.739999608826));
#4760 = ORIENTED_EDGE('',*,*,#4761,.F.);
#4761 = EDGE_CURVE('',#4555,#4733,#4762,.T.);
#4762 = B_SPLINE_CURVE_WITH_KNOTS('',3,(#4763,#4764,#4765,#4766),
  .UNSPECIFIED.,.F.,.F.,(4,4),(0.,1.),.PIECEWISE_BEZIER_KNOTS.);
#4763 = CARTESIAN_POINT('',(20.970101400346,-9.754918086734,
    1.739999611449));
#4764 = CARTESIAN_POINT('',(20.990101400346,-9.754918086973,
    1.739999610575));
#4765 = CARTESIAN_POINT('',(21.010101400346,-9.754918087211,1.7399996097
    ));
#4766 = CARTESIAN_POINT('',(21.030101400346,-9.75491808745,
    1.739999608826));
#4767 = ORIENTED_EDGE('',*,*,#4552,.F.);
#4768 = ORIENTED_EDGE('',*,*,#4769,.F.);
#4769 = EDGE_CURVE('',#4731,#4553,#4770,.T.);
#4770 = B_SPLINE_CURVE_WITH_KNOTS('',3,(#4771,#4772,#4773,#4774),
  .UNSPECIFIED.,.F.,.F.,(4,4),(0.,1.),.PIECEWISE_BEZIER_KNOTS.);
#4771 = CARTESIAN_POINT('',(21.15010139367,-9.87491807839,1.61999959309)
  );
#4772 = CARTESIAN_POINT('',(21.05010139367,-9.874918077198,
    1.619999597461));
#4773 = CARTESIAN_POINT('',(20.95010139367,-9.874918076005,
    1.619999601832));
#4774 = CARTESIAN_POINT('',(20.85010139367,-9.874918074813,
    1.619999606204));
#4775 = ( BOUNDED_SURFACE() B_SPLINE_SURFACE(2,3,(
    (#4776,#4777,#4778,#4779,#4780,#4781,#4782,#4783)
    ,(#4784,#4785,#4786,#4787,#4788,#4789,#4790,#4791)
    ,(#4792,#4793,#4794,#4795,#4796,#4797,#4798,#4799
)),.UNSPECIFIED.,.F.,.F.,.F.) B_SPLINE_SURFACE_WITH_KNOTS((3,3),(4,2,2,4
    ),(0.,1.),(-3.15E-04,-1.8E-04,-1.2E-04,1.5E-05),.UNSPECIFIED.) 
GEOMETRIC_REPRESENTATION_ITEM() RATIONAL_B_SPLINE_SURFACE((
    (1.,1.,1.,1.,1.,1.,1.,1.)
    ,(8.485281374239E-02,8.485281374239E-02,8.485281374239E-02
      ,8.485281374239E-02,8.485281374239E-02,8.485281374239E-02
      ,8.485281374239E-02,8.485281374239E-02)
,(1.,1.,1.,1.,1.,1.,1.,1.))) REPRESENTATION_ITEM('') SURFACE() );
#4776 = CARTESIAN_POINT('',(20.835101400346,-9.754918085125,
    1.73999961735));
#4777 = CARTESIAN_POINT('',(20.880101400346,-9.754918085661,
    1.739999615383));
#4778 = CARTESIAN_POINT('',(20.925101400346,-9.754918086198,
    1.739999613416));
#4779 = CARTESIAN_POINT('',(20.990101400346,-9.754918086973,
    1.739999610575));
#4780 = CARTESIAN_POINT('',(21.010101400346,-9.754918087211,1.7399996097
    ));
#4781 = CARTESIAN_POINT('',(21.075101400346,-9.754918087987,
    1.739999606859));
#4782 = CARTESIAN_POINT('',(21.120101400346,-9.754918088523,
    1.739999604892));
#4783 = CARTESIAN_POINT('',(21.165101400346,-9.75491808906,
    1.739999602925));
#4784 = CARTESIAN_POINT('',(20.835101398915,-9.874918085125,
    1.739999606859));
#4785 = CARTESIAN_POINT('',(20.880101398915,-9.874918085661,
    1.739999604892));
#4786 = CARTESIAN_POINT('',(20.925101398915,-9.874918086198,
    1.739999602925));
#4787 = CARTESIAN_POINT('',(20.990101398915,-9.874918086973,
    1.739999600084));
#4788 = CARTESIAN_POINT('',(21.010101398915,-9.874918087211,
    1.73999959921));
#4789 = CARTESIAN_POINT('',(21.075101398915,-9.874918087987,
    1.739999596368));
#4790 = CARTESIAN_POINT('',(21.120101398915,-9.874918088523,
    1.739999594401));
#4791 = CARTESIAN_POINT('',(21.165101398915,-9.87491808906,
    1.739999592434));
#4792 = CARTESIAN_POINT('',(20.83510139367,-9.874918074634,
    1.619999606859));
#4793 = CARTESIAN_POINT('',(20.88010139367,-9.87491807517,1.619999604892
    ));
#4794 = CARTESIAN_POINT('',(20.92510139367,-9.874918075707,
    1.619999602925));
#4795 = CARTESIAN_POINT('',(20.99010139367,-9.874918076482,
    1.619999600084));
#4796 = CARTESIAN_POINT('',(21.01010139367,-9.874918076721,1.61999959921
    ));
#4797 = CARTESIAN_POINT('',(21.07510139367,-9.874918077496,
    1.619999596368));
#4798 = CARTESIAN_POINT('',(21.12010139367,-9.874918078032,
    1.619999594401));
#4799 = CARTESIAN_POINT('',(21.16510139367,-9.874918078569,
    1.619999592434));
#4800 = ADVANCED_FACE('',(#4801),#4819,.T.);
#4801 = FACE_BOUND('',#4802,.T.);
#4802 = EDGE_LOOP('',(#4803,#4804,#4811,#4812));
#4803 = ORIENTED_EDGE('',*,*,#4656,.F.);
#4804 = ORIENTED_EDGE('',*,*,#4805,.F.);
#4805 = EDGE_CURVE('',#4733,#4657,#4806,.T.);
#4806 = B_SPLINE_CURVE_WITH_KNOTS('',3,(#4807,#4808,#4809,#4810),
  .UNSPECIFIED.,.F.,.F.,(4,4),(0.,1.),.PIECEWISE_BEZIER_KNOTS.);
#4807 = CARTESIAN_POINT('',(21.030101400346,-9.75491808745,
    1.739999608826));
#4808 = CARTESIAN_POINT('',(21.030101400585,-9.73491808745,
    1.739999610575));
#4809 = CARTESIAN_POINT('',(21.030101400823,-9.71491808745,
    1.739999612323));
#4810 = CARTESIAN_POINT('',(21.030101401062,-9.69491808745,
    1.739999614072));
#4811 = ORIENTED_EDGE('',*,*,#4730,.F.);
#4812 = ORIENTED_EDGE('',*,*,#4813,.F.);
#4813 = EDGE_CURVE('',#4659,#4731,#4814,.T.);
#4814 = B_SPLINE_CURVE_WITH_KNOTS('',3,(#4815,#4816,#4817,#4818),
  .UNSPECIFIED.,.F.,.F.,(4,4),(0.,1.),.PIECEWISE_BEZIER_KNOTS.);
#4815 = CARTESIAN_POINT('',(21.150101397248,-9.57491807839,
    1.619999619317));
#4816 = CARTESIAN_POINT('',(21.150101396055,-9.67491807839,
    1.619999610575));
#4817 = CARTESIAN_POINT('',(21.150101394863,-9.77491807839,
    1.619999601832));
#4818 = CARTESIAN_POINT('',(21.15010139367,-9.87491807839,1.61999959309)
  );
#4819 = ( BOUNDED_SURFACE() B_SPLINE_SURFACE(2,3,(
    (#4820,#4821,#4822,#4823,#4824,#4825,#4826,#4827)
    ,(#4828,#4829,#4830,#4831,#4832,#4833,#4834,#4835)
    ,(#4836,#4837,#4838,#4839,#4840,#4841,#4842,#4843
)),.UNSPECIFIED.,.F.,.F.,.F.) B_SPLINE_SURFACE_WITH_KNOTS((3,3),(4,2,2,4
    ),(0.,1.),(-3.34E-03,-3.205E-03,-3.145E-03,-3.01E-03),
.UNSPECIFIED.) GEOMETRIC_REPRESENTATION_ITEM() RATIONAL_B_SPLINE_SURFACE
((
    (1.,1.,1.,1.,1.,1.,1.,1.)
    ,(8.485281374239E-02,8.485281374239E-02,8.485281374239E-02
      ,8.485281374239E-02,8.485281374239E-02,8.485281374239E-02
      ,8.485281374239E-02,8.485281374239E-02)
,(1.,1.,1.,1.,1.,1.,1.,1.))) REPRESENTATION_ITEM('') SURFACE() );
#4820 = CARTESIAN_POINT('',(21.030101398737,-9.88991808745,
    1.739999597024));
#4821 = CARTESIAN_POINT('',(21.030101399273,-9.84491808745,
    1.739999600958));
#4822 = CARTESIAN_POINT('',(21.03010139981,-9.79991808745,1.739999604892
    ));
#4823 = CARTESIAN_POINT('',(21.030101400585,-9.73491808745,
    1.739999610575));
#4824 = CARTESIAN_POINT('',(21.030101400823,-9.71491808745,
    1.739999612323));
#4825 = CARTESIAN_POINT('',(21.030101401599,-9.64991808745,
    1.739999618006));
#4826 = CARTESIAN_POINT('',(21.030101402135,-9.60491808745,1.73999962194
    ));
#4827 = CARTESIAN_POINT('',(21.030101402672,-9.55991808745,
    1.739999625874));
#4828 = CARTESIAN_POINT('',(21.150101398737,-9.889918088881,
    1.739999591779));
#4829 = CARTESIAN_POINT('',(21.150101399273,-9.844918088881,
    1.739999595713));
#4830 = CARTESIAN_POINT('',(21.15010139981,-9.799918088881,
    1.739999599647));
#4831 = CARTESIAN_POINT('',(21.150101400585,-9.734918088881,
    1.739999605329));
#4832 = CARTESIAN_POINT('',(21.150101400823,-9.714918088881,
    1.739999607078));
#4833 = CARTESIAN_POINT('',(21.150101401599,-9.649918088881,
    1.73999961276));
#4834 = CARTESIAN_POINT('',(21.150101402135,-9.604918088881,
    1.739999616694));
#4835 = CARTESIAN_POINT('',(21.150101402672,-9.559918088881,
    1.739999620628));
#4836 = CARTESIAN_POINT('',(21.150101393491,-9.88991807839,
    1.619999591779));
#4837 = CARTESIAN_POINT('',(21.150101394028,-9.84491807839,
    1.619999595713));
#4838 = CARTESIAN_POINT('',(21.150101394564,-9.79991807839,
    1.619999599647));
#4839 = CARTESIAN_POINT('',(21.15010139534,-9.73491807839,1.619999605329
    ));
#4840 = CARTESIAN_POINT('',(21.150101395578,-9.71491807839,
    1.619999607078));
#4841 = CARTESIAN_POINT('',(21.150101396353,-9.64991807839,1.61999961276
    ));
#4842 = CARTESIAN_POINT('',(21.15010139689,-9.60491807839,1.619999616694
    ));
#4843 = CARTESIAN_POINT('',(21.150101397426,-9.55991807839,
    1.619999620628));
#4844 = ADVANCED_FACE('',(#4845),#4923,.T.);
#4845 = FACE_BOUND('',#4846,.T.);
#4846 = EDGE_LOOP('',(#4847,#4878,#4887,#4916));
#4847 = ORIENTED_EDGE('',*,*,#4848,.T.);
#4848 = EDGE_CURVE('',#4849,#4851,#4853,.T.);
#4849 = VERTEX_POINT('',#4850);
#4850 = CARTESIAN_POINT('',(20.850101408815,-8.604918074813,
    1.61999971723));
#4851 = VERTEX_POINT('',#4852);
#4852 = CARTESIAN_POINT('',(20.970101415491,-8.484918086734,
    1.739999722476));
#4853 = B_SPLINE_CURVE_WITH_KNOTS('',3,(#4854,#4855,#4856,#4857,#4858,
    #4859,#4860,#4861,#4862,#4863,#4864,#4865,#4866,#4867,#4868,#4869,
    #4870,#4871,#4872,#4873,#4874,#4875,#4876,#4877),.UNSPECIFIED.,.F.,
  .F.,(4,2,2,1,2,2,2,2,2,1,2,2,4),(0.,0.125,0.1875,0.21875,0.234375,0.25
    ,0.5,0.625,0.6875,0.71875,0.734375,0.75,1.),.UNSPECIFIED.);
#4854 = CARTESIAN_POINT('',(20.850101408815,-8.604918074813,
    1.61999971723));
#4855 = CARTESIAN_POINT('',(20.850101408876,-8.604918074935,
    1.621392860787));
#4856 = CARTESIAN_POINT('',(20.851858458146,-8.602662917692,
    1.624718040414));
#4857 = CARTESIAN_POINT('',(20.858585361305,-8.595897445889,
    1.633652662802));
#4858 = CARTESIAN_POINT('',(20.861494736565,-8.593078499296,
    1.637268973978));
#4859 = CARTESIAN_POINT('',(20.866770653396,-8.588004395405,
    1.643490686183));
#4860 = CARTESIAN_POINT('',(20.869632579414,-8.585255922459,
    1.646796870799));
#4861 = CARTESIAN_POINT('',(20.872778771841,-8.582190318005,
    1.650333086672));
#4862 = CARTESIAN_POINT('',(20.874931510339,-8.580076108032,
    1.652732830186));
#4863 = CARTESIAN_POINT('',(20.876775351046,-8.578244100956,
    1.654765855826));
#4864 = CARTESIAN_POINT('',(20.883370505904,-8.571649573161,
    1.662004710635));
#4865 = CARTESIAN_POINT('',(20.892325345249,-8.562694076275,
    1.671668892116));
#4866 = CARTESIAN_POINT('',(20.914229427311,-8.540790102425,
    1.693479100363));
#4867 = CARTESIAN_POINT('',(20.920573850634,-8.534581961585,
    1.699573972414));
#4868 = CARTESIAN_POINT('',(20.928229536954,-8.52690952597,
    1.706784408616));
#4869 = CARTESIAN_POINT('',(20.930485677457,-8.524625343374,
    1.708879541673));
#4870 = CARTESIAN_POINT('',(20.933456887779,-8.521609013398,
    1.711612322474));
#4871 = CARTESIAN_POINT('',(20.934839738607,-8.52020333439,
    1.712876604429));
#4872 = CARTESIAN_POINT('',(20.936077074836,-8.518951384352,
    1.713999401137));
#4873 = CARTESIAN_POINT('',(20.936870667917,-8.518150912987,
    1.714717803763));
#4874 = CARTESIAN_POINT('',(20.93642667034,-8.518593059762,
    1.714318617497));
#4875 = CARTESIAN_POINT('',(20.956676105949,-8.498339682221,
    1.732560169053));
#4876 = CARTESIAN_POINT('',(20.967507685698,-8.487511816195,
    1.73999972236));
#4877 = CARTESIAN_POINT('',(20.970101415491,-8.484918086734,
    1.739999722476));
#4878 = ORIENTED_EDGE('',*,*,#4879,.F.);
#4879 = EDGE_CURVE('',#4880,#4851,#4882,.T.);
#4880 = VERTEX_POINT('',#4881);
#4881 = CARTESIAN_POINT('',(20.970101416207,-8.424918086734,
    1.739999727721));
#4882 = B_SPLINE_CURVE_WITH_KNOTS('',3,(#4883,#4884,#4885,#4886),
  .UNSPECIFIED.,.F.,.F.,(4,4),(0.,1.),.PIECEWISE_BEZIER_KNOTS.);
#4883 = CARTESIAN_POINT('',(20.970101416207,-8.424918086734,
    1.739999727721));
#4884 = CARTESIAN_POINT('',(20.970101415968,-8.444918086734,
    1.739999725973));
#4885 = CARTESIAN_POINT('',(20.97010141573,-8.464918086734,
    1.739999724224));
#4886 = CARTESIAN_POINT('',(20.970101415491,-8.484918086734,
    1.739999722476));
#4887 = ORIENTED_EDGE('',*,*,#4888,.T.);
#4888 = EDGE_CURVE('',#4880,#4889,#4891,.T.);
#4889 = VERTEX_POINT('',#4890);
#4890 = CARTESIAN_POINT('',(20.850101412392,-8.304918074813,
    1.619999743457));
#4891 = B_SPLINE_CURVE_WITH_KNOTS('',3,(#4892,#4893,#4894,#4895,#4896,
    #4897,#4898,#4899,#4900,#4901,#4902,#4903,#4904,#4905,#4906,#4907,
    #4908,#4909,#4910,#4911,#4912,#4913,#4914,#4915),.UNSPECIFIED.,.F.,
  .F.,(4,2,2,1,2,2,2,2,2,1,2,2,4),(0.,0.125,0.1875,0.21875,0.234375,0.25
    ,0.5,0.625,0.6875,0.71875,0.734375,0.75,1.),.UNSPECIFIED.);
#4892 = CARTESIAN_POINT('',(20.970101416207,-8.424918086734,
    1.739999727721));
#4893 = CARTESIAN_POINT('',(20.968804966339,-8.423621636704,
    1.73999972789));
#4894 = CARTESIAN_POINT('',(20.965848370748,-8.420266444829,
    1.738503747789));
#4895 = CARTESIAN_POINT('',(20.957764299262,-8.412145544107,
    1.732539614363));
#4896 = CARTESIAN_POINT('',(20.954472129551,-8.408923891716,
    1.729938111474));
#4897 = CARTESIAN_POINT('',(20.948704522857,-8.403319384903,
    1.725118131019));
#4898 = CARTESIAN_POINT('',(20.945616591036,-8.400324124441,
    1.722481780526));
#4899 = CARTESIAN_POINT('',(20.94226493484,-8.397039353397,
    1.719536567211));
#4900 = CARTESIAN_POINT('',(20.939978616057,-8.394785170351,
    1.71751001972));
#4901 = CARTESIAN_POINT('',(20.937983246279,-8.392799858402,
    1.715720856735));
#4902 = CARTESIAN_POINT('',(20.931770916252,-8.386588489816,
    1.710124526972));
#4903 = CARTESIAN_POINT('',(20.920557595172,-8.375374356991,
    1.699780159762));
#4904 = CARTESIAN_POINT('',(20.900113305683,-8.354929924778,
    1.679423490977));
#4905 = CARTESIAN_POINT('',(20.894119749591,-8.349042122171,
    1.673259827082));
#4906 = CARTESIAN_POINT('',(20.886688976089,-8.341600930506,
    1.66546105561));
#4907 = CARTESIAN_POINT('',(20.884461791022,-8.339352285323,
    1.663092285654));
#4908 = CARTESIAN_POINT('',(20.881472389964,-8.336326945609,
    1.659880847437));
#4909 = CARTESIAN_POINT('',(20.880065095349,-8.334901182767,
    1.658360046474));
#4910 = CARTESIAN_POINT('',(20.878781719121,-8.333605780446,
    1.65696226755));
#4911 = CARTESIAN_POINT('',(20.877952762016,-8.332771147903,
    1.656057111408));
#4912 = CARTESIAN_POINT('',(20.878290740866,-8.333107547767,
    1.656429168751));
#4913 = CARTESIAN_POINT('',(20.85912431863,-8.313938706485,
    1.635392069251));
#4914 = CARTESIAN_POINT('',(20.850101412576,-8.304918075056,
    1.622786498003));
#4915 = CARTESIAN_POINT('',(20.850101412392,-8.304918074813,
    1.619999743457));
#4916 = ORIENTED_EDGE('',*,*,#4917,.F.);
#4917 = EDGE_CURVE('',#4849,#4889,#4918,.T.);
#4918 = B_SPLINE_CURVE_WITH_KNOTS('',3,(#4919,#4920,#4921,#4922),
  .UNSPECIFIED.,.F.,.F.,(4,4),(0.,1.),.PIECEWISE_BEZIER_KNOTS.);
#4919 = CARTESIAN_POINT('',(20.850101408815,-8.604918074813,
    1.61999971723));
#4920 = CARTESIAN_POINT('',(20.850101410007,-8.504918074813,
    1.619999725973));
#4921 = CARTESIAN_POINT('',(20.8501014112,-8.404918074813,1.619999734715
    ));
#4922 = CARTESIAN_POINT('',(20.850101412392,-8.304918074813,
    1.619999743457));
#4923 = ( BOUNDED_SURFACE() B_SPLINE_SURFACE(2,3,(
    (#4924,#4925,#4926,#4927,#4928,#4929,#4930,#4931)
    ,(#4932,#4933,#4934,#4935,#4936,#4937,#4938,#4939)
    ,(#4940,#4941,#4942,#4943,#4944,#4945,#4946,#4947
)),.UNSPECIFIED.,.F.,.F.,.F.) B_SPLINE_SURFACE_WITH_KNOTS((3,3),(4,2,2,4
    ),(0.,1.),(1.74E-03,1.875E-03,1.935E-03,2.07E-03),.UNSPECIFIED.) 
GEOMETRIC_REPRESENTATION_ITEM() RATIONAL_B_SPLINE_SURFACE((
    (1.,1.,1.,1.,1.,1.,1.,1.)
    ,(8.485281374239E-02,8.485281374239E-02,8.485281374239E-02
      ,8.485281374239E-02,8.485281374239E-02,8.485281374239E-02
      ,8.485281374239E-02,8.485281374239E-02)
,(1.,1.,1.,1.,1.,1.,1.,1.))) REPRESENTATION_ITEM('') SURFACE() );
#4924 = CARTESIAN_POINT('',(20.970101417816,-8.289918086734,
    1.739999739523));
#4925 = CARTESIAN_POINT('',(20.97010141728,-8.334918086734,
    1.739999735589));
#4926 = CARTESIAN_POINT('',(20.970101416743,-8.379918086734,
    1.739999731655));
#4927 = CARTESIAN_POINT('',(20.970101415968,-8.444918086734,
    1.739999725973));
#4928 = CARTESIAN_POINT('',(20.97010141573,-8.464918086734,
    1.739999724224));
#4929 = CARTESIAN_POINT('',(20.970101414954,-8.529918086734,
    1.739999718542));
#4930 = CARTESIAN_POINT('',(20.970101414418,-8.574918086734,
    1.739999714608));
#4931 = CARTESIAN_POINT('',(20.970101413881,-8.619918086734,
    1.739999710674));
#4932 = CARTESIAN_POINT('',(20.850101417816,-8.289918085303,
    1.739999744769));
#4933 = CARTESIAN_POINT('',(20.85010141728,-8.334918085303,
    1.739999740835));
#4934 = CARTESIAN_POINT('',(20.850101416743,-8.379918085303,
    1.739999736901));
#4935 = CARTESIAN_POINT('',(20.850101415968,-8.444918085303,
    1.739999731218));
#4936 = CARTESIAN_POINT('',(20.85010141573,-8.464918085303,1.73999972947
    ));
#4937 = CARTESIAN_POINT('',(20.850101414954,-8.529918085303,
    1.739999723787));
#4938 = CARTESIAN_POINT('',(20.850101414418,-8.574918085303,
    1.739999719853));
#4939 = CARTESIAN_POINT('',(20.850101413881,-8.619918085303,
    1.739999715919));
#4940 = CARTESIAN_POINT('',(20.850101412571,-8.289918074813,
    1.619999744769));
#4941 = CARTESIAN_POINT('',(20.850101412034,-8.334918074813,
    1.619999740835));
#4942 = CARTESIAN_POINT('',(20.850101411498,-8.379918074813,
    1.619999736901));
#4943 = CARTESIAN_POINT('',(20.850101410723,-8.444918074813,
    1.619999731218));
#4944 = CARTESIAN_POINT('',(20.850101410484,-8.464918074813,
    1.61999972947));
#4945 = CARTESIAN_POINT('',(20.850101409709,-8.529918074813,
    1.619999723787));
#4946 = CARTESIAN_POINT('',(20.850101409172,-8.574918074813,
    1.619999719853));
#4947 = CARTESIAN_POINT('',(20.850101408636,-8.619918074813,
    1.619999715919));
#4948 = ADVANCED_FACE('',(#4949),#4997,.T.);
#4949 = FACE_BOUND('',#4950,.T.);
#4950 = EDGE_LOOP('',(#4951,#4982,#4989,#4990));
#4951 = ORIENTED_EDGE('',*,*,#4952,.T.);
#4952 = EDGE_CURVE('',#4953,#4955,#4957,.T.);
#4953 = VERTEX_POINT('',#4954);
#4954 = CARTESIAN_POINT('',(21.030101416207,-8.42491808745,
    1.739999725098));
#4955 = VERTEX_POINT('',#4956);
#4956 = CARTESIAN_POINT('',(21.150101412392,-8.30491807839,
    1.619999730344));
#4957 = B_SPLINE_CURVE_WITH_KNOTS('',3,(#4958,#4959,#4960,#4961,#4962,
    #4963,#4964,#4965,#4966,#4967,#4968,#4969,#4970,#4971,#4972,#4973,
    #4974,#4975,#4976,#4977,#4978,#4979,#4980,#4981),.UNSPECIFIED.,.F.,
  .F.,(4,2,2,1,2,2,2,2,2,1,2,2,4),(0.,0.125,0.1875,0.21875,0.234375,0.25
    ,0.5,0.625,0.6875,0.71875,0.734375,0.75,1.),.UNSPECIFIED.);
#4958 = CARTESIAN_POINT('',(21.030101416207,-8.42491808745,
    1.739999725098));
#4959 = CARTESIAN_POINT('',(21.031397866236,-8.423621637583,
    1.739999725154));
#4960 = CARTESIAN_POINT('',(21.034753057915,-8.420665041926,
    1.738503744743));
#4961 = CARTESIAN_POINT('',(21.042873957855,-8.412580970181,
    1.732539610606));
#4962 = CARTESIAN_POINT('',(21.046095609905,-8.409288800356,
    1.729938107439));
#4963 = CARTESIAN_POINT('',(21.051700116086,-8.403521193451,1.7251181265
    ));
#4964 = CARTESIAN_POINT('',(21.054695376203,-8.400433261515,
    1.722481775749));
#4965 = CARTESIAN_POINT('',(21.05798014686,-8.39708160519,1.71953656215)
  );
#4966 = CARTESIAN_POINT('',(21.060234329641,-8.394795286318,
    1.717510014463));
#4967 = CARTESIAN_POINT('',(21.062219641356,-8.392799916461,
    1.715720851304));
#4968 = CARTESIAN_POINT('',(21.068431009203,-8.386587586193,
    1.710124521001));
#4969 = CARTESIAN_POINT('',(21.079645140679,-8.375374264654,
    1.699780152805));
#4970 = CARTESIAN_POINT('',(21.100089570218,-8.35492997428,
    1.679423482237));
#4971 = CARTESIAN_POINT('',(21.105977372016,-8.348936417919,
    1.673259817832));
#4972 = CARTESIAN_POINT('',(21.113418562659,-8.341505644076,
    1.665461045709));
#4973 = CARTESIAN_POINT('',(21.115667207531,-8.339278458905,
    1.663092275556));
#4974 = CARTESIAN_POINT('',(21.118692546824,-8.336289057706,
    1.659880837073));
#4975 = CARTESIAN_POINT('',(21.120118309468,-8.334881763025,
    1.658360035983));
#4976 = CARTESIAN_POINT('',(21.121413711606,-8.333598386735,
    1.656962256945));
#4977 = CARTESIAN_POINT('',(21.12224834403,-8.33276942959,1.65605710073)
  );
#4978 = CARTESIAN_POINT('',(21.121911944215,-8.333107408456,
    1.656429158102));
#4979 = CARTESIAN_POINT('',(21.141080782739,-8.313940985302,
    1.635392056928));
#4980 = CARTESIAN_POINT('',(21.150101412514,-8.304918078696,
    1.62278648489));
#4981 = CARTESIAN_POINT('',(21.150101412392,-8.30491807839,
    1.619999730344));
#4982 = ORIENTED_EDGE('',*,*,#4983,.F.);
#4983 = EDGE_CURVE('',#4889,#4955,#4984,.T.);
#4984 = B_SPLINE_CURVE_WITH_KNOTS('',3,(#4985,#4986,#4987,#4988),
  .UNSPECIFIED.,.F.,.F.,(4,4),(0.,1.),.PIECEWISE_BEZIER_KNOTS.);
#4985 = CARTESIAN_POINT('',(20.850101412392,-8.304918074813,
    1.619999743457));
#4986 = CARTESIAN_POINT('',(20.950101412392,-8.304918076005,
    1.619999739086));
#4987 = CARTESIAN_POINT('',(21.050101412392,-8.304918077198,
    1.619999734715));
#4988 = CARTESIAN_POINT('',(21.150101412392,-8.30491807839,
    1.619999730344));
#4989 = ORIENTED_EDGE('',*,*,#4888,.F.);
#4990 = ORIENTED_EDGE('',*,*,#4991,.F.);
#4991 = EDGE_CURVE('',#4953,#4880,#4992,.T.);
#4992 = B_SPLINE_CURVE_WITH_KNOTS('',3,(#4993,#4994,#4995,#4996),
  .UNSPECIFIED.,.F.,.F.,(4,4),(0.,1.),.PIECEWISE_BEZIER_KNOTS.);
#4993 = CARTESIAN_POINT('',(21.030101416207,-8.42491808745,
    1.739999725098));
#4994 = CARTESIAN_POINT('',(21.010101416207,-8.424918087211,
    1.739999725973));
#4995 = CARTESIAN_POINT('',(20.990101416207,-8.424918086973,
    1.739999726847));
#4996 = CARTESIAN_POINT('',(20.970101416207,-8.424918086734,
    1.739999727721));
#4997 = ( BOUNDED_SURFACE() B_SPLINE_SURFACE(2,3,(
    (#4998,#4999,#5000,#5001,#5002,#5003,#5004,#5005)
    ,(#5006,#5007,#5008,#5009,#5010,#5011,#5012,#5013)
    ,(#5014,#5015,#5016,#5017,#5018,#5019,#5020,#5021
)),.UNSPECIFIED.,.F.,.F.,.F.) B_SPLINE_SURFACE_WITH_KNOTS((3,3),(4,2,2,4
    ),(0.,1.),(-1.65E-04,-2.999999999998E-05,3.000000000002E-05,1.65E-04
),.UNSPECIFIED.) GEOMETRIC_REPRESENTATION_ITEM() 
RATIONAL_B_SPLINE_SURFACE((
    (1.,1.,1.,1.,1.,1.,1.,1.)
    ,(8.485281374239E-02,8.485281374239E-02,8.485281374239E-02
      ,8.485281374239E-02,8.485281374239E-02,8.485281374239E-02
      ,8.485281374239E-02,8.485281374239E-02)
,(1.,1.,1.,1.,1.,1.,1.,1.))) REPRESENTATION_ITEM('') SURFACE() );
#4998 = CARTESIAN_POINT('',(21.165101416207,-8.42491808906,
    1.739999719197));
#4999 = CARTESIAN_POINT('',(21.120101416207,-8.424918088523,
    1.739999721164));
#5000 = CARTESIAN_POINT('',(21.075101416207,-8.424918087987,
    1.739999723131));
#5001 = CARTESIAN_POINT('',(21.010101416207,-8.424918087211,
    1.739999725973));
#5002 = CARTESIAN_POINT('',(20.990101416207,-8.424918086973,
    1.739999726847));
#5003 = CARTESIAN_POINT('',(20.925101416207,-8.424918086198,
    1.739999729688));
#5004 = CARTESIAN_POINT('',(20.880101416207,-8.424918085661,
    1.739999731655));
#5005 = CARTESIAN_POINT('',(20.835101416207,-8.424918085125,
    1.739999733622));
#5006 = CARTESIAN_POINT('',(21.165101417638,-8.30491808906,
    1.739999729688));
#5007 = CARTESIAN_POINT('',(21.120101417638,-8.304918088523,
    1.739999731655));
#5008 = CARTESIAN_POINT('',(21.075101417638,-8.304918087987,
    1.739999733622));
#5009 = CARTESIAN_POINT('',(21.010101417638,-8.304918087211,
    1.739999736463));
#5010 = CARTESIAN_POINT('',(20.990101417638,-8.304918086973,
    1.739999737338));
#5011 = CARTESIAN_POINT('',(20.925101417638,-8.304918086198,
    1.739999740179));
#5012 = CARTESIAN_POINT('',(20.880101417638,-8.304918085661,
    1.739999742146));
#5013 = CARTESIAN_POINT('',(20.835101417638,-8.304918085125,
    1.739999744113));
#5014 = CARTESIAN_POINT('',(21.165101412392,-8.304918078569,
    1.619999729688));
#5015 = CARTESIAN_POINT('',(21.120101412392,-8.304918078032,
    1.619999731655));
#5016 = CARTESIAN_POINT('',(21.075101412392,-8.304918077496,
    1.619999733622));
#5017 = CARTESIAN_POINT('',(21.010101412392,-8.304918076721,
    1.619999736463));
#5018 = CARTESIAN_POINT('',(20.990101412392,-8.304918076482,
    1.619999737338));
#5019 = CARTESIAN_POINT('',(20.925101412392,-8.304918075707,
    1.619999740179));
#5020 = CARTESIAN_POINT('',(20.880101412392,-8.30491807517,
    1.619999742146));
#5021 = CARTESIAN_POINT('',(20.835101412392,-8.304918074634,
    1.619999744113));
#5022 = ADVANCED_FACE('',(#5023),#5071,.T.);
#5023 = FACE_BOUND('',#5024,.T.);
#5024 = EDGE_LOOP('',(#5025,#5056,#5063,#5064));
#5025 = ORIENTED_EDGE('',*,*,#5026,.T.);
#5026 = EDGE_CURVE('',#5027,#5029,#5031,.T.);
#5027 = VERTEX_POINT('',#5028);
#5028 = CARTESIAN_POINT('',(21.150101408815,-8.60491807839,
    1.619999704117));
#5029 = VERTEX_POINT('',#5030);
#5030 = CARTESIAN_POINT('',(21.030101415491,-8.48491808745,
    1.739999719853));
#5031 = B_SPLINE_CURVE_WITH_KNOTS('',3,(#5032,#5033,#5034,#5035,#5036,
    #5037,#5038,#5039,#5040,#5041,#5042,#5043,#5044,#5045,#5046,#5047,
    #5048,#5049,#5050,#5051,#5052,#5053,#5054,#5055),.UNSPECIFIED.,.F.,
  .F.,(4,2,2,1,2,2,2,2,2,1,2,2,4),(0.,0.125,0.1875,0.21875,0.234375,0.25
    ,0.5,0.625,0.6875,0.71875,0.734375,0.75,1.),.UNSPECIFIED.);
#5032 = CARTESIAN_POINT('',(21.150101408815,-8.60491807839,
    1.619999704117));
#5033 = CARTESIAN_POINT('',(21.150101408876,-8.604918078511,
    1.621392847673));
#5034 = CARTESIAN_POINT('',(21.147846251487,-8.603161029678,
    1.624718027431));
#5035 = CARTESIAN_POINT('',(21.141080779294,-8.596434127692,
    1.633652650404));
#5036 = CARTESIAN_POINT('',(21.138261832544,-8.593524752907,
    1.637268961839));
#5037 = CARTESIAN_POINT('',(21.13318772838,-8.588248836891,
    1.643490674515));
#5038 = CARTESIAN_POINT('',(21.130439255289,-8.585386911307,
    1.646796859386));
#5039 = CARTESIAN_POINT('',(21.127373650681,-8.582240719343,
    1.650333075538));
#5040 = CARTESIAN_POINT('',(21.125259440604,-8.580087981159,
    1.652732819242));
#5041 = CARTESIAN_POINT('',(21.123427433438,-8.578244140718,
    1.654765845045));
#5042 = CARTESIAN_POINT('',(21.116832905337,-8.571648986818,
    1.662004700421));
#5043 = CARTESIAN_POINT('',(21.107877408024,-8.562694148737,
    1.671668882688));
#5044 = CARTESIAN_POINT('',(21.085973433212,-8.540790069527,
    1.693479092859));
#5045 = CARTESIAN_POINT('',(21.079765292104,-8.534445647002,
    1.699573965472));
#5046 = CARTESIAN_POINT('',(21.072092856174,-8.526789961627,
    1.706784402342));
#5047 = CARTESIAN_POINT('',(21.069808673487,-8.524533821399,
    1.708879535594));
#5048 = CARTESIAN_POINT('',(21.066792343393,-8.521562611437,
    1.711612316652));
#5049 = CARTESIAN_POINT('',(21.06538666433,-8.520179760775,
    1.712876598727));
#5050 = CARTESIAN_POINT('',(21.064134714244,-8.518942424695,
    1.713999395541));
#5051 = CARTESIAN_POINT('',(21.063334242848,-8.518148831708,
    1.714717798236));
#5052 = CARTESIAN_POINT('',(21.063776389641,-8.518592829233,
    1.714318611931));
#5053 = CARTESIAN_POINT('',(21.043523011303,-8.498343396016,
    1.732560165257));
#5054 = CARTESIAN_POINT('',(21.032695144951,-8.487511817243,
    1.739999719511));
#5055 = CARTESIAN_POINT('',(21.030101415491,-8.48491808745,
    1.739999719853));
#5056 = ORIENTED_EDGE('',*,*,#5057,.F.);
#5057 = EDGE_CURVE('',#4851,#5029,#5058,.T.);
#5058 = B_SPLINE_CURVE_WITH_KNOTS('',3,(#5059,#5060,#5061,#5062),
  .UNSPECIFIED.,.F.,.F.,(4,4),(0.,1.),.PIECEWISE_BEZIER_KNOTS.);
#5059 = CARTESIAN_POINT('',(20.970101415491,-8.484918086734,
    1.739999722476));
#5060 = CARTESIAN_POINT('',(20.990101415491,-8.484918086973,
    1.739999721602));
#5061 = CARTESIAN_POINT('',(21.010101415491,-8.484918087211,
    1.739999720727));
#5062 = CARTESIAN_POINT('',(21.030101415491,-8.48491808745,
    1.739999719853));
#5063 = ORIENTED_EDGE('',*,*,#4848,.F.);
#5064 = ORIENTED_EDGE('',*,*,#5065,.F.);
#5065 = EDGE_CURVE('',#5027,#4849,#5066,.T.);
#5066 = B_SPLINE_CURVE_WITH_KNOTS('',3,(#5067,#5068,#5069,#5070),
  .UNSPECIFIED.,.F.,.F.,(4,4),(0.,1.),.PIECEWISE_BEZIER_KNOTS.);
#5067 = CARTESIAN_POINT('',(21.150101408815,-8.60491807839,
    1.619999704117));
#5068 = CARTESIAN_POINT('',(21.050101408815,-8.604918077198,
    1.619999708488));
#5069 = CARTESIAN_POINT('',(20.950101408815,-8.604918076005,
    1.619999712859));
#5070 = CARTESIAN_POINT('',(20.850101408815,-8.604918074813,
    1.61999971723));
#5071 = ( BOUNDED_SURFACE() B_SPLINE_SURFACE(2,3,(
    (#5072,#5073,#5074,#5075,#5076,#5077,#5078,#5079)
    ,(#5080,#5081,#5082,#5083,#5084,#5085,#5086,#5087)
    ,(#5088,#5089,#5090,#5091,#5092,#5093,#5094,#5095
)),.UNSPECIFIED.,.F.,.F.,.F.) B_SPLINE_SURFACE_WITH_KNOTS((3,3),(4,2,2,4
    ),(0.,1.),(-1.65E-04,-3.000000000002E-05,2.999999999998E-05,1.65E-04
),.UNSPECIFIED.) GEOMETRIC_REPRESENTATION_ITEM() 
RATIONAL_B_SPLINE_SURFACE((
    (1.,1.,1.,1.,1.,1.,1.,1.)
    ,(8.485281374239E-02,8.485281374239E-02,8.485281374239E-02
      ,8.485281374239E-02,8.485281374239E-02,8.485281374239E-02
      ,8.485281374239E-02,8.485281374239E-02)
,(1.,1.,1.,1.,1.,1.,1.,1.))) REPRESENTATION_ITEM('') SURFACE() );
#5072 = CARTESIAN_POINT('',(20.835101415491,-8.484918085125,
    1.739999728377));
#5073 = CARTESIAN_POINT('',(20.880101415491,-8.484918085661,
    1.73999972641));
#5074 = CARTESIAN_POINT('',(20.925101415491,-8.484918086198,
    1.739999724443));
#5075 = CARTESIAN_POINT('',(20.990101415491,-8.484918086973,
    1.739999721602));
#5076 = CARTESIAN_POINT('',(21.010101415491,-8.484918087211,
    1.739999720727));
#5077 = CARTESIAN_POINT('',(21.075101415491,-8.484918087987,
    1.739999717886));
#5078 = CARTESIAN_POINT('',(21.120101415491,-8.484918088523,
    1.739999715919));
#5079 = CARTESIAN_POINT('',(21.165101415491,-8.48491808906,
    1.739999713952));
#5080 = CARTESIAN_POINT('',(20.83510141406,-8.604918085125,
    1.739999717886));
#5081 = CARTESIAN_POINT('',(20.88010141406,-8.604918085661,
    1.739999715919));
#5082 = CARTESIAN_POINT('',(20.92510141406,-8.604918086198,
    1.739999713952));
#5083 = CARTESIAN_POINT('',(20.99010141406,-8.604918086973,
    1.739999711111));
#5084 = CARTESIAN_POINT('',(21.01010141406,-8.604918087211,
    1.739999710237));
#5085 = CARTESIAN_POINT('',(21.07510141406,-8.604918087987,
    1.739999707395));
#5086 = CARTESIAN_POINT('',(21.12010141406,-8.604918088523,
    1.739999705428));
#5087 = CARTESIAN_POINT('',(21.16510141406,-8.60491808906,1.739999703461
    ));
#5088 = CARTESIAN_POINT('',(20.835101408815,-8.604918074634,
    1.619999717886));
#5089 = CARTESIAN_POINT('',(20.880101408815,-8.60491807517,
    1.619999715919));
#5090 = CARTESIAN_POINT('',(20.925101408815,-8.604918075707,
    1.619999713952));
#5091 = CARTESIAN_POINT('',(20.990101408815,-8.604918076482,
    1.619999711111));
#5092 = CARTESIAN_POINT('',(21.010101408815,-8.604918076721,
    1.619999710237));
#5093 = CARTESIAN_POINT('',(21.075101408815,-8.604918077496,
    1.619999707395));
#5094 = CARTESIAN_POINT('',(21.120101408815,-8.604918078032,
    1.619999705428));
#5095 = CARTESIAN_POINT('',(21.165101408815,-8.604918078569,
    1.619999703461));
#5096 = ADVANCED_FACE('',(#5097),#5115,.T.);
#5097 = FACE_BOUND('',#5098,.T.);
#5098 = EDGE_LOOP('',(#5099,#5100,#5107,#5108));
#5099 = ORIENTED_EDGE('',*,*,#4952,.F.);
#5100 = ORIENTED_EDGE('',*,*,#5101,.F.);
#5101 = EDGE_CURVE('',#5029,#4953,#5102,.T.);
#5102 = B_SPLINE_CURVE_WITH_KNOTS('',3,(#5103,#5104,#5105,#5106),
  .UNSPECIFIED.,.F.,.F.,(4,4),(0.,1.),.PIECEWISE_BEZIER_KNOTS.);
#5103 = CARTESIAN_POINT('',(21.030101415491,-8.48491808745,
    1.739999719853));
#5104 = CARTESIAN_POINT('',(21.03010141573,-8.46491808745,1.739999721602
    ));
#5105 = CARTESIAN_POINT('',(21.030101415968,-8.44491808745,1.73999972335
    ));
#5106 = CARTESIAN_POINT('',(21.030101416207,-8.42491808745,
    1.739999725098));
#5107 = ORIENTED_EDGE('',*,*,#5026,.F.);
#5108 = ORIENTED_EDGE('',*,*,#5109,.F.);
#5109 = EDGE_CURVE('',#4955,#5027,#5110,.T.);
#5110 = B_SPLINE_CURVE_WITH_KNOTS('',3,(#5111,#5112,#5113,#5114),
  .UNSPECIFIED.,.F.,.F.,(4,4),(0.,1.),.PIECEWISE_BEZIER_KNOTS.);
#5111 = CARTESIAN_POINT('',(21.150101412392,-8.30491807839,
    1.619999730344));
#5112 = CARTESIAN_POINT('',(21.1501014112,-8.40491807839,1.619999721602)
  );
#5113 = CARTESIAN_POINT('',(21.150101410007,-8.50491807839,
    1.619999712859));
#5114 = CARTESIAN_POINT('',(21.150101408815,-8.60491807839,
    1.619999704117));
#5115 = ( BOUNDED_SURFACE() B_SPLINE_SURFACE(2,3,(
    (#5116,#5117,#5118,#5119,#5120,#5121,#5122,#5123)
    ,(#5124,#5125,#5126,#5127,#5128,#5129,#5130,#5131)
    ,(#5132,#5133,#5134,#5135,#5136,#5137,#5138,#5139
)),.UNSPECIFIED.,.F.,.F.,.F.) B_SPLINE_SURFACE_WITH_KNOTS((3,3),(4,2,2,4
    ),(0.,1.),(-2.07E-03,-1.935E-03,-1.875E-03,-1.74E-03),
.UNSPECIFIED.) GEOMETRIC_REPRESENTATION_ITEM() RATIONAL_B_SPLINE_SURFACE
((
    (1.,1.,1.,1.,1.,1.,1.,1.)
    ,(8.485281374239E-02,8.485281374239E-02,8.485281374239E-02
      ,8.485281374239E-02,8.485281374239E-02,8.485281374239E-02
      ,8.485281374239E-02,8.485281374239E-02)
,(1.,1.,1.,1.,1.,1.,1.,1.))) REPRESENTATION_ITEM('') SURFACE() );
#5116 = CARTESIAN_POINT('',(21.030101413881,-8.61991808745,
    1.739999708051));
#5117 = CARTESIAN_POINT('',(21.030101414418,-8.57491808745,
    1.739999711985));
#5118 = CARTESIAN_POINT('',(21.030101414954,-8.52991808745,
    1.739999715919));
#5119 = CARTESIAN_POINT('',(21.03010141573,-8.46491808745,1.739999721602
    ));
#5120 = CARTESIAN_POINT('',(21.030101415968,-8.44491808745,1.73999972335
    ));
#5121 = CARTESIAN_POINT('',(21.030101416743,-8.37991808745,
    1.739999729032));
#5122 = CARTESIAN_POINT('',(21.03010141728,-8.33491808745,1.739999732967
    ));
#5123 = CARTESIAN_POINT('',(21.030101417816,-8.28991808745,
    1.739999736901));
#5124 = CARTESIAN_POINT('',(21.150101413881,-8.619918088881,
    1.739999702806));
#5125 = CARTESIAN_POINT('',(21.150101414418,-8.574918088881,
    1.73999970674));
#5126 = CARTESIAN_POINT('',(21.150101414954,-8.529918088881,
    1.739999710674));
#5127 = CARTESIAN_POINT('',(21.15010141573,-8.464918088881,
    1.739999716356));
#5128 = CARTESIAN_POINT('',(21.150101415968,-8.444918088881,
    1.739999718105));
#5129 = CARTESIAN_POINT('',(21.150101416743,-8.379918088881,
    1.739999723787));
#5130 = CARTESIAN_POINT('',(21.15010141728,-8.334918088881,
    1.739999727721));
#5131 = CARTESIAN_POINT('',(21.150101417816,-8.289918088881,
    1.739999731655));
#5132 = CARTESIAN_POINT('',(21.150101408636,-8.61991807839,
    1.619999702806));
#5133 = CARTESIAN_POINT('',(21.150101409172,-8.57491807839,1.61999970674
    ));
#5134 = CARTESIAN_POINT('',(21.150101409709,-8.52991807839,
    1.619999710674));
#5135 = CARTESIAN_POINT('',(21.150101410484,-8.46491807839,
    1.619999716356));
#5136 = CARTESIAN_POINT('',(21.150101410723,-8.44491807839,
    1.619999718105));
#5137 = CARTESIAN_POINT('',(21.150101411498,-8.37991807839,
    1.619999723787));
#5138 = CARTESIAN_POINT('',(21.150101412034,-8.33491807839,
    1.619999727721));
#5139 = CARTESIAN_POINT('',(21.150101412571,-8.28991807839,
    1.619999731655));
#5140 = ADVANCED_FACE('',(#5141),#5219,.T.);
#5141 = FACE_BOUND('',#5142,.T.);
#5142 = EDGE_LOOP('',(#5143,#5174,#5183,#5212));
#5143 = ORIENTED_EDGE('',*,*,#5144,.T.);
#5144 = EDGE_CURVE('',#5145,#5147,#5149,.T.);
#5145 = VERTEX_POINT('',#5146);
#5146 = CARTESIAN_POINT('',(20.850101423959,-7.334918074813,
    1.619999828257));
#5147 = VERTEX_POINT('',#5148);
#5148 = CARTESIAN_POINT('',(20.970101430636,-7.214918086734,
    1.739999833503));
#5149 = B_SPLINE_CURVE_WITH_KNOTS('',3,(#5150,#5151,#5152,#5153,#5154,
    #5155,#5156,#5157,#5158,#5159,#5160,#5161,#5162,#5163,#5164,#5165,
    #5166,#5167,#5168,#5169,#5170,#5171,#5172,#5173),.UNSPECIFIED.,.F.,
  .F.,(4,2,2,1,2,2,2,2,2,1,2,2,4),(0.,0.125,0.1875,0.21875,0.234375,0.25
    ,0.5,0.625,0.6875,0.71875,0.734375,0.75,1.),.UNSPECIFIED.);
#5150 = CARTESIAN_POINT('',(20.850101423959,-7.334918074813,
    1.619999828257));
#5151 = CARTESIAN_POINT('',(20.850101424021,-7.334918074935,
    1.621392971814));
#5152 = CARTESIAN_POINT('',(20.85185847329,-7.332662917692,1.62471815144
    ));
#5153 = CARTESIAN_POINT('',(20.858585376448,-7.325897445889,
    1.633652773826));
#5154 = CARTESIAN_POINT('',(20.861494751708,-7.323078499296,
    1.637269085003));
#5155 = CARTESIAN_POINT('',(20.866770668539,-7.318004395405,
    1.643490797208));
#5156 = CARTESIAN_POINT('',(20.869632594557,-7.315255922459,
    1.646796981825));
#5157 = CARTESIAN_POINT('',(20.872778786985,-7.312190318005,
    1.650333197698));
#5158 = CARTESIAN_POINT('',(20.874931525483,-7.310076108032,
    1.652732941212));
#5159 = CARTESIAN_POINT('',(20.876775366191,-7.308244100955,
    1.654765966854));
#5160 = CARTESIAN_POINT('',(20.883370521039,-7.301649573172,
    1.662004821651));
#5161 = CARTESIAN_POINT('',(20.892325360387,-7.292694076281,
    1.671669003136));
#5162 = CARTESIAN_POINT('',(20.914229442459,-7.270790102422,
    1.693479211394));
#5163 = CARTESIAN_POINT('',(20.920573865783,-7.26458196158,
    1.699574083446));
#5164 = CARTESIAN_POINT('',(20.928229552103,-7.256909525965,
    1.706784519648));
#5165 = CARTESIAN_POINT('',(20.930485692606,-7.25462534337,
    1.708879652703));
#5166 = CARTESIAN_POINT('',(20.933456902927,-7.251609013395,
    1.711612433504));
#5167 = CARTESIAN_POINT('',(20.934839753754,-7.250203334387,
    1.712876715458));
#5168 = CARTESIAN_POINT('',(20.936077089982,-7.248951384351,
    1.713999512165));
#5169 = CARTESIAN_POINT('',(20.936870683063,-7.248150912986,
    1.714717914791));
#5170 = CARTESIAN_POINT('',(20.936426685485,-7.248593059762,
    1.714318728524));
#5171 = CARTESIAN_POINT('',(20.956676121093,-7.228339682221,
    1.73256028008));
#5172 = CARTESIAN_POINT('',(20.967507700842,-7.217511816195,
    1.739999833387));
#5173 = CARTESIAN_POINT('',(20.970101430636,-7.214918086734,
    1.739999833503));
#5174 = ORIENTED_EDGE('',*,*,#5175,.F.);
#5175 = EDGE_CURVE('',#5176,#5147,#5178,.T.);
#5176 = VERTEX_POINT('',#5177);
#5177 = CARTESIAN_POINT('',(20.970101431351,-7.154918086734,
    1.739999838748));
#5178 = B_SPLINE_CURVE_WITH_KNOTS('',3,(#5179,#5180,#5181,#5182),
  .UNSPECIFIED.,.F.,.F.,(4,4),(0.,1.),.PIECEWISE_BEZIER_KNOTS.);
#5179 = CARTESIAN_POINT('',(20.970101431351,-7.154918086734,
    1.739999838748));
#5180 = CARTESIAN_POINT('',(20.970101431113,-7.174918086734,1.739999837)
  );
#5181 = CARTESIAN_POINT('',(20.970101430874,-7.194918086734,
    1.739999835251));
#5182 = CARTESIAN_POINT('',(20.970101430636,-7.214918086734,
    1.739999833503));
#5183 = ORIENTED_EDGE('',*,*,#5184,.T.);
#5184 = EDGE_CURVE('',#5176,#5185,#5187,.T.);
#5185 = VERTEX_POINT('',#5186);
#5186 = CARTESIAN_POINT('',(20.850101427537,-7.034918074813,
    1.619999854484));
#5187 = B_SPLINE_CURVE_WITH_KNOTS('',3,(#5188,#5189,#5190,#5191,#5192,
    #5193,#5194,#5195,#5196,#5197,#5198,#5199,#5200,#5201,#5202,#5203,
    #5204,#5205,#5206,#5207,#5208,#5209,#5210,#5211),.UNSPECIFIED.,.F.,
  .F.,(4,2,2,1,2,2,2,2,2,1,2,2,4),(0.,0.125,0.1875,0.21875,0.234375,0.25
    ,0.5,0.625,0.6875,0.71875,0.734375,0.75,1.),.UNSPECIFIED.);
#5188 = CARTESIAN_POINT('',(20.970101431351,-7.154918086734,
    1.739999838748));
#5189 = CARTESIAN_POINT('',(20.968804981484,-7.153621636704,
    1.739999838917));
#5190 = CARTESIAN_POINT('',(20.965848385893,-7.15026644483,
    1.738503858816));
#5191 = CARTESIAN_POINT('',(20.957764314408,-7.142145544108,
    1.732539725391));
#5192 = CARTESIAN_POINT('',(20.954472144697,-7.138923891716,
    1.729938222502));
#5193 = CARTESIAN_POINT('',(20.948704538002,-7.133319384903,
    1.725118242047));
#5194 = CARTESIAN_POINT('',(20.945616606182,-7.130324124441,
    1.722481891553));
#5195 = CARTESIAN_POINT('',(20.942264949986,-7.127039353397,
    1.719536678238));
#5196 = CARTESIAN_POINT('',(20.939978631202,-7.124785170351,
    1.717510130748));
#5197 = CARTESIAN_POINT('',(20.937983261424,-7.122799858401,
    1.715720967762));
#5198 = CARTESIAN_POINT('',(20.931770931402,-7.116588489822,
    1.710124638004));
#5199 = CARTESIAN_POINT('',(20.920557610317,-7.10537435699,
    1.699780270789));
#5200 = CARTESIAN_POINT('',(20.900113320827,-7.084929924778,
    1.679423602004));
#5201 = CARTESIAN_POINT('',(20.894119764735,-7.079042122171,
    1.673259938108));
#5202 = CARTESIAN_POINT('',(20.886688991233,-7.071600930506,
    1.665461166637));
#5203 = CARTESIAN_POINT('',(20.884461806166,-7.069352285324,
    1.663092396681));
#5204 = CARTESIAN_POINT('',(20.881472405108,-7.066326945609,
    1.659880958464));
#5205 = CARTESIAN_POINT('',(20.880065110494,-7.064901182767,
    1.658360157501));
#5206 = CARTESIAN_POINT('',(20.878781734265,-7.063605780446,
    1.656962378577));
#5207 = CARTESIAN_POINT('',(20.87795277716,-7.062771147903,
    1.656057222435));
#5208 = CARTESIAN_POINT('',(20.87829075601,-7.063107547767,
    1.656429279778));
#5209 = CARTESIAN_POINT('',(20.859124333776,-7.043938706485,
    1.635392180279));
#5210 = CARTESIAN_POINT('',(20.85010142772,-7.034918075056,1.62278660903
    ));
#5211 = CARTESIAN_POINT('',(20.850101427537,-7.034918074813,
    1.619999854484));
#5212 = ORIENTED_EDGE('',*,*,#5213,.F.);
#5213 = EDGE_CURVE('',#5145,#5185,#5214,.T.);
#5214 = B_SPLINE_CURVE_WITH_KNOTS('',3,(#5215,#5216,#5217,#5218),
  .UNSPECIFIED.,.F.,.F.,(4,4),(0.,1.),.PIECEWISE_BEZIER_KNOTS.);
#5215 = CARTESIAN_POINT('',(20.850101423959,-7.334918074813,
    1.619999828257));
#5216 = CARTESIAN_POINT('',(20.850101425152,-7.234918074813,1.619999837)
  );
#5217 = CARTESIAN_POINT('',(20.850101426344,-7.134918074813,
    1.619999845742));
#5218 = CARTESIAN_POINT('',(20.850101427537,-7.034918074813,
    1.619999854484));
#5219 = ( BOUNDED_SURFACE() B_SPLINE_SURFACE(2,3,(
    (#5220,#5221,#5222,#5223,#5224,#5225,#5226,#5227)
    ,(#5228,#5229,#5230,#5231,#5232,#5233,#5234,#5235)
    ,(#5236,#5237,#5238,#5239,#5240,#5241,#5242,#5243
)),.UNSPECIFIED.,.F.,.F.,.F.) B_SPLINE_SURFACE_WITH_KNOTS((3,3),(4,2,2,4
    ),(0.,1.),(4.7E-04,6.05E-04,6.65E-04,8.E-04),.UNSPECIFIED.) 
GEOMETRIC_REPRESENTATION_ITEM() RATIONAL_B_SPLINE_SURFACE((
    (1.,1.,1.,1.,1.,1.,1.,1.)
    ,(8.485281374239E-02,8.485281374239E-02,8.485281374239E-02
      ,8.485281374239E-02,8.485281374239E-02,8.485281374239E-02
      ,8.485281374239E-02,8.485281374239E-02)
,(1.,1.,1.,1.,1.,1.,1.,1.))) REPRESENTATION_ITEM('') SURFACE() );
#5220 = CARTESIAN_POINT('',(20.970101432961,-7.019918086734,
    1.73999985055));
#5221 = CARTESIAN_POINT('',(20.970101432424,-7.064918086734,
    1.739999846616));
#5222 = CARTESIAN_POINT('',(20.970101431888,-7.109918086734,
    1.739999842682));
#5223 = CARTESIAN_POINT('',(20.970101431113,-7.174918086734,1.739999837)
  );
#5224 = CARTESIAN_POINT('',(20.970101430874,-7.194918086734,
    1.739999835251));
#5225 = CARTESIAN_POINT('',(20.970101430099,-7.259918086734,
    1.739999829569));
#5226 = CARTESIAN_POINT('',(20.970101429562,-7.304918086734,
    1.739999825635));
#5227 = CARTESIAN_POINT('',(20.970101429026,-7.349918086734,
    1.739999821701));
#5228 = CARTESIAN_POINT('',(20.850101432961,-7.019918085303,
    1.739999855795));
#5229 = CARTESIAN_POINT('',(20.850101432424,-7.064918085303,
    1.739999851861));
#5230 = CARTESIAN_POINT('',(20.850101431888,-7.109918085303,
    1.739999847927));
#5231 = CARTESIAN_POINT('',(20.850101431113,-7.174918085303,
    1.739999842245));
#5232 = CARTESIAN_POINT('',(20.850101430874,-7.194918085303,
    1.739999840496));
#5233 = CARTESIAN_POINT('',(20.850101430099,-7.259918085303,
    1.739999834814));
#5234 = CARTESIAN_POINT('',(20.850101429562,-7.304918085303,
    1.73999983088));
#5235 = CARTESIAN_POINT('',(20.850101429026,-7.349918085303,
    1.739999826946));
#5236 = CARTESIAN_POINT('',(20.850101427716,-7.019918074813,
    1.619999855795));
#5237 = CARTESIAN_POINT('',(20.850101427179,-7.064918074813,
    1.619999851861));
#5238 = CARTESIAN_POINT('',(20.850101426642,-7.109918074813,
    1.619999847927));
#5239 = CARTESIAN_POINT('',(20.850101425867,-7.174918074813,
    1.619999842245));
#5240 = CARTESIAN_POINT('',(20.850101425629,-7.194918074813,
    1.619999840496));
#5241 = CARTESIAN_POINT('',(20.850101424854,-7.259918074813,
    1.619999834814));
#5242 = CARTESIAN_POINT('',(20.850101424317,-7.304918074813,
    1.61999983088));
#5243 = CARTESIAN_POINT('',(20.85010142378,-7.349918074813,
    1.619999826946));
#5244 = ADVANCED_FACE('',(#5245),#5293,.T.);
#5245 = FACE_BOUND('',#5246,.T.);
#5246 = EDGE_LOOP('',(#5247,#5278,#5285,#5286));
#5247 = ORIENTED_EDGE('',*,*,#5248,.T.);
#5248 = EDGE_CURVE('',#5249,#5251,#5253,.T.);
#5249 = VERTEX_POINT('',#5250);
#5250 = CARTESIAN_POINT('',(21.030101431351,-7.15491808745,
    1.739999836125));
#5251 = VERTEX_POINT('',#5252);
#5252 = CARTESIAN_POINT('',(21.150101427537,-7.03491807839,
    1.619999841371));
#5253 = B_SPLINE_CURVE_WITH_KNOTS('',3,(#5254,#5255,#5256,#5257,#5258,
    #5259,#5260,#5261,#5262,#5263,#5264,#5265,#5266,#5267,#5268,#5269,
    #5270,#5271,#5272,#5273,#5274,#5275,#5276,#5277),.UNSPECIFIED.,.F.,
  .F.,(4,2,2,1,2,2,2,2,2,1,2,2,4),(0.,0.125,0.1875,0.21875,0.234375,0.25
    ,0.5,0.625,0.6875,0.71875,0.734375,0.75,1.),.UNSPECIFIED.);
#5254 = CARTESIAN_POINT('',(21.030101431351,-7.15491808745,
    1.739999836125));
#5255 = CARTESIAN_POINT('',(21.031397881381,-7.153621637582,
    1.739999836181));
#5256 = CARTESIAN_POINT('',(21.03475307306,-7.150665041925,
    1.738503855769));
#5257 = CARTESIAN_POINT('',(21.042873973,-7.142580970179,1.732539721632)
  );
#5258 = CARTESIAN_POINT('',(21.04609562505,-7.139288800355,
    1.729938218464));
#5259 = CARTESIAN_POINT('',(21.051700131231,-7.13352119345,
    1.725118237526));
#5260 = CARTESIAN_POINT('',(21.054695391348,-7.130433261514,
    1.722481886775));
#5261 = CARTESIAN_POINT('',(21.057980162005,-7.127081605189,
    1.719536673176));
#5262 = CARTESIAN_POINT('',(21.060234344785,-7.124795286317,
    1.71751012549));
#5263 = CARTESIAN_POINT('',(21.0622196565,-7.122799916462,1.715720962331
    ));
#5264 = CARTESIAN_POINT('',(21.068431024351,-7.11658758619,
    1.710124632026));
#5265 = CARTESIAN_POINT('',(21.079645155822,-7.105374264657,
    1.699780263834));
#5266 = CARTESIAN_POINT('',(21.100089585364,-7.084929974278,
    1.679423593263));
#5267 = CARTESIAN_POINT('',(21.105977387162,-7.078936417917,
    1.673259928858));
#5268 = CARTESIAN_POINT('',(21.113418577805,-7.071505644074,
    1.665461156735));
#5269 = CARTESIAN_POINT('',(21.115667222677,-7.069278458904,
    1.663092386582));
#5270 = CARTESIAN_POINT('',(21.11869256197,-7.066289057705,
    1.659880948099));
#5271 = CARTESIAN_POINT('',(21.120118324613,-7.064881763024,
    1.658360147009));
#5272 = CARTESIAN_POINT('',(21.121413726751,-7.063598386734,
    1.656962367972));
#5273 = CARTESIAN_POINT('',(21.122248359174,-7.06276942959,
    1.656057211757));
#5274 = CARTESIAN_POINT('',(21.12191195936,-7.063107408456,
    1.656429269129));
#5275 = CARTESIAN_POINT('',(21.141080797883,-7.043940985302,
    1.635392167954));
#5276 = CARTESIAN_POINT('',(21.150101427659,-7.034918078696,
    1.622786595917));
#5277 = CARTESIAN_POINT('',(21.150101427537,-7.03491807839,
    1.619999841371));
#5278 = ORIENTED_EDGE('',*,*,#5279,.F.);
#5279 = EDGE_CURVE('',#5185,#5251,#5280,.T.);
#5280 = B_SPLINE_CURVE_WITH_KNOTS('',3,(#5281,#5282,#5283,#5284),
  .UNSPECIFIED.,.F.,.F.,(4,4),(0.,1.),.PIECEWISE_BEZIER_KNOTS.);
#5281 = CARTESIAN_POINT('',(20.850101427537,-7.034918074813,
    1.619999854484));
#5282 = CARTESIAN_POINT('',(20.950101427537,-7.034918076005,
    1.619999850113));
#5283 = CARTESIAN_POINT('',(21.050101427537,-7.034918077198,
    1.619999845742));
#5284 = CARTESIAN_POINT('',(21.150101427537,-7.03491807839,
    1.619999841371));
#5285 = ORIENTED_EDGE('',*,*,#5184,.F.);
#5286 = ORIENTED_EDGE('',*,*,#5287,.F.);
#5287 = EDGE_CURVE('',#5249,#5176,#5288,.T.);
#5288 = B_SPLINE_CURVE_WITH_KNOTS('',3,(#5289,#5290,#5291,#5292),
  .UNSPECIFIED.,.F.,.F.,(4,4),(0.,1.),.PIECEWISE_BEZIER_KNOTS.);
#5289 = CARTESIAN_POINT('',(21.030101431351,-7.15491808745,
    1.739999836125));
#5290 = CARTESIAN_POINT('',(21.010101431351,-7.154918087211,1.739999837)
  );
#5291 = CARTESIAN_POINT('',(20.990101431351,-7.154918086973,
    1.739999837874));
#5292 = CARTESIAN_POINT('',(20.970101431351,-7.154918086734,
    1.739999838748));
#5293 = ( BOUNDED_SURFACE() B_SPLINE_SURFACE(2,3,(
    (#5294,#5295,#5296,#5297,#5298,#5299,#5300,#5301)
    ,(#5302,#5303,#5304,#5305,#5306,#5307,#5308,#5309)
    ,(#5310,#5311,#5312,#5313,#5314,#5315,#5316,#5317
)),.UNSPECIFIED.,.F.,.F.,.F.) B_SPLINE_SURFACE_WITH_KNOTS((3,3),(4,2,2,4
    ),(0.,1.),(-1.65E-04,-3.E-05,3.E-05,1.65E-04),.UNSPECIFIED.) 
GEOMETRIC_REPRESENTATION_ITEM() RATIONAL_B_SPLINE_SURFACE((
    (1.,1.,1.,1.,1.,1.,1.,1.)
    ,(8.485281374239E-02,8.485281374239E-02,8.485281374239E-02
      ,8.485281374239E-02,8.485281374239E-02,8.485281374239E-02
      ,8.485281374239E-02,8.485281374239E-02)
,(1.,1.,1.,1.,1.,1.,1.,1.))) REPRESENTATION_ITEM('') SURFACE() );
#5294 = CARTESIAN_POINT('',(21.165101431351,-7.15491808906,
    1.739999830224));
#5295 = CARTESIAN_POINT('',(21.120101431351,-7.154918088523,
    1.739999832191));
#5296 = CARTESIAN_POINT('',(21.075101431351,-7.154918087987,
    1.739999834158));
#5297 = CARTESIAN_POINT('',(21.010101431351,-7.154918087211,1.739999837)
  );
#5298 = CARTESIAN_POINT('',(20.990101431351,-7.154918086973,
    1.739999837874));
#5299 = CARTESIAN_POINT('',(20.925101431351,-7.154918086198,
    1.739999840715));
#5300 = CARTESIAN_POINT('',(20.880101431351,-7.154918085661,
    1.739999842682));
#5301 = CARTESIAN_POINT('',(20.835101431351,-7.154918085125,
    1.739999844649));
#5302 = CARTESIAN_POINT('',(21.165101432782,-7.03491808906,
    1.739999840715));
#5303 = CARTESIAN_POINT('',(21.120101432782,-7.034918088523,
    1.739999842682));
#5304 = CARTESIAN_POINT('',(21.075101432782,-7.034918087987,
    1.739999844649));
#5305 = CARTESIAN_POINT('',(21.010101432782,-7.034918087211,
    1.73999984749));
#5306 = CARTESIAN_POINT('',(20.990101432782,-7.034918086973,
    1.739999848365));
#5307 = CARTESIAN_POINT('',(20.925101432782,-7.034918086198,
    1.739999851206));
#5308 = CARTESIAN_POINT('',(20.880101432782,-7.034918085661,
    1.739999853173));
#5309 = CARTESIAN_POINT('',(20.835101432782,-7.034918085125,
    1.73999985514));
#5310 = CARTESIAN_POINT('',(21.165101427537,-7.034918078569,
    1.619999840715));
#5311 = CARTESIAN_POINT('',(21.120101427537,-7.034918078032,
    1.619999842682));
#5312 = CARTESIAN_POINT('',(21.075101427537,-7.034918077496,
    1.619999844649));
#5313 = CARTESIAN_POINT('',(21.010101427537,-7.034918076721,
    1.61999984749));
#5314 = CARTESIAN_POINT('',(20.990101427537,-7.034918076482,
    1.619999848365));
#5315 = CARTESIAN_POINT('',(20.925101427537,-7.034918075707,
    1.619999851206));
#5316 = CARTESIAN_POINT('',(20.880101427537,-7.03491807517,
    1.619999853173));
#5317 = CARTESIAN_POINT('',(20.835101427537,-7.034918074634,
    1.61999985514));
#5318 = ADVANCED_FACE('',(#5319),#5367,.T.);
#5319 = FACE_BOUND('',#5320,.T.);
#5320 = EDGE_LOOP('',(#5321,#5352,#5359,#5360));
#5321 = ORIENTED_EDGE('',*,*,#5322,.T.);
#5322 = EDGE_CURVE('',#5323,#5325,#5327,.T.);
#5323 = VERTEX_POINT('',#5324);
#5324 = CARTESIAN_POINT('',(21.150101423959,-7.33491807839,
    1.619999815144));
#5325 = VERTEX_POINT('',#5326);
#5326 = CARTESIAN_POINT('',(21.030101430636,-7.21491808745,1.73999983088
    ));
#5327 = B_SPLINE_CURVE_WITH_KNOTS('',3,(#5328,#5329,#5330,#5331,#5332,
    #5333,#5334,#5335,#5336,#5337,#5338,#5339,#5340,#5341,#5342,#5343,
    #5344,#5345,#5346,#5347,#5348,#5349,#5350,#5351),.UNSPECIFIED.,.F.,
  .F.,(4,2,2,1,2,2,2,2,2,1,2,2,4),(0.,0.125,0.1875,0.21875,0.234375,0.25
    ,0.5,0.625,0.6875,0.71875,0.734375,0.75,1.),.UNSPECIFIED.);
#5328 = CARTESIAN_POINT('',(21.150101423959,-7.33491807839,
    1.619999815144));
#5329 = CARTESIAN_POINT('',(21.15010142402,-7.334918078511,1.6213929587)
  );
#5330 = CARTESIAN_POINT('',(21.147846266632,-7.333161029679,
    1.624718138458));
#5331 = CARTESIAN_POINT('',(21.141080794439,-7.326434127692,
    1.633652761431));
#5332 = CARTESIAN_POINT('',(21.138261847688,-7.323524752907,
    1.637269072865));
#5333 = CARTESIAN_POINT('',(21.133187743525,-7.318248836891,
    1.643490785541));
#5334 = CARTESIAN_POINT('',(21.130439270434,-7.315386911307,
    1.646796970413));
#5335 = CARTESIAN_POINT('',(21.127373665825,-7.312240719343,
    1.650333186565));
#5336 = CARTESIAN_POINT('',(21.125259455748,-7.310087981159,
    1.652732930269));
#5337 = CARTESIAN_POINT('',(21.123427448582,-7.308244140718,
    1.654765956072));
#5338 = CARTESIAN_POINT('',(21.116832920484,-7.30164898682,
    1.662004811445));
#5339 = CARTESIAN_POINT('',(21.10787742317,-7.292694148739,
    1.671668993713));
#5340 = CARTESIAN_POINT('',(21.085973448356,-7.270790069526,
    1.693479203887));
#5341 = CARTESIAN_POINT('',(21.079765307248,-7.264445647,1.6995740765));
#5342 = CARTESIAN_POINT('',(21.072092871318,-7.256789961626,
    1.70678451337));
#5343 = CARTESIAN_POINT('',(21.06980868863,-7.254533821398,
    1.708879646622));
#5344 = CARTESIAN_POINT('',(21.066792358537,-7.251562611436,
    1.71161242768));
#5345 = CARTESIAN_POINT('',(21.065386679474,-7.250179760775,
    1.712876709754));
#5346 = CARTESIAN_POINT('',(21.064134729388,-7.248942424694,
    1.713999506568));
#5347 = CARTESIAN_POINT('',(21.063334257993,-7.248148831708,
    1.714717909263));
#5348 = CARTESIAN_POINT('',(21.063776404786,-7.248592829233,
    1.714318722957));
#5349 = CARTESIAN_POINT('',(21.043523026447,-7.228343396016,
    1.732560276284));
#5350 = CARTESIAN_POINT('',(21.032695160096,-7.217511817243,
    1.739999830538));
#5351 = CARTESIAN_POINT('',(21.030101430636,-7.21491808745,1.73999983088
    ));
#5352 = ORIENTED_EDGE('',*,*,#5353,.F.);
#5353 = EDGE_CURVE('',#5147,#5325,#5354,.T.);
#5354 = B_SPLINE_CURVE_WITH_KNOTS('',3,(#5355,#5356,#5357,#5358),
  .UNSPECIFIED.,.F.,.F.,(4,4),(0.,1.),.PIECEWISE_BEZIER_KNOTS.);
#5355 = CARTESIAN_POINT('',(20.970101430636,-7.214918086734,
    1.739999833503));
#5356 = CARTESIAN_POINT('',(20.990101430636,-7.214918086973,
    1.739999832628));
#5357 = CARTESIAN_POINT('',(21.010101430636,-7.214918087211,
    1.739999831754));
#5358 = CARTESIAN_POINT('',(21.030101430636,-7.21491808745,1.73999983088
    ));
#5359 = ORIENTED_EDGE('',*,*,#5144,.F.);
#5360 = ORIENTED_EDGE('',*,*,#5361,.F.);
#5361 = EDGE_CURVE('',#5323,#5145,#5362,.T.);
#5362 = B_SPLINE_CURVE_WITH_KNOTS('',3,(#5363,#5364,#5365,#5366),
  .UNSPECIFIED.,.F.,.F.,(4,4),(0.,1.),.PIECEWISE_BEZIER_KNOTS.);
#5363 = CARTESIAN_POINT('',(21.150101423959,-7.33491807839,
    1.619999815144));
#5364 = CARTESIAN_POINT('',(21.050101423959,-7.334918077198,
    1.619999819515));
#5365 = CARTESIAN_POINT('',(20.950101423959,-7.334918076005,
    1.619999823886));
#5366 = CARTESIAN_POINT('',(20.850101423959,-7.334918074813,
    1.619999828257));
#5367 = ( BOUNDED_SURFACE() B_SPLINE_SURFACE(2,3,(
    (#5368,#5369,#5370,#5371,#5372,#5373,#5374,#5375)
    ,(#5376,#5377,#5378,#5379,#5380,#5381,#5382,#5383)
    ,(#5384,#5385,#5386,#5387,#5388,#5389,#5390,#5391
)),.UNSPECIFIED.,.F.,.F.,.F.) B_SPLINE_SURFACE_WITH_KNOTS((3,3),(4,2,2,4
    ),(0.,1.),(-1.65E-04,-3.E-05,3.E-05,1.65E-04),.UNSPECIFIED.) 
GEOMETRIC_REPRESENTATION_ITEM() RATIONAL_B_SPLINE_SURFACE((
    (1.,1.,1.,1.,1.,1.,1.,1.)
    ,(8.485281374239E-02,8.485281374239E-02,8.485281374239E-02
      ,8.485281374239E-02,8.485281374239E-02,8.485281374239E-02
      ,8.485281374239E-02,8.485281374239E-02)
,(1.,1.,1.,1.,1.,1.,1.,1.))) REPRESENTATION_ITEM('') SURFACE() );
#5368 = CARTESIAN_POINT('',(20.835101430636,-7.214918085125,
    1.739999839404));
#5369 = CARTESIAN_POINT('',(20.880101430636,-7.214918085661,
    1.739999837437));
#5370 = CARTESIAN_POINT('',(20.925101430636,-7.214918086198,
    1.73999983547));
#5371 = CARTESIAN_POINT('',(20.990101430636,-7.214918086973,
    1.739999832628));
#5372 = CARTESIAN_POINT('',(21.010101430636,-7.214918087211,
    1.739999831754));
#5373 = CARTESIAN_POINT('',(21.075101430636,-7.214918087987,
    1.739999828913));
#5374 = CARTESIAN_POINT('',(21.120101430636,-7.214918088523,
    1.739999826946));
#5375 = CARTESIAN_POINT('',(21.165101430636,-7.21491808906,
    1.739999824979));
#5376 = CARTESIAN_POINT('',(20.835101429205,-7.334918085125,
    1.739999828913));
#5377 = CARTESIAN_POINT('',(20.880101429205,-7.334918085661,
    1.739999826946));
#5378 = CARTESIAN_POINT('',(20.925101429205,-7.334918086198,
    1.739999824979));
#5379 = CARTESIAN_POINT('',(20.990101429205,-7.334918086973,
    1.739999822138));
#5380 = CARTESIAN_POINT('',(21.010101429205,-7.334918087211,
    1.739999821263));
#5381 = CARTESIAN_POINT('',(21.075101429205,-7.334918087987,
    1.739999818422));
#5382 = CARTESIAN_POINT('',(21.120101429205,-7.334918088523,
    1.739999816455));
#5383 = CARTESIAN_POINT('',(21.165101429205,-7.33491808906,
    1.739999814488));
#5384 = CARTESIAN_POINT('',(20.835101423959,-7.334918074634,
    1.619999828913));
#5385 = CARTESIAN_POINT('',(20.880101423959,-7.33491807517,
    1.619999826946));
#5386 = CARTESIAN_POINT('',(20.925101423959,-7.334918075707,
    1.619999824979));
#5387 = CARTESIAN_POINT('',(20.990101423959,-7.334918076482,
    1.619999822138));
#5388 = CARTESIAN_POINT('',(21.010101423959,-7.334918076721,
    1.619999821263));
#5389 = CARTESIAN_POINT('',(21.075101423959,-7.334918077496,
    1.619999818422));
#5390 = CARTESIAN_POINT('',(21.120101423959,-7.334918078032,
    1.619999816455));
#5391 = CARTESIAN_POINT('',(21.165101423959,-7.334918078569,
    1.619999814488));
#5392 = ADVANCED_FACE('',(#5393),#5411,.T.);
#5393 = FACE_BOUND('',#5394,.T.);
#5394 = EDGE_LOOP('',(#5395,#5396,#5403,#5404));
#5395 = ORIENTED_EDGE('',*,*,#5248,.F.);
#5396 = ORIENTED_EDGE('',*,*,#5397,.F.);
#5397 = EDGE_CURVE('',#5325,#5249,#5398,.T.);
#5398 = B_SPLINE_CURVE_WITH_KNOTS('',3,(#5399,#5400,#5401,#5402),
  .UNSPECIFIED.,.F.,.F.,(4,4),(0.,1.),.PIECEWISE_BEZIER_KNOTS.);
#5399 = CARTESIAN_POINT('',(21.030101430636,-7.21491808745,1.73999983088
    ));
#5400 = CARTESIAN_POINT('',(21.030101430874,-7.19491808745,
    1.739999832628));
#5401 = CARTESIAN_POINT('',(21.030101431113,-7.17491808745,
    1.739999834377));
#5402 = CARTESIAN_POINT('',(21.030101431351,-7.15491808745,
    1.739999836125));
#5403 = ORIENTED_EDGE('',*,*,#5322,.F.);
#5404 = ORIENTED_EDGE('',*,*,#5405,.F.);
#5405 = EDGE_CURVE('',#5251,#5323,#5406,.T.);
#5406 = B_SPLINE_CURVE_WITH_KNOTS('',3,(#5407,#5408,#5409,#5410),
  .UNSPECIFIED.,.F.,.F.,(4,4),(0.,1.),.PIECEWISE_BEZIER_KNOTS.);
#5407 = CARTESIAN_POINT('',(21.150101427537,-7.03491807839,
    1.619999841371));
#5408 = CARTESIAN_POINT('',(21.150101426344,-7.13491807839,
    1.619999832628));
#5409 = CARTESIAN_POINT('',(21.150101425152,-7.23491807839,
    1.619999823886));
#5410 = CARTESIAN_POINT('',(21.150101423959,-7.33491807839,
    1.619999815144));
#5411 = ( BOUNDED_SURFACE() B_SPLINE_SURFACE(2,3,(
    (#5412,#5413,#5414,#5415,#5416,#5417,#5418,#5419)
    ,(#5420,#5421,#5422,#5423,#5424,#5425,#5426,#5427)
    ,(#5428,#5429,#5430,#5431,#5432,#5433,#5434,#5435
)),.UNSPECIFIED.,.F.,.F.,.F.) B_SPLINE_SURFACE_WITH_KNOTS((3,3),(4,2,2,4
    ),(0.,1.),(-8.E-04,-6.65E-04,-6.05E-04,-4.7E-04),.UNSPECIFIED.) 
GEOMETRIC_REPRESENTATION_ITEM() RATIONAL_B_SPLINE_SURFACE((
    (1.,1.,1.,1.,1.,1.,1.,1.)
    ,(8.485281374239E-02,8.485281374239E-02,8.485281374239E-02
      ,8.485281374239E-02,8.485281374239E-02,8.485281374239E-02
      ,8.485281374239E-02,8.485281374239E-02)
,(1.,1.,1.,1.,1.,1.,1.,1.))) REPRESENTATION_ITEM('') SURFACE() );
#5412 = CARTESIAN_POINT('',(21.030101429026,-7.34991808745,
    1.739999819078));
#5413 = CARTESIAN_POINT('',(21.030101429562,-7.30491808745,
    1.739999823012));
#5414 = CARTESIAN_POINT('',(21.030101430099,-7.25991808745,
    1.739999826946));
#5415 = CARTESIAN_POINT('',(21.030101430874,-7.19491808745,
    1.739999832628));
#5416 = CARTESIAN_POINT('',(21.030101431113,-7.17491808745,
    1.739999834377));
#5417 = CARTESIAN_POINT('',(21.030101431888,-7.10991808745,
    1.739999840059));
#5418 = CARTESIAN_POINT('',(21.030101432424,-7.06491808745,
    1.739999843993));
#5419 = CARTESIAN_POINT('',(21.030101432961,-7.01991808745,
    1.739999847927));
#5420 = CARTESIAN_POINT('',(21.150101429026,-7.349918088881,
    1.739999813833));
#5421 = CARTESIAN_POINT('',(21.150101429562,-7.304918088881,
    1.739999817767));
#5422 = CARTESIAN_POINT('',(21.150101430099,-7.259918088881,
    1.739999821701));
#5423 = CARTESIAN_POINT('',(21.150101430874,-7.194918088881,
    1.739999827383));
#5424 = CARTESIAN_POINT('',(21.150101431113,-7.174918088881,
    1.739999829132));
#5425 = CARTESIAN_POINT('',(21.150101431888,-7.109918088881,
    1.739999834814));
#5426 = CARTESIAN_POINT('',(21.150101432424,-7.064918088881,
    1.739999838748));
#5427 = CARTESIAN_POINT('',(21.150101432961,-7.019918088881,
    1.739999842682));
#5428 = CARTESIAN_POINT('',(21.15010142378,-7.34991807839,1.619999813833
    ));
#5429 = CARTESIAN_POINT('',(21.150101424317,-7.30491807839,
    1.619999817767));
#5430 = CARTESIAN_POINT('',(21.150101424854,-7.25991807839,
    1.619999821701));
#5431 = CARTESIAN_POINT('',(21.150101425629,-7.19491807839,
    1.619999827383));
#5432 = CARTESIAN_POINT('',(21.150101425867,-7.17491807839,
    1.619999829132));
#5433 = CARTESIAN_POINT('',(21.150101426642,-7.10991807839,
    1.619999834814));
#5434 = CARTESIAN_POINT('',(21.150101427179,-7.06491807839,
    1.619999838748));
#5435 = CARTESIAN_POINT('',(21.150101427716,-7.01991807839,
    1.619999842682));
#5436 = ADVANCED_FACE('',(#5437),#5515,.T.);
#5437 = FACE_BOUND('',#5438,.T.);
#5438 = EDGE_LOOP('',(#5439,#5470,#5479,#5508));
#5439 = ORIENTED_EDGE('',*,*,#5440,.T.);
#5440 = EDGE_CURVE('',#5441,#5443,#5445,.T.);
#5441 = VERTEX_POINT('',#5442);
#5442 = CARTESIAN_POINT('',(20.850101439104,-6.064918074813,
    1.619999939284));
#5443 = VERTEX_POINT('',#5444);
#5444 = CARTESIAN_POINT('',(20.97010144578,-5.944918086734,1.73999994453
    ));
#5445 = B_SPLINE_CURVE_WITH_KNOTS('',3,(#5446,#5447,#5448,#5449,#5450,
    #5451,#5452,#5453,#5454,#5455,#5456,#5457,#5458,#5459,#5460,#5461,
    #5462,#5463,#5464,#5465,#5466,#5467,#5468,#5469),.UNSPECIFIED.,.F.,
  .F.,(4,2,2,1,2,2,2,2,2,1,2,2,4),(0.,0.125,0.1875,0.21875,0.234375,0.25
    ,0.5,0.625,0.6875,0.71875,0.734375,0.75,1.),.UNSPECIFIED.);
#5446 = CARTESIAN_POINT('',(20.850101439104,-6.064918074813,
    1.619999939284));
#5447 = CARTESIAN_POINT('',(20.850101439166,-6.064918074935,
    1.621393082841));
#5448 = CARTESIAN_POINT('',(20.851858488435,-6.062662917692,
    1.624718262467));
#5449 = CARTESIAN_POINT('',(20.858585391593,-6.055897445889,
    1.633652884854));
#5450 = CARTESIAN_POINT('',(20.861494766852,-6.053078499296,
    1.63726919603));
#5451 = CARTESIAN_POINT('',(20.866770683684,-6.048004395405,
    1.643490908236));
#5452 = CARTESIAN_POINT('',(20.869632609702,-6.045255922459,
    1.646797092852));
#5453 = CARTESIAN_POINT('',(20.872778802129,-6.042190318005,
    1.650333308725));
#5454 = CARTESIAN_POINT('',(20.874931540628,-6.040076108032,
    1.652733052239));
#5455 = CARTESIAN_POINT('',(20.876775381335,-6.038244100955,
    1.654766077881));
#5456 = CARTESIAN_POINT('',(20.883370536186,-6.03164957317,1.66200493268
    ));
#5457 = CARTESIAN_POINT('',(20.892325375533,-6.022694076279,
    1.671669114165));
#5458 = CARTESIAN_POINT('',(20.914229457602,-6.000790102423,
    1.69347932242));
#5459 = CARTESIAN_POINT('',(20.920573880927,-5.994581961582,
    1.699574194471));
#5460 = CARTESIAN_POINT('',(20.928229567247,-5.986909525967,
    1.706784630673));
#5461 = CARTESIAN_POINT('',(20.93048570775,-5.984625343371,
    1.708879763729));
#5462 = CARTESIAN_POINT('',(20.933456918071,-5.981609013396,
    1.71161254453));
#5463 = CARTESIAN_POINT('',(20.934839768898,-5.980203334388,
    1.712876826485));
#5464 = CARTESIAN_POINT('',(20.936077105126,-5.978951384351,
    1.713999623191));
#5465 = CARTESIAN_POINT('',(20.936870698207,-5.978150912987,
    1.714718025818));
#5466 = CARTESIAN_POINT('',(20.936426700629,-5.978593059762,
    1.714318839551));
#5467 = CARTESIAN_POINT('',(20.956676136237,-5.958339682221,
    1.732560391106));
#5468 = CARTESIAN_POINT('',(20.967507715987,-5.947511816195,
    1.739999944414));
#5469 = CARTESIAN_POINT('',(20.97010144578,-5.944918086734,1.73999994453
    ));
#5470 = ORIENTED_EDGE('',*,*,#5471,.F.);
#5471 = EDGE_CURVE('',#5472,#5443,#5474,.T.);
#5472 = VERTEX_POINT('',#5473);
#5473 = CARTESIAN_POINT('',(20.970101446496,-5.884918086734,
    1.739999949775));
#5474 = B_SPLINE_CURVE_WITH_KNOTS('',3,(#5475,#5476,#5477,#5478),
  .UNSPECIFIED.,.F.,.F.,(4,4),(0.,1.),.PIECEWISE_BEZIER_KNOTS.);
#5475 = CARTESIAN_POINT('',(20.970101446496,-5.884918086734,
    1.739999949775));
#5476 = CARTESIAN_POINT('',(20.970101446257,-5.904918086734,
    1.739999948026));
#5477 = CARTESIAN_POINT('',(20.970101446019,-5.924918086734,
    1.739999946278));
#5478 = CARTESIAN_POINT('',(20.97010144578,-5.944918086734,1.73999994453
    ));
#5479 = ORIENTED_EDGE('',*,*,#5480,.T.);
#5480 = EDGE_CURVE('',#5472,#5481,#5483,.T.);
#5481 = VERTEX_POINT('',#5482);
#5482 = CARTESIAN_POINT('',(20.850101442681,-5.764918074813,
    1.619999965511));
#5483 = B_SPLINE_CURVE_WITH_KNOTS('',3,(#5484,#5485,#5486,#5487,#5488,
    #5489,#5490,#5491,#5492,#5493,#5494,#5495,#5496,#5497,#5498,#5499,
    #5500,#5501,#5502,#5503,#5504,#5505,#5506,#5507),.UNSPECIFIED.,.F.,
  .F.,(4,2,2,1,2,2,2,2,2,1,2,2,4),(0.,0.125,0.1875,0.21875,0.234375,0.25
    ,0.5,0.625,0.6875,0.71875,0.734375,0.75,1.),.UNSPECIFIED.);
#5484 = CARTESIAN_POINT('',(20.970101446496,-5.884918086734,
    1.739999949775));
#5485 = CARTESIAN_POINT('',(20.968804996628,-5.883621636704,
    1.739999949944));
#5486 = CARTESIAN_POINT('',(20.965848401037,-5.88026644483,
    1.738503969843));
#5487 = CARTESIAN_POINT('',(20.957764329552,-5.872145544108,
    1.732539836418));
#5488 = CARTESIAN_POINT('',(20.954472159842,-5.868923891716,
    1.729938333529));
#5489 = CARTESIAN_POINT('',(20.948704553147,-5.863319384903,
    1.725118353074));
#5490 = CARTESIAN_POINT('',(20.945616621326,-5.860324124441,
    1.72248200258));
#5491 = CARTESIAN_POINT('',(20.94226496513,-5.857039353397,
    1.719536789265));
#5492 = CARTESIAN_POINT('',(20.939978646347,-5.854785170351,
    1.717510241774));
#5493 = CARTESIAN_POINT('',(20.937983276569,-5.852799858401,
    1.715721078789));
#5494 = CARTESIAN_POINT('',(20.931770946544,-5.846588489819,
    1.710124749028));
#5495 = CARTESIAN_POINT('',(20.92055762546,-5.835374356989,
    1.699780381814));
#5496 = CARTESIAN_POINT('',(20.900113335973,-5.814929924779,
    1.679423713031));
#5497 = CARTESIAN_POINT('',(20.894119779881,-5.809042122172,
    1.673260049137));
#5498 = CARTESIAN_POINT('',(20.886689006379,-5.801600930506,
    1.665461277665));
#5499 = CARTESIAN_POINT('',(20.884461821312,-5.799352285324,
    1.663092507709));
#5500 = CARTESIAN_POINT('',(20.881472420253,-5.79632694561,
    1.659881069492));
#5501 = CARTESIAN_POINT('',(20.880065125639,-5.794901182767,
    1.658360268528));
#5502 = CARTESIAN_POINT('',(20.87878174941,-5.793605780446,
    1.656962489604));
#5503 = CARTESIAN_POINT('',(20.877952792305,-5.792771147903,
    1.656057333462));
#5504 = CARTESIAN_POINT('',(20.878290771155,-5.793107547767,
    1.656429390805));
#5505 = CARTESIAN_POINT('',(20.85912434892,-5.773938706485,
    1.635392291305));
#5506 = CARTESIAN_POINT('',(20.850101442865,-5.764918075056,
    1.622786720057));
#5507 = CARTESIAN_POINT('',(20.850101442681,-5.764918074813,
    1.619999965511));
#5508 = ORIENTED_EDGE('',*,*,#5509,.F.);
#5509 = EDGE_CURVE('',#5441,#5481,#5510,.T.);
#5510 = B_SPLINE_CURVE_WITH_KNOTS('',3,(#5511,#5512,#5513,#5514),
  .UNSPECIFIED.,.F.,.F.,(4,4),(0.,1.),.PIECEWISE_BEZIER_KNOTS.);
#5511 = CARTESIAN_POINT('',(20.850101439104,-6.064918074813,
    1.619999939284));
#5512 = CARTESIAN_POINT('',(20.850101440296,-5.964918074813,
    1.619999948026));
#5513 = CARTESIAN_POINT('',(20.850101441489,-5.864918074813,
    1.619999956769));
#5514 = CARTESIAN_POINT('',(20.850101442681,-5.764918074813,
    1.619999965511));
#5515 = ( BOUNDED_SURFACE() B_SPLINE_SURFACE(2,3,(
    (#5516,#5517,#5518,#5519,#5520,#5521,#5522,#5523)
    ,(#5524,#5525,#5526,#5527,#5528,#5529,#5530,#5531)
    ,(#5532,#5533,#5534,#5535,#5536,#5537,#5538,#5539
)),.UNSPECIFIED.,.F.,.F.,.F.) B_SPLINE_SURFACE_WITH_KNOTS((3,3),(4,2,2,4
    ),(0.,1.),(-8.E-04,-6.65E-04,-6.05E-04,-4.7E-04),.UNSPECIFIED.) 
GEOMETRIC_REPRESENTATION_ITEM() RATIONAL_B_SPLINE_SURFACE((
    (1.,1.,1.,1.,1.,1.,1.,1.)
    ,(8.485281374239E-02,8.485281374239E-02,8.485281374239E-02
      ,8.485281374239E-02,8.485281374239E-02,8.485281374239E-02
      ,8.485281374239E-02,8.485281374239E-02)
,(1.,1.,1.,1.,1.,1.,1.,1.))) REPRESENTATION_ITEM('') SURFACE() );
#5516 = CARTESIAN_POINT('',(20.970101448106,-5.749918086734,
    1.739999961577));
#5517 = CARTESIAN_POINT('',(20.970101447569,-5.794918086734,
    1.739999957643));
#5518 = CARTESIAN_POINT('',(20.970101447032,-5.839918086734,
    1.739999953709));
#5519 = CARTESIAN_POINT('',(20.970101446257,-5.904918086734,
    1.739999948026));
#5520 = CARTESIAN_POINT('',(20.970101446019,-5.924918086734,
    1.739999946278));
#5521 = CARTESIAN_POINT('',(20.970101445244,-5.989918086734,
    1.739999940596));
#5522 = CARTESIAN_POINT('',(20.970101444707,-6.034918086734,
    1.739999936661));
#5523 = CARTESIAN_POINT('',(20.97010144417,-6.079918086734,
    1.739999932727));
#5524 = CARTESIAN_POINT('',(20.850101448106,-5.749918085303,
    1.739999966822));
#5525 = CARTESIAN_POINT('',(20.850101447569,-5.794918085303,
    1.739999962888));
#5526 = CARTESIAN_POINT('',(20.850101447032,-5.839918085303,
    1.739999958954));
#5527 = CARTESIAN_POINT('',(20.850101446257,-5.904918085303,
    1.739999953272));
#5528 = CARTESIAN_POINT('',(20.850101446019,-5.924918085303,
    1.739999951523));
#5529 = CARTESIAN_POINT('',(20.850101445244,-5.989918085303,
    1.739999945841));
#5530 = CARTESIAN_POINT('',(20.850101444707,-6.034918085303,
    1.739999941907));
#5531 = CARTESIAN_POINT('',(20.85010144417,-6.079918085303,
    1.739999937973));
#5532 = CARTESIAN_POINT('',(20.85010144286,-5.749918074813,
    1.619999966822));
#5533 = CARTESIAN_POINT('',(20.850101442324,-5.794918074813,
    1.619999962888));
#5534 = CARTESIAN_POINT('',(20.850101441787,-5.839918074813,
    1.619999958954));
#5535 = CARTESIAN_POINT('',(20.850101441012,-5.904918074813,
    1.619999953272));
#5536 = CARTESIAN_POINT('',(20.850101440773,-5.924918074813,
    1.619999951523));
#5537 = CARTESIAN_POINT('',(20.850101439998,-5.989918074813,
    1.619999945841));
#5538 = CARTESIAN_POINT('',(20.850101439462,-6.034918074813,
    1.619999941907));
#5539 = CARTESIAN_POINT('',(20.850101438925,-6.079918074813,
    1.619999937973));
#5540 = ADVANCED_FACE('',(#5541),#5589,.T.);
#5541 = FACE_BOUND('',#5542,.T.);
#5542 = EDGE_LOOP('',(#5543,#5574,#5581,#5582));
#5543 = ORIENTED_EDGE('',*,*,#5544,.T.);
#5544 = EDGE_CURVE('',#5545,#5547,#5549,.T.);
#5545 = VERTEX_POINT('',#5546);
#5546 = CARTESIAN_POINT('',(21.030101446496,-5.88491808745,
    1.739999947152));
#5547 = VERTEX_POINT('',#5548);
#5548 = CARTESIAN_POINT('',(21.150101442681,-5.76491807839,
    1.619999952398));
#5549 = B_SPLINE_CURVE_WITH_KNOTS('',3,(#5550,#5551,#5552,#5553,#5554,
    #5555,#5556,#5557,#5558,#5559,#5560,#5561,#5562,#5563,#5564,#5565,
    #5566,#5567,#5568,#5569,#5570,#5571,#5572,#5573),.UNSPECIFIED.,.F.,
  .F.,(4,2,2,1,2,2,2,2,2,1,2,2,4),(0.,0.125,0.1875,0.21875,0.234375,0.25
    ,0.5,0.625,0.6875,0.71875,0.734375,0.75,1.),.UNSPECIFIED.);
#5550 = CARTESIAN_POINT('',(21.030101446496,-5.88491808745,
    1.739999947152));
#5551 = CARTESIAN_POINT('',(21.031397896526,-5.883621637583,
    1.739999947208));
#5552 = CARTESIAN_POINT('',(21.034753088204,-5.880665041926,
    1.738503966796));
#5553 = CARTESIAN_POINT('',(21.042873988144,-5.87258097018,1.73253983266
    ));
#5554 = CARTESIAN_POINT('',(21.046095640195,-5.869288800356,
    1.729938329492));
#5555 = CARTESIAN_POINT('',(21.051700146376,-5.863521193451,
    1.725118348554));
#5556 = CARTESIAN_POINT('',(21.054695406492,-5.860433261515,
    1.722481997802));
#5557 = CARTESIAN_POINT('',(21.057980177149,-5.85708160519,
    1.719536784203));
#5558 = CARTESIAN_POINT('',(21.06023435993,-5.854795286318,
    1.717510236517));
#5559 = CARTESIAN_POINT('',(21.062219671645,-5.852799916461,
    1.715721073358));
#5560 = CARTESIAN_POINT('',(21.06843103949,-5.846587586196,
    1.710124743058));
#5561 = CARTESIAN_POINT('',(21.079645170966,-5.835374264657,
    1.699780374861));
#5562 = CARTESIAN_POINT('',(21.100089600508,-5.814929974278,
    1.679423704289));
#5563 = CARTESIAN_POINT('',(21.105977402307,-5.808936417917,
    1.673260039884));
#5564 = CARTESIAN_POINT('',(21.11341859295,-5.801505644074,
    1.665461267761));
#5565 = CARTESIAN_POINT('',(21.115667237821,-5.799278458904,
    1.663092497609));
#5566 = CARTESIAN_POINT('',(21.118692577114,-5.796289057705,
    1.659881059125));
#5567 = CARTESIAN_POINT('',(21.120118339758,-5.794881763024,
    1.658360258036));
#5568 = CARTESIAN_POINT('',(21.121413741895,-5.793598386734,
    1.656962478999));
#5569 = CARTESIAN_POINT('',(21.122248374319,-5.79276942959,
    1.656057322784));
#5570 = CARTESIAN_POINT('',(21.121911974504,-5.793107408456,
    1.656429380156));
#5571 = CARTESIAN_POINT('',(21.141080813028,-5.773940985303,
    1.635392278982));
#5572 = CARTESIAN_POINT('',(21.150101442803,-5.764918078696,
    1.622786706944));
#5573 = CARTESIAN_POINT('',(21.150101442681,-5.76491807839,
    1.619999952398));
#5574 = ORIENTED_EDGE('',*,*,#5575,.F.);
#5575 = EDGE_CURVE('',#5481,#5547,#5576,.T.);
#5576 = B_SPLINE_CURVE_WITH_KNOTS('',3,(#5577,#5578,#5579,#5580),
  .UNSPECIFIED.,.F.,.F.,(4,4),(0.,1.),.PIECEWISE_BEZIER_KNOTS.);
#5577 = CARTESIAN_POINT('',(20.850101442681,-5.764918074813,
    1.619999965511));
#5578 = CARTESIAN_POINT('',(20.950101442681,-5.764918076005,
    1.61999996114));
#5579 = CARTESIAN_POINT('',(21.050101442681,-5.764918077198,
    1.619999956769));
#5580 = CARTESIAN_POINT('',(21.150101442681,-5.76491807839,
    1.619999952398));
#5581 = ORIENTED_EDGE('',*,*,#5480,.F.);
#5582 = ORIENTED_EDGE('',*,*,#5583,.F.);
#5583 = EDGE_CURVE('',#5545,#5472,#5584,.T.);
#5584 = B_SPLINE_CURVE_WITH_KNOTS('',3,(#5585,#5586,#5587,#5588),
  .UNSPECIFIED.,.F.,.F.,(4,4),(0.,1.),.PIECEWISE_BEZIER_KNOTS.);
#5585 = CARTESIAN_POINT('',(21.030101446496,-5.88491808745,
    1.739999947152));
#5586 = CARTESIAN_POINT('',(21.010101446496,-5.884918087211,
    1.739999948026));
#5587 = CARTESIAN_POINT('',(20.990101446496,-5.884918086973,
    1.739999948901));
#5588 = CARTESIAN_POINT('',(20.970101446496,-5.884918086734,
    1.739999949775));
#5589 = ( BOUNDED_SURFACE() B_SPLINE_SURFACE(2,3,(
    (#5590,#5591,#5592,#5593,#5594,#5595,#5596,#5597)
    ,(#5598,#5599,#5600,#5601,#5602,#5603,#5604,#5605)
    ,(#5606,#5607,#5608,#5609,#5610,#5611,#5612,#5613
)),.UNSPECIFIED.,.F.,.F.,.F.) B_SPLINE_SURFACE_WITH_KNOTS((3,3),(4,2,2,4
    ),(0.,1.),(-1.65E-04,-3.E-05,3.E-05,1.65E-04),.UNSPECIFIED.) 
GEOMETRIC_REPRESENTATION_ITEM() RATIONAL_B_SPLINE_SURFACE((
    (1.,1.,1.,1.,1.,1.,1.,1.)
    ,(8.485281374239E-02,8.485281374239E-02,8.485281374239E-02
      ,8.485281374239E-02,8.485281374239E-02,8.485281374239E-02
      ,8.485281374239E-02,8.485281374239E-02)
,(1.,1.,1.,1.,1.,1.,1.,1.))) REPRESENTATION_ITEM('') SURFACE() );
#5590 = CARTESIAN_POINT('',(21.165101446496,-5.88491808906,
    1.739999941251));
#5591 = CARTESIAN_POINT('',(21.120101446496,-5.884918088523,
    1.739999943218));
#5592 = CARTESIAN_POINT('',(21.075101446496,-5.884918087987,
    1.739999945185));
#5593 = CARTESIAN_POINT('',(21.010101446496,-5.884918087211,
    1.739999948026));
#5594 = CARTESIAN_POINT('',(20.990101446496,-5.884918086973,
    1.739999948901));
#5595 = CARTESIAN_POINT('',(20.925101446496,-5.884918086198,
    1.739999951742));
#5596 = CARTESIAN_POINT('',(20.880101446496,-5.884918085661,
    1.739999953709));
#5597 = CARTESIAN_POINT('',(20.835101446496,-5.884918085125,
    1.739999955676));
#5598 = CARTESIAN_POINT('',(21.165101447927,-5.76491808906,
    1.739999951742));
#5599 = CARTESIAN_POINT('',(21.120101447927,-5.764918088523,
    1.739999953709));
#5600 = CARTESIAN_POINT('',(21.075101447927,-5.764918087987,
    1.739999955676));
#5601 = CARTESIAN_POINT('',(21.010101447927,-5.764918087211,
    1.739999958517));
#5602 = CARTESIAN_POINT('',(20.990101447927,-5.764918086973,
    1.739999959391));
#5603 = CARTESIAN_POINT('',(20.925101447927,-5.764918086198,
    1.739999962233));
#5604 = CARTESIAN_POINT('',(20.880101447927,-5.764918085661,1.7399999642
    ));
#5605 = CARTESIAN_POINT('',(20.835101447927,-5.764918085125,
    1.739999966167));
#5606 = CARTESIAN_POINT('',(21.165101442681,-5.764918078569,
    1.619999951742));
#5607 = CARTESIAN_POINT('',(21.120101442681,-5.764918078032,
    1.619999953709));
#5608 = CARTESIAN_POINT('',(21.075101442681,-5.764918077496,
    1.619999955676));
#5609 = CARTESIAN_POINT('',(21.010101442681,-5.764918076721,
    1.619999958517));
#5610 = CARTESIAN_POINT('',(20.990101442681,-5.764918076482,
    1.619999959391));
#5611 = CARTESIAN_POINT('',(20.925101442681,-5.764918075707,
    1.619999962233));
#5612 = CARTESIAN_POINT('',(20.880101442681,-5.76491807517,1.6199999642)
  );
#5613 = CARTESIAN_POINT('',(20.835101442681,-5.764918074634,
    1.619999966167));
#5614 = ADVANCED_FACE('',(#5615),#5663,.T.);
#5615 = FACE_BOUND('',#5616,.T.);
#5616 = EDGE_LOOP('',(#5617,#5648,#5655,#5656));
#5617 = ORIENTED_EDGE('',*,*,#5618,.T.);
#5618 = EDGE_CURVE('',#5619,#5621,#5623,.T.);
#5619 = VERTEX_POINT('',#5620);
#5620 = CARTESIAN_POINT('',(21.150101439104,-6.06491807839,
    1.619999926171));
#5621 = VERTEX_POINT('',#5622);
#5622 = CARTESIAN_POINT('',(21.03010144578,-5.94491808745,1.739999941907
    ));
#5623 = B_SPLINE_CURVE_WITH_KNOTS('',3,(#5624,#5625,#5626,#5627,#5628,
    #5629,#5630,#5631,#5632,#5633,#5634,#5635,#5636,#5637,#5638,#5639,
    #5640,#5641,#5642,#5643,#5644,#5645,#5646,#5647),.UNSPECIFIED.,.F.,
  .F.,(4,2,2,1,2,2,2,2,2,1,2,2,4),(0.,0.125,0.1875,0.21875,0.234375,0.25
    ,0.5,0.625,0.6875,0.71875,0.734375,0.75,1.),.UNSPECIFIED.);
#5624 = CARTESIAN_POINT('',(21.150101439104,-6.06491807839,
    1.619999926171));
#5625 = CARTESIAN_POINT('',(21.150101439165,-6.064918078511,
    1.621393069727));
#5626 = CARTESIAN_POINT('',(21.147846281776,-6.063161029679,
    1.624718249485));
#5627 = CARTESIAN_POINT('',(21.141080809583,-6.056434127692,
    1.633652872458));
#5628 = CARTESIAN_POINT('',(21.138261862833,-6.053524752907,
    1.637269183892));
#5629 = CARTESIAN_POINT('',(21.13318775867,-6.048248836891,
    1.643490896568));
#5630 = CARTESIAN_POINT('',(21.130439285579,-6.045386911307,
    1.646797081439));
#5631 = CARTESIAN_POINT('',(21.12737368097,-6.042240719343,
    1.650333297591));
#5632 = CARTESIAN_POINT('',(21.125259470893,-6.040087981159,
    1.652733041296));
#5633 = CARTESIAN_POINT('',(21.123427463727,-6.038244140718,
    1.654766067099));
#5634 = CARTESIAN_POINT('',(21.116832935628,-6.031648986819,
    1.662004922473));
#5635 = CARTESIAN_POINT('',(21.107877438313,-6.022694148737,
    1.671669104741));
#5636 = CARTESIAN_POINT('',(21.085973463501,-6.000790069527,
    1.693479314913));
#5637 = CARTESIAN_POINT('',(21.079765322394,-5.994445647002,
    1.699574187525));
#5638 = CARTESIAN_POINT('',(21.072092886464,-5.986789961627,
    1.706784624396));
#5639 = CARTESIAN_POINT('',(21.069808703776,-5.984533821399,
    1.708879757648));
#5640 = CARTESIAN_POINT('',(21.066792373682,-5.981562611437,
    1.711612538706));
#5641 = CARTESIAN_POINT('',(21.065386694619,-5.980179760775,
    1.712876820781));
#5642 = CARTESIAN_POINT('',(21.064134744533,-5.978942424695,
    1.713999617595));
#5643 = CARTESIAN_POINT('',(21.063334273137,-5.978148831708,
    1.71471802029));
#5644 = CARTESIAN_POINT('',(21.063776419931,-5.978592829233,
    1.714318833984));
#5645 = CARTESIAN_POINT('',(21.043523041592,-5.958343396017,
    1.73256038731));
#5646 = CARTESIAN_POINT('',(21.032695175241,-5.947511817243,
    1.739999941565));
#5647 = CARTESIAN_POINT('',(21.03010144578,-5.94491808745,1.739999941907
    ));
#5648 = ORIENTED_EDGE('',*,*,#5649,.F.);
#5649 = EDGE_CURVE('',#5443,#5621,#5650,.T.);
#5650 = B_SPLINE_CURVE_WITH_KNOTS('',3,(#5651,#5652,#5653,#5654),
  .UNSPECIFIED.,.F.,.F.,(4,4),(0.,1.),.PIECEWISE_BEZIER_KNOTS.);
#5651 = CARTESIAN_POINT('',(20.97010144578,-5.944918086734,1.73999994453
    ));
#5652 = CARTESIAN_POINT('',(20.99010144578,-5.944918086973,
    1.739999943655));
#5653 = CARTESIAN_POINT('',(21.01010144578,-5.944918087211,
    1.739999942781));
#5654 = CARTESIAN_POINT('',(21.03010144578,-5.94491808745,1.739999941907
    ));
#5655 = ORIENTED_EDGE('',*,*,#5440,.F.);
#5656 = ORIENTED_EDGE('',*,*,#5657,.F.);
#5657 = EDGE_CURVE('',#5619,#5441,#5658,.T.);
#5658 = B_SPLINE_CURVE_WITH_KNOTS('',3,(#5659,#5660,#5661,#5662),
  .UNSPECIFIED.,.F.,.F.,(4,4),(0.,1.),.PIECEWISE_BEZIER_KNOTS.);
#5659 = CARTESIAN_POINT('',(21.150101439104,-6.06491807839,
    1.619999926171));
#5660 = CARTESIAN_POINT('',(21.050101439104,-6.064918077198,
    1.619999930542));
#5661 = CARTESIAN_POINT('',(20.950101439104,-6.064918076005,
    1.619999934913));
#5662 = CARTESIAN_POINT('',(20.850101439104,-6.064918074813,
    1.619999939284));
#5663 = ( BOUNDED_SURFACE() B_SPLINE_SURFACE(2,3,(
    (#5664,#5665,#5666,#5667,#5668,#5669,#5670,#5671)
    ,(#5672,#5673,#5674,#5675,#5676,#5677,#5678,#5679)
    ,(#5680,#5681,#5682,#5683,#5684,#5685,#5686,#5687
)),.UNSPECIFIED.,.F.,.F.,.F.) B_SPLINE_SURFACE_WITH_KNOTS((3,3),(4,2,2,4
    ),(0.,1.),(-1.65E-04,-3.E-05,3.E-05,1.65E-04),.UNSPECIFIED.) 
GEOMETRIC_REPRESENTATION_ITEM() RATIONAL_B_SPLINE_SURFACE((
    (1.,1.,1.,1.,1.,1.,1.,1.)
    ,(8.485281374239E-02,8.485281374239E-02,8.485281374239E-02
      ,8.485281374239E-02,8.485281374239E-02,8.485281374239E-02
      ,8.485281374239E-02,8.485281374239E-02)
,(1.,1.,1.,1.,1.,1.,1.,1.))) REPRESENTATION_ITEM('') SURFACE() );
#5664 = CARTESIAN_POINT('',(20.83510144578,-5.944918085125,
    1.739999950431));
#5665 = CARTESIAN_POINT('',(20.88010144578,-5.944918085661,
    1.739999948464));
#5666 = CARTESIAN_POINT('',(20.92510144578,-5.944918086198,
    1.739999946497));
#5667 = CARTESIAN_POINT('',(20.99010144578,-5.944918086973,
    1.739999943655));
#5668 = CARTESIAN_POINT('',(21.01010144578,-5.944918087211,
    1.739999942781));
#5669 = CARTESIAN_POINT('',(21.07510144578,-5.944918087987,1.73999993994
    ));
#5670 = CARTESIAN_POINT('',(21.12010144578,-5.944918088523,
    1.739999937973));
#5671 = CARTESIAN_POINT('',(21.16510144578,-5.94491808906,1.739999936006
    ));
#5672 = CARTESIAN_POINT('',(20.835101444349,-6.064918085125,
    1.73999993994));
#5673 = CARTESIAN_POINT('',(20.880101444349,-6.064918085661,
    1.739999937973));
#5674 = CARTESIAN_POINT('',(20.925101444349,-6.064918086198,
    1.739999936006));
#5675 = CARTESIAN_POINT('',(20.990101444349,-6.064918086973,
    1.739999933165));
#5676 = CARTESIAN_POINT('',(21.010101444349,-6.064918087211,
    1.73999993229));
#5677 = CARTESIAN_POINT('',(21.075101444349,-6.064918087987,
    1.739999929449));
#5678 = CARTESIAN_POINT('',(21.120101444349,-6.064918088523,
    1.739999927482));
#5679 = CARTESIAN_POINT('',(21.165101444349,-6.06491808906,
    1.739999925515));
#5680 = CARTESIAN_POINT('',(20.835101439104,-6.064918074634,
    1.61999993994));
#5681 = CARTESIAN_POINT('',(20.880101439104,-6.06491807517,
    1.619999937973));
#5682 = CARTESIAN_POINT('',(20.925101439104,-6.064918075707,
    1.619999936006));
#5683 = CARTESIAN_POINT('',(20.990101439104,-6.064918076482,
    1.619999933165));
#5684 = CARTESIAN_POINT('',(21.010101439104,-6.064918076721,
    1.61999993229));
#5685 = CARTESIAN_POINT('',(21.075101439104,-6.064918077496,
    1.619999929449));
#5686 = CARTESIAN_POINT('',(21.120101439104,-6.064918078032,
    1.619999927482));
#5687 = CARTESIAN_POINT('',(21.165101439104,-6.064918078569,
    1.619999925515));
#5688 = ADVANCED_FACE('',(#5689),#5707,.T.);
#5689 = FACE_BOUND('',#5690,.T.);
#5690 = EDGE_LOOP('',(#5691,#5692,#5699,#5700));
#5691 = ORIENTED_EDGE('',*,*,#5544,.F.);
#5692 = ORIENTED_EDGE('',*,*,#5693,.F.);
#5693 = EDGE_CURVE('',#5621,#5545,#5694,.T.);
#5694 = B_SPLINE_CURVE_WITH_KNOTS('',3,(#5695,#5696,#5697,#5698),
  .UNSPECIFIED.,.F.,.F.,(4,4),(0.,1.),.PIECEWISE_BEZIER_KNOTS.);
#5695 = CARTESIAN_POINT('',(21.03010144578,-5.94491808745,1.739999941907
    ));
#5696 = CARTESIAN_POINT('',(21.030101446019,-5.92491808745,
    1.739999943655));
#5697 = CARTESIAN_POINT('',(21.030101446257,-5.90491808745,
    1.739999945404));
#5698 = CARTESIAN_POINT('',(21.030101446496,-5.88491808745,
    1.739999947152));
#5699 = ORIENTED_EDGE('',*,*,#5618,.F.);
#5700 = ORIENTED_EDGE('',*,*,#5701,.F.);
#5701 = EDGE_CURVE('',#5547,#5619,#5702,.T.);
#5702 = B_SPLINE_CURVE_WITH_KNOTS('',3,(#5703,#5704,#5705,#5706),
  .UNSPECIFIED.,.F.,.F.,(4,4),(0.,1.),.PIECEWISE_BEZIER_KNOTS.);
#5703 = CARTESIAN_POINT('',(21.150101442681,-5.76491807839,
    1.619999952398));
#5704 = CARTESIAN_POINT('',(21.150101441489,-5.86491807839,
    1.619999943655));
#5705 = CARTESIAN_POINT('',(21.150101440296,-5.96491807839,
    1.619999934913));
#5706 = CARTESIAN_POINT('',(21.150101439104,-6.06491807839,
    1.619999926171));
#5707 = ( BOUNDED_SURFACE() B_SPLINE_SURFACE(2,3,(
    (#5708,#5709,#5710,#5711,#5712,#5713,#5714,#5715)
    ,(#5716,#5717,#5718,#5719,#5720,#5721,#5722,#5723)
    ,(#5724,#5725,#5726,#5727,#5728,#5729,#5730,#5731
)),.UNSPECIFIED.,.F.,.F.,.F.) B_SPLINE_SURFACE_WITH_KNOTS((3,3),(4,2,2,4
    ),(0.,1.),(4.7E-04,6.05E-04,6.65E-04,8.E-04),.UNSPECIFIED.) 
GEOMETRIC_REPRESENTATION_ITEM() RATIONAL_B_SPLINE_SURFACE((
    (1.,1.,1.,1.,1.,1.,1.,1.)
    ,(8.485281374239E-02,8.485281374239E-02,8.485281374239E-02
      ,8.485281374239E-02,8.485281374239E-02,8.485281374239E-02
      ,8.485281374239E-02,8.485281374239E-02)
,(1.,1.,1.,1.,1.,1.,1.,1.))) REPRESENTATION_ITEM('') SURFACE() );
#5708 = CARTESIAN_POINT('',(21.03010144417,-6.07991808745,1.739999930105
    ));
#5709 = CARTESIAN_POINT('',(21.030101444707,-6.03491808745,
    1.739999934039));
#5710 = CARTESIAN_POINT('',(21.030101445244,-5.98991808745,
    1.739999937973));
#5711 = CARTESIAN_POINT('',(21.030101446019,-5.92491808745,
    1.739999943655));
#5712 = CARTESIAN_POINT('',(21.030101446257,-5.90491808745,
    1.739999945404));
#5713 = CARTESIAN_POINT('',(21.030101447032,-5.83991808745,
    1.739999951086));
#5714 = CARTESIAN_POINT('',(21.030101447569,-5.79491808745,1.73999995502
    ));
#5715 = CARTESIAN_POINT('',(21.030101448106,-5.74991808745,
    1.739999958954));
#5716 = CARTESIAN_POINT('',(21.15010144417,-6.079918088881,
    1.739999924859));
#5717 = CARTESIAN_POINT('',(21.150101444707,-6.034918088881,
    1.739999928793));
#5718 = CARTESIAN_POINT('',(21.150101445244,-5.989918088881,
    1.739999932727));
#5719 = CARTESIAN_POINT('',(21.150101446019,-5.924918088881,
    1.73999993841));
#5720 = CARTESIAN_POINT('',(21.150101446257,-5.904918088881,
    1.739999940158));
#5721 = CARTESIAN_POINT('',(21.150101447032,-5.839918088881,
    1.739999945841));
#5722 = CARTESIAN_POINT('',(21.150101447569,-5.794918088881,
    1.739999949775));
#5723 = CARTESIAN_POINT('',(21.150101448106,-5.749918088881,
    1.739999953709));
#5724 = CARTESIAN_POINT('',(21.150101438925,-6.07991807839,
    1.619999924859));
#5725 = CARTESIAN_POINT('',(21.150101439462,-6.03491807839,
    1.619999928793));
#5726 = CARTESIAN_POINT('',(21.150101439998,-5.98991807839,
    1.619999932727));
#5727 = CARTESIAN_POINT('',(21.150101440773,-5.92491807839,1.61999993841
    ));
#5728 = CARTESIAN_POINT('',(21.150101441012,-5.90491807839,
    1.619999940158));
#5729 = CARTESIAN_POINT('',(21.150101441787,-5.83991807839,
    1.619999945841));
#5730 = CARTESIAN_POINT('',(21.150101442324,-5.79491807839,
    1.619999949775));
#5731 = CARTESIAN_POINT('',(21.15010144286,-5.74991807839,1.619999953709
    ));
#5732 = ADVANCED_FACE('',(#5733),#5811,.T.);
#5733 = FACE_BOUND('',#5734,.T.);
#5734 = EDGE_LOOP('',(#5735,#5766,#5775,#5804));
#5735 = ORIENTED_EDGE('',*,*,#5736,.T.);
#5736 = EDGE_CURVE('',#5737,#5739,#5741,.T.);
#5737 = VERTEX_POINT('',#5738);
#5738 = CARTESIAN_POINT('',(20.850101454249,-4.794918074813,
    1.620000050311));
#5739 = VERTEX_POINT('',#5740);
#5740 = CARTESIAN_POINT('',(20.970101460925,-4.674918086734,
    1.740000055556));
#5741 = B_SPLINE_CURVE_WITH_KNOTS('',3,(#5742,#5743,#5744,#5745,#5746,
    #5747,#5748,#5749,#5750,#5751,#5752,#5753,#5754,#5755,#5756,#5757,
    #5758,#5759,#5760,#5761,#5762,#5763,#5764,#5765),.UNSPECIFIED.,.F.,
  .F.,(4,2,2,1,2,2,2,2,2,1,2,2,4),(0.,0.125,0.1875,0.21875,0.234375,0.25
    ,0.5,0.625,0.6875,0.71875,0.734375,0.75,1.),.UNSPECIFIED.);
#5742 = CARTESIAN_POINT('',(20.850101454249,-4.794918074813,
    1.620000050311));
#5743 = CARTESIAN_POINT('',(20.85010145431,-4.794918074935,
    1.621393193867));
#5744 = CARTESIAN_POINT('',(20.851858503579,-4.792662917692,
    1.624718373493));
#5745 = CARTESIAN_POINT('',(20.858585406737,-4.785897445889,
    1.633652995879));
#5746 = CARTESIAN_POINT('',(20.861494781996,-4.783078499296,
    1.637269307056));
#5747 = CARTESIAN_POINT('',(20.866770698828,-4.778004395405,
    1.643491019262));
#5748 = CARTESIAN_POINT('',(20.869632624846,-4.775255922459,
    1.646797203878));
#5749 = CARTESIAN_POINT('',(20.872778817274,-4.772190318005,
    1.650333419751));
#5750 = CARTESIAN_POINT('',(20.874931555772,-4.770076108033,
    1.652733163266));
#5751 = CARTESIAN_POINT('',(20.87677539648,-4.768244100955,
    1.654766188908));
#5752 = CARTESIAN_POINT('',(20.883370551327,-4.761649573175,
    1.662005043703));
#5753 = CARTESIAN_POINT('',(20.892325390676,-4.752694076281,
    1.671669225189));
#5754 = CARTESIAN_POINT('',(20.914229472748,-4.730790102422,
    1.693479433448));
#5755 = CARTESIAN_POINT('',(20.920573896073,-4.72458196158,1.6995743055)
  );
#5756 = CARTESIAN_POINT('',(20.928229582393,-4.716909525965,
    1.706784741702));
#5757 = CARTESIAN_POINT('',(20.930485722896,-4.714625343369,
    1.708879874757));
#5758 = CARTESIAN_POINT('',(20.933456933216,-4.711609013395,
    1.711612655558));
#5759 = CARTESIAN_POINT('',(20.934839784043,-4.710203334387,
    1.712876937512));
#5760 = CARTESIAN_POINT('',(20.936077120271,-4.708951384351,
    1.713999734219));
#5761 = CARTESIAN_POINT('',(20.936870713352,-4.708150912986,
    1.714718136845));
#5762 = CARTESIAN_POINT('',(20.936426715774,-4.708593059762,
    1.714318950578));
#5763 = CARTESIAN_POINT('',(20.956676151383,-4.688339682221,
    1.732560502134));
#5764 = CARTESIAN_POINT('',(20.967507731131,-4.677511816195,
    1.740000055441));
#5765 = CARTESIAN_POINT('',(20.970101460925,-4.674918086734,
    1.740000055556));
#5766 = ORIENTED_EDGE('',*,*,#5767,.F.);
#5767 = EDGE_CURVE('',#5768,#5739,#5770,.T.);
#5768 = VERTEX_POINT('',#5769);
#5769 = CARTESIAN_POINT('',(20.97010146164,-4.614918086734,
    1.740000060802));
#5770 = B_SPLINE_CURVE_WITH_KNOTS('',3,(#5771,#5772,#5773,#5774),
  .UNSPECIFIED.,.F.,.F.,(4,4),(0.,1.),.PIECEWISE_BEZIER_KNOTS.);
#5771 = CARTESIAN_POINT('',(20.97010146164,-4.614918086734,
    1.740000060802));
#5772 = CARTESIAN_POINT('',(20.970101461402,-4.634918086734,
    1.740000059053));
#5773 = CARTESIAN_POINT('',(20.970101461163,-4.654918086734,
    1.740000057305));
#5774 = CARTESIAN_POINT('',(20.970101460925,-4.674918086734,
    1.740000055556));
#5775 = ORIENTED_EDGE('',*,*,#5776,.T.);
#5776 = EDGE_CURVE('',#5768,#5777,#5779,.T.);
#5777 = VERTEX_POINT('',#5778);
#5778 = CARTESIAN_POINT('',(20.850101457826,-4.494918074813,
    1.620000076538));
#5779 = B_SPLINE_CURVE_WITH_KNOTS('',3,(#5780,#5781,#5782,#5783,#5784,
    #5785,#5786,#5787,#5788,#5789,#5790,#5791,#5792,#5793,#5794,#5795,
    #5796,#5797,#5798,#5799,#5800,#5801,#5802,#5803),.UNSPECIFIED.,.F.,
  .F.,(4,2,2,1,2,2,2,2,2,1,2,2,4),(0.,0.125,0.1875,0.21875,0.234375,0.25
    ,0.5,0.625,0.6875,0.71875,0.734375,0.75,1.),.UNSPECIFIED.);
#5780 = CARTESIAN_POINT('',(20.97010146164,-4.614918086734,
    1.740000060802));
#5781 = CARTESIAN_POINT('',(20.968805011773,-4.613621636704,
    1.740000060971));
#5782 = CARTESIAN_POINT('',(20.965848416181,-4.61026644483,1.73850408087
    ));
#5783 = CARTESIAN_POINT('',(20.957764344696,-4.602145544108,
    1.732539947444));
#5784 = CARTESIAN_POINT('',(20.954472174985,-4.598923891716,
    1.729938444555));
#5785 = CARTESIAN_POINT('',(20.948704568291,-4.593319384903,1.7251184641
    ));
#5786 = CARTESIAN_POINT('',(20.94561663647,-4.590324124441,
    1.722482113606));
#5787 = CARTESIAN_POINT('',(20.942264980274,-4.587039353397,
    1.719536900292));
#5788 = CARTESIAN_POINT('',(20.939978661491,-4.584785170351,
    1.717510352801));
#5789 = CARTESIAN_POINT('',(20.937983291713,-4.582799858402,
    1.715721189816));
#5790 = CARTESIAN_POINT('',(20.931770961684,-4.576588489814,
    1.710124860051));
#5791 = CARTESIAN_POINT('',(20.920557640599,-4.565374356985,
    1.699780492836));
#5792 = CARTESIAN_POINT('',(20.90011335112,-4.544929924781,
    1.679423824061));
#5793 = CARTESIAN_POINT('',(20.894119795029,-4.539042122176,
    1.673260160167));
#5794 = CARTESIAN_POINT('',(20.886689021527,-4.53160093051,
    1.665461388695));
#5795 = CARTESIAN_POINT('',(20.884461836459,-4.529352285327,
    1.663092618739));
#5796 = CARTESIAN_POINT('',(20.8814724354,-4.526326945612,1.659881180521
    ));
#5797 = CARTESIAN_POINT('',(20.880065140785,-4.524901182769,
    1.658360379556));
#5798 = CARTESIAN_POINT('',(20.878781764555,-4.523605780447,
    1.656962600632));
#5799 = CARTESIAN_POINT('',(20.87795280745,-4.522771147904,
    1.656057444489));
#5800 = CARTESIAN_POINT('',(20.878290786299,-4.523107547767,
    1.656429501832));
#5801 = CARTESIAN_POINT('',(20.859124364067,-4.503938706485,
    1.635392402335));
#5802 = CARTESIAN_POINT('',(20.850101458009,-4.494918075056,
    1.622786831084));
#5803 = CARTESIAN_POINT('',(20.850101457826,-4.494918074813,
    1.620000076538));
#5804 = ORIENTED_EDGE('',*,*,#5805,.F.);
#5805 = EDGE_CURVE('',#5737,#5777,#5806,.T.);
#5806 = B_SPLINE_CURVE_WITH_KNOTS('',3,(#5807,#5808,#5809,#5810),
  .UNSPECIFIED.,.F.,.F.,(4,4),(0.,1.),.PIECEWISE_BEZIER_KNOTS.);
#5807 = CARTESIAN_POINT('',(20.850101454249,-4.794918074813,
    1.620000050311));
#5808 = CARTESIAN_POINT('',(20.850101455441,-4.694918074813,
    1.620000059053));
#5809 = CARTESIAN_POINT('',(20.850101456634,-4.594918074813,
    1.620000067796));
#5810 = CARTESIAN_POINT('',(20.850101457826,-4.494918074813,
    1.620000076538));
#5811 = ( BOUNDED_SURFACE() B_SPLINE_SURFACE(2,3,(
    (#5812,#5813,#5814,#5815,#5816,#5817,#5818,#5819)
    ,(#5820,#5821,#5822,#5823,#5824,#5825,#5826,#5827)
    ,(#5828,#5829,#5830,#5831,#5832,#5833,#5834,#5835
)),.UNSPECIFIED.,.F.,.F.,.F.) B_SPLINE_SURFACE_WITH_KNOTS((3,3),(4,2,2,4
    ),(0.,1.),(-2.07E-03,-1.935E-03,-1.875E-03,-1.74E-03),
.UNSPECIFIED.) GEOMETRIC_REPRESENTATION_ITEM() RATIONAL_B_SPLINE_SURFACE
((
    (1.,1.,1.,1.,1.,1.,1.,1.)
    ,(8.485281374239E-02,8.485281374239E-02,8.485281374239E-02
      ,8.485281374239E-02,8.485281374239E-02,8.485281374239E-02
      ,8.485281374239E-02,8.485281374239E-02)
,(1.,1.,1.,1.,1.,1.,1.,1.))) REPRESENTATION_ITEM('') SURFACE() );
#5812 = CARTESIAN_POINT('',(20.97010146325,-4.479918086734,
    1.740000072604));
#5813 = CARTESIAN_POINT('',(20.970101462714,-4.524918086734,
    1.74000006867));
#5814 = CARTESIAN_POINT('',(20.970101462177,-4.569918086734,
    1.740000064736));
#5815 = CARTESIAN_POINT('',(20.970101461402,-4.634918086734,
    1.740000059053));
#5816 = CARTESIAN_POINT('',(20.970101461163,-4.654918086734,
    1.740000057305));
#5817 = CARTESIAN_POINT('',(20.970101460388,-4.719918086734,
    1.740000051622));
#5818 = CARTESIAN_POINT('',(20.970101459852,-4.764918086734,
    1.740000047688));
#5819 = CARTESIAN_POINT('',(20.970101459315,-4.809918086734,
    1.740000043754));
#5820 = CARTESIAN_POINT('',(20.85010146325,-4.479918085303,
    1.740000077849));
#5821 = CARTESIAN_POINT('',(20.850101462714,-4.524918085303,
    1.740000073915));
#5822 = CARTESIAN_POINT('',(20.850101462177,-4.569918085303,
    1.740000069981));
#5823 = CARTESIAN_POINT('',(20.850101461402,-4.634918085303,
    1.740000064299));
#5824 = CARTESIAN_POINT('',(20.850101461163,-4.654918085303,
    1.74000006255));
#5825 = CARTESIAN_POINT('',(20.850101460388,-4.719918085303,
    1.740000056868));
#5826 = CARTESIAN_POINT('',(20.850101459852,-4.764918085303,
    1.740000052934));
#5827 = CARTESIAN_POINT('',(20.850101459315,-4.809918085303,1.740000049)
  );
#5828 = CARTESIAN_POINT('',(20.850101458005,-4.479918074813,
    1.620000077849));
#5829 = CARTESIAN_POINT('',(20.850101457468,-4.524918074813,
    1.620000073915));
#5830 = CARTESIAN_POINT('',(20.850101456932,-4.569918074813,
    1.620000069981));
#5831 = CARTESIAN_POINT('',(20.850101456157,-4.634918074813,
    1.620000064299));
#5832 = CARTESIAN_POINT('',(20.850101455918,-4.654918074813,
    1.62000006255));
#5833 = CARTESIAN_POINT('',(20.850101455143,-4.719918074813,
    1.620000056868));
#5834 = CARTESIAN_POINT('',(20.850101454606,-4.764918074813,
    1.620000052934));
#5835 = CARTESIAN_POINT('',(20.85010145407,-4.809918074813,1.620000049)
  );
#5836 = ADVANCED_FACE('',(#5837),#5885,.T.);
#5837 = FACE_BOUND('',#5838,.T.);
#5838 = EDGE_LOOP('',(#5839,#5870,#5877,#5878));
#5839 = ORIENTED_EDGE('',*,*,#5840,.T.);
#5840 = EDGE_CURVE('',#5841,#5843,#5845,.T.);
#5841 = VERTEX_POINT('',#5842);
#5842 = CARTESIAN_POINT('',(21.03010146164,-4.61491808745,1.740000058179
    ));
#5843 = VERTEX_POINT('',#5844);
#5844 = CARTESIAN_POINT('',(21.150101457826,-4.49491807839,
    1.620000063424));
#5845 = B_SPLINE_CURVE_WITH_KNOTS('',3,(#5846,#5847,#5848,#5849,#5850,
    #5851,#5852,#5853,#5854,#5855,#5856,#5857,#5858,#5859,#5860,#5861,
    #5862,#5863,#5864,#5865,#5866,#5867,#5868,#5869),.UNSPECIFIED.,.F.,
  .F.,(4,2,2,1,2,2,2,2,2,1,2,2,4),(0.,0.125,0.1875,0.21875,0.234375,0.25
    ,0.5,0.625,0.6875,0.71875,0.734375,0.75,1.),.UNSPECIFIED.);
#5846 = CARTESIAN_POINT('',(21.03010146164,-4.61491808745,1.740000058179
    ));
#5847 = CARTESIAN_POINT('',(21.031397911671,-4.613621637582,
    1.740000058235));
#5848 = CARTESIAN_POINT('',(21.034753103349,-4.610665041925,
    1.738504077823));
#5849 = CARTESIAN_POINT('',(21.042874003289,-4.602580970178,
    1.732539943685));
#5850 = CARTESIAN_POINT('',(21.04609565534,-4.599288800354,
    1.729938440517));
#5851 = CARTESIAN_POINT('',(21.05170016152,-4.593521193449,
    1.725118459579));
#5852 = CARTESIAN_POINT('',(21.054695421637,-4.590433261513,
    1.722482108828));
#5853 = CARTESIAN_POINT('',(21.057980192294,-4.587081605189,
    1.719536895229));
#5854 = CARTESIAN_POINT('',(21.060234375075,-4.584795286317,
    1.717510347543));
#5855 = CARTESIAN_POINT('',(21.062219686789,-4.582799916462,
    1.715721184385));
#5856 = CARTESIAN_POINT('',(21.068431054641,-4.57658758619,
    1.710124854079));
#5857 = CARTESIAN_POINT('',(21.07964518611,-4.565374264658,
    1.699780485889));
#5858 = CARTESIAN_POINT('',(21.100089615653,-4.544929974278,
    1.679423815316));
#5859 = CARTESIAN_POINT('',(21.105977417452,-4.538936417917,
    1.673260150911));
#5860 = CARTESIAN_POINT('',(21.113418608095,-4.531505644074,
    1.665461378788));
#5861 = CARTESIAN_POINT('',(21.115667252966,-4.529278458903,
    1.663092608635));
#5862 = CARTESIAN_POINT('',(21.118692592259,-4.526289057705,
    1.659881170152));
#5863 = CARTESIAN_POINT('',(21.120118354902,-4.524881763024,
    1.658360369063));
#5864 = CARTESIAN_POINT('',(21.12141375704,-4.523598386734,
    1.656962590025));
#5865 = CARTESIAN_POINT('',(21.122248389464,-4.52276942959,1.65605743381
    ));
#5866 = CARTESIAN_POINT('',(21.121911989649,-4.523107408456,
    1.656429491183));
#5867 = CARTESIAN_POINT('',(21.141080828173,-4.503940985302,
    1.635392390008));
#5868 = CARTESIAN_POINT('',(21.150101457948,-4.494918078696,
    1.62278681797));
#5869 = CARTESIAN_POINT('',(21.150101457826,-4.49491807839,
    1.620000063424));
#5870 = ORIENTED_EDGE('',*,*,#5871,.F.);
#5871 = EDGE_CURVE('',#5777,#5843,#5872,.T.);
#5872 = B_SPLINE_CURVE_WITH_KNOTS('',3,(#5873,#5874,#5875,#5876),
  .UNSPECIFIED.,.F.,.F.,(4,4),(0.,1.),.PIECEWISE_BEZIER_KNOTS.);
#5873 = CARTESIAN_POINT('',(20.850101457826,-4.494918074813,
    1.620000076538));
#5874 = CARTESIAN_POINT('',(20.950101457826,-4.494918076005,
    1.620000072167));
#5875 = CARTESIAN_POINT('',(21.050101457826,-4.494918077198,
    1.620000067796));
#5876 = CARTESIAN_POINT('',(21.150101457826,-4.49491807839,
    1.620000063424));
#5877 = ORIENTED_EDGE('',*,*,#5776,.F.);
#5878 = ORIENTED_EDGE('',*,*,#5879,.F.);
#5879 = EDGE_CURVE('',#5841,#5768,#5880,.T.);
#5880 = B_SPLINE_CURVE_WITH_KNOTS('',3,(#5881,#5882,#5883,#5884),
  .UNSPECIFIED.,.F.,.F.,(4,4),(0.,1.),.PIECEWISE_BEZIER_KNOTS.);
#5881 = CARTESIAN_POINT('',(21.03010146164,-4.61491808745,1.740000058179
    ));
#5882 = CARTESIAN_POINT('',(21.01010146164,-4.614918087211,
    1.740000059053));
#5883 = CARTESIAN_POINT('',(20.99010146164,-4.614918086973,
    1.740000059928));
#5884 = CARTESIAN_POINT('',(20.97010146164,-4.614918086734,
    1.740000060802));
#5885 = ( BOUNDED_SURFACE() B_SPLINE_SURFACE(2,3,(
    (#5886,#5887,#5888,#5889,#5890,#5891,#5892,#5893)
    ,(#5894,#5895,#5896,#5897,#5898,#5899,#5900,#5901)
    ,(#5902,#5903,#5904,#5905,#5906,#5907,#5908,#5909
)),.UNSPECIFIED.,.F.,.F.,.F.) B_SPLINE_SURFACE_WITH_KNOTS((3,3),(4,2,2,4
    ),(0.,1.),(-1.65E-04,-3.E-05,3.E-05,1.65E-04),.UNSPECIFIED.) 
GEOMETRIC_REPRESENTATION_ITEM() RATIONAL_B_SPLINE_SURFACE((
    (1.,1.,1.,1.,1.,1.,1.,1.)
    ,(8.485281374239E-02,8.485281374239E-02,8.485281374239E-02
      ,8.485281374239E-02,8.485281374239E-02,8.485281374239E-02
      ,8.485281374239E-02,8.485281374239E-02)
,(1.,1.,1.,1.,1.,1.,1.,1.))) REPRESENTATION_ITEM('') SURFACE() );
#5886 = CARTESIAN_POINT('',(21.16510146164,-4.61491808906,1.740000052278
    ));
#5887 = CARTESIAN_POINT('',(21.12010146164,-4.614918088523,
    1.740000054245));
#5888 = CARTESIAN_POINT('',(21.07510146164,-4.614918087987,
    1.740000056212));
#5889 = CARTESIAN_POINT('',(21.01010146164,-4.614918087211,
    1.740000059053));
#5890 = CARTESIAN_POINT('',(20.99010146164,-4.614918086973,
    1.740000059928));
#5891 = CARTESIAN_POINT('',(20.92510146164,-4.614918086198,
    1.740000062769));
#5892 = CARTESIAN_POINT('',(20.88010146164,-4.614918085661,
    1.740000064736));
#5893 = CARTESIAN_POINT('',(20.83510146164,-4.614918085125,
    1.740000066703));
#5894 = CARTESIAN_POINT('',(21.165101463071,-4.49491808906,
    1.740000062769));
#5895 = CARTESIAN_POINT('',(21.120101463071,-4.494918088523,
    1.740000064736));
#5896 = CARTESIAN_POINT('',(21.075101463071,-4.494918087987,
    1.740000066703));
#5897 = CARTESIAN_POINT('',(21.010101463071,-4.494918087211,
    1.740000069544));
#5898 = CARTESIAN_POINT('',(20.990101463071,-4.494918086973,
    1.740000070418));
#5899 = CARTESIAN_POINT('',(20.925101463071,-4.494918086198,
    1.74000007326));
#5900 = CARTESIAN_POINT('',(20.880101463071,-4.494918085661,
    1.740000075227));
#5901 = CARTESIAN_POINT('',(20.835101463071,-4.494918085125,
    1.740000077194));
#5902 = CARTESIAN_POINT('',(21.165101457826,-4.494918078569,
    1.620000062769));
#5903 = CARTESIAN_POINT('',(21.120101457826,-4.494918078032,
    1.620000064736));
#5904 = CARTESIAN_POINT('',(21.075101457826,-4.494918077496,
    1.620000066703));
#5905 = CARTESIAN_POINT('',(21.010101457826,-4.494918076721,
    1.620000069544));
#5906 = CARTESIAN_POINT('',(20.990101457826,-4.494918076482,
    1.620000070418));
#5907 = CARTESIAN_POINT('',(20.925101457826,-4.494918075707,
    1.62000007326));
#5908 = CARTESIAN_POINT('',(20.880101457826,-4.494918075171,
    1.620000075227));
#5909 = CARTESIAN_POINT('',(20.835101457826,-4.494918074634,
    1.620000077194));
#5910 = ADVANCED_FACE('',(#5911),#5959,.T.);
#5911 = FACE_BOUND('',#5912,.T.);
#5912 = EDGE_LOOP('',(#5913,#5944,#5951,#5952));
#5913 = ORIENTED_EDGE('',*,*,#5914,.T.);
#5914 = EDGE_CURVE('',#5915,#5917,#5919,.T.);
#5915 = VERTEX_POINT('',#5916);
#5916 = CARTESIAN_POINT('',(21.150101454249,-4.79491807839,
    1.620000037198));
#5917 = VERTEX_POINT('',#5918);
#5918 = CARTESIAN_POINT('',(21.030101460925,-4.67491808745,
    1.740000052934));
#5919 = B_SPLINE_CURVE_WITH_KNOTS('',3,(#5920,#5921,#5922,#5923,#5924,
    #5925,#5926,#5927,#5928,#5929,#5930,#5931,#5932,#5933,#5934,#5935,
    #5936,#5937,#5938,#5939,#5940,#5941,#5942,#5943),.UNSPECIFIED.,.F.,
  .F.,(4,2,2,1,2,2,2,2,2,1,2,2,4),(0.,0.125,0.1875,0.21875,0.234375,0.25
    ,0.5,0.625,0.6875,0.71875,0.734375,0.75,1.),.UNSPECIFIED.);
#5920 = CARTESIAN_POINT('',(21.150101454249,-4.79491807839,
    1.620000037198));
#5921 = CARTESIAN_POINT('',(21.150101454309,-4.794918078511,
    1.621393180754));
#5922 = CARTESIAN_POINT('',(21.147846296921,-4.793161029678,
    1.624718360512));
#5923 = CARTESIAN_POINT('',(21.141080824728,-4.786434127691,
    1.633652983485));
#5924 = CARTESIAN_POINT('',(21.138261877977,-4.783524752906,
    1.63726929492));
#5925 = CARTESIAN_POINT('',(21.133187773814,-4.77824883689,
    1.643491007596));
#5926 = CARTESIAN_POINT('',(21.130439300723,-4.775386911306,
    1.646797192467));
#5927 = CARTESIAN_POINT('',(21.127373696114,-4.772240719342,
    1.650333408619));
#5928 = CARTESIAN_POINT('',(21.125259486037,-4.770087981159,
    1.652733152323));
#5929 = CARTESIAN_POINT('',(21.123427478871,-4.768244140718,
    1.654766178126));
#5930 = CARTESIAN_POINT('',(21.116832950772,-4.761648986819,1.6620050335
    ));
#5931 = CARTESIAN_POINT('',(21.107877453461,-4.752694148742,
    1.671669215764));
#5932 = CARTESIAN_POINT('',(21.085973478644,-4.730790069525,
    1.693479425942));
#5933 = CARTESIAN_POINT('',(21.079765337536,-4.724445646998,
    1.699574298555));
#5934 = CARTESIAN_POINT('',(21.072092901606,-4.716789961624,
    1.706784735426));
#5935 = CARTESIAN_POINT('',(21.069808718919,-4.714533821396,
    1.708879868677));
#5936 = CARTESIAN_POINT('',(21.066792388825,-4.711562611435,
    1.711612649735));
#5937 = CARTESIAN_POINT('',(21.065386709762,-4.710179760774,
    1.712876931809));
#5938 = CARTESIAN_POINT('',(21.064134759677,-4.708942424694,
    1.713999728622));
#5939 = CARTESIAN_POINT('',(21.063334288282,-4.708148831707,
    1.714718131317));
#5940 = CARTESIAN_POINT('',(21.063776435075,-4.708592829233,
    1.714318945011));
#5941 = CARTESIAN_POINT('',(21.043523056737,-4.688343396017,
    1.732560498337));
#5942 = CARTESIAN_POINT('',(21.032695190385,-4.677511817243,
    1.740000052592));
#5943 = CARTESIAN_POINT('',(21.030101460925,-4.67491808745,
    1.740000052934));
#5944 = ORIENTED_EDGE('',*,*,#5945,.F.);
#5945 = EDGE_CURVE('',#5739,#5917,#5946,.T.);
#5946 = B_SPLINE_CURVE_WITH_KNOTS('',3,(#5947,#5948,#5949,#5950),
  .UNSPECIFIED.,.F.,.F.,(4,4),(0.,1.),.PIECEWISE_BEZIER_KNOTS.);
#5947 = CARTESIAN_POINT('',(20.970101460925,-4.674918086734,
    1.740000055556));
#5948 = CARTESIAN_POINT('',(20.990101460925,-4.674918086973,
    1.740000054682));
#5949 = CARTESIAN_POINT('',(21.010101460925,-4.674918087211,
    1.740000053808));
#5950 = CARTESIAN_POINT('',(21.030101460925,-4.67491808745,
    1.740000052934));
#5951 = ORIENTED_EDGE('',*,*,#5736,.F.);
#5952 = ORIENTED_EDGE('',*,*,#5953,.F.);
#5953 = EDGE_CURVE('',#5915,#5737,#5954,.T.);
#5954 = B_SPLINE_CURVE_WITH_KNOTS('',3,(#5955,#5956,#5957,#5958),
  .UNSPECIFIED.,.F.,.F.,(4,4),(0.,1.),.PIECEWISE_BEZIER_KNOTS.);
#5955 = CARTESIAN_POINT('',(21.150101454249,-4.79491807839,
    1.620000037198));
#5956 = CARTESIAN_POINT('',(21.050101454249,-4.794918077198,
    1.620000041569));
#5957 = CARTESIAN_POINT('',(20.950101454249,-4.794918076005,
    1.62000004594));
#5958 = CARTESIAN_POINT('',(20.850101454249,-4.794918074813,
    1.620000050311));
#5959 = ( BOUNDED_SURFACE() B_SPLINE_SURFACE(2,3,(
    (#5960,#5961,#5962,#5963,#5964,#5965,#5966,#5967)
    ,(#5968,#5969,#5970,#5971,#5972,#5973,#5974,#5975)
    ,(#5976,#5977,#5978,#5979,#5980,#5981,#5982,#5983
)),.UNSPECIFIED.,.F.,.F.,.F.) B_SPLINE_SURFACE_WITH_KNOTS((3,3),(4,2,2,4
    ),(0.,1.),(-1.65E-04,-3.E-05,3.E-05,1.65E-04),.UNSPECIFIED.) 
GEOMETRIC_REPRESENTATION_ITEM() RATIONAL_B_SPLINE_SURFACE((
    (1.,1.,1.,1.,1.,1.,1.,1.)
    ,(8.485281374239E-02,8.485281374239E-02,8.485281374239E-02
      ,8.485281374239E-02,8.485281374239E-02,8.485281374239E-02
      ,8.485281374239E-02,8.485281374239E-02)
,(1.,1.,1.,1.,1.,1.,1.,1.))) REPRESENTATION_ITEM('') SURFACE() );
#5960 = CARTESIAN_POINT('',(20.835101460925,-4.674918085125,
    1.740000061457));
#5961 = CARTESIAN_POINT('',(20.880101460925,-4.674918085661,
    1.74000005949));
#5962 = CARTESIAN_POINT('',(20.925101460925,-4.674918086198,
    1.740000057523));
#5963 = CARTESIAN_POINT('',(20.990101460925,-4.674918086973,
    1.740000054682));
#5964 = CARTESIAN_POINT('',(21.010101460925,-4.674918087211,
    1.740000053808));
#5965 = CARTESIAN_POINT('',(21.075101460925,-4.674918087987,
    1.740000050967));
#5966 = CARTESIAN_POINT('',(21.120101460925,-4.674918088523,1.740000049)
  );
#5967 = CARTESIAN_POINT('',(21.165101460925,-4.67491808906,
    1.740000047033));
#5968 = CARTESIAN_POINT('',(20.835101459494,-4.794918085125,
    1.740000050967));
#5969 = CARTESIAN_POINT('',(20.880101459494,-4.794918085661,1.740000049)
  );
#5970 = CARTESIAN_POINT('',(20.925101459494,-4.794918086198,
    1.740000047033));
#5971 = CARTESIAN_POINT('',(20.990101459494,-4.794918086973,
    1.740000044191));
#5972 = CARTESIAN_POINT('',(21.010101459494,-4.794918087211,
    1.740000043317));
#5973 = CARTESIAN_POINT('',(21.075101459494,-4.794918087987,
    1.740000040476));
#5974 = CARTESIAN_POINT('',(21.120101459494,-4.794918088523,
    1.740000038509));
#5975 = CARTESIAN_POINT('',(21.165101459494,-4.79491808906,
    1.740000036542));
#5976 = CARTESIAN_POINT('',(20.835101454249,-4.794918074634,
    1.620000050967));
#5977 = CARTESIAN_POINT('',(20.880101454249,-4.794918075171,1.620000049)
  );
#5978 = CARTESIAN_POINT('',(20.925101454249,-4.794918075707,
    1.620000047033));
#5979 = CARTESIAN_POINT('',(20.990101454249,-4.794918076482,
    1.620000044191));
#5980 = CARTESIAN_POINT('',(21.010101454249,-4.794918076721,
    1.620000043317));
#5981 = CARTESIAN_POINT('',(21.075101454249,-4.794918077496,
    1.620000040476));
#5982 = CARTESIAN_POINT('',(21.120101454249,-4.794918078032,
    1.620000038509));
#5983 = CARTESIAN_POINT('',(21.165101454249,-4.794918078569,
    1.620000036542));
#5984 = ADVANCED_FACE('',(#5985),#6003,.T.);
#5985 = FACE_BOUND('',#5986,.T.);
#5986 = EDGE_LOOP('',(#5987,#5988,#5995,#5996));
#5987 = ORIENTED_EDGE('',*,*,#5840,.F.);
#5988 = ORIENTED_EDGE('',*,*,#5989,.F.);
#5989 = EDGE_CURVE('',#5917,#5841,#5990,.T.);
#5990 = B_SPLINE_CURVE_WITH_KNOTS('',3,(#5991,#5992,#5993,#5994),
  .UNSPECIFIED.,.F.,.F.,(4,4),(0.,1.),.PIECEWISE_BEZIER_KNOTS.);
#5991 = CARTESIAN_POINT('',(21.030101460925,-4.67491808745,
    1.740000052934));
#5992 = CARTESIAN_POINT('',(21.030101461163,-4.65491808745,
    1.740000054682));
#5993 = CARTESIAN_POINT('',(21.030101461402,-4.63491808745,
    1.740000056431));
#5994 = CARTESIAN_POINT('',(21.03010146164,-4.61491808745,1.740000058179
    ));
#5995 = ORIENTED_EDGE('',*,*,#5914,.F.);
#5996 = ORIENTED_EDGE('',*,*,#5997,.F.);
#5997 = EDGE_CURVE('',#5843,#5915,#5998,.T.);
#5998 = B_SPLINE_CURVE_WITH_KNOTS('',3,(#5999,#6000,#6001,#6002),
  .UNSPECIFIED.,.F.,.F.,(4,4),(0.,1.),.PIECEWISE_BEZIER_KNOTS.);
#5999 = CARTESIAN_POINT('',(21.150101457826,-4.49491807839,
    1.620000063424));
#6000 = CARTESIAN_POINT('',(21.150101456634,-4.59491807839,
    1.620000054682));
#6001 = CARTESIAN_POINT('',(21.150101455441,-4.69491807839,1.62000004594
    ));
#6002 = CARTESIAN_POINT('',(21.150101454249,-4.79491807839,
    1.620000037198));
#6003 = ( BOUNDED_SURFACE() B_SPLINE_SURFACE(2,3,(
    (#6004,#6005,#6006,#6007,#6008,#6009,#6010,#6011)
    ,(#6012,#6013,#6014,#6015,#6016,#6017,#6018,#6019)
    ,(#6020,#6021,#6022,#6023,#6024,#6025,#6026,#6027
)),.UNSPECIFIED.,.F.,.F.,.F.) B_SPLINE_SURFACE_WITH_KNOTS((3,3),(4,2,2,4
    ),(0.,1.),(1.74E-03,1.875E-03,1.935E-03,2.07E-03),.UNSPECIFIED.) 
GEOMETRIC_REPRESENTATION_ITEM() RATIONAL_B_SPLINE_SURFACE((
    (1.,1.,1.,1.,1.,1.,1.,1.)
    ,(8.485281374239E-02,8.485281374239E-02,8.485281374239E-02
      ,8.485281374239E-02,8.485281374239E-02,8.485281374239E-02
      ,8.485281374239E-02,8.485281374239E-02)
,(1.,1.,1.,1.,1.,1.,1.,1.))) REPRESENTATION_ITEM('') SURFACE() );
#6004 = CARTESIAN_POINT('',(21.030101459315,-4.80991808745,
    1.740000041132));
#6005 = CARTESIAN_POINT('',(21.030101459852,-4.76491808745,
    1.740000045066));
#6006 = CARTESIAN_POINT('',(21.030101460388,-4.71991808745,1.740000049)
  );
#6007 = CARTESIAN_POINT('',(21.030101461163,-4.65491808745,
    1.740000054682));
#6008 = CARTESIAN_POINT('',(21.030101461402,-4.63491808745,
    1.740000056431));
#6009 = CARTESIAN_POINT('',(21.030101462177,-4.56991808745,
    1.740000062113));
#6010 = CARTESIAN_POINT('',(21.030101462714,-4.52491808745,
    1.740000066047));
#6011 = CARTESIAN_POINT('',(21.03010146325,-4.47991808745,1.740000069981
    ));
#6012 = CARTESIAN_POINT('',(21.150101459315,-4.809918088881,
    1.740000035886));
#6013 = CARTESIAN_POINT('',(21.150101459852,-4.764918088881,
    1.74000003982));
#6014 = CARTESIAN_POINT('',(21.150101460388,-4.719918088881,
    1.740000043754));
#6015 = CARTESIAN_POINT('',(21.150101461163,-4.654918088881,
    1.740000049437));
#6016 = CARTESIAN_POINT('',(21.150101461402,-4.634918088881,
    1.740000051185));
#6017 = CARTESIAN_POINT('',(21.150101462177,-4.569918088881,
    1.740000056868));
#6018 = CARTESIAN_POINT('',(21.150101462714,-4.524918088881,
    1.740000060802));
#6019 = CARTESIAN_POINT('',(21.15010146325,-4.479918088881,
    1.740000064736));
#6020 = CARTESIAN_POINT('',(21.15010145407,-4.80991807839,1.620000035886
    ));
#6021 = CARTESIAN_POINT('',(21.150101454606,-4.76491807839,1.62000003982
    ));
#6022 = CARTESIAN_POINT('',(21.150101455143,-4.71991807839,
    1.620000043754));
#6023 = CARTESIAN_POINT('',(21.150101455918,-4.65491807839,
    1.620000049437));
#6024 = CARTESIAN_POINT('',(21.150101456157,-4.63491807839,
    1.620000051185));
#6025 = CARTESIAN_POINT('',(21.150101456932,-4.56991807839,
    1.620000056868));
#6026 = CARTESIAN_POINT('',(21.150101457468,-4.52491807839,
    1.620000060802));
#6027 = CARTESIAN_POINT('',(21.150101458005,-4.47991807839,
    1.620000064736));
#6028 = ADVANCED_FACE('',(#6029),#6107,.T.);
#6029 = FACE_BOUND('',#6030,.T.);
#6030 = EDGE_LOOP('',(#6031,#6062,#6071,#6100));
#6031 = ORIENTED_EDGE('',*,*,#6032,.T.);
#6032 = EDGE_CURVE('',#6033,#6035,#6037,.T.);
#6033 = VERTEX_POINT('',#6034);
#6034 = CARTESIAN_POINT('',(20.850101469393,-3.524918074813,
    1.620000161338));
#6035 = VERTEX_POINT('',#6036);
#6036 = CARTESIAN_POINT('',(20.970101476069,-3.404918086734,
    1.740000166583));
#6037 = B_SPLINE_CURVE_WITH_KNOTS('',3,(#6038,#6039,#6040,#6041,#6042,
    #6043,#6044,#6045,#6046,#6047,#6048,#6049,#6050,#6051,#6052,#6053,
    #6054,#6055,#6056,#6057,#6058,#6059,#6060,#6061),.UNSPECIFIED.,.F.,
  .F.,(4,2,2,1,2,2,2,2,2,1,2,2,4),(0.,0.125,0.1875,0.21875,0.234375,0.25
    ,0.5,0.625,0.6875,0.71875,0.734375,0.75,1.),.UNSPECIFIED.);
#6038 = CARTESIAN_POINT('',(20.850101469393,-3.524918074813,
    1.620000161338));
#6039 = CARTESIAN_POINT('',(20.850101469455,-3.524918074935,
    1.621393304894));
#6040 = CARTESIAN_POINT('',(20.851858518724,-3.522662917692,
    1.62471848452));
#6041 = CARTESIAN_POINT('',(20.858585421882,-3.515897445889,
    1.633653106907));
#6042 = CARTESIAN_POINT('',(20.861494797141,-3.513078499296,
    1.637269418083));
#6043 = CARTESIAN_POINT('',(20.866770713973,-3.508004395405,
    1.643491130289));
#6044 = CARTESIAN_POINT('',(20.869632639991,-3.505255922459,
    1.646797314905));
#6045 = CARTESIAN_POINT('',(20.872778832418,-3.502190318005,
    1.650333530778));
#6046 = CARTESIAN_POINT('',(20.874931570917,-3.500076108033,
    1.652733274293));
#6047 = CARTESIAN_POINT('',(20.876775411625,-3.498244100955,
    1.654766299934));
#6048 = CARTESIAN_POINT('',(20.883370566478,-3.491649573168,
    1.662005154737));
#6049 = CARTESIAN_POINT('',(20.892325405829,-3.482694076274,
    1.671669336225));
#6050 = CARTESIAN_POINT('',(20.914229487888,-3.460790102425,
    1.69347954447));
#6051 = CARTESIAN_POINT('',(20.920573911211,-3.454581961586,
    1.69957441652));
#6052 = CARTESIAN_POINT('',(20.928229597531,-3.446909525971,
    1.706784852723));
#6053 = CARTESIAN_POINT('',(20.930485738035,-3.444625343375,
    1.708879985779));
#6054 = CARTESIAN_POINT('',(20.933456948357,-3.441609013399,
    1.711612766581));
#6055 = CARTESIAN_POINT('',(20.934839799185,-3.44020333439,
    1.712877048536));
#6056 = CARTESIAN_POINT('',(20.936077135414,-3.438951384352,
    1.713999845244));
#6057 = CARTESIAN_POINT('',(20.936870728495,-3.438150912987,
    1.714718247871));
#6058 = CARTESIAN_POINT('',(20.936426730918,-3.438593059762,
    1.714319061605));
#6059 = CARTESIAN_POINT('',(20.956676166527,-3.418339682221,
    1.73256061316));
#6060 = CARTESIAN_POINT('',(20.967507746276,-3.407511816195,
    1.740000166468));
#6061 = CARTESIAN_POINT('',(20.970101476069,-3.404918086734,
    1.740000166583));
#6062 = ORIENTED_EDGE('',*,*,#6063,.F.);
#6063 = EDGE_CURVE('',#6064,#6035,#6066,.T.);
#6064 = VERTEX_POINT('',#6065);
#6065 = CARTESIAN_POINT('',(20.970101476785,-3.344918086734,
    1.740000171829));
#6066 = B_SPLINE_CURVE_WITH_KNOTS('',3,(#6067,#6068,#6069,#6070),
  .UNSPECIFIED.,.F.,.F.,(4,4),(0.,1.),.PIECEWISE_BEZIER_KNOTS.);
#6067 = CARTESIAN_POINT('',(20.970101476785,-3.344918086734,
    1.740000171829));
#6068 = CARTESIAN_POINT('',(20.970101476546,-3.364918086734,
    1.74000017008));
#6069 = CARTESIAN_POINT('',(20.970101476308,-3.384918086734,
    1.740000168332));
#6070 = CARTESIAN_POINT('',(20.970101476069,-3.404918086734,
    1.740000166583));
#6071 = ORIENTED_EDGE('',*,*,#6072,.T.);
#6072 = EDGE_CURVE('',#6064,#6073,#6075,.T.);
#6073 = VERTEX_POINT('',#6074);
#6074 = CARTESIAN_POINT('',(20.850101472971,-3.224918074813,
    1.620000187565));
#6075 = B_SPLINE_CURVE_WITH_KNOTS('',3,(#6076,#6077,#6078,#6079,#6080,
    #6081,#6082,#6083,#6084,#6085,#6086,#6087,#6088,#6089,#6090,#6091,
    #6092,#6093,#6094,#6095,#6096,#6097,#6098,#6099),.UNSPECIFIED.,.F.,
  .F.,(4,2,2,1,2,2,2,2,2,1,2,2,4),(0.,0.125,0.1875,0.21875,0.234375,0.25
    ,0.5,0.625,0.6875,0.71875,0.734375,0.75,1.),.UNSPECIFIED.);
#6076 = CARTESIAN_POINT('',(20.970101476785,-3.344918086734,
    1.740000171829));
#6077 = CARTESIAN_POINT('',(20.968805026918,-3.343621636704,
    1.740000171998));
#6078 = CARTESIAN_POINT('',(20.965848431327,-3.34026644483,
    1.738504191897));
#6079 = CARTESIAN_POINT('',(20.957764359842,-3.332145544108,
    1.732540058472));
#6080 = CARTESIAN_POINT('',(20.954472190131,-3.328923891716,
    1.729938555583));
#6081 = CARTESIAN_POINT('',(20.948704583437,-3.323319384903,
    1.725118575128));
#6082 = CARTESIAN_POINT('',(20.945616651616,-3.320324124441,
    1.722482224634));
#6083 = CARTESIAN_POINT('',(20.94226499542,-3.317039353397,
    1.719537011319));
#6084 = CARTESIAN_POINT('',(20.939978676636,-3.314785170351,
    1.717510463828));
#6085 = CARTESIAN_POINT('',(20.937983306858,-3.312799858401,
    1.715721300842));
#6086 = CARTESIAN_POINT('',(20.931770976832,-3.306588489818,
    1.710124971081));
#6087 = CARTESIAN_POINT('',(20.920557655742,-3.295374356983,
    1.699780603861));
#6088 = CARTESIAN_POINT('',(20.900113366265,-3.274929924782,
    1.679423935089));
#6089 = CARTESIAN_POINT('',(20.894119810175,-3.269042122177,
    1.673260271196));
#6090 = CARTESIAN_POINT('',(20.886689036673,-3.261600930511,
    1.665461499723));
#6091 = CARTESIAN_POINT('',(20.884461851605,-3.259352285329,
    1.663092729767));
#6092 = CARTESIAN_POINT('',(20.881472450546,-3.256326945613,
    1.659881291549));
#6093 = CARTESIAN_POINT('',(20.88006515593,-3.25490118277,1.658360490584
    ));
#6094 = CARTESIAN_POINT('',(20.878781779701,-3.253605780448,
    1.656962711659));
#6095 = CARTESIAN_POINT('',(20.877952822595,-3.252771147904,
    1.656057555516));
#6096 = CARTESIAN_POINT('',(20.878290801444,-3.253107547767,
    1.656429612859));
#6097 = CARTESIAN_POINT('',(20.859124379212,-3.233938706485,
    1.635392513363));
#6098 = CARTESIAN_POINT('',(20.850101473154,-3.224918075056,
    1.622786942111));
#6099 = CARTESIAN_POINT('',(20.850101472971,-3.224918074813,
    1.620000187565));
#6100 = ORIENTED_EDGE('',*,*,#6101,.F.);
#6101 = EDGE_CURVE('',#6033,#6073,#6102,.T.);
#6102 = B_SPLINE_CURVE_WITH_KNOTS('',3,(#6103,#6104,#6105,#6106),
  .UNSPECIFIED.,.F.,.F.,(4,4),(0.,1.),.PIECEWISE_BEZIER_KNOTS.);
#6103 = CARTESIAN_POINT('',(20.850101469393,-3.524918074813,
    1.620000161338));
#6104 = CARTESIAN_POINT('',(20.850101470586,-3.424918074813,
    1.62000017008));
#6105 = CARTESIAN_POINT('',(20.850101471778,-3.324918074813,
    1.620000178822));
#6106 = CARTESIAN_POINT('',(20.850101472971,-3.224918074813,
    1.620000187565));
#6107 = ( BOUNDED_SURFACE() B_SPLINE_SURFACE(2,3,(
    (#6108,#6109,#6110,#6111,#6112,#6113,#6114,#6115)
    ,(#6116,#6117,#6118,#6119,#6120,#6121,#6122,#6123)
    ,(#6124,#6125,#6126,#6127,#6128,#6129,#6130,#6131
)),.UNSPECIFIED.,.F.,.F.,.F.) B_SPLINE_SURFACE_WITH_KNOTS((3,3),(4,2,2,4
    ),(0.,1.),(-3.34E-03,-3.205E-03,-3.145E-03,-3.01E-03),
.UNSPECIFIED.) GEOMETRIC_REPRESENTATION_ITEM() RATIONAL_B_SPLINE_SURFACE
((
    (1.,1.,1.,1.,1.,1.,1.,1.)
    ,(8.485281374239E-02,8.485281374239E-02,8.485281374239E-02
      ,8.485281374239E-02,8.485281374239E-02,8.485281374239E-02
      ,8.485281374239E-02,8.485281374239E-02)
,(1.,1.,1.,1.,1.,1.,1.,1.))) REPRESENTATION_ITEM('') SURFACE() );
#6108 = CARTESIAN_POINT('',(20.970101478395,-3.209918086734,
    1.740000183631));
#6109 = CARTESIAN_POINT('',(20.970101477858,-3.254918086734,
    1.740000179697));
#6110 = CARTESIAN_POINT('',(20.970101477322,-3.299918086734,
    1.740000175763));
#6111 = CARTESIAN_POINT('',(20.970101476546,-3.364918086734,
    1.74000017008));
#6112 = CARTESIAN_POINT('',(20.970101476308,-3.384918086734,
    1.740000168332));
#6113 = CARTESIAN_POINT('',(20.970101475533,-3.449918086734,
    1.740000162649));
#6114 = CARTESIAN_POINT('',(20.970101474996,-3.494918086734,
    1.740000158715));
#6115 = CARTESIAN_POINT('',(20.97010147446,-3.539918086734,
    1.740000154781));
#6116 = CARTESIAN_POINT('',(20.850101478395,-3.209918085303,
    1.740000188876));
#6117 = CARTESIAN_POINT('',(20.850101477858,-3.254918085303,
    1.740000184942));
#6118 = CARTESIAN_POINT('',(20.850101477322,-3.299918085303,
    1.740000181008));
#6119 = CARTESIAN_POINT('',(20.850101476546,-3.364918085303,
    1.740000175326));
#6120 = CARTESIAN_POINT('',(20.850101476308,-3.384918085303,
    1.740000173577));
#6121 = CARTESIAN_POINT('',(20.850101475533,-3.449918085303,
    1.740000167895));
#6122 = CARTESIAN_POINT('',(20.850101474996,-3.494918085303,
    1.740000163961));
#6123 = CARTESIAN_POINT('',(20.85010147446,-3.539918085303,
    1.740000160027));
#6124 = CARTESIAN_POINT('',(20.850101473149,-3.209918074813,
    1.620000188876));
#6125 = CARTESIAN_POINT('',(20.850101472613,-3.254918074813,
    1.620000184942));
#6126 = CARTESIAN_POINT('',(20.850101472076,-3.299918074813,
    1.620000181008));
#6127 = CARTESIAN_POINT('',(20.850101471301,-3.364918074813,
    1.620000175326));
#6128 = CARTESIAN_POINT('',(20.850101471063,-3.384918074813,
    1.620000173577));
#6129 = CARTESIAN_POINT('',(20.850101470288,-3.449918074813,
    1.620000167895));
#6130 = CARTESIAN_POINT('',(20.850101469751,-3.494918074813,
    1.620000163961));
#6131 = CARTESIAN_POINT('',(20.850101469214,-3.539918074813,
    1.620000160027));
#6132 = ADVANCED_FACE('',(#6133),#6181,.T.);
#6133 = FACE_BOUND('',#6134,.T.);
#6134 = EDGE_LOOP('',(#6135,#6166,#6173,#6174));
#6135 = ORIENTED_EDGE('',*,*,#6136,.T.);
#6136 = EDGE_CURVE('',#6137,#6139,#6141,.T.);
#6137 = VERTEX_POINT('',#6138);
#6138 = CARTESIAN_POINT('',(21.030101476785,-3.34491808745,
    1.740000169206));
#6139 = VERTEX_POINT('',#6140);
#6140 = CARTESIAN_POINT('',(21.150101472971,-3.22491807839,
    1.620000174451));
#6141 = B_SPLINE_CURVE_WITH_KNOTS('',3,(#6142,#6143,#6144,#6145,#6146,
    #6147,#6148,#6149,#6150,#6151,#6152,#6153,#6154,#6155,#6156,#6157,
    #6158,#6159,#6160,#6161,#6162,#6163,#6164,#6165),.UNSPECIFIED.,.F.,
  .F.,(4,2,2,1,2,2,2,2,2,1,2,2,4),(0.,0.125,0.1875,0.21875,0.234375,0.25
    ,0.5,0.625,0.6875,0.71875,0.734375,0.75,1.),.UNSPECIFIED.);
#6142 = CARTESIAN_POINT('',(21.030101476785,-3.34491808745,
    1.740000169206));
#6143 = CARTESIAN_POINT('',(21.031397926815,-3.343621637583,
    1.740000169262));
#6144 = CARTESIAN_POINT('',(21.034753118493,-3.340665041927,
    1.73850418885));
#6145 = CARTESIAN_POINT('',(21.042874018433,-3.332580970181,
    1.732540054714));
#6146 = CARTESIAN_POINT('',(21.046095670484,-3.329288800357,
    1.729938551547));
#6147 = CARTESIAN_POINT('',(21.051700176665,-3.323521193451,
    1.725118570608));
#6148 = CARTESIAN_POINT('',(21.054695436781,-3.320433261515,
    1.722482219857));
#6149 = CARTESIAN_POINT('',(21.057980207439,-3.31708160519,
    1.719537006257));
#6150 = CARTESIAN_POINT('',(21.060234390219,-3.314795286318,
    1.717510458571));
#6151 = CARTESIAN_POINT('',(21.062219701935,-3.312799916461,
    1.715721295412));
#6152 = CARTESIAN_POINT('',(21.068431069778,-3.306587586196,
    1.710124965111));
#6153 = CARTESIAN_POINT('',(21.079645201255,-3.295374264657,
    1.699780596915));
#6154 = CARTESIAN_POINT('',(21.100089630798,-3.274929974278,
    1.679423926343));
#6155 = CARTESIAN_POINT('',(21.105977432596,-3.268936417917,
    1.673260261938));
#6156 = CARTESIAN_POINT('',(21.113418623239,-3.261505644074,
    1.665461489815));
#6157 = CARTESIAN_POINT('',(21.115667268111,-3.259278458903,
    1.663092719662));
#6158 = CARTESIAN_POINT('',(21.118692607404,-3.256289057705,
    1.659881281179));
#6159 = CARTESIAN_POINT('',(21.120118370047,-3.254881763024,
    1.65836048009));
#6160 = CARTESIAN_POINT('',(21.121413772185,-3.253598386734,
    1.656962701052));
#6161 = CARTESIAN_POINT('',(21.122248404608,-3.25276942959,
    1.656057544837));
#6162 = CARTESIAN_POINT('',(21.121912004794,-3.253107408456,
    1.65642960221));
#6163 = CARTESIAN_POINT('',(21.141080843317,-3.233940985301,
    1.635392501034));
#6164 = CARTESIAN_POINT('',(21.150101473092,-3.224918078696,
    1.622786928997));
#6165 = CARTESIAN_POINT('',(21.150101472971,-3.22491807839,
    1.620000174451));
#6166 = ORIENTED_EDGE('',*,*,#6167,.F.);
#6167 = EDGE_CURVE('',#6073,#6139,#6168,.T.);
#6168 = B_SPLINE_CURVE_WITH_KNOTS('',3,(#6169,#6170,#6171,#6172),
  .UNSPECIFIED.,.F.,.F.,(4,4),(0.,1.),.PIECEWISE_BEZIER_KNOTS.);
#6169 = CARTESIAN_POINT('',(20.850101472971,-3.224918074813,
    1.620000187565));
#6170 = CARTESIAN_POINT('',(20.950101472971,-3.224918076005,
    1.620000183194));
#6171 = CARTESIAN_POINT('',(21.050101472971,-3.224918077198,
    1.620000178822));
#6172 = CARTESIAN_POINT('',(21.150101472971,-3.22491807839,
    1.620000174451));
#6173 = ORIENTED_EDGE('',*,*,#6072,.F.);
#6174 = ORIENTED_EDGE('',*,*,#6175,.F.);
#6175 = EDGE_CURVE('',#6137,#6064,#6176,.T.);
#6176 = B_SPLINE_CURVE_WITH_KNOTS('',3,(#6177,#6178,#6179,#6180),
  .UNSPECIFIED.,.F.,.F.,(4,4),(0.,1.),.PIECEWISE_BEZIER_KNOTS.);
#6177 = CARTESIAN_POINT('',(21.030101476785,-3.34491808745,
    1.740000169206));
#6178 = CARTESIAN_POINT('',(21.010101476785,-3.344918087211,
    1.74000017008));
#6179 = CARTESIAN_POINT('',(20.990101476785,-3.344918086973,
    1.740000170954));
#6180 = CARTESIAN_POINT('',(20.970101476785,-3.344918086734,
    1.740000171829));
#6181 = ( BOUNDED_SURFACE() B_SPLINE_SURFACE(2,3,(
    (#6182,#6183,#6184,#6185,#6186,#6187,#6188,#6189)
    ,(#6190,#6191,#6192,#6193,#6194,#6195,#6196,#6197)
    ,(#6198,#6199,#6200,#6201,#6202,#6203,#6204,#6205
)),.UNSPECIFIED.,.F.,.F.,.F.) B_SPLINE_SURFACE_WITH_KNOTS((3,3),(4,2,2,4
    ),(0.,1.),(-1.65E-04,-3.E-05,3.E-05,1.65E-04),.UNSPECIFIED.) 
GEOMETRIC_REPRESENTATION_ITEM() RATIONAL_B_SPLINE_SURFACE((
    (1.,1.,1.,1.,1.,1.,1.,1.)
    ,(8.485281374239E-02,8.485281374239E-02,8.485281374239E-02
      ,8.485281374239E-02,8.485281374239E-02,8.485281374239E-02
      ,8.485281374239E-02,8.485281374239E-02)
,(1.,1.,1.,1.,1.,1.,1.,1.))) REPRESENTATION_ITEM('') SURFACE() );
#6182 = CARTESIAN_POINT('',(21.165101476785,-3.34491808906,
    1.740000163305));
#6183 = CARTESIAN_POINT('',(21.120101476785,-3.344918088523,
    1.740000165272));
#6184 = CARTESIAN_POINT('',(21.075101476785,-3.344918087987,
    1.740000167239));
#6185 = CARTESIAN_POINT('',(21.010101476785,-3.344918087211,
    1.74000017008));
#6186 = CARTESIAN_POINT('',(20.990101476785,-3.344918086973,
    1.740000170954));
#6187 = CARTESIAN_POINT('',(20.925101476785,-3.344918086198,
    1.740000173796));
#6188 = CARTESIAN_POINT('',(20.880101476785,-3.344918085661,
    1.740000175763));
#6189 = CARTESIAN_POINT('',(20.835101476785,-3.344918085125,
    1.74000017773));
#6190 = CARTESIAN_POINT('',(21.165101478216,-3.22491808906,
    1.740000173796));
#6191 = CARTESIAN_POINT('',(21.120101478216,-3.224918088523,
    1.740000175763));
#6192 = CARTESIAN_POINT('',(21.075101478216,-3.224918087987,
    1.74000017773));
#6193 = CARTESIAN_POINT('',(21.010101478216,-3.224918087211,
    1.740000180571));
#6194 = CARTESIAN_POINT('',(20.990101478216,-3.224918086973,
    1.740000181445));
#6195 = CARTESIAN_POINT('',(20.925101478216,-3.224918086198,
    1.740000184286));
#6196 = CARTESIAN_POINT('',(20.880101478216,-3.224918085661,
    1.740000186253));
#6197 = CARTESIAN_POINT('',(20.835101478216,-3.224918085125,
    1.74000018822));
#6198 = CARTESIAN_POINT('',(21.165101472971,-3.224918078569,
    1.620000173796));
#6199 = CARTESIAN_POINT('',(21.120101472971,-3.224918078032,
    1.620000175763));
#6200 = CARTESIAN_POINT('',(21.075101472971,-3.224918077496,
    1.62000017773));
#6201 = CARTESIAN_POINT('',(21.010101472971,-3.224918076721,
    1.620000180571));
#6202 = CARTESIAN_POINT('',(20.990101472971,-3.224918076482,
    1.620000181445));
#6203 = CARTESIAN_POINT('',(20.925101472971,-3.224918075707,
    1.620000184286));
#6204 = CARTESIAN_POINT('',(20.880101472971,-3.224918075171,
    1.620000186253));
#6205 = CARTESIAN_POINT('',(20.835101472971,-3.224918074634,
    1.62000018822));
#6206 = ADVANCED_FACE('',(#6207),#6255,.T.);
#6207 = FACE_BOUND('',#6208,.T.);
#6208 = EDGE_LOOP('',(#6209,#6240,#6247,#6248));
#6209 = ORIENTED_EDGE('',*,*,#6210,.T.);
#6210 = EDGE_CURVE('',#6211,#6213,#6215,.T.);
#6211 = VERTEX_POINT('',#6212);
#6212 = CARTESIAN_POINT('',(21.150101469393,-3.52491807839,
    1.620000148224));
#6213 = VERTEX_POINT('',#6214);
#6214 = CARTESIAN_POINT('',(21.030101476069,-3.40491808745,
    1.740000163961));
#6215 = B_SPLINE_CURVE_WITH_KNOTS('',3,(#6216,#6217,#6218,#6219,#6220,
    #6221,#6222,#6223,#6224,#6225,#6226,#6227,#6228,#6229,#6230,#6231,
    #6232,#6233,#6234,#6235,#6236,#6237,#6238,#6239),.UNSPECIFIED.,.F.,
  .F.,(4,2,2,1,2,2,2,2,2,1,2,2,4),(0.,0.125,0.1875,0.21875,0.234375,0.25
    ,0.5,0.625,0.6875,0.71875,0.734375,0.75,1.),.UNSPECIFIED.);
#6216 = CARTESIAN_POINT('',(21.150101469393,-3.52491807839,
    1.620000148224));
#6217 = CARTESIAN_POINT('',(21.150101469454,-3.524918078511,
    1.621393291781));
#6218 = CARTESIAN_POINT('',(21.147846312066,-3.523161029679,
    1.624718471538));
#6219 = CARTESIAN_POINT('',(21.141080839872,-3.516434127693,
    1.633653094511));
#6220 = CARTESIAN_POINT('',(21.138261893122,-3.513524752908,
    1.637269405945));
#6221 = CARTESIAN_POINT('',(21.133187788959,-3.508248836892,
    1.643491118621));
#6222 = CARTESIAN_POINT('',(21.130439315868,-3.505386911307,
    1.646797303493));
#6223 = CARTESIAN_POINT('',(21.127373711259,-3.502240719343,
    1.650333519645));
#6224 = CARTESIAN_POINT('',(21.125259501182,-3.500087981159,
    1.652733263349));
#6225 = CARTESIAN_POINT('',(21.123427494016,-3.498244140718,
    1.654766289153));
#6226 = CARTESIAN_POINT('',(21.116832965917,-3.491648986818,
    1.662005144528));
#6227 = CARTESIAN_POINT('',(21.107877468599,-3.482694148734,
    1.671669326799));
#6228 = CARTESIAN_POINT('',(21.085973493792,-3.460790069529,
    1.693479536965));
#6229 = CARTESIAN_POINT('',(21.079765352685,-3.454445647004,
    1.699574409577));
#6230 = CARTESIAN_POINT('',(21.072092916755,-3.44678996163,
    1.706784846447));
#6231 = CARTESIAN_POINT('',(21.069808734068,-3.444533821401,
    1.708879979699));
#6232 = CARTESIAN_POINT('',(21.066792403973,-3.441562611438,
    1.711612760758));
#6233 = CARTESIAN_POINT('',(21.065386724909,-3.440179760777,
    1.712877042833));
#6234 = CARTESIAN_POINT('',(21.064134774823,-3.438942424695,
    1.713999839648));
#6235 = CARTESIAN_POINT('',(21.063334303427,-3.438148831708,
    1.714718242343));
#6236 = CARTESIAN_POINT('',(21.06377645022,-3.438592829233,
    1.714319056038));
#6237 = CARTESIAN_POINT('',(21.043523071881,-3.418343396017,
    1.732560609364));
#6238 = CARTESIAN_POINT('',(21.03269520553,-3.407511817243,
    1.740000163619));
#6239 = CARTESIAN_POINT('',(21.030101476069,-3.40491808745,
    1.740000163961));
#6240 = ORIENTED_EDGE('',*,*,#6241,.F.);
#6241 = EDGE_CURVE('',#6035,#6213,#6242,.T.);
#6242 = B_SPLINE_CURVE_WITH_KNOTS('',3,(#6243,#6244,#6245,#6246),
  .UNSPECIFIED.,.F.,.F.,(4,4),(0.,1.),.PIECEWISE_BEZIER_KNOTS.);
#6243 = CARTESIAN_POINT('',(20.970101476069,-3.404918086734,
    1.740000166583));
#6244 = CARTESIAN_POINT('',(20.990101476069,-3.404918086973,
    1.740000165709));
#6245 = CARTESIAN_POINT('',(21.010101476069,-3.404918087211,
    1.740000164835));
#6246 = CARTESIAN_POINT('',(21.030101476069,-3.40491808745,
    1.740000163961));
#6247 = ORIENTED_EDGE('',*,*,#6032,.F.);
#6248 = ORIENTED_EDGE('',*,*,#6249,.F.);
#6249 = EDGE_CURVE('',#6211,#6033,#6250,.T.);
#6250 = B_SPLINE_CURVE_WITH_KNOTS('',3,(#6251,#6252,#6253,#6254),
  .UNSPECIFIED.,.F.,.F.,(4,4),(0.,1.),.PIECEWISE_BEZIER_KNOTS.);
#6251 = CARTESIAN_POINT('',(21.150101469393,-3.52491807839,
    1.620000148224));
#6252 = CARTESIAN_POINT('',(21.050101469393,-3.524918077198,
    1.620000152596));
#6253 = CARTESIAN_POINT('',(20.950101469393,-3.524918076005,
    1.620000156967));
#6254 = CARTESIAN_POINT('',(20.850101469393,-3.524918074813,
    1.620000161338));
#6255 = ( BOUNDED_SURFACE() B_SPLINE_SURFACE(2,3,(
    (#6256,#6257,#6258,#6259,#6260,#6261,#6262,#6263)
    ,(#6264,#6265,#6266,#6267,#6268,#6269,#6270,#6271)
    ,(#6272,#6273,#6274,#6275,#6276,#6277,#6278,#6279
)),.UNSPECIFIED.,.F.,.F.,.F.) B_SPLINE_SURFACE_WITH_KNOTS((3,3),(4,2,2,4
    ),(0.,1.),(-1.65E-04,-3.E-05,3.E-05,1.65E-04),.UNSPECIFIED.) 
GEOMETRIC_REPRESENTATION_ITEM() RATIONAL_B_SPLINE_SURFACE((
    (1.,1.,1.,1.,1.,1.,1.,1.)
    ,(8.485281374239E-02,8.485281374239E-02,8.485281374239E-02
      ,8.485281374239E-02,8.485281374239E-02,8.485281374239E-02
      ,8.485281374239E-02,8.485281374239E-02)
,(1.,1.,1.,1.,1.,1.,1.,1.))) REPRESENTATION_ITEM('') SURFACE() );
#6256 = CARTESIAN_POINT('',(20.835101476069,-3.404918085125,
    1.740000172484));
#6257 = CARTESIAN_POINT('',(20.880101476069,-3.404918085661,
    1.740000170517));
#6258 = CARTESIAN_POINT('',(20.925101476069,-3.404918086198,
    1.74000016855));
#6259 = CARTESIAN_POINT('',(20.990101476069,-3.404918086973,
    1.740000165709));
#6260 = CARTESIAN_POINT('',(21.010101476069,-3.404918087211,
    1.740000164835));
#6261 = CARTESIAN_POINT('',(21.075101476069,-3.404918087987,
    1.740000161994));
#6262 = CARTESIAN_POINT('',(21.120101476069,-3.404918088523,
    1.740000160027));
#6263 = CARTESIAN_POINT('',(21.165101476069,-3.40491808906,1.74000015806
    ));
#6264 = CARTESIAN_POINT('',(20.835101474639,-3.524918085125,
    1.740000161994));
#6265 = CARTESIAN_POINT('',(20.880101474639,-3.524918085661,
    1.740000160027));
#6266 = CARTESIAN_POINT('',(20.925101474639,-3.524918086198,
    1.74000015806));
#6267 = CARTESIAN_POINT('',(20.990101474639,-3.524918086973,
    1.740000155218));
#6268 = CARTESIAN_POINT('',(21.010101474639,-3.524918087211,
    1.740000154344));
#6269 = CARTESIAN_POINT('',(21.075101474639,-3.524918087987,
    1.740000151503));
#6270 = CARTESIAN_POINT('',(21.120101474639,-3.524918088523,
    1.740000149536));
#6271 = CARTESIAN_POINT('',(21.165101474639,-3.52491808906,
    1.740000147569));
#6272 = CARTESIAN_POINT('',(20.835101469393,-3.524918074634,
    1.620000161994));
#6273 = CARTESIAN_POINT('',(20.880101469393,-3.524918075171,
    1.620000160027));
#6274 = CARTESIAN_POINT('',(20.925101469393,-3.524918075707,
    1.62000015806));
#6275 = CARTESIAN_POINT('',(20.990101469393,-3.524918076482,
    1.620000155218));
#6276 = CARTESIAN_POINT('',(21.010101469393,-3.524918076721,
    1.620000154344));
#6277 = CARTESIAN_POINT('',(21.075101469393,-3.524918077496,
    1.620000151503));
#6278 = CARTESIAN_POINT('',(21.120101469393,-3.524918078032,
    1.620000149536));
#6279 = CARTESIAN_POINT('',(21.165101469393,-3.524918078569,
    1.620000147569));
#6280 = ADVANCED_FACE('',(#6281),#6299,.T.);
#6281 = FACE_BOUND('',#6282,.T.);
#6282 = EDGE_LOOP('',(#6283,#6284,#6291,#6292));
#6283 = ORIENTED_EDGE('',*,*,#6136,.F.);
#6284 = ORIENTED_EDGE('',*,*,#6285,.F.);
#6285 = EDGE_CURVE('',#6213,#6137,#6286,.T.);
#6286 = B_SPLINE_CURVE_WITH_KNOTS('',3,(#6287,#6288,#6289,#6290),
  .UNSPECIFIED.,.F.,.F.,(4,4),(0.,1.),.PIECEWISE_BEZIER_KNOTS.);
#6287 = CARTESIAN_POINT('',(21.030101476069,-3.40491808745,
    1.740000163961));
#6288 = CARTESIAN_POINT('',(21.030101476308,-3.38491808745,
    1.740000165709));
#6289 = CARTESIAN_POINT('',(21.030101476546,-3.36491808745,
    1.740000167458));
#6290 = CARTESIAN_POINT('',(21.030101476785,-3.34491808745,
    1.740000169206));
#6291 = ORIENTED_EDGE('',*,*,#6210,.F.);
#6292 = ORIENTED_EDGE('',*,*,#6293,.F.);
#6293 = EDGE_CURVE('',#6139,#6211,#6294,.T.);
#6294 = B_SPLINE_CURVE_WITH_KNOTS('',3,(#6295,#6296,#6297,#6298),
  .UNSPECIFIED.,.F.,.F.,(4,4),(0.,1.),.PIECEWISE_BEZIER_KNOTS.);
#6295 = CARTESIAN_POINT('',(21.150101472971,-3.22491807839,
    1.620000174451));
#6296 = CARTESIAN_POINT('',(21.150101471778,-3.32491807839,
    1.620000165709));
#6297 = CARTESIAN_POINT('',(21.150101470586,-3.42491807839,
    1.620000156967));
#6298 = CARTESIAN_POINT('',(21.150101469393,-3.52491807839,
    1.620000148224));
#6299 = ( BOUNDED_SURFACE() B_SPLINE_SURFACE(2,3,(
    (#6300,#6301,#6302,#6303,#6304,#6305,#6306,#6307)
    ,(#6308,#6309,#6310,#6311,#6312,#6313,#6314,#6315)
    ,(#6316,#6317,#6318,#6319,#6320,#6321,#6322,#6323
)),.UNSPECIFIED.,.F.,.F.,.F.) B_SPLINE_SURFACE_WITH_KNOTS((3,3),(4,2,2,4
    ),(0.,1.),(3.01E-03,3.145E-03,3.205E-03,3.34E-03),.UNSPECIFIED.) 
GEOMETRIC_REPRESENTATION_ITEM() RATIONAL_B_SPLINE_SURFACE((
    (1.,1.,1.,1.,1.,1.,1.,1.)
    ,(8.485281374239E-02,8.485281374239E-02,8.485281374239E-02
      ,8.485281374239E-02,8.485281374239E-02,8.485281374239E-02
      ,8.485281374239E-02,8.485281374239E-02)
,(1.,1.,1.,1.,1.,1.,1.,1.))) REPRESENTATION_ITEM('') SURFACE() );
#6300 = CARTESIAN_POINT('',(21.03010147446,-3.53991808745,1.740000152159
    ));
#6301 = CARTESIAN_POINT('',(21.030101474996,-3.49491808745,
    1.740000156093));
#6302 = CARTESIAN_POINT('',(21.030101475533,-3.44991808745,
    1.740000160027));
#6303 = CARTESIAN_POINT('',(21.030101476308,-3.38491808745,
    1.740000165709));
#6304 = CARTESIAN_POINT('',(21.030101476546,-3.36491808745,
    1.740000167458));
#6305 = CARTESIAN_POINT('',(21.030101477322,-3.29991808745,1.74000017314
    ));
#6306 = CARTESIAN_POINT('',(21.030101477858,-3.25491808745,
    1.740000177074));
#6307 = CARTESIAN_POINT('',(21.030101478395,-3.20991808745,
    1.740000181008));
#6308 = CARTESIAN_POINT('',(21.15010147446,-3.539918088881,
    1.740000146913));
#6309 = CARTESIAN_POINT('',(21.150101474996,-3.494918088881,
    1.740000150847));
#6310 = CARTESIAN_POINT('',(21.150101475533,-3.449918088881,
    1.740000154781));
#6311 = CARTESIAN_POINT('',(21.150101476308,-3.384918088881,
    1.740000160464));
#6312 = CARTESIAN_POINT('',(21.150101476546,-3.364918088881,
    1.740000162212));
#6313 = CARTESIAN_POINT('',(21.150101477322,-3.299918088881,
    1.740000167895));
#6314 = CARTESIAN_POINT('',(21.150101477858,-3.254918088881,
    1.740000171829));
#6315 = CARTESIAN_POINT('',(21.150101478395,-3.209918088881,
    1.740000175763));
#6316 = CARTESIAN_POINT('',(21.150101469214,-3.53991807839,
    1.620000146913));
#6317 = CARTESIAN_POINT('',(21.150101469751,-3.49491807839,
    1.620000150847));
#6318 = CARTESIAN_POINT('',(21.150101470288,-3.44991807839,
    1.620000154781));
#6319 = CARTESIAN_POINT('',(21.150101471063,-3.38491807839,
    1.620000160464));
#6320 = CARTESIAN_POINT('',(21.150101471301,-3.36491807839,
    1.620000162212));
#6321 = CARTESIAN_POINT('',(21.150101472076,-3.29991807839,
    1.620000167895));
#6322 = CARTESIAN_POINT('',(21.150101472613,-3.25491807839,
    1.620000171829));
#6323 = CARTESIAN_POINT('',(21.150101473149,-3.20991807839,
    1.620000175763));
#6324 = ADVANCED_FACE('',(#6325),#6403,.T.);
#6325 = FACE_BOUND('',#6326,.T.);
#6326 = EDGE_LOOP('',(#6327,#6358,#6367,#6396));
#6327 = ORIENTED_EDGE('',*,*,#6328,.T.);
#6328 = EDGE_CURVE('',#6329,#6331,#6333,.T.);
#6329 = VERTEX_POINT('',#6330);
#6330 = CARTESIAN_POINT('',(20.850101484538,-2.254918074813,
    1.620000272365));
#6331 = VERTEX_POINT('',#6332);
#6332 = CARTESIAN_POINT('',(20.970101491214,-2.134918086734,
    1.74000027761));
#6333 = B_SPLINE_CURVE_WITH_KNOTS('',3,(#6334,#6335,#6336,#6337,#6338,
    #6339,#6340,#6341,#6342,#6343,#6344,#6345,#6346,#6347,#6348,#6349,
    #6350,#6351,#6352,#6353,#6354,#6355,#6356,#6357),.UNSPECIFIED.,.F.,
  .F.,(4,2,2,1,2,2,2,2,2,1,2,2,4),(0.,0.125,0.1875,0.21875,0.234375,0.25
    ,0.5,0.625,0.6875,0.71875,0.734375,0.75,1.),.UNSPECIFIED.);
#6334 = CARTESIAN_POINT('',(20.850101484538,-2.254918074813,
    1.620000272365));
#6335 = CARTESIAN_POINT('',(20.850101484599,-2.254918074935,
    1.621393415921));
#6336 = CARTESIAN_POINT('',(20.851858533868,-2.252662917692,
    1.624718595546));
#6337 = CARTESIAN_POINT('',(20.858585437026,-2.245897445889,
    1.633653217933));
#6338 = CARTESIAN_POINT('',(20.861494812285,-2.243078499296,
    1.637269529109));
#6339 = CARTESIAN_POINT('',(20.866770729117,-2.238004395405,
    1.643491241315));
#6340 = CARTESIAN_POINT('',(20.869632655134,-2.235255922459,
    1.646797425931));
#6341 = CARTESIAN_POINT('',(20.872778847563,-2.232190318005,
    1.650333641805));
#6342 = CARTESIAN_POINT('',(20.874931586061,-2.230076108033,
    1.652733385319));
#6343 = CARTESIAN_POINT('',(20.876775426769,-2.228244100955,
    1.654766410961));
#6344 = CARTESIAN_POINT('',(20.883370581618,-2.221649573173,
    1.662005265759));
#6345 = CARTESIAN_POINT('',(20.89232542097,-2.212694076277,
    1.671669447248));
#6346 = CARTESIAN_POINT('',(20.914229503035,-2.190790102424,
    1.693479655499));
#6347 = CARTESIAN_POINT('',(20.920573926358,-2.184581961583,
    1.69957452755));
#6348 = CARTESIAN_POINT('',(20.928229612679,-2.176909525968,
    1.706784963752));
#6349 = CARTESIAN_POINT('',(20.930485753182,-2.174625343372,
    1.708880096808));
#6350 = CARTESIAN_POINT('',(20.933456963503,-2.171609013397,
    1.711612877609));
#6351 = CARTESIAN_POINT('',(20.934839814331,-2.170203334389,
    1.712877159564));
#6352 = CARTESIAN_POINT('',(20.936077150559,-2.168951384352,
    1.713999956271));
#6353 = CARTESIAN_POINT('',(20.93687074364,-2.168150912987,
    1.714718358898));
#6354 = CARTESIAN_POINT('',(20.936426746063,-2.168593059762,
    1.714319172632));
#6355 = CARTESIAN_POINT('',(20.956676181672,-2.148339682221,
    1.732560724188));
#6356 = CARTESIAN_POINT('',(20.967507761421,-2.137511816195,
    1.740000277495));
#6357 = CARTESIAN_POINT('',(20.970101491214,-2.134918086734,
    1.74000027761));
#6358 = ORIENTED_EDGE('',*,*,#6359,.F.);
#6359 = EDGE_CURVE('',#6360,#6331,#6362,.T.);
#6360 = VERTEX_POINT('',#6361);
#6361 = CARTESIAN_POINT('',(20.97010149193,-2.074918086734,
    1.740000282856));
#6362 = B_SPLINE_CURVE_WITH_KNOTS('',3,(#6363,#6364,#6365,#6366),
  .UNSPECIFIED.,.F.,.F.,(4,4),(0.,1.),.PIECEWISE_BEZIER_KNOTS.);
#6363 = CARTESIAN_POINT('',(20.97010149193,-2.074918086734,
    1.740000282856));
#6364 = CARTESIAN_POINT('',(20.970101491691,-2.094918086734,
    1.740000281107));
#6365 = CARTESIAN_POINT('',(20.970101491453,-2.114918086734,
    1.740000279359));
#6366 = CARTESIAN_POINT('',(20.970101491214,-2.134918086734,
    1.74000027761));
#6367 = ORIENTED_EDGE('',*,*,#6368,.T.);
#6368 = EDGE_CURVE('',#6360,#6369,#6371,.T.);
#6369 = VERTEX_POINT('',#6370);
#6370 = CARTESIAN_POINT('',(20.850101488115,-1.954918074813,
    1.620000298592));
#6371 = B_SPLINE_CURVE_WITH_KNOTS('',3,(#6372,#6373,#6374,#6375,#6376,
    #6377,#6378,#6379,#6380,#6381,#6382,#6383,#6384,#6385,#6386,#6387,
    #6388,#6389,#6390,#6391,#6392,#6393,#6394,#6395),.UNSPECIFIED.,.F.,
  .F.,(4,2,2,1,2,2,2,2,2,1,2,2,4),(0.,0.125,0.1875,0.21875,0.234375,0.25
    ,0.5,0.625,0.6875,0.71875,0.734375,0.75,1.),.UNSPECIFIED.);
#6372 = CARTESIAN_POINT('',(20.97010149193,-2.074918086734,
    1.740000282856));
#6373 = CARTESIAN_POINT('',(20.968805042062,-2.073621636704,
    1.740000283025));
#6374 = CARTESIAN_POINT('',(20.965848446472,-2.07026644483,
    1.738504302924));
#6375 = CARTESIAN_POINT('',(20.957764374987,-2.062145544108,
    1.732540169499));
#6376 = CARTESIAN_POINT('',(20.954472205276,-2.058923891716,
    1.72993866661));
#6377 = CARTESIAN_POINT('',(20.948704598581,-2.053319384903,
    1.725118686155));
#6378 = CARTESIAN_POINT('',(20.94561666676,-2.050324124441,
    1.722482335661));
#6379 = CARTESIAN_POINT('',(20.942265010564,-2.047039353397,
    1.719537122346));
#6380 = CARTESIAN_POINT('',(20.939978691781,-2.044785170351,
    1.717510574855));
#6381 = CARTESIAN_POINT('',(20.937983322002,-2.042799858401,
    1.715721411869));
#6382 = CARTESIAN_POINT('',(20.931770991991,-2.036588489833,
    1.71012508212));
#6383 = CARTESIAN_POINT('',(20.920557670907,-2.025374357001,
    1.699780714908));
#6384 = CARTESIAN_POINT('',(20.9001133814,-2.004929924773,1.679424046105
    ));
#6385 = CARTESIAN_POINT('',(20.894119825305,-1.999042122163,
    1.673260382207));
#6386 = CARTESIAN_POINT('',(20.886689051804,-1.991600930498,
    1.665461610735));
#6387 = CARTESIAN_POINT('',(20.884461866737,-1.989352285316,
    1.663092840781));
#6388 = CARTESIAN_POINT('',(20.881472465681,-1.986326945604,
    1.659881402566));
#6389 = CARTESIAN_POINT('',(20.880065171068,-1.984901182763,
    1.658360601604));
#6390 = CARTESIAN_POINT('',(20.878781794841,-1.983605780443,
    1.656962822682));
#6391 = CARTESIAN_POINT('',(20.877952837737,-1.982771147902,
    1.656057666541));
#6392 = CARTESIAN_POINT('',(20.878290816589,-1.983107547767,
    1.656429723886));
#6393 = CARTESIAN_POINT('',(20.859124394351,-1.963938706485,
    1.635392624383));
#6394 = CARTESIAN_POINT('',(20.850101488299,-1.954918075056,
    1.622787053137));
#6395 = CARTESIAN_POINT('',(20.850101488115,-1.954918074813,
    1.620000298592));
#6396 = ORIENTED_EDGE('',*,*,#6397,.F.);
#6397 = EDGE_CURVE('',#6329,#6369,#6398,.T.);
#6398 = B_SPLINE_CURVE_WITH_KNOTS('',3,(#6399,#6400,#6401,#6402),
  .UNSPECIFIED.,.F.,.F.,(4,4),(0.,1.),.PIECEWISE_BEZIER_KNOTS.);
#6399 = CARTESIAN_POINT('',(20.850101484538,-2.254918074813,
    1.620000272365));
#6400 = CARTESIAN_POINT('',(20.85010148573,-2.154918074813,
    1.620000281107));
#6401 = CARTESIAN_POINT('',(20.850101486923,-2.054918074813,
    1.620000289849));
#6402 = CARTESIAN_POINT('',(20.850101488115,-1.954918074813,
    1.620000298592));
#6403 = ( BOUNDED_SURFACE() B_SPLINE_SURFACE(2,3,(
    (#6404,#6405,#6406,#6407,#6408,#6409,#6410,#6411)
    ,(#6412,#6413,#6414,#6415,#6416,#6417,#6418,#6419)
    ,(#6420,#6421,#6422,#6423,#6424,#6425,#6426,#6427
)),.UNSPECIFIED.,.F.,.F.,.F.) B_SPLINE_SURFACE_WITH_KNOTS((3,3),(4,2,2,4
    ),(0.,1.),(-4.61E-03,-4.475E-03,-4.415E-03,-4.28E-03),
.UNSPECIFIED.) GEOMETRIC_REPRESENTATION_ITEM() RATIONAL_B_SPLINE_SURFACE
((
    (1.,1.,1.,1.,1.,1.,1.,1.)
    ,(8.485281374239E-02,8.485281374239E-02,8.485281374239E-02
      ,8.485281374239E-02,8.485281374239E-02,8.485281374239E-02
      ,8.485281374239E-02,8.485281374239E-02)
,(1.,1.,1.,1.,1.,1.,1.,1.))) REPRESENTATION_ITEM('') SURFACE() );
#6404 = CARTESIAN_POINT('',(20.970101493539,-1.939918086734,
    1.740000294658));
#6405 = CARTESIAN_POINT('',(20.970101493003,-1.984918086734,
    1.740000290724));
#6406 = CARTESIAN_POINT('',(20.970101492466,-2.029918086734,
    1.74000028679));
#6407 = CARTESIAN_POINT('',(20.970101491691,-2.094918086734,
    1.740000281107));
#6408 = CARTESIAN_POINT('',(20.970101491453,-2.114918086734,
    1.740000279359));
#6409 = CARTESIAN_POINT('',(20.970101490677,-2.179918086734,
    1.740000273676));
#6410 = CARTESIAN_POINT('',(20.970101490141,-2.224918086734,
    1.740000269742));
#6411 = CARTESIAN_POINT('',(20.970101489604,-2.269918086734,
    1.740000265808));
#6412 = CARTESIAN_POINT('',(20.850101493539,-1.939918085303,
    1.740000299903));
#6413 = CARTESIAN_POINT('',(20.850101493003,-1.984918085303,
    1.740000295969));
#6414 = CARTESIAN_POINT('',(20.850101492466,-2.029918085304,
    1.740000292035));
#6415 = CARTESIAN_POINT('',(20.850101491691,-2.094918085303,
    1.740000286352));
#6416 = CARTESIAN_POINT('',(20.850101491453,-2.114918085303,
    1.740000284604));
#6417 = CARTESIAN_POINT('',(20.850101490677,-2.179918085304,
    1.740000278921));
#6418 = CARTESIAN_POINT('',(20.850101490141,-2.224918085304,
    1.740000274987));
#6419 = CARTESIAN_POINT('',(20.850101489604,-2.269918085303,
    1.740000271053));
#6420 = CARTESIAN_POINT('',(20.850101488294,-1.939918074813,
    1.620000299903));
#6421 = CARTESIAN_POINT('',(20.850101487757,-1.984918074813,
    1.620000295969));
#6422 = CARTESIAN_POINT('',(20.850101487221,-2.029918074813,
    1.620000292035));
#6423 = CARTESIAN_POINT('',(20.850101486446,-2.094918074813,
    1.620000286352));
#6424 = CARTESIAN_POINT('',(20.850101486207,-2.114918074813,
    1.620000284604));
#6425 = CARTESIAN_POINT('',(20.850101485432,-2.179918074813,
    1.620000278922));
#6426 = CARTESIAN_POINT('',(20.850101484895,-2.224918074813,
    1.620000274987));
#6427 = CARTESIAN_POINT('',(20.850101484359,-2.269918074813,
    1.620000271053));
#6428 = ADVANCED_FACE('',(#6429),#6477,.T.);
#6429 = FACE_BOUND('',#6430,.T.);
#6430 = EDGE_LOOP('',(#6431,#6462,#6469,#6470));
#6431 = ORIENTED_EDGE('',*,*,#6432,.T.);
#6432 = EDGE_CURVE('',#6433,#6435,#6437,.T.);
#6433 = VERTEX_POINT('',#6434);
#6434 = CARTESIAN_POINT('',(21.03010149193,-2.07491808745,1.740000280233
    ));
#6435 = VERTEX_POINT('',#6436);
#6436 = CARTESIAN_POINT('',(21.150101488115,-1.95491807839,
    1.620000285478));
#6437 = B_SPLINE_CURVE_WITH_KNOTS('',3,(#6438,#6439,#6440,#6441,#6442,
    #6443,#6444,#6445,#6446,#6447,#6448,#6449,#6450,#6451,#6452,#6453,
    #6454,#6455,#6456,#6457,#6458,#6459,#6460,#6461),.UNSPECIFIED.,.F.,
  .F.,(4,2,2,1,2,2,2,2,2,1,2,2,4),(0.,0.125,0.1875,0.21875,0.234375,0.25
    ,0.5,0.625,0.6875,0.71875,0.734375,0.75,1.),.UNSPECIFIED.);
#6438 = CARTESIAN_POINT('',(21.03010149193,-2.07491808745,1.740000280233
    ));
#6439 = CARTESIAN_POINT('',(21.031397941959,-2.073621637583,
    1.740000280289));
#6440 = CARTESIAN_POINT('',(21.034753133638,-2.070665041927,
    1.738504299877));
#6441 = CARTESIAN_POINT('',(21.042874033578,-2.062580970181,
    1.732540165741));
#6442 = CARTESIAN_POINT('',(21.046095685628,-2.059288800357,
    1.729938662574));
#6443 = CARTESIAN_POINT('',(21.051700191809,-2.053521193452,
    1.725118681635));
#6444 = CARTESIAN_POINT('',(21.054695451926,-2.050433261515,
    1.722482330884));
#6445 = CARTESIAN_POINT('',(21.057980222583,-2.04708160519,
    1.719537117284));
#6446 = CARTESIAN_POINT('',(21.060234405364,-2.044795286318,
    1.717510569598));
#6447 = CARTESIAN_POINT('',(21.062219717079,-2.042799916461,
    1.715721406439));
#6448 = CARTESIAN_POINT('',(21.068431084925,-2.036587586194,
    1.710125076136));
#6449 = CARTESIAN_POINT('',(21.079645216403,-2.025374264653,
    1.699780707938));
#6450 = CARTESIAN_POINT('',(21.10008964594,-2.00492997428,1.679424037372
    ));
#6451 = CARTESIAN_POINT('',(21.105977447738,-1.99893641792,
    1.673260372968));
#6452 = CARTESIAN_POINT('',(21.113418638381,-1.991505644077,
    1.665461600845));
#6453 = CARTESIAN_POINT('',(21.115667283253,-1.989278458906,
    1.663092830692));
#6454 = CARTESIAN_POINT('',(21.118692622547,-1.986289057707,
    1.659881392208));
#6455 = CARTESIAN_POINT('',(21.12011838519,-1.984881763026,
    1.658360591118));
#6456 = CARTESIAN_POINT('',(21.121413787328,-1.983598386735,
    1.65696281208));
#6457 = CARTESIAN_POINT('',(21.122248419752,-1.98276942959,
    1.656057655865));
#6458 = CARTESIAN_POINT('',(21.121912019938,-1.983107408456,
    1.656429713237));
#6459 = CARTESIAN_POINT('',(21.141080858462,-1.963940985302,
    1.635392612062));
#6460 = CARTESIAN_POINT('',(21.150101488237,-1.954918078696,
    1.622787040024));
#6461 = CARTESIAN_POINT('',(21.150101488115,-1.95491807839,
    1.620000285478));
#6462 = ORIENTED_EDGE('',*,*,#6463,.F.);
#6463 = EDGE_CURVE('',#6369,#6435,#6464,.T.);
#6464 = B_SPLINE_CURVE_WITH_KNOTS('',3,(#6465,#6466,#6467,#6468),
  .UNSPECIFIED.,.F.,.F.,(4,4),(0.,1.),.PIECEWISE_BEZIER_KNOTS.);
#6465 = CARTESIAN_POINT('',(20.850101488115,-1.954918074813,
    1.620000298592));
#6466 = CARTESIAN_POINT('',(20.950101488115,-1.954918076005,
    1.62000029422));
#6467 = CARTESIAN_POINT('',(21.050101488115,-1.954918077198,
    1.620000289849));
#6468 = CARTESIAN_POINT('',(21.150101488115,-1.95491807839,
    1.620000285478));
#6469 = ORIENTED_EDGE('',*,*,#6368,.F.);
#6470 = ORIENTED_EDGE('',*,*,#6471,.F.);
#6471 = EDGE_CURVE('',#6433,#6360,#6472,.T.);
#6472 = B_SPLINE_CURVE_WITH_KNOTS('',3,(#6473,#6474,#6475,#6476),
  .UNSPECIFIED.,.F.,.F.,(4,4),(0.,1.),.PIECEWISE_BEZIER_KNOTS.);
#6473 = CARTESIAN_POINT('',(21.03010149193,-2.07491808745,1.740000280233
    ));
#6474 = CARTESIAN_POINT('',(21.01010149193,-2.074918087211,
    1.740000281107));
#6475 = CARTESIAN_POINT('',(20.99010149193,-2.074918086973,
    1.740000281981));
#6476 = CARTESIAN_POINT('',(20.97010149193,-2.074918086734,
    1.740000282856));
#6477 = ( BOUNDED_SURFACE() B_SPLINE_SURFACE(2,3,(
    (#6478,#6479,#6480,#6481,#6482,#6483,#6484,#6485)
    ,(#6486,#6487,#6488,#6489,#6490,#6491,#6492,#6493)
    ,(#6494,#6495,#6496,#6497,#6498,#6499,#6500,#6501
)),.UNSPECIFIED.,.F.,.F.,.F.) B_SPLINE_SURFACE_WITH_KNOTS((3,3),(4,2,2,4
    ),(0.,1.),(-1.65E-04,-3.E-05,3.E-05,1.65E-04),.UNSPECIFIED.) 
GEOMETRIC_REPRESENTATION_ITEM() RATIONAL_B_SPLINE_SURFACE((
    (1.,1.,1.,1.,1.,1.,1.,1.)
    ,(8.485281374239E-02,8.485281374239E-02,8.485281374239E-02
      ,8.485281374239E-02,8.485281374239E-02,8.485281374239E-02
      ,8.485281374239E-02,8.485281374239E-02)
,(1.,1.,1.,1.,1.,1.,1.,1.))) REPRESENTATION_ITEM('') SURFACE() );
#6478 = CARTESIAN_POINT('',(21.16510149193,-2.07491808906,1.740000274332
    ));
#6479 = CARTESIAN_POINT('',(21.12010149193,-2.074918088523,
    1.740000276299));
#6480 = CARTESIAN_POINT('',(21.07510149193,-2.074918087987,
    1.740000278266));
#6481 = CARTESIAN_POINT('',(21.01010149193,-2.074918087211,
    1.740000281107));
#6482 = CARTESIAN_POINT('',(20.99010149193,-2.074918086973,
    1.740000281981));
#6483 = CARTESIAN_POINT('',(20.92510149193,-2.074918086198,
    1.740000284823));
#6484 = CARTESIAN_POINT('',(20.88010149193,-2.074918085661,1.74000028679
    ));
#6485 = CARTESIAN_POINT('',(20.83510149193,-2.074918085125,
    1.740000288757));
#6486 = CARTESIAN_POINT('',(21.165101493361,-1.95491808906,
    1.740000284823));
#6487 = CARTESIAN_POINT('',(21.120101493361,-1.954918088523,
    1.74000028679));
#6488 = CARTESIAN_POINT('',(21.075101493361,-1.954918087987,
    1.740000288757));
#6489 = CARTESIAN_POINT('',(21.010101493361,-1.954918087211,
    1.740000291598));
#6490 = CARTESIAN_POINT('',(20.990101493361,-1.954918086973,
    1.740000292472));
#6491 = CARTESIAN_POINT('',(20.925101493361,-1.954918086198,
    1.740000295313));
#6492 = CARTESIAN_POINT('',(20.880101493361,-1.954918085661,
    1.74000029728));
#6493 = CARTESIAN_POINT('',(20.835101493361,-1.954918085125,
    1.740000299247));
#6494 = CARTESIAN_POINT('',(21.165101488115,-1.954918078569,
    1.620000284823));
#6495 = CARTESIAN_POINT('',(21.120101488115,-1.954918078032,
    1.62000028679));
#6496 = CARTESIAN_POINT('',(21.075101488115,-1.954918077496,
    1.620000288757));
#6497 = CARTESIAN_POINT('',(21.010101488115,-1.954918076721,
    1.620000291598));
#6498 = CARTESIAN_POINT('',(20.990101488115,-1.954918076482,
    1.620000292472));
#6499 = CARTESIAN_POINT('',(20.925101488115,-1.954918075707,
    1.620000295313));
#6500 = CARTESIAN_POINT('',(20.880101488115,-1.954918075171,
    1.62000029728));
#6501 = CARTESIAN_POINT('',(20.835101488115,-1.954918074634,
    1.620000299247));
#6502 = ADVANCED_FACE('',(#6503),#6551,.T.);
#6503 = FACE_BOUND('',#6504,.T.);
#6504 = EDGE_LOOP('',(#6505,#6536,#6543,#6544));
#6505 = ORIENTED_EDGE('',*,*,#6506,.T.);
#6506 = EDGE_CURVE('',#6507,#6509,#6511,.T.);
#6507 = VERTEX_POINT('',#6508);
#6508 = CARTESIAN_POINT('',(21.150101484538,-2.25491807839,
    1.620000259251));
#6509 = VERTEX_POINT('',#6510);
#6510 = CARTESIAN_POINT('',(21.030101491214,-2.13491808745,
    1.740000274987));
#6511 = B_SPLINE_CURVE_WITH_KNOTS('',3,(#6512,#6513,#6514,#6515,#6516,
    #6517,#6518,#6519,#6520,#6521,#6522,#6523,#6524,#6525,#6526,#6527,
    #6528,#6529,#6530,#6531,#6532,#6533,#6534,#6535),.UNSPECIFIED.,.F.,
  .F.,(4,2,2,1,2,2,2,2,2,1,2,2,4),(0.,0.125,0.1875,0.21875,0.234375,0.25
    ,0.5,0.625,0.6875,0.71875,0.734375,0.75,1.),.UNSPECIFIED.);
#6512 = CARTESIAN_POINT('',(21.150101484538,-2.25491807839,
    1.620000259251));
#6513 = CARTESIAN_POINT('',(21.150101484599,-2.254918078511,
    1.621393402808));
#6514 = CARTESIAN_POINT('',(21.14784632721,-2.253161029678,
    1.624718582566));
#6515 = CARTESIAN_POINT('',(21.141080855017,-2.246434127691,
    1.63365320554));
#6516 = CARTESIAN_POINT('',(21.138261908267,-2.243524752905,
    1.637269516975));
#6517 = CARTESIAN_POINT('',(21.133187804103,-2.23824883689,1.64349122965
    ));
#6518 = CARTESIAN_POINT('',(21.130439331012,-2.235386911306,
    1.646797414521));
#6519 = CARTESIAN_POINT('',(21.127373726404,-2.232240719342,
    1.650333630673));
#6520 = CARTESIAN_POINT('',(21.125259516327,-2.230087981158,
    1.652733374377));
#6521 = CARTESIAN_POINT('',(21.123427509161,-2.228244140718,
    1.654766400179));
#6522 = CARTESIAN_POINT('',(21.116832981054,-2.221648986813,
    1.662005255561));
#6523 = CARTESIAN_POINT('',(21.107877483744,-2.212694148734,
    1.671669437825));
#6524 = CARTESIAN_POINT('',(21.085973508937,-2.190790069529,
    1.693479647992));
#6525 = CARTESIAN_POINT('',(21.07976536783,-2.184445647004,
    1.699574520604));
#6526 = CARTESIAN_POINT('',(21.072092931899,-2.17678996163,
    1.706784957474));
#6527 = CARTESIAN_POINT('',(21.069808749212,-2.174533821401,
    1.708880090726));
#6528 = CARTESIAN_POINT('',(21.066792419117,-2.171562611438,
    1.711612871785));
#6529 = CARTESIAN_POINT('',(21.065386740054,-2.170179760777,
    1.71287715386));
#6530 = CARTESIAN_POINT('',(21.064134789968,-2.168942424695,
    1.713999950675));
#6531 = CARTESIAN_POINT('',(21.063334318572,-2.168148831708,
    1.71471835337));
#6532 = CARTESIAN_POINT('',(21.063776465364,-2.168592829233,
    1.714319167065));
#6533 = CARTESIAN_POINT('',(21.043523087026,-2.148343396017,
    1.732560720391));
#6534 = CARTESIAN_POINT('',(21.032695220675,-2.137511817243,
    1.740000274645));
#6535 = CARTESIAN_POINT('',(21.030101491214,-2.13491808745,
    1.740000274987));
#6536 = ORIENTED_EDGE('',*,*,#6537,.F.);
#6537 = EDGE_CURVE('',#6331,#6509,#6538,.T.);
#6538 = B_SPLINE_CURVE_WITH_KNOTS('',3,(#6539,#6540,#6541,#6542),
  .UNSPECIFIED.,.F.,.F.,(4,4),(0.,1.),.PIECEWISE_BEZIER_KNOTS.);
#6539 = CARTESIAN_POINT('',(20.970101491214,-2.134918086734,
    1.74000027761));
#6540 = CARTESIAN_POINT('',(20.990101491214,-2.134918086973,
    1.740000276736));
#6541 = CARTESIAN_POINT('',(21.010101491214,-2.134918087211,
    1.740000275862));
#6542 = CARTESIAN_POINT('',(21.030101491214,-2.13491808745,
    1.740000274987));
#6543 = ORIENTED_EDGE('',*,*,#6328,.F.);
#6544 = ORIENTED_EDGE('',*,*,#6545,.F.);
#6545 = EDGE_CURVE('',#6507,#6329,#6546,.T.);
#6546 = B_SPLINE_CURVE_WITH_KNOTS('',3,(#6547,#6548,#6549,#6550),
  .UNSPECIFIED.,.F.,.F.,(4,4),(0.,1.),.PIECEWISE_BEZIER_KNOTS.);
#6547 = CARTESIAN_POINT('',(21.150101484538,-2.25491807839,
    1.620000259251));
#6548 = CARTESIAN_POINT('',(21.050101484538,-2.254918077198,
    1.620000263623));
#6549 = CARTESIAN_POINT('',(20.950101484538,-2.254918076005,
    1.620000267994));
#6550 = CARTESIAN_POINT('',(20.850101484538,-2.254918074813,
    1.620000272365));
#6551 = ( BOUNDED_SURFACE() B_SPLINE_SURFACE(2,3,(
    (#6552,#6553,#6554,#6555,#6556,#6557,#6558,#6559)
    ,(#6560,#6561,#6562,#6563,#6564,#6565,#6566,#6567)
    ,(#6568,#6569,#6570,#6571,#6572,#6573,#6574,#6575
)),.UNSPECIFIED.,.F.,.F.,.F.) B_SPLINE_SURFACE_WITH_KNOTS((3,3),(4,2,2,4
    ),(0.,1.),(-1.65E-04,-3.E-05,3.E-05,1.65E-04),.UNSPECIFIED.) 
GEOMETRIC_REPRESENTATION_ITEM() RATIONAL_B_SPLINE_SURFACE((
    (1.,1.,1.,1.,1.,1.,1.,1.)
    ,(8.485281374239E-02,8.485281374239E-02,8.485281374239E-02
      ,8.485281374239E-02,8.485281374239E-02,8.485281374239E-02
      ,8.485281374239E-02,8.485281374239E-02)
,(1.,1.,1.,1.,1.,1.,1.,1.))) REPRESENTATION_ITEM('') SURFACE() );
#6552 = CARTESIAN_POINT('',(20.835101491214,-2.134918085125,
    1.740000283511));
#6553 = CARTESIAN_POINT('',(20.880101491214,-2.134918085661,
    1.740000281544));
#6554 = CARTESIAN_POINT('',(20.925101491214,-2.134918086198,
    1.740000279577));
#6555 = CARTESIAN_POINT('',(20.990101491214,-2.134918086973,
    1.740000276736));
#6556 = CARTESIAN_POINT('',(21.010101491214,-2.134918087211,
    1.740000275862));
#6557 = CARTESIAN_POINT('',(21.075101491214,-2.134918087987,
    1.74000027302));
#6558 = CARTESIAN_POINT('',(21.120101491214,-2.134918088523,
    1.740000271053));
#6559 = CARTESIAN_POINT('',(21.165101491214,-2.13491808906,
    1.740000269086));
#6560 = CARTESIAN_POINT('',(20.835101489783,-2.254918085125,
    1.74000027302));
#6561 = CARTESIAN_POINT('',(20.880101489783,-2.254918085661,
    1.740000271053));
#6562 = CARTESIAN_POINT('',(20.925101489783,-2.254918086198,
    1.740000269086));
#6563 = CARTESIAN_POINT('',(20.990101489783,-2.254918086973,
    1.740000266245));
#6564 = CARTESIAN_POINT('',(21.010101489783,-2.254918087211,
    1.740000265371));
#6565 = CARTESIAN_POINT('',(21.075101489783,-2.254918087987,
    1.74000026253));
#6566 = CARTESIAN_POINT('',(21.120101489783,-2.254918088523,
    1.740000260563));
#6567 = CARTESIAN_POINT('',(21.165101489783,-2.25491808906,
    1.740000258596));
#6568 = CARTESIAN_POINT('',(20.835101484538,-2.254918074634,
    1.62000027302));
#6569 = CARTESIAN_POINT('',(20.880101484538,-2.254918075171,
    1.620000271053));
#6570 = CARTESIAN_POINT('',(20.925101484538,-2.254918075707,
    1.620000269086));
#6571 = CARTESIAN_POINT('',(20.990101484538,-2.254918076482,
    1.620000266245));
#6572 = CARTESIAN_POINT('',(21.010101484538,-2.254918076721,
    1.620000265371));
#6573 = CARTESIAN_POINT('',(21.075101484538,-2.254918077496,
    1.62000026253));
#6574 = CARTESIAN_POINT('',(21.120101484538,-2.254918078032,
    1.620000260563));
#6575 = CARTESIAN_POINT('',(21.165101484538,-2.254918078569,
    1.620000258596));
#6576 = ADVANCED_FACE('',(#6577),#6595,.T.);
#6577 = FACE_BOUND('',#6578,.T.);
#6578 = EDGE_LOOP('',(#6579,#6580,#6587,#6588));
#6579 = ORIENTED_EDGE('',*,*,#6432,.F.);
#6580 = ORIENTED_EDGE('',*,*,#6581,.F.);
#6581 = EDGE_CURVE('',#6509,#6433,#6582,.T.);
#6582 = B_SPLINE_CURVE_WITH_KNOTS('',3,(#6583,#6584,#6585,#6586),
  .UNSPECIFIED.,.F.,.F.,(4,4),(0.,1.),.PIECEWISE_BEZIER_KNOTS.);
#6583 = CARTESIAN_POINT('',(21.030101491214,-2.13491808745,
    1.740000274987));
#6584 = CARTESIAN_POINT('',(21.030101491453,-2.11491808745,
    1.740000276736));
#6585 = CARTESIAN_POINT('',(21.030101491691,-2.09491808745,
    1.740000278484));
#6586 = CARTESIAN_POINT('',(21.03010149193,-2.07491808745,1.740000280233
    ));
#6587 = ORIENTED_EDGE('',*,*,#6506,.F.);
#6588 = ORIENTED_EDGE('',*,*,#6589,.F.);
#6589 = EDGE_CURVE('',#6435,#6507,#6590,.T.);
#6590 = B_SPLINE_CURVE_WITH_KNOTS('',3,(#6591,#6592,#6593,#6594),
  .UNSPECIFIED.,.F.,.F.,(4,4),(0.,1.),.PIECEWISE_BEZIER_KNOTS.);
#6591 = CARTESIAN_POINT('',(21.150101488115,-1.95491807839,
    1.620000285478));
#6592 = CARTESIAN_POINT('',(21.150101486923,-2.05491807839,
    1.620000276736));
#6593 = CARTESIAN_POINT('',(21.15010148573,-2.15491807839,1.620000267994
    ));
#6594 = CARTESIAN_POINT('',(21.150101484538,-2.25491807839,
    1.620000259251));
#6595 = ( BOUNDED_SURFACE() B_SPLINE_SURFACE(2,3,(
    (#6596,#6597,#6598,#6599,#6600,#6601,#6602,#6603)
    ,(#6604,#6605,#6606,#6607,#6608,#6609,#6610,#6611)
    ,(#6612,#6613,#6614,#6615,#6616,#6617,#6618,#6619
)),.UNSPECIFIED.,.F.,.F.,.F.) B_SPLINE_SURFACE_WITH_KNOTS((3,3),(4,2,2,4
    ),(0.,1.),(4.28E-03,4.415E-03,4.475E-03,4.61E-03),.UNSPECIFIED.) 
GEOMETRIC_REPRESENTATION_ITEM() RATIONAL_B_SPLINE_SURFACE((
    (1.,1.,1.,1.,1.,1.,1.,1.)
    ,(8.485281374239E-02,8.485281374239E-02,8.485281374239E-02
      ,8.485281374239E-02,8.485281374239E-02,8.485281374239E-02
      ,8.485281374239E-02,8.485281374239E-02)
,(1.,1.,1.,1.,1.,1.,1.,1.))) REPRESENTATION_ITEM('') SURFACE() );
#6596 = CARTESIAN_POINT('',(21.030101489604,-2.26991808745,
    1.740000263185));
#6597 = CARTESIAN_POINT('',(21.030101490141,-2.22491808745,
    1.740000267119));
#6598 = CARTESIAN_POINT('',(21.030101490677,-2.17991808745,
    1.740000271053));
#6599 = CARTESIAN_POINT('',(21.030101491453,-2.11491808745,
    1.740000276736));
#6600 = CARTESIAN_POINT('',(21.030101491691,-2.09491808745,
    1.740000278484));
#6601 = CARTESIAN_POINT('',(21.030101492466,-2.02991808745,
    1.740000284167));
#6602 = CARTESIAN_POINT('',(21.030101493003,-1.98491808745,
    1.740000288101));
#6603 = CARTESIAN_POINT('',(21.030101493539,-1.93991808745,
    1.740000292035));
#6604 = CARTESIAN_POINT('',(21.150101489604,-2.269918088881,
    1.74000025794));
#6605 = CARTESIAN_POINT('',(21.150101490141,-2.224918088881,
    1.740000261874));
#6606 = CARTESIAN_POINT('',(21.150101490677,-2.179918088881,
    1.740000265808));
#6607 = CARTESIAN_POINT('',(21.150101491453,-2.114918088881,
    1.740000271491));
#6608 = CARTESIAN_POINT('',(21.150101491691,-2.094918088881,
    1.740000273239));
#6609 = CARTESIAN_POINT('',(21.150101492466,-2.029918088881,
    1.740000278921));
#6610 = CARTESIAN_POINT('',(21.150101493003,-1.984918088881,
    1.740000282856));
#6611 = CARTESIAN_POINT('',(21.150101493539,-1.939918088881,
    1.74000028679));
#6612 = CARTESIAN_POINT('',(21.150101484359,-2.26991807839,1.62000025794
    ));
#6613 = CARTESIAN_POINT('',(21.150101484895,-2.22491807839,
    1.620000261874));
#6614 = CARTESIAN_POINT('',(21.150101485432,-2.17991807839,
    1.620000265808));
#6615 = CARTESIAN_POINT('',(21.150101486207,-2.11491807839,
    1.620000271491));
#6616 = CARTESIAN_POINT('',(21.150101486446,-2.09491807839,
    1.620000273239));
#6617 = CARTESIAN_POINT('',(21.150101487221,-2.02991807839,
    1.620000278921));
#6618 = CARTESIAN_POINT('',(21.150101487757,-1.98491807839,
    1.620000282856));
#6619 = CARTESIAN_POINT('',(21.150101488294,-1.93991807839,1.62000028679
    ));
#6620 = ADVANCED_FACE('',(#6621),#6646,.T.);
#6621 = FACE_BOUND('',#6622,.T.);
#6622 = EDGE_LOOP('',(#6623,#6631,#6632,#6640));
#6623 = ORIENTED_EDGE('',*,*,#6624,.F.);
#6624 = EDGE_CURVE('',#5027,#6625,#6627,.T.);
#6625 = VERTEX_POINT('',#6626);
#6626 = CARTESIAN_POINT('',(21.150101282926,-8.604917826613,
    -1.260000295883));
#6627 = LINE('',#6628,#6629);
#6628 = CARTESIAN_POINT('',(21.15010141406,-8.604918088881,
    1.739999704117));
#6629 = VECTOR('',#6630,1.);
#6630 = DIRECTION('',(-4.371140912996E-08,8.742273446216E-08,-1.));
#6631 = ORIENTED_EDGE('',*,*,#5065,.T.);
#6632 = ORIENTED_EDGE('',*,*,#6633,.T.);
#6633 = EDGE_CURVE('',#4849,#6634,#6636,.T.);
#6634 = VERTEX_POINT('',#6635);
#6635 = CARTESIAN_POINT('',(20.850101282926,-8.604917823035,
    -1.26000028277));
#6636 = LINE('',#6637,#6638);
#6637 = CARTESIAN_POINT('',(20.85010141406,-8.604918085303,1.73999971723
    ));
#6638 = VECTOR('',#6639,1.);
#6639 = DIRECTION('',(-4.371140912996E-08,8.742273446216E-08,-1.));
#6640 = ORIENTED_EDGE('',*,*,#6641,.F.);
#6641 = EDGE_CURVE('',#6625,#6634,#6642,.T.);
#6642 = LINE('',#6643,#6644);
#6643 = CARTESIAN_POINT('',(20.550101282926,-8.604917819458,
    -1.260000269656));
#6644 = VECTOR('',#6645,1.);
#6645 = DIRECTION('',(-1.,1.192487681713E-08,4.371141017247E-08));
#6646 = PLANE('',#6647);
#6647 = AXIS2_PLACEMENT_3D('',#6648,#6649,#6650);
#6648 = CARTESIAN_POINT('',(21.00010141406,-8.604918087092,
    1.739999710674));
#6649 = DIRECTION('',(-1.19248806385E-08,-1.,-8.742273394091E-08));
#6650 = DIRECTION('',(-1.,1.192487681713E-08,4.371141017247E-08));
#6651 = ADVANCED_FACE('',(#6652),#6670,.F.);
#6652 = FACE_BOUND('',#6653,.T.);
#6653 = EDGE_LOOP('',(#6654,#6662,#6663,#6664));
#6654 = ORIENTED_EDGE('',*,*,#6655,.F.);
#6655 = EDGE_CURVE('',#4955,#6656,#6658,.T.);
#6656 = VERTEX_POINT('',#6657);
#6657 = CARTESIAN_POINT('',(21.150101286503,-8.304917826613,
    -1.260000269656));
#6658 = LINE('',#6659,#6660);
#6659 = CARTESIAN_POINT('',(21.150101417638,-8.304918088881,
    1.739999730344));
#6660 = VECTOR('',#6661,1.);
#6661 = DIRECTION('',(-4.371140912996E-08,8.742273446216E-08,-1.));
#6662 = ORIENTED_EDGE('',*,*,#5109,.T.);
#6663 = ORIENTED_EDGE('',*,*,#6624,.T.);
#6664 = ORIENTED_EDGE('',*,*,#6665,.T.);
#6665 = EDGE_CURVE('',#6625,#6656,#6666,.T.);
#6666 = LINE('',#6667,#6668);
#6667 = CARTESIAN_POINT('',(21.150101244468,-11.82991782661,
    -1.260000577821));
#6668 = VECTOR('',#6669,1.);
#6669 = DIRECTION('',(1.192488072885E-08,1.,8.742273394091E-08));
#6670 = PLANE('',#6671);
#6671 = AXIS2_PLACEMENT_3D('',#6672,#6673,#6674);
#6672 = CARTESIAN_POINT('',(21.150101438566,-6.549918088881,
    1.739999883771));
#6673 = DIRECTION('',(-1.,1.192487690748E-08,4.371141017247E-08));
#6674 = DIRECTION('',(1.192488072885E-08,1.,8.742273394091E-08));
#6675 = ADVANCED_FACE('',(#6676),#6694,.F.);
#6676 = FACE_BOUND('',#6677,.T.);
#6677 = EDGE_LOOP('',(#6678,#6686,#6687,#6688));
#6678 = ORIENTED_EDGE('',*,*,#6679,.F.);
#6679 = EDGE_CURVE('',#4889,#6680,#6682,.T.);
#6680 = VERTEX_POINT('',#6681);
#6681 = CARTESIAN_POINT('',(20.850101286503,-8.304917823035,
    -1.260000256543));
#6682 = LINE('',#6683,#6684);
#6683 = CARTESIAN_POINT('',(20.850101417638,-8.304918085303,
    1.739999743457));
#6684 = VECTOR('',#6685,1.);
#6685 = DIRECTION('',(-4.371140912996E-08,8.742273446216E-08,-1.));
#6686 = ORIENTED_EDGE('',*,*,#4983,.T.);
#6687 = ORIENTED_EDGE('',*,*,#6655,.T.);
#6688 = ORIENTED_EDGE('',*,*,#6689,.T.);
#6689 = EDGE_CURVE('',#6656,#6680,#6690,.T.);
#6690 = LINE('',#6691,#6692);
#6691 = CARTESIAN_POINT('',(20.550101286503,-8.304917819458,
    -1.260000243429));
#6692 = VECTOR('',#6693,1.);
#6693 = DIRECTION('',(-1.,1.192487753993E-08,4.371141017247E-08));
#6694 = PLANE('',#6695);
#6695 = AXIS2_PLACEMENT_3D('',#6696,#6697,#6698);
#6696 = CARTESIAN_POINT('',(21.000101417638,-8.304918087092,
    1.739999736901));
#6697 = DIRECTION('',(-1.19248813613E-08,-1.,-8.742273394091E-08));
#6698 = DIRECTION('',(-4.371140912996E-08,8.742273446216E-08,-1.));
#6699 = ADVANCED_FACE('',(#6700),#6711,.T.);
#6700 = FACE_BOUND('',#6701,.T.);
#6701 = EDGE_LOOP('',(#6702,#6703,#6704,#6705));
#6702 = ORIENTED_EDGE('',*,*,#6633,.F.);
#6703 = ORIENTED_EDGE('',*,*,#4917,.T.);
#6704 = ORIENTED_EDGE('',*,*,#6679,.T.);
#6705 = ORIENTED_EDGE('',*,*,#6706,.F.);
#6706 = EDGE_CURVE('',#6634,#6680,#6707,.T.);
#6707 = LINE('',#6708,#6709);
#6708 = CARTESIAN_POINT('',(20.850101244468,-11.82991782303,
    -1.260000564708));
#6709 = VECTOR('',#6710,1.);
#6710 = DIRECTION('',(1.192488072885E-08,1.,8.742273394091E-08));
#6711 = PLANE('',#6712);
#6712 = AXIS2_PLACEMENT_3D('',#6713,#6714,#6715);
#6713 = CARTESIAN_POINT('',(20.850101438566,-6.549918085303,
    1.739999896884));
#6714 = DIRECTION('',(-1.,1.192487690748E-08,4.371141017247E-08));
#6715 = DIRECTION('',(1.192488072885E-08,1.,8.742273394091E-08));
#6716 = ADVANCED_FACE('',(#6717),#6723,.F.);
#6717 = FACE_BOUND('',#6718,.T.);
#6718 = EDGE_LOOP('',(#6719,#6720,#6721,#6722));
#6719 = ORIENTED_EDGE('',*,*,#4991,.T.);
#6720 = ORIENTED_EDGE('',*,*,#4879,.T.);
#6721 = ORIENTED_EDGE('',*,*,#5057,.T.);
#6722 = ORIENTED_EDGE('',*,*,#5101,.T.);
#6723 = PLANE('',#6724);
#6724 = AXIS2_PLACEMENT_3D('',#6725,#6726,#6727);
#6725 = CARTESIAN_POINT('',(21.000101438566,-6.549918087092,
    1.739999890327));
#6726 = DIRECTION('',(-4.371140912996E-08,8.742273446216E-08,-1.));
#6727 = DIRECTION('',(1.19248806385E-08,1.,8.742273394091E-08));
#6728 = ADVANCED_FACE('',(#6729),#6754,.T.);
#6729 = FACE_BOUND('',#6730,.T.);
#6730 = EDGE_LOOP('',(#6731,#6739,#6740,#6748));
#6731 = ORIENTED_EDGE('',*,*,#6732,.F.);
#6732 = EDGE_CURVE('',#5619,#6733,#6735,.T.);
#6733 = VERTEX_POINT('',#6734);
#6734 = CARTESIAN_POINT('',(21.150101313215,-6.064917826613,
    -1.260000073829));
#6735 = LINE('',#6736,#6737);
#6736 = CARTESIAN_POINT('',(21.150101444349,-6.064918088881,
    1.739999926171));
#6737 = VECTOR('',#6738,1.);
#6738 = DIRECTION('',(-4.371140912996E-08,8.742273446216E-08,-1.));
#6739 = ORIENTED_EDGE('',*,*,#5657,.T.);
#6740 = ORIENTED_EDGE('',*,*,#6741,.T.);
#6741 = EDGE_CURVE('',#5441,#6742,#6744,.T.);
#6742 = VERTEX_POINT('',#6743);
#6743 = CARTESIAN_POINT('',(20.850101313215,-6.064917823035,
    -1.260000060716));
#6744 = LINE('',#6745,#6746);
#6745 = CARTESIAN_POINT('',(20.850101444349,-6.064918085303,
    1.739999939284));
#6746 = VECTOR('',#6747,1.);
#6747 = DIRECTION('',(-4.371140912996E-08,8.742273446216E-08,-1.));
#6748 = ORIENTED_EDGE('',*,*,#6749,.F.);
#6749 = EDGE_CURVE('',#6733,#6742,#6750,.T.);
#6750 = LINE('',#6751,#6752);
#6751 = CARTESIAN_POINT('',(20.550101313215,-6.064917819458,
    -1.260000047602));
#6752 = VECTOR('',#6753,1.);
#6753 = DIRECTION('',(-1.,1.192487645573E-08,4.371141017247E-08));
#6754 = PLANE('',#6755);
#6755 = AXIS2_PLACEMENT_3D('',#6756,#6757,#6758);
#6756 = CARTESIAN_POINT('',(21.000101444349,-6.064918087092,
    1.739999932727));
#6757 = DIRECTION('',(-1.19248802771E-08,-1.,-8.742273394091E-08));
#6758 = DIRECTION('',(-1.,1.192487645573E-08,4.371141017247E-08));
#6759 = ADVANCED_FACE('',(#6760),#6778,.F.);
#6760 = FACE_BOUND('',#6761,.T.);
#6761 = EDGE_LOOP('',(#6762,#6770,#6771,#6772));
#6762 = ORIENTED_EDGE('',*,*,#6763,.F.);
#6763 = EDGE_CURVE('',#5547,#6764,#6766,.T.);
#6764 = VERTEX_POINT('',#6765);
#6765 = CARTESIAN_POINT('',(21.150101316793,-5.764917826613,
    -1.260000047602));
#6766 = LINE('',#6767,#6768);
#6767 = CARTESIAN_POINT('',(21.150101447927,-5.764918088881,
    1.739999952398));
#6768 = VECTOR('',#6769,1.);
#6769 = DIRECTION('',(-4.371140912996E-08,8.742273446216E-08,-1.));
#6770 = ORIENTED_EDGE('',*,*,#5701,.T.);
#6771 = ORIENTED_EDGE('',*,*,#6732,.T.);
#6772 = ORIENTED_EDGE('',*,*,#6773,.T.);
#6773 = EDGE_CURVE('',#6733,#6764,#6774,.T.);
#6774 = LINE('',#6775,#6776);
#6775 = CARTESIAN_POINT('',(21.150101244468,-11.82991782661,
    -1.260000577821));
#6776 = VECTOR('',#6777,1.);
#6777 = DIRECTION('',(1.192488072885E-08,1.,8.742273394091E-08));
#6778 = PLANE('',#6779);
#6779 = AXIS2_PLACEMENT_3D('',#6780,#6781,#6782);
#6780 = CARTESIAN_POINT('',(21.150101438566,-6.549918088881,
    1.739999883771));
#6781 = DIRECTION('',(-1.,1.192487690748E-08,4.371141017247E-08));
#6782 = DIRECTION('',(1.192488072885E-08,1.,8.742273394091E-08));
#6783 = ADVANCED_FACE('',(#6784),#6802,.F.);
#6784 = FACE_BOUND('',#6785,.T.);
#6785 = EDGE_LOOP('',(#6786,#6794,#6795,#6796));
#6786 = ORIENTED_EDGE('',*,*,#6787,.F.);
#6787 = EDGE_CURVE('',#5481,#6788,#6790,.T.);
#6788 = VERTEX_POINT('',#6789);
#6789 = CARTESIAN_POINT('',(20.850101316793,-5.764917823035,
    -1.260000034489));
#6790 = LINE('',#6791,#6792);
#6791 = CARTESIAN_POINT('',(20.850101447927,-5.764918085303,
    1.739999965511));
#6792 = VECTOR('',#6793,1.);
#6793 = DIRECTION('',(-4.371140912996E-08,8.742273446216E-08,-1.));
#6794 = ORIENTED_EDGE('',*,*,#5575,.T.);
#6795 = ORIENTED_EDGE('',*,*,#6763,.T.);
#6796 = ORIENTED_EDGE('',*,*,#6797,.T.);
#6797 = EDGE_CURVE('',#6764,#6788,#6798,.T.);
#6798 = LINE('',#6799,#6800);
#6799 = CARTESIAN_POINT('',(20.550101316793,-5.764917819458,
    -1.260000021376));
#6800 = VECTOR('',#6801,1.);
#6801 = DIRECTION('',(-1.,1.192487753993E-08,4.371141017247E-08));
#6802 = PLANE('',#6803);
#6803 = AXIS2_PLACEMENT_3D('',#6804,#6805,#6806);
#6804 = CARTESIAN_POINT('',(21.000101447927,-5.764918087092,
    1.739999958954));
#6805 = DIRECTION('',(-1.19248813613E-08,-1.,-8.742273394091E-08));
#6806 = DIRECTION('',(-4.371140912996E-08,8.742273446216E-08,-1.));
#6807 = ADVANCED_FACE('',(#6808),#6819,.T.);
#6808 = FACE_BOUND('',#6809,.T.);
#6809 = EDGE_LOOP('',(#6810,#6811,#6812,#6813));
#6810 = ORIENTED_EDGE('',*,*,#6741,.F.);
#6811 = ORIENTED_EDGE('',*,*,#5509,.T.);
#6812 = ORIENTED_EDGE('',*,*,#6787,.T.);
#6813 = ORIENTED_EDGE('',*,*,#6814,.F.);
#6814 = EDGE_CURVE('',#6742,#6788,#6815,.T.);
#6815 = LINE('',#6816,#6817);
#6816 = CARTESIAN_POINT('',(20.850101244468,-11.82991782303,
    -1.260000564708));
#6817 = VECTOR('',#6818,1.);
#6818 = DIRECTION('',(1.192488072885E-08,1.,8.742273394091E-08));
#6819 = PLANE('',#6820);
#6820 = AXIS2_PLACEMENT_3D('',#6821,#6822,#6823);
#6821 = CARTESIAN_POINT('',(20.850101438566,-6.549918085303,
    1.739999896884));
#6822 = DIRECTION('',(-1.,1.192487690748E-08,4.371141017247E-08));
#6823 = DIRECTION('',(1.192488072885E-08,1.,8.742273394091E-08));
#6824 = ADVANCED_FACE('',(#6825),#6831,.F.);
#6825 = FACE_BOUND('',#6826,.T.);
#6826 = EDGE_LOOP('',(#6827,#6828,#6829,#6830));
#6827 = ORIENTED_EDGE('',*,*,#5583,.T.);
#6828 = ORIENTED_EDGE('',*,*,#5471,.T.);
#6829 = ORIENTED_EDGE('',*,*,#5649,.T.);
#6830 = ORIENTED_EDGE('',*,*,#5693,.T.);
#6831 = PLANE('',#6832);
#6832 = AXIS2_PLACEMENT_3D('',#6833,#6834,#6835);
#6833 = CARTESIAN_POINT('',(21.000101438566,-6.549918087092,
    1.739999890327));
#6834 = DIRECTION('',(-4.371140912996E-08,8.742273446216E-08,-1.));
#6835 = DIRECTION('',(1.19248806385E-08,1.,8.742273394091E-08));
#6836 = ADVANCED_FACE('',(#6837),#6862,.T.);
#6837 = FACE_BOUND('',#6838,.T.);
#6838 = EDGE_LOOP('',(#6839,#6847,#6848,#6856));
#6839 = ORIENTED_EDGE('',*,*,#6840,.F.);
#6840 = EDGE_CURVE('',#5915,#6841,#6843,.T.);
#6841 = VERTEX_POINT('',#6842);
#6842 = CARTESIAN_POINT('',(21.15010132836,-4.794917826613,
    -1.259999962802));
#6843 = LINE('',#6844,#6845);
#6844 = CARTESIAN_POINT('',(21.150101459494,-4.794918088881,
    1.740000037198));
#6845 = VECTOR('',#6846,1.);
#6846 = DIRECTION('',(-4.371140912996E-08,8.742273446216E-08,-1.));
#6847 = ORIENTED_EDGE('',*,*,#5953,.T.);
#6848 = ORIENTED_EDGE('',*,*,#6849,.T.);
#6849 = EDGE_CURVE('',#5737,#6850,#6852,.T.);
#6850 = VERTEX_POINT('',#6851);
#6851 = CARTESIAN_POINT('',(20.85010132836,-4.794917823035,
    -1.259999949689));
#6852 = LINE('',#6853,#6854);
#6853 = CARTESIAN_POINT('',(20.850101459494,-4.794918085303,
    1.740000050311));
#6854 = VECTOR('',#6855,1.);
#6855 = DIRECTION('',(-4.371140912996E-08,8.742273446216E-08,-1.));
#6856 = ORIENTED_EDGE('',*,*,#6857,.F.);
#6857 = EDGE_CURVE('',#6841,#6850,#6858,.T.);
#6858 = LINE('',#6859,#6860);
#6859 = CARTESIAN_POINT('',(20.55010132836,-4.794917819458,
    -1.259999936576));
#6860 = VECTOR('',#6861,1.);
#6861 = DIRECTION('',(-1.,1.192487609433E-08,4.371141017247E-08));
#6862 = PLANE('',#6863);
#6863 = AXIS2_PLACEMENT_3D('',#6864,#6865,#6866);
#6864 = CARTESIAN_POINT('',(21.000101459494,-4.794918087092,
    1.740000043754));
#6865 = DIRECTION('',(-1.19248799157E-08,-1.,-8.742273394091E-08));
#6866 = DIRECTION('',(-1.,1.192487609433E-08,4.371141017247E-08));
#6867 = ADVANCED_FACE('',(#6868),#6886,.F.);
#6868 = FACE_BOUND('',#6869,.T.);
#6869 = EDGE_LOOP('',(#6870,#6878,#6879,#6880));
#6870 = ORIENTED_EDGE('',*,*,#6871,.F.);
#6871 = EDGE_CURVE('',#5843,#6872,#6874,.T.);
#6872 = VERTEX_POINT('',#6873);
#6873 = CARTESIAN_POINT('',(21.150101331937,-4.494917826613,
    -1.259999936576));
#6874 = LINE('',#6875,#6876);
#6875 = CARTESIAN_POINT('',(21.150101463071,-4.494918088881,
    1.740000063424));
#6876 = VECTOR('',#6877,1.);
#6877 = DIRECTION('',(-4.371140912996E-08,8.742273446216E-08,-1.));
#6878 = ORIENTED_EDGE('',*,*,#5997,.T.);
#6879 = ORIENTED_EDGE('',*,*,#6840,.T.);
#6880 = ORIENTED_EDGE('',*,*,#6881,.T.);
#6881 = EDGE_CURVE('',#6841,#6872,#6882,.T.);
#6882 = LINE('',#6883,#6884);
#6883 = CARTESIAN_POINT('',(21.150101244468,-11.82991782661,
    -1.260000577821));
#6884 = VECTOR('',#6885,1.);
#6885 = DIRECTION('',(1.192488072885E-08,1.,8.742273394091E-08));
#6886 = PLANE('',#6887);
#6887 = AXIS2_PLACEMENT_3D('',#6888,#6889,#6890);
#6888 = CARTESIAN_POINT('',(21.150101438566,-6.549918088881,
    1.739999883771));
#6889 = DIRECTION('',(-1.,1.192487690748E-08,4.371141017247E-08));
#6890 = DIRECTION('',(1.192488072885E-08,1.,8.742273394091E-08));
#6891 = ADVANCED_FACE('',(#6892),#6910,.F.);
#6892 = FACE_BOUND('',#6893,.T.);
#6893 = EDGE_LOOP('',(#6894,#6902,#6903,#6904));
#6894 = ORIENTED_EDGE('',*,*,#6895,.F.);
#6895 = EDGE_CURVE('',#5777,#6896,#6898,.T.);
#6896 = VERTEX_POINT('',#6897);
#6897 = CARTESIAN_POINT('',(20.850101331937,-4.494917823035,
    -1.259999923462));
#6898 = LINE('',#6899,#6900);
#6899 = CARTESIAN_POINT('',(20.850101463071,-4.494918085303,
    1.740000076538));
#6900 = VECTOR('',#6901,1.);
#6901 = DIRECTION('',(-4.371140912996E-08,8.742273446216E-08,-1.));
#6902 = ORIENTED_EDGE('',*,*,#5871,.T.);
#6903 = ORIENTED_EDGE('',*,*,#6871,.T.);
#6904 = ORIENTED_EDGE('',*,*,#6905,.T.);
#6905 = EDGE_CURVE('',#6872,#6896,#6906,.T.);
#6906 = LINE('',#6907,#6908);
#6907 = CARTESIAN_POINT('',(20.550101331937,-4.494917819458,
    -1.259999910349));
#6908 = VECTOR('',#6909,1.);
#6909 = DIRECTION('',(-1.,1.192487681713E-08,4.371141017247E-08));
#6910 = PLANE('',#6911);
#6911 = AXIS2_PLACEMENT_3D('',#6912,#6913,#6914);
#6912 = CARTESIAN_POINT('',(21.000101463071,-4.494918087092,
    1.740000069981));
#6913 = DIRECTION('',(-1.19248806385E-08,-1.,-8.742273394091E-08));
#6914 = DIRECTION('',(-1.,1.192487681713E-08,4.371141017247E-08));
#6915 = ADVANCED_FACE('',(#6916),#6927,.T.);
#6916 = FACE_BOUND('',#6917,.T.);
#6917 = EDGE_LOOP('',(#6918,#6919,#6920,#6921));
#6918 = ORIENTED_EDGE('',*,*,#6849,.F.);
#6919 = ORIENTED_EDGE('',*,*,#5805,.T.);
#6920 = ORIENTED_EDGE('',*,*,#6895,.T.);
#6921 = ORIENTED_EDGE('',*,*,#6922,.F.);
#6922 = EDGE_CURVE('',#6850,#6896,#6923,.T.);
#6923 = LINE('',#6924,#6925);
#6924 = CARTESIAN_POINT('',(20.850101244468,-11.82991782303,
    -1.260000564708));
#6925 = VECTOR('',#6926,1.);
#6926 = DIRECTION('',(1.192488072885E-08,1.,8.742273394091E-08));
#6927 = PLANE('',#6928);
#6928 = AXIS2_PLACEMENT_3D('',#6929,#6930,#6931);
#6929 = CARTESIAN_POINT('',(20.850101438566,-6.549918085303,
    1.739999896884));
#6930 = DIRECTION('',(-1.,1.192487690748E-08,4.371141017247E-08));
#6931 = DIRECTION('',(1.192488072885E-08,1.,8.742273394091E-08));
#6932 = ADVANCED_FACE('',(#6933),#6939,.F.);
#6933 = FACE_BOUND('',#6934,.T.);
#6934 = EDGE_LOOP('',(#6935,#6936,#6937,#6938));
#6935 = ORIENTED_EDGE('',*,*,#5879,.T.);
#6936 = ORIENTED_EDGE('',*,*,#5767,.T.);
#6937 = ORIENTED_EDGE('',*,*,#5945,.T.);
#6938 = ORIENTED_EDGE('',*,*,#5989,.T.);
#6939 = PLANE('',#6940);
#6940 = AXIS2_PLACEMENT_3D('',#6941,#6942,#6943);
#6941 = CARTESIAN_POINT('',(21.000101438566,-6.549918087092,
    1.739999890327));
#6942 = DIRECTION('',(-4.371140912996E-08,8.742273446216E-08,-1.));
#6943 = DIRECTION('',(1.19248806385E-08,1.,8.742273394091E-08));
#6944 = ADVANCED_FACE('',(#6945),#6970,.T.);
#6945 = FACE_BOUND('',#6946,.T.);
#6946 = EDGE_LOOP('',(#6947,#6955,#6956,#6964));
#6947 = ORIENTED_EDGE('',*,*,#6948,.F.);
#6948 = EDGE_CURVE('',#6211,#6949,#6951,.T.);
#6949 = VERTEX_POINT('',#6950);
#6950 = CARTESIAN_POINT('',(21.150101343504,-3.524917826613,
    -1.259999851775));
#6951 = LINE('',#6952,#6953);
#6952 = CARTESIAN_POINT('',(21.150101474639,-3.524918088881,
    1.740000148224));
#6953 = VECTOR('',#6954,1.);
#6954 = DIRECTION('',(-4.371140912996E-08,8.742273446216E-08,-1.));
#6955 = ORIENTED_EDGE('',*,*,#6249,.T.);
#6956 = ORIENTED_EDGE('',*,*,#6957,.T.);
#6957 = EDGE_CURVE('',#6033,#6958,#6960,.T.);
#6958 = VERTEX_POINT('',#6959);
#6959 = CARTESIAN_POINT('',(20.850101343504,-3.524917823035,
    -1.259999838662));
#6960 = LINE('',#6961,#6962);
#6961 = CARTESIAN_POINT('',(20.850101474639,-3.524918085303,
    1.740000161338));
#6962 = VECTOR('',#6963,1.);
#6963 = DIRECTION('',(-4.371140912996E-08,8.742273446216E-08,-1.));
#6964 = ORIENTED_EDGE('',*,*,#6965,.F.);
#6965 = EDGE_CURVE('',#6949,#6958,#6966,.T.);
#6966 = LINE('',#6967,#6968);
#6967 = CARTESIAN_POINT('',(20.550101343504,-3.524917819458,
    -1.259999825549));
#6968 = VECTOR('',#6969,1.);
#6969 = DIRECTION('',(-1.,1.192487681713E-08,4.371141017247E-08));
#6970 = PLANE('',#6971);
#6971 = AXIS2_PLACEMENT_3D('',#6972,#6973,#6974);
#6972 = CARTESIAN_POINT('',(21.000101474639,-3.524918087092,
    1.740000154781));
#6973 = DIRECTION('',(-1.19248806385E-08,-1.,-8.742273394091E-08));
#6974 = DIRECTION('',(-1.,1.192487681713E-08,4.371141017247E-08));
#6975 = ADVANCED_FACE('',(#6976),#6994,.F.);
#6976 = FACE_BOUND('',#6977,.T.);
#6977 = EDGE_LOOP('',(#6978,#6986,#6987,#6988));
#6978 = ORIENTED_EDGE('',*,*,#6979,.F.);
#6979 = EDGE_CURVE('',#6139,#6980,#6982,.T.);
#6980 = VERTEX_POINT('',#6981);
#6981 = CARTESIAN_POINT('',(21.150101347082,-3.224917826613,
    -1.259999825549));
#6982 = LINE('',#6983,#6984);
#6983 = CARTESIAN_POINT('',(21.150101478216,-3.224918088881,
    1.740000174451));
#6984 = VECTOR('',#6985,1.);
#6985 = DIRECTION('',(-4.371140912996E-08,8.742273446216E-08,-1.));
#6986 = ORIENTED_EDGE('',*,*,#6293,.T.);
#6987 = ORIENTED_EDGE('',*,*,#6948,.T.);
#6988 = ORIENTED_EDGE('',*,*,#6989,.T.);
#6989 = EDGE_CURVE('',#6949,#6980,#6990,.T.);
#6990 = LINE('',#6991,#6992);
#6991 = CARTESIAN_POINT('',(21.150101244468,-11.82991782661,
    -1.260000577821));
#6992 = VECTOR('',#6993,1.);
#6993 = DIRECTION('',(1.192488072885E-08,1.,8.742273394091E-08));
#6994 = PLANE('',#6995);
#6995 = AXIS2_PLACEMENT_3D('',#6996,#6997,#6998);
#6996 = CARTESIAN_POINT('',(21.150101438566,-6.549918088881,
    1.739999883771));
#6997 = DIRECTION('',(-1.,1.192487690748E-08,4.371141017247E-08));
#6998 = DIRECTION('',(1.192488072885E-08,1.,8.742273394091E-08));
#6999 = ADVANCED_FACE('',(#7000),#7018,.F.);
#7000 = FACE_BOUND('',#7001,.T.);
#7001 = EDGE_LOOP('',(#7002,#7010,#7011,#7012));
#7002 = ORIENTED_EDGE('',*,*,#7003,.F.);
#7003 = EDGE_CURVE('',#6073,#7004,#7006,.T.);
#7004 = VERTEX_POINT('',#7005);
#7005 = CARTESIAN_POINT('',(20.850101347082,-3.224917823035,
    -1.259999812435));
#7006 = LINE('',#7007,#7008);
#7007 = CARTESIAN_POINT('',(20.850101478216,-3.224918085303,
    1.740000187565));
#7008 = VECTOR('',#7009,1.);
#7009 = DIRECTION('',(-4.371140912996E-08,8.742273446216E-08,-1.));
#7010 = ORIENTED_EDGE('',*,*,#6167,.T.);
#7011 = ORIENTED_EDGE('',*,*,#6979,.T.);
#7012 = ORIENTED_EDGE('',*,*,#7013,.T.);
#7013 = EDGE_CURVE('',#6980,#7004,#7014,.T.);
#7014 = LINE('',#7015,#7016);
#7015 = CARTESIAN_POINT('',(20.550101347082,-3.224917819458,
    -1.259999799322));
#7016 = VECTOR('',#7017,1.);
#7017 = DIRECTION('',(-1.,1.192487681713E-08,4.371141017247E-08));
#7018 = PLANE('',#7019);
#7019 = AXIS2_PLACEMENT_3D('',#7020,#7021,#7022);
#7020 = CARTESIAN_POINT('',(21.000101478216,-3.224918087092,
    1.740000181008));
#7021 = DIRECTION('',(-1.19248806385E-08,-1.,-8.742273394091E-08));
#7022 = DIRECTION('',(-1.,1.192487681713E-08,4.371141017247E-08));
#7023 = ADVANCED_FACE('',(#7024),#7035,.T.);
#7024 = FACE_BOUND('',#7025,.T.);
#7025 = EDGE_LOOP('',(#7026,#7027,#7028,#7029));
#7026 = ORIENTED_EDGE('',*,*,#6957,.F.);
#7027 = ORIENTED_EDGE('',*,*,#6101,.T.);
#7028 = ORIENTED_EDGE('',*,*,#7003,.T.);
#7029 = ORIENTED_EDGE('',*,*,#7030,.F.);
#7030 = EDGE_CURVE('',#6958,#7004,#7031,.T.);
#7031 = LINE('',#7032,#7033);
#7032 = CARTESIAN_POINT('',(20.850101244468,-11.82991782303,
    -1.260000564708));
#7033 = VECTOR('',#7034,1.);
#7034 = DIRECTION('',(1.192488072885E-08,1.,8.742273394091E-08));
#7035 = PLANE('',#7036);
#7036 = AXIS2_PLACEMENT_3D('',#7037,#7038,#7039);
#7037 = CARTESIAN_POINT('',(20.850101438566,-6.549918085303,
    1.739999896884));
#7038 = DIRECTION('',(-1.,1.192487690748E-08,4.371141017247E-08));
#7039 = DIRECTION('',(1.192488072885E-08,1.,8.742273394091E-08));
#7040 = ADVANCED_FACE('',(#7041),#7047,.F.);
#7041 = FACE_BOUND('',#7042,.T.);
#7042 = EDGE_LOOP('',(#7043,#7044,#7045,#7046));
#7043 = ORIENTED_EDGE('',*,*,#6175,.T.);
#7044 = ORIENTED_EDGE('',*,*,#6063,.T.);
#7045 = ORIENTED_EDGE('',*,*,#6241,.T.);
#7046 = ORIENTED_EDGE('',*,*,#6285,.T.);
#7047 = PLANE('',#7048);
#7048 = AXIS2_PLACEMENT_3D('',#7049,#7050,#7051);
#7049 = CARTESIAN_POINT('',(21.000101438566,-6.549918087092,
    1.739999890327));
#7050 = DIRECTION('',(-4.371140912996E-08,8.742273446216E-08,-1.));
#7051 = DIRECTION('',(1.19248806385E-08,1.,8.742273394091E-08));
#7052 = ADVANCED_FACE('',(#7053),#7078,.T.);
#7053 = FACE_BOUND('',#7054,.T.);
#7054 = EDGE_LOOP('',(#7055,#7063,#7064,#7072));
#7055 = ORIENTED_EDGE('',*,*,#7056,.F.);
#7056 = EDGE_CURVE('',#4731,#7057,#7059,.T.);
#7057 = VERTEX_POINT('',#7058);
#7058 = CARTESIAN_POINT('',(21.150101267781,-9.874917826613,
    -1.26000040691));
#7059 = LINE('',#7060,#7061);
#7060 = CARTESIAN_POINT('',(21.150101398915,-9.874918088881,
    1.73999959309));
#7061 = VECTOR('',#7062,1.);
#7062 = DIRECTION('',(-4.371140912996E-08,8.742273446216E-08,-1.));
#7063 = ORIENTED_EDGE('',*,*,#4769,.T.);
#7064 = ORIENTED_EDGE('',*,*,#7065,.T.);
#7065 = EDGE_CURVE('',#4553,#7066,#7068,.T.);
#7066 = VERTEX_POINT('',#7067);
#7067 = CARTESIAN_POINT('',(20.850101267781,-9.874917823035,
    -1.260000393796));
#7068 = LINE('',#7069,#7070);
#7069 = CARTESIAN_POINT('',(20.850101398915,-9.874918085303,
    1.739999606204));
#7070 = VECTOR('',#7071,1.);
#7071 = DIRECTION('',(-4.371140912996E-08,8.742273446216E-08,-1.));
#7072 = ORIENTED_EDGE('',*,*,#7073,.F.);
#7073 = EDGE_CURVE('',#7057,#7066,#7074,.T.);
#7074 = LINE('',#7075,#7076);
#7075 = CARTESIAN_POINT('',(20.550101267781,-9.874917819458,
    -1.260000380683));
#7076 = VECTOR('',#7077,1.);
#7077 = DIRECTION('',(-1.,1.192487681713E-08,4.371141017247E-08));
#7078 = PLANE('',#7079);
#7079 = AXIS2_PLACEMENT_3D('',#7080,#7081,#7082);
#7080 = CARTESIAN_POINT('',(21.150101398915,-9.874918088881,
    1.73999959309));
#7081 = DIRECTION('',(-1.19248806385E-08,-1.,-8.742273394091E-08));
#7082 = DIRECTION('',(-1.,1.192487681713E-08,4.371141017247E-08));
#7083 = ADVANCED_FACE('',(#7084),#7102,.F.);
#7084 = FACE_BOUND('',#7085,.T.);
#7085 = EDGE_LOOP('',(#7086,#7094,#7095,#7096));
#7086 = ORIENTED_EDGE('',*,*,#7087,.F.);
#7087 = EDGE_CURVE('',#4659,#7088,#7090,.T.);
#7088 = VERTEX_POINT('',#7089);
#7089 = CARTESIAN_POINT('',(21.150101271359,-9.574917826613,
    -1.260000380683));
#7090 = LINE('',#7091,#7092);
#7091 = CARTESIAN_POINT('',(21.150101402493,-9.574918088881,
    1.739999619317));
#7092 = VECTOR('',#7093,1.);
#7093 = DIRECTION('',(-4.371140912996E-08,8.742273446216E-08,-1.));
#7094 = ORIENTED_EDGE('',*,*,#4813,.T.);
#7095 = ORIENTED_EDGE('',*,*,#7056,.T.);
#7096 = ORIENTED_EDGE('',*,*,#7097,.T.);
#7097 = EDGE_CURVE('',#7057,#7088,#7098,.T.);
#7098 = LINE('',#7099,#7100);
#7099 = CARTESIAN_POINT('',(21.150101244468,-11.82991782661,
    -1.260000577821));
#7100 = VECTOR('',#7101,1.);
#7101 = DIRECTION('',(1.192488072885E-08,1.,8.742273394091E-08));
#7102 = PLANE('',#7103);
#7103 = AXIS2_PLACEMENT_3D('',#7104,#7105,#7106);
#7104 = CARTESIAN_POINT('',(21.150101398915,-9.874918088881,
    1.73999959309));
#7105 = DIRECTION('',(-1.,1.192487690748E-08,4.371141017247E-08));
#7106 = DIRECTION('',(1.192488072885E-08,1.,8.742273394091E-08));
#7107 = ADVANCED_FACE('',(#7108),#7126,.F.);
#7108 = FACE_BOUND('',#7109,.T.);
#7109 = EDGE_LOOP('',(#7110,#7118,#7119,#7120));
#7110 = ORIENTED_EDGE('',*,*,#7111,.F.);
#7111 = EDGE_CURVE('',#4593,#7112,#7114,.T.);
#7112 = VERTEX_POINT('',#7113);
#7113 = CARTESIAN_POINT('',(20.850101271359,-9.574917823035,
    -1.26000036757));
#7114 = LINE('',#7115,#7116);
#7115 = CARTESIAN_POINT('',(20.850101402493,-9.574918085303,
    1.73999963243));
#7116 = VECTOR('',#7117,1.);
#7117 = DIRECTION('',(-4.371140912996E-08,8.742273446216E-08,-1.));
#7118 = ORIENTED_EDGE('',*,*,#4687,.T.);
#7119 = ORIENTED_EDGE('',*,*,#7087,.T.);
#7120 = ORIENTED_EDGE('',*,*,#7121,.T.);
#7121 = EDGE_CURVE('',#7088,#7112,#7122,.T.);
#7122 = LINE('',#7123,#7124);
#7123 = CARTESIAN_POINT('',(20.550101271359,-9.574917819458,
    -1.260000354456));
#7124 = VECTOR('',#7125,1.);
#7125 = DIRECTION('',(-1.,1.192487681713E-08,4.371141017247E-08));
#7126 = PLANE('',#7127);
#7127 = AXIS2_PLACEMENT_3D('',#7128,#7129,#7130);
#7128 = CARTESIAN_POINT('',(21.150101402493,-9.574918088881,
    1.739999619317));
#7129 = DIRECTION('',(-1.19248806385E-08,-1.,-8.742273394091E-08));
#7130 = DIRECTION('',(-1.,1.192487681713E-08,4.371141017247E-08));
#7131 = ADVANCED_FACE('',(#7132),#7143,.T.);
#7132 = FACE_BOUND('',#7133,.T.);
#7133 = EDGE_LOOP('',(#7134,#7135,#7136,#7137));
#7134 = ORIENTED_EDGE('',*,*,#7065,.F.);
#7135 = ORIENTED_EDGE('',*,*,#4621,.T.);
#7136 = ORIENTED_EDGE('',*,*,#7111,.T.);
#7137 = ORIENTED_EDGE('',*,*,#7138,.F.);
#7138 = EDGE_CURVE('',#7066,#7112,#7139,.T.);
#7139 = LINE('',#7140,#7141);
#7140 = CARTESIAN_POINT('',(20.850101244468,-11.82991782303,
    -1.260000564708));
#7141 = VECTOR('',#7142,1.);
#7142 = DIRECTION('',(1.192488072885E-08,1.,8.742273394091E-08));
#7143 = PLANE('',#7144);
#7144 = AXIS2_PLACEMENT_3D('',#7145,#7146,#7147);
#7145 = CARTESIAN_POINT('',(20.850101398915,-9.874918085303,
    1.739999606204));
#7146 = DIRECTION('',(-1.,1.192487690748E-08,4.371141017247E-08));
#7147 = DIRECTION('',(1.192488072885E-08,1.,8.742273394091E-08));
#7148 = ADVANCED_FACE('',(#7149),#7155,.F.);
#7149 = FACE_BOUND('',#7150,.T.);
#7150 = EDGE_LOOP('',(#7151,#7152,#7153,#7154));
#7151 = ORIENTED_EDGE('',*,*,#4695,.T.);
#7152 = ORIENTED_EDGE('',*,*,#4583,.T.);
#7153 = ORIENTED_EDGE('',*,*,#4761,.T.);
#7154 = ORIENTED_EDGE('',*,*,#4805,.T.);
#7155 = PLANE('',#7156);
#7156 = AXIS2_PLACEMENT_3D('',#7157,#7158,#7159);
#7157 = CARTESIAN_POINT('',(21.000101438566,-6.549918087092,
    1.739999890327));
#7158 = DIRECTION('',(-4.371140912996E-08,8.742273446216E-08,-1.));
#7159 = DIRECTION('',(1.19248806385E-08,1.,8.742273394091E-08));
#7160 = ADVANCED_FACE('',(#7161),#7186,.T.);
#7161 = FACE_BOUND('',#7162,.T.);
#7162 = EDGE_LOOP('',(#7163,#7171,#7172,#7180));
#7163 = ORIENTED_EDGE('',*,*,#7164,.F.);
#7164 = EDGE_CURVE('',#4435,#7165,#7167,.T.);
#7165 = VERTEX_POINT('',#7166);
#7166 = CARTESIAN_POINT('',(21.150101252637,-11.14491782661,
    -1.260000517937));
#7167 = LINE('',#7168,#7169);
#7168 = CARTESIAN_POINT('',(21.150101383771,-11.14491808888,
    1.739999482063));
#7169 = VECTOR('',#7170,1.);
#7170 = DIRECTION('',(-4.371140912996E-08,8.742273446216E-08,-1.));
#7171 = ORIENTED_EDGE('',*,*,#4473,.T.);
#7172 = ORIENTED_EDGE('',*,*,#7173,.T.);
#7173 = EDGE_CURVE('',#4257,#7174,#7176,.T.);
#7174 = VERTEX_POINT('',#7175);
#7175 = CARTESIAN_POINT('',(20.850101252637,-11.14491782303,
    -1.260000504823));
#7176 = LINE('',#7177,#7178);
#7177 = CARTESIAN_POINT('',(20.850101383771,-11.1449180853,
    1.739999495177));
#7178 = VECTOR('',#7179,1.);
#7179 = DIRECTION('',(-4.371140912996E-08,8.742273446216E-08,-1.));
#7180 = ORIENTED_EDGE('',*,*,#7181,.F.);
#7181 = EDGE_CURVE('',#7165,#7174,#7182,.T.);
#7182 = LINE('',#7183,#7184);
#7183 = CARTESIAN_POINT('',(20.550101252637,-11.14491781945,
    -1.26000049171));
#7184 = VECTOR('',#7185,1.);
#7185 = DIRECTION('',(-1.,1.192487681713E-08,4.371141017247E-08));
#7186 = PLANE('',#7187);
#7187 = AXIS2_PLACEMENT_3D('',#7188,#7189,#7190);
#7188 = CARTESIAN_POINT('',(21.150101383771,-11.14491808888,
    1.739999482063));
#7189 = DIRECTION('',(-1.19248806385E-08,-1.,-8.742273394091E-08));
#7190 = DIRECTION('',(-1.,1.192487681713E-08,4.371141017247E-08));
#7191 = ADVANCED_FACE('',(#7192),#7210,.F.);
#7192 = FACE_BOUND('',#7193,.T.);
#7193 = EDGE_LOOP('',(#7194,#7202,#7203,#7204));
#7194 = ORIENTED_EDGE('',*,*,#7195,.F.);
#7195 = EDGE_CURVE('',#4363,#7196,#7198,.T.);
#7196 = VERTEX_POINT('',#7197);
#7197 = CARTESIAN_POINT('',(21.150101256214,-10.84491782661,
    -1.26000049171));
#7198 = LINE('',#7199,#7200);
#7199 = CARTESIAN_POINT('',(21.150101387348,-10.84491808888,
    1.73999950829));
#7200 = VECTOR('',#7201,1.);
#7201 = DIRECTION('',(-4.371140912996E-08,8.742273446216E-08,-1.));
#7202 = ORIENTED_EDGE('',*,*,#4517,.T.);
#7203 = ORIENTED_EDGE('',*,*,#7164,.T.);
#7204 = ORIENTED_EDGE('',*,*,#7205,.T.);
#7205 = EDGE_CURVE('',#7165,#7196,#7206,.T.);
#7206 = LINE('',#7207,#7208);
#7207 = CARTESIAN_POINT('',(21.150101244468,-11.82991782661,
    -1.260000577821));
#7208 = VECTOR('',#7209,1.);
#7209 = DIRECTION('',(1.192488072885E-08,1.,8.742273394091E-08));
#7210 = PLANE('',#7211);
#7211 = AXIS2_PLACEMENT_3D('',#7212,#7213,#7214);
#7212 = CARTESIAN_POINT('',(21.150101383771,-11.14491808888,
    1.739999482063));
#7213 = DIRECTION('',(-1.,1.192487690748E-08,4.371141017247E-08));
#7214 = DIRECTION('',(1.192488072885E-08,1.,8.742273394091E-08));
#7215 = ADVANCED_FACE('',(#7216),#7234,.F.);
#7216 = FACE_BOUND('',#7217,.T.);
#7217 = EDGE_LOOP('',(#7218,#7226,#7227,#7228));
#7218 = ORIENTED_EDGE('',*,*,#7219,.F.);
#7219 = EDGE_CURVE('',#4297,#7220,#7222,.T.);
#7220 = VERTEX_POINT('',#7221);
#7221 = CARTESIAN_POINT('',(20.850101256214,-10.84491782303,
    -1.260000478596));
#7222 = LINE('',#7223,#7224);
#7223 = CARTESIAN_POINT('',(20.850101387348,-10.8449180853,
    1.739999521404));
#7224 = VECTOR('',#7225,1.);
#7225 = DIRECTION('',(-4.371140912996E-08,8.742273446216E-08,-1.));
#7226 = ORIENTED_EDGE('',*,*,#4391,.T.);
#7227 = ORIENTED_EDGE('',*,*,#7195,.T.);
#7228 = ORIENTED_EDGE('',*,*,#7229,.T.);
#7229 = EDGE_CURVE('',#7196,#7220,#7230,.T.);
#7230 = LINE('',#7231,#7232);
#7231 = CARTESIAN_POINT('',(20.550101256214,-10.84491781945,
    -1.260000465483));
#7232 = VECTOR('',#7233,1.);
#7233 = DIRECTION('',(-1.,1.192487970834E-08,4.371141017247E-08));
#7234 = PLANE('',#7235);
#7235 = AXIS2_PLACEMENT_3D('',#7236,#7237,#7238);
#7236 = CARTESIAN_POINT('',(21.150101387348,-10.84491808888,
    1.73999950829));
#7237 = DIRECTION('',(-1.192488352971E-08,-1.,-8.742273394091E-08));
#7238 = DIRECTION('',(-4.371140912996E-08,8.742273446216E-08,-1.));
#7239 = ADVANCED_FACE('',(#7240),#7251,.T.);
#7240 = FACE_BOUND('',#7241,.T.);
#7241 = EDGE_LOOP('',(#7242,#7243,#7244,#7245));
#7242 = ORIENTED_EDGE('',*,*,#7173,.F.);
#7243 = ORIENTED_EDGE('',*,*,#4325,.T.);
#7244 = ORIENTED_EDGE('',*,*,#7219,.T.);
#7245 = ORIENTED_EDGE('',*,*,#7246,.F.);
#7246 = EDGE_CURVE('',#7174,#7220,#7247,.T.);
#7247 = LINE('',#7248,#7249);
#7248 = CARTESIAN_POINT('',(20.850101244468,-11.82991782303,
    -1.260000564708));
#7249 = VECTOR('',#7250,1.);
#7250 = DIRECTION('',(1.192488072885E-08,1.,8.742273394091E-08));
#7251 = PLANE('',#7252);
#7252 = AXIS2_PLACEMENT_3D('',#7253,#7254,#7255);
#7253 = CARTESIAN_POINT('',(20.850101383771,-11.1449180853,
    1.739999495177));
#7254 = DIRECTION('',(-1.,1.192487690748E-08,4.371141017247E-08));
#7255 = DIRECTION('',(1.192488072885E-08,1.,8.742273394091E-08));
#7256 = ADVANCED_FACE('',(#7257),#7263,.F.);
#7257 = FACE_BOUND('',#7258,.T.);
#7258 = EDGE_LOOP('',(#7259,#7260,#7261,#7262));
#7259 = ORIENTED_EDGE('',*,*,#4399,.T.);
#7260 = ORIENTED_EDGE('',*,*,#4287,.T.);
#7261 = ORIENTED_EDGE('',*,*,#4465,.T.);
#7262 = ORIENTED_EDGE('',*,*,#4509,.T.);
#7263 = PLANE('',#7264);
#7264 = AXIS2_PLACEMENT_3D('',#7265,#7266,#7267);
#7265 = CARTESIAN_POINT('',(21.000101438566,-6.549918087092,
    1.739999890327));
#7266 = DIRECTION('',(-4.371140912996E-08,8.742273446216E-08,-1.));
#7267 = DIRECTION('',(1.19248806385E-08,1.,8.742273394091E-08));
#7268 = ADVANCED_FACE('',(#7269),#7294,.T.);
#7269 = FACE_BOUND('',#7270,.T.);
#7270 = EDGE_LOOP('',(#7271,#7279,#7280,#7288));
#7271 = ORIENTED_EDGE('',*,*,#7272,.F.);
#7272 = EDGE_CURVE('',#6507,#7273,#7275,.T.);
#7273 = VERTEX_POINT('',#7274);
#7274 = CARTESIAN_POINT('',(21.150101358649,-2.254917826613,
    -1.259999740749));
#7275 = LINE('',#7276,#7277);
#7276 = CARTESIAN_POINT('',(21.150101489783,-2.254918088881,
    1.740000259251));
#7277 = VECTOR('',#7278,1.);
#7278 = DIRECTION('',(-4.371140912996E-08,8.742273446216E-08,-1.));
#7279 = ORIENTED_EDGE('',*,*,#6545,.T.);
#7280 = ORIENTED_EDGE('',*,*,#7281,.T.);
#7281 = EDGE_CURVE('',#6329,#7282,#7284,.T.);
#7282 = VERTEX_POINT('',#7283);
#7283 = CARTESIAN_POINT('',(20.850101358649,-2.254917823035,
    -1.259999727635));
#7284 = LINE('',#7285,#7286);
#7285 = CARTESIAN_POINT('',(20.850101489783,-2.254918085303,
    1.740000272365));
#7286 = VECTOR('',#7287,1.);
#7287 = DIRECTION('',(-4.371140912996E-08,8.742273446216E-08,-1.));
#7288 = ORIENTED_EDGE('',*,*,#7289,.F.);
#7289 = EDGE_CURVE('',#7273,#7282,#7290,.T.);
#7290 = LINE('',#7291,#7292);
#7291 = CARTESIAN_POINT('',(20.550101358649,-2.254917819458,
    -1.259999714522));
#7292 = VECTOR('',#7293,1.);
#7293 = DIRECTION('',(-1.,1.192487681713E-08,4.371141017247E-08));
#7294 = PLANE('',#7295);
#7295 = AXIS2_PLACEMENT_3D('',#7296,#7297,#7298);
#7296 = CARTESIAN_POINT('',(21.000101489783,-2.254918087092,
    1.740000265808));
#7297 = DIRECTION('',(-1.19248806385E-08,-1.,-8.742273394091E-08));
#7298 = DIRECTION('',(-1.,1.192487681713E-08,4.371141017247E-08));
#7299 = ADVANCED_FACE('',(#7300),#7318,.F.);
#7300 = FACE_BOUND('',#7301,.T.);
#7301 = EDGE_LOOP('',(#7302,#7310,#7311,#7312));
#7302 = ORIENTED_EDGE('',*,*,#7303,.F.);
#7303 = EDGE_CURVE('',#6435,#7304,#7306,.T.);
#7304 = VERTEX_POINT('',#7305);
#7305 = CARTESIAN_POINT('',(21.150101362226,-1.954917826613,
    -1.259999714522));
#7306 = LINE('',#7307,#7308);
#7307 = CARTESIAN_POINT('',(21.150101493361,-1.954918088881,
    1.740000285478));
#7308 = VECTOR('',#7309,1.);
#7309 = DIRECTION('',(-4.371140912996E-08,8.742273446216E-08,-1.));
#7310 = ORIENTED_EDGE('',*,*,#6589,.T.);
#7311 = ORIENTED_EDGE('',*,*,#7272,.T.);
#7312 = ORIENTED_EDGE('',*,*,#7313,.T.);
#7313 = EDGE_CURVE('',#7273,#7304,#7314,.T.);
#7314 = LINE('',#7315,#7316);
#7315 = CARTESIAN_POINT('',(21.150101244468,-11.82991782661,
    -1.260000577821));
#7316 = VECTOR('',#7317,1.);
#7317 = DIRECTION('',(1.192488072885E-08,1.,8.742273394091E-08));
#7318 = PLANE('',#7319);
#7319 = AXIS2_PLACEMENT_3D('',#7320,#7321,#7322);
#7320 = CARTESIAN_POINT('',(21.150101438566,-6.549918088881,
    1.739999883771));
#7321 = DIRECTION('',(-1.,1.192487690748E-08,4.371141017247E-08));
#7322 = DIRECTION('',(1.192488072885E-08,1.,8.742273394091E-08));
#7323 = ADVANCED_FACE('',(#7324),#7342,.F.);
#7324 = FACE_BOUND('',#7325,.T.);
#7325 = EDGE_LOOP('',(#7326,#7334,#7335,#7336));
#7326 = ORIENTED_EDGE('',*,*,#7327,.F.);
#7327 = EDGE_CURVE('',#6369,#7328,#7330,.T.);
#7328 = VERTEX_POINT('',#7329);
#7329 = CARTESIAN_POINT('',(20.850101362226,-1.954917823035,
    -1.259999701408));
#7330 = LINE('',#7331,#7332);
#7331 = CARTESIAN_POINT('',(20.850101493361,-1.954918085303,
    1.740000298592));
#7332 = VECTOR('',#7333,1.);
#7333 = DIRECTION('',(-4.371140912996E-08,8.742273446216E-08,-1.));
#7334 = ORIENTED_EDGE('',*,*,#6463,.T.);
#7335 = ORIENTED_EDGE('',*,*,#7303,.T.);
#7336 = ORIENTED_EDGE('',*,*,#7337,.T.);
#7337 = EDGE_CURVE('',#7304,#7328,#7338,.T.);
#7338 = LINE('',#7339,#7340);
#7339 = CARTESIAN_POINT('',(20.550101362226,-1.954917819458,
    -1.259999688295));
#7340 = VECTOR('',#7341,1.);
#7341 = DIRECTION('',(-1.,1.192487681713E-08,4.371141017247E-08));
#7342 = PLANE('',#7343);
#7343 = AXIS2_PLACEMENT_3D('',#7344,#7345,#7346);
#7344 = CARTESIAN_POINT('',(21.000101493361,-1.954918087092,
    1.740000292035));
#7345 = DIRECTION('',(-1.19248806385E-08,-1.,-8.742273394091E-08));
#7346 = DIRECTION('',(-1.,1.192487681713E-08,4.371141017247E-08));
#7347 = ADVANCED_FACE('',(#7348),#7359,.T.);
#7348 = FACE_BOUND('',#7349,.T.);
#7349 = EDGE_LOOP('',(#7350,#7351,#7352,#7353));
#7350 = ORIENTED_EDGE('',*,*,#7281,.F.);
#7351 = ORIENTED_EDGE('',*,*,#6397,.T.);
#7352 = ORIENTED_EDGE('',*,*,#7327,.T.);
#7353 = ORIENTED_EDGE('',*,*,#7354,.F.);
#7354 = EDGE_CURVE('',#7282,#7328,#7355,.T.);
#7355 = LINE('',#7356,#7357);
#7356 = CARTESIAN_POINT('',(20.850101244468,-11.82991782303,
    -1.260000564708));
#7357 = VECTOR('',#7358,1.);
#7358 = DIRECTION('',(1.192488072885E-08,1.,8.742273394091E-08));
#7359 = PLANE('',#7360);
#7360 = AXIS2_PLACEMENT_3D('',#7361,#7362,#7363);
#7361 = CARTESIAN_POINT('',(20.850101438566,-6.549918085303,
    1.739999896884));
#7362 = DIRECTION('',(-1.,1.192487690748E-08,4.371141017247E-08));
#7363 = DIRECTION('',(1.192488072885E-08,1.,8.742273394091E-08));
#7364 = ADVANCED_FACE('',(#7365),#7371,.F.);
#7365 = FACE_BOUND('',#7366,.T.);
#7366 = EDGE_LOOP('',(#7367,#7368,#7369,#7370));
#7367 = ORIENTED_EDGE('',*,*,#6471,.T.);
#7368 = ORIENTED_EDGE('',*,*,#6359,.T.);
#7369 = ORIENTED_EDGE('',*,*,#6537,.T.);
#7370 = ORIENTED_EDGE('',*,*,#6581,.T.);
#7371 = PLANE('',#7372);
#7372 = AXIS2_PLACEMENT_3D('',#7373,#7374,#7375);
#7373 = CARTESIAN_POINT('',(21.000101438566,-6.549918087092,
    1.739999890327));
#7374 = DIRECTION('',(-4.371140912996E-08,8.742273446216E-08,-1.));
#7375 = DIRECTION('',(1.19248806385E-08,1.,8.742273394091E-08));
#7376 = ADVANCED_FACE('',(#7377),#7402,.T.);
#7377 = FACE_BOUND('',#7378,.T.);
#7378 = EDGE_LOOP('',(#7379,#7387,#7388,#7396));
#7379 = ORIENTED_EDGE('',*,*,#7380,.F.);
#7380 = EDGE_CURVE('',#5323,#7381,#7383,.T.);
#7381 = VERTEX_POINT('',#7382);
#7382 = CARTESIAN_POINT('',(21.15010129807,-7.334917826613,
    -1.260000184856));
#7383 = LINE('',#7384,#7385);
#7384 = CARTESIAN_POINT('',(21.150101429205,-7.334918088881,
    1.739999815144));
#7385 = VECTOR('',#7386,1.);
#7386 = DIRECTION('',(-4.371140912996E-08,8.742273446216E-08,-1.));
#7387 = ORIENTED_EDGE('',*,*,#5361,.T.);
#7388 = ORIENTED_EDGE('',*,*,#7389,.T.);
#7389 = EDGE_CURVE('',#5145,#7390,#7392,.T.);
#7390 = VERTEX_POINT('',#7391);
#7391 = CARTESIAN_POINT('',(20.85010129807,-7.334917823035,
    -1.260000171743));
#7392 = LINE('',#7393,#7394);
#7393 = CARTESIAN_POINT('',(20.850101429205,-7.334918085303,
    1.739999828257));
#7394 = VECTOR('',#7395,1.);
#7395 = DIRECTION('',(-4.371140912996E-08,8.742273446216E-08,-1.));
#7396 = ORIENTED_EDGE('',*,*,#7397,.F.);
#7397 = EDGE_CURVE('',#7381,#7390,#7398,.T.);
#7398 = LINE('',#7399,#7400);
#7399 = CARTESIAN_POINT('',(20.55010129807,-7.334917819458,
    -1.260000158629));
#7400 = VECTOR('',#7401,1.);
#7401 = DIRECTION('',(-1.,1.192487645573E-08,4.371141017247E-08));
#7402 = PLANE('',#7403);
#7403 = AXIS2_PLACEMENT_3D('',#7404,#7405,#7406);
#7404 = CARTESIAN_POINT('',(21.000101429205,-7.334918087092,
    1.739999821701));
#7405 = DIRECTION('',(-1.19248802771E-08,-1.,-8.742273394091E-08));
#7406 = DIRECTION('',(-1.,1.192487645573E-08,4.371141017247E-08));
#7407 = ADVANCED_FACE('',(#7408),#7426,.F.);
#7408 = FACE_BOUND('',#7409,.T.);
#7409 = EDGE_LOOP('',(#7410,#7418,#7419,#7420));
#7410 = ORIENTED_EDGE('',*,*,#7411,.F.);
#7411 = EDGE_CURVE('',#5251,#7412,#7414,.T.);
#7412 = VERTEX_POINT('',#7413);
#7413 = CARTESIAN_POINT('',(21.150101301648,-7.034917826613,
    -1.260000158629));
#7414 = LINE('',#7415,#7416);
#7415 = CARTESIAN_POINT('',(21.150101432782,-7.034918088881,
    1.739999841371));
#7416 = VECTOR('',#7417,1.);
#7417 = DIRECTION('',(-4.371140912996E-08,8.742273446216E-08,-1.));
#7418 = ORIENTED_EDGE('',*,*,#5405,.T.);
#7419 = ORIENTED_EDGE('',*,*,#7380,.T.);
#7420 = ORIENTED_EDGE('',*,*,#7421,.T.);
#7421 = EDGE_CURVE('',#7381,#7412,#7422,.T.);
#7422 = LINE('',#7423,#7424);
#7423 = CARTESIAN_POINT('',(21.150101244468,-11.82991782661,
    -1.260000577821));
#7424 = VECTOR('',#7425,1.);
#7425 = DIRECTION('',(1.192488072885E-08,1.,8.742273394091E-08));
#7426 = PLANE('',#7427);
#7427 = AXIS2_PLACEMENT_3D('',#7428,#7429,#7430);
#7428 = CARTESIAN_POINT('',(21.150101438566,-6.549918088881,
    1.739999883771));
#7429 = DIRECTION('',(-1.,1.192487690748E-08,4.371141017247E-08));
#7430 = DIRECTION('',(1.192488072885E-08,1.,8.742273394091E-08));
#7431 = ADVANCED_FACE('',(#7432),#7450,.F.);
#7432 = FACE_BOUND('',#7433,.T.);
#7433 = EDGE_LOOP('',(#7434,#7442,#7443,#7444));
#7434 = ORIENTED_EDGE('',*,*,#7435,.F.);
#7435 = EDGE_CURVE('',#5185,#7436,#7438,.T.);
#7436 = VERTEX_POINT('',#7437);
#7437 = CARTESIAN_POINT('',(20.850101301648,-7.034917823035,
    -1.260000145516));
#7438 = LINE('',#7439,#7440);
#7439 = CARTESIAN_POINT('',(20.850101432782,-7.034918085303,
    1.739999854484));
#7440 = VECTOR('',#7441,1.);
#7441 = DIRECTION('',(-4.371140912996E-08,8.742273446216E-08,-1.));
#7442 = ORIENTED_EDGE('',*,*,#5279,.T.);
#7443 = ORIENTED_EDGE('',*,*,#7411,.T.);
#7444 = ORIENTED_EDGE('',*,*,#7445,.T.);
#7445 = EDGE_CURVE('',#7412,#7436,#7446,.T.);
#7446 = LINE('',#7447,#7448);
#7447 = CARTESIAN_POINT('',(20.550101301648,-7.034917819458,
    -1.260000132402));
#7448 = VECTOR('',#7449,1.);
#7449 = DIRECTION('',(-1.,1.192487735923E-08,4.371141017247E-08));
#7450 = PLANE('',#7451);
#7451 = AXIS2_PLACEMENT_3D('',#7452,#7453,#7454);
#7452 = CARTESIAN_POINT('',(21.000101432782,-7.034918087092,
    1.739999847927));
#7453 = DIRECTION('',(-1.19248811806E-08,-1.,-8.742273394091E-08));
#7454 = DIRECTION('',(-4.371140912996E-08,8.742273446216E-08,-1.));
#7455 = ADVANCED_FACE('',(#7456),#7467,.T.);
#7456 = FACE_BOUND('',#7457,.T.);
#7457 = EDGE_LOOP('',(#7458,#7459,#7460,#7461));
#7458 = ORIENTED_EDGE('',*,*,#7389,.F.);
#7459 = ORIENTED_EDGE('',*,*,#5213,.T.);
#7460 = ORIENTED_EDGE('',*,*,#7435,.T.);
#7461 = ORIENTED_EDGE('',*,*,#7462,.F.);
#7462 = EDGE_CURVE('',#7390,#7436,#7463,.T.);
#7463 = LINE('',#7464,#7465);
#7464 = CARTESIAN_POINT('',(20.850101244468,-11.82991782303,
    -1.260000564708));
#7465 = VECTOR('',#7466,1.);
#7466 = DIRECTION('',(1.192488072885E-08,1.,8.742273394091E-08));
#7467 = PLANE('',#7468);
#7468 = AXIS2_PLACEMENT_3D('',#7469,#7470,#7471);
#7469 = CARTESIAN_POINT('',(20.850101438566,-6.549918085303,
    1.739999896884));
#7470 = DIRECTION('',(-1.,1.192487690748E-08,4.371141017247E-08));
#7471 = DIRECTION('',(1.192488072885E-08,1.,8.742273394091E-08));
#7472 = ADVANCED_FACE('',(#7473),#7479,.F.);
#7473 = FACE_BOUND('',#7474,.T.);
#7474 = EDGE_LOOP('',(#7475,#7476,#7477,#7478));
#7475 = ORIENTED_EDGE('',*,*,#5287,.T.);
#7476 = ORIENTED_EDGE('',*,*,#5175,.T.);
#7477 = ORIENTED_EDGE('',*,*,#5353,.T.);
#7478 = ORIENTED_EDGE('',*,*,#5397,.T.);
#7479 = PLANE('',#7480);
#7480 = AXIS2_PLACEMENT_3D('',#7481,#7482,#7483);
#7481 = CARTESIAN_POINT('',(21.000101438566,-6.549918087092,
    1.739999890327));
#7482 = DIRECTION('',(-4.371140912996E-08,8.742273446216E-08,-1.));
#7483 = DIRECTION('',(1.19248806385E-08,1.,8.742273394091E-08));
#7484 = ADVANCED_FACE('',(#7485),#7521,.F.);
#7485 = FACE_BOUND('',#7486,.F.);
#7486 = EDGE_LOOP('',(#7487,#7497,#7506,#7514));
#7487 = ORIENTED_EDGE('',*,*,#7488,.T.);
#7488 = EDGE_CURVE('',#7489,#7491,#7493,.T.);
#7489 = VERTEX_POINT('',#7490);
#7490 = CARTESIAN_POINT('',(21.400101245064,-11.77991782959,
    -1.260000584378));
#7491 = VERTEX_POINT('',#7492);
#7492 = CARTESIAN_POINT('',(21.400101369799,-1.319917829594,
    -1.259999669936));
#7493 = LINE('',#7494,#7495);
#7494 = CARTESIAN_POINT('',(21.400101370395,-1.269917829594,
    -1.259999665565));
#7495 = VECTOR('',#7496,1.);
#7496 = DIRECTION('',(1.19248806385E-08,1.,8.742273394091E-08));
#7497 = ORIENTED_EDGE('',*,*,#7498,.F.);
#7498 = EDGE_CURVE('',#7499,#7491,#7501,.T.);
#7499 = VERTEX_POINT('',#7500);
#7500 = CARTESIAN_POINT('',(21.450101371984,-1.319917834561,
    -1.209999672122));
#7501 = CIRCLE('',#7502,5.E-02);
#7502 = AXIS2_PLACEMENT_3D('',#7503,#7504,#7505);
#7503 = CARTESIAN_POINT('',(21.400101371984,-1.319917833965,
    -1.209999669936));
#7504 = DIRECTION('',(1.19248806385E-08,1.,8.742273394091E-08));
#7505 = DIRECTION('',(-1.,1.192487681713E-08,4.371141017247E-08));
#7506 = ORIENTED_EDGE('',*,*,#7507,.T.);
#7507 = EDGE_CURVE('',#7499,#7508,#7510,.T.);
#7508 = VERTEX_POINT('',#7509);
#7509 = CARTESIAN_POINT('',(21.45010124725,-11.77991783456,
    -1.210000586564));
#7510 = LINE('',#7511,#7512);
#7511 = CARTESIAN_POINT('',(21.450101246654,-11.82991783456,
    -1.210000590935));
#7512 = VECTOR('',#7513,1.);
#7513 = DIRECTION('',(-1.19248806385E-08,-1.,-8.742273394091E-08));
#7514 = ORIENTED_EDGE('',*,*,#7515,.F.);
#7515 = EDGE_CURVE('',#7489,#7508,#7516,.T.);
#7516 = CIRCLE('',#7517,5.E-02);
#7517 = AXIS2_PLACEMENT_3D('',#7518,#7519,#7520);
#7518 = CARTESIAN_POINT('',(21.40010124725,-11.77991783396,
    -1.210000584378));
#7519 = DIRECTION('',(-1.19248806385E-08,-1.,-8.742273394091E-08));
#7520 = DIRECTION('',(1.,-1.192487681713E-08,-4.371141017247E-08));
#7521 = CYLINDRICAL_SURFACE('',#7522,5.E-02);
#7522 = AXIS2_PLACEMENT_3D('',#7523,#7524,#7525);
#7523 = CARTESIAN_POINT('',(21.400101246654,-11.82991783396,
    -1.210000588749));
#7524 = DIRECTION('',(-1.19248806385E-08,-1.,-8.742273394091E-08));
#7525 = DIRECTION('',(-1.,1.192487681713E-08,4.371141017247E-08));
#7526 = ADVANCED_FACE('',(#7527),#7545,.T.);
#7527 = FACE_BOUND('',#7528,.T.);
#7528 = EDGE_LOOP('',(#7529,#7530,#7537,#7538));
#7529 = ORIENTED_EDGE('',*,*,#4131,.T.);
#7530 = ORIENTED_EDGE('',*,*,#7531,.T.);
#7531 = EDGE_CURVE('',#4124,#7491,#7532,.T.);
#7532 = CIRCLE('',#7533,5.E-02);
#7533 = AXIS2_PLACEMENT_3D('',#7534,#7535,#7536);
#7534 = CARTESIAN_POINT('',(21.400101367613,-1.319917825223,
    -1.309999669936));
#7535 = DIRECTION('',(1.,-1.192487681713E-08,-4.371141017247E-08));
#7536 = DIRECTION('',(-1.19248806385E-08,-1.,-8.742273394091E-08));
#7537 = ORIENTED_EDGE('',*,*,#7498,.F.);
#7538 = ORIENTED_EDGE('',*,*,#7539,.T.);
#7539 = EDGE_CURVE('',#7499,#4132,#7540,.T.);
#7540 = CIRCLE('',#7541,5.E-02);
#7541 = AXIS2_PLACEMENT_3D('',#7542,#7543,#7544);
#7542 = CARTESIAN_POINT('',(21.500101371984,-1.319917835158,
    -1.209999674307));
#7543 = DIRECTION('',(-4.371140912996E-08,8.742273446216E-08,-1.));
#7544 = DIRECTION('',(-1.,1.192487681713E-08,4.371141017247E-08));
#7545 = TOROIDAL_SURFACE('',#7546,0.1,5.E-02);
#7546 = AXIS2_PLACEMENT_3D('',#7547,#7548,#7549);
#7547 = CARTESIAN_POINT('',(21.400101371984,-1.319917833965,
    -1.209999669936));
#7548 = DIRECTION('',(-1.19248806385E-08,-1.,-8.742273394091E-08));
#7549 = DIRECTION('',(-1.,1.192487681713E-08,4.371141017247E-08));
#7550 = ADVANCED_FACE('',(#7551),#7569,.T.);
#7551 = FACE_BOUND('',#7552,.T.);
#7552 = EDGE_LOOP('',(#7553,#7554,#7561,#7562));
#7553 = ORIENTED_EDGE('',*,*,#4208,.T.);
#7554 = ORIENTED_EDGE('',*,*,#7555,.T.);
#7555 = EDGE_CURVE('',#4201,#7508,#7556,.T.);
#7556 = CIRCLE('',#7557,5.E-02);
#7557 = AXIS2_PLACEMENT_3D('',#7558,#7559,#7560);
#7558 = CARTESIAN_POINT('',(21.50010124725,-11.77991783515,
    -1.210000588749));
#7559 = DIRECTION('',(-4.371140912996E-08,8.742273446216E-08,-1.));
#7560 = DIRECTION('',(-1.,1.192487681713E-08,4.371141017247E-08));
#7561 = ORIENTED_EDGE('',*,*,#7515,.F.);
#7562 = ORIENTED_EDGE('',*,*,#7563,.T.);
#7563 = EDGE_CURVE('',#7489,#4209,#7564,.T.);
#7564 = CIRCLE('',#7565,5.E-02);
#7565 = AXIS2_PLACEMENT_3D('',#7566,#7567,#7568);
#7566 = CARTESIAN_POINT('',(21.400101242879,-11.77991782522,
    -1.310000584378));
#7567 = DIRECTION('',(1.,-1.192487681713E-08,-4.371141017247E-08));
#7568 = DIRECTION('',(-1.19248806385E-08,-1.,-8.742273394091E-08));
#7569 = TOROIDAL_SURFACE('',#7570,0.1,5.E-02);
#7570 = AXIS2_PLACEMENT_3D('',#7571,#7572,#7573);
#7571 = CARTESIAN_POINT('',(21.40010124725,-11.77991783396,
    -1.210000584378));
#7572 = DIRECTION('',(1.19248806385E-08,1.,8.742273394091E-08));
#7573 = DIRECTION('',(1.,-1.192487681713E-08,-4.371141017247E-08));
#7574 = ADVANCED_FACE('',(#7575),#7594,.T.);
#7575 = FACE_BOUND('',#7576,.T.);
#7576 = EDGE_LOOP('',(#7577,#7586,#7587,#7588));
#7577 = ORIENTED_EDGE('',*,*,#7578,.T.);
#7578 = EDGE_CURVE('',#7579,#4141,#7581,.T.);
#7579 = VERTEX_POINT('',#7580);
#7580 = CARTESIAN_POINT('',(21.450101380726,-1.319917852046,
    -1.009999672122));
#7581 = ( BOUNDED_CURVE() B_SPLINE_CURVE(3,(#7582,#7583,#7584,#7585),
.UNSPECIFIED.,.F.,.F.) B_SPLINE_CURVE_WITH_KNOTS((4,4),(0.,
1.570796326795),.PIECEWISE_BEZIER_KNOTS.) CURVE() 
GEOMETRIC_REPRESENTATION_ITEM() RATIONAL_B_SPLINE_CURVE((1.,
0.804737854124,0.804737854124,1.)) REPRESENTATION_ITEM('') );
#7582 = CARTESIAN_POINT('',(21.450101380726,-1.319917852046,
    -1.009999672122));
#7583 = CARTESIAN_POINT('',(21.450101381076,-1.290628530165,
    -1.009999669561));
#7584 = CARTESIAN_POINT('',(21.470812058536,-1.269917850482,
    -1.030710346775));
#7585 = CARTESIAN_POINT('',(21.500101379137,-1.269917848271,
    -1.059999669936));
#7586 = ORIENTED_EDGE('',*,*,#4140,.F.);
#7587 = ORIENTED_EDGE('',*,*,#7539,.F.);
#7588 = ORIENTED_EDGE('',*,*,#7589,.F.);
#7589 = EDGE_CURVE('',#7579,#7499,#7590,.T.);
#7590 = LINE('',#7591,#7592);
#7591 = CARTESIAN_POINT('',(21.450101380726,-1.319917852046,
    -1.009999672122));
#7592 = VECTOR('',#7593,1.);
#7593 = DIRECTION('',(-4.371140912996E-08,8.742273446216E-08,-1.));
#7594 = CYLINDRICAL_SURFACE('',#7595,5.E-02);
#7595 = AXIS2_PLACEMENT_3D('',#7596,#7597,#7598);
#7596 = CARTESIAN_POINT('',(21.500101306417,-1.319917704024,
    -2.709999674307));
#7597 = DIRECTION('',(4.371140912996E-08,-8.742273446216E-08,1.));
#7598 = DIRECTION('',(1.,-1.192487681713E-08,-4.371141017247E-08));
#7599 = ADVANCED_FACE('',(#7600),#7619,.T.);
#7600 = FACE_BOUND('',#7601,.T.);
#7601 = EDGE_LOOP('',(#7602,#7611,#7617,#7618));
#7602 = ORIENTED_EDGE('',*,*,#7603,.T.);
#7603 = EDGE_CURVE('',#4115,#7604,#7606,.T.);
#7604 = VERTEX_POINT('',#7605);
#7605 = CARTESIAN_POINT('',(20.600101369799,-1.319917820054,
    -1.259999634967));
#7606 = CIRCLE('',#7607,5.E-02);
#7607 = AXIS2_PLACEMENT_3D('',#7608,#7609,#7610);
#7608 = CARTESIAN_POINT('',(20.600101367613,-1.319917815683,
    -1.309999634967));
#7609 = DIRECTION('',(1.,-1.192487681713E-08,-4.371141017247E-08));
#7610 = DIRECTION('',(1.19248806385E-08,1.,8.742273394091E-08));
#7611 = ORIENTED_EDGE('',*,*,#7612,.F.);
#7612 = EDGE_CURVE('',#7491,#7604,#7613,.T.);
#7613 = LINE('',#7614,#7615);
#7614 = CARTESIAN_POINT('',(20.550101369799,-1.319917819458,
    -1.259999632782));
#7615 = VECTOR('',#7616,1.);
#7616 = DIRECTION('',(-1.,1.192487681713E-08,4.371141017247E-08));
#7617 = ORIENTED_EDGE('',*,*,#7531,.F.);
#7618 = ORIENTED_EDGE('',*,*,#4123,.F.);
#7619 = CYLINDRICAL_SURFACE('',#7620,5.E-02);
#7620 = AXIS2_PLACEMENT_3D('',#7621,#7622,#7623);
#7621 = CARTESIAN_POINT('',(21.900101367613,-1.319917831185,
    -1.309999691792));
#7622 = DIRECTION('',(1.,-1.192487681713E-08,-4.371141017247E-08));
#7623 = DIRECTION('',(-1.19248806385E-08,-1.,-8.742273394091E-08));
#7624 = ADVANCED_FACE('',(#7625),#7644,.T.);
#7625 = FACE_BOUND('',#7626,.T.);
#7626 = EDGE_LOOP('',(#7627,#7636,#7637,#7638));
#7627 = ORIENTED_EDGE('',*,*,#7628,.T.);
#7628 = EDGE_CURVE('',#7629,#4218,#7631,.T.);
#7629 = VERTEX_POINT('',#7630);
#7630 = CARTESIAN_POINT('',(20.600101245064,-11.77991782005,
    -1.260000549409));
#7631 = CIRCLE('',#7632,5.E-02);
#7632 = AXIS2_PLACEMENT_3D('',#7633,#7634,#7635);
#7633 = CARTESIAN_POINT('',(20.600101242879,-11.77991781568,
    -1.310000549409));
#7634 = DIRECTION('',(1.,-1.192487681713E-08,-4.371141017247E-08));
#7635 = DIRECTION('',(1.19248806385E-08,1.,8.742273394091E-08));
#7636 = ORIENTED_EDGE('',*,*,#4217,.F.);
#7637 = ORIENTED_EDGE('',*,*,#7563,.F.);
#7638 = ORIENTED_EDGE('',*,*,#7639,.F.);
#7639 = EDGE_CURVE('',#7629,#7489,#7640,.T.);
#7640 = LINE('',#7641,#7642);
#7641 = CARTESIAN_POINT('',(20.550101245064,-11.77991781945,
    -1.260000547223));
#7642 = VECTOR('',#7643,1.);
#7643 = DIRECTION('',(1.,-1.192487681713E-08,-4.371141017247E-08));
#7644 = CYLINDRICAL_SURFACE('',#7645,5.E-02);
#7645 = AXIS2_PLACEMENT_3D('',#7646,#7647,#7648);
#7646 = CARTESIAN_POINT('',(21.900101242879,-11.77991783118,
    -1.310000606234));
#7647 = DIRECTION('',(-1.,1.192487681713E-08,4.371141017247E-08));
#7648 = DIRECTION('',(1.19248806385E-08,1.,8.742273394091E-08));
#7649 = ADVANCED_FACE('',(#7650),#7669,.T.);
#7650 = FACE_BOUND('',#7651,.T.);
#7651 = EDGE_LOOP('',(#7652,#7661,#7667,#7668));
#7652 = ORIENTED_EDGE('',*,*,#7653,.T.);
#7653 = EDGE_CURVE('',#4193,#7654,#7656,.T.);
#7654 = VERTEX_POINT('',#7655);
#7655 = CARTESIAN_POINT('',(21.450101255992,-11.77991785204,
    -1.010000586564));
#7656 = ( BOUNDED_CURVE() B_SPLINE_CURVE(3,(#7657,#7658,#7659,#7660),
.UNSPECIFIED.,.F.,.F.) B_SPLINE_CURVE_WITH_KNOTS((4,4),(4.712388980385,
6.28318530718),.PIECEWISE_BEZIER_KNOTS.) CURVE() 
GEOMETRIC_REPRESENTATION_ITEM() RATIONAL_B_SPLINE_CURVE((1.,
0.804737854124,0.804737854124,1.)) REPRESENTATION_ITEM('') );
#7657 = CARTESIAN_POINT('',(21.50010125321,-11.82991784827,
    -1.06000059312));
#7658 = CARTESIAN_POINT('',(21.470811932609,-11.82991785048,
    -1.030711269959));
#7659 = CARTESIAN_POINT('',(21.450101255643,-11.80920717392,
    -1.010000589124));
#7660 = CARTESIAN_POINT('',(21.450101255992,-11.77991785204,
    -1.010000586564));
#7661 = ORIENTED_EDGE('',*,*,#7662,.F.);
#7662 = EDGE_CURVE('',#7508,#7654,#7663,.T.);
#7663 = LINE('',#7664,#7665);
#7664 = CARTESIAN_POINT('',(21.450101255992,-11.77991785204,
    -1.010000586564));
#7665 = VECTOR('',#7666,1.);
#7666 = DIRECTION('',(4.371140912996E-08,-8.742273446216E-08,1.));
#7667 = ORIENTED_EDGE('',*,*,#7555,.F.);
#7668 = ORIENTED_EDGE('',*,*,#4200,.F.);
#7669 = CYLINDRICAL_SURFACE('',#7670,5.E-02);
#7670 = AXIS2_PLACEMENT_3D('',#7671,#7672,#7673);
#7671 = CARTESIAN_POINT('',(21.500101181683,-11.77991770402,
    -2.710000588749));
#7672 = DIRECTION('',(-4.371140912996E-08,8.742273446216E-08,-1.));
#7673 = DIRECTION('',(-1.,1.192487681713E-08,4.371141017247E-08));
#7674 = ADVANCED_FACE('',(#7675),#7694,.T.);
#7675 = FACE_BOUND('',#7676,.T.);
#7676 = EDGE_LOOP('',(#7677,#7686,#7687,#7688));
#7677 = ORIENTED_EDGE('',*,*,#7678,.T.);
#7678 = EDGE_CURVE('',#7679,#3920,#7681,.T.);
#7679 = VERTEX_POINT('',#7680);
#7680 = CARTESIAN_POINT('',(21.850101380726,-1.319917856816,
    -1.009999689606));
#7681 = CIRCLE('',#7682,5.E-02);
#7682 = AXIS2_PLACEMENT_3D('',#7683,#7684,#7685);
#7683 = CARTESIAN_POINT('',(21.850101378541,-1.319917852445,
    -1.059999689606));
#7684 = DIRECTION('',(-1.,1.192487681713E-08,4.371141017247E-08));
#7685 = DIRECTION('',(-1.19248806385E-08,-1.,-8.742273394091E-08));
#7686 = ORIENTED_EDGE('',*,*,#4148,.F.);
#7687 = ORIENTED_EDGE('',*,*,#7578,.F.);
#7688 = ORIENTED_EDGE('',*,*,#7689,.F.);
#7689 = EDGE_CURVE('',#7679,#7579,#7690,.T.);
#7690 = LINE('',#7691,#7692);
#7691 = CARTESIAN_POINT('',(21.000101380726,-1.31991784668,
    -1.009999652452));
#7692 = VECTOR('',#7693,1.);
#7693 = DIRECTION('',(-1.,1.192487681713E-08,4.371141017247E-08));
#7694 = CYLINDRICAL_SURFACE('',#7695,5.E-02);
#7695 = AXIS2_PLACEMENT_3D('',#7696,#7697,#7698);
#7696 = CARTESIAN_POINT('',(21.900101378541,-1.319917853041,
    -1.059999691792));
#7697 = DIRECTION('',(1.,-1.192487681713E-08,-4.371141017247E-08));
#7698 = DIRECTION('',(-1.19248806385E-08,-1.,-8.742273394091E-08));
#7699 = ADVANCED_FACE('',(#7700),#7720,.T.);
#7700 = FACE_BOUND('',#7701,.T.);
#7701 = EDGE_LOOP('',(#7702,#7711,#7718,#7719));
#7702 = ORIENTED_EDGE('',*,*,#7703,.T.);
#7703 = EDGE_CURVE('',#4107,#7704,#7706,.T.);
#7704 = VERTEX_POINT('',#7705);
#7705 = CARTESIAN_POINT('',(20.550101371984,-1.319917823829,
    -1.209999632782));
#7706 = CIRCLE('',#7707,5.E-02);
#7707 = AXIS2_PLACEMENT_3D('',#7708,#7709,#7710);
#7708 = CARTESIAN_POINT('',(20.500101371984,-1.319917823233,
    -1.209999630596));
#7709 = DIRECTION('',(-4.371140912996E-08,8.742273446216E-08,-1.));
#7710 = DIRECTION('',(-1.,1.192487681713E-08,4.371141017247E-08));
#7711 = ORIENTED_EDGE('',*,*,#7712,.T.);
#7712 = EDGE_CURVE('',#7704,#7604,#7713,.T.);
#7713 = CIRCLE('',#7714,5.E-02);
#7714 = AXIS2_PLACEMENT_3D('',#7715,#7716,#7717);
#7715 = CARTESIAN_POINT('',(20.600101371984,-1.319917824425,
    -1.209999634967));
#7716 = DIRECTION('',(-1.19248806385E-08,-1.,-8.742273394091E-08));
#7717 = DIRECTION('',(-1.,1.192487681713E-08,4.371141017247E-08));
#7718 = ORIENTED_EDGE('',*,*,#7603,.F.);
#7719 = ORIENTED_EDGE('',*,*,#4114,.T.);
#7720 = TOROIDAL_SURFACE('',#7721,0.1,5.E-02);
#7721 = AXIS2_PLACEMENT_3D('',#7722,#7723,#7724);
#7722 = CARTESIAN_POINT('',(20.600101371984,-1.319917824425,
    -1.209999634967));
#7723 = DIRECTION('',(-1.19248806385E-08,-1.,-8.742273394091E-08));
#7724 = DIRECTION('',(-1.,1.192487681713E-08,4.371141017247E-08));
#7725 = ADVANCED_FACE('',(#7726),#7746,.T.);
#7726 = FACE_BOUND('',#7727,.T.);
#7727 = EDGE_LOOP('',(#7728,#7737,#7738,#7739));
#7728 = ORIENTED_EDGE('',*,*,#7729,.T.);
#7729 = EDGE_CURVE('',#7730,#4226,#7732,.T.);
#7730 = VERTEX_POINT('',#7731);
#7731 = CARTESIAN_POINT('',(20.55010124725,-11.77991782382,
    -1.210000547223));
#7732 = CIRCLE('',#7733,5.E-02);
#7733 = AXIS2_PLACEMENT_3D('',#7734,#7735,#7736);
#7734 = CARTESIAN_POINT('',(20.50010124725,-11.77991782323,
    -1.210000545038));
#7735 = DIRECTION('',(-4.371140912996E-08,8.742273446216E-08,-1.));
#7736 = DIRECTION('',(-1.,1.192487681713E-08,4.371141017247E-08));
#7737 = ORIENTED_EDGE('',*,*,#4225,.T.);
#7738 = ORIENTED_EDGE('',*,*,#7628,.F.);
#7739 = ORIENTED_EDGE('',*,*,#7740,.T.);
#7740 = EDGE_CURVE('',#7629,#7730,#7741,.T.);
#7741 = CIRCLE('',#7742,5.E-02);
#7742 = AXIS2_PLACEMENT_3D('',#7743,#7744,#7745);
#7743 = CARTESIAN_POINT('',(20.60010124725,-11.77991782442,
    -1.210000549409));
#7744 = DIRECTION('',(1.19248806385E-08,1.,8.742273394091E-08));
#7745 = DIRECTION('',(1.,-1.192487681713E-08,-4.371141017247E-08));
#7746 = TOROIDAL_SURFACE('',#7747,0.1,5.E-02);
#7747 = AXIS2_PLACEMENT_3D('',#7748,#7749,#7750);
#7748 = CARTESIAN_POINT('',(20.60010124725,-11.77991782442,
    -1.210000549409));
#7749 = DIRECTION('',(1.19248806385E-08,1.,8.742273394091E-08));
#7750 = DIRECTION('',(1.,-1.192487681713E-08,-4.371141017247E-08));
#7751 = ADVANCED_FACE('',(#7752),#7771,.T.);
#7752 = FACE_BOUND('',#7753,.T.);
#7753 = EDGE_LOOP('',(#7754,#7763,#7769,#7770));
#7754 = ORIENTED_EDGE('',*,*,#7755,.T.);
#7755 = EDGE_CURVE('',#3945,#7756,#7758,.T.);
#7756 = VERTEX_POINT('',#7757);
#7757 = CARTESIAN_POINT('',(21.850101255992,-11.77991785681,
    -1.010000604048));
#7758 = CIRCLE('',#7759,5.E-02);
#7759 = AXIS2_PLACEMENT_3D('',#7760,#7761,#7762);
#7760 = CARTESIAN_POINT('',(21.850101253807,-11.77991785244,
    -1.060000604048));
#7761 = DIRECTION('',(-1.,1.192487681713E-08,4.371141017247E-08));
#7762 = DIRECTION('',(-1.19248806385E-08,-1.,-8.742273217908E-08));
#7763 = ORIENTED_EDGE('',*,*,#7764,.F.);
#7764 = EDGE_CURVE('',#7654,#7756,#7765,.T.);
#7765 = LINE('',#7766,#7767);
#7766 = CARTESIAN_POINT('',(21.000101255992,-11.77991784668,
    -1.010000566893));
#7767 = VECTOR('',#7768,1.);
#7768 = DIRECTION('',(1.,-1.192487681713E-08,-4.371141017247E-08));
#7769 = ORIENTED_EDGE('',*,*,#7653,.F.);
#7770 = ORIENTED_EDGE('',*,*,#4192,.F.);
#7771 = CYLINDRICAL_SURFACE('',#7772,5.E-02);
#7772 = AXIS2_PLACEMENT_3D('',#7773,#7774,#7775);
#7773 = CARTESIAN_POINT('',(21.900101253807,-11.77991785304,
    -1.060000606234));
#7774 = DIRECTION('',(-1.,1.192487681713E-08,4.371141017247E-08));
#7775 = DIRECTION('',(1.19248806385E-08,1.,8.742273394091E-08));
#7776 = ADVANCED_FACE('',(#7777),#7788,.T.);
#7777 = FACE_BOUND('',#7778,.T.);
#7778 = EDGE_LOOP('',(#7779,#7786,#7787));
#7779 = ORIENTED_EDGE('',*,*,#7780,.T.);
#7780 = EDGE_CURVE('',#7679,#3903,#7781,.T.);
#7781 = CIRCLE('',#7782,5.E-02);
#7782 = AXIS2_PLACEMENT_3D('',#7783,#7784,#7785);
#7783 = CARTESIAN_POINT('',(21.850101378541,-1.319917852445,
    -1.059999689606));
#7784 = DIRECTION('',(1.19248806385E-08,1.,8.742273394091E-08));
#7785 = DIRECTION('',(1.,-1.192487681713E-08,-4.371141017247E-08));
#7786 = ORIENTED_EDGE('',*,*,#3927,.T.);
#7787 = ORIENTED_EDGE('',*,*,#7678,.F.);
#7788 = SPHERICAL_SURFACE('',#7789,5.E-02);
#7789 = AXIS2_PLACEMENT_3D('',#7790,#7791,#7792);
#7790 = CARTESIAN_POINT('',(21.850101378541,-1.319917852445,
    -1.059999689606));
#7791 = DIRECTION('',(1.,-1.192487681713E-08,-4.371141017247E-08));
#7792 = DIRECTION('',(1.19248806385E-08,1.,8.742273394091E-08));
#7793 = ADVANCED_FACE('',(#7794),#7813,.T.);
#7794 = FACE_BOUND('',#7795,.T.);
#7795 = EDGE_LOOP('',(#7796,#7805,#7811,#7812));
#7796 = ORIENTED_EDGE('',*,*,#7797,.T.);
#7797 = EDGE_CURVE('',#4099,#7798,#7800,.T.);
#7798 = VERTEX_POINT('',#7799);
#7799 = CARTESIAN_POINT('',(20.550101380726,-1.319917841314,
    -1.009999632782));
#7800 = ( BOUNDED_CURVE() B_SPLINE_CURVE(3,(#7801,#7802,#7803,#7804),
.UNSPECIFIED.,.F.,.F.) B_SPLINE_CURVE_WITH_KNOTS((4,4),(4.712388980385,
6.28318530718),.PIECEWISE_BEZIER_KNOTS.) CURVE() 
GEOMETRIC_REPRESENTATION_ITEM() RATIONAL_B_SPLINE_CURVE((1.,
0.804737854124,0.804737854124,1.)) REPRESENTATION_ITEM('') );
#7801 = CARTESIAN_POINT('',(20.500101379137,-1.269917836346,
    -1.059999626225));
#7802 = CARTESIAN_POINT('',(20.529390702299,-1.269917839256,
    -1.030710305624));
#7803 = CARTESIAN_POINT('',(20.550101381076,-1.290628519432,
    -1.009999630221));
#7804 = CARTESIAN_POINT('',(20.550101380726,-1.319917841314,
    -1.009999632782));
#7805 = ORIENTED_EDGE('',*,*,#7806,.F.);
#7806 = EDGE_CURVE('',#7704,#7798,#7807,.T.);
#7807 = LINE('',#7808,#7809);
#7808 = CARTESIAN_POINT('',(20.550101380726,-1.319917841314,
    -1.009999632782));
#7809 = VECTOR('',#7810,1.);
#7810 = DIRECTION('',(4.371140912996E-08,-8.742273446216E-08,1.));
#7811 = ORIENTED_EDGE('',*,*,#7703,.F.);
#7812 = ORIENTED_EDGE('',*,*,#4106,.F.);
#7813 = CYLINDRICAL_SURFACE('',#7814,5.E-02);
#7814 = AXIS2_PLACEMENT_3D('',#7815,#7816,#7817);
#7815 = CARTESIAN_POINT('',(20.500101306417,-1.319917692099,
    -2.709999630596));
#7816 = DIRECTION('',(-4.371140912996E-08,8.742273446216E-08,-1.));
#7817 = DIRECTION('',(-1.,1.192487681713E-08,4.371141017247E-08));
#7818 = ADVANCED_FACE('',(#7819),#7835,.F.);
#7819 = FACE_BOUND('',#7820,.F.);
#7820 = EDGE_LOOP('',(#7821,#7827,#7828,#7834));
#7821 = ORIENTED_EDGE('',*,*,#7822,.T.);
#7822 = EDGE_CURVE('',#7604,#7629,#7823,.T.);
#7823 = LINE('',#7824,#7825);
#7824 = CARTESIAN_POINT('',(20.600101244468,-11.82991782005,
    -1.26000055378));
#7825 = VECTOR('',#7826,1.);
#7826 = DIRECTION('',(-1.19248806385E-08,-1.,-8.742273394091E-08));
#7827 = ORIENTED_EDGE('',*,*,#7740,.T.);
#7828 = ORIENTED_EDGE('',*,*,#7829,.T.);
#7829 = EDGE_CURVE('',#7730,#7704,#7830,.T.);
#7830 = LINE('',#7831,#7832);
#7831 = CARTESIAN_POINT('',(20.55010137258,-1.269917823829,
    -1.20999962841));
#7832 = VECTOR('',#7833,1.);
#7833 = DIRECTION('',(1.19248806385E-08,1.,8.742273394091E-08));
#7834 = ORIENTED_EDGE('',*,*,#7712,.T.);
#7835 = CYLINDRICAL_SURFACE('',#7836,5.E-02);
#7836 = AXIS2_PLACEMENT_3D('',#7837,#7838,#7839);
#7837 = CARTESIAN_POINT('',(20.600101246654,-11.82991782442,
    -1.21000055378));
#7838 = DIRECTION('',(-1.19248806385E-08,-1.,-8.742273394091E-08));
#7839 = DIRECTION('',(-1.,1.192487681713E-08,4.371141017247E-08));
#7840 = ADVANCED_FACE('',(#7841),#7860,.T.);
#7841 = FACE_BOUND('',#7842,.T.);
#7842 = EDGE_LOOP('',(#7843,#7852,#7853,#7854));
#7843 = ORIENTED_EDGE('',*,*,#7844,.T.);
#7844 = EDGE_CURVE('',#7845,#4235,#7847,.T.);
#7845 = VERTEX_POINT('',#7846);
#7846 = CARTESIAN_POINT('',(20.550101255992,-11.77991784131,
    -1.010000547223));
#7847 = ( BOUNDED_CURVE() B_SPLINE_CURVE(3,(#7848,#7849,#7850,#7851),
.UNSPECIFIED.,.F.,.F.) B_SPLINE_CURVE_WITH_KNOTS((4,4),(0.,
1.570796326795),.PIECEWISE_BEZIER_KNOTS.) CURVE() 
GEOMETRIC_REPRESENTATION_ITEM() RATIONAL_B_SPLINE_CURVE((1.,
0.804737854124,0.804737854124,1.)) REPRESENTATION_ITEM('') );
#7848 = CARTESIAN_POINT('',(20.550101255992,-11.77991784131,
    -1.010000547223));
#7849 = CARTESIAN_POINT('',(20.550101255643,-11.80920716319,
    -1.010000549784));
#7850 = CARTESIAN_POINT('',(20.529390576372,-11.82991783925,
    -1.030711228808));
#7851 = CARTESIAN_POINT('',(20.50010125321,-11.82991783634,
    -1.060000549409));
#7852 = ORIENTED_EDGE('',*,*,#4234,.F.);
#7853 = ORIENTED_EDGE('',*,*,#7729,.F.);
#7854 = ORIENTED_EDGE('',*,*,#7855,.F.);
#7855 = EDGE_CURVE('',#7845,#7730,#7856,.T.);
#7856 = LINE('',#7857,#7858);
#7857 = CARTESIAN_POINT('',(20.550101255992,-11.77991784131,
    -1.010000547223));
#7858 = VECTOR('',#7859,1.);
#7859 = DIRECTION('',(-4.371140912996E-08,8.742273446216E-08,-1.));
#7860 = CYLINDRICAL_SURFACE('',#7861,5.E-02);
#7861 = AXIS2_PLACEMENT_3D('',#7862,#7863,#7864);
#7862 = CARTESIAN_POINT('',(20.500101181683,-11.77991769209,
    -2.710000545038));
#7863 = DIRECTION('',(4.371140912996E-08,-8.742273446216E-08,1.));
#7864 = DIRECTION('',(1.,-1.192487681713E-08,-4.371141017247E-08));
#7865 = ADVANCED_FACE('',(#7866),#7877,.T.);
#7866 = FACE_BOUND('',#7867,.T.);
#7867 = EDGE_LOOP('',(#7868,#7869,#7876));
#7868 = ORIENTED_EDGE('',*,*,#3969,.T.);
#7869 = ORIENTED_EDGE('',*,*,#7870,.T.);
#7870 = EDGE_CURVE('',#3962,#7756,#7871,.T.);
#7871 = CIRCLE('',#7872,5.E-02);
#7872 = AXIS2_PLACEMENT_3D('',#7873,#7874,#7875);
#7873 = CARTESIAN_POINT('',(21.850101253807,-11.77991785244,
    -1.060000604048));
#7874 = DIRECTION('',(-1.19248806385E-08,-1.,-8.742273394091E-08));
#7875 = DIRECTION('',(-1.,1.192487681713E-08,4.371141017247E-08));
#7876 = ORIENTED_EDGE('',*,*,#7755,.F.);
#7877 = SPHERICAL_SURFACE('',#7878,5.E-02);
#7878 = AXIS2_PLACEMENT_3D('',#7879,#7880,#7881);
#7879 = CARTESIAN_POINT('',(21.850101253807,-11.77991785244,
    -1.060000604048));
#7880 = DIRECTION('',(1.,-1.192487681713E-08,-4.371141017247E-08));
#7881 = DIRECTION('',(1.19248806385E-08,1.,8.742273394091E-08));
#7882 = ADVANCED_FACE('',(#7883),#7894,.T.);
#7883 = FACE_BOUND('',#7884,.T.);
#7884 = EDGE_LOOP('',(#7885,#7886,#7887,#7888));
#7885 = ORIENTED_EDGE('',*,*,#7870,.F.);
#7886 = ORIENTED_EDGE('',*,*,#4076,.F.);
#7887 = ORIENTED_EDGE('',*,*,#7780,.F.);
#7888 = ORIENTED_EDGE('',*,*,#7889,.F.);
#7889 = EDGE_CURVE('',#7756,#7679,#7890,.T.);
#7890 = LINE('',#7891,#7892);
#7891 = CARTESIAN_POINT('',(21.850101318359,-6.549917856816,
    -1.010000146827));
#7892 = VECTOR('',#7893,1.);
#7893 = DIRECTION('',(1.19248806385E-08,1.,8.742273394091E-08));
#7894 = CYLINDRICAL_SURFACE('',#7895,5.E-02);
#7895 = AXIS2_PLACEMENT_3D('',#7896,#7897,#7898);
#7896 = CARTESIAN_POINT('',(21.85010125321,-11.82991785244,
    -1.060000608419));
#7897 = DIRECTION('',(-1.19248806385E-08,-1.,-8.742273394091E-08));
#7898 = DIRECTION('',(-1.,1.192487681713E-08,4.371141017247E-08));
#7899 = ADVANCED_FACE('',(#7900),#7919,.T.);
#7900 = FACE_BOUND('',#7901,.T.);
#7901 = EDGE_LOOP('',(#7902,#7911,#7917,#7918));
#7902 = ORIENTED_EDGE('',*,*,#7903,.T.);
#7903 = EDGE_CURVE('',#3987,#7904,#7906,.T.);
#7904 = VERTEX_POINT('',#7905);
#7905 = CARTESIAN_POINT('',(20.150101380726,-1.319917836544,
    -1.009999615297));
#7906 = CIRCLE('',#7907,5.E-02);
#7907 = AXIS2_PLACEMENT_3D('',#7908,#7909,#7910);
#7908 = CARTESIAN_POINT('',(20.150101378541,-1.319917832172,
    -1.059999615297));
#7909 = DIRECTION('',(1.,-1.192488115394E-08,-4.371141017247E-08));
#7910 = DIRECTION('',(1.192488497531E-08,1.,8.742273570274E-08));
#7911 = ORIENTED_EDGE('',*,*,#7912,.F.);
#7912 = EDGE_CURVE('',#7798,#7904,#7913,.T.);
#7913 = LINE('',#7914,#7915);
#7914 = CARTESIAN_POINT('',(21.000101380726,-1.31991784668,
    -1.009999652452));
#7915 = VECTOR('',#7916,1.);
#7916 = DIRECTION('',(-1.,1.192487681713E-08,4.371141017247E-08));
#7917 = ORIENTED_EDGE('',*,*,#7797,.F.);
#7918 = ORIENTED_EDGE('',*,*,#4098,.F.);
#7919 = CYLINDRICAL_SURFACE('',#7920,5.E-02);
#7920 = AXIS2_PLACEMENT_3D('',#7921,#7922,#7923);
#7921 = CARTESIAN_POINT('',(21.900101378541,-1.319917853041,
    -1.059999691792));
#7922 = DIRECTION('',(1.,-1.192487681713E-08,-4.371141017247E-08));
#7923 = DIRECTION('',(-1.19248806385E-08,-1.,-8.742273394091E-08));
#7924 = ADVANCED_FACE('',(#7925),#7944,.T.);
#7925 = FACE_BOUND('',#7926,.T.);
#7926 = EDGE_LOOP('',(#7927,#7936,#7937,#7938));
#7927 = ORIENTED_EDGE('',*,*,#7928,.T.);
#7928 = EDGE_CURVE('',#7929,#4046,#7931,.T.);
#7929 = VERTEX_POINT('',#7930);
#7930 = CARTESIAN_POINT('',(20.150101255992,-11.77991783654,
    -1.010000529739));
#7931 = CIRCLE('',#7932,5.E-02);
#7932 = AXIS2_PLACEMENT_3D('',#7933,#7934,#7935);
#7933 = CARTESIAN_POINT('',(20.150101253807,-11.77991783217,
    -1.060000529739));
#7934 = DIRECTION('',(1.,-1.192487681713E-08,-4.371141017247E-08));
#7935 = DIRECTION('',(1.19248806385E-08,1.,8.742273394091E-08));
#7936 = ORIENTED_EDGE('',*,*,#4242,.F.);
#7937 = ORIENTED_EDGE('',*,*,#7844,.F.);
#7938 = ORIENTED_EDGE('',*,*,#7939,.F.);
#7939 = EDGE_CURVE('',#7929,#7845,#7940,.T.);
#7940 = LINE('',#7941,#7942);
#7941 = CARTESIAN_POINT('',(21.000101255992,-11.77991784668,
    -1.010000566893));
#7942 = VECTOR('',#7943,1.);
#7943 = DIRECTION('',(1.,-1.192487681713E-08,-4.371141017247E-08));
#7944 = CYLINDRICAL_SURFACE('',#7945,5.E-02);
#7945 = AXIS2_PLACEMENT_3D('',#7946,#7947,#7948);
#7946 = CARTESIAN_POINT('',(21.900101253807,-11.77991785304,
    -1.060000606234));
#7947 = DIRECTION('',(-1.,1.192487681713E-08,4.371141017247E-08));
#7948 = DIRECTION('',(1.19248806385E-08,1.,8.742273394091E-08));
#7949 = ADVANCED_FACE('',(#7950),#7961,.T.);
#7950 = FACE_BOUND('',#7951,.T.);
#7951 = EDGE_LOOP('',(#7952,#7953,#7960));
#7952 = ORIENTED_EDGE('',*,*,#4011,.T.);
#7953 = ORIENTED_EDGE('',*,*,#7954,.T.);
#7954 = EDGE_CURVE('',#4004,#7904,#7955,.T.);
#7955 = CIRCLE('',#7956,5.E-02);
#7956 = AXIS2_PLACEMENT_3D('',#7957,#7958,#7959);
#7957 = CARTESIAN_POINT('',(20.150101378541,-1.319917832172,
    -1.059999615297));
#7958 = DIRECTION('',(1.19248806385E-08,1.,8.742273394091E-08));
#7959 = DIRECTION('',(1.,-1.192487681713E-08,-4.371141017247E-08));
#7960 = ORIENTED_EDGE('',*,*,#7903,.F.);
#7961 = SPHERICAL_SURFACE('',#7962,5.E-02);
#7962 = AXIS2_PLACEMENT_3D('',#7963,#7964,#7965);
#7963 = CARTESIAN_POINT('',(20.150101378541,-1.319917832172,
    -1.059999615297));
#7964 = DIRECTION('',(1.,-1.192487681713E-08,-4.371141017247E-08));
#7965 = DIRECTION('',(1.19248806385E-08,1.,8.742273394091E-08));
#7966 = ADVANCED_FACE('',(#7967),#7978,.T.);
#7967 = FACE_BOUND('',#7968,.T.);
#7968 = EDGE_LOOP('',(#7969,#7976,#7977));
#7969 = ORIENTED_EDGE('',*,*,#7970,.T.);
#7970 = EDGE_CURVE('',#7929,#4029,#7971,.T.);
#7971 = CIRCLE('',#7972,5.E-02);
#7972 = AXIS2_PLACEMENT_3D('',#7973,#7974,#7975);
#7973 = CARTESIAN_POINT('',(20.150101253807,-11.77991783217,
    -1.060000529739));
#7974 = DIRECTION('',(-1.19248806385E-08,-1.,-8.742273394091E-08));
#7975 = DIRECTION('',(-1.,1.192487681713E-08,4.371141017247E-08));
#7976 = ORIENTED_EDGE('',*,*,#4053,.T.);
#7977 = ORIENTED_EDGE('',*,*,#7928,.F.);
#7978 = SPHERICAL_SURFACE('',#7979,5.E-02);
#7979 = AXIS2_PLACEMENT_3D('',#7980,#7981,#7982);
#7980 = CARTESIAN_POINT('',(20.150101253807,-11.77991783217,
    -1.060000529739));
#7981 = DIRECTION('',(1.,-1.192487681713E-08,-4.371141017247E-08));
#7982 = DIRECTION('',(1.19248806385E-08,1.,8.742273394091E-08));
#7983 = ADVANCED_FACE('',(#7984),#7995,.T.);
#7984 = FACE_BOUND('',#7985,.T.);
#7985 = EDGE_LOOP('',(#7986,#7987,#7988,#7989));
#7986 = ORIENTED_EDGE('',*,*,#7954,.F.);
#7987 = ORIENTED_EDGE('',*,*,#4170,.F.);
#7988 = ORIENTED_EDGE('',*,*,#7970,.F.);
#7989 = ORIENTED_EDGE('',*,*,#7990,.F.);
#7990 = EDGE_CURVE('',#7904,#7929,#7991,.T.);
#7991 = LINE('',#7992,#7993);
#7992 = CARTESIAN_POINT('',(20.150101318359,-6.549917836544,
    -1.010000072518));
#7993 = VECTOR('',#7994,1.);
#7994 = DIRECTION('',(-1.192488062824E-08,-1.,-8.742273394091E-08));
#7995 = CYLINDRICAL_SURFACE('',#7996,5.E-02);
#7996 = AXIS2_PLACEMENT_3D('',#7997,#7998,#7999);
#7997 = CARTESIAN_POINT('',(20.15010125321,-11.82991783217,
    -1.06000053411));
#7998 = DIRECTION('',(1.19248806385E-08,1.,8.742273394091E-08));
#7999 = DIRECTION('',(1.,-1.192487681713E-08,-4.371141017247E-08));
#8000 = ADVANCED_FACE('',(#8001),#8012,.F.);
#8001 = FACE_BOUND('',#8002,.T.);
#8002 = EDGE_LOOP('',(#8003,#8004,#8005,#8011));
#8003 = ORIENTED_EDGE('',*,*,#7507,.T.);
#8004 = ORIENTED_EDGE('',*,*,#7662,.T.);
#8005 = ORIENTED_EDGE('',*,*,#8006,.T.);
#8006 = EDGE_CURVE('',#7654,#7579,#8007,.T.);
#8007 = LINE('',#8008,#8009);
#8008 = CARTESIAN_POINT('',(21.450101255396,-11.82991785204,
    -1.010000590935));
#8009 = VECTOR('',#8010,1.);
#8010 = DIRECTION('',(1.19248806385E-08,1.,8.742273394091E-08));
#8011 = ORIENTED_EDGE('',*,*,#7589,.T.);
#8012 = PLANE('',#8013);
#8013 = AXIS2_PLACEMENT_3D('',#8014,#8015,#8016);
#8014 = CARTESIAN_POINT('',(21.450101255396,-11.82991785204,
    -1.010000590935));
#8015 = DIRECTION('',(1.,-1.192487681713E-08,-4.371141017247E-08));
#8016 = DIRECTION('',(4.371140912996E-08,-8.742273446216E-08,1.));
#8017 = ADVANCED_FACE('',(#8018),#8029,.F.);
#8018 = FACE_BOUND('',#8019,.T.);
#8019 = EDGE_LOOP('',(#8020,#8026,#8027,#8028));
#8020 = ORIENTED_EDGE('',*,*,#8021,.F.);
#8021 = EDGE_CURVE('',#7845,#7798,#8022,.T.);
#8022 = LINE('',#8023,#8024);
#8023 = CARTESIAN_POINT('',(20.550101255396,-11.82991784131,
    -1.010000551594));
#8024 = VECTOR('',#8025,1.);
#8025 = DIRECTION('',(1.19248806385E-08,1.,8.742273394091E-08));
#8026 = ORIENTED_EDGE('',*,*,#7855,.T.);
#8027 = ORIENTED_EDGE('',*,*,#7829,.T.);
#8028 = ORIENTED_EDGE('',*,*,#7806,.T.);
#8029 = PLANE('',#8030);
#8030 = AXIS2_PLACEMENT_3D('',#8031,#8032,#8033);
#8031 = CARTESIAN_POINT('',(20.550101255396,-11.82991784131,
    -1.010000551594));
#8032 = DIRECTION('',(-1.,1.192487681713E-08,4.371141017247E-08));
#8033 = DIRECTION('',(1.19248806385E-08,1.,8.742273394091E-08));
#8034 = ADVANCED_FACE('',(#8035,#8041,#8047,#8053,#8059,#8065,#8071,
    #8077,#8083),#8089,.F.);
#8035 = FACE_BOUND('',#8036,.T.);
#8036 = EDGE_LOOP('',(#8037,#8038,#8039,#8040));
#8037 = ORIENTED_EDGE('',*,*,#7421,.F.);
#8038 = ORIENTED_EDGE('',*,*,#7397,.T.);
#8039 = ORIENTED_EDGE('',*,*,#7462,.T.);
#8040 = ORIENTED_EDGE('',*,*,#7445,.F.);
#8041 = FACE_BOUND('',#8042,.T.);
#8042 = EDGE_LOOP('',(#8043,#8044,#8045,#8046));
#8043 = ORIENTED_EDGE('',*,*,#7313,.F.);
#8044 = ORIENTED_EDGE('',*,*,#7289,.T.);
#8045 = ORIENTED_EDGE('',*,*,#7354,.T.);
#8046 = ORIENTED_EDGE('',*,*,#7337,.F.);
#8047 = FACE_BOUND('',#8048,.T.);
#8048 = EDGE_LOOP('',(#8049,#8050,#8051,#8052));
#8049 = ORIENTED_EDGE('',*,*,#7205,.F.);
#8050 = ORIENTED_EDGE('',*,*,#7181,.T.);
#8051 = ORIENTED_EDGE('',*,*,#7246,.T.);
#8052 = ORIENTED_EDGE('',*,*,#7229,.F.);
#8053 = FACE_BOUND('',#8054,.T.);
#8054 = EDGE_LOOP('',(#8055,#8056,#8057,#8058));
#8055 = ORIENTED_EDGE('',*,*,#7097,.F.);
#8056 = ORIENTED_EDGE('',*,*,#7073,.T.);
#8057 = ORIENTED_EDGE('',*,*,#7138,.T.);
#8058 = ORIENTED_EDGE('',*,*,#7121,.F.);
#8059 = FACE_BOUND('',#8060,.T.);
#8060 = EDGE_LOOP('',(#8061,#8062,#8063,#8064));
#8061 = ORIENTED_EDGE('',*,*,#6989,.F.);
#8062 = ORIENTED_EDGE('',*,*,#6965,.T.);
#8063 = ORIENTED_EDGE('',*,*,#7030,.T.);
#8064 = ORIENTED_EDGE('',*,*,#7013,.F.);
#8065 = FACE_BOUND('',#8066,.T.);
#8066 = EDGE_LOOP('',(#8067,#8068,#8069,#8070));
#8067 = ORIENTED_EDGE('',*,*,#6881,.F.);
#8068 = ORIENTED_EDGE('',*,*,#6857,.T.);
#8069 = ORIENTED_EDGE('',*,*,#6922,.T.);
#8070 = ORIENTED_EDGE('',*,*,#6905,.F.);
#8071 = FACE_BOUND('',#8072,.T.);
#8072 = EDGE_LOOP('',(#8073,#8074,#8075,#8076));
#8073 = ORIENTED_EDGE('',*,*,#6773,.F.);
#8074 = ORIENTED_EDGE('',*,*,#6749,.T.);
#8075 = ORIENTED_EDGE('',*,*,#6814,.T.);
#8076 = ORIENTED_EDGE('',*,*,#6797,.F.);
#8077 = FACE_BOUND('',#8078,.T.);
#8078 = EDGE_LOOP('',(#8079,#8080,#8081,#8082));
#8079 = ORIENTED_EDGE('',*,*,#6665,.F.);
#8080 = ORIENTED_EDGE('',*,*,#6641,.T.);
#8081 = ORIENTED_EDGE('',*,*,#6706,.T.);
#8082 = ORIENTED_EDGE('',*,*,#6689,.F.);
#8083 = FACE_BOUND('',#8084,.T.);
#8084 = EDGE_LOOP('',(#8085,#8086,#8087,#8088));
#8085 = ORIENTED_EDGE('',*,*,#7822,.T.);
#8086 = ORIENTED_EDGE('',*,*,#7639,.T.);
#8087 = ORIENTED_EDGE('',*,*,#7488,.T.);
#8088 = ORIENTED_EDGE('',*,*,#7612,.T.);
#8089 = PLANE('',#8090);
#8090 = AXIS2_PLACEMENT_3D('',#8091,#8092,#8093);
#8091 = CARTESIAN_POINT('',(20.550101244468,-11.82991781945,
    -1.260000551594));
#8092 = DIRECTION('',(-4.371140912996E-08,8.742273446216E-08,-1.));
#8093 = DIRECTION('',(1.19248806385E-08,1.,8.742273394091E-08));
#8094 = ADVANCED_FACE('',(#8095),#8101,.F.);
#8095 = FACE_BOUND('',#8096,.T.);
#8096 = EDGE_LOOP('',(#8097,#8098,#8099,#8100));
#8097 = ORIENTED_EDGE('',*,*,#8006,.F.);
#8098 = ORIENTED_EDGE('',*,*,#7764,.T.);
#8099 = ORIENTED_EDGE('',*,*,#7889,.T.);
#8100 = ORIENTED_EDGE('',*,*,#7689,.T.);
#8101 = PLANE('',#8102);
#8102 = AXIS2_PLACEMENT_3D('',#8103,#8104,#8105);
#8103 = CARTESIAN_POINT('',(21.000101318359,-6.54991784668,
    -1.010000109673));
#8104 = DIRECTION('',(-4.371140912996E-08,8.742273446216E-08,-1.));
#8105 = DIRECTION('',(1.19248806385E-08,1.,8.742273394091E-08));
#8106 = ADVANCED_FACE('',(#8107),#8113,.F.);
#8107 = FACE_BOUND('',#8108,.T.);
#8108 = EDGE_LOOP('',(#8109,#8110,#8111,#8112));
#8109 = ORIENTED_EDGE('',*,*,#7990,.T.);
#8110 = ORIENTED_EDGE('',*,*,#7939,.T.);
#8111 = ORIENTED_EDGE('',*,*,#8021,.T.);
#8112 = ORIENTED_EDGE('',*,*,#7912,.T.);
#8113 = PLANE('',#8114);
#8114 = AXIS2_PLACEMENT_3D('',#8115,#8116,#8117);
#8115 = CARTESIAN_POINT('',(21.000101318359,-6.54991784668,
    -1.010000109673));
#8116 = DIRECTION('',(-4.371140912996E-08,8.742273446216E-08,-1.));
#8117 = DIRECTION('',(1.19248806385E-08,1.,8.742273394091E-08));
#8118 = ADVANCED_FACE('',(#8119,#8153,#8187,#8221,#8255,#8289,#8323,
    #8357,#8391),#8425,.T.);
#8119 = FACE_BOUND('',#8120,.T.);
#8120 = EDGE_LOOP('',(#8121,#8131,#8139,#8147));
#8121 = ORIENTED_EDGE('',*,*,#8122,.T.);
#8122 = EDGE_CURVE('',#8123,#8125,#8127,.T.);
#8123 = VERTEX_POINT('',#8124);
#8124 = CARTESIAN_POINT('',(21.850101337015,-1.319917769393,
    -2.009999689606));
#8125 = VERTEX_POINT('',#8126);
#8126 = CARTESIAN_POINT('',(21.850101212281,-11.77991776939,
    -2.010000604048));
#8127 = LINE('',#8128,#8129);
#8128 = CARTESIAN_POINT('',(21.850101212281,-11.77991776939,
    -2.010000604048));
#8129 = VECTOR('',#8130,1.);
#8130 = DIRECTION('',(-1.19248806385E-08,-1.,-8.742273394091E-08));
#8131 = ORIENTED_EDGE('',*,*,#8132,.T.);
#8132 = EDGE_CURVE('',#8125,#8133,#8135,.T.);
#8133 = VERTEX_POINT('',#8134);
#8134 = CARTESIAN_POINT('',(20.150101212281,-11.77991774912,
    -2.010000529739));
#8135 = LINE('',#8136,#8137);
#8136 = CARTESIAN_POINT('',(20.150101212281,-11.77991774912,
    -2.010000529739));
#8137 = VECTOR('',#8138,1.);
#8138 = DIRECTION('',(-1.,1.192487681713E-08,4.371141017247E-08));
#8139 = ORIENTED_EDGE('',*,*,#8140,.T.);
#8140 = EDGE_CURVE('',#8133,#8141,#8143,.T.);
#8141 = VERTEX_POINT('',#8142);
#8142 = CARTESIAN_POINT('',(20.150101337015,-1.319917749121,
    -2.009999615297));
#8143 = LINE('',#8144,#8145);
#8144 = CARTESIAN_POINT('',(20.150101337015,-1.319917749121,
    -2.009999615297));
#8145 = VECTOR('',#8146,1.);
#8146 = DIRECTION('',(1.192488062824E-08,1.,8.742273394091E-08));
#8147 = ORIENTED_EDGE('',*,*,#8148,.T.);
#8148 = EDGE_CURVE('',#8141,#8123,#8149,.T.);
#8149 = LINE('',#8150,#8151);
#8150 = CARTESIAN_POINT('',(21.850101337015,-1.319917769393,
    -2.009999689606));
#8151 = VECTOR('',#8152,1.);
#8152 = DIRECTION('',(1.,-1.192487681713E-08,-4.371141017247E-08));
#8153 = FACE_BOUND('',#8154,.T.);
#8154 = EDGE_LOOP('',(#8155,#8165,#8173,#8181));
#8155 = ORIENTED_EDGE('',*,*,#8156,.F.);
#8156 = EDGE_CURVE('',#8157,#8159,#8161,.T.);
#8157 = VERTEX_POINT('',#8158);
#8158 = CARTESIAN_POINT('',(21.150101223431,-10.84491776104,
    -2.01000049171));
#8159 = VERTEX_POINT('',#8160);
#8160 = CARTESIAN_POINT('',(21.150101219853,-11.14491776104,
    -2.010000517937));
#8161 = LINE('',#8162,#8163);
#8162 = CARTESIAN_POINT('',(21.150101219853,-11.14491776104,
    -2.010000517937));
#8163 = VECTOR('',#8164,1.);
#8164 = DIRECTION('',(-1.19248806385E-08,-1.,-8.742273394091E-08));
#8165 = ORIENTED_EDGE('',*,*,#8166,.F.);
#8166 = EDGE_CURVE('',#8167,#8157,#8169,.T.);
#8167 = VERTEX_POINT('',#8168);
#8168 = CARTESIAN_POINT('',(20.850101223431,-10.84491775746,
    -2.010000478596));
#8169 = LINE('',#8170,#8171);
#8170 = CARTESIAN_POINT('',(21.150101223431,-10.84491776104,
    -2.01000049171));
#8171 = VECTOR('',#8172,1.);
#8172 = DIRECTION('',(1.,-1.192487681713E-08,-4.371141017247E-08));
#8173 = ORIENTED_EDGE('',*,*,#8174,.F.);
#8174 = EDGE_CURVE('',#8175,#8167,#8177,.T.);
#8175 = VERTEX_POINT('',#8176);
#8176 = CARTESIAN_POINT('',(20.850101219853,-11.14491775746,
    -2.010000504823));
#8177 = LINE('',#8178,#8179);
#8178 = CARTESIAN_POINT('',(20.850101219853,-11.14491775746,
    -2.010000504823));
#8179 = VECTOR('',#8180,1.);
#8180 = DIRECTION('',(1.19248806385E-08,1.,8.742273394091E-08));
#8181 = ORIENTED_EDGE('',*,*,#8182,.F.);
#8182 = EDGE_CURVE('',#8159,#8175,#8183,.T.);
#8183 = LINE('',#8184,#8185);
#8184 = CARTESIAN_POINT('',(21.150101219853,-11.14491776104,
    -2.010000517937));
#8185 = VECTOR('',#8186,1.);
#8186 = DIRECTION('',(-1.,1.192487681713E-08,4.371141017247E-08));
#8187 = FACE_BOUND('',#8188,.T.);
#8188 = EDGE_LOOP('',(#8189,#8199,#8207,#8215));
#8189 = ORIENTED_EDGE('',*,*,#8190,.F.);
#8190 = EDGE_CURVE('',#8191,#8193,#8195,.T.);
#8191 = VERTEX_POINT('',#8192);
#8192 = CARTESIAN_POINT('',(21.150101238575,-9.574917761046,
    -2.010000380683));
#8193 = VERTEX_POINT('',#8194);
#8194 = CARTESIAN_POINT('',(21.150101234998,-9.874917761046,
    -2.01000040691));
#8195 = LINE('',#8196,#8197);
#8196 = CARTESIAN_POINT('',(21.150101234998,-9.874917761046,
    -2.01000040691));
#8197 = VECTOR('',#8198,1.);
#8198 = DIRECTION('',(-1.19248806385E-08,-1.,-8.742273394091E-08));
#8199 = ORIENTED_EDGE('',*,*,#8200,.F.);
#8200 = EDGE_CURVE('',#8201,#8191,#8203,.T.);
#8201 = VERTEX_POINT('',#8202);
#8202 = CARTESIAN_POINT('',(20.850101238575,-9.574917757468,
    -2.01000036757));
#8203 = LINE('',#8204,#8205);
#8204 = CARTESIAN_POINT('',(21.150101238575,-9.574917761046,
    -2.010000380683));
#8205 = VECTOR('',#8206,1.);
#8206 = DIRECTION('',(1.,-1.192487681713E-08,-4.371141017247E-08));
#8207 = ORIENTED_EDGE('',*,*,#8208,.F.);
#8208 = EDGE_CURVE('',#8209,#8201,#8211,.T.);
#8209 = VERTEX_POINT('',#8210);
#8210 = CARTESIAN_POINT('',(20.850101234998,-9.874917757468,
    -2.010000393796));
#8211 = LINE('',#8212,#8213);
#8212 = CARTESIAN_POINT('',(20.850101234998,-9.874917757468,
    -2.010000393796));
#8213 = VECTOR('',#8214,1.);
#8214 = DIRECTION('',(1.19248806385E-08,1.,8.742273394091E-08));
#8215 = ORIENTED_EDGE('',*,*,#8216,.F.);
#8216 = EDGE_CURVE('',#8193,#8209,#8217,.T.);
#8217 = LINE('',#8218,#8219);
#8218 = CARTESIAN_POINT('',(21.150101234998,-9.874917761046,
    -2.01000040691));
#8219 = VECTOR('',#8220,1.);
#8220 = DIRECTION('',(-1.,1.192487681713E-08,4.371141017247E-08));
#8221 = FACE_BOUND('',#8222,.T.);
#8222 = EDGE_LOOP('',(#8223,#8233,#8241,#8249));
#8223 = ORIENTED_EDGE('',*,*,#8224,.F.);
#8224 = EDGE_CURVE('',#8225,#8227,#8229,.T.);
#8225 = VERTEX_POINT('',#8226);
#8226 = CARTESIAN_POINT('',(21.15010125372,-8.304917761046,
    -2.010000269656));
#8227 = VERTEX_POINT('',#8228);
#8228 = CARTESIAN_POINT('',(21.150101250142,-8.604917761046,
    -2.010000295883));
#8229 = LINE('',#8230,#8231);
#8230 = CARTESIAN_POINT('',(21.150101250142,-8.604917761046,
    -2.010000295883));
#8231 = VECTOR('',#8232,1.);
#8232 = DIRECTION('',(-1.19248806385E-08,-1.,-8.742273394091E-08));
#8233 = ORIENTED_EDGE('',*,*,#8234,.F.);
#8234 = EDGE_CURVE('',#8235,#8225,#8237,.T.);
#8235 = VERTEX_POINT('',#8236);
#8236 = CARTESIAN_POINT('',(20.85010125372,-8.304917757468,
    -2.010000256543));
#8237 = LINE('',#8238,#8239);
#8238 = CARTESIAN_POINT('',(21.15010125372,-8.304917761046,
    -2.010000269656));
#8239 = VECTOR('',#8240,1.);
#8240 = DIRECTION('',(1.,-1.192487681713E-08,-4.371141017247E-08));
#8241 = ORIENTED_EDGE('',*,*,#8242,.F.);
#8242 = EDGE_CURVE('',#8243,#8235,#8245,.T.);
#8243 = VERTEX_POINT('',#8244);
#8244 = CARTESIAN_POINT('',(20.850101250142,-8.604917757468,
    -2.01000028277));
#8245 = LINE('',#8246,#8247);
#8246 = CARTESIAN_POINT('',(20.850101250142,-8.604917757468,
    -2.01000028277));
#8247 = VECTOR('',#8248,1.);
#8248 = DIRECTION('',(1.19248806385E-08,1.,8.742273394091E-08));
#8249 = ORIENTED_EDGE('',*,*,#8250,.F.);
#8250 = EDGE_CURVE('',#8227,#8243,#8251,.T.);
#8251 = LINE('',#8252,#8253);
#8252 = CARTESIAN_POINT('',(21.150101250142,-8.604917761046,
    -2.010000295883));
#8253 = VECTOR('',#8254,1.);
#8254 = DIRECTION('',(-1.,1.192487681713E-08,4.371141017247E-08));
#8255 = FACE_BOUND('',#8256,.T.);
#8256 = EDGE_LOOP('',(#8257,#8267,#8275,#8283));
#8257 = ORIENTED_EDGE('',*,*,#8258,.F.);
#8258 = EDGE_CURVE('',#8259,#8261,#8263,.T.);
#8259 = VERTEX_POINT('',#8260);
#8260 = CARTESIAN_POINT('',(21.150101268864,-7.034917761046,
    -2.010000158629));
#8261 = VERTEX_POINT('',#8262);
#8262 = CARTESIAN_POINT('',(21.150101265287,-7.334917761046,
    -2.010000184856));
#8263 = LINE('',#8264,#8265);
#8264 = CARTESIAN_POINT('',(21.150101265287,-7.334917761046,
    -2.010000184856));
#8265 = VECTOR('',#8266,1.);
#8266 = DIRECTION('',(-1.19248806385E-08,-1.,-8.742273394091E-08));
#8267 = ORIENTED_EDGE('',*,*,#8268,.F.);
#8268 = EDGE_CURVE('',#8269,#8259,#8271,.T.);
#8269 = VERTEX_POINT('',#8270);
#8270 = CARTESIAN_POINT('',(20.850101268864,-7.034917757468,
    -2.010000145516));
#8271 = LINE('',#8272,#8273);
#8272 = CARTESIAN_POINT('',(21.150101268864,-7.034917761046,
    -2.010000158629));
#8273 = VECTOR('',#8274,1.);
#8274 = DIRECTION('',(1.,-1.192487681713E-08,-4.371141017247E-08));
#8275 = ORIENTED_EDGE('',*,*,#8276,.F.);
#8276 = EDGE_CURVE('',#8277,#8269,#8279,.T.);
#8277 = VERTEX_POINT('',#8278);
#8278 = CARTESIAN_POINT('',(20.850101265287,-7.334917757468,
    -2.010000171743));
#8279 = LINE('',#8280,#8281);
#8280 = CARTESIAN_POINT('',(20.850101265287,-7.334917757468,
    -2.010000171743));
#8281 = VECTOR('',#8282,1.);
#8282 = DIRECTION('',(1.19248806385E-08,1.,8.742273394091E-08));
#8283 = ORIENTED_EDGE('',*,*,#8284,.F.);
#8284 = EDGE_CURVE('',#8261,#8277,#8285,.T.);
#8285 = LINE('',#8286,#8287);
#8286 = CARTESIAN_POINT('',(21.150101265287,-7.334917761046,
    -2.010000184856));
#8287 = VECTOR('',#8288,1.);
#8288 = DIRECTION('',(-1.,1.192487681713E-08,4.371141017247E-08));
#8289 = FACE_BOUND('',#8290,.T.);
#8290 = EDGE_LOOP('',(#8291,#8301,#8309,#8317));
#8291 = ORIENTED_EDGE('',*,*,#8292,.F.);
#8292 = EDGE_CURVE('',#8293,#8295,#8297,.T.);
#8293 = VERTEX_POINT('',#8294);
#8294 = CARTESIAN_POINT('',(21.150101284009,-5.764917761046,
    -2.010000047602));
#8295 = VERTEX_POINT('',#8296);
#8296 = CARTESIAN_POINT('',(21.150101280431,-6.064917761046,
    -2.010000073829));
#8297 = LINE('',#8298,#8299);
#8298 = CARTESIAN_POINT('',(21.150101280431,-6.064917761046,
    -2.010000073829));
#8299 = VECTOR('',#8300,1.);
#8300 = DIRECTION('',(-1.19248806385E-08,-1.,-8.742273394091E-08));
#8301 = ORIENTED_EDGE('',*,*,#8302,.F.);
#8302 = EDGE_CURVE('',#8303,#8293,#8305,.T.);
#8303 = VERTEX_POINT('',#8304);
#8304 = CARTESIAN_POINT('',(20.850101284009,-5.764917757468,
    -2.010000034489));
#8305 = LINE('',#8306,#8307);
#8306 = CARTESIAN_POINT('',(21.150101284009,-5.764917761046,
    -2.010000047602));
#8307 = VECTOR('',#8308,1.);
#8308 = DIRECTION('',(1.,-1.192487681713E-08,-4.371141017247E-08));
#8309 = ORIENTED_EDGE('',*,*,#8310,.F.);
#8310 = EDGE_CURVE('',#8311,#8303,#8313,.T.);
#8311 = VERTEX_POINT('',#8312);
#8312 = CARTESIAN_POINT('',(20.850101280432,-6.064917757468,
    -2.010000060716));
#8313 = LINE('',#8314,#8315);
#8314 = CARTESIAN_POINT('',(20.850101280432,-6.064917757468,
    -2.010000060716));
#8315 = VECTOR('',#8316,1.);
#8316 = DIRECTION('',(1.19248806385E-08,1.,8.742273394091E-08));
#8317 = ORIENTED_EDGE('',*,*,#8318,.F.);
#8318 = EDGE_CURVE('',#8295,#8311,#8319,.T.);
#8319 = LINE('',#8320,#8321);
#8320 = CARTESIAN_POINT('',(21.150101280431,-6.064917761046,
    -2.010000073829));
#8321 = VECTOR('',#8322,1.);
#8322 = DIRECTION('',(-1.,1.192487681713E-08,4.371141017247E-08));
#8323 = FACE_BOUND('',#8324,.T.);
#8324 = EDGE_LOOP('',(#8325,#8335,#8343,#8351));
#8325 = ORIENTED_EDGE('',*,*,#8326,.F.);
#8326 = EDGE_CURVE('',#8327,#8329,#8331,.T.);
#8327 = VERTEX_POINT('',#8328);
#8328 = CARTESIAN_POINT('',(21.150101299154,-4.494917761046,
    -2.009999936576));
#8329 = VERTEX_POINT('',#8330);
#8330 = CARTESIAN_POINT('',(21.150101295576,-4.794917761046,
    -2.009999962802));
#8331 = LINE('',#8332,#8333);
#8332 = CARTESIAN_POINT('',(21.150101295576,-4.794917761046,
    -2.009999962802));
#8333 = VECTOR('',#8334,1.);
#8334 = DIRECTION('',(-1.19248806385E-08,-1.,-8.742273394091E-08));
#8335 = ORIENTED_EDGE('',*,*,#8336,.F.);
#8336 = EDGE_CURVE('',#8337,#8327,#8339,.T.);
#8337 = VERTEX_POINT('',#8338);
#8338 = CARTESIAN_POINT('',(20.850101299154,-4.494917757468,
    -2.009999923462));
#8339 = LINE('',#8340,#8341);
#8340 = CARTESIAN_POINT('',(21.150101299154,-4.494917761046,
    -2.009999936576));
#8341 = VECTOR('',#8342,1.);
#8342 = DIRECTION('',(1.,-1.192487681713E-08,-4.371141017247E-08));
#8343 = ORIENTED_EDGE('',*,*,#8344,.F.);
#8344 = EDGE_CURVE('',#8345,#8337,#8347,.T.);
#8345 = VERTEX_POINT('',#8346);
#8346 = CARTESIAN_POINT('',(20.850101295576,-4.794917757468,
    -2.009999949689));
#8347 = LINE('',#8348,#8349);
#8348 = CARTESIAN_POINT('',(20.850101295576,-4.794917757468,
    -2.009999949689));
#8349 = VECTOR('',#8350,1.);
#8350 = DIRECTION('',(1.19248806385E-08,1.,8.742273394091E-08));
#8351 = ORIENTED_EDGE('',*,*,#8352,.F.);
#8352 = EDGE_CURVE('',#8329,#8345,#8353,.T.);
#8353 = LINE('',#8354,#8355);
#8354 = CARTESIAN_POINT('',(21.150101295576,-4.794917761046,
    -2.009999962802));
#8355 = VECTOR('',#8356,1.);
#8356 = DIRECTION('',(-1.,1.192487681713E-08,4.371141017247E-08));
#8357 = FACE_BOUND('',#8358,.T.);
#8358 = EDGE_LOOP('',(#8359,#8369,#8377,#8385));
#8359 = ORIENTED_EDGE('',*,*,#8360,.F.);
#8360 = EDGE_CURVE('',#8361,#8363,#8365,.T.);
#8361 = VERTEX_POINT('',#8362);
#8362 = CARTESIAN_POINT('',(21.150101314298,-3.224917761046,
    -2.009999825549));
#8363 = VERTEX_POINT('',#8364);
#8364 = CARTESIAN_POINT('',(21.150101310721,-3.524917761046,
    -2.009999851775));
#8365 = LINE('',#8366,#8367);
#8366 = CARTESIAN_POINT('',(21.150101310721,-3.524917761046,
    -2.009999851775));
#8367 = VECTOR('',#8368,1.);
#8368 = DIRECTION('',(-1.19248806385E-08,-1.,-8.742273394091E-08));
#8369 = ORIENTED_EDGE('',*,*,#8370,.F.);
#8370 = EDGE_CURVE('',#8371,#8361,#8373,.T.);
#8371 = VERTEX_POINT('',#8372);
#8372 = CARTESIAN_POINT('',(20.850101314298,-3.224917757468,
    -2.009999812435));
#8373 = LINE('',#8374,#8375);
#8374 = CARTESIAN_POINT('',(21.150101314298,-3.224917761046,
    -2.009999825549));
#8375 = VECTOR('',#8376,1.);
#8376 = DIRECTION('',(1.,-1.192487681713E-08,-4.371141017247E-08));
#8377 = ORIENTED_EDGE('',*,*,#8378,.F.);
#8378 = EDGE_CURVE('',#8379,#8371,#8381,.T.);
#8379 = VERTEX_POINT('',#8380);
#8380 = CARTESIAN_POINT('',(20.850101310721,-3.524917757468,
    -2.009999838662));
#8381 = LINE('',#8382,#8383);
#8382 = CARTESIAN_POINT('',(20.850101310721,-3.524917757468,
    -2.009999838662));
#8383 = VECTOR('',#8384,1.);
#8384 = DIRECTION('',(1.19248806385E-08,1.,8.742273394091E-08));
#8385 = ORIENTED_EDGE('',*,*,#8386,.F.);
#8386 = EDGE_CURVE('',#8363,#8379,#8387,.T.);
#8387 = LINE('',#8388,#8389);
#8388 = CARTESIAN_POINT('',(21.150101310721,-3.524917761046,
    -2.009999851775));
#8389 = VECTOR('',#8390,1.);
#8390 = DIRECTION('',(-1.,1.192487681713E-08,4.371141017247E-08));
#8391 = FACE_BOUND('',#8392,.T.);
#8392 = EDGE_LOOP('',(#8393,#8403,#8411,#8419));
#8393 = ORIENTED_EDGE('',*,*,#8394,.F.);
#8394 = EDGE_CURVE('',#8395,#8397,#8399,.T.);
#8395 = VERTEX_POINT('',#8396);
#8396 = CARTESIAN_POINT('',(21.150101329443,-1.954917761046,
    -2.009999714522));
#8397 = VERTEX_POINT('',#8398);
#8398 = CARTESIAN_POINT('',(21.150101325865,-2.254917761046,
    -2.009999740749));
#8399 = LINE('',#8400,#8401);
#8400 = CARTESIAN_POINT('',(21.150101325865,-2.254917761046,
    -2.009999740749));
#8401 = VECTOR('',#8402,1.);
#8402 = DIRECTION('',(-1.19248806385E-08,-1.,-8.742273394091E-08));
#8403 = ORIENTED_EDGE('',*,*,#8404,.F.);
#8404 = EDGE_CURVE('',#8405,#8395,#8407,.T.);
#8405 = VERTEX_POINT('',#8406);
#8406 = CARTESIAN_POINT('',(20.850101329443,-1.954917757468,
    -2.009999701408));
#8407 = LINE('',#8408,#8409);
#8408 = CARTESIAN_POINT('',(21.150101329443,-1.954917761046,
    -2.009999714522));
#8409 = VECTOR('',#8410,1.);
#8410 = DIRECTION('',(1.,-1.192487681713E-08,-4.371141017247E-08));
#8411 = ORIENTED_EDGE('',*,*,#8412,.F.);
#8412 = EDGE_CURVE('',#8413,#8405,#8415,.T.);
#8413 = VERTEX_POINT('',#8414);
#8414 = CARTESIAN_POINT('',(20.850101325865,-2.254917757468,
    -2.009999727635));
#8415 = LINE('',#8416,#8417);
#8416 = CARTESIAN_POINT('',(20.850101325865,-2.254917757468,
    -2.009999727635));
#8417 = VECTOR('',#8418,1.);
#8418 = DIRECTION('',(1.19248806385E-08,1.,8.742273394091E-08));
#8419 = ORIENTED_EDGE('',*,*,#8420,.F.);
#8420 = EDGE_CURVE('',#8397,#8413,#8421,.T.);
#8421 = LINE('',#8422,#8423);
#8422 = CARTESIAN_POINT('',(21.150101325865,-2.254917761046,
    -2.009999740749));
#8423 = VECTOR('',#8424,1.);
#8424 = DIRECTION('',(-1.,1.192487681713E-08,4.371141017247E-08));
#8425 = PLANE('',#8426);
#8426 = AXIS2_PLACEMENT_3D('',#8427,#8428,#8429);
#8427 = CARTESIAN_POINT('',(21.000101274648,-6.549917759257,
    -2.010000109673));
#8428 = DIRECTION('',(-4.371140912996E-08,8.742273446216E-08,-1.));
#8429 = DIRECTION('',(-1.,1.192487681713E-08,4.371141017247E-08));
#8430 = ADVANCED_FACE('',(#8431),#8469,.T.);
#8431 = FACE_BOUND('',#8432,.T.);
#8432 = EDGE_LOOP('',(#8433,#8444,#8453,#8462));
#8433 = ORIENTED_EDGE('',*,*,#8434,.T.);
#8434 = EDGE_CURVE('',#8435,#8437,#8439,.T.);
#8435 = VERTEX_POINT('',#8436);
#8436 = CARTESIAN_POINT('',(20.970101116629,-7.154917457291,
    -5.460000161252));
#8437 = VERTEX_POINT('',#8438);
#8438 = CARTESIAN_POINT('',(21.030101116629,-7.154917458006,
    -5.460000163875));
#8439 = B_SPLINE_CURVE_WITH_KNOTS('',3,(#8440,#8441,#8442,#8443),
  .UNSPECIFIED.,.F.,.F.,(4,4),(0.,1.),.PIECEWISE_BEZIER_KNOTS.);
#8440 = CARTESIAN_POINT('',(20.970101116629,-7.154917457291,
    -5.460000161252));
#8441 = CARTESIAN_POINT('',(20.990101116629,-7.154917457529,
    -5.460000162126));
#8442 = CARTESIAN_POINT('',(21.010101116629,-7.154917457768,-5.460000163
    ));
#8443 = CARTESIAN_POINT('',(21.030101116629,-7.154917458006,
    -5.460000163875));
#8444 = ORIENTED_EDGE('',*,*,#8445,.T.);
#8445 = EDGE_CURVE('',#8437,#8446,#8448,.T.);
#8446 = VERTEX_POINT('',#8447);
#8447 = CARTESIAN_POINT('',(21.030101115914,-7.214917458006,
    -5.46000016912));
#8448 = B_SPLINE_CURVE_WITH_KNOTS('',3,(#8449,#8450,#8451,#8452),
  .UNSPECIFIED.,.F.,.F.,(4,4),(0.,1.),.PIECEWISE_BEZIER_KNOTS.);
#8449 = CARTESIAN_POINT('',(21.030101116629,-7.154917458006,
    -5.460000163875));
#8450 = CARTESIAN_POINT('',(21.030101116391,-7.174917458006,
    -5.460000165623));
#8451 = CARTESIAN_POINT('',(21.030101116152,-7.194917458006,
    -5.460000167372));
#8452 = CARTESIAN_POINT('',(21.030101115914,-7.214917458006,
    -5.46000016912));
#8453 = ORIENTED_EDGE('',*,*,#8454,.T.);
#8454 = EDGE_CURVE('',#8446,#8455,#8457,.T.);
#8455 = VERTEX_POINT('',#8456);
#8456 = CARTESIAN_POINT('',(20.970101115914,-7.214917457291,
    -5.460000166497));
#8457 = B_SPLINE_CURVE_WITH_KNOTS('',3,(#8458,#8459,#8460,#8461),
  .UNSPECIFIED.,.F.,.F.,(4,4),(0.,1.),.PIECEWISE_BEZIER_KNOTS.);
#8458 = CARTESIAN_POINT('',(21.030101115914,-7.214917458006,
    -5.46000016912));
#8459 = CARTESIAN_POINT('',(21.010101115914,-7.214917457768,
    -5.460000168246));
#8460 = CARTESIAN_POINT('',(20.990101115914,-7.214917457529,
    -5.460000167372));
#8461 = CARTESIAN_POINT('',(20.970101115914,-7.214917457291,
    -5.460000166497));
#8462 = ORIENTED_EDGE('',*,*,#8463,.T.);
#8463 = EDGE_CURVE('',#8455,#8435,#8464,.T.);
#8464 = B_SPLINE_CURVE_WITH_KNOTS('',3,(#8465,#8466,#8467,#8468),
  .UNSPECIFIED.,.F.,.F.,(4,4),(0.,1.),.PIECEWISE_BEZIER_KNOTS.);
#8465 = CARTESIAN_POINT('',(20.970101115914,-7.214917457291,
    -5.460000166497));
#8466 = CARTESIAN_POINT('',(20.970101116152,-7.194917457291,
    -5.460000164749));
#8467 = CARTESIAN_POINT('',(20.970101116391,-7.174917457291,-5.460000163
    ));
#8468 = CARTESIAN_POINT('',(20.970101116629,-7.154917457291,
    -5.460000161252));
#8469 = PLANE('',#8470);
#8470 = AXIS2_PLACEMENT_3D('',#8471,#8472,#8473);
#8471 = CARTESIAN_POINT('',(21.000101123844,-6.549917457649,
    -5.460000109673));
#8472 = DIRECTION('',(-4.371140912996E-08,8.742273446216E-08,-1.));
#8473 = DIRECTION('',(1.19248806385E-08,1.,8.742273394091E-08));
#8474 = ADVANCED_FACE('',(#8475),#8543,.T.);
#8475 = FACE_BOUND('',#8476,.T.);
#8476 = EDGE_LOOP('',(#8477,#8506,#8507,#8536));
#8477 = ORIENTED_EDGE('',*,*,#8478,.F.);
#8478 = EDGE_CURVE('',#8435,#8479,#8481,.T.);
#8479 = VERTEX_POINT('',#8480);
#8480 = CARTESIAN_POINT('',(20.850101123305,-7.034917466351,
    -5.340000145516));
#8481 = B_SPLINE_CURVE_WITH_KNOTS('',3,(#8482,#8483,#8484,#8485,#8486,
    #8487,#8488,#8489,#8490,#8491,#8492,#8493,#8494,#8495,#8496,#8497,
    #8498,#8499,#8500,#8501,#8502,#8503,#8504,#8505),.UNSPECIFIED.,.F.,
  .F.,(4,2,2,1,2,2,2,2,2,1,2,2,4),(0.,0.125,0.1875,0.21875,0.234375,0.25
    ,0.5,0.625,0.6875,0.71875,0.734375,0.75,1.),.UNSPECIFIED.);
#8482 = CARTESIAN_POINT('',(20.970101116629,-7.154917457291,
    -5.460000161252));
#8483 = CARTESIAN_POINT('',(20.96880466663,-7.153621007392,
    -5.460000161081));
#8484 = CARTESIAN_POINT('',(20.965449475021,-7.150664411917,
    -5.458504180152));
#8485 = CARTESIAN_POINT('',(20.957328575274,-7.142580341019,
    -5.452540044601));
#8486 = CARTESIAN_POINT('',(20.954106923302,-7.139288171573,
    -5.449938540858));
#8487 = CARTESIAN_POINT('',(20.948502417259,-7.133520565377,
    -5.445118558911));
#8488 = CARTESIAN_POINT('',(20.945507157216,-7.130432633831,
    -5.44248220762));
#8489 = CARTESIAN_POINT('',(20.942222386639,-7.127080977943,
    -5.439536993435));
#8490 = CARTESIAN_POINT('',(20.939968203913,-7.124794659372,
    -5.43751044535));
#8491 = CARTESIAN_POINT('',(20.937982892246,-7.122799289781,
    -5.435721281842));
#8492 = CARTESIAN_POINT('',(20.931771524547,-7.116586960344,
    -5.430124950454));
#8493 = CARTESIAN_POINT('',(20.920557393344,-7.105373640352,
    -5.419780580303));
#8494 = CARTESIAN_POINT('',(20.900112964284,-7.084929353039,
    -5.39942390615));
#8495 = CARTESIAN_POINT('',(20.894225162628,-7.078935797614,
    -5.393260240696));
#8496 = CARTESIAN_POINT('',(20.886783972162,-7.071505024958,
    -5.385461467274));
#8497 = CARTESIAN_POINT('',(20.884535327344,-7.069277840148,
    -5.383092696732));
#8498 = CARTESIAN_POINT('',(20.881509988122,-7.06628843944,
    -5.379881257727));
#8499 = CARTESIAN_POINT('',(20.880084225513,-7.064881144991,
    -5.378360456392));
#8500 = CARTESIAN_POINT('',(20.878788823407,-7.063597768915,
    -5.376962677131));
#8501 = CARTESIAN_POINT('',(20.877954191003,-7.062768811909,
    -5.376057520771));
#8502 = CARTESIAN_POINT('',(20.87829059081,-7.063106790719,
    -5.376429578203));
#8503 = CARTESIAN_POINT('',(20.859121752744,-7.043940370785,
    -5.355392473676));
#8504 = CARTESIAN_POINT('',(20.850101123184,-7.034917466169,
    -5.342786900062));
#8505 = CARTESIAN_POINT('',(20.850101123305,-7.034917466351,
    -5.340000145516));
#8506 = ORIENTED_EDGE('',*,*,#8463,.F.);
#8507 = ORIENTED_EDGE('',*,*,#8508,.F.);
#8508 = EDGE_CURVE('',#8509,#8455,#8511,.T.);
#8509 = VERTEX_POINT('',#8510);
#8510 = CARTESIAN_POINT('',(20.850101119728,-7.334917466351,
    -5.340000171743));
#8511 = B_SPLINE_CURVE_WITH_KNOTS('',3,(#8512,#8513,#8514,#8515,#8516,
    #8517,#8518,#8519,#8520,#8521,#8522,#8523,#8524,#8525,#8526,#8527,
    #8528,#8529,#8530,#8531,#8532,#8533,#8534,#8535),.UNSPECIFIED.,.F.,
  .F.,(4,2,2,1,2,2,2,2,2,1,2,2,4),(0.,0.125,0.1875,0.21875,0.234375,0.25
    ,0.5,0.625,0.6875,0.71875,0.734375,0.75,1.),.UNSPECIFIED.);
#8512 = CARTESIAN_POINT('',(20.850101119728,-7.334917466351,
    -5.340000171743));
#8513 = CARTESIAN_POINT('',(20.850101119667,-7.334917466228,
    -5.341393315299));
#8514 = CARTESIAN_POINT('',(20.852356277097,-7.333160416868,
    -5.344718494749));
#8515 = CARTESIAN_POINT('',(20.859121749451,-7.32643351348,
    -5.353653116546));
#8516 = CARTESIAN_POINT('',(20.861940696271,-7.32352413813,
    -5.357269427472));
#8517 = CARTESIAN_POINT('',(20.86701480056,-7.318248221148,
    -5.363491139225));
#8518 = CARTESIAN_POINT('',(20.869763273719,-7.315386295051,
    -5.366797323596));
#8519 = CARTESIAN_POINT('',(20.872828878403,-7.312240102542,
    -5.370333539198));
#8520 = CARTESIAN_POINT('',(20.874943088531,-7.310087363988,
    -5.372733282526));
#8521 = CARTESIAN_POINT('',(20.876775095741,-7.308243523235,
    -5.374766308007));
#8522 = CARTESIAN_POINT('',(20.883369623996,-7.301648368229,
    -5.382005162227));
#8523 = CARTESIAN_POINT('',(20.892325121526,-7.29269352867,
    -5.391669342931));
#8524 = CARTESIAN_POINT('',(20.91422909686,-7.270789446169,
    -5.413479549272));
#8525 = CARTESIAN_POINT('',(20.920437238119,-7.264445022726,
    -5.419574420775));
#8526 = CARTESIAN_POINT('',(20.928109674231,-7.256789336274,
    -5.426784856307));
#8527 = CARTESIAN_POINT('',(20.930393856973,-7.254533195734,
    -5.428879989165));
#8528 = CARTESIAN_POINT('',(20.933410187138,-7.251561985366,
    -5.431612769704));
#8529 = CARTESIAN_POINT('',(20.934815866234,-7.250179134517,
    -5.432877051536));
#8530 = CARTESIAN_POINT('',(20.936067816349,-7.24894179827,
    -5.433999848134));
#8531 = CARTESIAN_POINT('',(20.936868287764,-7.248148205177,
    -5.434718250691));
#8532 = CARTESIAN_POINT('',(20.93642614096,-7.248592202761,
    -5.434319064463));
#8533 = CARTESIAN_POINT('',(20.956679519781,-7.228342766839,
    -5.452560614247));
#8534 = CARTESIAN_POINT('',(20.967507386391,-7.217511187022,
    -5.460000166609));
#8535 = CARTESIAN_POINT('',(20.970101115914,-7.214917457291,
    -5.460000166497));
#8536 = ORIENTED_EDGE('',*,*,#8537,.F.);
#8537 = EDGE_CURVE('',#8479,#8509,#8538,.T.);
#8538 = B_SPLINE_CURVE_WITH_KNOTS('',3,(#8539,#8540,#8541,#8542),
  .UNSPECIFIED.,.F.,.F.,(4,4),(0.,1.),.PIECEWISE_BEZIER_KNOTS.);
#8539 = CARTESIAN_POINT('',(20.850101123305,-7.034917466351,
    -5.340000145516));
#8540 = CARTESIAN_POINT('',(20.850101122113,-7.134917466351,
    -5.340000154258));
#8541 = CARTESIAN_POINT('',(20.85010112092,-7.234917466351,-5.340000163)
  );
#8542 = CARTESIAN_POINT('',(20.850101119728,-7.334917466351,
    -5.340000171743));
#8543 = ( BOUNDED_SURFACE() B_SPLINE_SURFACE(2,3,(
    (#8544,#8545,#8546,#8547,#8548,#8549,#8550,#8551)
    ,(#8552,#8553,#8554,#8555,#8556,#8557,#8558,#8559)
    ,(#8560,#8561,#8562,#8563,#8564,#8565,#8566,#8567
)),.UNSPECIFIED.,.F.,.F.,.F.) B_SPLINE_SURFACE_WITH_KNOTS((3,3),(4,2,2,4
    ),(0.,1.),(-8.E-04,-6.65E-04,-6.05E-04,-4.7E-04),.UNSPECIFIED.) 
GEOMETRIC_REPRESENTATION_ITEM() RATIONAL_B_SPLINE_SURFACE((
    (1.,1.,1.,1.,1.,1.,1.,1.)
    ,(8.485281374239E-02,8.485281374239E-02,8.485281374239E-02
      ,8.485281374239E-02,8.485281374239E-02,8.485281374239E-02
      ,8.485281374239E-02,8.485281374239E-02)
,(1.,1.,1.,1.,1.,1.,1.,1.))) REPRESENTATION_ITEM('') SURFACE() );
#8544 = CARTESIAN_POINT('',(20.970101114304,-7.349917457291,
    -5.460000178299));
#8545 = CARTESIAN_POINT('',(20.97010111484,-7.304917457291,
    -5.460000174365));
#8546 = CARTESIAN_POINT('',(20.970101115377,-7.259917457291,
    -5.460000170431));
#8547 = CARTESIAN_POINT('',(20.970101116152,-7.194917457291,
    -5.460000164749));
#8548 = CARTESIAN_POINT('',(20.970101116391,-7.174917457291,-5.460000163
    ));
#8549 = CARTESIAN_POINT('',(20.970101117166,-7.109917457291,
    -5.460000157318));
#8550 = CARTESIAN_POINT('',(20.970101117702,-7.064917457291,
    -5.460000153384));
#8551 = CARTESIAN_POINT('',(20.970101118239,-7.019917457291,
    -5.46000014945));
#8552 = CARTESIAN_POINT('',(20.850101114304,-7.34991745586,
    -5.460000173054));
#8553 = CARTESIAN_POINT('',(20.85010111484,-7.30491745586,-5.46000016912
    ));
#8554 = CARTESIAN_POINT('',(20.850101115377,-7.25991745586,
    -5.460000165186));
#8555 = CARTESIAN_POINT('',(20.850101116152,-7.19491745586,
    -5.460000159503));
#8556 = CARTESIAN_POINT('',(20.850101116391,-7.17491745586,
    -5.460000157755));
#8557 = CARTESIAN_POINT('',(20.850101117166,-7.10991745586,
    -5.460000152073));
#8558 = CARTESIAN_POINT('',(20.850101117702,-7.06491745586,
    -5.460000148139));
#8559 = CARTESIAN_POINT('',(20.850101118239,-7.01991745586,
    -5.460000144205));
#8560 = CARTESIAN_POINT('',(20.850101119549,-7.349917466351,
    -5.340000173054));
#8561 = CARTESIAN_POINT('',(20.850101120086,-7.304917466351,
    -5.34000016912));
#8562 = CARTESIAN_POINT('',(20.850101120622,-7.259917466351,
    -5.340000165186));
#8563 = CARTESIAN_POINT('',(20.850101121397,-7.194917466351,
    -5.340000159503));
#8564 = CARTESIAN_POINT('',(20.850101121636,-7.174917466351,
    -5.340000157755));
#8565 = CARTESIAN_POINT('',(20.850101122411,-7.109917466351,
    -5.340000152073));
#8566 = CARTESIAN_POINT('',(20.850101122948,-7.064917466351,
    -5.340000148139));
#8567 = CARTESIAN_POINT('',(20.850101123484,-7.019917466351,
    -5.340000144204));
#8568 = ADVANCED_FACE('',(#8569),#8609,.T.);
#8569 = FACE_BOUND('',#8570,.T.);
#8570 = EDGE_LOOP('',(#8571,#8572,#8581,#8608));
#8571 = ORIENTED_EDGE('',*,*,#8478,.T.);
#8572 = ORIENTED_EDGE('',*,*,#8573,.F.);
#8573 = EDGE_CURVE('',#8574,#8479,#8576,.T.);
#8574 = VERTEX_POINT('',#8575);
#8575 = CARTESIAN_POINT('',(21.150101123305,-7.034917469928,
    -5.340000158629));
#8576 = B_SPLINE_CURVE_WITH_KNOTS('',3,(#8577,#8578,#8579,#8580),
  .UNSPECIFIED.,.F.,.F.,(4,4),(0.,1.),.PIECEWISE_BEZIER_KNOTS.);
#8577 = CARTESIAN_POINT('',(21.150101123305,-7.034917469928,
    -5.340000158629));
#8578 = CARTESIAN_POINT('',(21.050101123305,-7.034917468735,
    -5.340000154258));
#8579 = CARTESIAN_POINT('',(20.950101123305,-7.034917467543,
    -5.340000149887));
#8580 = CARTESIAN_POINT('',(20.850101123305,-7.034917466351,
    -5.340000145516));
#8581 = ORIENTED_EDGE('',*,*,#8582,.F.);
#8582 = EDGE_CURVE('',#8437,#8574,#8583,.T.);
#8583 = B_SPLINE_CURVE_WITH_KNOTS('',3,(#8584,#8585,#8586,#8587,#8588,
    #8589,#8590,#8591,#8592,#8593,#8594,#8595,#8596,#8597,#8598,#8599,
    #8600,#8601,#8602,#8603,#8604,#8605,#8606,#8607),.UNSPECIFIED.,.F.,
  .F.,(4,2,2,1,2,2,2,2,2,1,2,2,4),(0.,0.125,0.1875,0.21875,0.234375,0.25
    ,0.5,0.625,0.6875,0.71875,0.734375,0.75,1.),.UNSPECIFIED.);
#8584 = CARTESIAN_POINT('',(21.030101116629,-7.154917458006,
    -5.460000163875));
#8585 = CARTESIAN_POINT('',(21.031397566527,-7.153621008007,
    -5.460000163817));
#8586 = CARTESIAN_POINT('',(21.034354162198,-7.150265816465,
    -5.45850418313));
#8587 = CARTESIAN_POINT('',(21.042438233877,-7.142144916978,
    -5.452540048285));
#8588 = CARTESIAN_POINT('',(21.045730403664,-7.13892326512,
    -5.449938544833));
#8589 = CARTESIAN_POINT('',(21.051498010492,-7.133318759287,
    -5.445118563398));
#8590 = CARTESIAN_POINT('',(21.054585942385,-7.130323499359,
    -5.44248221238));
#8591 = CARTESIAN_POINT('',(21.057937598659,-7.127038728911,
    -5.439536998491));
#8592 = CARTESIAN_POINT('',(21.060223917497,-7.124784546273,
    -5.437510450606));
#8593 = CARTESIAN_POINT('',(21.062219287322,-7.122799234684,
    -5.435721287273));
#8594 = CARTESIAN_POINT('',(21.068431617494,-7.11658786723,
    -5.430124956427));
#8595 = CARTESIAN_POINT('',(21.079644938846,-7.105373736476,
    -5.419780587252));
#8596 = CARTESIAN_POINT('',(21.100089228822,-7.084929308311,
    -5.399423914894));
#8597 = CARTESIAN_POINT('',(21.106082785054,-7.079041506925,
    -5.393260249969));
#8598 = CARTESIAN_POINT('',(21.113513558733,-7.0716003168,
    -5.385461477196));
#8599 = CARTESIAN_POINT('',(21.115740743854,-7.069351672085,
    -5.383092706848));
#8600 = CARTESIAN_POINT('',(21.118730144985,-7.066326333003,
    -5.379881268101));
#8601 = CARTESIAN_POINT('',(21.120137439633,-7.06490057046,
    -5.378360466888));
#8602 = CARTESIAN_POINT('',(21.121420815893,-7.063605168414,
    -5.376962687738));
#8603 = CARTESIAN_POINT('',(21.122249773018,-7.06277053605,
    -5.37605753145));
#8604 = CARTESIAN_POINT('',(21.12191179416,-7.06310693584,
    -5.376429588852));
#8605 = CARTESIAN_POINT('',(21.141078216853,-7.043938098693,-5.355392486
    ));
#8606 = CARTESIAN_POINT('',(21.150101123122,-7.034917469684,
    -5.342786913175));
#8607 = CARTESIAN_POINT('',(21.150101123305,-7.034917469928,
    -5.340000158629));
#8608 = ORIENTED_EDGE('',*,*,#8434,.F.);
#8609 = ( BOUNDED_SURFACE() B_SPLINE_SURFACE(2,3,(
    (#8610,#8611,#8612,#8613,#8614,#8615,#8616,#8617)
    ,(#8618,#8619,#8620,#8621,#8622,#8623,#8624,#8625)
    ,(#8626,#8627,#8628,#8629,#8630,#8631,#8632,#8633
)),.UNSPECIFIED.,.F.,.F.,.F.) B_SPLINE_SURFACE_WITH_KNOTS((3,3),(4,2,2,4
    ),(0.,1.),(-1.65E-04,-3.E-05,3.E-05,1.65E-04),.UNSPECIFIED.) 
GEOMETRIC_REPRESENTATION_ITEM() RATIONAL_B_SPLINE_SURFACE((
    (1.,1.,1.,1.,1.,1.,1.,1.)
    ,(8.485281374239E-02,8.485281374239E-02,8.485281374239E-02
      ,8.485281374239E-02,8.485281374239E-02,8.485281374239E-02
      ,8.485281374239E-02,8.485281374239E-02)
,(1.,1.,1.,1.,1.,1.,1.,1.))) REPRESENTATION_ITEM('') SURFACE() );
#8610 = CARTESIAN_POINT('',(20.835101116629,-7.154917455681,
    -5.460000155351));
#8611 = CARTESIAN_POINT('',(20.880101116629,-7.154917456218,
    -5.460000157318));
#8612 = CARTESIAN_POINT('',(20.925101116629,-7.154917456754,
    -5.460000159285));
#8613 = CARTESIAN_POINT('',(20.990101116629,-7.154917457529,
    -5.460000162126));
#8614 = CARTESIAN_POINT('',(21.010101116629,-7.154917457768,-5.460000163
    ));
#8615 = CARTESIAN_POINT('',(21.075101116629,-7.154917458543,
    -5.460000165842));
#8616 = CARTESIAN_POINT('',(21.120101116629,-7.15491745908,
    -5.460000167809));
#8617 = CARTESIAN_POINT('',(21.165101116629,-7.154917459616,
    -5.460000169776));
#8618 = CARTESIAN_POINT('',(20.83510111806,-7.034917455681,
    -5.46000014486));
#8619 = CARTESIAN_POINT('',(20.88010111806,-7.034917456218,
    -5.460000146827));
#8620 = CARTESIAN_POINT('',(20.92510111806,-7.034917456754,
    -5.460000148794));
#8621 = CARTESIAN_POINT('',(20.99010111806,-7.034917457529,
    -5.460000151635));
#8622 = CARTESIAN_POINT('',(21.01010111806,-7.034917457768,
    -5.46000015251));
#8623 = CARTESIAN_POINT('',(21.07510111806,-7.034917458543,
    -5.460000155351));
#8624 = CARTESIAN_POINT('',(21.12010111806,-7.03491745908,
    -5.460000157318));
#8625 = CARTESIAN_POINT('',(21.16510111806,-7.034917459616,
    -5.460000159285));
#8626 = CARTESIAN_POINT('',(20.835101123305,-7.034917466172,
    -5.34000014486));
#8627 = CARTESIAN_POINT('',(20.880101123305,-7.034917466708,
    -5.340000146827));
#8628 = CARTESIAN_POINT('',(20.925101123305,-7.034917467245,
    -5.340000148794));
#8629 = CARTESIAN_POINT('',(20.990101123305,-7.03491746802,
    -5.340000151635));
#8630 = CARTESIAN_POINT('',(21.010101123305,-7.034917468258,
    -5.34000015251));
#8631 = CARTESIAN_POINT('',(21.075101123305,-7.034917469034,
    -5.340000155351));
#8632 = CARTESIAN_POINT('',(21.120101123305,-7.03491746957,
    -5.340000157318));
#8633 = CARTESIAN_POINT('',(21.165101123305,-7.034917470107,
    -5.340000159285));
#8634 = ADVANCED_FACE('',(#8635),#8675,.T.);
#8635 = FACE_BOUND('',#8636,.T.);
#8636 = EDGE_LOOP('',(#8637,#8666,#8667,#8668));
#8637 = ORIENTED_EDGE('',*,*,#8638,.T.);
#8638 = EDGE_CURVE('',#8639,#8446,#8641,.T.);
#8639 = VERTEX_POINT('',#8640);
#8640 = CARTESIAN_POINT('',(21.150101119728,-7.334917469928,
    -5.340000184856));
#8641 = B_SPLINE_CURVE_WITH_KNOTS('',3,(#8642,#8643,#8644,#8645,#8646,
    #8647,#8648,#8649,#8650,#8651,#8652,#8653,#8654,#8655,#8656,#8657,
    #8658,#8659,#8660,#8661,#8662,#8663,#8664,#8665),.UNSPECIFIED.,.F.,
  .F.,(4,2,2,1,2,2,2,2,2,1,2,2,4),(0.,0.125,0.1875,0.21875,0.234375,0.25
    ,0.5,0.625,0.6875,0.71875,0.734375,0.75,1.),.UNSPECIFIED.);
#8642 = CARTESIAN_POINT('',(21.150101119728,-7.334917469928,
    -5.340000184856));
#8643 = CARTESIAN_POINT('',(21.150101119666,-7.334917469806,
    -5.341393328412));
#8644 = CARTESIAN_POINT('',(21.148344070451,-7.33266231194,
    -5.344718507644));
#8645 = CARTESIAN_POINT('',(21.141617167454,-7.325896838415,
    -5.353653128848));
#8646 = CARTESIAN_POINT('',(21.138707792262,-7.32307789112,
    -5.357269439531));
#8647 = CARTESIAN_POINT('',(21.133431875552,-7.318003786016,
    -5.36349115085));
#8648 = CARTESIAN_POINT('',(21.1305699496,-7.315255312423,
    -5.366797334985));
#8649 = CARTESIAN_POINT('',(21.127423757245,-7.312189707275,
    -5.370333550323));
#8650 = CARTESIAN_POINT('',(21.125271018797,-7.310075496832,
    -5.372733293467));
#8651 = CARTESIAN_POINT('',(21.123427178132,-7.308243489355,
    -5.374766318789));
#8652 = CARTESIAN_POINT('',(21.116832023443,-7.301648960151,
    -5.382005172432));
#8653 = CARTESIAN_POINT('',(21.10787718431,-7.292693461358,
    -5.391669352349));
#8654 = CARTESIAN_POINT('',(21.085973102756,-7.270789483159,
    -5.413479556781));
#8655 = CARTESIAN_POINT('',(21.079628679579,-7.264581341099,
    -5.419574427749));
#8656 = CARTESIAN_POINT('',(21.071972993442,-7.256908904041,
    -5.426784862609));
#8657 = CARTESIAN_POINT('',(21.069716852994,-7.254624721026,
    -5.428879995265));
#8658 = CARTESIAN_POINT('',(21.066745642746,-7.251608390503,
    -5.431612775538));
#8659 = CARTESIAN_POINT('',(21.065362791953,-7.250202711242,
    -5.432877057246));
#8660 = CARTESIAN_POINT('',(21.064125455755,-7.248950760979,
    -5.433999853733));
#8661 = CARTESIAN_POINT('',(21.063331862694,-7.248150289471,
    -5.434718256219));
#8662 = CARTESIAN_POINT('',(21.063775860261,-7.248592436327,
    -5.434319070029));
#8663 = CARTESIAN_POINT('',(21.043526425135,-7.228339055113,
    -5.452560618045));
#8664 = CARTESIAN_POINT('',(21.032694845645,-7.217511187528,
    -5.460000169458));
#8665 = CARTESIAN_POINT('',(21.030101115914,-7.214917458006,
    -5.46000016912));
#8666 = ORIENTED_EDGE('',*,*,#8445,.F.);
#8667 = ORIENTED_EDGE('',*,*,#8582,.T.);
#8668 = ORIENTED_EDGE('',*,*,#8669,.F.);
#8669 = EDGE_CURVE('',#8639,#8574,#8670,.T.);
#8670 = B_SPLINE_CURVE_WITH_KNOTS('',3,(#8671,#8672,#8673,#8674),
  .UNSPECIFIED.,.F.,.F.,(4,4),(0.,1.),.PIECEWISE_BEZIER_KNOTS.);
#8671 = CARTESIAN_POINT('',(21.150101119728,-7.334917469928,
    -5.340000184856));
#8672 = CARTESIAN_POINT('',(21.15010112092,-7.234917469928,
    -5.340000176114));
#8673 = CARTESIAN_POINT('',(21.150101122113,-7.134917469928,
    -5.340000167372));
#8674 = CARTESIAN_POINT('',(21.150101123305,-7.034917469928,
    -5.340000158629));
#8675 = ( BOUNDED_SURFACE() B_SPLINE_SURFACE(2,3,(
    (#8676,#8677,#8678,#8679,#8680,#8681,#8682,#8683)
    ,(#8684,#8685,#8686,#8687,#8688,#8689,#8690,#8691)
    ,(#8692,#8693,#8694,#8695,#8696,#8697,#8698,#8699
)),.UNSPECIFIED.,.F.,.F.,.F.) B_SPLINE_SURFACE_WITH_KNOTS((3,3),(4,2,2,4
    ),(0.,1.),(4.7E-04,6.05E-04,6.65E-04,8.E-04),.UNSPECIFIED.) 
GEOMETRIC_REPRESENTATION_ITEM() RATIONAL_B_SPLINE_SURFACE((
    (1.,1.,1.,1.,1.,1.,1.,1.)
    ,(8.485281374239E-02,8.485281374239E-02,8.485281374239E-02
      ,8.485281374239E-02,8.485281374239E-02,8.485281374239E-02
      ,8.485281374239E-02,8.485281374239E-02)
,(1.,1.,1.,1.,1.,1.,1.,1.))) REPRESENTATION_ITEM('') SURFACE() );
#8676 = CARTESIAN_POINT('',(21.030101118239,-7.019917458006,
    -5.460000152073));
#8677 = CARTESIAN_POINT('',(21.030101117702,-7.064917458006,
    -5.460000156007));
#8678 = CARTESIAN_POINT('',(21.030101117166,-7.109917458006,
    -5.460000159941));
#8679 = CARTESIAN_POINT('',(21.030101116391,-7.174917458006,
    -5.460000165623));
#8680 = CARTESIAN_POINT('',(21.030101116152,-7.194917458006,
    -5.460000167372));
#8681 = CARTESIAN_POINT('',(21.030101115377,-7.259917458006,
    -5.460000173054));
#8682 = CARTESIAN_POINT('',(21.03010111484,-7.304917458006,
    -5.460000176988));
#8683 = CARTESIAN_POINT('',(21.030101114304,-7.349917458006,
    -5.460000180922));
#8684 = CARTESIAN_POINT('',(21.150101118239,-7.019917459437,
    -5.460000157318));
#8685 = CARTESIAN_POINT('',(21.150101117702,-7.064917459437,
    -5.460000161252));
#8686 = CARTESIAN_POINT('',(21.150101117166,-7.109917459437,
    -5.460000165186));
#8687 = CARTESIAN_POINT('',(21.150101116391,-7.174917459437,
    -5.460000170868));
#8688 = CARTESIAN_POINT('',(21.150101116152,-7.194917459437,
    -5.460000172617));
#8689 = CARTESIAN_POINT('',(21.150101115377,-7.259917459437,
    -5.460000178299));
#8690 = CARTESIAN_POINT('',(21.15010111484,-7.304917459437,
    -5.460000182233));
#8691 = CARTESIAN_POINT('',(21.150101114304,-7.349917459437,
    -5.460000186167));
#8692 = CARTESIAN_POINT('',(21.150101123484,-7.019917469928,
    -5.340000157318));
#8693 = CARTESIAN_POINT('',(21.150101122948,-7.064917469928,
    -5.340000161252));
#8694 = CARTESIAN_POINT('',(21.150101122411,-7.109917469928,
    -5.340000165186));
#8695 = CARTESIAN_POINT('',(21.150101121636,-7.174917469928,
    -5.340000170868));
#8696 = CARTESIAN_POINT('',(21.150101121397,-7.194917469928,
    -5.340000172617));
#8697 = CARTESIAN_POINT('',(21.150101120622,-7.259917469928,
    -5.340000178299));
#8698 = CARTESIAN_POINT('',(21.150101120086,-7.304917469928,
    -5.340000182233));
#8699 = CARTESIAN_POINT('',(21.150101119549,-7.349917469928,
    -5.340000186167));
#8700 = ADVANCED_FACE('',(#8701),#8713,.T.);
#8701 = FACE_BOUND('',#8702,.T.);
#8702 = EDGE_LOOP('',(#8703,#8704,#8705,#8706));
#8703 = ORIENTED_EDGE('',*,*,#8508,.T.);
#8704 = ORIENTED_EDGE('',*,*,#8454,.F.);
#8705 = ORIENTED_EDGE('',*,*,#8638,.F.);
#8706 = ORIENTED_EDGE('',*,*,#8707,.F.);
#8707 = EDGE_CURVE('',#8509,#8639,#8708,.T.);
#8708 = B_SPLINE_CURVE_WITH_KNOTS('',3,(#8709,#8710,#8711,#8712),
  .UNSPECIFIED.,.F.,.F.,(4,4),(0.,1.),.PIECEWISE_BEZIER_KNOTS.);
#8709 = CARTESIAN_POINT('',(20.850101119728,-7.334917466351,
    -5.340000171743));
#8710 = CARTESIAN_POINT('',(20.950101119728,-7.334917467543,
    -5.340000176114));
#8711 = CARTESIAN_POINT('',(21.050101119728,-7.334917468735,
    -5.340000180485));
#8712 = CARTESIAN_POINT('',(21.150101119728,-7.334917469928,
    -5.340000184856));
#8713 = ( BOUNDED_SURFACE() B_SPLINE_SURFACE(2,3,(
    (#8714,#8715,#8716,#8717,#8718,#8719,#8720,#8721)
    ,(#8722,#8723,#8724,#8725,#8726,#8727,#8728,#8729)
    ,(#8730,#8731,#8732,#8733,#8734,#8735,#8736,#8737
)),.UNSPECIFIED.,.F.,.F.,.F.) B_SPLINE_SURFACE_WITH_KNOTS((3,3),(4,2,2,4
    ),(0.,1.),(-1.65E-04,-3.E-05,3.E-05,1.65E-04),.UNSPECIFIED.) 
GEOMETRIC_REPRESENTATION_ITEM() RATIONAL_B_SPLINE_SURFACE((
    (1.,1.,1.,1.,1.,1.,1.,1.)
    ,(8.485281374239E-02,8.485281374239E-02,8.485281374239E-02
      ,8.485281374239E-02,8.485281374239E-02,8.485281374239E-02
      ,8.485281374239E-02,8.485281374239E-02)
,(1.,1.,1.,1.,1.,1.,1.,1.))) REPRESENTATION_ITEM('') SURFACE() );
#8714 = CARTESIAN_POINT('',(21.165101115914,-7.214917459616,
    -5.460000175021));
#8715 = CARTESIAN_POINT('',(21.120101115914,-7.21491745908,
    -5.460000173054));
#8716 = CARTESIAN_POINT('',(21.075101115914,-7.214917458543,
    -5.460000171087));
#8717 = CARTESIAN_POINT('',(21.010101115914,-7.214917457768,
    -5.460000168246));
#8718 = CARTESIAN_POINT('',(20.990101115914,-7.214917457529,
    -5.460000167372));
#8719 = CARTESIAN_POINT('',(20.925101115914,-7.214917456754,
    -5.46000016453));
#8720 = CARTESIAN_POINT('',(20.880101115914,-7.214917456218,
    -5.460000162563));
#8721 = CARTESIAN_POINT('',(20.835101115914,-7.214917455681,
    -5.460000160596));
#8722 = CARTESIAN_POINT('',(21.165101114483,-7.334917459616,
    -5.460000185512));
#8723 = CARTESIAN_POINT('',(21.120101114483,-7.33491745908,
    -5.460000183545));
#8724 = CARTESIAN_POINT('',(21.075101114483,-7.334917458543,
    -5.460000181578));
#8725 = CARTESIAN_POINT('',(21.010101114483,-7.334917457768,
    -5.460000178736));
#8726 = CARTESIAN_POINT('',(20.990101114483,-7.334917457529,
    -5.460000177862));
#8727 = CARTESIAN_POINT('',(20.925101114483,-7.334917456754,
    -5.460000175021));
#8728 = CARTESIAN_POINT('',(20.880101114483,-7.334917456218,
    -5.460000173054));
#8729 = CARTESIAN_POINT('',(20.835101114483,-7.334917455681,
    -5.460000171087));
#8730 = CARTESIAN_POINT('',(21.165101119728,-7.334917470107,
    -5.340000185512));
#8731 = CARTESIAN_POINT('',(21.120101119728,-7.33491746957,
    -5.340000183545));
#8732 = CARTESIAN_POINT('',(21.075101119728,-7.334917469034,
    -5.340000181578));
#8733 = CARTESIAN_POINT('',(21.010101119728,-7.334917468258,
    -5.340000178736));
#8734 = CARTESIAN_POINT('',(20.990101119728,-7.33491746802,
    -5.340000177862));
#8735 = CARTESIAN_POINT('',(20.925101119728,-7.334917467245,
    -5.340000175021));
#8736 = CARTESIAN_POINT('',(20.880101119728,-7.334917466708,
    -5.340000173054));
#8737 = CARTESIAN_POINT('',(20.835101119728,-7.334917466172,
    -5.340000171087));
#8738 = ADVANCED_FACE('',(#8739),#8755,.T.);
#8739 = FACE_BOUND('',#8740,.T.);
#8740 = EDGE_LOOP('',(#8741,#8747,#8748,#8754));
#8741 = ORIENTED_EDGE('',*,*,#8742,.T.);
#8742 = EDGE_CURVE('',#8277,#8509,#8743,.T.);
#8743 = LINE('',#8744,#8745);
#8744 = CARTESIAN_POINT('',(20.850101429205,-7.334918085303,
    1.739999828257));
#8745 = VECTOR('',#8746,1.);
#8746 = DIRECTION('',(-4.371140912996E-08,8.742273446216E-08,-1.));
#8747 = ORIENTED_EDGE('',*,*,#8707,.T.);
#8748 = ORIENTED_EDGE('',*,*,#8749,.F.);
#8749 = EDGE_CURVE('',#8261,#8639,#8750,.T.);
#8750 = LINE('',#8751,#8752);
#8751 = CARTESIAN_POINT('',(21.150101429205,-7.334918088881,
    1.739999815144));
#8752 = VECTOR('',#8753,1.);
#8753 = DIRECTION('',(-4.371140912996E-08,8.742273446216E-08,-1.));
#8754 = ORIENTED_EDGE('',*,*,#8284,.T.);
#8755 = PLANE('',#8756);
#8756 = AXIS2_PLACEMENT_3D('',#8757,#8758,#8759);
#8757 = CARTESIAN_POINT('',(21.000101429205,-7.334918087092,
    1.739999821701));
#8758 = DIRECTION('',(-1.19248802771E-08,-1.,-8.742273394091E-08));
#8759 = DIRECTION('',(-1.,1.192487645573E-08,4.371141017247E-08));
#8760 = ADVANCED_FACE('',(#8761),#8772,.F.);
#8761 = FACE_BOUND('',#8762,.T.);
#8762 = EDGE_LOOP('',(#8763,#8764,#8765,#8771));
#8763 = ORIENTED_EDGE('',*,*,#8749,.T.);
#8764 = ORIENTED_EDGE('',*,*,#8669,.T.);
#8765 = ORIENTED_EDGE('',*,*,#8766,.F.);
#8766 = EDGE_CURVE('',#8259,#8574,#8767,.T.);
#8767 = LINE('',#8768,#8769);
#8768 = CARTESIAN_POINT('',(21.150101432782,-7.034918088881,
    1.739999841371));
#8769 = VECTOR('',#8770,1.);
#8770 = DIRECTION('',(-4.371140912996E-08,8.742273446216E-08,-1.));
#8771 = ORIENTED_EDGE('',*,*,#8258,.T.);
#8772 = PLANE('',#8773);
#8773 = AXIS2_PLACEMENT_3D('',#8774,#8775,#8776);
#8774 = CARTESIAN_POINT('',(21.150101438566,-6.549918088881,
    1.739999883771));
#8775 = DIRECTION('',(-1.,1.192487690748E-08,4.371141017247E-08));
#8776 = DIRECTION('',(1.192488072885E-08,1.,8.742273394091E-08));
#8777 = ADVANCED_FACE('',(#8778),#8789,.F.);
#8778 = FACE_BOUND('',#8779,.T.);
#8779 = EDGE_LOOP('',(#8780,#8781,#8782,#8788));
#8780 = ORIENTED_EDGE('',*,*,#8766,.T.);
#8781 = ORIENTED_EDGE('',*,*,#8573,.T.);
#8782 = ORIENTED_EDGE('',*,*,#8783,.F.);
#8783 = EDGE_CURVE('',#8269,#8479,#8784,.T.);
#8784 = LINE('',#8785,#8786);
#8785 = CARTESIAN_POINT('',(20.850101432782,-7.034918085303,
    1.739999854484));
#8786 = VECTOR('',#8787,1.);
#8787 = DIRECTION('',(-4.371140912996E-08,8.742273446216E-08,-1.));
#8788 = ORIENTED_EDGE('',*,*,#8268,.T.);
#8789 = PLANE('',#8790);
#8790 = AXIS2_PLACEMENT_3D('',#8791,#8792,#8793);
#8791 = CARTESIAN_POINT('',(21.000101432782,-7.034918087092,
    1.739999847927));
#8792 = DIRECTION('',(-1.19248811806E-08,-1.,-8.742273394091E-08));
#8793 = DIRECTION('',(-4.371140912996E-08,8.742273446216E-08,-1.));
#8794 = ADVANCED_FACE('',(#8795),#8801,.T.);
#8795 = FACE_BOUND('',#8796,.T.);
#8796 = EDGE_LOOP('',(#8797,#8798,#8799,#8800));
#8797 = ORIENTED_EDGE('',*,*,#8783,.T.);
#8798 = ORIENTED_EDGE('',*,*,#8537,.T.);
#8799 = ORIENTED_EDGE('',*,*,#8742,.F.);
#8800 = ORIENTED_EDGE('',*,*,#8276,.T.);
#8801 = PLANE('',#8802);
#8802 = AXIS2_PLACEMENT_3D('',#8803,#8804,#8805);
#8803 = CARTESIAN_POINT('',(20.850101438566,-6.549918085303,
    1.739999896884));
#8804 = DIRECTION('',(-1.,1.192487690748E-08,4.371141017247E-08));
#8805 = DIRECTION('',(1.192488072885E-08,1.,8.742273394091E-08));
#8806 = ADVANCED_FACE('',(#8807),#8845,.T.);
#8807 = FACE_BOUND('',#8808,.T.);
#8808 = EDGE_LOOP('',(#8809,#8820,#8829,#8838));
#8809 = ORIENTED_EDGE('',*,*,#8810,.T.);
#8810 = EDGE_CURVE('',#8811,#8813,#8815,.T.);
#8811 = VERTEX_POINT('',#8812);
#8812 = CARTESIAN_POINT('',(20.970101177207,-2.074917457291,
    -5.459999717144));
#8813 = VERTEX_POINT('',#8814);
#8814 = CARTESIAN_POINT('',(21.030101177207,-2.074917458006,
    -5.459999719767));
#8815 = B_SPLINE_CURVE_WITH_KNOTS('',3,(#8816,#8817,#8818,#8819),
  .UNSPECIFIED.,.F.,.F.,(4,4),(0.,1.),.PIECEWISE_BEZIER_KNOTS.);
#8816 = CARTESIAN_POINT('',(20.970101177207,-2.074917457291,
    -5.459999717144));
#8817 = CARTESIAN_POINT('',(20.990101177207,-2.074917457529,
    -5.459999718019));
#8818 = CARTESIAN_POINT('',(21.010101177207,-2.074917457768,
    -5.459999718893));
#8819 = CARTESIAN_POINT('',(21.030101177207,-2.074917458006,
    -5.459999719767));
#8820 = ORIENTED_EDGE('',*,*,#8821,.T.);
#8821 = EDGE_CURVE('',#8813,#8822,#8824,.T.);
#8822 = VERTEX_POINT('',#8823);
#8823 = CARTESIAN_POINT('',(21.030101176492,-2.134917458006,
    -5.459999725012));
#8824 = B_SPLINE_CURVE_WITH_KNOTS('',3,(#8825,#8826,#8827,#8828),
  .UNSPECIFIED.,.F.,.F.,(4,4),(0.,1.),.PIECEWISE_BEZIER_KNOTS.);
#8825 = CARTESIAN_POINT('',(21.030101177207,-2.074917458006,
    -5.459999719767));
#8826 = CARTESIAN_POINT('',(21.030101176969,-2.094917458006,
    -5.459999721516));
#8827 = CARTESIAN_POINT('',(21.03010117673,-2.114917458006,
    -5.459999723264));
#8828 = CARTESIAN_POINT('',(21.030101176492,-2.134917458006,
    -5.459999725012));
#8829 = ORIENTED_EDGE('',*,*,#8830,.T.);
#8830 = EDGE_CURVE('',#8822,#8831,#8833,.T.);
#8831 = VERTEX_POINT('',#8832);
#8832 = CARTESIAN_POINT('',(20.970101176492,-2.134917457291,
    -5.45999972239));
#8833 = B_SPLINE_CURVE_WITH_KNOTS('',3,(#8834,#8835,#8836,#8837),
  .UNSPECIFIED.,.F.,.F.,(4,4),(0.,1.),.PIECEWISE_BEZIER_KNOTS.);
#8834 = CARTESIAN_POINT('',(21.030101176492,-2.134917458006,
    -5.459999725012));
#8835 = CARTESIAN_POINT('',(21.010101176492,-2.134917457768,
    -5.459999724138));
#8836 = CARTESIAN_POINT('',(20.990101176492,-2.134917457529,
    -5.459999723264));
#8837 = CARTESIAN_POINT('',(20.970101176492,-2.134917457291,
    -5.45999972239));
#8838 = ORIENTED_EDGE('',*,*,#8839,.T.);
#8839 = EDGE_CURVE('',#8831,#8811,#8840,.T.);
#8840 = B_SPLINE_CURVE_WITH_KNOTS('',3,(#8841,#8842,#8843,#8844),
  .UNSPECIFIED.,.F.,.F.,(4,4),(0.,1.),.PIECEWISE_BEZIER_KNOTS.);
#8841 = CARTESIAN_POINT('',(20.970101176492,-2.134917457291,
    -5.45999972239));
#8842 = CARTESIAN_POINT('',(20.97010117673,-2.114917457291,
    -5.459999720641));
#8843 = CARTESIAN_POINT('',(20.970101176969,-2.094917457291,
    -5.459999718893));
#8844 = CARTESIAN_POINT('',(20.970101177207,-2.074917457291,
    -5.459999717144));
#8845 = PLANE('',#8846);
#8846 = AXIS2_PLACEMENT_3D('',#8847,#8848,#8849);
#8847 = CARTESIAN_POINT('',(21.000101123844,-6.549917457649,
    -5.460000109673));
#8848 = DIRECTION('',(-4.371140912996E-08,8.742273446216E-08,-1.));
#8849 = DIRECTION('',(1.19248806385E-08,1.,8.742273394091E-08));
#8850 = ADVANCED_FACE('',(#8851),#8919,.T.);
#8851 = FACE_BOUND('',#8852,.T.);
#8852 = EDGE_LOOP('',(#8853,#8882,#8883,#8912));
#8853 = ORIENTED_EDGE('',*,*,#8854,.F.);
#8854 = EDGE_CURVE('',#8811,#8855,#8857,.T.);
#8855 = VERTEX_POINT('',#8856);
#8856 = CARTESIAN_POINT('',(20.850101183884,-1.954917466351,
    -5.339999701408));
#8857 = B_SPLINE_CURVE_WITH_KNOTS('',3,(#8858,#8859,#8860,#8861,#8862,
    #8863,#8864,#8865,#8866,#8867,#8868,#8869,#8870,#8871,#8872,#8873,
    #8874,#8875,#8876,#8877,#8878,#8879,#8880,#8881),.UNSPECIFIED.,.F.,
  .F.,(4,2,2,1,2,2,2,2,2,1,2,2,4),(0.,0.125,0.1875,0.21875,0.234375,0.25
    ,0.5,0.625,0.6875,0.71875,0.734375,0.75,1.),.UNSPECIFIED.);
#8858 = CARTESIAN_POINT('',(20.970101177207,-2.074917457291,
    -5.459999717144));
#8859 = CARTESIAN_POINT('',(20.968804727208,-2.073621007392,
    -5.459999716973));
#8860 = CARTESIAN_POINT('',(20.9654495356,-2.070664411917,
    -5.458503736045));
#8861 = CARTESIAN_POINT('',(20.957328635853,-2.06258034102,
    -5.452539600494));
#8862 = CARTESIAN_POINT('',(20.954106983881,-2.059288171574,
    -5.449938096751));
#8863 = CARTESIAN_POINT('',(20.948502477838,-2.053520565378,
    -5.445118114805));
#8864 = CARTESIAN_POINT('',(20.945507217795,-2.050432633831,
    -5.442481763513));
#8865 = CARTESIAN_POINT('',(20.942222447218,-2.047080977943,
    -5.439536549328));
#8866 = CARTESIAN_POINT('',(20.939968264492,-2.044794659372,
    -5.437510001242));
#8867 = CARTESIAN_POINT('',(20.937982952824,-2.042799289781,
    -5.435720837734));
#8868 = CARTESIAN_POINT('',(20.931771585126,-2.036586960344,
    -5.430124506346));
#8869 = CARTESIAN_POINT('',(20.920557453919,-2.025373640349,
    -5.419780136192));
#8870 = CARTESIAN_POINT('',(20.900113024864,-2.004929353041,
    -5.399423462044));
#8871 = CARTESIAN_POINT('',(20.894225223208,-1.998935797617,
    -5.393259796591));
#8872 = CARTESIAN_POINT('',(20.886784032743,-1.99150502496,
    -5.385461023169));
#8873 = CARTESIAN_POINT('',(20.884535387924,-1.98927784015,
    -5.383092252627));
#8874 = CARTESIAN_POINT('',(20.881510048702,-1.986288439441,
    -5.379880813621));
#8875 = CARTESIAN_POINT('',(20.880084286093,-1.984881144992,
    -5.378360012286));
#8876 = CARTESIAN_POINT('',(20.878788883986,-1.983597768916,
    -5.376962233024));
#8877 = CARTESIAN_POINT('',(20.877954251582,-1.98276881191,
    -5.376057076664));
#8878 = CARTESIAN_POINT('',(20.878290651388,-1.983106790719,
    -5.376429134096));
#8879 = CARTESIAN_POINT('',(20.859121813322,-1.963940370787,
    -5.35539202957));
#8880 = CARTESIAN_POINT('',(20.850101183762,-1.954917466169,
    -5.342786455954));
#8881 = CARTESIAN_POINT('',(20.850101183884,-1.954917466351,
    -5.339999701408));
#8882 = ORIENTED_EDGE('',*,*,#8839,.F.);
#8883 = ORIENTED_EDGE('',*,*,#8884,.F.);
#8884 = EDGE_CURVE('',#8885,#8831,#8887,.T.);
#8885 = VERTEX_POINT('',#8886);
#8886 = CARTESIAN_POINT('',(20.850101180306,-2.254917466351,
    -5.339999727635));
#8887 = B_SPLINE_CURVE_WITH_KNOTS('',3,(#8888,#8889,#8890,#8891,#8892,
    #8893,#8894,#8895,#8896,#8897,#8898,#8899,#8900,#8901,#8902,#8903,
    #8904,#8905,#8906,#8907,#8908,#8909,#8910,#8911),.UNSPECIFIED.,.F.,
  .F.,(4,2,2,1,2,2,2,2,2,1,2,2,4),(0.,0.125,0.1875,0.21875,0.234375,0.25
    ,0.5,0.625,0.6875,0.71875,0.734375,0.75,1.),.UNSPECIFIED.);
#8888 = CARTESIAN_POINT('',(20.850101180306,-2.254917466351,
    -5.339999727635));
#8889 = CARTESIAN_POINT('',(20.850101180245,-2.254917466228,
    -5.341392871192));
#8890 = CARTESIAN_POINT('',(20.852356337676,-2.253160416867,
    -5.344718050643));
#8891 = CARTESIAN_POINT('',(20.859121810029,-2.246433513479,
    -5.35365267244));
#8892 = CARTESIAN_POINT('',(20.861940756849,-2.243524138129,
    -5.357268983366));
#8893 = CARTESIAN_POINT('',(20.867014861138,-2.238248221146,
    -5.363490695119));
#8894 = CARTESIAN_POINT('',(20.869763334298,-2.23538629505,
    -5.36679687949));
#8895 = CARTESIAN_POINT('',(20.872828938981,-2.232240102541,
    -5.370333095091));
#8896 = CARTESIAN_POINT('',(20.87494314911,-2.230087363988,
    -5.372732838419));
#8897 = CARTESIAN_POINT('',(20.876775156319,-2.228243523236,
    -5.374765863899));
#8898 = CARTESIAN_POINT('',(20.883369684582,-2.221648368223,
    -5.382004718127));
#8899 = CARTESIAN_POINT('',(20.892325182109,-2.212693528665,
    -5.391668898829));
#8900 = CARTESIAN_POINT('',(20.914229157436,-2.190789446172,
    -5.413479105162));
#8901 = CARTESIAN_POINT('',(20.920437298694,-2.18444502273,
    -5.419573976664));
#8902 = CARTESIAN_POINT('',(20.928109734806,-2.176789336278,
    -5.426784412196));
#8903 = CARTESIAN_POINT('',(20.930393917548,-2.174533195737,
    -5.428879545054));
#8904 = CARTESIAN_POINT('',(20.933410247714,-2.171561985368,
    -5.431612325594));
#8905 = CARTESIAN_POINT('',(20.93481592681,-2.170179134519,
    -5.432876607427));
#8906 = CARTESIAN_POINT('',(20.936067876926,-2.168941798271,
    -5.433999404026));
#8907 = CARTESIAN_POINT('',(20.936868348342,-2.168148205177,
    -5.434717806583));
#8908 = CARTESIAN_POINT('',(20.936426201539,-2.168592202761,
    -5.434318620355));
#8909 = CARTESIAN_POINT('',(20.95667958036,-2.148342766839,
    -5.45256017014));
#8910 = CARTESIAN_POINT('',(20.96750744697,-2.137511187022,
    -5.459999722501));
#8911 = CARTESIAN_POINT('',(20.970101176492,-2.134917457291,
    -5.45999972239));
#8912 = ORIENTED_EDGE('',*,*,#8913,.F.);
#8913 = EDGE_CURVE('',#8855,#8885,#8914,.T.);
#8914 = B_SPLINE_CURVE_WITH_KNOTS('',3,(#8915,#8916,#8917,#8918),
  .UNSPECIFIED.,.F.,.F.,(4,4),(0.,1.),.PIECEWISE_BEZIER_KNOTS.);
#8915 = CARTESIAN_POINT('',(20.850101183884,-1.954917466351,
    -5.339999701408));
#8916 = CARTESIAN_POINT('',(20.850101182691,-2.054917466351,
    -5.339999710151));
#8917 = CARTESIAN_POINT('',(20.850101181499,-2.154917466351,
    -5.339999718893));
#8918 = CARTESIAN_POINT('',(20.850101180306,-2.254917466351,
    -5.339999727635));
#8919 = ( BOUNDED_SURFACE() B_SPLINE_SURFACE(2,3,(
    (#8920,#8921,#8922,#8923,#8924,#8925,#8926,#8927)
    ,(#8928,#8929,#8930,#8931,#8932,#8933,#8934,#8935)
    ,(#8936,#8937,#8938,#8939,#8940,#8941,#8942,#8943
)),.UNSPECIFIED.,.F.,.F.,.F.) B_SPLINE_SURFACE_WITH_KNOTS((3,3),(4,2,2,4
    ),(0.,1.),(4.28E-03,4.415E-03,4.475E-03,4.61E-03),.UNSPECIFIED.) 
GEOMETRIC_REPRESENTATION_ITEM() RATIONAL_B_SPLINE_SURFACE((
    (1.,1.,1.,1.,1.,1.,1.,1.)
    ,(8.485281374239E-02,8.485281374239E-02,8.485281374239E-02
      ,8.485281374239E-02,8.485281374239E-02,8.485281374239E-02
      ,8.485281374239E-02,8.485281374239E-02)
,(1.,1.,1.,1.,1.,1.,1.,1.))) REPRESENTATION_ITEM('') SURFACE() );
#8920 = CARTESIAN_POINT('',(20.970101174882,-2.269917457291,
    -5.459999734192));
#8921 = CARTESIAN_POINT('',(20.970101175419,-2.224917457291,
    -5.459999730258));
#8922 = CARTESIAN_POINT('',(20.970101175955,-2.179917457291,
    -5.459999726324));
#8923 = CARTESIAN_POINT('',(20.97010117673,-2.114917457291,
    -5.459999720641));
#8924 = CARTESIAN_POINT('',(20.970101176969,-2.094917457291,
    -5.459999718893));
#8925 = CARTESIAN_POINT('',(20.970101177744,-2.029917457291,
    -5.45999971321));
#8926 = CARTESIAN_POINT('',(20.970101178281,-1.984917457291,
    -5.459999709276));
#8927 = CARTESIAN_POINT('',(20.970101178817,-1.939917457291,
    -5.459999705342));
#8928 = CARTESIAN_POINT('',(20.850101174882,-2.26991745586,
    -5.459999728947));
#8929 = CARTESIAN_POINT('',(20.850101175419,-2.22491745586,
    -5.459999725012));
#8930 = CARTESIAN_POINT('',(20.850101175955,-2.17991745586,
    -5.459999721078));
#8931 = CARTESIAN_POINT('',(20.85010117673,-2.11491745586,
    -5.459999715396));
#8932 = CARTESIAN_POINT('',(20.850101176969,-2.09491745586,
    -5.459999713648));
#8933 = CARTESIAN_POINT('',(20.850101177744,-2.02991745586,
    -5.459999707965));
#8934 = CARTESIAN_POINT('',(20.850101178281,-1.98491745586,
    -5.459999704031));
#8935 = CARTESIAN_POINT('',(20.850101178817,-1.93991745586,
    -5.459999700097));
#8936 = CARTESIAN_POINT('',(20.850101180127,-2.269917466351,
    -5.339999728947));
#8937 = CARTESIAN_POINT('',(20.850101180664,-2.224917466351,
    -5.339999725012));
#8938 = CARTESIAN_POINT('',(20.850101181201,-2.179917466351,
    -5.339999721078));
#8939 = CARTESIAN_POINT('',(20.850101181976,-2.114917466351,
    -5.339999715396));
#8940 = CARTESIAN_POINT('',(20.850101182214,-2.094917466351,
    -5.339999713648));
#8941 = CARTESIAN_POINT('',(20.850101182989,-2.029917466351,
    -5.339999707965));
#8942 = CARTESIAN_POINT('',(20.850101183526,-1.984917466351,
    -5.339999704031));
#8943 = CARTESIAN_POINT('',(20.850101184063,-1.939917466351,
    -5.339999700097));
#8944 = ADVANCED_FACE('',(#8945),#8985,.T.);
#8945 = FACE_BOUND('',#8946,.T.);
#8946 = EDGE_LOOP('',(#8947,#8948,#8957,#8984));
#8947 = ORIENTED_EDGE('',*,*,#8854,.T.);
#8948 = ORIENTED_EDGE('',*,*,#8949,.F.);
#8949 = EDGE_CURVE('',#8950,#8855,#8952,.T.);
#8950 = VERTEX_POINT('',#8951);
#8951 = CARTESIAN_POINT('',(21.150101183884,-1.954917469928,
    -5.339999714522));
#8952 = B_SPLINE_CURVE_WITH_KNOTS('',3,(#8953,#8954,#8955,#8956),
  .UNSPECIFIED.,.F.,.F.,(4,4),(0.,1.),.PIECEWISE_BEZIER_KNOTS.);
#8953 = CARTESIAN_POINT('',(21.150101183884,-1.954917469928,
    -5.339999714522));
#8954 = CARTESIAN_POINT('',(21.050101183884,-1.954917468736,
    -5.339999710151));
#8955 = CARTESIAN_POINT('',(20.950101183884,-1.954917467543,
    -5.339999705779));
#8956 = CARTESIAN_POINT('',(20.850101183884,-1.954917466351,
    -5.339999701408));
#8957 = ORIENTED_EDGE('',*,*,#8958,.F.);
#8958 = EDGE_CURVE('',#8813,#8950,#8959,.T.);
#8959 = B_SPLINE_CURVE_WITH_KNOTS('',3,(#8960,#8961,#8962,#8963,#8964,
    #8965,#8966,#8967,#8968,#8969,#8970,#8971,#8972,#8973,#8974,#8975,
    #8976,#8977,#8978,#8979,#8980,#8981,#8982,#8983),.UNSPECIFIED.,.F.,
  .F.,(4,2,2,1,2,2,2,2,2,1,2,2,4),(0.,0.125,0.1875,0.21875,0.234375,0.25
    ,0.5,0.625,0.6875,0.71875,0.734375,0.75,1.),.UNSPECIFIED.);
#8960 = CARTESIAN_POINT('',(21.030101177207,-2.074917458006,
    -5.459999719767));
#8961 = CARTESIAN_POINT('',(21.031397627105,-2.073621008008,
    -5.459999719709));
#8962 = CARTESIAN_POINT('',(21.034354222775,-2.070265816465,
    -5.458503739023));
#8963 = CARTESIAN_POINT('',(21.042438294453,-2.062144916979,
    -5.452539604179));
#8964 = CARTESIAN_POINT('',(21.04573046424,-2.05892326512,
    -5.449938100727));
#8965 = CARTESIAN_POINT('',(21.051498071069,-2.053318759288,
    -5.445118119291));
#8966 = CARTESIAN_POINT('',(21.054586002962,-2.05032349936,
    -5.442481768274));
#8967 = CARTESIAN_POINT('',(21.057937659237,-2.047038728911,
    -5.439536554384));
#8968 = CARTESIAN_POINT('',(21.060223978075,-2.044784546274,
    -5.437510006499));
#8969 = CARTESIAN_POINT('',(21.062219347901,-2.042799234683,
    -5.435720843164));
#8970 = CARTESIAN_POINT('',(21.068431678062,-2.036587867242,
    -5.430124512329));
#8971 = CARTESIAN_POINT('',(21.079644999425,-2.025373736475,
    -5.419780143144));
#8972 = CARTESIAN_POINT('',(21.1000892894,-2.004929308311,
    -5.399423470786));
#8973 = CARTESIAN_POINT('',(21.106082845632,-1.999041506926,
    -5.393259805862));
#8974 = CARTESIAN_POINT('',(21.113513619312,-1.991600316801,
    -5.385461033089));
#8975 = CARTESIAN_POINT('',(21.115740804432,-1.989351672086,
    -5.38309226274));
#8976 = CARTESIAN_POINT('',(21.118730205563,-1.986326333004,
    -5.379880823994));
#8977 = CARTESIAN_POINT('',(21.120137500211,-1.984900570461,
    -5.378360022781));
#8978 = CARTESIAN_POINT('',(21.121420876471,-1.983605168415,
    -5.376962243631));
#8979 = CARTESIAN_POINT('',(21.122249833596,-1.98277053605,
    -5.376057087343));
#8980 = CARTESIAN_POINT('',(21.121911854738,-1.98310693584,
    -5.376429144745));
#8981 = CARTESIAN_POINT('',(21.141078277428,-1.963938098693,
    -5.355392041896));
#8982 = CARTESIAN_POINT('',(21.1501011837,-1.954917469684,
    -5.342786469068));
#8983 = CARTESIAN_POINT('',(21.150101183884,-1.954917469928,
    -5.339999714522));
#8984 = ORIENTED_EDGE('',*,*,#8810,.F.);
#8985 = ( BOUNDED_SURFACE() B_SPLINE_SURFACE(2,3,(
    (#8986,#8987,#8988,#8989,#8990,#8991,#8992,#8993)
    ,(#8994,#8995,#8996,#8997,#8998,#8999,#9000,#9001)
    ,(#9002,#9003,#9004,#9005,#9006,#9007,#9008,#9009
)),.UNSPECIFIED.,.F.,.F.,.F.) B_SPLINE_SURFACE_WITH_KNOTS((3,3),(4,2,2,4
    ),(0.,1.),(-1.65E-04,-3.E-05,3.E-05,1.65E-04),.UNSPECIFIED.) 
GEOMETRIC_REPRESENTATION_ITEM() RATIONAL_B_SPLINE_SURFACE((
    (1.,1.,1.,1.,1.,1.,1.,1.)
    ,(8.485281374239E-02,8.485281374239E-02,8.485281374239E-02
      ,8.485281374239E-02,8.485281374239E-02,8.485281374239E-02
      ,8.485281374239E-02,8.485281374239E-02)
,(1.,1.,1.,1.,1.,1.,1.,1.))) REPRESENTATION_ITEM('') SURFACE() );
#8986 = CARTESIAN_POINT('',(20.835101177207,-2.074917455681,
    -5.459999711243));
#8987 = CARTESIAN_POINT('',(20.880101177207,-2.074917456218,
    -5.45999971321));
#8988 = CARTESIAN_POINT('',(20.925101177207,-2.074917456754,
    -5.459999715177));
#8989 = CARTESIAN_POINT('',(20.990101177207,-2.074917457529,
    -5.459999718019));
#8990 = CARTESIAN_POINT('',(21.010101177207,-2.074917457768,
    -5.459999718893));
#8991 = CARTESIAN_POINT('',(21.075101177207,-2.074917458543,
    -5.459999721734));
#8992 = CARTESIAN_POINT('',(21.120101177207,-2.07491745908,
    -5.459999723701));
#8993 = CARTESIAN_POINT('',(21.165101177207,-2.074917459616,
    -5.459999725668));
#8994 = CARTESIAN_POINT('',(20.835101178638,-1.954917455681,
    -5.459999700753));
#8995 = CARTESIAN_POINT('',(20.880101178638,-1.954917456218,
    -5.45999970272));
#8996 = CARTESIAN_POINT('',(20.925101178638,-1.954917456754,
    -5.459999704687));
#8997 = CARTESIAN_POINT('',(20.990101178638,-1.954917457529,
    -5.459999707528));
#8998 = CARTESIAN_POINT('',(21.010101178638,-1.954917457768,
    -5.459999708402));
#8999 = CARTESIAN_POINT('',(21.075101178638,-1.954917458543,
    -5.459999711243));
#9000 = CARTESIAN_POINT('',(21.120101178638,-1.95491745908,
    -5.45999971321));
#9001 = CARTESIAN_POINT('',(21.165101178638,-1.954917459616,
    -5.459999715177));
#9002 = CARTESIAN_POINT('',(20.835101183884,-1.954917466172,
    -5.339999700753));
#9003 = CARTESIAN_POINT('',(20.880101183884,-1.954917466708,
    -5.33999970272));
#9004 = CARTESIAN_POINT('',(20.925101183884,-1.954917467245,
    -5.339999704687));
#9005 = CARTESIAN_POINT('',(20.990101183884,-1.95491746802,
    -5.339999707528));
#9006 = CARTESIAN_POINT('',(21.010101183884,-1.954917468259,
    -5.339999708402));
#9007 = CARTESIAN_POINT('',(21.075101183884,-1.954917469034,
    -5.339999711243));
#9008 = CARTESIAN_POINT('',(21.120101183884,-1.95491746957,
    -5.33999971321));
#9009 = CARTESIAN_POINT('',(21.165101183884,-1.954917470107,
    -5.339999715177));
#9010 = ADVANCED_FACE('',(#9011),#9051,.T.);
#9011 = FACE_BOUND('',#9012,.T.);
#9012 = EDGE_LOOP('',(#9013,#9042,#9043,#9044));
#9013 = ORIENTED_EDGE('',*,*,#9014,.T.);
#9014 = EDGE_CURVE('',#9015,#8822,#9017,.T.);
#9015 = VERTEX_POINT('',#9016);
#9016 = CARTESIAN_POINT('',(21.150101180306,-2.254917469928,
    -5.339999740749));
#9017 = B_SPLINE_CURVE_WITH_KNOTS('',3,(#9018,#9019,#9020,#9021,#9022,
    #9023,#9024,#9025,#9026,#9027,#9028,#9029,#9030,#9031,#9032,#9033,
    #9034,#9035,#9036,#9037,#9038,#9039,#9040,#9041),.UNSPECIFIED.,.F.,
  .F.,(4,2,2,1,2,2,2,2,2,1,2,2,4),(0.,0.125,0.1875,0.21875,0.234375,0.25
    ,0.5,0.625,0.6875,0.71875,0.734375,0.75,1.),.UNSPECIFIED.);
#9018 = CARTESIAN_POINT('',(21.150101180306,-2.254917469928,
    -5.339999740749));
#9019 = CARTESIAN_POINT('',(21.150101180245,-2.254917469806,
    -5.341392884305));
#9020 = CARTESIAN_POINT('',(21.148344131029,-2.25266231194,
    -5.344718063537));
#9021 = CARTESIAN_POINT('',(21.141617228032,-2.245896838415,
    -5.353652684741));
#9022 = CARTESIAN_POINT('',(21.13870785284,-2.24307789112,
    -5.357268995425));
#9023 = CARTESIAN_POINT('',(21.133431936129,-2.238003786016,
    -5.363490706743));
#9024 = CARTESIAN_POINT('',(21.130570010177,-2.235255312423,
    -5.366796890878));
#9025 = CARTESIAN_POINT('',(21.127423817823,-2.232189707275,
    -5.370333106216));
#9026 = CARTESIAN_POINT('',(21.125271079375,-2.230075496832,
    -5.37273284936));
#9027 = CARTESIAN_POINT('',(21.123427238711,-2.228243489356,
    -5.374765874681));
#9028 = CARTESIAN_POINT('',(21.116832084021,-2.221648960151,
    -5.382004728324));
#9029 = CARTESIAN_POINT('',(21.10787724489,-2.212693461358,
    -5.391668908241));
#9030 = CARTESIAN_POINT('',(21.085973163334,-2.190789483159,
    -5.413479112674));
#9031 = CARTESIAN_POINT('',(21.079628740157,-2.184581341099,
    -5.419573983642));
#9032 = CARTESIAN_POINT('',(21.07197305402,-2.176908904041,
    -5.426784418502));
#9033 = CARTESIAN_POINT('',(21.069716913572,-2.174624721025,
    -5.428879551158));
#9034 = CARTESIAN_POINT('',(21.066745703324,-2.171608390503,
    -5.43161233143));
#9035 = CARTESIAN_POINT('',(21.065362852531,-2.170202711241,
    -5.432876613139));
#9036 = CARTESIAN_POINT('',(21.064125516334,-2.168950760979,
    -5.433999409626));
#9037 = CARTESIAN_POINT('',(21.063331923272,-2.168150289471,
    -5.434717812112));
#9038 = CARTESIAN_POINT('',(21.06377592084,-2.168592436327,
    -5.434318625922));
#9039 = CARTESIAN_POINT('',(21.043526485715,-2.148339055114,
    -5.452560173936));
#9040 = CARTESIAN_POINT('',(21.032694906224,-2.137511187529,
    -5.459999725351));
#9041 = CARTESIAN_POINT('',(21.030101176492,-2.134917458006,
    -5.459999725012));
#9042 = ORIENTED_EDGE('',*,*,#8821,.F.);
#9043 = ORIENTED_EDGE('',*,*,#8958,.T.);
#9044 = ORIENTED_EDGE('',*,*,#9045,.F.);
#9045 = EDGE_CURVE('',#9015,#8950,#9046,.T.);
#9046 = B_SPLINE_CURVE_WITH_KNOTS('',3,(#9047,#9048,#9049,#9050),
  .UNSPECIFIED.,.F.,.F.,(4,4),(0.,1.),.PIECEWISE_BEZIER_KNOTS.);
#9047 = CARTESIAN_POINT('',(21.150101180306,-2.254917469928,
    -5.339999740749));
#9048 = CARTESIAN_POINT('',(21.150101181499,-2.154917469928,
    -5.339999732006));
#9049 = CARTESIAN_POINT('',(21.150101182691,-2.054917469928,
    -5.339999723264));
#9050 = CARTESIAN_POINT('',(21.150101183884,-1.954917469928,
    -5.339999714522));
#9051 = ( BOUNDED_SURFACE() B_SPLINE_SURFACE(2,3,(
    (#9052,#9053,#9054,#9055,#9056,#9057,#9058,#9059)
    ,(#9060,#9061,#9062,#9063,#9064,#9065,#9066,#9067)
    ,(#9068,#9069,#9070,#9071,#9072,#9073,#9074,#9075
)),.UNSPECIFIED.,.F.,.F.,.F.) B_SPLINE_SURFACE_WITH_KNOTS((3,3),(4,2,2,4
    ),(0.,1.),(-4.61E-03,-4.475E-03,-4.415E-03,-4.28E-03),
.UNSPECIFIED.) GEOMETRIC_REPRESENTATION_ITEM() RATIONAL_B_SPLINE_SURFACE
((
    (1.,1.,1.,1.,1.,1.,1.,1.)
    ,(8.485281374239E-02,8.485281374239E-02,8.485281374239E-02
      ,8.485281374239E-02,8.485281374239E-02,8.485281374239E-02
      ,8.485281374239E-02,8.485281374239E-02)
,(1.,1.,1.,1.,1.,1.,1.,1.))) REPRESENTATION_ITEM('') SURFACE() );
#9052 = CARTESIAN_POINT('',(21.030101178817,-1.939917458006,
    -5.459999707965));
#9053 = CARTESIAN_POINT('',(21.030101178281,-1.984917458006,
    -5.459999711899));
#9054 = CARTESIAN_POINT('',(21.030101177744,-2.029917458006,
    -5.459999715833));
#9055 = CARTESIAN_POINT('',(21.030101176969,-2.094917458006,
    -5.459999721516));
#9056 = CARTESIAN_POINT('',(21.03010117673,-2.114917458006,
    -5.459999723264));
#9057 = CARTESIAN_POINT('',(21.030101175955,-2.179917458006,
    -5.459999728947));
#9058 = CARTESIAN_POINT('',(21.030101175419,-2.224917458006,
    -5.459999732881));
#9059 = CARTESIAN_POINT('',(21.030101174882,-2.269917458006,
    -5.459999736815));
#9060 = CARTESIAN_POINT('',(21.150101178817,-1.939917459437,
    -5.45999971321));
#9061 = CARTESIAN_POINT('',(21.150101178281,-1.984917459437,
    -5.459999717144));
#9062 = CARTESIAN_POINT('',(21.150101177744,-2.029917459437,
    -5.459999721078));
#9063 = CARTESIAN_POINT('',(21.150101176969,-2.094917459437,
    -5.459999726761));
#9064 = CARTESIAN_POINT('',(21.15010117673,-2.114917459437,
    -5.459999728509));
#9065 = CARTESIAN_POINT('',(21.150101175955,-2.179917459437,
    -5.459999734192));
#9066 = CARTESIAN_POINT('',(21.150101175419,-2.224917459437,
    -5.459999738126));
#9067 = CARTESIAN_POINT('',(21.150101174882,-2.269917459437,
    -5.45999974206));
#9068 = CARTESIAN_POINT('',(21.150101184063,-1.939917469928,
    -5.33999971321));
#9069 = CARTESIAN_POINT('',(21.150101183526,-1.984917469928,
    -5.339999717144));
#9070 = CARTESIAN_POINT('',(21.150101182989,-2.029917469928,
    -5.339999721078));
#9071 = CARTESIAN_POINT('',(21.150101182214,-2.094917469928,
    -5.339999726761));
#9072 = CARTESIAN_POINT('',(21.150101181976,-2.114917469928,
    -5.339999728509));
#9073 = CARTESIAN_POINT('',(21.150101181201,-2.179917469928,
    -5.339999734192));
#9074 = CARTESIAN_POINT('',(21.150101180664,-2.224917469928,
    -5.339999738126));
#9075 = CARTESIAN_POINT('',(21.150101180127,-2.269917469928,
    -5.33999974206));
#9076 = ADVANCED_FACE('',(#9077),#9089,.T.);
#9077 = FACE_BOUND('',#9078,.T.);
#9078 = EDGE_LOOP('',(#9079,#9080,#9081,#9082));
#9079 = ORIENTED_EDGE('',*,*,#8884,.T.);
#9080 = ORIENTED_EDGE('',*,*,#8830,.F.);
#9081 = ORIENTED_EDGE('',*,*,#9014,.F.);
#9082 = ORIENTED_EDGE('',*,*,#9083,.F.);
#9083 = EDGE_CURVE('',#8885,#9015,#9084,.T.);
#9084 = B_SPLINE_CURVE_WITH_KNOTS('',3,(#9085,#9086,#9087,#9088),
  .UNSPECIFIED.,.F.,.F.,(4,4),(0.,1.),.PIECEWISE_BEZIER_KNOTS.);
#9085 = CARTESIAN_POINT('',(20.850101180306,-2.254917466351,
    -5.339999727635));
#9086 = CARTESIAN_POINT('',(20.950101180306,-2.254917467543,
    -5.339999732006));
#9087 = CARTESIAN_POINT('',(21.050101180306,-2.254917468736,
    -5.339999736377));
#9088 = CARTESIAN_POINT('',(21.150101180306,-2.254917469928,
    -5.339999740749));
#9089 = ( BOUNDED_SURFACE() B_SPLINE_SURFACE(2,3,(
    (#9090,#9091,#9092,#9093,#9094,#9095,#9096,#9097)
    ,(#9098,#9099,#9100,#9101,#9102,#9103,#9104,#9105)
    ,(#9106,#9107,#9108,#9109,#9110,#9111,#9112,#9113
)),.UNSPECIFIED.,.F.,.F.,.F.) B_SPLINE_SURFACE_WITH_KNOTS((3,3),(4,2,2,4
    ),(0.,1.),(-1.65E-04,-3.E-05,3.E-05,1.65E-04),.UNSPECIFIED.) 
GEOMETRIC_REPRESENTATION_ITEM() RATIONAL_B_SPLINE_SURFACE((
    (1.,1.,1.,1.,1.,1.,1.,1.)
    ,(8.485281374239E-02,8.485281374239E-02,8.485281374239E-02
      ,8.485281374239E-02,8.485281374239E-02,8.485281374239E-02
      ,8.485281374239E-02,8.485281374239E-02)
,(1.,1.,1.,1.,1.,1.,1.,1.))) REPRESENTATION_ITEM('') SURFACE() );
#9090 = CARTESIAN_POINT('',(21.165101176492,-2.134917459616,
    -5.459999730914));
#9091 = CARTESIAN_POINT('',(21.120101176492,-2.13491745908,
    -5.459999728947));
#9092 = CARTESIAN_POINT('',(21.075101176492,-2.134917458543,
    -5.45999972698));
#9093 = CARTESIAN_POINT('',(21.010101176492,-2.134917457768,
    -5.459999724138));
#9094 = CARTESIAN_POINT('',(20.990101176492,-2.134917457529,
    -5.459999723264));
#9095 = CARTESIAN_POINT('',(20.925101176492,-2.134917456754,
    -5.459999720423));
#9096 = CARTESIAN_POINT('',(20.880101176492,-2.134917456218,
    -5.459999718456));
#9097 = CARTESIAN_POINT('',(20.835101176492,-2.134917455681,
    -5.459999716489));
#9098 = CARTESIAN_POINT('',(21.165101175061,-2.254917459616,
    -5.459999741404));
#9099 = CARTESIAN_POINT('',(21.120101175061,-2.25491745908,
    -5.459999739437));
#9100 = CARTESIAN_POINT('',(21.075101175061,-2.254917458543,
    -5.45999973747));
#9101 = CARTESIAN_POINT('',(21.010101175061,-2.254917457768,
    -5.459999734629));
#9102 = CARTESIAN_POINT('',(20.990101175061,-2.254917457529,
    -5.459999733755));
#9103 = CARTESIAN_POINT('',(20.925101175061,-2.254917456754,
    -5.459999730914));
#9104 = CARTESIAN_POINT('',(20.880101175061,-2.254917456218,
    -5.459999728947));
#9105 = CARTESIAN_POINT('',(20.835101175061,-2.254917455681,
    -5.45999972698));
#9106 = CARTESIAN_POINT('',(21.165101180306,-2.254917470107,
    -5.339999741404));
#9107 = CARTESIAN_POINT('',(21.120101180306,-2.25491746957,
    -5.339999739437));
#9108 = CARTESIAN_POINT('',(21.075101180306,-2.254917469034,
    -5.33999973747));
#9109 = CARTESIAN_POINT('',(21.010101180306,-2.254917468259,
    -5.339999734629));
#9110 = CARTESIAN_POINT('',(20.990101180306,-2.25491746802,
    -5.339999733755));
#9111 = CARTESIAN_POINT('',(20.925101180306,-2.254917467245,
    -5.339999730914));
#9112 = CARTESIAN_POINT('',(20.880101180306,-2.254917466708,
    -5.339999728947));
#9113 = CARTESIAN_POINT('',(20.835101180306,-2.254917466172,
    -5.33999972698));
#9114 = ADVANCED_FACE('',(#9115),#9131,.T.);
#9115 = FACE_BOUND('',#9116,.T.);
#9116 = EDGE_LOOP('',(#9117,#9123,#9124,#9130));
#9117 = ORIENTED_EDGE('',*,*,#9118,.T.);
#9118 = EDGE_CURVE('',#8413,#8885,#9119,.T.);
#9119 = LINE('',#9120,#9121);
#9120 = CARTESIAN_POINT('',(20.850101489783,-2.254918085303,
    1.740000272365));
#9121 = VECTOR('',#9122,1.);
#9122 = DIRECTION('',(-4.371140912996E-08,8.742273446216E-08,-1.));
#9123 = ORIENTED_EDGE('',*,*,#9083,.T.);
#9124 = ORIENTED_EDGE('',*,*,#9125,.F.);
#9125 = EDGE_CURVE('',#8397,#9015,#9126,.T.);
#9126 = LINE('',#9127,#9128);
#9127 = CARTESIAN_POINT('',(21.150101489783,-2.254918088881,
    1.740000259251));
#9128 = VECTOR('',#9129,1.);
#9129 = DIRECTION('',(-4.371140912996E-08,8.742273446216E-08,-1.));
#9130 = ORIENTED_EDGE('',*,*,#8420,.T.);
#9131 = PLANE('',#9132);
#9132 = AXIS2_PLACEMENT_3D('',#9133,#9134,#9135);
#9133 = CARTESIAN_POINT('',(21.000101489783,-2.254918087092,
    1.740000265808));
#9134 = DIRECTION('',(-1.19248806385E-08,-1.,-8.742273394091E-08));
#9135 = DIRECTION('',(-1.,1.192487681713E-08,4.371141017247E-08));
#9136 = ADVANCED_FACE('',(#9137),#9148,.F.);
#9137 = FACE_BOUND('',#9138,.T.);
#9138 = EDGE_LOOP('',(#9139,#9140,#9141,#9147));
#9139 = ORIENTED_EDGE('',*,*,#9125,.T.);
#9140 = ORIENTED_EDGE('',*,*,#9045,.T.);
#9141 = ORIENTED_EDGE('',*,*,#9142,.F.);
#9142 = EDGE_CURVE('',#8395,#8950,#9143,.T.);
#9143 = LINE('',#9144,#9145);
#9144 = CARTESIAN_POINT('',(21.150101493361,-1.954918088881,
    1.740000285478));
#9145 = VECTOR('',#9146,1.);
#9146 = DIRECTION('',(-4.371140912996E-08,8.742273446216E-08,-1.));
#9147 = ORIENTED_EDGE('',*,*,#8394,.T.);
#9148 = PLANE('',#9149);
#9149 = AXIS2_PLACEMENT_3D('',#9150,#9151,#9152);
#9150 = CARTESIAN_POINT('',(21.150101438566,-6.549918088881,
    1.739999883771));
#9151 = DIRECTION('',(-1.,1.192487690748E-08,4.371141017247E-08));
#9152 = DIRECTION('',(1.192488072885E-08,1.,8.742273394091E-08));
#9153 = ADVANCED_FACE('',(#9154),#9165,.F.);
#9154 = FACE_BOUND('',#9155,.T.);
#9155 = EDGE_LOOP('',(#9156,#9157,#9158,#9164));
#9156 = ORIENTED_EDGE('',*,*,#9142,.T.);
#9157 = ORIENTED_EDGE('',*,*,#8949,.T.);
#9158 = ORIENTED_EDGE('',*,*,#9159,.F.);
#9159 = EDGE_CURVE('',#8405,#8855,#9160,.T.);
#9160 = LINE('',#9161,#9162);
#9161 = CARTESIAN_POINT('',(20.850101493361,-1.954918085303,
    1.740000298592));
#9162 = VECTOR('',#9163,1.);
#9163 = DIRECTION('',(-4.371140912996E-08,8.742273446216E-08,-1.));
#9164 = ORIENTED_EDGE('',*,*,#8404,.T.);
#9165 = PLANE('',#9166);
#9166 = AXIS2_PLACEMENT_3D('',#9167,#9168,#9169);
#9167 = CARTESIAN_POINT('',(21.000101493361,-1.954918087092,
    1.740000292035));
#9168 = DIRECTION('',(-1.19248806385E-08,-1.,-8.742273394091E-08));
#9169 = DIRECTION('',(-1.,1.192487681713E-08,4.371141017247E-08));
#9170 = ADVANCED_FACE('',(#9171),#9177,.T.);
#9171 = FACE_BOUND('',#9172,.T.);
#9172 = EDGE_LOOP('',(#9173,#9174,#9175,#9176));
#9173 = ORIENTED_EDGE('',*,*,#9159,.T.);
#9174 = ORIENTED_EDGE('',*,*,#8913,.T.);
#9175 = ORIENTED_EDGE('',*,*,#9118,.F.);
#9176 = ORIENTED_EDGE('',*,*,#8412,.T.);
#9177 = PLANE('',#9178);
#9178 = AXIS2_PLACEMENT_3D('',#9179,#9180,#9181);
#9179 = CARTESIAN_POINT('',(20.850101438566,-6.549918085303,
    1.739999896884));
#9180 = DIRECTION('',(-1.,1.192487690748E-08,4.371141017247E-08));
#9181 = DIRECTION('',(1.192488072885E-08,1.,8.742273394091E-08));
#9182 = ADVANCED_FACE('',(#9183),#9221,.T.);
#9183 = FACE_BOUND('',#9184,.T.);
#9184 = EDGE_LOOP('',(#9185,#9196,#9205,#9214));
#9185 = ORIENTED_EDGE('',*,*,#9186,.T.);
#9186 = EDGE_CURVE('',#9187,#9189,#9191,.T.);
#9187 = VERTEX_POINT('',#9188);
#9188 = CARTESIAN_POINT('',(20.970101071195,-10.96491745729,
    -5.460000494333));
#9189 = VERTEX_POINT('',#9190);
#9190 = CARTESIAN_POINT('',(21.030101071195,-10.964917458,
    -5.460000496955));
#9191 = B_SPLINE_CURVE_WITH_KNOTS('',3,(#9192,#9193,#9194,#9195),
  .UNSPECIFIED.,.F.,.F.,(4,4),(0.,1.),.PIECEWISE_BEZIER_KNOTS.);
#9192 = CARTESIAN_POINT('',(20.970101071195,-10.96491745729,
    -5.460000494333));
#9193 = CARTESIAN_POINT('',(20.990101071195,-10.96491745752,
    -5.460000495207));
#9194 = CARTESIAN_POINT('',(21.010101071195,-10.96491745776,
    -5.460000496081));
#9195 = CARTESIAN_POINT('',(21.030101071195,-10.964917458,
    -5.460000496955));
#9196 = ORIENTED_EDGE('',*,*,#9197,.T.);
#9197 = EDGE_CURVE('',#9189,#9198,#9200,.T.);
#9198 = VERTEX_POINT('',#9199);
#9199 = CARTESIAN_POINT('',(21.03010107048,-11.024917458,-5.460000502201
    ));
#9200 = B_SPLINE_CURVE_WITH_KNOTS('',3,(#9201,#9202,#9203,#9204),
  .UNSPECIFIED.,.F.,.F.,(4,4),(0.,1.),.PIECEWISE_BEZIER_KNOTS.);
#9201 = CARTESIAN_POINT('',(21.030101071195,-10.964917458,
    -5.460000496955));
#9202 = CARTESIAN_POINT('',(21.030101070957,-10.984917458,
    -5.460000498704));
#9203 = CARTESIAN_POINT('',(21.030101070718,-11.004917458,
    -5.460000500452));
#9204 = CARTESIAN_POINT('',(21.03010107048,-11.024917458,-5.460000502201
    ));
#9205 = ORIENTED_EDGE('',*,*,#9206,.T.);
#9206 = EDGE_CURVE('',#9198,#9207,#9209,.T.);
#9207 = VERTEX_POINT('',#9208);
#9208 = CARTESIAN_POINT('',(20.97010107048,-11.02491745729,
    -5.460000499578));
#9209 = B_SPLINE_CURVE_WITH_KNOTS('',3,(#9210,#9211,#9212,#9213),
  .UNSPECIFIED.,.F.,.F.,(4,4),(0.,1.),.PIECEWISE_BEZIER_KNOTS.);
#9210 = CARTESIAN_POINT('',(21.03010107048,-11.024917458,-5.460000502201
    ));
#9211 = CARTESIAN_POINT('',(21.01010107048,-11.02491745776,
    -5.460000501326));
#9212 = CARTESIAN_POINT('',(20.99010107048,-11.02491745752,
    -5.460000500452));
#9213 = CARTESIAN_POINT('',(20.97010107048,-11.02491745729,
    -5.460000499578));
#9214 = ORIENTED_EDGE('',*,*,#9215,.T.);
#9215 = EDGE_CURVE('',#9207,#9187,#9216,.T.);
#9216 = B_SPLINE_CURVE_WITH_KNOTS('',3,(#9217,#9218,#9219,#9220),
  .UNSPECIFIED.,.F.,.F.,(4,4),(0.,1.),.PIECEWISE_BEZIER_KNOTS.);
#9217 = CARTESIAN_POINT('',(20.97010107048,-11.02491745729,
    -5.460000499578));
#9218 = CARTESIAN_POINT('',(20.970101070718,-11.00491745729,
    -5.460000497829));
#9219 = CARTESIAN_POINT('',(20.970101070957,-10.98491745729,
    -5.460000496081));
#9220 = CARTESIAN_POINT('',(20.970101071195,-10.96491745729,
    -5.460000494333));
#9221 = PLANE('',#9222);
#9222 = AXIS2_PLACEMENT_3D('',#9223,#9224,#9225);
#9223 = CARTESIAN_POINT('',(21.000101123844,-6.549917457649,
    -5.460000109673));
#9224 = DIRECTION('',(-4.371140912996E-08,8.742273446216E-08,-1.));
#9225 = DIRECTION('',(1.19248806385E-08,1.,8.742273394091E-08));
#9226 = ADVANCED_FACE('',(#9227),#9295,.T.);
#9227 = FACE_BOUND('',#9228,.T.);
#9228 = EDGE_LOOP('',(#9229,#9258,#9259,#9288));
#9229 = ORIENTED_EDGE('',*,*,#9230,.F.);
#9230 = EDGE_CURVE('',#9187,#9231,#9233,.T.);
#9231 = VERTEX_POINT('',#9232);
#9232 = CARTESIAN_POINT('',(20.850101077872,-10.84491746635,
    -5.340000478596));
#9233 = B_SPLINE_CURVE_WITH_KNOTS('',3,(#9234,#9235,#9236,#9237,#9238,
    #9239,#9240,#9241,#9242,#9243,#9244,#9245,#9246,#9247,#9248,#9249,
    #9250,#9251,#9252,#9253,#9254,#9255,#9256,#9257),.UNSPECIFIED.,.F.,
  .F.,(4,2,2,1,2,2,2,2,2,1,2,2,4),(0.,0.125,0.1875,0.21875,0.234375,0.25
    ,0.5,0.625,0.6875,0.71875,0.734375,0.75,1.),.UNSPECIFIED.);
#9234 = CARTESIAN_POINT('',(20.970101071195,-10.96491745729,
    -5.460000494333));
#9235 = CARTESIAN_POINT('',(20.968804621196,-10.96362100739,
    -5.460000494162));
#9236 = CARTESIAN_POINT('',(20.965449429588,-10.96066441191,
    -5.458504513233));
#9237 = CARTESIAN_POINT('',(20.957328529841,-10.95258034102,
    -5.452540377683));
#9238 = CARTESIAN_POINT('',(20.954106877869,-10.94928817157,
    -5.449938873939));
#9239 = CARTESIAN_POINT('',(20.948502371826,-10.94352056537,
    -5.445118891993));
#9240 = CARTESIAN_POINT('',(20.945507111783,-10.94043263383,
    -5.442482540701));
#9241 = CARTESIAN_POINT('',(20.942222341205,-10.93708097794,
    -5.439537326516));
#9242 = CARTESIAN_POINT('',(20.939968158479,-10.93479465937,
    -5.43751077843));
#9243 = CARTESIAN_POINT('',(20.937982846812,-10.93279928978,
    -5.435721614923));
#9244 = CARTESIAN_POINT('',(20.931771479109,-10.92658696034,
    -5.430125283531));
#9245 = CARTESIAN_POINT('',(20.920557347902,-10.91537364034,
    -5.419780913374));
#9246 = CARTESIAN_POINT('',(20.900112918854,-10.89492935304,
    -5.399424239235));
#9247 = CARTESIAN_POINT('',(20.8942251172,-10.88893579762,
    -5.393260573783));
#9248 = CARTESIAN_POINT('',(20.886783926734,-10.88150502496,
    -5.385461800361));
#9249 = CARTESIAN_POINT('',(20.884535281915,-10.87927784015,
    -5.383093029818));
#9250 = CARTESIAN_POINT('',(20.881509942692,-10.87628843944,
    -5.379881590812));
#9251 = CARTESIAN_POINT('',(20.880084180082,-10.87488114499,
    -5.378360789476));
#9252 = CARTESIAN_POINT('',(20.878788777975,-10.87359776891,
    -5.376963010213));
#9253 = CARTESIAN_POINT('',(20.87795414557,-10.87276881191,
    -5.376057853853));
#9254 = CARTESIAN_POINT('',(20.878290545376,-10.87310679071,
    -5.376429911284));
#9255 = CARTESIAN_POINT('',(20.85912170731,-10.85394037078,
    -5.355392806759));
#9256 = CARTESIAN_POINT('',(20.85010107775,-10.84491746616,
    -5.342787233143));
#9257 = CARTESIAN_POINT('',(20.850101077872,-10.84491746635,
    -5.340000478596));
#9258 = ORIENTED_EDGE('',*,*,#9215,.F.);
#9259 = ORIENTED_EDGE('',*,*,#9260,.F.);
#9260 = EDGE_CURVE('',#9261,#9207,#9263,.T.);
#9261 = VERTEX_POINT('',#9262);
#9262 = CARTESIAN_POINT('',(20.850101074294,-11.14491746635,
    -5.340000504823));
#9263 = B_SPLINE_CURVE_WITH_KNOTS('',3,(#9264,#9265,#9266,#9267,#9268,
    #9269,#9270,#9271,#9272,#9273,#9274,#9275,#9276,#9277,#9278,#9279,
    #9280,#9281,#9282,#9283,#9284,#9285,#9286,#9287),.UNSPECIFIED.,.F.,
  .F.,(4,2,2,1,2,2,2,2,2,1,2,2,4),(0.,0.125,0.1875,0.21875,0.234375,0.25
    ,0.5,0.625,0.6875,0.71875,0.734375,0.75,1.),.UNSPECIFIED.);
#9264 = CARTESIAN_POINT('',(20.850101074294,-11.14491746635,
    -5.340000504823));
#9265 = CARTESIAN_POINT('',(20.850101074233,-11.14491746622,
    -5.34139364838));
#9266 = CARTESIAN_POINT('',(20.852356231663,-11.14316041686,
    -5.34471882783));
#9267 = CARTESIAN_POINT('',(20.859121704017,-11.13643351348,
    -5.353653449626));
#9268 = CARTESIAN_POINT('',(20.861940650837,-11.13352413813,
    -5.357269760552));
#9269 = CARTESIAN_POINT('',(20.867014755126,-11.12824822114,
    -5.363491472306));
#9270 = CARTESIAN_POINT('',(20.869763228285,-11.12538629505,
    -5.366797656677));
#9271 = CARTESIAN_POINT('',(20.872828832969,-11.12224010254,
    -5.370333872279));
#9272 = CARTESIAN_POINT('',(20.874943043097,-11.12008736398,
    -5.372733615607));
#9273 = CARTESIAN_POINT('',(20.876775050307,-11.11824352323,
    -5.374766641088));
#9274 = CARTESIAN_POINT('',(20.883369578565,-11.11164836822,
    -5.382005495311));
#9275 = CARTESIAN_POINT('',(20.892325076096,-11.10269352866,
    -5.391669676016));
#9276 = CARTESIAN_POINT('',(20.914229051424,-11.08078944617,
    -5.413479882351));
#9277 = CARTESIAN_POINT('',(20.920437192682,-11.07444502273,
    -5.419574753853));
#9278 = CARTESIAN_POINT('',(20.928109628795,-11.06678933627,
    -5.426785189385));
#9279 = CARTESIAN_POINT('',(20.930393811536,-11.06453319573,
    -5.428880322243));
#9280 = CARTESIAN_POINT('',(20.933410141702,-11.06156198536,
    -5.431613102782));
#9281 = CARTESIAN_POINT('',(20.934815820798,-11.06017913451,
    -5.432877384616));
#9282 = CARTESIAN_POINT('',(20.936067770914,-11.05894179827,
    -5.434000181214));
#9283 = CARTESIAN_POINT('',(20.93686824233,-11.05814820517,
    -5.434718583771));
#9284 = CARTESIAN_POINT('',(20.936426095526,-11.05859220276,
    -5.434319397543));
#9285 = CARTESIAN_POINT('',(20.956679474348,-11.03834276683,
    -5.452560947329));
#9286 = CARTESIAN_POINT('',(20.967507340957,-11.02751118702,
    -5.460000499689));
#9287 = CARTESIAN_POINT('',(20.97010107048,-11.02491745729,
    -5.460000499578));
#9288 = ORIENTED_EDGE('',*,*,#9289,.F.);
#9289 = EDGE_CURVE('',#9231,#9261,#9290,.T.);
#9290 = B_SPLINE_CURVE_WITH_KNOTS('',3,(#9291,#9292,#9293,#9294),
  .UNSPECIFIED.,.F.,.F.,(4,4),(0.,1.),.PIECEWISE_BEZIER_KNOTS.);
#9291 = CARTESIAN_POINT('',(20.850101077872,-10.84491746635,
    -5.340000478596));
#9292 = CARTESIAN_POINT('',(20.850101076679,-10.94491746635,
    -5.340000487339));
#9293 = CARTESIAN_POINT('',(20.850101075487,-11.04491746635,
    -5.340000496081));
#9294 = CARTESIAN_POINT('',(20.850101074294,-11.14491746635,
    -5.340000504823));
#9295 = ( BOUNDED_SURFACE() B_SPLINE_SURFACE(2,3,(
    (#9296,#9297,#9298,#9299,#9300,#9301,#9302,#9303)
    ,(#9304,#9305,#9306,#9307,#9308,#9309,#9310,#9311)
    ,(#9312,#9313,#9314,#9315,#9316,#9317,#9318,#9319
)),.UNSPECIFIED.,.F.,.F.,.F.) B_SPLINE_SURFACE_WITH_KNOTS((3,3),(4,2,2,4
    ),(0.,1.),(-4.61E-03,-4.475E-03,-4.415E-03,-4.28E-03),
.UNSPECIFIED.) GEOMETRIC_REPRESENTATION_ITEM() RATIONAL_B_SPLINE_SURFACE
((
    (1.,1.,1.,1.,1.,1.,1.,1.)
    ,(8.485281374239E-02,8.485281374239E-02,8.485281374239E-02
      ,8.485281374239E-02,8.485281374239E-02,8.485281374239E-02
      ,8.485281374239E-02,8.485281374239E-02)
,(1.,1.,1.,1.,1.,1.,1.,1.))) REPRESENTATION_ITEM('') SURFACE() );
#9296 = CARTESIAN_POINT('',(20.97010106887,-11.15991745729,
    -5.46000051138));
#9297 = CARTESIAN_POINT('',(20.970101069406,-11.11491745729,
    -5.460000507446));
#9298 = CARTESIAN_POINT('',(20.970101069943,-11.06991745729,
    -5.460000503512));
#9299 = CARTESIAN_POINT('',(20.970101070718,-11.00491745729,
    -5.460000497829));
#9300 = CARTESIAN_POINT('',(20.970101070957,-10.98491745729,
    -5.460000496081));
#9301 = CARTESIAN_POINT('',(20.970101071732,-10.91991745729,
    -5.460000490399));
#9302 = CARTESIAN_POINT('',(20.970101072268,-10.87491745729,
    -5.460000486465));
#9303 = CARTESIAN_POINT('',(20.970101072805,-10.82991745729,
    -5.46000048253));
#9304 = CARTESIAN_POINT('',(20.85010106887,-11.15991745586,
    -5.460000506135));
#9305 = CARTESIAN_POINT('',(20.850101069406,-11.11491745586,
    -5.460000502201));
#9306 = CARTESIAN_POINT('',(20.850101069943,-11.06991745586,
    -5.460000498267));
#9307 = CARTESIAN_POINT('',(20.850101070718,-11.00491745586,
    -5.460000492584));
#9308 = CARTESIAN_POINT('',(20.850101070957,-10.98491745586,
    -5.460000490836));
#9309 = CARTESIAN_POINT('',(20.850101071732,-10.91991745586,
    -5.460000485153));
#9310 = CARTESIAN_POINT('',(20.850101072268,-10.87491745586,
    -5.460000481219));
#9311 = CARTESIAN_POINT('',(20.850101072805,-10.82991745586,
    -5.460000477285));
#9312 = CARTESIAN_POINT('',(20.850101074115,-11.15991746635,
    -5.340000506135));
#9313 = CARTESIAN_POINT('',(20.850101074652,-11.11491746635,
    -5.340000502201));
#9314 = CARTESIAN_POINT('',(20.850101075188,-11.06991746635,
    -5.340000498267));
#9315 = CARTESIAN_POINT('',(20.850101075964,-11.00491746635,
    -5.340000492584));
#9316 = CARTESIAN_POINT('',(20.850101076202,-10.98491746635,
    -5.340000490836));
#9317 = CARTESIAN_POINT('',(20.850101076977,-10.91991746635,
    -5.340000485153));
#9318 = CARTESIAN_POINT('',(20.850101077514,-10.87491746635,
    -5.340000481219));
#9319 = CARTESIAN_POINT('',(20.85010107805,-10.82991746635,
    -5.340000477285));
#9320 = ADVANCED_FACE('',(#9321),#9361,.T.);
#9321 = FACE_BOUND('',#9322,.T.);
#9322 = EDGE_LOOP('',(#9323,#9324,#9333,#9360));
#9323 = ORIENTED_EDGE('',*,*,#9230,.T.);
#9324 = ORIENTED_EDGE('',*,*,#9325,.F.);
#9325 = EDGE_CURVE('',#9326,#9231,#9328,.T.);
#9326 = VERTEX_POINT('',#9327);
#9327 = CARTESIAN_POINT('',(21.150101077872,-10.84491746992,
    -5.34000049171));
#9328 = B_SPLINE_CURVE_WITH_KNOTS('',3,(#9329,#9330,#9331,#9332),
  .UNSPECIFIED.,.F.,.F.,(4,4),(0.,1.),.PIECEWISE_BEZIER_KNOTS.);
#9329 = CARTESIAN_POINT('',(21.150101077872,-10.84491746992,
    -5.34000049171));
#9330 = CARTESIAN_POINT('',(21.050101077872,-10.84491746873,
    -5.340000487339));
#9331 = CARTESIAN_POINT('',(20.950101077872,-10.84491746754,
    -5.340000482968));
#9332 = CARTESIAN_POINT('',(20.850101077872,-10.84491746635,
    -5.340000478596));
#9333 = ORIENTED_EDGE('',*,*,#9334,.F.);
#9334 = EDGE_CURVE('',#9189,#9326,#9335,.T.);
#9335 = B_SPLINE_CURVE_WITH_KNOTS('',3,(#9336,#9337,#9338,#9339,#9340,
    #9341,#9342,#9343,#9344,#9345,#9346,#9347,#9348,#9349,#9350,#9351,
    #9352,#9353,#9354,#9355,#9356,#9357,#9358,#9359),.UNSPECIFIED.,.F.,
  .F.,(4,2,2,1,2,2,2,2,2,1,2,2,4),(0.,0.125,0.1875,0.21875,0.234375,0.25
    ,0.5,0.625,0.6875,0.71875,0.734375,0.75,1.),.UNSPECIFIED.);
#9336 = CARTESIAN_POINT('',(21.030101071195,-10.964917458,
    -5.460000496955));
#9337 = CARTESIAN_POINT('',(21.031397521094,-10.963621008,
    -5.460000496898));
#9338 = CARTESIAN_POINT('',(21.034354116766,-10.96026581646,
    -5.458504516209));
#9339 = CARTESIAN_POINT('',(21.042438188446,-10.95214491697,
    -5.452540381363));
#9340 = CARTESIAN_POINT('',(21.045730358233,-10.94892326512,
    -5.449938877911));
#9341 = CARTESIAN_POINT('',(21.051497965061,-10.94331875928,
    -5.445118896476));
#9342 = CARTESIAN_POINT('',(21.054585896953,-10.94032349935,
    -5.442482545459));
#9343 = CARTESIAN_POINT('',(21.057937553227,-10.93703872891,
    -5.43953733157));
#9344 = CARTESIAN_POINT('',(21.060223872064,-10.93478454627,
    -5.437510783686));
#9345 = CARTESIAN_POINT('',(21.062219241888,-10.93279923468,
    -5.435721620353));
#9346 = CARTESIAN_POINT('',(21.068431572066,-10.92658786722,
    -5.430125289503));
#9347 = CARTESIAN_POINT('',(21.079644893409,-10.91537373647,
    -5.419780920336));
#9348 = CARTESIAN_POINT('',(21.10008918339,-10.89492930831,
    -5.399424247973));
#9349 = CARTESIAN_POINT('',(21.106082739622,-10.88904150692,
    -5.393260583047));
#9350 = CARTESIAN_POINT('',(21.113513513302,-10.88160031679,
    -5.385461810275));
#9351 = CARTESIAN_POINT('',(21.115740698422,-10.87935167208,
    -5.383093039926));
#9352 = CARTESIAN_POINT('',(21.118730099552,-10.876326333,
    -5.379881601181));
#9353 = CARTESIAN_POINT('',(21.1201373942,-10.87490057045,
    -5.378360799968));
#9354 = CARTESIAN_POINT('',(21.12142077046,-10.87360516841,
    -5.376963020818));
#9355 = CARTESIAN_POINT('',(21.122249727584,-10.87277053605,
    -5.37605786453));
#9356 = CARTESIAN_POINT('',(21.121911748726,-10.87310693584,
    -5.376429921933));
#9357 = CARTESIAN_POINT('',(21.141078171419,-10.85393809869,
    -5.35539281908));
#9358 = CARTESIAN_POINT('',(21.150101077688,-10.84491746968,
    -5.342787246256));
#9359 = CARTESIAN_POINT('',(21.150101077872,-10.84491746992,
    -5.34000049171));
#9360 = ORIENTED_EDGE('',*,*,#9186,.F.);
#9361 = ( BOUNDED_SURFACE() B_SPLINE_SURFACE(2,3,(
    (#9362,#9363,#9364,#9365,#9366,#9367,#9368,#9369)
    ,(#9370,#9371,#9372,#9373,#9374,#9375,#9376,#9377)
    ,(#9378,#9379,#9380,#9381,#9382,#9383,#9384,#9385
)),.UNSPECIFIED.,.F.,.F.,.F.) B_SPLINE_SURFACE_WITH_KNOTS((3,3),(4,2,2,4
    ),(0.,1.),(-3.15E-04,-1.8E-04,-1.2E-04,1.5E-05),.UNSPECIFIED.) 
GEOMETRIC_REPRESENTATION_ITEM() RATIONAL_B_SPLINE_SURFACE((
    (1.,1.,1.,1.,1.,1.,1.,1.)
    ,(8.485281374239E-02,8.485281374239E-02,8.485281374239E-02
      ,8.485281374239E-02,8.485281374239E-02,8.485281374239E-02
      ,8.485281374239E-02,8.485281374239E-02)
,(1.,1.,1.,1.,1.,1.,1.,1.))) REPRESENTATION_ITEM('') SURFACE() );
#9362 = CARTESIAN_POINT('',(20.835101071195,-10.96491745568,
    -5.460000488432));
#9363 = CARTESIAN_POINT('',(20.880101071195,-10.96491745621,
    -5.460000490399));
#9364 = CARTESIAN_POINT('',(20.925101071195,-10.96491745675,
    -5.460000492366));
#9365 = CARTESIAN_POINT('',(20.990101071195,-10.96491745752,
    -5.460000495207));
#9366 = CARTESIAN_POINT('',(21.010101071195,-10.96491745776,
    -5.460000496081));
#9367 = CARTESIAN_POINT('',(21.075101071195,-10.96491745854,
    -5.460000498922));
#9368 = CARTESIAN_POINT('',(21.120101071195,-10.96491745907,
    -5.460000500889));
#9369 = CARTESIAN_POINT('',(21.165101071195,-10.96491745961,
    -5.460000502856));
#9370 = CARTESIAN_POINT('',(20.835101072626,-10.84491745568,
    -5.460000477941));
#9371 = CARTESIAN_POINT('',(20.880101072626,-10.84491745621,
    -5.460000479908));
#9372 = CARTESIAN_POINT('',(20.925101072626,-10.84491745675,
    -5.460000481875));
#9373 = CARTESIAN_POINT('',(20.990101072626,-10.84491745752,
    -5.460000484716));
#9374 = CARTESIAN_POINT('',(21.010101072626,-10.84491745776,
    -5.46000048559));
#9375 = CARTESIAN_POINT('',(21.075101072626,-10.84491745854,
    -5.460000488432));
#9376 = CARTESIAN_POINT('',(21.120101072626,-10.84491745907,
    -5.460000490399));
#9377 = CARTESIAN_POINT('',(21.165101072626,-10.84491745961,
    -5.460000492366));
#9378 = CARTESIAN_POINT('',(20.835101077872,-10.84491746617,
    -5.340000477941));
#9379 = CARTESIAN_POINT('',(20.880101077872,-10.8449174667,
    -5.340000479908));
#9380 = CARTESIAN_POINT('',(20.925101077872,-10.84491746724,
    -5.340000481875));
#9381 = CARTESIAN_POINT('',(20.990101077872,-10.84491746802,
    -5.340000484716));
#9382 = CARTESIAN_POINT('',(21.010101077872,-10.84491746825,
    -5.34000048559));
#9383 = CARTESIAN_POINT('',(21.075101077872,-10.84491746903,
    -5.340000488432));
#9384 = CARTESIAN_POINT('',(21.120101077872,-10.84491746957,
    -5.340000490399));
#9385 = CARTESIAN_POINT('',(21.165101077872,-10.8449174701,
    -5.340000492366));
#9386 = ADVANCED_FACE('',(#9387),#9427,.T.);
#9387 = FACE_BOUND('',#9388,.T.);
#9388 = EDGE_LOOP('',(#9389,#9418,#9419,#9420));
#9389 = ORIENTED_EDGE('',*,*,#9390,.T.);
#9390 = EDGE_CURVE('',#9391,#9198,#9393,.T.);
#9391 = VERTEX_POINT('',#9392);
#9392 = CARTESIAN_POINT('',(21.150101074294,-11.14491746992,
    -5.340000517937));
#9393 = B_SPLINE_CURVE_WITH_KNOTS('',3,(#9394,#9395,#9396,#9397,#9398,
    #9399,#9400,#9401,#9402,#9403,#9404,#9405,#9406,#9407,#9408,#9409,
    #9410,#9411,#9412,#9413,#9414,#9415,#9416,#9417),.UNSPECIFIED.,.F.,
  .F.,(4,2,2,1,2,2,2,2,2,1,2,2,4),(0.,0.125,0.1875,0.21875,0.234375,0.25
    ,0.5,0.625,0.6875,0.71875,0.734375,0.75,1.),.UNSPECIFIED.);
#9394 = CARTESIAN_POINT('',(21.150101074294,-11.14491746992,
    -5.340000517937));
#9395 = CARTESIAN_POINT('',(21.150101074232,-11.1449174698,
    -5.341393661493));
#9396 = CARTESIAN_POINT('',(21.148344025017,-11.14266231194,
    -5.344718840725));
#9397 = CARTESIAN_POINT('',(21.14161712202,-11.13589683841,
    -5.353653461929));
#9398 = CARTESIAN_POINT('',(21.138707746828,-11.13307789112,
    -5.357269772612));
#9399 = CARTESIAN_POINT('',(21.133431830117,-11.12800378601,
    -5.363491483931));
#9400 = CARTESIAN_POINT('',(21.130569904165,-11.12525531242,
    -5.366797668066));
#9401 = CARTESIAN_POINT('',(21.127423711811,-11.12218970727,
    -5.370333883404));
#9402 = CARTESIAN_POINT('',(21.125270973363,-11.12007549683,
    -5.372733626548));
#9403 = CARTESIAN_POINT('',(21.123427132699,-11.11824348935,
    -5.374766651869));
#9404 = CARTESIAN_POINT('',(21.116831977998,-11.11164896014,
    -5.382005505524));
#9405 = CARTESIAN_POINT('',(21.107877138857,-11.10269346134,
    -5.39166968545));
#9406 = CARTESIAN_POINT('',(21.085973057333,-11.08078948316,
    -5.413479889852));
#9407 = CARTESIAN_POINT('',(21.07962863416,-11.07458134111,
    -5.419574760815));
#9408 = CARTESIAN_POINT('',(21.071972948022,-11.06690890405,
    -5.426785195677));
#9409 = CARTESIAN_POINT('',(21.069716807573,-11.06462472103,
    -5.428880328334));
#9410 = CARTESIAN_POINT('',(21.066745597321,-11.06160839051,
    -5.43161310861));
#9411 = CARTESIAN_POINT('',(21.065362746526,-11.06020271124,
    -5.432877390321));
#9412 = CARTESIAN_POINT('',(21.064125410325,-11.05895076098,
    -5.43400018681));
#9413 = CARTESIAN_POINT('',(21.063331817262,-11.05815028947,
    -5.434718589298));
#9414 = CARTESIAN_POINT('',(21.063775814828,-11.05859243632,
    -5.43431940311));
#9415 = CARTESIAN_POINT('',(21.043526379703,-11.03833905511,
    -5.452560951123));
#9416 = CARTESIAN_POINT('',(21.032694800211,-11.02751118752,
    -5.460000502539));
#9417 = CARTESIAN_POINT('',(21.03010107048,-11.024917458,-5.460000502201
    ));
#9418 = ORIENTED_EDGE('',*,*,#9197,.F.);
#9419 = ORIENTED_EDGE('',*,*,#9334,.T.);
#9420 = ORIENTED_EDGE('',*,*,#9421,.F.);
#9421 = EDGE_CURVE('',#9391,#9326,#9422,.T.);
#9422 = B_SPLINE_CURVE_WITH_KNOTS('',3,(#9423,#9424,#9425,#9426),
  .UNSPECIFIED.,.F.,.F.,(4,4),(0.,1.),.PIECEWISE_BEZIER_KNOTS.);
#9423 = CARTESIAN_POINT('',(21.150101074294,-11.14491746992,
    -5.340000517937));
#9424 = CARTESIAN_POINT('',(21.150101075487,-11.04491746992,
    -5.340000509194));
#9425 = CARTESIAN_POINT('',(21.150101076679,-10.94491746992,
    -5.340000500452));
#9426 = CARTESIAN_POINT('',(21.150101077872,-10.84491746992,
    -5.34000049171));
#9427 = ( BOUNDED_SURFACE() B_SPLINE_SURFACE(2,3,(
    (#9428,#9429,#9430,#9431,#9432,#9433,#9434,#9435)
    ,(#9436,#9437,#9438,#9439,#9440,#9441,#9442,#9443)
    ,(#9444,#9445,#9446,#9447,#9448,#9449,#9450,#9451
)),.UNSPECIFIED.,.F.,.F.,.F.) B_SPLINE_SURFACE_WITH_KNOTS((3,3),(4,2,2,4
    ),(0.,1.),(-3.15E-04,-1.8E-04,-1.2E-04,1.5E-05),.UNSPECIFIED.) 
GEOMETRIC_REPRESENTATION_ITEM() RATIONAL_B_SPLINE_SURFACE((
    (1.,1.,1.,1.,1.,1.,1.,1.)
    ,(8.485281374239E-02,8.485281374239E-02,8.485281374239E-02
      ,8.485281374239E-02,8.485281374239E-02,8.485281374239E-02
      ,8.485281374239E-02,8.485281374239E-02)
,(1.,1.,1.,1.,1.,1.,1.,1.))) REPRESENTATION_ITEM('') SURFACE() );
#9428 = CARTESIAN_POINT('',(21.030101072805,-10.829917458,
    -5.460000485153));
#9429 = CARTESIAN_POINT('',(21.030101072268,-10.874917458,
    -5.460000489087));
#9430 = CARTESIAN_POINT('',(21.030101071732,-10.919917458,
    -5.460000493021));
#9431 = CARTESIAN_POINT('',(21.030101070957,-10.984917458,
    -5.460000498704));
#9432 = CARTESIAN_POINT('',(21.030101070718,-11.004917458,
    -5.460000500452));
#9433 = CARTESIAN_POINT('',(21.030101069943,-11.069917458,
    -5.460000506135));
#9434 = CARTESIAN_POINT('',(21.030101069406,-11.114917458,
    -5.460000510069));
#9435 = CARTESIAN_POINT('',(21.03010106887,-11.159917458,-5.460000514003
    ));
#9436 = CARTESIAN_POINT('',(21.150101072805,-10.82991745943,
    -5.460000490399));
#9437 = CARTESIAN_POINT('',(21.150101072268,-10.87491745943,
    -5.460000494333));
#9438 = CARTESIAN_POINT('',(21.150101071732,-10.91991745943,
    -5.460000498267));
#9439 = CARTESIAN_POINT('',(21.150101070957,-10.98491745943,
    -5.460000503949));
#9440 = CARTESIAN_POINT('',(21.150101070718,-11.00491745943,
    -5.460000505698));
#9441 = CARTESIAN_POINT('',(21.150101069943,-11.06991745943,
    -5.46000051138));
#9442 = CARTESIAN_POINT('',(21.150101069406,-11.11491745943,
    -5.460000515314));
#9443 = CARTESIAN_POINT('',(21.15010106887,-11.15991745943,
    -5.460000519248));
#9444 = CARTESIAN_POINT('',(21.15010107805,-10.82991746992,
    -5.340000490399));
#9445 = CARTESIAN_POINT('',(21.150101077514,-10.87491746992,
    -5.340000494333));
#9446 = CARTESIAN_POINT('',(21.150101076977,-10.91991746992,
    -5.340000498267));
#9447 = CARTESIAN_POINT('',(21.150101076202,-10.98491746992,
    -5.340000503949));
#9448 = CARTESIAN_POINT('',(21.150101075964,-11.00491746992,
    -5.340000505698));
#9449 = CARTESIAN_POINT('',(21.150101075188,-11.06991746992,
    -5.34000051138));
#9450 = CARTESIAN_POINT('',(21.150101074652,-11.11491746992,
    -5.340000515314));
#9451 = CARTESIAN_POINT('',(21.150101074115,-11.15991746992,
    -5.340000519248));
#9452 = ADVANCED_FACE('',(#9453),#9465,.T.);
#9453 = FACE_BOUND('',#9454,.T.);
#9454 = EDGE_LOOP('',(#9455,#9456,#9457,#9458));
#9455 = ORIENTED_EDGE('',*,*,#9260,.T.);
#9456 = ORIENTED_EDGE('',*,*,#9206,.F.);
#9457 = ORIENTED_EDGE('',*,*,#9390,.F.);
#9458 = ORIENTED_EDGE('',*,*,#9459,.F.);
#9459 = EDGE_CURVE('',#9261,#9391,#9460,.T.);
#9460 = B_SPLINE_CURVE_WITH_KNOTS('',3,(#9461,#9462,#9463,#9464),
  .UNSPECIFIED.,.F.,.F.,(4,4),(0.,1.),.PIECEWISE_BEZIER_KNOTS.);
#9461 = CARTESIAN_POINT('',(20.850101074294,-11.14491746635,
    -5.340000504823));
#9462 = CARTESIAN_POINT('',(20.950101074294,-11.14491746754,
    -5.340000509194));
#9463 = CARTESIAN_POINT('',(21.050101074294,-11.14491746873,
    -5.340000513566));
#9464 = CARTESIAN_POINT('',(21.150101074294,-11.14491746992,
    -5.340000517937));
#9465 = ( BOUNDED_SURFACE() B_SPLINE_SURFACE(2,3,(
    (#9466,#9467,#9468,#9469,#9470,#9471,#9472,#9473)
    ,(#9474,#9475,#9476,#9477,#9478,#9479,#9480,#9481)
    ,(#9482,#9483,#9484,#9485,#9486,#9487,#9488,#9489
)),.UNSPECIFIED.,.F.,.F.,.F.) B_SPLINE_SURFACE_WITH_KNOTS((3,3),(4,2,2,4
    ),(0.,1.),(-1.65E-04,-2.999999999997E-05,3.000000000003E-05,1.65E-04
),.UNSPECIFIED.) GEOMETRIC_REPRESENTATION_ITEM() 
RATIONAL_B_SPLINE_SURFACE((
    (1.,1.,1.,1.,1.,1.,1.,1.)
    ,(8.485281374239E-02,8.485281374239E-02,8.485281374239E-02
      ,8.485281374239E-02,8.485281374239E-02,8.485281374239E-02
      ,8.485281374239E-02,8.485281374239E-02)
,(1.,1.,1.,1.,1.,1.,1.,1.))) REPRESENTATION_ITEM('') SURFACE() );
#9466 = CARTESIAN_POINT('',(21.16510107048,-11.02491745961,
    -5.460000508102));
#9467 = CARTESIAN_POINT('',(21.12010107048,-11.02491745907,
    -5.460000506135));
#9468 = CARTESIAN_POINT('',(21.07510107048,-11.02491745854,
    -5.460000504168));
#9469 = CARTESIAN_POINT('',(21.01010107048,-11.02491745776,
    -5.460000501326));
#9470 = CARTESIAN_POINT('',(20.99010107048,-11.02491745752,
    -5.460000500452));
#9471 = CARTESIAN_POINT('',(20.92510107048,-11.02491745675,
    -5.460000497611));
#9472 = CARTESIAN_POINT('',(20.88010107048,-11.02491745621,
    -5.460000495644));
#9473 = CARTESIAN_POINT('',(20.83510107048,-11.02491745568,
    -5.460000493677));
#9474 = CARTESIAN_POINT('',(21.165101069049,-11.14491745961,
    -5.460000518592));
#9475 = CARTESIAN_POINT('',(21.120101069049,-11.14491745907,
    -5.460000516625));
#9476 = CARTESIAN_POINT('',(21.075101069049,-11.14491745854,
    -5.460000514658));
#9477 = CARTESIAN_POINT('',(21.010101069049,-11.14491745776,
    -5.460000511817));
#9478 = CARTESIAN_POINT('',(20.990101069049,-11.14491745752,
    -5.460000510943));
#9479 = CARTESIAN_POINT('',(20.925101069049,-11.14491745675,
    -5.460000508102));
#9480 = CARTESIAN_POINT('',(20.880101069049,-11.14491745621,
    -5.460000506135));
#9481 = CARTESIAN_POINT('',(20.835101069049,-11.14491745568,
    -5.460000504168));
#9482 = CARTESIAN_POINT('',(21.165101074294,-11.1449174701,
    -5.340000518592));
#9483 = CARTESIAN_POINT('',(21.120101074294,-11.14491746957,
    -5.340000516625));
#9484 = CARTESIAN_POINT('',(21.075101074294,-11.14491746903,
    -5.340000514658));
#9485 = CARTESIAN_POINT('',(21.010101074294,-11.14491746825,
    -5.340000511817));
#9486 = CARTESIAN_POINT('',(20.990101074294,-11.14491746802,
    -5.340000510943));
#9487 = CARTESIAN_POINT('',(20.925101074294,-11.14491746724,
    -5.340000508102));
#9488 = CARTESIAN_POINT('',(20.880101074294,-11.1449174667,
    -5.340000506135));
#9489 = CARTESIAN_POINT('',(20.835101074294,-11.14491746617,
    -5.340000504168));
#9490 = ADVANCED_FACE('',(#9491),#9507,.T.);
#9491 = FACE_BOUND('',#9492,.T.);
#9492 = EDGE_LOOP('',(#9493,#9499,#9500,#9506));
#9493 = ORIENTED_EDGE('',*,*,#9494,.T.);
#9494 = EDGE_CURVE('',#8175,#9261,#9495,.T.);
#9495 = LINE('',#9496,#9497);
#9496 = CARTESIAN_POINT('',(20.850101383771,-11.1449180853,
    1.739999495177));
#9497 = VECTOR('',#9498,1.);
#9498 = DIRECTION('',(-4.371140912996E-08,8.742273446216E-08,-1.));
#9499 = ORIENTED_EDGE('',*,*,#9459,.T.);
#9500 = ORIENTED_EDGE('',*,*,#9501,.F.);
#9501 = EDGE_CURVE('',#8159,#9391,#9502,.T.);
#9502 = LINE('',#9503,#9504);
#9503 = CARTESIAN_POINT('',(21.150101383771,-11.14491808888,
    1.739999482063));
#9504 = VECTOR('',#9505,1.);
#9505 = DIRECTION('',(-4.371140912996E-08,8.742273446216E-08,-1.));
#9506 = ORIENTED_EDGE('',*,*,#8182,.T.);
#9507 = PLANE('',#9508);
#9508 = AXIS2_PLACEMENT_3D('',#9509,#9510,#9511);
#9509 = CARTESIAN_POINT('',(21.150101383771,-11.14491808888,
    1.739999482063));
#9510 = DIRECTION('',(-1.19248806385E-08,-1.,-8.742273394091E-08));
#9511 = DIRECTION('',(-1.,1.192487681713E-08,4.371141017247E-08));
#9512 = ADVANCED_FACE('',(#9513),#9524,.F.);
#9513 = FACE_BOUND('',#9514,.T.);
#9514 = EDGE_LOOP('',(#9515,#9516,#9517,#9523));
#9515 = ORIENTED_EDGE('',*,*,#9501,.T.);
#9516 = ORIENTED_EDGE('',*,*,#9421,.T.);
#9517 = ORIENTED_EDGE('',*,*,#9518,.F.);
#9518 = EDGE_CURVE('',#8157,#9326,#9519,.T.);
#9519 = LINE('',#9520,#9521);
#9520 = CARTESIAN_POINT('',(21.150101387348,-10.84491808888,
    1.73999950829));
#9521 = VECTOR('',#9522,1.);
#9522 = DIRECTION('',(-4.371140912996E-08,8.742273446216E-08,-1.));
#9523 = ORIENTED_EDGE('',*,*,#8156,.T.);
#9524 = PLANE('',#9525);
#9525 = AXIS2_PLACEMENT_3D('',#9526,#9527,#9528);
#9526 = CARTESIAN_POINT('',(21.150101383771,-11.14491808888,
    1.739999482063));
#9527 = DIRECTION('',(-1.,1.192487690748E-08,4.371141017247E-08));
#9528 = DIRECTION('',(1.192488072885E-08,1.,8.742273394091E-08));
#9529 = ADVANCED_FACE('',(#9530),#9541,.F.);
#9530 = FACE_BOUND('',#9531,.T.);
#9531 = EDGE_LOOP('',(#9532,#9533,#9534,#9540));
#9532 = ORIENTED_EDGE('',*,*,#9518,.T.);
#9533 = ORIENTED_EDGE('',*,*,#9325,.T.);
#9534 = ORIENTED_EDGE('',*,*,#9535,.F.);
#9535 = EDGE_CURVE('',#8167,#9231,#9536,.T.);
#9536 = LINE('',#9537,#9538);
#9537 = CARTESIAN_POINT('',(20.850101387348,-10.8449180853,
    1.739999521404));
#9538 = VECTOR('',#9539,1.);
#9539 = DIRECTION('',(-4.371140912996E-08,8.742273446216E-08,-1.));
#9540 = ORIENTED_EDGE('',*,*,#8166,.T.);
#9541 = PLANE('',#9542);
#9542 = AXIS2_PLACEMENT_3D('',#9543,#9544,#9545);
#9543 = CARTESIAN_POINT('',(21.150101387348,-10.84491808888,
    1.73999950829));
#9544 = DIRECTION('',(-1.192488352971E-08,-1.,-8.742273394091E-08));
#9545 = DIRECTION('',(-4.371140912996E-08,8.742273446216E-08,-1.));
#9546 = ADVANCED_FACE('',(#9547),#9553,.T.);
#9547 = FACE_BOUND('',#9548,.T.);
#9548 = EDGE_LOOP('',(#9549,#9550,#9551,#9552));
#9549 = ORIENTED_EDGE('',*,*,#9535,.T.);
#9550 = ORIENTED_EDGE('',*,*,#9289,.T.);
#9551 = ORIENTED_EDGE('',*,*,#9494,.F.);
#9552 = ORIENTED_EDGE('',*,*,#8174,.T.);
#9553 = PLANE('',#9554);
#9554 = AXIS2_PLACEMENT_3D('',#9555,#9556,#9557);
#9555 = CARTESIAN_POINT('',(20.850101383771,-11.1449180853,
    1.739999495177));
#9556 = DIRECTION('',(-1.,1.192487690748E-08,4.371141017247E-08));
#9557 = DIRECTION('',(1.192488072885E-08,1.,8.742273394091E-08));
#9558 = ADVANCED_FACE('',(#9559),#9597,.T.);
#9559 = FACE_BOUND('',#9560,.T.);
#9560 = EDGE_LOOP('',(#9561,#9572,#9581,#9590));
#9561 = ORIENTED_EDGE('',*,*,#9562,.T.);
#9562 = EDGE_CURVE('',#9563,#9565,#9567,.T.);
#9563 = VERTEX_POINT('',#9564);
#9564 = CARTESIAN_POINT('',(20.97010108634,-9.694917457291,
    -5.460000383306));
#9565 = VERTEX_POINT('',#9566);
#9566 = CARTESIAN_POINT('',(21.03010108634,-9.694917458006,
    -5.460000385928));
#9567 = B_SPLINE_CURVE_WITH_KNOTS('',3,(#9568,#9569,#9570,#9571),
  .UNSPECIFIED.,.F.,.F.,(4,4),(0.,1.),.PIECEWISE_BEZIER_KNOTS.);
#9568 = CARTESIAN_POINT('',(20.97010108634,-9.694917457291,
    -5.460000383306));
#9569 = CARTESIAN_POINT('',(20.99010108634,-9.694917457529,
    -5.46000038418));
#9570 = CARTESIAN_POINT('',(21.01010108634,-9.694917457768,
    -5.460000385054));
#9571 = CARTESIAN_POINT('',(21.03010108634,-9.694917458006,
    -5.460000385928));
#9572 = ORIENTED_EDGE('',*,*,#9573,.T.);
#9573 = EDGE_CURVE('',#9565,#9574,#9576,.T.);
#9574 = VERTEX_POINT('',#9575);
#9575 = CARTESIAN_POINT('',(21.030101085624,-9.754917458006,
    -5.460000391174));
#9576 = B_SPLINE_CURVE_WITH_KNOTS('',3,(#9577,#9578,#9579,#9580),
  .UNSPECIFIED.,.F.,.F.,(4,4),(0.,1.),.PIECEWISE_BEZIER_KNOTS.);
#9577 = CARTESIAN_POINT('',(21.03010108634,-9.694917458006,
    -5.460000385928));
#9578 = CARTESIAN_POINT('',(21.030101086101,-9.714917458006,
    -5.460000387677));
#9579 = CARTESIAN_POINT('',(21.030101085863,-9.734917458006,
    -5.460000389425));
#9580 = CARTESIAN_POINT('',(21.030101085624,-9.754917458006,
    -5.460000391174));
#9581 = ORIENTED_EDGE('',*,*,#9582,.T.);
#9582 = EDGE_CURVE('',#9574,#9583,#9585,.T.);
#9583 = VERTEX_POINT('',#9584);
#9584 = CARTESIAN_POINT('',(20.970101085624,-9.754917457291,
    -5.460000388551));
#9585 = B_SPLINE_CURVE_WITH_KNOTS('',3,(#9586,#9587,#9588,#9589),
  .UNSPECIFIED.,.F.,.F.,(4,4),(0.,1.),.PIECEWISE_BEZIER_KNOTS.);
#9586 = CARTESIAN_POINT('',(21.030101085624,-9.754917458006,
    -5.460000391174));
#9587 = CARTESIAN_POINT('',(21.010101085624,-9.754917457768,
    -5.4600003903));
#9588 = CARTESIAN_POINT('',(20.990101085624,-9.754917457529,
    -5.460000389425));
#9589 = CARTESIAN_POINT('',(20.970101085624,-9.754917457291,
    -5.460000388551));
#9590 = ORIENTED_EDGE('',*,*,#9591,.T.);
#9591 = EDGE_CURVE('',#9583,#9563,#9592,.T.);
#9592 = B_SPLINE_CURVE_WITH_KNOTS('',3,(#9593,#9594,#9595,#9596),
  .UNSPECIFIED.,.F.,.F.,(4,4),(0.,1.),.PIECEWISE_BEZIER_KNOTS.);
#9593 = CARTESIAN_POINT('',(20.970101085624,-9.754917457291,
    -5.460000388551));
#9594 = CARTESIAN_POINT('',(20.970101085863,-9.734917457291,
    -5.460000386803));
#9595 = CARTESIAN_POINT('',(20.970101086101,-9.714917457291,
    -5.460000385054));
#9596 = CARTESIAN_POINT('',(20.97010108634,-9.694917457291,
    -5.460000383306));
#9597 = PLANE('',#9598);
#9598 = AXIS2_PLACEMENT_3D('',#9599,#9600,#9601);
#9599 = CARTESIAN_POINT('',(21.000101123844,-6.549917457649,
    -5.460000109673));
#9600 = DIRECTION('',(-4.371140912996E-08,8.742273446216E-08,-1.));
#9601 = DIRECTION('',(1.19248806385E-08,1.,8.742273394091E-08));
#9602 = ADVANCED_FACE('',(#9603),#9671,.T.);
#9603 = FACE_BOUND('',#9604,.T.);
#9604 = EDGE_LOOP('',(#9605,#9634,#9635,#9664));
#9605 = ORIENTED_EDGE('',*,*,#9606,.F.);
#9606 = EDGE_CURVE('',#9563,#9607,#9609,.T.);
#9607 = VERTEX_POINT('',#9608);
#9608 = CARTESIAN_POINT('',(20.850101093016,-9.574917466351,
    -5.34000036757));
#9609 = B_SPLINE_CURVE_WITH_KNOTS('',3,(#9610,#9611,#9612,#9613,#9614,
    #9615,#9616,#9617,#9618,#9619,#9620,#9621,#9622,#9623,#9624,#9625,
    #9626,#9627,#9628,#9629,#9630,#9631,#9632,#9633),.UNSPECIFIED.,.F.,
  .F.,(4,2,2,1,2,2,2,2,2,1,2,2,4),(0.,0.125,0.1875,0.21875,0.234375,0.25
    ,0.5,0.625,0.6875,0.71875,0.734375,0.75,1.),.UNSPECIFIED.);
#9610 = CARTESIAN_POINT('',(20.97010108634,-9.694917457291,
    -5.460000383306));
#9611 = CARTESIAN_POINT('',(20.968804636341,-9.693621007392,
    -5.460000383135));
#9612 = CARTESIAN_POINT('',(20.965449444733,-9.690664411918,
    -5.458504402206));
#9613 = CARTESIAN_POINT('',(20.957328544985,-9.682580341021,
    -5.452540266656));
#9614 = CARTESIAN_POINT('',(20.954106893014,-9.679288171575,
    -5.449938762913));
#9615 = CARTESIAN_POINT('',(20.94850238697,-9.673520565379,
    -5.445118780966));
#9616 = CARTESIAN_POINT('',(20.945507126927,-9.670432633832,
    -5.442482429675));
#9617 = CARTESIAN_POINT('',(20.94222235635,-9.667080977944,
    -5.43953721549));
#9618 = CARTESIAN_POINT('',(20.939968173624,-9.664794659372,
    -5.437510667404));
#9619 = CARTESIAN_POINT('',(20.937982861956,-9.662799289781,
    -5.435721503896));
#9620 = CARTESIAN_POINT('',(20.93177149426,-9.656586960345,
    -5.430125172509));
#9621 = CARTESIAN_POINT('',(20.920557363051,-9.645373640347,
    -5.419780802351));
#9622 = CARTESIAN_POINT('',(20.900112933997,-9.624929353042,
    -5.399424128206));
#9623 = CARTESIAN_POINT('',(20.894225132342,-9.618935797618,
    -5.393260462753));
#9624 = CARTESIAN_POINT('',(20.886783941876,-9.611505024961,
    -5.385461689331));
#9625 = CARTESIAN_POINT('',(20.884535297057,-9.609277840151,
    -5.383092918789));
#9626 = CARTESIAN_POINT('',(20.881509957835,-9.606288439442,
    -5.379881479783));
#9627 = CARTESIAN_POINT('',(20.880084195226,-9.604881144993,
    -5.378360678448));
#9628 = CARTESIAN_POINT('',(20.878788793118,-9.603597768916,
    -5.376962899185));
#9629 = CARTESIAN_POINT('',(20.877954160714,-9.60276881191,
    -5.376057742825));
#9630 = CARTESIAN_POINT('',(20.878290560521,-9.603106790719,
    -5.376429800257));
#9631 = CARTESIAN_POINT('',(20.859121722454,-9.583940370786,
    -5.355392695731));
#9632 = CARTESIAN_POINT('',(20.850101092894,-9.574917466169,
    -5.342787122116));
#9633 = CARTESIAN_POINT('',(20.850101093016,-9.574917466351,
    -5.34000036757));
#9634 = ORIENTED_EDGE('',*,*,#9591,.F.);
#9635 = ORIENTED_EDGE('',*,*,#9636,.F.);
#9636 = EDGE_CURVE('',#9637,#9583,#9639,.T.);
#9637 = VERTEX_POINT('',#9638);
#9638 = CARTESIAN_POINT('',(20.850101089439,-9.874917466351,
    -5.340000393796));
#9639 = B_SPLINE_CURVE_WITH_KNOTS('',3,(#9640,#9641,#9642,#9643,#9644,
    #9645,#9646,#9647,#9648,#9649,#9650,#9651,#9652,#9653,#9654,#9655,
    #9656,#9657,#9658,#9659,#9660,#9661,#9662,#9663),.UNSPECIFIED.,.F.,
  .F.,(4,2,2,1,2,2,2,2,2,1,2,2,4),(0.,0.125,0.1875,0.21875,0.234375,0.25
    ,0.5,0.625,0.6875,0.71875,0.734375,0.75,1.),.UNSPECIFIED.);
#9640 = CARTESIAN_POINT('',(20.850101089439,-9.874917466351,
    -5.340000393796));
#9641 = CARTESIAN_POINT('',(20.850101089378,-9.874917466228,
    -5.341393537353));
#9642 = CARTESIAN_POINT('',(20.852356246808,-9.873160416868,
    -5.344718716803));
#9643 = CARTESIAN_POINT('',(20.859121719162,-9.86643351348,-5.3536533386
    ));
#9644 = CARTESIAN_POINT('',(20.861940665982,-9.86352413813,
    -5.357269649526));
#9645 = CARTESIAN_POINT('',(20.867014770271,-9.858248221147,
    -5.363491361279));
#9646 = CARTESIAN_POINT('',(20.86976324343,-9.855386295051,
    -5.36679754565));
#9647 = CARTESIAN_POINT('',(20.872828848114,-9.852240102541,
    -5.370333761252));
#9648 = CARTESIAN_POINT('',(20.874943058242,-9.850087363988,
    -5.37273350458));
#9649 = CARTESIAN_POINT('',(20.876775065452,-9.848243523236,
    -5.374766530061));
#9650 = CARTESIAN_POINT('',(20.883369593711,-9.841648368226,
    -5.382005384285));
#9651 = CARTESIAN_POINT('',(20.892325091239,-9.832693528668,
    -5.391669564987));
#9652 = CARTESIAN_POINT('',(20.91422906657,-9.81078944617,
    -5.413479771325));
#9653 = CARTESIAN_POINT('',(20.920437207828,-9.804445022728,
    -5.419574642827));
#9654 = CARTESIAN_POINT('',(20.928109643941,-9.796789336276,
    -5.42678507836));
#9655 = CARTESIAN_POINT('',(20.930393826682,-9.794533195736,
    -5.428880211217));
#9656 = CARTESIAN_POINT('',(20.933410156848,-9.791561985367,
    -5.431612991756));
#9657 = CARTESIAN_POINT('',(20.934815835944,-9.790179134518,
    -5.432877273589));
#9658 = CARTESIAN_POINT('',(20.93606778606,-9.78894179827,
    -5.434000070187));
#9659 = CARTESIAN_POINT('',(20.936868257474,-9.788148205177,
    -5.434718472744));
#9660 = CARTESIAN_POINT('',(20.936426110671,-9.788592202761,
    -5.434319286516));
#9661 = CARTESIAN_POINT('',(20.956679489493,-9.768342766838,
    -5.452560836302));
#9662 = CARTESIAN_POINT('',(20.967507356102,-9.757511187022,
    -5.460000388662));
#9663 = CARTESIAN_POINT('',(20.970101085624,-9.754917457291,
    -5.460000388551));
#9664 = ORIENTED_EDGE('',*,*,#9665,.F.);
#9665 = EDGE_CURVE('',#9607,#9637,#9666,.T.);
#9666 = B_SPLINE_CURVE_WITH_KNOTS('',3,(#9667,#9668,#9669,#9670),
  .UNSPECIFIED.,.F.,.F.,(4,4),(0.,1.),.PIECEWISE_BEZIER_KNOTS.);
#9667 = CARTESIAN_POINT('',(20.850101093016,-9.574917466351,
    -5.34000036757));
#9668 = CARTESIAN_POINT('',(20.850101091824,-9.674917466351,
    -5.340000376312));
#9669 = CARTESIAN_POINT('',(20.850101090631,-9.774917466351,
    -5.340000385054));
#9670 = CARTESIAN_POINT('',(20.850101089439,-9.874917466351,
    -5.340000393796));
#9671 = ( BOUNDED_SURFACE() B_SPLINE_SURFACE(2,3,(
    (#9672,#9673,#9674,#9675,#9676,#9677,#9678,#9679)
    ,(#9680,#9681,#9682,#9683,#9684,#9685,#9686,#9687)
    ,(#9688,#9689,#9690,#9691,#9692,#9693,#9694,#9695
)),.UNSPECIFIED.,.F.,.F.,.F.) B_SPLINE_SURFACE_WITH_KNOTS((3,3),(4,2,2,4
    ),(0.,1.),(-3.34E-03,-3.205E-03,-3.145E-03,-3.01E-03),
.UNSPECIFIED.) GEOMETRIC_REPRESENTATION_ITEM() RATIONAL_B_SPLINE_SURFACE
((
    (1.,1.,1.,1.,1.,1.,1.,1.)
    ,(8.485281374239E-02,8.485281374239E-02,8.485281374239E-02
      ,8.485281374239E-02,8.485281374239E-02,8.485281374239E-02
      ,8.485281374239E-02,8.485281374239E-02)
,(1.,1.,1.,1.,1.,1.,1.,1.))) REPRESENTATION_ITEM('') SURFACE() );
#9672 = CARTESIAN_POINT('',(20.970101084014,-9.889917457291,
    -5.460000400353));
#9673 = CARTESIAN_POINT('',(20.970101084551,-9.844917457291,
    -5.460000396419));
#9674 = CARTESIAN_POINT('',(20.970101085088,-9.799917457291,
    -5.460000392485));
#9675 = CARTESIAN_POINT('',(20.970101085863,-9.734917457291,
    -5.460000386803));
#9676 = CARTESIAN_POINT('',(20.970101086101,-9.714917457291,
    -5.460000385054));
#9677 = CARTESIAN_POINT('',(20.970101086876,-9.649917457291,
    -5.460000379372));
#9678 = CARTESIAN_POINT('',(20.970101087413,-9.604917457291,
    -5.460000375438));
#9679 = CARTESIAN_POINT('',(20.97010108795,-9.559917457291,
    -5.460000371504));
#9680 = CARTESIAN_POINT('',(20.850101084014,-9.88991745586,
    -5.460000395108));
#9681 = CARTESIAN_POINT('',(20.850101084551,-9.84491745586,
    -5.460000391174));
#9682 = CARTESIAN_POINT('',(20.850101085088,-9.79991745586,
    -5.46000038724));
#9683 = CARTESIAN_POINT('',(20.850101085863,-9.73491745586,
    -5.460000381557));
#9684 = CARTESIAN_POINT('',(20.850101086101,-9.71491745586,
    -5.460000379809));
#9685 = CARTESIAN_POINT('',(20.850101086876,-9.64991745586,
    -5.460000374126));
#9686 = CARTESIAN_POINT('',(20.850101087413,-9.60491745586,
    -5.460000370192));
#9687 = CARTESIAN_POINT('',(20.85010108795,-9.55991745586,
    -5.460000366258));
#9688 = CARTESIAN_POINT('',(20.85010108926,-9.889917466351,
    -5.340000395108));
#9689 = CARTESIAN_POINT('',(20.850101089796,-9.844917466351,
    -5.340000391174));
#9690 = CARTESIAN_POINT('',(20.850101090333,-9.799917466351,
    -5.34000038724));
#9691 = CARTESIAN_POINT('',(20.850101091108,-9.734917466351,
    -5.340000381557));
#9692 = CARTESIAN_POINT('',(20.850101091347,-9.714917466351,
    -5.340000379809));
#9693 = CARTESIAN_POINT('',(20.850101092122,-9.649917466351,
    -5.340000374126));
#9694 = CARTESIAN_POINT('',(20.850101092658,-9.604917466351,
    -5.340000370192));
#9695 = CARTESIAN_POINT('',(20.850101093195,-9.559917466351,
    -5.340000366258));
#9696 = ADVANCED_FACE('',(#9697),#9737,.T.);
#9697 = FACE_BOUND('',#9698,.T.);
#9698 = EDGE_LOOP('',(#9699,#9700,#9709,#9736));
#9699 = ORIENTED_EDGE('',*,*,#9606,.T.);
#9700 = ORIENTED_EDGE('',*,*,#9701,.F.);
#9701 = EDGE_CURVE('',#9702,#9607,#9704,.T.);
#9702 = VERTEX_POINT('',#9703);
#9703 = CARTESIAN_POINT('',(21.150101093016,-9.574917469928,
    -5.340000380683));
#9704 = B_SPLINE_CURVE_WITH_KNOTS('',3,(#9705,#9706,#9707,#9708),
  .UNSPECIFIED.,.F.,.F.,(4,4),(0.,1.),.PIECEWISE_BEZIER_KNOTS.);
#9705 = CARTESIAN_POINT('',(21.150101093016,-9.574917469928,
    -5.340000380683));
#9706 = CARTESIAN_POINT('',(21.050101093016,-9.574917468735,
    -5.340000376312));
#9707 = CARTESIAN_POINT('',(20.950101093016,-9.574917467543,
    -5.340000371941));
#9708 = CARTESIAN_POINT('',(20.850101093016,-9.574917466351,
    -5.34000036757));
#9709 = ORIENTED_EDGE('',*,*,#9710,.F.);
#9710 = EDGE_CURVE('',#9565,#9702,#9711,.T.);
#9711 = B_SPLINE_CURVE_WITH_KNOTS('',3,(#9712,#9713,#9714,#9715,#9716,
    #9717,#9718,#9719,#9720,#9721,#9722,#9723,#9724,#9725,#9726,#9727,
    #9728,#9729,#9730,#9731,#9732,#9733,#9734,#9735),.UNSPECIFIED.,.F.,
  .F.,(4,2,2,1,2,2,2,2,2,1,2,2,4),(0.,0.125,0.1875,0.21875,0.234375,0.25
    ,0.5,0.625,0.6875,0.71875,0.734375,0.75,1.),.UNSPECIFIED.);
#9712 = CARTESIAN_POINT('',(21.03010108634,-9.694917458006,
    -5.460000385928));
#9713 = CARTESIAN_POINT('',(21.031397536238,-9.693621008007,
    -5.460000385871));
#9714 = CARTESIAN_POINT('',(21.03435413191,-9.690265816464,
    -5.458504405183));
#9715 = CARTESIAN_POINT('',(21.04243820359,-9.682144916978,
    -5.452540270336));
#9716 = CARTESIAN_POINT('',(21.045730373378,-9.678923265119,
    -5.449938766884));
#9717 = CARTESIAN_POINT('',(21.051497980206,-9.673318759287,
    -5.445118785449));
#9718 = CARTESIAN_POINT('',(21.054585912098,-9.670323499359,
    -5.442482434432));
#9719 = CARTESIAN_POINT('',(21.057937568371,-9.667038728911,
    -5.439537220543));
#9720 = CARTESIAN_POINT('',(21.060223887208,-9.664784546273,
    -5.437510672659));
#9721 = CARTESIAN_POINT('',(21.062219257033,-9.662799234684,
    -5.435721509326));
#9722 = CARTESIAN_POINT('',(21.068431587208,-9.656587867226,
    -5.430125178478));
#9723 = CARTESIAN_POINT('',(21.079644908552,-9.64537373648,
    -5.419780809311));
#9724 = CARTESIAN_POINT('',(21.100089198535,-9.624929308309,
    -5.399424136945));
#9725 = CARTESIAN_POINT('',(21.106082754769,-9.619041506922,
    -5.393260472019));
#9726 = CARTESIAN_POINT('',(21.113513528448,-9.611600316797,
    -5.385461699246));
#9727 = CARTESIAN_POINT('',(21.115740713568,-9.609351672082,
    -5.383092928898));
#9728 = CARTESIAN_POINT('',(21.118730114698,-9.606326333001,
    -5.379881490153));
#9729 = CARTESIAN_POINT('',(21.120137409345,-9.604900570459,
    -5.37836068894));
#9730 = CARTESIAN_POINT('',(21.121420785605,-9.603605168413,
    -5.376962909791));
#9731 = CARTESIAN_POINT('',(21.122249742729,-9.602770536049,
    -5.376057753503));
#9732 = CARTESIAN_POINT('',(21.12191176387,-9.60310693584,
    -5.376429810906));
#9733 = CARTESIAN_POINT('',(21.141078186564,-9.583938098693,
    -5.355392708054));
#9734 = CARTESIAN_POINT('',(21.150101092833,-9.574917469684,
    -5.342787135229));
#9735 = CARTESIAN_POINT('',(21.150101093016,-9.574917469928,
    -5.340000380683));
#9736 = ORIENTED_EDGE('',*,*,#9562,.F.);
#9737 = ( BOUNDED_SURFACE() B_SPLINE_SURFACE(2,3,(
    (#9738,#9739,#9740,#9741,#9742,#9743,#9744,#9745)
    ,(#9746,#9747,#9748,#9749,#9750,#9751,#9752,#9753)
    ,(#9754,#9755,#9756,#9757,#9758,#9759,#9760,#9761
)),.UNSPECIFIED.,.F.,.F.,.F.) B_SPLINE_SURFACE_WITH_KNOTS((3,3),(4,2,2,4
    ),(0.,1.),(-3.15E-04,-1.8E-04,-1.2E-04,1.5E-05),.UNSPECIFIED.) 
GEOMETRIC_REPRESENTATION_ITEM() RATIONAL_B_SPLINE_SURFACE((
    (1.,1.,1.,1.,1.,1.,1.,1.)
    ,(8.485281374239E-02,8.485281374239E-02,8.485281374239E-02
      ,8.485281374239E-02,8.485281374239E-02,8.485281374239E-02
      ,8.485281374239E-02,8.485281374239E-02)
,(1.,1.,1.,1.,1.,1.,1.,1.))) REPRESENTATION_ITEM('') SURFACE() );
#9738 = CARTESIAN_POINT('',(20.83510108634,-9.694917455681,
    -5.460000377405));
#9739 = CARTESIAN_POINT('',(20.88010108634,-9.694917456218,
    -5.460000379372));
#9740 = CARTESIAN_POINT('',(20.92510108634,-9.694917456754,
    -5.460000381339));
#9741 = CARTESIAN_POINT('',(20.99010108634,-9.694917457529,
    -5.46000038418));
#9742 = CARTESIAN_POINT('',(21.01010108634,-9.694917457768,
    -5.460000385054));
#9743 = CARTESIAN_POINT('',(21.07510108634,-9.694917458543,
    -5.460000387895));
#9744 = CARTESIAN_POINT('',(21.12010108634,-9.694917459079,
    -5.460000389862));
#9745 = CARTESIAN_POINT('',(21.16510108634,-9.694917459616,
    -5.460000391829));
#9746 = CARTESIAN_POINT('',(20.835101087771,-9.574917455681,
    -5.460000366914));
#9747 = CARTESIAN_POINT('',(20.880101087771,-9.574917456218,
    -5.460000368881));
#9748 = CARTESIAN_POINT('',(20.925101087771,-9.574917456754,
    -5.460000370848));
#9749 = CARTESIAN_POINT('',(20.990101087771,-9.574917457529,
    -5.460000373689));
#9750 = CARTESIAN_POINT('',(21.010101087771,-9.574917457768,
    -5.460000374563));
#9751 = CARTESIAN_POINT('',(21.075101087771,-9.574917458543,
    -5.460000377405));
#9752 = CARTESIAN_POINT('',(21.120101087771,-9.574917459079,
    -5.460000379372));
#9753 = CARTESIAN_POINT('',(21.165101087771,-9.574917459616,
    -5.460000381339));
#9754 = CARTESIAN_POINT('',(20.835101093016,-9.574917466172,
    -5.340000366914));
#9755 = CARTESIAN_POINT('',(20.880101093016,-9.574917466708,
    -5.340000368881));
#9756 = CARTESIAN_POINT('',(20.925101093016,-9.574917467245,
    -5.340000370848));
#9757 = CARTESIAN_POINT('',(20.990101093016,-9.57491746802,
    -5.340000373689));
#9758 = CARTESIAN_POINT('',(21.010101093016,-9.574917468258,
    -5.340000374563));
#9759 = CARTESIAN_POINT('',(21.075101093016,-9.574917469034,
    -5.340000377405));
#9760 = CARTESIAN_POINT('',(21.120101093016,-9.57491746957,
    -5.340000379372));
#9761 = CARTESIAN_POINT('',(21.165101093016,-9.574917470107,
    -5.340000381339));
#9762 = ADVANCED_FACE('',(#9763),#9803,.T.);
#9763 = FACE_BOUND('',#9764,.T.);
#9764 = EDGE_LOOP('',(#9765,#9794,#9795,#9796));
#9765 = ORIENTED_EDGE('',*,*,#9766,.T.);
#9766 = EDGE_CURVE('',#9767,#9574,#9769,.T.);
#9767 = VERTEX_POINT('',#9768);
#9768 = CARTESIAN_POINT('',(21.150101089439,-9.874917469928,
    -5.34000040691));
#9769 = B_SPLINE_CURVE_WITH_KNOTS('',3,(#9770,#9771,#9772,#9773,#9774,
    #9775,#9776,#9777,#9778,#9779,#9780,#9781,#9782,#9783,#9784,#9785,
    #9786,#9787,#9788,#9789,#9790,#9791,#9792,#9793),.UNSPECIFIED.,.F.,
  .F.,(4,2,2,1,2,2,2,2,2,1,2,2,4),(0.,0.125,0.1875,0.21875,0.234375,0.25
    ,0.5,0.625,0.6875,0.71875,0.734375,0.75,1.),.UNSPECIFIED.);
#9770 = CARTESIAN_POINT('',(21.150101089439,-9.874917469928,
    -5.34000040691));
#9771 = CARTESIAN_POINT('',(21.150101089377,-9.874917469806,
    -5.341393550466));
#9772 = CARTESIAN_POINT('',(21.148344040162,-9.87266231194,
    -5.344718729698));
#9773 = CARTESIAN_POINT('',(21.141617137165,-9.865896838415,
    -5.353653350902));
#9774 = CARTESIAN_POINT('',(21.138707761973,-9.86307789112,
    -5.357269661586));
#9775 = CARTESIAN_POINT('',(21.133431845262,-9.858003786016,
    -5.363491372904));
#9776 = CARTESIAN_POINT('',(21.13056991931,-9.855255312423,
    -5.366797557039));
#9777 = CARTESIAN_POINT('',(21.127423726955,-9.852189707275,
    -5.370333772377));
#9778 = CARTESIAN_POINT('',(21.125270988507,-9.850075496832,
    -5.372733515521));
#9779 = CARTESIAN_POINT('',(21.123427147843,-9.848243489356,
    -5.374766540842));
#9780 = CARTESIAN_POINT('',(21.116831993149,-9.841648960147,
    -5.38200539449));
#9781 = CARTESIAN_POINT('',(21.107877154014,-9.832693461351,
    -5.39166957441));
#9782 = CARTESIAN_POINT('',(21.085973072471,-9.810789483162,
    -5.413479778832));
#9783 = CARTESIAN_POINT('',(21.079628649295,-9.804581341104,
    -5.419574649797));
#9784 = CARTESIAN_POINT('',(21.071972963158,-9.796908904046,
    -5.426785084658));
#9785 = CARTESIAN_POINT('',(21.069716822709,-9.79462472103,
    -5.428880217315));
#9786 = CARTESIAN_POINT('',(21.06674561246,-9.791608390506,
    -5.431612997588));
#9787 = CARTESIAN_POINT('',(21.065362761666,-9.790202711244,
    -5.432877279298));
#9788 = CARTESIAN_POINT('',(21.064125425468,-9.788950760981,
    -5.434000075786));
#9789 = CARTESIAN_POINT('',(21.063331832405,-9.788150289472,
    -5.434718478272));
#9790 = CARTESIAN_POINT('',(21.063775829972,-9.788592436327,
    -5.434319292083));
#9791 = CARTESIAN_POINT('',(21.043526394847,-9.768339055114,
    -5.452560840097));
#9792 = CARTESIAN_POINT('',(21.032694815356,-9.757511187529,
    -5.460000391512));
#9793 = CARTESIAN_POINT('',(21.030101085624,-9.754917458006,
    -5.460000391174));
#9794 = ORIENTED_EDGE('',*,*,#9573,.F.);
#9795 = ORIENTED_EDGE('',*,*,#9710,.T.);
#9796 = ORIENTED_EDGE('',*,*,#9797,.F.);
#9797 = EDGE_CURVE('',#9767,#9702,#9798,.T.);
#9798 = B_SPLINE_CURVE_WITH_KNOTS('',3,(#9799,#9800,#9801,#9802),
  .UNSPECIFIED.,.F.,.F.,(4,4),(0.,1.),.PIECEWISE_BEZIER_KNOTS.);
#9799 = CARTESIAN_POINT('',(21.150101089439,-9.874917469928,
    -5.34000040691));
#9800 = CARTESIAN_POINT('',(21.150101090631,-9.774917469928,
    -5.340000398168));
#9801 = CARTESIAN_POINT('',(21.150101091824,-9.674917469928,
    -5.340000389425));
#9802 = CARTESIAN_POINT('',(21.150101093016,-9.574917469928,
    -5.340000380683));
#9803 = ( BOUNDED_SURFACE() B_SPLINE_SURFACE(2,3,(
    (#9804,#9805,#9806,#9807,#9808,#9809,#9810,#9811)
    ,(#9812,#9813,#9814,#9815,#9816,#9817,#9818,#9819)
    ,(#9820,#9821,#9822,#9823,#9824,#9825,#9826,#9827
)),.UNSPECIFIED.,.F.,.F.,.F.) B_SPLINE_SURFACE_WITH_KNOTS((3,3),(4,2,2,4
    ),(0.,1.),(-3.15E-04,-1.8E-04,-1.2E-04,1.5E-05),.UNSPECIFIED.) 
GEOMETRIC_REPRESENTATION_ITEM() RATIONAL_B_SPLINE_SURFACE((
    (1.,1.,1.,1.,1.,1.,1.,1.)
    ,(8.485281374239E-02,8.485281374239E-02,8.485281374239E-02
      ,8.485281374239E-02,8.485281374239E-02,8.485281374239E-02
      ,8.485281374239E-02,8.485281374239E-02)
,(1.,1.,1.,1.,1.,1.,1.,1.))) REPRESENTATION_ITEM('') SURFACE() );
#9804 = CARTESIAN_POINT('',(21.03010108795,-9.559917458006,
    -5.460000374126));
#9805 = CARTESIAN_POINT('',(21.030101087413,-9.604917458006,
    -5.46000037806));
#9806 = CARTESIAN_POINT('',(21.030101086876,-9.649917458006,
    -5.460000381994));
#9807 = CARTESIAN_POINT('',(21.030101086101,-9.714917458006,
    -5.460000387677));
#9808 = CARTESIAN_POINT('',(21.030101085863,-9.734917458006,
    -5.460000389425));
#9809 = CARTESIAN_POINT('',(21.030101085088,-9.799917458006,
    -5.460000395108));
#9810 = CARTESIAN_POINT('',(21.030101084551,-9.844917458006,
    -5.460000399042));
#9811 = CARTESIAN_POINT('',(21.030101084014,-9.889917458006,
    -5.460000402976));
#9812 = CARTESIAN_POINT('',(21.15010108795,-9.559917459437,
    -5.460000379372));
#9813 = CARTESIAN_POINT('',(21.150101087413,-9.604917459437,
    -5.460000383306));
#9814 = CARTESIAN_POINT('',(21.150101086876,-9.649917459437,
    -5.46000038724));
#9815 = CARTESIAN_POINT('',(21.150101086101,-9.714917459437,
    -5.460000392922));
#9816 = CARTESIAN_POINT('',(21.150101085863,-9.734917459437,
    -5.460000394671));
#9817 = CARTESIAN_POINT('',(21.150101085088,-9.799917459437,
    -5.460000400353));
#9818 = CARTESIAN_POINT('',(21.150101084551,-9.844917459437,
    -5.460000404287));
#9819 = CARTESIAN_POINT('',(21.150101084014,-9.889917459437,
    -5.460000408221));
#9820 = CARTESIAN_POINT('',(21.150101093195,-9.559917469928,
    -5.340000379372));
#9821 = CARTESIAN_POINT('',(21.150101092658,-9.604917469928,
    -5.340000383306));
#9822 = CARTESIAN_POINT('',(21.150101092122,-9.649917469928,
    -5.34000038724));
#9823 = CARTESIAN_POINT('',(21.150101091347,-9.714917469928,
    -5.340000392922));
#9824 = CARTESIAN_POINT('',(21.150101091108,-9.734917469928,
    -5.340000394671));
#9825 = CARTESIAN_POINT('',(21.150101090333,-9.799917469928,
    -5.340000400353));
#9826 = CARTESIAN_POINT('',(21.150101089796,-9.844917469928,
    -5.340000404287));
#9827 = CARTESIAN_POINT('',(21.15010108926,-9.889917469928,
    -5.340000408221));
#9828 = ADVANCED_FACE('',(#9829),#9841,.T.);
#9829 = FACE_BOUND('',#9830,.T.);
#9830 = EDGE_LOOP('',(#9831,#9832,#9833,#9834));
#9831 = ORIENTED_EDGE('',*,*,#9636,.T.);
#9832 = ORIENTED_EDGE('',*,*,#9582,.F.);
#9833 = ORIENTED_EDGE('',*,*,#9766,.F.);
#9834 = ORIENTED_EDGE('',*,*,#9835,.F.);
#9835 = EDGE_CURVE('',#9637,#9767,#9836,.T.);
#9836 = B_SPLINE_CURVE_WITH_KNOTS('',3,(#9837,#9838,#9839,#9840),
  .UNSPECIFIED.,.F.,.F.,(4,4),(0.,1.),.PIECEWISE_BEZIER_KNOTS.);
#9837 = CARTESIAN_POINT('',(20.850101089439,-9.874917466351,
    -5.340000393796));
#9838 = CARTESIAN_POINT('',(20.950101089439,-9.874917467543,
    -5.340000398168));
#9839 = CARTESIAN_POINT('',(21.050101089439,-9.874917468735,
    -5.340000402539));
#9840 = CARTESIAN_POINT('',(21.150101089439,-9.874917469928,
    -5.34000040691));
#9841 = ( BOUNDED_SURFACE() B_SPLINE_SURFACE(2,3,(
    (#9842,#9843,#9844,#9845,#9846,#9847,#9848,#9849)
    ,(#9850,#9851,#9852,#9853,#9854,#9855,#9856,#9857)
    ,(#9858,#9859,#9860,#9861,#9862,#9863,#9864,#9865
)),.UNSPECIFIED.,.F.,.F.,.F.) B_SPLINE_SURFACE_WITH_KNOTS((3,3),(4,2,2,4
    ),(0.,1.),(-1.65E-04,-2.999999999997E-05,3.000000000003E-05,1.65E-04
),.UNSPECIFIED.) GEOMETRIC_REPRESENTATION_ITEM() 
RATIONAL_B_SPLINE_SURFACE((
    (1.,1.,1.,1.,1.,1.,1.,1.)
    ,(8.485281374239E-02,8.485281374239E-02,8.485281374239E-02
      ,8.485281374239E-02,8.485281374239E-02,8.485281374239E-02
      ,8.485281374239E-02,8.485281374239E-02)
,(1.,1.,1.,1.,1.,1.,1.,1.))) REPRESENTATION_ITEM('') SURFACE() );
#9842 = CARTESIAN_POINT('',(21.165101085624,-9.754917459616,
    -5.460000397075));
#9843 = CARTESIAN_POINT('',(21.120101085624,-9.754917459079,
    -5.460000395108));
#9844 = CARTESIAN_POINT('',(21.075101085624,-9.754917458543,
    -5.460000393141));
#9845 = CARTESIAN_POINT('',(21.010101085624,-9.754917457768,
    -5.4600003903));
#9846 = CARTESIAN_POINT('',(20.990101085624,-9.754917457529,
    -5.460000389425));
#9847 = CARTESIAN_POINT('',(20.925101085624,-9.754917456754,
    -5.460000386584));
#9848 = CARTESIAN_POINT('',(20.880101085624,-9.754917456218,
    -5.460000384617));
#9849 = CARTESIAN_POINT('',(20.835101085624,-9.754917455681,
    -5.46000038265));
#9850 = CARTESIAN_POINT('',(21.165101084193,-9.874917459616,
    -5.460000407565));
#9851 = CARTESIAN_POINT('',(21.120101084193,-9.874917459079,
    -5.460000405598));
#9852 = CARTESIAN_POINT('',(21.075101084193,-9.874917458543,
    -5.460000403631));
#9853 = CARTESIAN_POINT('',(21.010101084193,-9.874917457768,
    -5.46000040079));
#9854 = CARTESIAN_POINT('',(20.990101084193,-9.874917457529,
    -5.460000399916));
#9855 = CARTESIAN_POINT('',(20.925101084193,-9.874917456754,
    -5.460000397075));
#9856 = CARTESIAN_POINT('',(20.880101084193,-9.874917456218,
    -5.460000395108));
#9857 = CARTESIAN_POINT('',(20.835101084193,-9.874917455681,
    -5.460000393141));
#9858 = CARTESIAN_POINT('',(21.165101089439,-9.874917470107,
    -5.340000407565));
#9859 = CARTESIAN_POINT('',(21.120101089439,-9.87491746957,
    -5.340000405598));
#9860 = CARTESIAN_POINT('',(21.075101089439,-9.874917469034,
    -5.340000403631));
#9861 = CARTESIAN_POINT('',(21.010101089439,-9.874917468258,
    -5.34000040079));
#9862 = CARTESIAN_POINT('',(20.990101089439,-9.87491746802,
    -5.340000399916));
#9863 = CARTESIAN_POINT('',(20.925101089439,-9.874917467245,
    -5.340000397075));
#9864 = CARTESIAN_POINT('',(20.880101089439,-9.874917466708,
    -5.340000395108));
#9865 = CARTESIAN_POINT('',(20.835101089439,-9.874917466172,
    -5.340000393141));
#9866 = ADVANCED_FACE('',(#9867),#9883,.T.);
#9867 = FACE_BOUND('',#9868,.T.);
#9868 = EDGE_LOOP('',(#9869,#9875,#9876,#9882));
#9869 = ORIENTED_EDGE('',*,*,#9870,.T.);
#9870 = EDGE_CURVE('',#8209,#9637,#9871,.T.);
#9871 = LINE('',#9872,#9873);
#9872 = CARTESIAN_POINT('',(20.850101398915,-9.874918085303,
    1.739999606204));
#9873 = VECTOR('',#9874,1.);
#9874 = DIRECTION('',(-4.371140912996E-08,8.742273446216E-08,-1.));
#9875 = ORIENTED_EDGE('',*,*,#9835,.T.);
#9876 = ORIENTED_EDGE('',*,*,#9877,.F.);
#9877 = EDGE_CURVE('',#8193,#9767,#9878,.T.);
#9878 = LINE('',#9879,#9880);
#9879 = CARTESIAN_POINT('',(21.150101398915,-9.874918088881,
    1.73999959309));
#9880 = VECTOR('',#9881,1.);
#9881 = DIRECTION('',(-4.371140912996E-08,8.742273446216E-08,-1.));
#9882 = ORIENTED_EDGE('',*,*,#8216,.T.);
#9883 = PLANE('',#9884);
#9884 = AXIS2_PLACEMENT_3D('',#9885,#9886,#9887);
#9885 = CARTESIAN_POINT('',(21.150101398915,-9.874918088881,
    1.73999959309));
#9886 = DIRECTION('',(-1.19248806385E-08,-1.,-8.742273394091E-08));
#9887 = DIRECTION('',(-1.,1.192487681713E-08,4.371141017247E-08));
#9888 = ADVANCED_FACE('',(#9889),#9900,.F.);
#9889 = FACE_BOUND('',#9890,.T.);
#9890 = EDGE_LOOP('',(#9891,#9892,#9893,#9899));
#9891 = ORIENTED_EDGE('',*,*,#9877,.T.);
#9892 = ORIENTED_EDGE('',*,*,#9797,.T.);
#9893 = ORIENTED_EDGE('',*,*,#9894,.F.);
#9894 = EDGE_CURVE('',#8191,#9702,#9895,.T.);
#9895 = LINE('',#9896,#9897);
#9896 = CARTESIAN_POINT('',(21.150101402493,-9.574918088881,
    1.739999619317));
#9897 = VECTOR('',#9898,1.);
#9898 = DIRECTION('',(-4.371140912996E-08,8.742273446216E-08,-1.));
#9899 = ORIENTED_EDGE('',*,*,#8190,.T.);
#9900 = PLANE('',#9901);
#9901 = AXIS2_PLACEMENT_3D('',#9902,#9903,#9904);
#9902 = CARTESIAN_POINT('',(21.150101398915,-9.874918088881,
    1.73999959309));
#9903 = DIRECTION('',(-1.,1.192487690748E-08,4.371141017247E-08));
#9904 = DIRECTION('',(1.192488072885E-08,1.,8.742273394091E-08));
#9905 = ADVANCED_FACE('',(#9906),#9917,.F.);
#9906 = FACE_BOUND('',#9907,.T.);
#9907 = EDGE_LOOP('',(#9908,#9909,#9910,#9916));
#9908 = ORIENTED_EDGE('',*,*,#9894,.T.);
#9909 = ORIENTED_EDGE('',*,*,#9701,.T.);
#9910 = ORIENTED_EDGE('',*,*,#9911,.F.);
#9911 = EDGE_CURVE('',#8201,#9607,#9912,.T.);
#9912 = LINE('',#9913,#9914);
#9913 = CARTESIAN_POINT('',(20.850101402493,-9.574918085303,
    1.73999963243));
#9914 = VECTOR('',#9915,1.);
#9915 = DIRECTION('',(-4.371140912996E-08,8.742273446216E-08,-1.));
#9916 = ORIENTED_EDGE('',*,*,#8200,.T.);
#9917 = PLANE('',#9918);
#9918 = AXIS2_PLACEMENT_3D('',#9919,#9920,#9921);
#9919 = CARTESIAN_POINT('',(21.150101402493,-9.574918088881,
    1.739999619317));
#9920 = DIRECTION('',(-1.19248806385E-08,-1.,-8.742273394091E-08));
#9921 = DIRECTION('',(-1.,1.192487681713E-08,4.371141017247E-08));
#9922 = ADVANCED_FACE('',(#9923),#9929,.T.);
#9923 = FACE_BOUND('',#9924,.T.);
#9924 = EDGE_LOOP('',(#9925,#9926,#9927,#9928));
#9925 = ORIENTED_EDGE('',*,*,#9911,.T.);
#9926 = ORIENTED_EDGE('',*,*,#9665,.T.);
#9927 = ORIENTED_EDGE('',*,*,#9870,.F.);
#9928 = ORIENTED_EDGE('',*,*,#8208,.T.);
#9929 = PLANE('',#9930);
#9930 = AXIS2_PLACEMENT_3D('',#9931,#9932,#9933);
#9931 = CARTESIAN_POINT('',(20.850101398915,-9.874918085303,
    1.739999606204));
#9932 = DIRECTION('',(-1.,1.192487690748E-08,4.371141017247E-08));
#9933 = DIRECTION('',(1.192488072885E-08,1.,8.742273394091E-08));
#9934 = ADVANCED_FACE('',(#9935),#9973,.T.);
#9935 = FACE_BOUND('',#9936,.T.);
#9936 = EDGE_LOOP('',(#9937,#9948,#9957,#9966));
#9937 = ORIENTED_EDGE('',*,*,#9938,.T.);
#9938 = EDGE_CURVE('',#9939,#9941,#9943,.T.);
#9939 = VERTEX_POINT('',#9940);
#9940 = CARTESIAN_POINT('',(20.970101162063,-3.344917457291,
    -5.459999828171));
#9941 = VERTEX_POINT('',#9942);
#9942 = CARTESIAN_POINT('',(21.030101162063,-3.344917458006,
    -5.459999830794));
#9943 = B_SPLINE_CURVE_WITH_KNOTS('',3,(#9944,#9945,#9946,#9947),
  .UNSPECIFIED.,.F.,.F.,(4,4),(0.,1.),.PIECEWISE_BEZIER_KNOTS.);
#9944 = CARTESIAN_POINT('',(20.970101162063,-3.344917457291,
    -5.459999828171));
#9945 = CARTESIAN_POINT('',(20.990101162063,-3.344917457529,
    -5.459999829046));
#9946 = CARTESIAN_POINT('',(21.010101162063,-3.344917457768,
    -5.45999982992));
#9947 = CARTESIAN_POINT('',(21.030101162063,-3.344917458006,
    -5.459999830794));
#9948 = ORIENTED_EDGE('',*,*,#9949,.T.);
#9949 = EDGE_CURVE('',#9941,#9950,#9952,.T.);
#9950 = VERTEX_POINT('',#9951);
#9951 = CARTESIAN_POINT('',(21.030101161347,-3.404917458006,
    -5.459999836039));
#9952 = B_SPLINE_CURVE_WITH_KNOTS('',3,(#9953,#9954,#9955,#9956),
  .UNSPECIFIED.,.F.,.F.,(4,4),(0.,1.),.PIECEWISE_BEZIER_KNOTS.);
#9953 = CARTESIAN_POINT('',(21.030101162063,-3.344917458006,
    -5.459999830794));
#9954 = CARTESIAN_POINT('',(21.030101161824,-3.364917458006,
    -5.459999832542));
#9955 = CARTESIAN_POINT('',(21.030101161586,-3.384917458006,
    -5.459999834291));
#9956 = CARTESIAN_POINT('',(21.030101161347,-3.404917458006,
    -5.459999836039));
#9957 = ORIENTED_EDGE('',*,*,#9958,.T.);
#9958 = EDGE_CURVE('',#9950,#9959,#9961,.T.);
#9959 = VERTEX_POINT('',#9960);
#9960 = CARTESIAN_POINT('',(20.970101161347,-3.404917457291,
    -5.459999833417));
#9961 = B_SPLINE_CURVE_WITH_KNOTS('',3,(#9962,#9963,#9964,#9965),
  .UNSPECIFIED.,.F.,.F.,(4,4),(0.,1.),.PIECEWISE_BEZIER_KNOTS.);
#9962 = CARTESIAN_POINT('',(21.030101161347,-3.404917458006,
    -5.459999836039));
#9963 = CARTESIAN_POINT('',(21.010101161347,-3.404917457768,
    -5.459999835165));
#9964 = CARTESIAN_POINT('',(20.990101161347,-3.404917457529,
    -5.459999834291));
#9965 = CARTESIAN_POINT('',(20.970101161347,-3.404917457291,
    -5.459999833417));
#9966 = ORIENTED_EDGE('',*,*,#9967,.T.);
#9967 = EDGE_CURVE('',#9959,#9939,#9968,.T.);
#9968 = B_SPLINE_CURVE_WITH_KNOTS('',3,(#9969,#9970,#9971,#9972),
  .UNSPECIFIED.,.F.,.F.,(4,4),(0.,1.),.PIECEWISE_BEZIER_KNOTS.);
#9969 = CARTESIAN_POINT('',(20.970101161347,-3.404917457291,
    -5.459999833417));
#9970 = CARTESIAN_POINT('',(20.970101161586,-3.384917457291,
    -5.459999831668));
#9971 = CARTESIAN_POINT('',(20.970101161824,-3.364917457291,
    -5.45999982992));
#9972 = CARTESIAN_POINT('',(20.970101162063,-3.344917457291,
    -5.459999828171));
#9973 = PLANE('',#9974);
#9974 = AXIS2_PLACEMENT_3D('',#9975,#9976,#9977);
#9975 = CARTESIAN_POINT('',(21.000101123844,-6.549917457649,
    -5.460000109673));
#9976 = DIRECTION('',(-4.371140912996E-08,8.742273446216E-08,-1.));
#9977 = DIRECTION('',(1.19248806385E-08,1.,8.742273394091E-08));
#9978 = ADVANCED_FACE('',(#9979),#10047,.T.);
#9979 = FACE_BOUND('',#9980,.T.);
#9980 = EDGE_LOOP('',(#9981,#10010,#10011,#10040));
#9981 = ORIENTED_EDGE('',*,*,#9982,.F.);
#9982 = EDGE_CURVE('',#9939,#9983,#9985,.T.);
#9983 = VERTEX_POINT('',#9984);
#9984 = CARTESIAN_POINT('',(20.850101168739,-3.224917466351,
    -5.339999812435));
#9985 = B_SPLINE_CURVE_WITH_KNOTS('',3,(#9986,#9987,#9988,#9989,#9990,
    #9991,#9992,#9993,#9994,#9995,#9996,#9997,#9998,#9999,#10000,#10001,
    #10002,#10003,#10004,#10005,#10006,#10007,#10008,#10009),
  .UNSPECIFIED.,.F.,.F.,(4,2,2,1,2,2,2,2,2,1,2,2,4),(0.,0.125,0.1875,
    0.21875,0.234375,0.25,0.5,0.625,0.6875,0.71875,0.734375,0.75,1.),
  .UNSPECIFIED.);
#9986 = CARTESIAN_POINT('',(20.970101162063,-3.344917457291,
    -5.459999828171));
#9987 = CARTESIAN_POINT('',(20.968804712064,-3.343621007392,-5.459999828
    ));
#9988 = CARTESIAN_POINT('',(20.965449520456,-3.340664411917,
    -5.458503847072));
#9989 = CARTESIAN_POINT('',(20.957328620709,-3.33258034102,
    -5.452539711521));
#9990 = CARTESIAN_POINT('',(20.954106968737,-3.329288171574,
    -5.449938207778));
#9991 = CARTESIAN_POINT('',(20.948502462693,-3.323520565378,
    -5.445118225831));
#9992 = CARTESIAN_POINT('',(20.94550720265,-3.320432633831,
    -5.44248187454));
#9993 = CARTESIAN_POINT('',(20.942222432073,-3.317080977943,
    -5.439536660355));
#9994 = CARTESIAN_POINT('',(20.939968249347,-3.314794659372,
    -5.437510112269));
#9995 = CARTESIAN_POINT('',(20.937982937679,-3.312799289781,
    -5.435720948761));
#9996 = CARTESIAN_POINT('',(20.931771569986,-3.306586960349,
    -5.430124617378));
#9997 = CARTESIAN_POINT('',(20.920557438781,-3.295373640356,
    -5.419780247225));
#9998 = CARTESIAN_POINT('',(20.900113009716,-3.274929353038,
    -5.399423573068));
#9999 = CARTESIAN_POINT('',(20.894225208059,-3.268935797612,
    -5.393259907613));
#10000 = CARTESIAN_POINT('',(20.886784017594,-3.261505024956,
    -5.385461134191));
#10001 = CARTESIAN_POINT('',(20.884535372775,-3.259277840146,
    -5.383092363649));
#10002 = CARTESIAN_POINT('',(20.881510033555,-3.256288439438,
    -5.379880924645));
#10003 = CARTESIAN_POINT('',(20.880084270946,-3.25488114499,
    -5.37836012331));
#10004 = CARTESIAN_POINT('',(20.87878886884,-3.253597768915,
    -5.376962344049));
#10005 = CARTESIAN_POINT('',(20.877954236436,-3.252768811909,
    -5.37605718769));
#10006 = CARTESIAN_POINT('',(20.878290636244,-3.253106790719,
    -5.376429245123));
#10007 = CARTESIAN_POINT('',(20.859121798177,-3.233940370785,
    -5.355392140596));
#10008 = CARTESIAN_POINT('',(20.850101168617,-3.224917466169,
    -5.342786566981));
#10009 = CARTESIAN_POINT('',(20.850101168739,-3.224917466351,
    -5.339999812435));
#10010 = ORIENTED_EDGE('',*,*,#9967,.F.);
#10011 = ORIENTED_EDGE('',*,*,#10012,.F.);
#10012 = EDGE_CURVE('',#10013,#9959,#10015,.T.);
#10013 = VERTEX_POINT('',#10014);
#10014 = CARTESIAN_POINT('',(20.850101165162,-3.524917466351,
    -5.339999838662));
#10015 = B_SPLINE_CURVE_WITH_KNOTS('',3,(#10016,#10017,#10018,#10019,
    #10020,#10021,#10022,#10023,#10024,#10025,#10026,#10027,#10028,
    #10029,#10030,#10031,#10032,#10033,#10034,#10035,#10036,#10037,
    #10038,#10039),.UNSPECIFIED.,.F.,.F.,(4,2,2,1,2,2,2,2,2,1,2,2,4),(0.
    ,0.125,0.1875,0.21875,0.234375,0.25,0.5,0.625,0.6875,0.71875,
    0.734375,0.75,1.),.UNSPECIFIED.);
#10016 = CARTESIAN_POINT('',(20.850101165162,-3.524917466351,
    -5.339999838662));
#10017 = CARTESIAN_POINT('',(20.850101165101,-3.524917466228,
    -5.341392982218));
#10018 = CARTESIAN_POINT('',(20.852356322531,-3.523160416868,
    -5.344718161669));
#10019 = CARTESIAN_POINT('',(20.859121794885,-3.51643351348,
    -5.353652783465));
#10020 = CARTESIAN_POINT('',(20.861940741705,-3.51352413813,
    -5.357269094391));
#10021 = CARTESIAN_POINT('',(20.867014845994,-3.508248221148,
    -5.363490806145));
#10022 = CARTESIAN_POINT('',(20.869763319153,-3.505386295051,
    -5.366796990516));
#10023 = CARTESIAN_POINT('',(20.872828923837,-3.502240102542,
    -5.370333206118));
#10024 = CARTESIAN_POINT('',(20.874943133965,-3.500087363988,
    -5.372732949446));
#10025 = CARTESIAN_POINT('',(20.876775141175,-3.498243523236,
    -5.374765974927));
#10026 = CARTESIAN_POINT('',(20.883369669433,-3.491648368226,
    -5.38200482915));
#10027 = CARTESIAN_POINT('',(20.892325166967,-3.482693528663,
    -5.391669009858));
#10028 = CARTESIAN_POINT('',(20.91422914229,-3.460789446173,
    -5.413479216188));
#10029 = CARTESIAN_POINT('',(20.920437283547,-3.454445022732,
    -5.419574087689));
#10030 = CARTESIAN_POINT('',(20.92810971966,-3.44678933628,
    -5.426784523222));
#10031 = CARTESIAN_POINT('',(20.930393902402,-3.444533195739,
    -5.42887965608));
#10032 = CARTESIAN_POINT('',(20.933410232568,-3.441561985369,
    -5.43161243662));
#10033 = CARTESIAN_POINT('',(20.934815911665,-3.44017913452,
    -5.432876718453));
#10034 = CARTESIAN_POINT('',(20.936067861781,-3.438941798271,
    -5.433999515052));
#10035 = CARTESIAN_POINT('',(20.936868333197,-3.438148205177,
    -5.434717917609));
#10036 = CARTESIAN_POINT('',(20.936426186394,-3.438592202761,
    -5.434318731382));
#10037 = CARTESIAN_POINT('',(20.956679565215,-3.41834276684,
    -5.452560281166));
#10038 = CARTESIAN_POINT('',(20.967507431825,-3.407511187023,
    -5.459999833528));
#10039 = CARTESIAN_POINT('',(20.970101161347,-3.404917457291,
    -5.459999833417));
#10040 = ORIENTED_EDGE('',*,*,#10041,.F.);
#10041 = EDGE_CURVE('',#9983,#10013,#10042,.T.);
#10042 = B_SPLINE_CURVE_WITH_KNOTS('',3,(#10043,#10044,#10045,#10046),
  .UNSPECIFIED.,.F.,.F.,(4,4),(0.,1.),.PIECEWISE_BEZIER_KNOTS.);
#10043 = CARTESIAN_POINT('',(20.850101168739,-3.224917466351,
    -5.339999812435));
#10044 = CARTESIAN_POINT('',(20.850101167547,-3.324917466351,
    -5.339999821177));
#10045 = CARTESIAN_POINT('',(20.850101166354,-3.424917466351,
    -5.33999982992));
#10046 = CARTESIAN_POINT('',(20.850101165162,-3.524917466351,
    -5.339999838662));
#10047 = ( BOUNDED_SURFACE() B_SPLINE_SURFACE(2,3,(
    (#10048,#10049,#10050,#10051,#10052,#10053,#10054,#10055)
    ,(#10056,#10057,#10058,#10059,#10060,#10061,#10062,#10063)
    ,(#10064,#10065,#10066,#10067,#10068,#10069,#10070,#10071
)),.UNSPECIFIED.,.F.,.F.,.F.) B_SPLINE_SURFACE_WITH_KNOTS((3,3),(4,2,2,4
    ),(0.,1.),(3.01E-03,3.145E-03,3.205E-03,3.34E-03),.UNSPECIFIED.) 
GEOMETRIC_REPRESENTATION_ITEM() RATIONAL_B_SPLINE_SURFACE((
    (1.,1.,1.,1.,1.,1.,1.,1.)
    ,(8.485281374239E-02,8.485281374239E-02,8.485281374239E-02
      ,8.485281374239E-02,8.485281374239E-02,8.485281374239E-02
      ,8.485281374239E-02,8.485281374239E-02)
,(1.,1.,1.,1.,1.,1.,1.,1.))) REPRESENTATION_ITEM('') SURFACE() );
#10048 = CARTESIAN_POINT('',(20.970101159737,-3.539917457291,
    -5.459999845219));
#10049 = CARTESIAN_POINT('',(20.970101160274,-3.494917457291,
    -5.459999841285));
#10050 = CARTESIAN_POINT('',(20.970101160811,-3.449917457291,
    -5.459999837351));
#10051 = CARTESIAN_POINT('',(20.970101161586,-3.384917457291,
    -5.459999831668));
#10052 = CARTESIAN_POINT('',(20.970101161824,-3.364917457291,
    -5.45999982992));
#10053 = CARTESIAN_POINT('',(20.970101162599,-3.299917457291,
    -5.459999824237));
#10054 = CARTESIAN_POINT('',(20.970101163136,-3.254917457291,
    -5.459999820303));
#10055 = CARTESIAN_POINT('',(20.970101163673,-3.209917457291,
    -5.459999816369));
#10056 = CARTESIAN_POINT('',(20.850101159737,-3.53991745586,
    -5.459999839973));
#10057 = CARTESIAN_POINT('',(20.850101160274,-3.49491745586,
    -5.459999836039));
#10058 = CARTESIAN_POINT('',(20.850101160811,-3.44991745586,
    -5.459999832105));
#10059 = CARTESIAN_POINT('',(20.850101161586,-3.38491745586,
    -5.459999826423));
#10060 = CARTESIAN_POINT('',(20.850101161824,-3.36491745586,
    -5.459999824674));
#10061 = CARTESIAN_POINT('',(20.850101162599,-3.29991745586,
    -5.459999818992));
#10062 = CARTESIAN_POINT('',(20.850101163136,-3.25491745586,
    -5.459999815058));
#10063 = CARTESIAN_POINT('',(20.850101163673,-3.20991745586,
    -5.459999811124));
#10064 = CARTESIAN_POINT('',(20.850101164983,-3.539917466351,
    -5.339999839973));
#10065 = CARTESIAN_POINT('',(20.850101165519,-3.494917466351,
    -5.339999836039));
#10066 = CARTESIAN_POINT('',(20.850101166056,-3.449917466351,
    -5.339999832105));
#10067 = CARTESIAN_POINT('',(20.850101166831,-3.384917466351,
    -5.339999826423));
#10068 = CARTESIAN_POINT('',(20.85010116707,-3.364917466351,
    -5.339999824674));
#10069 = CARTESIAN_POINT('',(20.850101167845,-3.299917466351,
    -5.339999818992));
#10070 = CARTESIAN_POINT('',(20.850101168381,-3.254917466351,
    -5.339999815058));
#10071 = CARTESIAN_POINT('',(20.850101168918,-3.209917466351,
    -5.339999811124));
#10072 = ADVANCED_FACE('',(#10073),#10113,.T.);
#10073 = FACE_BOUND('',#10074,.T.);
#10074 = EDGE_LOOP('',(#10075,#10076,#10085,#10112));
#10075 = ORIENTED_EDGE('',*,*,#9982,.T.);
#10076 = ORIENTED_EDGE('',*,*,#10077,.F.);
#10077 = EDGE_CURVE('',#10078,#9983,#10080,.T.);
#10078 = VERTEX_POINT('',#10079);
#10079 = CARTESIAN_POINT('',(21.150101168739,-3.224917469928,
    -5.339999825549));
#10080 = B_SPLINE_CURVE_WITH_KNOTS('',3,(#10081,#10082,#10083,#10084),
  .UNSPECIFIED.,.F.,.F.,(4,4),(0.,1.),.PIECEWISE_BEZIER_KNOTS.);
#10081 = CARTESIAN_POINT('',(21.150101168739,-3.224917469928,
    -5.339999825549));
#10082 = CARTESIAN_POINT('',(21.050101168739,-3.224917468736,
    -5.339999821178));
#10083 = CARTESIAN_POINT('',(20.950101168739,-3.224917467543,
    -5.339999816806));
#10084 = CARTESIAN_POINT('',(20.850101168739,-3.224917466351,
    -5.339999812435));
#10085 = ORIENTED_EDGE('',*,*,#10086,.F.);
#10086 = EDGE_CURVE('',#9941,#10078,#10087,.T.);
#10087 = B_SPLINE_CURVE_WITH_KNOTS('',3,(#10088,#10089,#10090,#10091,
    #10092,#10093,#10094,#10095,#10096,#10097,#10098,#10099,#10100,
    #10101,#10102,#10103,#10104,#10105,#10106,#10107,#10108,#10109,
    #10110,#10111),.UNSPECIFIED.,.F.,.F.,(4,2,2,1,2,2,2,2,2,1,2,2,4),(0.
    ,0.125,0.1875,0.21875,0.234375,0.25,0.5,0.625,0.6875,0.71875,
    0.734375,0.75,1.),.UNSPECIFIED.);
#10088 = CARTESIAN_POINT('',(21.030101162063,-3.344917458006,
    -5.459999830794));
#10089 = CARTESIAN_POINT('',(21.031397611961,-3.343621008007,
    -5.459999830736));
#10090 = CARTESIAN_POINT('',(21.034354207632,-3.340265816465,
    -5.458503850049));
#10091 = CARTESIAN_POINT('',(21.042438279311,-3.332144916978,
    -5.452539715204));
#10092 = CARTESIAN_POINT('',(21.045730449098,-3.32892326512,
    -5.449938211752));
#10093 = CARTESIAN_POINT('',(21.051498055927,-3.323318759287,
    -5.445118230316));
#10094 = CARTESIAN_POINT('',(21.054585987819,-3.320323499359,
    -5.442481879299));
#10095 = CARTESIAN_POINT('',(21.057937644093,-3.317038728911,
    -5.43953666541));
#10096 = CARTESIAN_POINT('',(21.060223962931,-3.314784546274,
    -5.437510117525));
#10097 = CARTESIAN_POINT('',(21.062219332756,-3.312799234684,
    -5.435720954192));
#10098 = CARTESIAN_POINT('',(21.068431662929,-3.306587867229,
    -5.430124623345));
#10099 = CARTESIAN_POINT('',(21.079644984285,-3.295373736471,
    -5.419780254167));
#10100 = CARTESIAN_POINT('',(21.100089274253,-3.274929308313,
    -5.399423581815));
#10101 = CARTESIAN_POINT('',(21.106082830484,-3.269041506928,
    -5.393259916892));
#10102 = CARTESIAN_POINT('',(21.113513604164,-3.261600316803,
    -5.385461144119));
#10103 = CARTESIAN_POINT('',(21.115740789285,-3.259351672088,
    -5.38309237377));
#10104 = CARTESIAN_POINT('',(21.118730190416,-3.256326333006,
    -5.379880935023));
#10105 = CARTESIAN_POINT('',(21.120137485065,-3.254900570462,
    -5.378360133809));
#10106 = CARTESIAN_POINT('',(21.121420861326,-3.253605168416,
    -5.376962354658));
#10107 = CARTESIAN_POINT('',(21.122249818451,-3.25277053605,
    -5.37605719837));
#10108 = CARTESIAN_POINT('',(21.121911839594,-3.25310693584,
    -5.376429255771));
#10109 = CARTESIAN_POINT('',(21.141078262283,-3.233938098693,
    -5.355392152923));
#10110 = CARTESIAN_POINT('',(21.150101168556,-3.224917469684,
    -5.342786580095));
#10111 = CARTESIAN_POINT('',(21.150101168739,-3.224917469928,
    -5.339999825549));
#10112 = ORIENTED_EDGE('',*,*,#9938,.F.);
#10113 = ( BOUNDED_SURFACE() B_SPLINE_SURFACE(2,3,(
    (#10114,#10115,#10116,#10117,#10118,#10119,#10120,#10121)
    ,(#10122,#10123,#10124,#10125,#10126,#10127,#10128,#10129)
    ,(#10130,#10131,#10132,#10133,#10134,#10135,#10136,#10137
)),.UNSPECIFIED.,.F.,.F.,.F.) B_SPLINE_SURFACE_WITH_KNOTS((3,3),(4,2,2,4
    ),(0.,1.),(-1.65E-04,-3.E-05,3.E-05,1.65E-04),.UNSPECIFIED.) 
GEOMETRIC_REPRESENTATION_ITEM() RATIONAL_B_SPLINE_SURFACE((
    (1.,1.,1.,1.,1.,1.,1.,1.)
    ,(8.485281374239E-02,8.485281374239E-02,8.485281374239E-02
      ,8.485281374239E-02,8.485281374239E-02,8.485281374239E-02
      ,8.485281374239E-02,8.485281374239E-02)
,(1.,1.,1.,1.,1.,1.,1.,1.))) REPRESENTATION_ITEM('') SURFACE() );
#10114 = CARTESIAN_POINT('',(20.835101162063,-3.344917455681,
    -5.45999982227));
#10115 = CARTESIAN_POINT('',(20.880101162063,-3.344917456218,
    -5.459999824237));
#10116 = CARTESIAN_POINT('',(20.925101162063,-3.344917456754,
    -5.459999826204));
#10117 = CARTESIAN_POINT('',(20.990101162063,-3.344917457529,
    -5.459999829046));
#10118 = CARTESIAN_POINT('',(21.010101162063,-3.344917457768,
    -5.45999982992));
#10119 = CARTESIAN_POINT('',(21.075101162063,-3.344917458543,
    -5.459999832761));
#10120 = CARTESIAN_POINT('',(21.120101162063,-3.34491745908,
    -5.459999834728));
#10121 = CARTESIAN_POINT('',(21.165101162063,-3.344917459616,
    -5.459999836695));
#10122 = CARTESIAN_POINT('',(20.835101163494,-3.224917455681,
    -5.45999981178));
#10123 = CARTESIAN_POINT('',(20.880101163494,-3.224917456218,
    -5.459999813747));
#10124 = CARTESIAN_POINT('',(20.925101163494,-3.224917456754,
    -5.459999815714));
#10125 = CARTESIAN_POINT('',(20.990101163494,-3.224917457529,
    -5.459999818555));
#10126 = CARTESIAN_POINT('',(21.010101163494,-3.224917457768,
    -5.459999819429));
#10127 = CARTESIAN_POINT('',(21.075101163494,-3.224917458543,
    -5.45999982227));
#10128 = CARTESIAN_POINT('',(21.120101163494,-3.22491745908,
    -5.459999824237));
#10129 = CARTESIAN_POINT('',(21.165101163494,-3.224917459616,
    -5.459999826204));
#10130 = CARTESIAN_POINT('',(20.835101168739,-3.224917466172,
    -5.33999981178));
#10131 = CARTESIAN_POINT('',(20.880101168739,-3.224917466708,
    -5.339999813747));
#10132 = CARTESIAN_POINT('',(20.925101168739,-3.224917467245,
    -5.339999815714));
#10133 = CARTESIAN_POINT('',(20.990101168739,-3.22491746802,
    -5.339999818555));
#10134 = CARTESIAN_POINT('',(21.010101168739,-3.224917468259,
    -5.339999819429));
#10135 = CARTESIAN_POINT('',(21.075101168739,-3.224917469034,
    -5.33999982227));
#10136 = CARTESIAN_POINT('',(21.120101168739,-3.22491746957,
    -5.339999824237));
#10137 = CARTESIAN_POINT('',(21.165101168739,-3.224917470107,
    -5.339999826204));
#10138 = ADVANCED_FACE('',(#10139),#10179,.T.);
#10139 = FACE_BOUND('',#10140,.T.);
#10140 = EDGE_LOOP('',(#10141,#10170,#10171,#10172));
#10141 = ORIENTED_EDGE('',*,*,#10142,.T.);
#10142 = EDGE_CURVE('',#10143,#9950,#10145,.T.);
#10143 = VERTEX_POINT('',#10144);
#10144 = CARTESIAN_POINT('',(21.150101165162,-3.524917469928,
    -5.339999851775));
#10145 = B_SPLINE_CURVE_WITH_KNOTS('',3,(#10146,#10147,#10148,#10149,
    #10150,#10151,#10152,#10153,#10154,#10155,#10156,#10157,#10158,
    #10159,#10160,#10161,#10162,#10163,#10164,#10165,#10166,#10167,
    #10168,#10169),.UNSPECIFIED.,.F.,.F.,(4,2,2,1,2,2,2,2,2,1,2,2,4),(0.
    ,0.125,0.1875,0.21875,0.234375,0.25,0.5,0.625,0.6875,0.71875,
    0.734375,0.75,1.),.UNSPECIFIED.);
#10146 = CARTESIAN_POINT('',(21.150101165162,-3.524917469928,
    -5.339999851775));
#10147 = CARTESIAN_POINT('',(21.1501011651,-3.524917469806,
    -5.341392995332));
#10148 = CARTESIAN_POINT('',(21.148344115885,-3.52266231194,
    -5.344718174563));
#10149 = CARTESIAN_POINT('',(21.141617212889,-3.515896838415,
    -5.353652795766));
#10150 = CARTESIAN_POINT('',(21.138707837697,-3.51307789112,
    -5.35726910645));
#10151 = CARTESIAN_POINT('',(21.133431920986,-3.508003786016,
    -5.363490817768));
#10152 = CARTESIAN_POINT('',(21.130569995034,-3.505255312423,
    -5.366797001904));
#10153 = CARTESIAN_POINT('',(21.127423802679,-3.502189707275,
    -5.370333217242));
#10154 = CARTESIAN_POINT('',(21.125271064231,-3.500075496832,
    -5.372732960387));
#10155 = CARTESIAN_POINT('',(21.123427223566,-3.498243489355,
    -5.374765985708));
#10156 = CARTESIAN_POINT('',(21.116832068876,-3.491648960151,
    -5.382004839352));
#10157 = CARTESIAN_POINT('',(21.107877229742,-3.482693461356,
    -5.391669019271));
#10158 = CARTESIAN_POINT('',(21.085973148191,-3.46078948316,
    -5.4134792237));
#10159 = CARTESIAN_POINT('',(21.079628725015,-3.454581341101,
    -5.419574094666));
#10160 = CARTESIAN_POINT('',(21.071973038878,-3.446908904043,
    -5.426784529527));
#10161 = CARTESIAN_POINT('',(21.06971689843,-3.444624721027,
    -5.428879662183));
#10162 = CARTESIAN_POINT('',(21.066745688181,-3.441608390504,
    -5.431612442456));
#10163 = CARTESIAN_POINT('',(21.065362837388,-3.440202711242,
    -5.432876724165));
#10164 = CARTESIAN_POINT('',(21.06412550119,-3.43895076098,
    -5.433999520652));
#10165 = CARTESIAN_POINT('',(21.063331908128,-3.438150289471,
    -5.434717923138));
#10166 = CARTESIAN_POINT('',(21.063775905695,-3.438592436327,
    -5.434318736949));
#10167 = CARTESIAN_POINT('',(21.043526470568,-3.418339055114,
    -5.452560284965));
#10168 = CARTESIAN_POINT('',(21.032694891079,-3.407511187528,
    -5.459999836378));
#10169 = CARTESIAN_POINT('',(21.030101161347,-3.404917458006,
    -5.459999836039));
#10170 = ORIENTED_EDGE('',*,*,#9949,.F.);
#10171 = ORIENTED_EDGE('',*,*,#10086,.T.);
#10172 = ORIENTED_EDGE('',*,*,#10173,.F.);
#10173 = EDGE_CURVE('',#10143,#10078,#10174,.T.);
#10174 = B_SPLINE_CURVE_WITH_KNOTS('',3,(#10175,#10176,#10177,#10178),
  .UNSPECIFIED.,.F.,.F.,(4,4),(0.,1.),.PIECEWISE_BEZIER_KNOTS.);
#10175 = CARTESIAN_POINT('',(21.150101165162,-3.524917469928,
    -5.339999851775));
#10176 = CARTESIAN_POINT('',(21.150101166354,-3.424917469928,
    -5.339999843033));
#10177 = CARTESIAN_POINT('',(21.150101167547,-3.324917469928,
    -5.339999834291));
#10178 = CARTESIAN_POINT('',(21.150101168739,-3.224917469928,
    -5.339999825549));
#10179 = ( BOUNDED_SURFACE() B_SPLINE_SURFACE(2,3,(
    (#10180,#10181,#10182,#10183,#10184,#10185,#10186,#10187)
    ,(#10188,#10189,#10190,#10191,#10192,#10193,#10194,#10195)
    ,(#10196,#10197,#10198,#10199,#10200,#10201,#10202,#10203
)),.UNSPECIFIED.,.F.,.F.,.F.) B_SPLINE_SURFACE_WITH_KNOTS((3,3),(4,2,2,4
    ),(0.,1.),(-3.34E-03,-3.205E-03,-3.145E-03,-3.01E-03),
.UNSPECIFIED.) GEOMETRIC_REPRESENTATION_ITEM() RATIONAL_B_SPLINE_SURFACE
((
    (1.,1.,1.,1.,1.,1.,1.,1.)
    ,(8.485281374239E-02,8.485281374239E-02,8.485281374239E-02
      ,8.485281374239E-02,8.485281374239E-02,8.485281374239E-02
      ,8.485281374239E-02,8.485281374239E-02)
,(1.,1.,1.,1.,1.,1.,1.,1.))) REPRESENTATION_ITEM('') SURFACE() );
#10180 = CARTESIAN_POINT('',(21.030101163673,-3.209917458006,
    -5.459999818992));
#10181 = CARTESIAN_POINT('',(21.030101163136,-3.254917458006,
    -5.459999822926));
#10182 = CARTESIAN_POINT('',(21.030101162599,-3.299917458006,
    -5.45999982686));
#10183 = CARTESIAN_POINT('',(21.030101161824,-3.364917458006,
    -5.459999832542));
#10184 = CARTESIAN_POINT('',(21.030101161586,-3.384917458006,
    -5.459999834291));
#10185 = CARTESIAN_POINT('',(21.030101160811,-3.449917458006,
    -5.459999839973));
#10186 = CARTESIAN_POINT('',(21.030101160274,-3.494917458006,
    -5.459999843907));
#10187 = CARTESIAN_POINT('',(21.030101159737,-3.539917458006,
    -5.459999847841));
#10188 = CARTESIAN_POINT('',(21.150101163673,-3.209917459437,
    -5.459999824237));
#10189 = CARTESIAN_POINT('',(21.150101163136,-3.254917459437,
    -5.459999828171));
#10190 = CARTESIAN_POINT('',(21.150101162599,-3.299917459437,
    -5.459999832105));
#10191 = CARTESIAN_POINT('',(21.150101161824,-3.364917459437,
    -5.459999837788));
#10192 = CARTESIAN_POINT('',(21.150101161586,-3.384917459437,
    -5.459999839536));
#10193 = CARTESIAN_POINT('',(21.150101160811,-3.449917459437,
    -5.459999845219));
#10194 = CARTESIAN_POINT('',(21.150101160274,-3.494917459437,
    -5.459999849153));
#10195 = CARTESIAN_POINT('',(21.150101159737,-3.539917459437,
    -5.459999853087));
#10196 = CARTESIAN_POINT('',(21.150101168918,-3.209917469928,
    -5.339999824237));
#10197 = CARTESIAN_POINT('',(21.150101168381,-3.254917469928,
    -5.339999828171));
#10198 = CARTESIAN_POINT('',(21.150101167845,-3.299917469928,
    -5.339999832105));
#10199 = CARTESIAN_POINT('',(21.15010116707,-3.364917469928,
    -5.339999837788));
#10200 = CARTESIAN_POINT('',(21.150101166831,-3.384917469928,
    -5.339999839536));
#10201 = CARTESIAN_POINT('',(21.150101166056,-3.449917469928,
    -5.339999845219));
#10202 = CARTESIAN_POINT('',(21.150101165519,-3.494917469928,
    -5.339999849153));
#10203 = CARTESIAN_POINT('',(21.150101164983,-3.539917469928,
    -5.339999853087));
#10204 = ADVANCED_FACE('',(#10205),#10217,.T.);
#10205 = FACE_BOUND('',#10206,.T.);
#10206 = EDGE_LOOP('',(#10207,#10208,#10209,#10210));
#10207 = ORIENTED_EDGE('',*,*,#10012,.T.);
#10208 = ORIENTED_EDGE('',*,*,#9958,.F.);
#10209 = ORIENTED_EDGE('',*,*,#10142,.F.);
#10210 = ORIENTED_EDGE('',*,*,#10211,.F.);
#10211 = EDGE_CURVE('',#10013,#10143,#10212,.T.);
#10212 = B_SPLINE_CURVE_WITH_KNOTS('',3,(#10213,#10214,#10215,#10216),
  .UNSPECIFIED.,.F.,.F.,(4,4),(0.,1.),.PIECEWISE_BEZIER_KNOTS.);
#10213 = CARTESIAN_POINT('',(20.850101165162,-3.524917466351,
    -5.339999838662));
#10214 = CARTESIAN_POINT('',(20.950101165162,-3.524917467543,
    -5.339999843033));
#10215 = CARTESIAN_POINT('',(21.050101165162,-3.524917468736,
    -5.339999847404));
#10216 = CARTESIAN_POINT('',(21.150101165162,-3.524917469928,
    -5.339999851775));
#10217 = ( BOUNDED_SURFACE() B_SPLINE_SURFACE(2,3,(
    (#10218,#10219,#10220,#10221,#10222,#10223,#10224,#10225)
    ,(#10226,#10227,#10228,#10229,#10230,#10231,#10232,#10233)
    ,(#10234,#10235,#10236,#10237,#10238,#10239,#10240,#10241
)),.UNSPECIFIED.,.F.,.F.,.F.) B_SPLINE_SURFACE_WITH_KNOTS((3,3),(4,2,2,4
    ),(0.,1.),(-1.65E-04,-3.E-05,3.E-05,1.65E-04),.UNSPECIFIED.) 
GEOMETRIC_REPRESENTATION_ITEM() RATIONAL_B_SPLINE_SURFACE((
    (1.,1.,1.,1.,1.,1.,1.,1.)
    ,(8.485281374239E-02,8.485281374239E-02,8.485281374239E-02
      ,8.485281374239E-02,8.485281374239E-02,8.485281374239E-02
      ,8.485281374239E-02,8.485281374239E-02)
,(1.,1.,1.,1.,1.,1.,1.,1.))) REPRESENTATION_ITEM('') SURFACE() );
#10218 = CARTESIAN_POINT('',(21.165101161347,-3.404917459616,
    -5.45999984194));
#10219 = CARTESIAN_POINT('',(21.120101161347,-3.40491745908,
    -5.459999839973));
#10220 = CARTESIAN_POINT('',(21.075101161347,-3.404917458543,
    -5.459999838006));
#10221 = CARTESIAN_POINT('',(21.010101161347,-3.404917457768,
    -5.459999835165));
#10222 = CARTESIAN_POINT('',(20.990101161347,-3.404917457529,
    -5.459999834291));
#10223 = CARTESIAN_POINT('',(20.925101161347,-3.404917456754,
    -5.45999983145));
#10224 = CARTESIAN_POINT('',(20.880101161347,-3.404917456218,
    -5.459999829483));
#10225 = CARTESIAN_POINT('',(20.835101161347,-3.404917455681,
    -5.459999827516));
#10226 = CARTESIAN_POINT('',(21.165101159916,-3.524917459616,
    -5.459999852431));
#10227 = CARTESIAN_POINT('',(21.120101159916,-3.52491745908,
    -5.459999850464));
#10228 = CARTESIAN_POINT('',(21.075101159916,-3.524917458543,
    -5.459999848497));
#10229 = CARTESIAN_POINT('',(21.010101159916,-3.524917457768,
    -5.459999845656));
#10230 = CARTESIAN_POINT('',(20.990101159916,-3.524917457529,
    -5.459999844782));
#10231 = CARTESIAN_POINT('',(20.925101159916,-3.524917456754,
    -5.45999984194));
#10232 = CARTESIAN_POINT('',(20.880101159916,-3.524917456218,
    -5.459999839973));
#10233 = CARTESIAN_POINT('',(20.835101159916,-3.524917455681,
    -5.459999838006));
#10234 = CARTESIAN_POINT('',(21.165101165162,-3.524917470107,
    -5.339999852431));
#10235 = CARTESIAN_POINT('',(21.120101165162,-3.52491746957,
    -5.339999850464));
#10236 = CARTESIAN_POINT('',(21.075101165162,-3.524917469034,
    -5.339999848497));
#10237 = CARTESIAN_POINT('',(21.010101165162,-3.524917468259,
    -5.339999845656));
#10238 = CARTESIAN_POINT('',(20.990101165162,-3.52491746802,
    -5.339999844782));
#10239 = CARTESIAN_POINT('',(20.925101165162,-3.524917467245,
    -5.33999984194));
#10240 = CARTESIAN_POINT('',(20.880101165162,-3.524917466708,
    -5.339999839973));
#10241 = CARTESIAN_POINT('',(20.835101165162,-3.524917466172,
    -5.339999838006));
#10242 = ADVANCED_FACE('',(#10243),#10259,.T.);
#10243 = FACE_BOUND('',#10244,.T.);
#10244 = EDGE_LOOP('',(#10245,#10251,#10252,#10258));
#10245 = ORIENTED_EDGE('',*,*,#10246,.T.);
#10246 = EDGE_CURVE('',#8379,#10013,#10247,.T.);
#10247 = LINE('',#10248,#10249);
#10248 = CARTESIAN_POINT('',(20.850101474639,-3.524918085303,
    1.740000161338));
#10249 = VECTOR('',#10250,1.);
#10250 = DIRECTION('',(-4.371140912996E-08,8.742273446216E-08,-1.));
#10251 = ORIENTED_EDGE('',*,*,#10211,.T.);
#10252 = ORIENTED_EDGE('',*,*,#10253,.F.);
#10253 = EDGE_CURVE('',#8363,#10143,#10254,.T.);
#10254 = LINE('',#10255,#10256);
#10255 = CARTESIAN_POINT('',(21.150101474639,-3.524918088881,
    1.740000148224));
#10256 = VECTOR('',#10257,1.);
#10257 = DIRECTION('',(-4.371140912996E-08,8.742273446216E-08,-1.));
#10258 = ORIENTED_EDGE('',*,*,#8386,.T.);
#10259 = PLANE('',#10260);
#10260 = AXIS2_PLACEMENT_3D('',#10261,#10262,#10263);
#10261 = CARTESIAN_POINT('',(21.000101474639,-3.524918087092,
    1.740000154781));
#10262 = DIRECTION('',(-1.19248806385E-08,-1.,-8.742273394091E-08));
#10263 = DIRECTION('',(-1.,1.192487681713E-08,4.371141017247E-08));
#10264 = ADVANCED_FACE('',(#10265),#10276,.F.);
#10265 = FACE_BOUND('',#10266,.T.);
#10266 = EDGE_LOOP('',(#10267,#10268,#10269,#10275));
#10267 = ORIENTED_EDGE('',*,*,#10253,.T.);
#10268 = ORIENTED_EDGE('',*,*,#10173,.T.);
#10269 = ORIENTED_EDGE('',*,*,#10270,.F.);
#10270 = EDGE_CURVE('',#8361,#10078,#10271,.T.);
#10271 = LINE('',#10272,#10273);
#10272 = CARTESIAN_POINT('',(21.150101478216,-3.224918088881,
    1.740000174451));
#10273 = VECTOR('',#10274,1.);
#10274 = DIRECTION('',(-4.371140912996E-08,8.742273446216E-08,-1.));
#10275 = ORIENTED_EDGE('',*,*,#8360,.T.);
#10276 = PLANE('',#10277);
#10277 = AXIS2_PLACEMENT_3D('',#10278,#10279,#10280);
#10278 = CARTESIAN_POINT('',(21.150101438566,-6.549918088881,
    1.739999883771));
#10279 = DIRECTION('',(-1.,1.192487690748E-08,4.371141017247E-08));
#10280 = DIRECTION('',(1.192488072885E-08,1.,8.742273394091E-08));
#10281 = ADVANCED_FACE('',(#10282),#10293,.F.);
#10282 = FACE_BOUND('',#10283,.T.);
#10283 = EDGE_LOOP('',(#10284,#10285,#10286,#10292));
#10284 = ORIENTED_EDGE('',*,*,#10270,.T.);
#10285 = ORIENTED_EDGE('',*,*,#10077,.T.);
#10286 = ORIENTED_EDGE('',*,*,#10287,.F.);
#10287 = EDGE_CURVE('',#8371,#9983,#10288,.T.);
#10288 = LINE('',#10289,#10290);
#10289 = CARTESIAN_POINT('',(20.850101478216,-3.224918085303,
    1.740000187565));
#10290 = VECTOR('',#10291,1.);
#10291 = DIRECTION('',(-4.371140912996E-08,8.742273446216E-08,-1.));
#10292 = ORIENTED_EDGE('',*,*,#8370,.T.);
#10293 = PLANE('',#10294);
#10294 = AXIS2_PLACEMENT_3D('',#10295,#10296,#10297);
#10295 = CARTESIAN_POINT('',(21.000101478216,-3.224918087092,
    1.740000181008));
#10296 = DIRECTION('',(-1.19248806385E-08,-1.,-8.742273394091E-08));
#10297 = DIRECTION('',(-1.,1.192487681713E-08,4.371141017247E-08));
#10298 = ADVANCED_FACE('',(#10299),#10305,.T.);
#10299 = FACE_BOUND('',#10300,.T.);
#10300 = EDGE_LOOP('',(#10301,#10302,#10303,#10304));
#10301 = ORIENTED_EDGE('',*,*,#10287,.T.);
#10302 = ORIENTED_EDGE('',*,*,#10041,.T.);
#10303 = ORIENTED_EDGE('',*,*,#10246,.F.);
#10304 = ORIENTED_EDGE('',*,*,#8378,.T.);
#10305 = PLANE('',#10306);
#10306 = AXIS2_PLACEMENT_3D('',#10307,#10308,#10309);
#10307 = CARTESIAN_POINT('',(20.850101438566,-6.549918085303,
    1.739999896884));
#10308 = DIRECTION('',(-1.,1.192487690748E-08,4.371141017247E-08));
#10309 = DIRECTION('',(1.192488072885E-08,1.,8.742273394091E-08));
#10310 = ADVANCED_FACE('',(#10311),#10349,.T.);
#10311 = FACE_BOUND('',#10312,.T.);
#10312 = EDGE_LOOP('',(#10313,#10324,#10333,#10342));
#10313 = ORIENTED_EDGE('',*,*,#10314,.T.);
#10314 = EDGE_CURVE('',#10315,#10317,#10319,.T.);
#10315 = VERTEX_POINT('',#10316);
#10316 = CARTESIAN_POINT('',(20.970101146918,-4.614917457291,
    -5.459999939198));
#10317 = VERTEX_POINT('',#10318);
#10318 = CARTESIAN_POINT('',(21.030101146918,-4.614917458006,
    -5.459999941821));
#10319 = B_SPLINE_CURVE_WITH_KNOTS('',3,(#10320,#10321,#10322,#10323),
  .UNSPECIFIED.,.F.,.F.,(4,4),(0.,1.),.PIECEWISE_BEZIER_KNOTS.);
#10320 = CARTESIAN_POINT('',(20.970101146918,-4.614917457291,
    -5.459999939198));
#10321 = CARTESIAN_POINT('',(20.990101146918,-4.614917457529,
    -5.459999940072));
#10322 = CARTESIAN_POINT('',(21.010101146918,-4.614917457768,
    -5.459999940947));
#10323 = CARTESIAN_POINT('',(21.030101146918,-4.614917458006,
    -5.459999941821));
#10324 = ORIENTED_EDGE('',*,*,#10325,.T.);
#10325 = EDGE_CURVE('',#10317,#10326,#10328,.T.);
#10326 = VERTEX_POINT('',#10327);
#10327 = CARTESIAN_POINT('',(21.030101146203,-4.674917458006,
    -5.459999947066));
#10328 = B_SPLINE_CURVE_WITH_KNOTS('',3,(#10329,#10330,#10331,#10332),
  .UNSPECIFIED.,.F.,.F.,(4,4),(0.,1.),.PIECEWISE_BEZIER_KNOTS.);
#10329 = CARTESIAN_POINT('',(21.030101146918,-4.614917458006,
    -5.459999941821));
#10330 = CARTESIAN_POINT('',(21.03010114668,-4.634917458006,
    -5.459999943569));
#10331 = CARTESIAN_POINT('',(21.030101146441,-4.654917458006,
    -5.459999945318));
#10332 = CARTESIAN_POINT('',(21.030101146203,-4.674917458006,
    -5.459999947066));
#10333 = ORIENTED_EDGE('',*,*,#10334,.T.);
#10334 = EDGE_CURVE('',#10326,#10335,#10337,.T.);
#10335 = VERTEX_POINT('',#10336);
#10336 = CARTESIAN_POINT('',(20.970101146203,-4.674917457291,
    -5.459999944444));
#10337 = B_SPLINE_CURVE_WITH_KNOTS('',3,(#10338,#10339,#10340,#10341),
  .UNSPECIFIED.,.F.,.F.,(4,4),(0.,1.),.PIECEWISE_BEZIER_KNOTS.);
#10338 = CARTESIAN_POINT('',(21.030101146203,-4.674917458006,
    -5.459999947066));
#10339 = CARTESIAN_POINT('',(21.010101146203,-4.674917457768,
    -5.459999946192));
#10340 = CARTESIAN_POINT('',(20.990101146203,-4.674917457529,
    -5.459999945318));
#10341 = CARTESIAN_POINT('',(20.970101146203,-4.674917457291,
    -5.459999944444));
#10342 = ORIENTED_EDGE('',*,*,#10343,.T.);
#10343 = EDGE_CURVE('',#10335,#10315,#10344,.T.);
#10344 = B_SPLINE_CURVE_WITH_KNOTS('',3,(#10345,#10346,#10347,#10348),
  .UNSPECIFIED.,.F.,.F.,(4,4),(0.,1.),.PIECEWISE_BEZIER_KNOTS.);
#10345 = CARTESIAN_POINT('',(20.970101146203,-4.674917457291,
    -5.459999944444));
#10346 = CARTESIAN_POINT('',(20.970101146441,-4.654917457291,
    -5.459999942695));
#10347 = CARTESIAN_POINT('',(20.97010114668,-4.634917457291,
    -5.459999940947));
#10348 = CARTESIAN_POINT('',(20.970101146918,-4.614917457291,
    -5.459999939198));
#10349 = PLANE('',#10350);
#10350 = AXIS2_PLACEMENT_3D('',#10351,#10352,#10353);
#10351 = CARTESIAN_POINT('',(21.000101123844,-6.549917457649,
    -5.460000109673));
#10352 = DIRECTION('',(-4.371140912996E-08,8.742273446216E-08,-1.));
#10353 = DIRECTION('',(1.19248806385E-08,1.,8.742273394091E-08));
#10354 = ADVANCED_FACE('',(#10355),#10423,.T.);
#10355 = FACE_BOUND('',#10356,.T.);
#10356 = EDGE_LOOP('',(#10357,#10386,#10387,#10416));
#10357 = ORIENTED_EDGE('',*,*,#10358,.F.);
#10358 = EDGE_CURVE('',#10315,#10359,#10361,.T.);
#10359 = VERTEX_POINT('',#10360);
#10360 = CARTESIAN_POINT('',(20.850101153595,-4.494917466351,
    -5.339999923462));
#10361 = B_SPLINE_CURVE_WITH_KNOTS('',3,(#10362,#10363,#10364,#10365,
    #10366,#10367,#10368,#10369,#10370,#10371,#10372,#10373,#10374,
    #10375,#10376,#10377,#10378,#10379,#10380,#10381,#10382,#10383,
    #10384,#10385),.UNSPECIFIED.,.F.,.F.,(4,2,2,1,2,2,2,2,2,1,2,2,4),(0.
    ,0.125,0.1875,0.21875,0.234375,0.25,0.5,0.625,0.6875,0.71875,
    0.734375,0.75,1.),.UNSPECIFIED.);
#10362 = CARTESIAN_POINT('',(20.970101146918,-4.614917457291,
    -5.459999939198));
#10363 = CARTESIAN_POINT('',(20.968804696919,-4.613621007393,
    -5.459999939027));
#10364 = CARTESIAN_POINT('',(20.965449505311,-4.610664411918,
    -5.458503958099));
#10365 = CARTESIAN_POINT('',(20.957328605564,-4.602580341022,
    -5.452539822549));
#10366 = CARTESIAN_POINT('',(20.954106953592,-4.599288171576,
    -5.449938318807));
#10367 = CARTESIAN_POINT('',(20.948502447549,-4.593520565379,
    -5.44511833686));
#10368 = CARTESIAN_POINT('',(20.945507187506,-4.590432633833,
    -5.442481985568));
#10369 = CARTESIAN_POINT('',(20.942222416928,-4.587080977944,
    -5.439536771383));
#10370 = CARTESIAN_POINT('',(20.939968234202,-4.584794659372,
    -5.437510223296));
#10371 = CARTESIAN_POINT('',(20.937982922535,-4.582799289781,
    -5.435721059788));
#10372 = CARTESIAN_POINT('',(20.931771554841,-4.576586960347,
    -5.430124728403));
#10373 = CARTESIAN_POINT('',(20.920557423628,-4.565373640346,
    -5.419780358243));
#10374 = CARTESIAN_POINT('',(20.900112994576,-4.544929353043,
    -5.399423684099));
#10375 = CARTESIAN_POINT('',(20.894225192921,-4.538935797619,
    -5.393260018647));
#10376 = CARTESIAN_POINT('',(20.886784002455,-4.531505024962,
    -5.385461245225));
#10377 = CARTESIAN_POINT('',(20.884535357636,-4.529277840152,
    -5.383092474682));
#10378 = CARTESIAN_POINT('',(20.881510018414,-4.526288439442,
    -5.379881035676));
#10379 = CARTESIAN_POINT('',(20.880084255804,-4.524881144993,
    -5.37836023434));
#10380 = CARTESIAN_POINT('',(20.878788853697,-4.523597768916,
    -5.376962455078));
#10381 = CARTESIAN_POINT('',(20.877954221293,-4.52276881191,
    -5.376057298718));
#10382 = CARTESIAN_POINT('',(20.878290621099,-4.523106790719,
    -5.376429356149));
#10383 = CARTESIAN_POINT('',(20.859121783033,-4.503940370787,
    -5.355392251624));
#10384 = CARTESIAN_POINT('',(20.850101153473,-4.494917466169,
    -5.342786678008));
#10385 = CARTESIAN_POINT('',(20.850101153595,-4.494917466351,
    -5.339999923462));
#10386 = ORIENTED_EDGE('',*,*,#10343,.F.);
#10387 = ORIENTED_EDGE('',*,*,#10388,.F.);
#10388 = EDGE_CURVE('',#10389,#10335,#10391,.T.);
#10389 = VERTEX_POINT('',#10390);
#10390 = CARTESIAN_POINT('',(20.850101150017,-4.794917466351,
    -5.339999949689));
#10391 = B_SPLINE_CURVE_WITH_KNOTS('',3,(#10392,#10393,#10394,#10395,
    #10396,#10397,#10398,#10399,#10400,#10401,#10402,#10403,#10404,
    #10405,#10406,#10407,#10408,#10409,#10410,#10411,#10412,#10413,
    #10414,#10415),.UNSPECIFIED.,.F.,.F.,(4,2,2,1,2,2,2,2,2,1,2,2,4),(0.
    ,0.125,0.1875,0.21875,0.234375,0.25,0.5,0.625,0.6875,0.71875,
    0.734375,0.75,1.),.UNSPECIFIED.);
#10392 = CARTESIAN_POINT('',(20.850101150017,-4.794917466351,
    -5.339999949689));
#10393 = CARTESIAN_POINT('',(20.850101149956,-4.794917466228,
    -5.341393093245));
#10394 = CARTESIAN_POINT('',(20.852356307386,-4.793160416868,
    -5.344718272695));
#10395 = CARTESIAN_POINT('',(20.85912177974,-4.786433513481,
    -5.353652894492));
#10396 = CARTESIAN_POINT('',(20.86194072656,-4.783524138131,
    -5.357269205418));
#10397 = CARTESIAN_POINT('',(20.867014830849,-4.778248221148,
    -5.363490917171));
#10398 = CARTESIAN_POINT('',(20.869763304008,-4.775386295051,
    -5.366797101542));
#10399 = CARTESIAN_POINT('',(20.872828908692,-4.772240102542,
    -5.370333317144));
#10400 = CARTESIAN_POINT('',(20.87494311882,-4.770087363988,
    -5.372733060472));
#10401 = CARTESIAN_POINT('',(20.876775126031,-4.768243523235,
    -5.374766085954));
#10402 = CARTESIAN_POINT('',(20.883369654285,-4.761648368229,
    -5.382004940174));
#10403 = CARTESIAN_POINT('',(20.892325151814,-4.752693528672,
    -5.391669120876));
#10404 = CARTESIAN_POINT('',(20.91422912715,-4.730789446169,
    -5.413479327219));
#10405 = CARTESIAN_POINT('',(20.920437268409,-4.724445022726,
    -5.419574198722));
#10406 = CARTESIAN_POINT('',(20.928109704522,-4.716789336273,
    -5.426784634254));
#10407 = CARTESIAN_POINT('',(20.930393887263,-4.714533195734,
    -5.428879767112));
#10408 = CARTESIAN_POINT('',(20.933410217428,-4.711561985365,
    -5.43161254765));
#10409 = CARTESIAN_POINT('',(20.934815896523,-4.710179134517,
    -5.432876829483));
#10410 = CARTESIAN_POINT('',(20.936067846639,-4.70894179827,
    -5.43399962608));
#10411 = CARTESIAN_POINT('',(20.936868318053,-4.708148205176,
    -5.434718028637));
#10412 = CARTESIAN_POINT('',(20.936426171249,-4.708592202761,
    -5.434318842409));
#10413 = CARTESIAN_POINT('',(20.956679550071,-4.688342766837,
    -5.452560392195));
#10414 = CARTESIAN_POINT('',(20.967507416681,-4.677511187022,
    -5.459999944555));
#10415 = CARTESIAN_POINT('',(20.970101146203,-4.674917457291,
    -5.459999944444));
#10416 = ORIENTED_EDGE('',*,*,#10417,.F.);
#10417 = EDGE_CURVE('',#10359,#10389,#10418,.T.);
#10418 = B_SPLINE_CURVE_WITH_KNOTS('',3,(#10419,#10420,#10421,#10422),
  .UNSPECIFIED.,.F.,.F.,(4,4),(0.,1.),.PIECEWISE_BEZIER_KNOTS.);
#10419 = CARTESIAN_POINT('',(20.850101153595,-4.494917466351,
    -5.339999923462));
#10420 = CARTESIAN_POINT('',(20.850101152402,-4.594917466351,
    -5.339999932204));
#10421 = CARTESIAN_POINT('',(20.85010115121,-4.694917466351,
    -5.339999940947));
#10422 = CARTESIAN_POINT('',(20.850101150017,-4.794917466351,
    -5.339999949689));
#10423 = ( BOUNDED_SURFACE() B_SPLINE_SURFACE(2,3,(
    (#10424,#10425,#10426,#10427,#10428,#10429,#10430,#10431)
    ,(#10432,#10433,#10434,#10435,#10436,#10437,#10438,#10439)
    ,(#10440,#10441,#10442,#10443,#10444,#10445,#10446,#10447
)),.UNSPECIFIED.,.F.,.F.,.F.) B_SPLINE_SURFACE_WITH_KNOTS((3,3),(4,2,2,4
    ),(0.,1.),(1.74E-03,1.875E-03,1.935E-03,2.07E-03),.UNSPECIFIED.) 
GEOMETRIC_REPRESENTATION_ITEM() RATIONAL_B_SPLINE_SURFACE((
    (1.,1.,1.,1.,1.,1.,1.,1.)
    ,(8.485281374239E-02,8.485281374239E-02,8.485281374239E-02
      ,8.485281374239E-02,8.485281374239E-02,8.485281374239E-02
      ,8.485281374239E-02,8.485281374239E-02)
,(1.,1.,1.,1.,1.,1.,1.,1.))) REPRESENTATION_ITEM('') SURFACE() );
#10424 = CARTESIAN_POINT('',(20.970101144593,-4.809917457291,
    -5.459999956246));
#10425 = CARTESIAN_POINT('',(20.97010114513,-4.764917457291,
    -5.459999952312));
#10426 = CARTESIAN_POINT('',(20.970101145666,-4.719917457291,
    -5.459999948378));
#10427 = CARTESIAN_POINT('',(20.970101146441,-4.654917457291,
    -5.459999942695));
#10428 = CARTESIAN_POINT('',(20.97010114668,-4.634917457291,
    -5.459999940947));
#10429 = CARTESIAN_POINT('',(20.970101147455,-4.569917457291,
    -5.459999935264));
#10430 = CARTESIAN_POINT('',(20.970101147991,-4.524917457291,
    -5.45999993133));
#10431 = CARTESIAN_POINT('',(20.970101148528,-4.479917457291,
    -5.459999927396));
#10432 = CARTESIAN_POINT('',(20.850101144593,-4.80991745586,-5.459999951
    ));
#10433 = CARTESIAN_POINT('',(20.85010114513,-4.76491745586,
    -5.459999947066));
#10434 = CARTESIAN_POINT('',(20.850101145666,-4.71991745586,
    -5.459999943132));
#10435 = CARTESIAN_POINT('',(20.850101146441,-4.65491745586,
    -5.45999993745));
#10436 = CARTESIAN_POINT('',(20.85010114668,-4.63491745586,
    -5.459999935701));
#10437 = CARTESIAN_POINT('',(20.850101147455,-4.56991745586,
    -5.459999930019));
#10438 = CARTESIAN_POINT('',(20.850101147991,-4.52491745586,
    -5.459999926085));
#10439 = CARTESIAN_POINT('',(20.850101148528,-4.47991745586,
    -5.459999922151));
#10440 = CARTESIAN_POINT('',(20.850101149838,-4.809917466351,
    -5.339999951));
#10441 = CARTESIAN_POINT('',(20.850101150375,-4.764917466351,
    -5.339999947066));
#10442 = CARTESIAN_POINT('',(20.850101150911,-4.719917466351,
    -5.339999943132));
#10443 = CARTESIAN_POINT('',(20.850101151687,-4.654917466351,
    -5.33999993745));
#10444 = CARTESIAN_POINT('',(20.850101151925,-4.634917466351,
    -5.339999935701));
#10445 = CARTESIAN_POINT('',(20.8501011527,-4.569917466351,
    -5.339999930019));
#10446 = CARTESIAN_POINT('',(20.850101153237,-4.524917466351,
    -5.339999926085));
#10447 = CARTESIAN_POINT('',(20.850101153773,-4.479917466351,
    -5.339999922151));
#10448 = ADVANCED_FACE('',(#10449),#10489,.T.);
#10449 = FACE_BOUND('',#10450,.T.);
#10450 = EDGE_LOOP('',(#10451,#10452,#10461,#10488));
#10451 = ORIENTED_EDGE('',*,*,#10358,.T.);
#10452 = ORIENTED_EDGE('',*,*,#10453,.F.);
#10453 = EDGE_CURVE('',#10454,#10359,#10456,.T.);
#10454 = VERTEX_POINT('',#10455);
#10455 = CARTESIAN_POINT('',(21.150101153595,-4.494917469928,
    -5.339999936576));
#10456 = B_SPLINE_CURVE_WITH_KNOTS('',3,(#10457,#10458,#10459,#10460),
  .UNSPECIFIED.,.F.,.F.,(4,4),(0.,1.),.PIECEWISE_BEZIER_KNOTS.);
#10457 = CARTESIAN_POINT('',(21.150101153595,-4.494917469928,
    -5.339999936576));
#10458 = CARTESIAN_POINT('',(21.050101153595,-4.494917468736,
    -5.339999932204));
#10459 = CARTESIAN_POINT('',(20.950101153595,-4.494917467543,
    -5.339999927833));
#10460 = CARTESIAN_POINT('',(20.850101153595,-4.494917466351,
    -5.339999923462));
#10461 = ORIENTED_EDGE('',*,*,#10462,.F.);
#10462 = EDGE_CURVE('',#10317,#10454,#10463,.T.);
#10463 = B_SPLINE_CURVE_WITH_KNOTS('',3,(#10464,#10465,#10466,#10467,
    #10468,#10469,#10470,#10471,#10472,#10473,#10474,#10475,#10476,
    #10477,#10478,#10479,#10480,#10481,#10482,#10483,#10484,#10485,
    #10486,#10487),.UNSPECIFIED.,.F.,.F.,(4,2,2,1,2,2,2,2,2,1,2,2,4),(0.
    ,0.125,0.1875,0.21875,0.234375,0.25,0.5,0.625,0.6875,0.71875,
    0.734375,0.75,1.),.UNSPECIFIED.);
#10464 = CARTESIAN_POINT('',(21.030101146918,-4.614917458006,
    -5.459999941821));
#10465 = CARTESIAN_POINT('',(21.031397596817,-4.613621008007,
    -5.459999941763));
#10466 = CARTESIAN_POINT('',(21.034354192488,-4.610265816464,
    -5.458503961076));
#10467 = CARTESIAN_POINT('',(21.042438264166,-4.602144916978,
    -5.452539826231));
#10468 = CARTESIAN_POINT('',(21.045730433954,-4.59892326512,
    -5.449938322779));
#10469 = CARTESIAN_POINT('',(21.051498040782,-4.593318759287,
    -5.445118341343));
#10470 = CARTESIAN_POINT('',(21.054585972674,-4.590323499359,
    -5.442481990326));
#10471 = CARTESIAN_POINT('',(21.057937628949,-4.587038728911,
    -5.439536776437));
#10472 = CARTESIAN_POINT('',(21.060223947786,-4.584784546273,
    -5.437510228552));
#10473 = CARTESIAN_POINT('',(21.062219317612,-4.582799234684,
    -5.435721065219));
#10474 = CARTESIAN_POINT('',(21.068431647784,-4.57658786723,
    -5.430124734373));
#10475 = CARTESIAN_POINT('',(21.07964496914,-4.565373736471,
    -5.419780365194));
#10476 = CARTESIAN_POINT('',(21.100089259109,-4.544929308313,
    -5.399423692842));
#10477 = CARTESIAN_POINT('',(21.10608281534,-4.539041506928,
    -5.393260027919));
#10478 = CARTESIAN_POINT('',(21.11351358902,-4.531600316803,
    -5.385461255146));
#10479 = CARTESIAN_POINT('',(21.115740774141,-4.529351672088,
    -5.383092484797));
#10480 = CARTESIAN_POINT('',(21.118730175272,-4.526326333006,
    -5.37988104605));
#10481 = CARTESIAN_POINT('',(21.120137469921,-4.524900570462,
    -5.378360244836));
#10482 = CARTESIAN_POINT('',(21.121420846181,-4.523605168415,
    -5.376962465685));
#10483 = CARTESIAN_POINT('',(21.122249803307,-4.52277053605,
    -5.376057309397));
#10484 = CARTESIAN_POINT('',(21.121911824449,-4.52310693584,
    -5.376429366798));
#10485 = CARTESIAN_POINT('',(21.141078247139,-4.503938098693,
    -5.35539226395));
#10486 = CARTESIAN_POINT('',(21.150101153411,-4.494917469684,
    -5.342786691122));
#10487 = CARTESIAN_POINT('',(21.150101153595,-4.494917469928,
    -5.339999936576));
#10488 = ORIENTED_EDGE('',*,*,#10314,.F.);
#10489 = ( BOUNDED_SURFACE() B_SPLINE_SURFACE(2,3,(
    (#10490,#10491,#10492,#10493,#10494,#10495,#10496,#10497)
    ,(#10498,#10499,#10500,#10501,#10502,#10503,#10504,#10505)
    ,(#10506,#10507,#10508,#10509,#10510,#10511,#10512,#10513
)),.UNSPECIFIED.,.F.,.F.,.F.) B_SPLINE_SURFACE_WITH_KNOTS((3,3),(4,2,2,4
    ),(0.,1.),(-1.65E-04,-3.E-05,3.E-05,1.65E-04),.UNSPECIFIED.) 
GEOMETRIC_REPRESENTATION_ITEM() RATIONAL_B_SPLINE_SURFACE((
    (1.,1.,1.,1.,1.,1.,1.,1.)
    ,(8.485281374239E-02,8.485281374239E-02,8.485281374239E-02
      ,8.485281374239E-02,8.485281374239E-02,8.485281374239E-02
      ,8.485281374239E-02,8.485281374239E-02)
,(1.,1.,1.,1.,1.,1.,1.,1.))) REPRESENTATION_ITEM('') SURFACE() );
#10490 = CARTESIAN_POINT('',(20.835101146918,-4.614917455681,
    -5.459999933297));
#10491 = CARTESIAN_POINT('',(20.880101146918,-4.614917456218,
    -5.459999935264));
#10492 = CARTESIAN_POINT('',(20.925101146918,-4.614917456754,
    -5.459999937231));
#10493 = CARTESIAN_POINT('',(20.990101146918,-4.614917457529,
    -5.459999940072));
#10494 = CARTESIAN_POINT('',(21.010101146918,-4.614917457768,
    -5.459999940947));
#10495 = CARTESIAN_POINT('',(21.075101146918,-4.614917458543,
    -5.459999943788));
#10496 = CARTESIAN_POINT('',(21.120101146918,-4.61491745908,
    -5.459999945755));
#10497 = CARTESIAN_POINT('',(21.165101146918,-4.614917459616,
    -5.459999947722));
#10498 = CARTESIAN_POINT('',(20.835101148349,-4.494917455681,
    -5.459999922806));
#10499 = CARTESIAN_POINT('',(20.880101148349,-4.494917456218,
    -5.459999924773));
#10500 = CARTESIAN_POINT('',(20.925101148349,-4.494917456754,
    -5.45999992674));
#10501 = CARTESIAN_POINT('',(20.990101148349,-4.494917457529,
    -5.459999929582));
#10502 = CARTESIAN_POINT('',(21.010101148349,-4.494917457768,
    -5.459999930456));
#10503 = CARTESIAN_POINT('',(21.075101148349,-4.494917458543,
    -5.459999933297));
#10504 = CARTESIAN_POINT('',(21.120101148349,-4.49491745908,
    -5.459999935264));
#10505 = CARTESIAN_POINT('',(21.165101148349,-4.494917459616,
    -5.459999937231));
#10506 = CARTESIAN_POINT('',(20.835101153595,-4.494917466172,
    -5.339999922806));
#10507 = CARTESIAN_POINT('',(20.880101153595,-4.494917466708,
    -5.339999924773));
#10508 = CARTESIAN_POINT('',(20.925101153595,-4.494917467245,
    -5.33999992674));
#10509 = CARTESIAN_POINT('',(20.990101153595,-4.49491746802,
    -5.339999929582));
#10510 = CARTESIAN_POINT('',(21.010101153595,-4.494917468259,
    -5.339999930456));
#10511 = CARTESIAN_POINT('',(21.075101153595,-4.494917469034,
    -5.339999933297));
#10512 = CARTESIAN_POINT('',(21.120101153595,-4.49491746957,
    -5.339999935264));
#10513 = CARTESIAN_POINT('',(21.165101153595,-4.494917470107,
    -5.339999937231));
#10514 = ADVANCED_FACE('',(#10515),#10555,.T.);
#10515 = FACE_BOUND('',#10516,.T.);
#10516 = EDGE_LOOP('',(#10517,#10546,#10547,#10548));
#10517 = ORIENTED_EDGE('',*,*,#10518,.T.);
#10518 = EDGE_CURVE('',#10519,#10326,#10521,.T.);
#10519 = VERTEX_POINT('',#10520);
#10520 = CARTESIAN_POINT('',(21.150101150017,-4.794917469928,
    -5.339999962802));
#10521 = B_SPLINE_CURVE_WITH_KNOTS('',3,(#10522,#10523,#10524,#10525,
    #10526,#10527,#10528,#10529,#10530,#10531,#10532,#10533,#10534,
    #10535,#10536,#10537,#10538,#10539,#10540,#10541,#10542,#10543,
    #10544,#10545),.UNSPECIFIED.,.F.,.F.,(4,2,2,1,2,2,2,2,2,1,2,2,4),(0.
    ,0.125,0.1875,0.21875,0.234375,0.25,0.5,0.625,0.6875,0.71875,
    0.734375,0.75,1.),.UNSPECIFIED.);
#10522 = CARTESIAN_POINT('',(21.150101150017,-4.794917469928,
    -5.339999962802));
#10523 = CARTESIAN_POINT('',(21.150101149955,-4.794917469806,
    -5.341393106359));
#10524 = CARTESIAN_POINT('',(21.148344100741,-4.79266231194,
    -5.34471828559));
#10525 = CARTESIAN_POINT('',(21.141617197744,-4.785896838415,
    -5.353652906794));
#10526 = CARTESIAN_POINT('',(21.138707822552,-4.78307789112,
    -5.357269217477));
#10527 = CARTESIAN_POINT('',(21.133431905841,-4.778003786016,
    -5.363490928796));
#10528 = CARTESIAN_POINT('',(21.130569979889,-4.775255312423,
    -5.366797112931));
#10529 = CARTESIAN_POINT('',(21.127423787534,-4.772189707275,
    -5.370333328269));
#10530 = CARTESIAN_POINT('',(21.125271049086,-4.770075496832,
    -5.372733071414));
#10531 = CARTESIAN_POINT('',(21.123427208421,-4.768243489355,
    -5.374766096735));
#10532 = CARTESIAN_POINT('',(21.116832053733,-4.761648960153,
    -5.382004950377));
#10533 = CARTESIAN_POINT('',(21.107877214599,-4.752693461357,
    -5.391669130296));
#10534 = CARTESIAN_POINT('',(21.085973133046,-4.730789483159,
    -5.413479334728));
#10535 = CARTESIAN_POINT('',(21.079628709869,-4.7245813411,
    -5.419574205695));
#10536 = CARTESIAN_POINT('',(21.071973023732,-4.716908904042,
    -5.426784640555));
#10537 = CARTESIAN_POINT('',(21.069716883284,-4.714624721026,
    -5.428879773211));
#10538 = CARTESIAN_POINT('',(21.066745673035,-4.711608390503,
    -5.431612553484));
#10539 = CARTESIAN_POINT('',(21.065362822242,-4.710202711242,
    -5.432876835192));
#10540 = CARTESIAN_POINT('',(21.064125486045,-4.708950760979,
    -5.433999631679));
#10541 = CARTESIAN_POINT('',(21.063331892983,-4.708150289471,
    -5.434718034165));
#10542 = CARTESIAN_POINT('',(21.063775890551,-4.708592436327,
    -5.434318847976));
#10543 = CARTESIAN_POINT('',(21.043526455425,-4.688339055114,
    -5.45256039599));
#10544 = CARTESIAN_POINT('',(21.032694875934,-4.677511187529,
    -5.459999947404));
#10545 = CARTESIAN_POINT('',(21.030101146203,-4.674917458006,
    -5.459999947066));
#10546 = ORIENTED_EDGE('',*,*,#10325,.F.);
#10547 = ORIENTED_EDGE('',*,*,#10462,.T.);
#10548 = ORIENTED_EDGE('',*,*,#10549,.F.);
#10549 = EDGE_CURVE('',#10519,#10454,#10550,.T.);
#10550 = B_SPLINE_CURVE_WITH_KNOTS('',3,(#10551,#10552,#10553,#10554),
  .UNSPECIFIED.,.F.,.F.,(4,4),(0.,1.),.PIECEWISE_BEZIER_KNOTS.);
#10551 = CARTESIAN_POINT('',(21.150101150017,-4.794917469928,
    -5.339999962802));
#10552 = CARTESIAN_POINT('',(21.15010115121,-4.694917469928,
    -5.33999995406));
#10553 = CARTESIAN_POINT('',(21.150101152402,-4.594917469928,
    -5.339999945318));
#10554 = CARTESIAN_POINT('',(21.150101153595,-4.494917469928,
    -5.339999936576));
#10555 = ( BOUNDED_SURFACE() B_SPLINE_SURFACE(2,3,(
    (#10556,#10557,#10558,#10559,#10560,#10561,#10562,#10563)
    ,(#10564,#10565,#10566,#10567,#10568,#10569,#10570,#10571)
    ,(#10572,#10573,#10574,#10575,#10576,#10577,#10578,#10579
)),.UNSPECIFIED.,.F.,.F.,.F.) B_SPLINE_SURFACE_WITH_KNOTS((3,3),(4,2,2,4
    ),(0.,1.),(-2.07E-03,-1.935E-03,-1.875E-03,-1.74E-03),
.UNSPECIFIED.) GEOMETRIC_REPRESENTATION_ITEM() RATIONAL_B_SPLINE_SURFACE
((
    (1.,1.,1.,1.,1.,1.,1.,1.)
    ,(8.485281374239E-02,8.485281374239E-02,8.485281374239E-02
      ,8.485281374239E-02,8.485281374239E-02,8.485281374239E-02
      ,8.485281374239E-02,8.485281374239E-02)
,(1.,1.,1.,1.,1.,1.,1.,1.))) REPRESENTATION_ITEM('') SURFACE() );
#10556 = CARTESIAN_POINT('',(21.030101148528,-4.479917458006,
    -5.459999930019));
#10557 = CARTESIAN_POINT('',(21.030101147991,-4.524917458006,
    -5.459999933953));
#10558 = CARTESIAN_POINT('',(21.030101147455,-4.569917458006,
    -5.459999937887));
#10559 = CARTESIAN_POINT('',(21.03010114668,-4.634917458006,
    -5.459999943569));
#10560 = CARTESIAN_POINT('',(21.030101146441,-4.654917458006,
    -5.459999945318));
#10561 = CARTESIAN_POINT('',(21.030101145666,-4.719917458006,
    -5.459999951));
#10562 = CARTESIAN_POINT('',(21.03010114513,-4.764917458006,
    -5.459999954934));
#10563 = CARTESIAN_POINT('',(21.030101144593,-4.809917458006,
    -5.459999958868));
#10564 = CARTESIAN_POINT('',(21.150101148528,-4.479917459437,
    -5.459999935264));
#10565 = CARTESIAN_POINT('',(21.150101147991,-4.524917459437,
    -5.459999939198));
#10566 = CARTESIAN_POINT('',(21.150101147455,-4.569917459437,
    -5.459999943132));
#10567 = CARTESIAN_POINT('',(21.15010114668,-4.634917459437,
    -5.459999948815));
#10568 = CARTESIAN_POINT('',(21.150101146441,-4.654917459437,
    -5.459999950563));
#10569 = CARTESIAN_POINT('',(21.150101145666,-4.719917459437,
    -5.459999956246));
#10570 = CARTESIAN_POINT('',(21.15010114513,-4.764917459437,
    -5.45999996018));
#10571 = CARTESIAN_POINT('',(21.150101144593,-4.809917459437,
    -5.459999964114));
#10572 = CARTESIAN_POINT('',(21.150101153773,-4.479917469928,
    -5.339999935264));
#10573 = CARTESIAN_POINT('',(21.150101153237,-4.524917469928,
    -5.339999939198));
#10574 = CARTESIAN_POINT('',(21.1501011527,-4.569917469928,
    -5.339999943132));
#10575 = CARTESIAN_POINT('',(21.150101151925,-4.634917469928,
    -5.339999948815));
#10576 = CARTESIAN_POINT('',(21.150101151687,-4.654917469928,
    -5.339999950563));
#10577 = CARTESIAN_POINT('',(21.150101150911,-4.719917469928,
    -5.339999956246));
#10578 = CARTESIAN_POINT('',(21.150101150375,-4.764917469928,
    -5.33999996018));
#10579 = CARTESIAN_POINT('',(21.150101149838,-4.809917469928,
    -5.339999964114));
#10580 = ADVANCED_FACE('',(#10581),#10593,.T.);
#10581 = FACE_BOUND('',#10582,.T.);
#10582 = EDGE_LOOP('',(#10583,#10584,#10585,#10586));
#10583 = ORIENTED_EDGE('',*,*,#10388,.T.);
#10584 = ORIENTED_EDGE('',*,*,#10334,.F.);
#10585 = ORIENTED_EDGE('',*,*,#10518,.F.);
#10586 = ORIENTED_EDGE('',*,*,#10587,.F.);
#10587 = EDGE_CURVE('',#10389,#10519,#10588,.T.);
#10588 = B_SPLINE_CURVE_WITH_KNOTS('',3,(#10589,#10590,#10591,#10592),
  .UNSPECIFIED.,.F.,.F.,(4,4),(0.,1.),.PIECEWISE_BEZIER_KNOTS.);
#10589 = CARTESIAN_POINT('',(20.850101150017,-4.794917466351,
    -5.339999949689));
#10590 = CARTESIAN_POINT('',(20.950101150017,-4.794917467543,
    -5.33999995406));
#10591 = CARTESIAN_POINT('',(21.050101150017,-4.794917468736,
    -5.339999958431));
#10592 = CARTESIAN_POINT('',(21.150101150017,-4.794917469928,
    -5.339999962802));
#10593 = ( BOUNDED_SURFACE() B_SPLINE_SURFACE(2,3,(
    (#10594,#10595,#10596,#10597,#10598,#10599,#10600,#10601)
    ,(#10602,#10603,#10604,#10605,#10606,#10607,#10608,#10609)
    ,(#10610,#10611,#10612,#10613,#10614,#10615,#10616,#10617
)),.UNSPECIFIED.,.F.,.F.,.F.) B_SPLINE_SURFACE_WITH_KNOTS((3,3),(4,2,2,4
    ),(0.,1.),(-1.65E-04,-3.E-05,3.E-05,1.65E-04),.UNSPECIFIED.) 
GEOMETRIC_REPRESENTATION_ITEM() RATIONAL_B_SPLINE_SURFACE((
    (1.,1.,1.,1.,1.,1.,1.,1.)
    ,(8.485281374239E-02,8.485281374239E-02,8.485281374239E-02
      ,8.485281374239E-02,8.485281374239E-02,8.485281374239E-02
      ,8.485281374239E-02,8.485281374239E-02)
,(1.,1.,1.,1.,1.,1.,1.,1.))) REPRESENTATION_ITEM('') SURFACE() );
#10594 = CARTESIAN_POINT('',(21.165101146203,-4.674917459616,
    -5.459999952967));
#10595 = CARTESIAN_POINT('',(21.120101146203,-4.67491745908,-5.459999951
    ));
#10596 = CARTESIAN_POINT('',(21.075101146203,-4.674917458543,
    -5.459999949033));
#10597 = CARTESIAN_POINT('',(21.010101146203,-4.674917457768,
    -5.459999946192));
#10598 = CARTESIAN_POINT('',(20.990101146203,-4.674917457529,
    -5.459999945318));
#10599 = CARTESIAN_POINT('',(20.925101146203,-4.674917456754,
    -5.459999942477));
#10600 = CARTESIAN_POINT('',(20.880101146203,-4.674917456218,
    -5.45999994051));
#10601 = CARTESIAN_POINT('',(20.835101146203,-4.674917455681,
    -5.459999938543));
#10602 = CARTESIAN_POINT('',(21.165101144772,-4.794917459616,
    -5.459999963458));
#10603 = CARTESIAN_POINT('',(21.120101144772,-4.79491745908,
    -5.459999961491));
#10604 = CARTESIAN_POINT('',(21.075101144772,-4.794917458543,
    -5.459999959524));
#10605 = CARTESIAN_POINT('',(21.010101144772,-4.794917457768,
    -5.459999956683));
#10606 = CARTESIAN_POINT('',(20.990101144772,-4.794917457529,
    -5.459999955809));
#10607 = CARTESIAN_POINT('',(20.925101144772,-4.794917456754,
    -5.459999952967));
#10608 = CARTESIAN_POINT('',(20.880101144772,-4.794917456218,
    -5.459999951));
#10609 = CARTESIAN_POINT('',(20.835101144772,-4.794917455681,
    -5.459999949033));
#10610 = CARTESIAN_POINT('',(21.165101150017,-4.794917470107,
    -5.339999963458));
#10611 = CARTESIAN_POINT('',(21.120101150017,-4.79491746957,
    -5.339999961491));
#10612 = CARTESIAN_POINT('',(21.075101150017,-4.794917469034,
    -5.339999959524));
#10613 = CARTESIAN_POINT('',(21.010101150017,-4.794917468259,
    -5.339999956683));
#10614 = CARTESIAN_POINT('',(20.990101150017,-4.79491746802,
    -5.339999955809));
#10615 = CARTESIAN_POINT('',(20.925101150017,-4.794917467245,
    -5.339999952967));
#10616 = CARTESIAN_POINT('',(20.880101150017,-4.794917466708,
    -5.339999951));
#10617 = CARTESIAN_POINT('',(20.835101150017,-4.794917466172,
    -5.339999949033));
#10618 = ADVANCED_FACE('',(#10619),#10635,.T.);
#10619 = FACE_BOUND('',#10620,.T.);
#10620 = EDGE_LOOP('',(#10621,#10627,#10628,#10634));
#10621 = ORIENTED_EDGE('',*,*,#10622,.T.);
#10622 = EDGE_CURVE('',#8345,#10389,#10623,.T.);
#10623 = LINE('',#10624,#10625);
#10624 = CARTESIAN_POINT('',(20.850101459494,-4.794918085303,
    1.740000050311));
#10625 = VECTOR('',#10626,1.);
#10626 = DIRECTION('',(-4.371140912996E-08,8.742273446216E-08,-1.));
#10627 = ORIENTED_EDGE('',*,*,#10587,.T.);
#10628 = ORIENTED_EDGE('',*,*,#10629,.F.);
#10629 = EDGE_CURVE('',#8329,#10519,#10630,.T.);
#10630 = LINE('',#10631,#10632);
#10631 = CARTESIAN_POINT('',(21.150101459494,-4.794918088881,
    1.740000037198));
#10632 = VECTOR('',#10633,1.);
#10633 = DIRECTION('',(-4.371140912996E-08,8.742273446216E-08,-1.));
#10634 = ORIENTED_EDGE('',*,*,#8352,.T.);
#10635 = PLANE('',#10636);
#10636 = AXIS2_PLACEMENT_3D('',#10637,#10638,#10639);
#10637 = CARTESIAN_POINT('',(21.000101459494,-4.794918087092,
    1.740000043754));
#10638 = DIRECTION('',(-1.19248799157E-08,-1.,-8.742273394091E-08));
#10639 = DIRECTION('',(-1.,1.192487609433E-08,4.371141017247E-08));
#10640 = ADVANCED_FACE('',(#10641),#10652,.F.);
#10641 = FACE_BOUND('',#10642,.T.);
#10642 = EDGE_LOOP('',(#10643,#10644,#10645,#10651));
#10643 = ORIENTED_EDGE('',*,*,#10629,.T.);
#10644 = ORIENTED_EDGE('',*,*,#10549,.T.);
#10645 = ORIENTED_EDGE('',*,*,#10646,.F.);
#10646 = EDGE_CURVE('',#8327,#10454,#10647,.T.);
#10647 = LINE('',#10648,#10649);
#10648 = CARTESIAN_POINT('',(21.150101463071,-4.494918088881,
    1.740000063424));
#10649 = VECTOR('',#10650,1.);
#10650 = DIRECTION('',(-4.371140912996E-08,8.742273446216E-08,-1.));
#10651 = ORIENTED_EDGE('',*,*,#8326,.T.);
#10652 = PLANE('',#10653);
#10653 = AXIS2_PLACEMENT_3D('',#10654,#10655,#10656);
#10654 = CARTESIAN_POINT('',(21.150101438566,-6.549918088881,
    1.739999883771));
#10655 = DIRECTION('',(-1.,1.192487690748E-08,4.371141017247E-08));
#10656 = DIRECTION('',(1.192488072885E-08,1.,8.742273394091E-08));
#10657 = ADVANCED_FACE('',(#10658),#10669,.F.);
#10658 = FACE_BOUND('',#10659,.T.);
#10659 = EDGE_LOOP('',(#10660,#10661,#10662,#10668));
#10660 = ORIENTED_EDGE('',*,*,#10646,.T.);
#10661 = ORIENTED_EDGE('',*,*,#10453,.T.);
#10662 = ORIENTED_EDGE('',*,*,#10663,.F.);
#10663 = EDGE_CURVE('',#8337,#10359,#10664,.T.);
#10664 = LINE('',#10665,#10666);
#10665 = CARTESIAN_POINT('',(20.850101463071,-4.494918085303,
    1.740000076538));
#10666 = VECTOR('',#10667,1.);
#10667 = DIRECTION('',(-4.371140912996E-08,8.742273446216E-08,-1.));
#10668 = ORIENTED_EDGE('',*,*,#8336,.T.);
#10669 = PLANE('',#10670);
#10670 = AXIS2_PLACEMENT_3D('',#10671,#10672,#10673);
#10671 = CARTESIAN_POINT('',(21.000101463071,-4.494918087092,
    1.740000069981));
#10672 = DIRECTION('',(-1.19248806385E-08,-1.,-8.742273394091E-08));
#10673 = DIRECTION('',(-1.,1.192487681713E-08,4.371141017247E-08));
#10674 = ADVANCED_FACE('',(#10675),#10681,.T.);
#10675 = FACE_BOUND('',#10676,.T.);
#10676 = EDGE_LOOP('',(#10677,#10678,#10679,#10680));
#10677 = ORIENTED_EDGE('',*,*,#10663,.T.);
#10678 = ORIENTED_EDGE('',*,*,#10417,.T.);
#10679 = ORIENTED_EDGE('',*,*,#10622,.F.);
#10680 = ORIENTED_EDGE('',*,*,#8344,.T.);
#10681 = PLANE('',#10682);
#10682 = AXIS2_PLACEMENT_3D('',#10683,#10684,#10685);
#10683 = CARTESIAN_POINT('',(20.850101438566,-6.549918085303,
    1.739999896884));
#10684 = DIRECTION('',(-1.,1.192487690748E-08,4.371141017247E-08));
#10685 = DIRECTION('',(1.192488072885E-08,1.,8.742273394091E-08));
#10686 = ADVANCED_FACE('',(#10687),#10725,.T.);
#10687 = FACE_BOUND('',#10688,.T.);
#10688 = EDGE_LOOP('',(#10689,#10700,#10709,#10718));
#10689 = ORIENTED_EDGE('',*,*,#10690,.T.);
#10690 = EDGE_CURVE('',#10691,#10693,#10695,.T.);
#10691 = VERTEX_POINT('',#10692);
#10692 = CARTESIAN_POINT('',(20.970101131774,-5.884917457291,
    -5.460000050225));
#10693 = VERTEX_POINT('',#10694);
#10694 = CARTESIAN_POINT('',(21.030101131774,-5.884917458006,
    -5.460000052848));
#10695 = B_SPLINE_CURVE_WITH_KNOTS('',3,(#10696,#10697,#10698,#10699),
  .UNSPECIFIED.,.F.,.F.,(4,4),(0.,1.),.PIECEWISE_BEZIER_KNOTS.);
#10696 = CARTESIAN_POINT('',(20.970101131774,-5.884917457291,
    -5.460000050225));
#10697 = CARTESIAN_POINT('',(20.990101131774,-5.884917457529,
    -5.460000051099));
#10698 = CARTESIAN_POINT('',(21.010101131774,-5.884917457768,
    -5.460000051974));
#10699 = CARTESIAN_POINT('',(21.030101131774,-5.884917458006,
    -5.460000052848));
#10700 = ORIENTED_EDGE('',*,*,#10701,.T.);
#10701 = EDGE_CURVE('',#10693,#10702,#10704,.T.);
#10702 = VERTEX_POINT('',#10703);
#10703 = CARTESIAN_POINT('',(21.030101131058,-5.944917458006,
    -5.460000058093));
#10704 = B_SPLINE_CURVE_WITH_KNOTS('',3,(#10705,#10706,#10707,#10708),
  .UNSPECIFIED.,.F.,.F.,(4,4),(0.,1.),.PIECEWISE_BEZIER_KNOTS.);
#10705 = CARTESIAN_POINT('',(21.030101131774,-5.884917458006,
    -5.460000052848));
#10706 = CARTESIAN_POINT('',(21.030101131535,-5.904917458006,
    -5.460000054596));
#10707 = CARTESIAN_POINT('',(21.030101131297,-5.924917458006,
    -5.460000056345));
#10708 = CARTESIAN_POINT('',(21.030101131058,-5.944917458006,
    -5.460000058093));
#10709 = ORIENTED_EDGE('',*,*,#10710,.T.);
#10710 = EDGE_CURVE('',#10702,#10711,#10713,.T.);
#10711 = VERTEX_POINT('',#10712);
#10712 = CARTESIAN_POINT('',(20.970101131058,-5.944917457291,
    -5.46000005547));
#10713 = B_SPLINE_CURVE_WITH_KNOTS('',3,(#10714,#10715,#10716,#10717),
  .UNSPECIFIED.,.F.,.F.,(4,4),(0.,1.),.PIECEWISE_BEZIER_KNOTS.);
#10714 = CARTESIAN_POINT('',(21.030101131058,-5.944917458006,
    -5.460000058093));
#10715 = CARTESIAN_POINT('',(21.010101131058,-5.944917457768,
    -5.460000057219));
#10716 = CARTESIAN_POINT('',(20.990101131058,-5.944917457529,
    -5.460000056345));
#10717 = CARTESIAN_POINT('',(20.970101131058,-5.944917457291,
    -5.46000005547));
#10718 = ORIENTED_EDGE('',*,*,#10719,.T.);
#10719 = EDGE_CURVE('',#10711,#10691,#10720,.T.);
#10720 = B_SPLINE_CURVE_WITH_KNOTS('',3,(#10721,#10722,#10723,#10724),
  .UNSPECIFIED.,.F.,.F.,(4,4),(0.,1.),.PIECEWISE_BEZIER_KNOTS.);
#10721 = CARTESIAN_POINT('',(20.970101131058,-5.944917457291,
    -5.46000005547));
#10722 = CARTESIAN_POINT('',(20.970101131297,-5.924917457291,
    -5.460000053722));
#10723 = CARTESIAN_POINT('',(20.970101131535,-5.904917457291,
    -5.460000051974));
#10724 = CARTESIAN_POINT('',(20.970101131774,-5.884917457291,
    -5.460000050225));
#10725 = PLANE('',#10726);
#10726 = AXIS2_PLACEMENT_3D('',#10727,#10728,#10729);
#10727 = CARTESIAN_POINT('',(21.000101123844,-6.549917457649,
    -5.460000109673));
#10728 = DIRECTION('',(-4.371140912996E-08,8.742273446216E-08,-1.));
#10729 = DIRECTION('',(1.19248806385E-08,1.,8.742273394091E-08));
#10730 = ADVANCED_FACE('',(#10731),#10799,.T.);
#10731 = FACE_BOUND('',#10732,.T.);
#10732 = EDGE_LOOP('',(#10733,#10762,#10763,#10792));
#10733 = ORIENTED_EDGE('',*,*,#10734,.F.);
#10734 = EDGE_CURVE('',#10691,#10735,#10737,.T.);
#10735 = VERTEX_POINT('',#10736);
#10736 = CARTESIAN_POINT('',(20.85010113845,-5.764917466351,
    -5.340000034489));
#10737 = B_SPLINE_CURVE_WITH_KNOTS('',3,(#10738,#10739,#10740,#10741,
    #10742,#10743,#10744,#10745,#10746,#10747,#10748,#10749,#10750,
    #10751,#10752,#10753,#10754,#10755,#10756,#10757,#10758,#10759,
    #10760,#10761),.UNSPECIFIED.,.F.,.F.,(4,2,2,1,2,2,2,2,2,1,2,2,4),(0.
    ,0.125,0.1875,0.21875,0.234375,0.25,0.5,0.625,0.6875,0.71875,
    0.734375,0.75,1.),.UNSPECIFIED.);
#10738 = CARTESIAN_POINT('',(20.970101131774,-5.884917457291,
    -5.460000050225));
#10739 = CARTESIAN_POINT('',(20.968804681775,-5.883621007393,
    -5.460000050054));
#10740 = CARTESIAN_POINT('',(20.965449490167,-5.880664411918,
    -5.458504069126));
#10741 = CARTESIAN_POINT('',(20.95732859042,-5.872580341022,
    -5.452539933576));
#10742 = CARTESIAN_POINT('',(20.954106938448,-5.869288171576,
    -5.449938429833));
#10743 = CARTESIAN_POINT('',(20.948502432404,-5.863520565379,
    -5.445118447886));
#10744 = CARTESIAN_POINT('',(20.945507172361,-5.860432633833,
    -5.442482096595));
#10745 = CARTESIAN_POINT('',(20.942222401784,-5.857080977944,
    -5.43953688241));
#10746 = CARTESIAN_POINT('',(20.939968219058,-5.854794659372,
    -5.437510334323));
#10747 = CARTESIAN_POINT('',(20.93798290739,-5.852799289781,
    -5.435721170815));
#10748 = CARTESIAN_POINT('',(20.931771539697,-5.846586960348,
    -5.43012483943));
#10749 = CARTESIAN_POINT('',(20.920557408485,-5.835373640348,
    -5.419780469271));
#10750 = CARTESIAN_POINT('',(20.900112979431,-5.814929353042,
    -5.399423795125));
#10751 = CARTESIAN_POINT('',(20.894225177775,-5.808935797618,
    -5.393260129672));
#10752 = CARTESIAN_POINT('',(20.886783987309,-5.801505024961,
    -5.38546135625));
#10753 = CARTESIAN_POINT('',(20.884535342491,-5.799277840151,
    -5.383092585708));
#10754 = CARTESIAN_POINT('',(20.881510003269,-5.796288439441,
    -5.379881146702));
#10755 = CARTESIAN_POINT('',(20.880084240659,-5.794881144993,
    -5.378360345367));
#10756 = CARTESIAN_POINT('',(20.878788838552,-5.793597768916,
    -5.376962566105));
#10757 = CARTESIAN_POINT('',(20.877954206148,-5.79276881191,
    -5.376057409745));
#10758 = CARTESIAN_POINT('',(20.878290605955,-5.793106790719,
    -5.376429467176));
#10759 = CARTESIAN_POINT('',(20.859121767888,-5.773940370787,
    -5.355392362651));
#10760 = CARTESIAN_POINT('',(20.850101138328,-5.764917466169,
    -5.342786789035));
#10761 = CARTESIAN_POINT('',(20.85010113845,-5.764917466351,
    -5.340000034489));
#10762 = ORIENTED_EDGE('',*,*,#10719,.F.);
#10763 = ORIENTED_EDGE('',*,*,#10764,.F.);
#10764 = EDGE_CURVE('',#10765,#10711,#10767,.T.);
#10765 = VERTEX_POINT('',#10766);
#10766 = CARTESIAN_POINT('',(20.850101134873,-6.064917466351,
    -5.340000060716));
#10767 = B_SPLINE_CURVE_WITH_KNOTS('',3,(#10768,#10769,#10770,#10771,
    #10772,#10773,#10774,#10775,#10776,#10777,#10778,#10779,#10780,
    #10781,#10782,#10783,#10784,#10785,#10786,#10787,#10788,#10789,
    #10790,#10791),.UNSPECIFIED.,.F.,.F.,(4,2,2,1,2,2,2,2,2,1,2,2,4),(0.
    ,0.125,0.1875,0.21875,0.234375,0.25,0.5,0.625,0.6875,0.71875,
    0.734375,0.75,1.),.UNSPECIFIED.);
#10768 = CARTESIAN_POINT('',(20.850101134873,-6.064917466351,
    -5.340000060716));
#10769 = CARTESIAN_POINT('',(20.850101134812,-6.064917466228,
    -5.341393204272));
#10770 = CARTESIAN_POINT('',(20.852356292242,-6.063160416868,
    -5.344718383722));
#10771 = CARTESIAN_POINT('',(20.859121764596,-6.05643351348,
    -5.353653005519));
#10772 = CARTESIAN_POINT('',(20.861940711415,-6.05352413813,
    -5.357269316445));
#10773 = CARTESIAN_POINT('',(20.867014815704,-6.048248221148,
    -5.363491028198));
#10774 = CARTESIAN_POINT('',(20.869763288864,-6.045386295051,
    -5.366797212569));
#10775 = CARTESIAN_POINT('',(20.872828893548,-6.042240102542,
    -5.370333428171));
#10776 = CARTESIAN_POINT('',(20.874943103676,-6.040087363988,
    -5.372733171499));
#10777 = CARTESIAN_POINT('',(20.876775110886,-6.038243523235,
    -5.37476619698));
#10778 = CARTESIAN_POINT('',(20.883369639143,-6.031648368227,
    -5.382005051202));
#10779 = CARTESIAN_POINT('',(20.892325136672,-6.022693528669,
    -5.391669231905));
#10780 = CARTESIAN_POINT('',(20.914229112004,-6.00078944617,
    -5.413479438245));
#10781 = CARTESIAN_POINT('',(20.920437253263,-5.994445022727,
    -5.419574309748));
#10782 = CARTESIAN_POINT('',(20.928109689375,-5.986789336275,
    -5.42678474528));
#10783 = CARTESIAN_POINT('',(20.930393872117,-5.984533195735,
    -5.428879878137));
#10784 = CARTESIAN_POINT('',(20.933410202282,-5.981561985366,
    -5.431612658676));
#10785 = CARTESIAN_POINT('',(20.934815881378,-5.980179134518,
    -5.432876940509));
#10786 = CARTESIAN_POINT('',(20.936067831494,-5.97894179827,
    -5.433999737107));
#10787 = CARTESIAN_POINT('',(20.936868302908,-5.978148205177,
    -5.434718139664));
#10788 = CARTESIAN_POINT('',(20.936426156105,-5.978592202761,
    -5.434318953436));
#10789 = CARTESIAN_POINT('',(20.956679534926,-5.958342766838,
    -5.452560503222));
#10790 = CARTESIAN_POINT('',(20.967507401536,-5.947511187022,
    -5.460000055582));
#10791 = CARTESIAN_POINT('',(20.970101131058,-5.944917457291,
    -5.46000005547));
#10792 = ORIENTED_EDGE('',*,*,#10793,.F.);
#10793 = EDGE_CURVE('',#10735,#10765,#10794,.T.);
#10794 = B_SPLINE_CURVE_WITH_KNOTS('',3,(#10795,#10796,#10797,#10798),
  .UNSPECIFIED.,.F.,.F.,(4,4),(0.,1.),.PIECEWISE_BEZIER_KNOTS.);
#10795 = CARTESIAN_POINT('',(20.85010113845,-5.764917466351,
    -5.340000034489));
#10796 = CARTESIAN_POINT('',(20.850101137258,-5.864917466351,
    -5.340000043231));
#10797 = CARTESIAN_POINT('',(20.850101136065,-5.964917466351,
    -5.340000051974));
#10798 = CARTESIAN_POINT('',(20.850101134873,-6.064917466351,
    -5.340000060716));
#10799 = ( BOUNDED_SURFACE() B_SPLINE_SURFACE(2,3,(
    (#10800,#10801,#10802,#10803,#10804,#10805,#10806,#10807)
    ,(#10808,#10809,#10810,#10811,#10812,#10813,#10814,#10815)
    ,(#10816,#10817,#10818,#10819,#10820,#10821,#10822,#10823
)),.UNSPECIFIED.,.F.,.F.,.F.) B_SPLINE_SURFACE_WITH_KNOTS((3,3),(4,2,2,4
    ),(0.,1.),(4.7E-04,6.05E-04,6.65E-04,8.E-04),.UNSPECIFIED.) 
GEOMETRIC_REPRESENTATION_ITEM() RATIONAL_B_SPLINE_SURFACE((
    (1.,1.,1.,1.,1.,1.,1.,1.)
    ,(8.485281374239E-02,8.485281374239E-02,8.485281374239E-02
      ,8.485281374239E-02,8.485281374239E-02,8.485281374239E-02
      ,8.485281374239E-02,8.485281374239E-02)
,(1.,1.,1.,1.,1.,1.,1.,1.))) REPRESENTATION_ITEM('') SURFACE() );
#10800 = CARTESIAN_POINT('',(20.970101129448,-6.079917457291,
    -5.460000067272));
#10801 = CARTESIAN_POINT('',(20.970101129985,-6.034917457291,
    -5.460000063338));
#10802 = CARTESIAN_POINT('',(20.970101130522,-5.989917457291,
    -5.460000059404));
#10803 = CARTESIAN_POINT('',(20.970101131297,-5.924917457291,
    -5.460000053722));
#10804 = CARTESIAN_POINT('',(20.970101131535,-5.904917457291,
    -5.460000051974));
#10805 = CARTESIAN_POINT('',(20.97010113231,-5.839917457291,
    -5.460000046291));
#10806 = CARTESIAN_POINT('',(20.970101132847,-5.794917457291,
    -5.460000042357));
#10807 = CARTESIAN_POINT('',(20.970101133384,-5.749917457291,
    -5.460000038423));
#10808 = CARTESIAN_POINT('',(20.850101129448,-6.07991745586,
    -5.460000062027));
#10809 = CARTESIAN_POINT('',(20.850101129985,-6.03491745586,
    -5.460000058093));
#10810 = CARTESIAN_POINT('',(20.850101130522,-5.98991745586,
    -5.460000054159));
#10811 = CARTESIAN_POINT('',(20.850101131297,-5.92491745586,
    -5.460000048477));
#10812 = CARTESIAN_POINT('',(20.850101131535,-5.90491745586,
    -5.460000046728));
#10813 = CARTESIAN_POINT('',(20.85010113231,-5.83991745586,
    -5.460000041046));
#10814 = CARTESIAN_POINT('',(20.850101132847,-5.79491745586,
    -5.460000037112));
#10815 = CARTESIAN_POINT('',(20.850101133384,-5.74991745586,
    -5.460000033178));
#10816 = CARTESIAN_POINT('',(20.850101134694,-6.079917466351,
    -5.340000062027));
#10817 = CARTESIAN_POINT('',(20.85010113523,-6.034917466351,
    -5.340000058093));
#10818 = CARTESIAN_POINT('',(20.850101135767,-5.989917466351,
    -5.340000054159));
#10819 = CARTESIAN_POINT('',(20.850101136542,-5.924917466351,
    -5.340000048477));
#10820 = CARTESIAN_POINT('',(20.850101136781,-5.904917466351,
    -5.340000046728));
#10821 = CARTESIAN_POINT('',(20.850101137556,-5.839917466351,
    -5.340000041046));
#10822 = CARTESIAN_POINT('',(20.850101138092,-5.794917466351,
    -5.340000037112));
#10823 = CARTESIAN_POINT('',(20.850101138629,-5.749917466351,
    -5.340000033178));
#10824 = ADVANCED_FACE('',(#10825),#10865,.T.);
#10825 = FACE_BOUND('',#10826,.T.);
#10826 = EDGE_LOOP('',(#10827,#10828,#10837,#10864));
#10827 = ORIENTED_EDGE('',*,*,#10734,.T.);
#10828 = ORIENTED_EDGE('',*,*,#10829,.F.);
#10829 = EDGE_CURVE('',#10830,#10735,#10832,.T.);
#10830 = VERTEX_POINT('',#10831);
#10831 = CARTESIAN_POINT('',(21.15010113845,-5.764917469928,
    -5.340000047602));
#10832 = B_SPLINE_CURVE_WITH_KNOTS('',3,(#10833,#10834,#10835,#10836),
  .UNSPECIFIED.,.F.,.F.,(4,4),(0.,1.),.PIECEWISE_BEZIER_KNOTS.);
#10833 = CARTESIAN_POINT('',(21.15010113845,-5.764917469928,
    -5.340000047602));
#10834 = CARTESIAN_POINT('',(21.05010113845,-5.764917468735,
    -5.340000043231));
#10835 = CARTESIAN_POINT('',(20.95010113845,-5.764917467543,
    -5.34000003886));
#10836 = CARTESIAN_POINT('',(20.85010113845,-5.764917466351,
    -5.340000034489));
#10837 = ORIENTED_EDGE('',*,*,#10838,.F.);
#10838 = EDGE_CURVE('',#10693,#10830,#10839,.T.);
#10839 = B_SPLINE_CURVE_WITH_KNOTS('',3,(#10840,#10841,#10842,#10843,
    #10844,#10845,#10846,#10847,#10848,#10849,#10850,#10851,#10852,
    #10853,#10854,#10855,#10856,#10857,#10858,#10859,#10860,#10861,
    #10862,#10863),.UNSPECIFIED.,.F.,.F.,(4,2,2,1,2,2,2,2,2,1,2,2,4),(0.
    ,0.125,0.1875,0.21875,0.234375,0.25,0.5,0.625,0.6875,0.71875,
    0.734375,0.75,1.),.UNSPECIFIED.);
#10840 = CARTESIAN_POINT('',(21.030101131774,-5.884917458006,
    -5.460000052848));
#10841 = CARTESIAN_POINT('',(21.031397581672,-5.883621008007,
    -5.46000005279));
#10842 = CARTESIAN_POINT('',(21.034354177343,-5.880265816465,
    -5.458504072103));
#10843 = CARTESIAN_POINT('',(21.042438249021,-5.872144916978,
    -5.452539937258));
#10844 = CARTESIAN_POINT('',(21.045730418808,-5.86892326512,
    -5.449938433806));
#10845 = CARTESIAN_POINT('',(21.051498025637,-5.863318759287,
    -5.445118452371));
#10846 = CARTESIAN_POINT('',(21.054585957529,-5.86032349936,
    -5.442482101353));
#10847 = CARTESIAN_POINT('',(21.057937613804,-5.857038728911,
    -5.439536887464));
#10848 = CARTESIAN_POINT('',(21.060223932641,-5.854784546274,
    -5.437510339579));
#10849 = CARTESIAN_POINT('',(21.062219302467,-5.852799234684,
    -5.435721176245));
#10850 = CARTESIAN_POINT('',(21.068431632635,-5.846587867234,
    -5.430124845403));
#10851 = CARTESIAN_POINT('',(21.07964495399,-5.835373736476,
    -5.419780476226));
#10852 = CARTESIAN_POINT('',(21.100089243967,-5.814929308311,
    -5.399423803866));
#10853 = CARTESIAN_POINT('',(21.106082800199,-5.809041506924,
    -5.393260138942));
#10854 = CARTESIAN_POINT('',(21.113513573879,-5.8016003168,
    -5.385461366169));
#10855 = CARTESIAN_POINT('',(21.115740758999,-5.799351672085,
    -5.38309259582));
#10856 = CARTESIAN_POINT('',(21.11873016013,-5.796326333003,
    -5.379881157074));
#10857 = CARTESIAN_POINT('',(21.120137454778,-5.79490057046,
    -5.378360355861));
#10858 = CARTESIAN_POINT('',(21.121420831038,-5.793605168414,
    -5.376962576711));
#10859 = CARTESIAN_POINT('',(21.122249788162,-5.79277053605,
    -5.376057420423));
#10860 = CARTESIAN_POINT('',(21.121911809304,-5.79310693584,
    -5.376429477825));
#10861 = CARTESIAN_POINT('',(21.141078231996,-5.773938098693,
    -5.355392374975));
#10862 = CARTESIAN_POINT('',(21.150101138267,-5.764917469684,
    -5.342786802148));
#10863 = CARTESIAN_POINT('',(21.15010113845,-5.764917469928,
    -5.340000047602));
#10864 = ORIENTED_EDGE('',*,*,#10690,.F.);
#10865 = ( BOUNDED_SURFACE() B_SPLINE_SURFACE(2,3,(
    (#10866,#10867,#10868,#10869,#10870,#10871,#10872,#10873)
    ,(#10874,#10875,#10876,#10877,#10878,#10879,#10880,#10881)
    ,(#10882,#10883,#10884,#10885,#10886,#10887,#10888,#10889
)),.UNSPECIFIED.,.F.,.F.,.F.) B_SPLINE_SURFACE_WITH_KNOTS((3,3),(4,2,2,4
    ),(0.,1.),(-1.65E-04,-3.E-05,3.E-05,1.65E-04),.UNSPECIFIED.) 
GEOMETRIC_REPRESENTATION_ITEM() RATIONAL_B_SPLINE_SURFACE((
    (1.,1.,1.,1.,1.,1.,1.,1.)
    ,(8.485281374239E-02,8.485281374239E-02,8.485281374239E-02
      ,8.485281374239E-02,8.485281374239E-02,8.485281374239E-02
      ,8.485281374239E-02,8.485281374239E-02)
,(1.,1.,1.,1.,1.,1.,1.,1.))) REPRESENTATION_ITEM('') SURFACE() );
#10866 = CARTESIAN_POINT('',(20.835101131774,-5.884917455681,
    -5.460000044324));
#10867 = CARTESIAN_POINT('',(20.880101131774,-5.884917456218,
    -5.460000046291));
#10868 = CARTESIAN_POINT('',(20.925101131774,-5.884917456754,
    -5.460000048258));
#10869 = CARTESIAN_POINT('',(20.990101131774,-5.884917457529,
    -5.460000051099));
#10870 = CARTESIAN_POINT('',(21.010101131774,-5.884917457768,
    -5.460000051974));
#10871 = CARTESIAN_POINT('',(21.075101131774,-5.884917458543,
    -5.460000054815));
#10872 = CARTESIAN_POINT('',(21.120101131774,-5.88491745908,
    -5.460000056782));
#10873 = CARTESIAN_POINT('',(21.165101131774,-5.884917459616,
    -5.460000058749));
#10874 = CARTESIAN_POINT('',(20.835101133205,-5.764917455681,
    -5.460000033833));
#10875 = CARTESIAN_POINT('',(20.880101133205,-5.764917456218,
    -5.4600000358));
#10876 = CARTESIAN_POINT('',(20.925101133205,-5.764917456754,
    -5.460000037767));
#10877 = CARTESIAN_POINT('',(20.990101133205,-5.764917457529,
    -5.460000040609));
#10878 = CARTESIAN_POINT('',(21.010101133205,-5.764917457768,
    -5.460000041483));
#10879 = CARTESIAN_POINT('',(21.075101133205,-5.764917458543,
    -5.460000044324));
#10880 = CARTESIAN_POINT('',(21.120101133205,-5.76491745908,
    -5.460000046291));
#10881 = CARTESIAN_POINT('',(21.165101133205,-5.764917459616,
    -5.460000048258));
#10882 = CARTESIAN_POINT('',(20.83510113845,-5.764917466172,
    -5.340000033833));
#10883 = CARTESIAN_POINT('',(20.88010113845,-5.764917466708,
    -5.3400000358));
#10884 = CARTESIAN_POINT('',(20.92510113845,-5.764917467245,
    -5.340000037767));
#10885 = CARTESIAN_POINT('',(20.99010113845,-5.76491746802,
    -5.340000040609));
#10886 = CARTESIAN_POINT('',(21.01010113845,-5.764917468259,
    -5.340000041483));
#10887 = CARTESIAN_POINT('',(21.07510113845,-5.764917469034,
    -5.340000044324));
#10888 = CARTESIAN_POINT('',(21.12010113845,-5.76491746957,
    -5.340000046291));
#10889 = CARTESIAN_POINT('',(21.16510113845,-5.764917470107,
    -5.340000048258));
#10890 = ADVANCED_FACE('',(#10891),#10931,.T.);
#10891 = FACE_BOUND('',#10892,.T.);
#10892 = EDGE_LOOP('',(#10893,#10922,#10923,#10924));
#10893 = ORIENTED_EDGE('',*,*,#10894,.T.);
#10894 = EDGE_CURVE('',#10895,#10702,#10897,.T.);
#10895 = VERTEX_POINT('',#10896);
#10896 = CARTESIAN_POINT('',(21.150101134873,-6.064917469928,
    -5.340000073829));
#10897 = B_SPLINE_CURVE_WITH_KNOTS('',3,(#10898,#10899,#10900,#10901,
    #10902,#10903,#10904,#10905,#10906,#10907,#10908,#10909,#10910,
    #10911,#10912,#10913,#10914,#10915,#10916,#10917,#10918,#10919,
    #10920,#10921),.UNSPECIFIED.,.F.,.F.,(4,2,2,1,2,2,2,2,2,1,2,2,4),(0.
    ,0.125,0.1875,0.21875,0.234375,0.25,0.5,0.625,0.6875,0.71875,
    0.734375,0.75,1.),.UNSPECIFIED.);
#10898 = CARTESIAN_POINT('',(21.150101134873,-6.064917469928,
    -5.340000073829));
#10899 = CARTESIAN_POINT('',(21.150101134811,-6.064917469806,
    -5.341393217386));
#10900 = CARTESIAN_POINT('',(21.148344085596,-6.06266231194,
    -5.344718396617));
#10901 = CARTESIAN_POINT('',(21.141617182599,-6.055896838415,
    -5.35365301782));
#10902 = CARTESIAN_POINT('',(21.138707807407,-6.05307789112,
    -5.357269328504));
#10903 = CARTESIAN_POINT('',(21.133431890697,-6.048003786016,
    -5.363491039822));
#10904 = CARTESIAN_POINT('',(21.130569964744,-6.045255312423,
    -5.366797223958));
#10905 = CARTESIAN_POINT('',(21.12742377239,-6.042189707275,
    -5.370333439296));
#10906 = CARTESIAN_POINT('',(21.125271033941,-6.040075496832,
    -5.37273318244));
#10907 = CARTESIAN_POINT('',(21.123427193277,-6.038243489355,
    -5.374766207762));
#10908 = CARTESIAN_POINT('',(21.11683203859,-6.031648960154,
    -5.382005061402));
#10909 = CARTESIAN_POINT('',(21.107877199457,-6.022693461359,
    -5.39166924132));
#10910 = CARTESIAN_POINT('',(21.0859731179,-6.000789483158,
    -5.413479445756));
#10911 = CARTESIAN_POINT('',(21.079628694722,-5.994581341098,
    -5.419574316723));
#10912 = CARTESIAN_POINT('',(21.071973008586,-5.98690890404,
    -5.426784751583));
#10913 = CARTESIAN_POINT('',(21.069716868138,-5.984624721025,
    -5.428879884239));
#10914 = CARTESIAN_POINT('',(21.06674565789,-5.981608390502,
    -5.431612664511));
#10915 = CARTESIAN_POINT('',(21.065362807097,-5.980202711241,
    -5.43287694622));
#10916 = CARTESIAN_POINT('',(21.0641254709,-5.978950760979,
    -5.433999742707));
#10917 = CARTESIAN_POINT('',(21.063331877838,-5.978150289471,
    -5.434718145192));
#10918 = CARTESIAN_POINT('',(21.063775875406,-5.978592436327,
    -5.434318959002));
#10919 = CARTESIAN_POINT('',(21.043526440281,-5.958339055114,
    -5.452560507017));
#10920 = CARTESIAN_POINT('',(21.03269486079,-5.947511187529,
    -5.460000058431));
#10921 = CARTESIAN_POINT('',(21.030101131058,-5.944917458006,
    -5.460000058093));
#10922 = ORIENTED_EDGE('',*,*,#10701,.F.);
#10923 = ORIENTED_EDGE('',*,*,#10838,.T.);
#10924 = ORIENTED_EDGE('',*,*,#10925,.F.);
#10925 = EDGE_CURVE('',#10895,#10830,#10926,.T.);
#10926 = B_SPLINE_CURVE_WITH_KNOTS('',3,(#10927,#10928,#10929,#10930),
  .UNSPECIFIED.,.F.,.F.,(4,4),(0.,1.),.PIECEWISE_BEZIER_KNOTS.);
#10927 = CARTESIAN_POINT('',(21.150101134873,-6.064917469928,
    -5.340000073829));
#10928 = CARTESIAN_POINT('',(21.150101136065,-5.964917469928,
    -5.340000065087));
#10929 = CARTESIAN_POINT('',(21.150101137258,-5.864917469928,
    -5.340000056345));
#10930 = CARTESIAN_POINT('',(21.15010113845,-5.764917469928,
    -5.340000047602));
#10931 = ( BOUNDED_SURFACE() B_SPLINE_SURFACE(2,3,(
    (#10932,#10933,#10934,#10935,#10936,#10937,#10938,#10939)
    ,(#10940,#10941,#10942,#10943,#10944,#10945,#10946,#10947)
    ,(#10948,#10949,#10950,#10951,#10952,#10953,#10954,#10955
)),.UNSPECIFIED.,.F.,.F.,.F.) B_SPLINE_SURFACE_WITH_KNOTS((3,3),(4,2,2,4
    ),(0.,1.),(-8.E-04,-6.65E-04,-6.05E-04,-4.7E-04),.UNSPECIFIED.) 
GEOMETRIC_REPRESENTATION_ITEM() RATIONAL_B_SPLINE_SURFACE((
    (1.,1.,1.,1.,1.,1.,1.,1.)
    ,(8.485281374239E-02,8.485281374239E-02,8.485281374239E-02
      ,8.485281374239E-02,8.485281374239E-02,8.485281374239E-02
      ,8.485281374239E-02,8.485281374239E-02)
,(1.,1.,1.,1.,1.,1.,1.,1.))) REPRESENTATION_ITEM('') SURFACE() );
#10932 = CARTESIAN_POINT('',(21.030101133384,-5.749917458006,
    -5.460000041046));
#10933 = CARTESIAN_POINT('',(21.030101132847,-5.794917458006,
    -5.46000004498));
#10934 = CARTESIAN_POINT('',(21.03010113231,-5.839917458006,
    -5.460000048914));
#10935 = CARTESIAN_POINT('',(21.030101131535,-5.904917458006,
    -5.460000054596));
#10936 = CARTESIAN_POINT('',(21.030101131297,-5.924917458006,
    -5.460000056345));
#10937 = CARTESIAN_POINT('',(21.030101130522,-5.989917458006,
    -5.460000062027));
#10938 = CARTESIAN_POINT('',(21.030101129985,-6.034917458006,
    -5.460000065961));
#10939 = CARTESIAN_POINT('',(21.030101129448,-6.079917458006,
    -5.460000069895));
#10940 = CARTESIAN_POINT('',(21.150101133384,-5.749917459437,
    -5.460000046291));
#10941 = CARTESIAN_POINT('',(21.150101132847,-5.794917459437,
    -5.460000050225));
#10942 = CARTESIAN_POINT('',(21.15010113231,-5.839917459437,
    -5.460000054159));
#10943 = CARTESIAN_POINT('',(21.150101131535,-5.904917459437,
    -5.460000059842));
#10944 = CARTESIAN_POINT('',(21.150101131297,-5.924917459437,
    -5.46000006159));
#10945 = CARTESIAN_POINT('',(21.150101130522,-5.989917459437,
    -5.460000067273));
#10946 = CARTESIAN_POINT('',(21.150101129985,-6.034917459437,
    -5.460000071207));
#10947 = CARTESIAN_POINT('',(21.150101129448,-6.079917459437,
    -5.460000075141));
#10948 = CARTESIAN_POINT('',(21.150101138629,-5.749917469928,
    -5.340000046291));
#10949 = CARTESIAN_POINT('',(21.150101138092,-5.794917469928,
    -5.340000050225));
#10950 = CARTESIAN_POINT('',(21.150101137556,-5.839917469928,
    -5.340000054159));
#10951 = CARTESIAN_POINT('',(21.150101136781,-5.904917469928,
    -5.340000059842));
#10952 = CARTESIAN_POINT('',(21.150101136542,-5.924917469928,
    -5.34000006159));
#10953 = CARTESIAN_POINT('',(21.150101135767,-5.989917469928,
    -5.340000067273));
#10954 = CARTESIAN_POINT('',(21.15010113523,-6.034917469928,
    -5.340000071207));
#10955 = CARTESIAN_POINT('',(21.150101134694,-6.079917469928,
    -5.340000075141));
#10956 = ADVANCED_FACE('',(#10957),#10969,.T.);
#10957 = FACE_BOUND('',#10958,.T.);
#10958 = EDGE_LOOP('',(#10959,#10960,#10961,#10962));
#10959 = ORIENTED_EDGE('',*,*,#10764,.T.);
#10960 = ORIENTED_EDGE('',*,*,#10710,.F.);
#10961 = ORIENTED_EDGE('',*,*,#10894,.F.);
#10962 = ORIENTED_EDGE('',*,*,#10963,.F.);
#10963 = EDGE_CURVE('',#10765,#10895,#10964,.T.);
#10964 = B_SPLINE_CURVE_WITH_KNOTS('',3,(#10965,#10966,#10967,#10968),
  .UNSPECIFIED.,.F.,.F.,(4,4),(0.,1.),.PIECEWISE_BEZIER_KNOTS.);
#10965 = CARTESIAN_POINT('',(20.850101134873,-6.064917466351,
    -5.340000060716));
#10966 = CARTESIAN_POINT('',(20.950101134873,-6.064917467543,
    -5.340000065087));
#10967 = CARTESIAN_POINT('',(21.050101134873,-6.064917468735,
    -5.340000069458));
#10968 = CARTESIAN_POINT('',(21.150101134873,-6.064917469928,
    -5.340000073829));
#10969 = ( BOUNDED_SURFACE() B_SPLINE_SURFACE(2,3,(
    (#10970,#10971,#10972,#10973,#10974,#10975,#10976,#10977)
    ,(#10978,#10979,#10980,#10981,#10982,#10983,#10984,#10985)
    ,(#10986,#10987,#10988,#10989,#10990,#10991,#10992,#10993
)),.UNSPECIFIED.,.F.,.F.,.F.) B_SPLINE_SURFACE_WITH_KNOTS((3,3),(4,2,2,4
    ),(0.,1.),(-1.65E-04,-3.E-05,3.E-05,1.65E-04),.UNSPECIFIED.) 
GEOMETRIC_REPRESENTATION_ITEM() RATIONAL_B_SPLINE_SURFACE((
    (1.,1.,1.,1.,1.,1.,1.,1.)
    ,(8.485281374239E-02,8.485281374239E-02,8.485281374239E-02
      ,8.485281374239E-02,8.485281374239E-02,8.485281374239E-02
      ,8.485281374239E-02,8.485281374239E-02)
,(1.,1.,1.,1.,1.,1.,1.,1.))) REPRESENTATION_ITEM('') SURFACE() );
#10970 = CARTESIAN_POINT('',(21.165101131058,-5.944917459616,
    -5.460000063994));
#10971 = CARTESIAN_POINT('',(21.120101131058,-5.94491745908,
    -5.460000062027));
#10972 = CARTESIAN_POINT('',(21.075101131058,-5.944917458543,
    -5.46000006006));
#10973 = CARTESIAN_POINT('',(21.010101131058,-5.944917457768,
    -5.460000057219));
#10974 = CARTESIAN_POINT('',(20.990101131058,-5.944917457529,
    -5.460000056345));
#10975 = CARTESIAN_POINT('',(20.925101131058,-5.944917456754,
    -5.460000053503));
#10976 = CARTESIAN_POINT('',(20.880101131058,-5.944917456218,
    -5.460000051536));
#10977 = CARTESIAN_POINT('',(20.835101131058,-5.944917455681,
    -5.460000049569));
#10978 = CARTESIAN_POINT('',(21.165101129627,-6.064917459616,
    -5.460000074485));
#10979 = CARTESIAN_POINT('',(21.120101129627,-6.06491745908,
    -5.460000072518));
#10980 = CARTESIAN_POINT('',(21.075101129627,-6.064917458543,
    -5.460000070551));
#10981 = CARTESIAN_POINT('',(21.010101129627,-6.064917457768,
    -5.46000006771));
#10982 = CARTESIAN_POINT('',(20.990101129627,-6.064917457529,
    -5.460000066835));
#10983 = CARTESIAN_POINT('',(20.925101129627,-6.064917456754,
    -5.460000063994));
#10984 = CARTESIAN_POINT('',(20.880101129627,-6.064917456218,
    -5.460000062027));
#10985 = CARTESIAN_POINT('',(20.835101129627,-6.064917455681,
    -5.46000006006));
#10986 = CARTESIAN_POINT('',(21.165101134873,-6.064917470107,
    -5.340000074485));
#10987 = CARTESIAN_POINT('',(21.120101134873,-6.06491746957,
    -5.340000072518));
#10988 = CARTESIAN_POINT('',(21.075101134873,-6.064917469034,
    -5.340000070551));
#10989 = CARTESIAN_POINT('',(21.010101134873,-6.064917468259,
    -5.34000006771));
#10990 = CARTESIAN_POINT('',(20.990101134873,-6.06491746802,
    -5.340000066835));
#10991 = CARTESIAN_POINT('',(20.925101134873,-6.064917467245,
    -5.340000063994));
#10992 = CARTESIAN_POINT('',(20.880101134873,-6.064917466708,
    -5.340000062027));
#10993 = CARTESIAN_POINT('',(20.835101134873,-6.064917466172,
    -5.34000006006));
#10994 = ADVANCED_FACE('',(#10995),#11011,.T.);
#10995 = FACE_BOUND('',#10996,.T.);
#10996 = EDGE_LOOP('',(#10997,#11003,#11004,#11010));
#10997 = ORIENTED_EDGE('',*,*,#10998,.T.);
#10998 = EDGE_CURVE('',#8311,#10765,#10999,.T.);
#10999 = LINE('',#11000,#11001);
#11000 = CARTESIAN_POINT('',(20.850101444349,-6.064918085303,
    1.739999939284));
#11001 = VECTOR('',#11002,1.);
#11002 = DIRECTION('',(-4.371140912996E-08,8.742273446216E-08,-1.));
#11003 = ORIENTED_EDGE('',*,*,#10963,.T.);
#11004 = ORIENTED_EDGE('',*,*,#11005,.F.);
#11005 = EDGE_CURVE('',#8295,#10895,#11006,.T.);
#11006 = LINE('',#11007,#11008);
#11007 = CARTESIAN_POINT('',(21.150101444349,-6.064918088881,
    1.739999926171));
#11008 = VECTOR('',#11009,1.);
#11009 = DIRECTION('',(-4.371140912996E-08,8.742273446216E-08,-1.));
#11010 = ORIENTED_EDGE('',*,*,#8318,.T.);
#11011 = PLANE('',#11012);
#11012 = AXIS2_PLACEMENT_3D('',#11013,#11014,#11015);
#11013 = CARTESIAN_POINT('',(21.000101444349,-6.064918087092,
    1.739999932727));
#11014 = DIRECTION('',(-1.19248802771E-08,-1.,-8.742273394091E-08));
#11015 = DIRECTION('',(-1.,1.192487645573E-08,4.371141017247E-08));
#11016 = ADVANCED_FACE('',(#11017),#11028,.F.);
#11017 = FACE_BOUND('',#11018,.T.);
#11018 = EDGE_LOOP('',(#11019,#11020,#11021,#11027));
#11019 = ORIENTED_EDGE('',*,*,#11005,.T.);
#11020 = ORIENTED_EDGE('',*,*,#10925,.T.);
#11021 = ORIENTED_EDGE('',*,*,#11022,.F.);
#11022 = EDGE_CURVE('',#8293,#10830,#11023,.T.);
#11023 = LINE('',#11024,#11025);
#11024 = CARTESIAN_POINT('',(21.150101447927,-5.764918088881,
    1.739999952398));
#11025 = VECTOR('',#11026,1.);
#11026 = DIRECTION('',(-4.371140912996E-08,8.742273446216E-08,-1.));
#11027 = ORIENTED_EDGE('',*,*,#8292,.T.);
#11028 = PLANE('',#11029);
#11029 = AXIS2_PLACEMENT_3D('',#11030,#11031,#11032);
#11030 = CARTESIAN_POINT('',(21.150101438566,-6.549918088881,
    1.739999883771));
#11031 = DIRECTION('',(-1.,1.192487690748E-08,4.371141017247E-08));
#11032 = DIRECTION('',(1.192488072885E-08,1.,8.742273394091E-08));
#11033 = ADVANCED_FACE('',(#11034),#11045,.F.);
#11034 = FACE_BOUND('',#11035,.T.);
#11035 = EDGE_LOOP('',(#11036,#11037,#11038,#11044));
#11036 = ORIENTED_EDGE('',*,*,#11022,.T.);
#11037 = ORIENTED_EDGE('',*,*,#10829,.T.);
#11038 = ORIENTED_EDGE('',*,*,#11039,.F.);
#11039 = EDGE_CURVE('',#8303,#10735,#11040,.T.);
#11040 = LINE('',#11041,#11042);
#11041 = CARTESIAN_POINT('',(20.850101447927,-5.764918085303,
    1.739999965511));
#11042 = VECTOR('',#11043,1.);
#11043 = DIRECTION('',(-4.371140912996E-08,8.742273446216E-08,-1.));
#11044 = ORIENTED_EDGE('',*,*,#8302,.T.);
#11045 = PLANE('',#11046);
#11046 = AXIS2_PLACEMENT_3D('',#11047,#11048,#11049);
#11047 = CARTESIAN_POINT('',(21.000101447927,-5.764918087092,
    1.739999958954));
#11048 = DIRECTION('',(-1.19248813613E-08,-1.,-8.742273394091E-08));
#11049 = DIRECTION('',(-4.371140912996E-08,8.742273446216E-08,-1.));
#11050 = ADVANCED_FACE('',(#11051),#11057,.T.);
#11051 = FACE_BOUND('',#11052,.T.);
#11052 = EDGE_LOOP('',(#11053,#11054,#11055,#11056));
#11053 = ORIENTED_EDGE('',*,*,#11039,.T.);
#11054 = ORIENTED_EDGE('',*,*,#10793,.T.);
#11055 = ORIENTED_EDGE('',*,*,#10998,.F.);
#11056 = ORIENTED_EDGE('',*,*,#8310,.T.);
#11057 = PLANE('',#11058);
#11058 = AXIS2_PLACEMENT_3D('',#11059,#11060,#11061);
#11059 = CARTESIAN_POINT('',(20.850101438566,-6.549918085303,
    1.739999896884));
#11060 = DIRECTION('',(-1.,1.192487690748E-08,4.371141017247E-08));
#11061 = DIRECTION('',(1.192488072885E-08,1.,8.742273394091E-08));
#11062 = ADVANCED_FACE('',(#11063),#11101,.T.);
#11063 = FACE_BOUND('',#11064,.T.);
#11064 = EDGE_LOOP('',(#11065,#11076,#11085,#11094));
#11065 = ORIENTED_EDGE('',*,*,#11066,.T.);
#11066 = EDGE_CURVE('',#11067,#11069,#11071,.T.);
#11067 = VERTEX_POINT('',#11068);
#11068 = CARTESIAN_POINT('',(20.970101101484,-8.424917457291,
    -5.460000272279));
#11069 = VERTEX_POINT('',#11070);
#11070 = CARTESIAN_POINT('',(21.030101101484,-8.424917458006,
    -5.460000274901));
#11071 = B_SPLINE_CURVE_WITH_KNOTS('',3,(#11072,#11073,#11074,#11075),
  .UNSPECIFIED.,.F.,.F.,(4,4),(0.,1.),.PIECEWISE_BEZIER_KNOTS.);
#11072 = CARTESIAN_POINT('',(20.970101101484,-8.424917457291,
    -5.460000272279));
#11073 = CARTESIAN_POINT('',(20.990101101484,-8.424917457529,
    -5.460000273153));
#11074 = CARTESIAN_POINT('',(21.010101101484,-8.424917457768,
    -5.460000274027));
#11075 = CARTESIAN_POINT('',(21.030101101484,-8.424917458006,
    -5.460000274901));
#11076 = ORIENTED_EDGE('',*,*,#11077,.T.);
#11077 = EDGE_CURVE('',#11069,#11078,#11080,.T.);
#11078 = VERTEX_POINT('',#11079);
#11079 = CARTESIAN_POINT('',(21.030101100769,-8.484917458006,
    -5.460000280147));
#11080 = B_SPLINE_CURVE_WITH_KNOTS('',3,(#11081,#11082,#11083,#11084),
  .UNSPECIFIED.,.F.,.F.,(4,4),(0.,1.),.PIECEWISE_BEZIER_KNOTS.);
#11081 = CARTESIAN_POINT('',(21.030101101484,-8.424917458006,
    -5.460000274901));
#11082 = CARTESIAN_POINT('',(21.030101101246,-8.444917458006,
    -5.46000027665));
#11083 = CARTESIAN_POINT('',(21.030101101007,-8.464917458006,
    -5.460000278398));
#11084 = CARTESIAN_POINT('',(21.030101100769,-8.484917458006,
    -5.460000280147));
#11085 = ORIENTED_EDGE('',*,*,#11086,.T.);
#11086 = EDGE_CURVE('',#11078,#11087,#11089,.T.);
#11087 = VERTEX_POINT('',#11088);
#11088 = CARTESIAN_POINT('',(20.970101100769,-8.484917457291,
    -5.460000277524));
#11089 = B_SPLINE_CURVE_WITH_KNOTS('',3,(#11090,#11091,#11092,#11093),
  .UNSPECIFIED.,.F.,.F.,(4,4),(0.,1.),.PIECEWISE_BEZIER_KNOTS.);
#11090 = CARTESIAN_POINT('',(21.030101100769,-8.484917458006,
    -5.460000280147));
#11091 = CARTESIAN_POINT('',(21.010101100769,-8.484917457768,
    -5.460000279273));
#11092 = CARTESIAN_POINT('',(20.990101100769,-8.484917457529,
    -5.460000278398));
#11093 = CARTESIAN_POINT('',(20.970101100769,-8.484917457291,
    -5.460000277524));
#11094 = ORIENTED_EDGE('',*,*,#11095,.T.);
#11095 = EDGE_CURVE('',#11087,#11067,#11096,.T.);
#11096 = B_SPLINE_CURVE_WITH_KNOTS('',3,(#11097,#11098,#11099,#11100),
  .UNSPECIFIED.,.F.,.F.,(4,4),(0.,1.),.PIECEWISE_BEZIER_KNOTS.);
#11097 = CARTESIAN_POINT('',(20.970101100769,-8.484917457291,
    -5.460000277524));
#11098 = CARTESIAN_POINT('',(20.970101101007,-8.464917457291,
    -5.460000275776));
#11099 = CARTESIAN_POINT('',(20.970101101246,-8.444917457291,
    -5.460000274027));
#11100 = CARTESIAN_POINT('',(20.970101101484,-8.424917457291,
    -5.460000272279));
#11101 = PLANE('',#11102);
#11102 = AXIS2_PLACEMENT_3D('',#11103,#11104,#11105);
#11103 = CARTESIAN_POINT('',(21.000101123844,-6.549917457649,
    -5.460000109673));
#11104 = DIRECTION('',(-4.371140912996E-08,8.742273446216E-08,-1.));
#11105 = DIRECTION('',(1.19248806385E-08,1.,8.742273394091E-08));
#11106 = ADVANCED_FACE('',(#11107),#11175,.T.);
#11107 = FACE_BOUND('',#11108,.T.);
#11108 = EDGE_LOOP('',(#11109,#11138,#11139,#11168));
#11109 = ORIENTED_EDGE('',*,*,#11110,.F.);
#11110 = EDGE_CURVE('',#11067,#11111,#11113,.T.);
#11111 = VERTEX_POINT('',#11112);
#11112 = CARTESIAN_POINT('',(20.850101108161,-8.304917466351,
    -5.340000256543));
#11113 = B_SPLINE_CURVE_WITH_KNOTS('',3,(#11114,#11115,#11116,#11117,
    #11118,#11119,#11120,#11121,#11122,#11123,#11124,#11125,#11126,
    #11127,#11128,#11129,#11130,#11131,#11132,#11133,#11134,#11135,
    #11136,#11137),.UNSPECIFIED.,.F.,.F.,(4,2,2,1,2,2,2,2,2,1,2,2,4),(0.
    ,0.125,0.1875,0.21875,0.234375,0.25,0.5,0.625,0.6875,0.71875,
    0.734375,0.75,1.),.UNSPECIFIED.);
#11114 = CARTESIAN_POINT('',(20.970101101484,-8.424917457291,
    -5.460000272279));
#11115 = CARTESIAN_POINT('',(20.968804651485,-8.423621007392,
    -5.460000272108));
#11116 = CARTESIAN_POINT('',(20.965449459877,-8.420664411916,
    -5.458504291179));
#11117 = CARTESIAN_POINT('',(20.95732856013,-8.412580341018,
    -5.452540155627));
#11118 = CARTESIAN_POINT('',(20.954106908158,-8.409288171572,
    -5.449938651884));
#11119 = CARTESIAN_POINT('',(20.948502402115,-8.403520565376,
    -5.445118669937));
#11120 = CARTESIAN_POINT('',(20.945507142072,-8.40043263383,
    -5.442482318646));
#11121 = CARTESIAN_POINT('',(20.942222371494,-8.397080977942,
    -5.439537104462));
#11122 = CARTESIAN_POINT('',(20.939968188769,-8.394794659371,
    -5.437510556376));
#11123 = CARTESIAN_POINT('',(20.937982877102,-8.392799289782,
    -5.43572139287));
#11124 = CARTESIAN_POINT('',(20.931771509381,-8.386586960324,
    -5.430125061463));
#11125 = CARTESIAN_POINT('',(20.920557378189,-8.375373640338,
    -5.419780691316));
#11126 = CARTESIAN_POINT('',(20.900112949145,-8.354929353046,
    -5.399424017184));
#11127 = CARTESIAN_POINT('',(20.894225147491,-8.348935797624,
    -5.393260351733));
#11128 = CARTESIAN_POINT('',(20.886783957025,-8.341505024967,
    -5.385461578311));
#11129 = CARTESIAN_POINT('',(20.884535312206,-8.339277840156,
    -5.383092807768));
#11130 = CARTESIAN_POINT('',(20.881509972983,-8.336288439445,
    -5.37988136876));
#11131 = CARTESIAN_POINT('',(20.880084210373,-8.334881144995,
    -5.378360567424));
#11132 = CARTESIAN_POINT('',(20.878788808265,-8.333597768918,
    -5.37696278816));
#11133 = CARTESIAN_POINT('',(20.87795417586,-8.332768811911,
    -5.376057631799));
#11134 = CARTESIAN_POINT('',(20.878290575665,-8.333106790719,
    -5.37642968923));
#11135 = CARTESIAN_POINT('',(20.859121737599,-8.313940370785,
    -5.355392584702));
#11136 = CARTESIAN_POINT('',(20.850101108039,-8.304917466169,
    -5.342787011089));
#11137 = CARTESIAN_POINT('',(20.850101108161,-8.304917466351,
    -5.340000256543));
#11138 = ORIENTED_EDGE('',*,*,#11095,.F.);
#11139 = ORIENTED_EDGE('',*,*,#11140,.F.);
#11140 = EDGE_CURVE('',#11141,#11087,#11143,.T.);
#11141 = VERTEX_POINT('',#11142);
#11142 = CARTESIAN_POINT('',(20.850101104583,-8.604917466351,
    -5.34000028277));
#11143 = B_SPLINE_CURVE_WITH_KNOTS('',3,(#11144,#11145,#11146,#11147,
    #11148,#11149,#11150,#11151,#11152,#11153,#11154,#11155,#11156,
    #11157,#11158,#11159,#11160,#11161,#11162,#11163,#11164,#11165,
    #11166,#11167),.UNSPECIFIED.,.F.,.F.,(4,2,2,1,2,2,2,2,2,1,2,2,4),(0.
    ,0.125,0.1875,0.21875,0.234375,0.25,0.5,0.625,0.6875,0.71875,
    0.734375,0.75,1.),.UNSPECIFIED.);
#11144 = CARTESIAN_POINT('',(20.850101104583,-8.604917466351,
    -5.34000028277));
#11145 = CARTESIAN_POINT('',(20.850101104522,-8.604917466228,
    -5.341393426326));
#11146 = CARTESIAN_POINT('',(20.852356261953,-8.603160416867,
    -5.344718605777));
#11147 = CARTESIAN_POINT('',(20.859121734306,-8.596433513479,
    -5.353653227574));
#11148 = CARTESIAN_POINT('',(20.861940681126,-8.593524138129,
    -5.3572695385));
#11149 = CARTESIAN_POINT('',(20.867014785415,-8.588248221147,
    -5.363491250253));
#11150 = CARTESIAN_POINT('',(20.869763258575,-8.58538629505,
    -5.366797434624));
#11151 = CARTESIAN_POINT('',(20.872828863258,-8.582240102541,
    -5.370333650226));
#11152 = CARTESIAN_POINT('',(20.874943073387,-8.580087363988,
    -5.372733393553));
#11153 = CARTESIAN_POINT('',(20.876775080596,-8.578243523236,
    -5.374766419034));
#11154 = CARTESIAN_POINT('',(20.883369608858,-8.571648368224,
    -5.38200527326));
#11155 = CARTESIAN_POINT('',(20.892325106381,-8.56269352867,
    -5.391669453958));
#11156 = CARTESIAN_POINT('',(20.914229081715,-8.540789446169,
    -5.413479660299));
#11157 = CARTESIAN_POINT('',(20.920437222974,-8.534445022727,
    -5.419574531802));
#11158 = CARTESIAN_POINT('',(20.928109659087,-8.526789336275,
    -5.426784967334));
#11159 = CARTESIAN_POINT('',(20.930393841828,-8.524533195734,
    -5.428880100191));
#11160 = CARTESIAN_POINT('',(20.933410171993,-8.521561985366,
    -5.43161288073));
#11161 = CARTESIAN_POINT('',(20.934815851089,-8.520179134517,
    -5.432877162563));
#11162 = CARTESIAN_POINT('',(20.936067801205,-8.51894179827,
    -5.433999959161));
#11163 = CARTESIAN_POINT('',(20.936868272619,-8.518148205177,
    -5.434718361718));
#11164 = CARTESIAN_POINT('',(20.936426125816,-8.518592202761,
    -5.434319175489));
#11165 = CARTESIAN_POINT('',(20.956679504637,-8.498342766836,
    -5.452560725276));
#11166 = CARTESIAN_POINT('',(20.967507371247,-8.487511187022,
    -5.460000277636));
#11167 = CARTESIAN_POINT('',(20.970101100769,-8.484917457291,
    -5.460000277524));
#11168 = ORIENTED_EDGE('',*,*,#11169,.F.);
#11169 = EDGE_CURVE('',#11111,#11141,#11170,.T.);
#11170 = B_SPLINE_CURVE_WITH_KNOTS('',3,(#11171,#11172,#11173,#11174),
  .UNSPECIFIED.,.F.,.F.,(4,4),(0.,1.),.PIECEWISE_BEZIER_KNOTS.);
#11171 = CARTESIAN_POINT('',(20.850101108161,-8.304917466351,
    -5.340000256543));
#11172 = CARTESIAN_POINT('',(20.850101106968,-8.404917466351,
    -5.340000265285));
#11173 = CARTESIAN_POINT('',(20.850101105776,-8.504917466351,
    -5.340000274027));
#11174 = CARTESIAN_POINT('',(20.850101104583,-8.604917466351,
    -5.34000028277));
#11175 = ( BOUNDED_SURFACE() B_SPLINE_SURFACE(2,3,(
    (#11176,#11177,#11178,#11179,#11180,#11181,#11182,#11183)
    ,(#11184,#11185,#11186,#11187,#11188,#11189,#11190,#11191)
    ,(#11192,#11193,#11194,#11195,#11196,#11197,#11198,#11199
)),.UNSPECIFIED.,.F.,.F.,.F.) B_SPLINE_SURFACE_WITH_KNOTS((3,3),(4,2,2,4
    ),(0.,1.),(-2.07E-03,-1.935E-03,-1.875E-03,-1.74E-03),
.UNSPECIFIED.) GEOMETRIC_REPRESENTATION_ITEM() RATIONAL_B_SPLINE_SURFACE
((
    (1.,1.,1.,1.,1.,1.,1.,1.)
    ,(8.485281374239E-02,8.485281374239E-02,8.485281374239E-02
      ,8.485281374239E-02,8.485281374239E-02,8.485281374239E-02
      ,8.485281374239E-02,8.485281374239E-02)
,(1.,1.,1.,1.,1.,1.,1.,1.))) REPRESENTATION_ITEM('') SURFACE() );
#11176 = CARTESIAN_POINT('',(20.970101099159,-8.619917457291,
    -5.460000289326));
#11177 = CARTESIAN_POINT('',(20.970101099696,-8.574917457291,
    -5.460000285392));
#11178 = CARTESIAN_POINT('',(20.970101100232,-8.529917457291,
    -5.460000281458));
#11179 = CARTESIAN_POINT('',(20.970101101007,-8.464917457291,
    -5.460000275776));
#11180 = CARTESIAN_POINT('',(20.970101101246,-8.444917457291,
    -5.460000274027));
#11181 = CARTESIAN_POINT('',(20.970101102021,-8.379917457291,
    -5.460000268345));
#11182 = CARTESIAN_POINT('',(20.970101102558,-8.334917457291,
    -5.460000264411));
#11183 = CARTESIAN_POINT('',(20.970101103094,-8.289917457291,
    -5.460000260477));
#11184 = CARTESIAN_POINT('',(20.850101099159,-8.61991745586,
    -5.460000284081));
#11185 = CARTESIAN_POINT('',(20.850101099696,-8.57491745586,
    -5.460000280147));
#11186 = CARTESIAN_POINT('',(20.850101100232,-8.52991745586,
    -5.460000276213));
#11187 = CARTESIAN_POINT('',(20.850101101007,-8.46491745586,
    -5.46000027053));
#11188 = CARTESIAN_POINT('',(20.850101101246,-8.44491745586,
    -5.460000268782));
#11189 = CARTESIAN_POINT('',(20.850101102021,-8.37991745586,
    -5.460000263099));
#11190 = CARTESIAN_POINT('',(20.850101102558,-8.33491745586,
    -5.460000259165));
#11191 = CARTESIAN_POINT('',(20.850101103094,-8.28991745586,
    -5.460000255231));
#11192 = CARTESIAN_POINT('',(20.850101104404,-8.619917466351,
    -5.340000284081));
#11193 = CARTESIAN_POINT('',(20.850101104941,-8.574917466351,
    -5.340000280147));
#11194 = CARTESIAN_POINT('',(20.850101105478,-8.529917466351,
    -5.340000276213));
#11195 = CARTESIAN_POINT('',(20.850101106253,-8.464917466351,
    -5.34000027053));
#11196 = CARTESIAN_POINT('',(20.850101106491,-8.444917466351,
    -5.340000268782));
#11197 = CARTESIAN_POINT('',(20.850101107266,-8.379917466351,
    -5.340000263099));
#11198 = CARTESIAN_POINT('',(20.850101107803,-8.334917466351,
    -5.340000259165));
#11199 = CARTESIAN_POINT('',(20.85010110834,-8.289917466351,
    -5.340000255231));
#11200 = ADVANCED_FACE('',(#11201),#11241,.T.);
#11201 = FACE_BOUND('',#11202,.T.);
#11202 = EDGE_LOOP('',(#11203,#11204,#11213,#11240));
#11203 = ORIENTED_EDGE('',*,*,#11110,.T.);
#11204 = ORIENTED_EDGE('',*,*,#11205,.F.);
#11205 = EDGE_CURVE('',#11206,#11111,#11208,.T.);
#11206 = VERTEX_POINT('',#11207);
#11207 = CARTESIAN_POINT('',(21.150101108161,-8.304917469928,
    -5.340000269656));
#11208 = B_SPLINE_CURVE_WITH_KNOTS('',3,(#11209,#11210,#11211,#11212),
  .UNSPECIFIED.,.F.,.F.,(4,4),(0.,1.),.PIECEWISE_BEZIER_KNOTS.);
#11209 = CARTESIAN_POINT('',(21.150101108161,-8.304917469928,
    -5.340000269656));
#11210 = CARTESIAN_POINT('',(21.050101108161,-8.304917468735,
    -5.340000265285));
#11211 = CARTESIAN_POINT('',(20.950101108161,-8.304917467543,
    -5.340000260914));
#11212 = CARTESIAN_POINT('',(20.850101108161,-8.304917466351,
    -5.340000256543));
#11213 = ORIENTED_EDGE('',*,*,#11214,.F.);
#11214 = EDGE_CURVE('',#11069,#11206,#11215,.T.);
#11215 = B_SPLINE_CURVE_WITH_KNOTS('',3,(#11216,#11217,#11218,#11219,
    #11220,#11221,#11222,#11223,#11224,#11225,#11226,#11227,#11228,
    #11229,#11230,#11231,#11232,#11233,#11234,#11235,#11236,#11237,
    #11238,#11239),.UNSPECIFIED.,.F.,.F.,(4,2,2,1,2,2,2,2,2,1,2,2,4),(0.
    ,0.125,0.1875,0.21875,0.234375,0.25,0.5,0.625,0.6875,0.71875,
    0.734375,0.75,1.),.UNSPECIFIED.);
#11216 = CARTESIAN_POINT('',(21.030101101484,-8.424917458006,
    -5.460000274901));
#11217 = CARTESIAN_POINT('',(21.031397551383,-8.423621008007,
    -5.460000274844));
#11218 = CARTESIAN_POINT('',(21.034354147054,-8.420265816465,
    -5.458504294156));
#11219 = CARTESIAN_POINT('',(21.042438218733,-8.412144916978,
    -5.452540159311));
#11220 = CARTESIAN_POINT('',(21.045730388521,-8.40892326512,
    -5.449938655859));
#11221 = CARTESIAN_POINT('',(21.051497995349,-8.403318759287,
    -5.445118674423));
#11222 = CARTESIAN_POINT('',(21.054585927241,-8.40032349936,
    -5.442482323406));
#11223 = CARTESIAN_POINT('',(21.057937583515,-8.397038728911,
    -5.439537109517));
#11224 = CARTESIAN_POINT('',(21.060223902352,-8.394784546274,
    -5.437510561632));
#11225 = CARTESIAN_POINT('',(21.062219272177,-8.392799234685,
    -5.4357213983));
#11226 = CARTESIAN_POINT('',(21.068431602355,-8.386587867224,
    -5.430125067449));
#11227 = CARTESIAN_POINT('',(21.079644923707,-8.375373736471,
    -5.419780698274));
#11228 = CARTESIAN_POINT('',(21.100089213675,-8.354929308313,
    -5.399424025923));
#11229 = CARTESIAN_POINT('',(21.106082769906,-8.349041506928,
    -5.393260361));
#11230 = CARTESIAN_POINT('',(21.113513543585,-8.341600316804,
    -5.385461588227));
#11231 = CARTESIAN_POINT('',(21.115740728706,-8.339351672088,
    -5.383092817878));
#11232 = CARTESIAN_POINT('',(21.118730129838,-8.336326333006,
    -5.379881379131));
#11233 = CARTESIAN_POINT('',(21.120137424487,-8.334900570462,
    -5.378360577917));
#11234 = CARTESIAN_POINT('',(21.121420800747,-8.333605168416,
    -5.376962798766));
#11235 = CARTESIAN_POINT('',(21.122249757873,-8.33277053605,
    -5.376057642478));
#11236 = CARTESIAN_POINT('',(21.121911779015,-8.33310693584,
    -5.376429699879));
#11237 = CARTESIAN_POINT('',(21.141078201706,-8.313938098693,
    -5.35539259703));
#11238 = CARTESIAN_POINT('',(21.150101107977,-8.304917469684,
    -5.342787024202));
#11239 = CARTESIAN_POINT('',(21.150101108161,-8.304917469928,
    -5.340000269656));
#11240 = ORIENTED_EDGE('',*,*,#11066,.F.);
#11241 = ( BOUNDED_SURFACE() B_SPLINE_SURFACE(2,3,(
    (#11242,#11243,#11244,#11245,#11246,#11247,#11248,#11249)
    ,(#11250,#11251,#11252,#11253,#11254,#11255,#11256,#11257)
    ,(#11258,#11259,#11260,#11261,#11262,#11263,#11264,#11265
)),.UNSPECIFIED.,.F.,.F.,.F.) B_SPLINE_SURFACE_WITH_KNOTS((3,3),(4,2,2,4
    ),(0.,1.),(-1.65E-04,-3.000000000002E-05,2.999999999998E-05,1.65E-04
),.UNSPECIFIED.) GEOMETRIC_REPRESENTATION_ITEM() 
RATIONAL_B_SPLINE_SURFACE((
    (1.,1.,1.,1.,1.,1.,1.,1.)
    ,(8.485281374239E-02,8.485281374239E-02,8.485281374239E-02
      ,8.485281374239E-02,8.485281374239E-02,8.485281374239E-02
      ,8.485281374239E-02,8.485281374239E-02)
,(1.,1.,1.,1.,1.,1.,1.,1.))) REPRESENTATION_ITEM('') SURFACE() );
#11242 = CARTESIAN_POINT('',(20.835101101484,-8.424917455681,
    -5.460000266378));
#11243 = CARTESIAN_POINT('',(20.880101101484,-8.424917456218,
    -5.460000268345));
#11244 = CARTESIAN_POINT('',(20.925101101484,-8.424917456754,
    -5.460000270312));
#11245 = CARTESIAN_POINT('',(20.990101101484,-8.424917457529,
    -5.460000273153));
#11246 = CARTESIAN_POINT('',(21.010101101484,-8.424917457768,
    -5.460000274027));
#11247 = CARTESIAN_POINT('',(21.075101101484,-8.424917458543,
    -5.460000276869));
#11248 = CARTESIAN_POINT('',(21.120101101484,-8.42491745908,
    -5.460000278836));
#11249 = CARTESIAN_POINT('',(21.165101101484,-8.424917459616,
    -5.460000280803));
#11250 = CARTESIAN_POINT('',(20.835101102915,-8.304917455681,
    -5.460000255887));
#11251 = CARTESIAN_POINT('',(20.880101102915,-8.304917456218,
    -5.460000257854));
#11252 = CARTESIAN_POINT('',(20.925101102915,-8.304917456754,
    -5.460000259821));
#11253 = CARTESIAN_POINT('',(20.990101102915,-8.304917457529,
    -5.460000262662));
#11254 = CARTESIAN_POINT('',(21.010101102915,-8.304917457768,
    -5.460000263537));
#11255 = CARTESIAN_POINT('',(21.075101102915,-8.304917458543,
    -5.460000266378));
#11256 = CARTESIAN_POINT('',(21.120101102915,-8.304917459079,
    -5.460000268345));
#11257 = CARTESIAN_POINT('',(21.165101102915,-8.304917459616,
    -5.460000270312));
#11258 = CARTESIAN_POINT('',(20.835101108161,-8.304917466172,
    -5.340000255887));
#11259 = CARTESIAN_POINT('',(20.880101108161,-8.304917466708,
    -5.340000257854));
#11260 = CARTESIAN_POINT('',(20.925101108161,-8.304917467245,
    -5.340000259821));
#11261 = CARTESIAN_POINT('',(20.990101108161,-8.30491746802,
    -5.340000262662));
#11262 = CARTESIAN_POINT('',(21.010101108161,-8.304917468258,
    -5.340000263537));
#11263 = CARTESIAN_POINT('',(21.075101108161,-8.304917469034,
    -5.340000266378));
#11264 = CARTESIAN_POINT('',(21.120101108161,-8.30491746957,
    -5.340000268345));
#11265 = CARTESIAN_POINT('',(21.165101108161,-8.304917470107,
    -5.340000270312));
#11266 = ADVANCED_FACE('',(#11267),#11307,.T.);
#11267 = FACE_BOUND('',#11268,.T.);
#11268 = EDGE_LOOP('',(#11269,#11298,#11299,#11300));
#11269 = ORIENTED_EDGE('',*,*,#11270,.T.);
#11270 = EDGE_CURVE('',#11271,#11078,#11273,.T.);
#11271 = VERTEX_POINT('',#11272);
#11272 = CARTESIAN_POINT('',(21.150101104583,-8.604917469928,
    -5.340000295883));
#11273 = B_SPLINE_CURVE_WITH_KNOTS('',3,(#11274,#11275,#11276,#11277,
    #11278,#11279,#11280,#11281,#11282,#11283,#11284,#11285,#11286,
    #11287,#11288,#11289,#11290,#11291,#11292,#11293,#11294,#11295,
    #11296,#11297),.UNSPECIFIED.,.F.,.F.,(4,2,2,1,2,2,2,2,2,1,2,2,4),(0.
    ,0.125,0.1875,0.21875,0.234375,0.25,0.5,0.625,0.6875,0.71875,
    0.734375,0.75,1.),.UNSPECIFIED.);
#11274 = CARTESIAN_POINT('',(21.150101104583,-8.604917469928,
    -5.340000295883));
#11275 = CARTESIAN_POINT('',(21.150101104522,-8.604917469806,
    -5.341393439439));
#11276 = CARTESIAN_POINT('',(21.148344055307,-8.60266231194,
    -5.34471861867));
#11277 = CARTESIAN_POINT('',(21.141617152311,-8.595896838415,
    -5.353653239873));
#11278 = CARTESIAN_POINT('',(21.138707777119,-8.59307789112,
    -5.357269550557));
#11279 = CARTESIAN_POINT('',(21.133431860408,-8.588003786016,
    -5.363491261875));
#11280 = CARTESIAN_POINT('',(21.130569934456,-8.585255312423,
    -5.366797446011));
#11281 = CARTESIAN_POINT('',(21.127423742101,-8.582189707275,
    -5.370333661349));
#11282 = CARTESIAN_POINT('',(21.125271003652,-8.580075496832,
    -5.372733404494));
#11283 = CARTESIAN_POINT('',(21.123427162988,-8.578243489356,
    -5.374766429816));
#11284 = CARTESIAN_POINT('',(21.116832008296,-8.571648960149,
    -5.382005283462));
#11285 = CARTESIAN_POINT('',(21.107877169157,-8.562693461351,
    -5.391669463385));
#11286 = CARTESIAN_POINT('',(21.085973087616,-8.540789483162,
    -5.413479667804));
#11287 = CARTESIAN_POINT('',(21.079628664441,-8.534581341105,
    -5.419574538769));
#11288 = CARTESIAN_POINT('',(21.071972978304,-8.526908904047,
    -5.42678497363));
#11289 = CARTESIAN_POINT('',(21.069716837855,-8.524624721031,
    -5.428880106287));
#11290 = CARTESIAN_POINT('',(21.066745627605,-8.521608390506,
    -5.431612886561));
#11291 = CARTESIAN_POINT('',(21.065362776811,-8.520202711244,
    -5.43287716827));
#11292 = CARTESIAN_POINT('',(21.064125440612,-8.518950760981,
    -5.433999964758));
#11293 = CARTESIAN_POINT('',(21.06333184755,-8.518150289472,
    -5.434718367245));
#11294 = CARTESIAN_POINT('',(21.063775845117,-8.518592436327,
    -5.434319181056));
#11295 = CARTESIAN_POINT('',(21.04352640999,-8.498339055113,
    -5.452560729072));
#11296 = CARTESIAN_POINT('',(21.0326948305,-8.487511187528,
    -5.460000280485));
#11297 = CARTESIAN_POINT('',(21.030101100769,-8.484917458006,
    -5.460000280147));
#11298 = ORIENTED_EDGE('',*,*,#11077,.F.);
#11299 = ORIENTED_EDGE('',*,*,#11214,.T.);
#11300 = ORIENTED_EDGE('',*,*,#11301,.F.);
#11301 = EDGE_CURVE('',#11271,#11206,#11302,.T.);
#11302 = B_SPLINE_CURVE_WITH_KNOTS('',3,(#11303,#11304,#11305,#11306),
  .UNSPECIFIED.,.F.,.F.,(4,4),(0.,1.),.PIECEWISE_BEZIER_KNOTS.);
#11303 = CARTESIAN_POINT('',(21.150101104583,-8.604917469928,
    -5.340000295883));
#11304 = CARTESIAN_POINT('',(21.150101105776,-8.504917469928,
    -5.340000287141));
#11305 = CARTESIAN_POINT('',(21.150101106968,-8.404917469928,
    -5.340000278398));
#11306 = CARTESIAN_POINT('',(21.150101108161,-8.304917469928,
    -5.340000269656));
#11307 = ( BOUNDED_SURFACE() B_SPLINE_SURFACE(2,3,(
    (#11308,#11309,#11310,#11311,#11312,#11313,#11314,#11315)
    ,(#11316,#11317,#11318,#11319,#11320,#11321,#11322,#11323)
    ,(#11324,#11325,#11326,#11327,#11328,#11329,#11330,#11331
)),.UNSPECIFIED.,.F.,.F.,.F.) B_SPLINE_SURFACE_WITH_KNOTS((3,3),(4,2,2,4
    ),(0.,1.),(1.74E-03,1.875E-03,1.935E-03,2.07E-03),.UNSPECIFIED.) 
GEOMETRIC_REPRESENTATION_ITEM() RATIONAL_B_SPLINE_SURFACE((
    (1.,1.,1.,1.,1.,1.,1.,1.)
    ,(8.485281374239E-02,8.485281374239E-02,8.485281374239E-02
      ,8.485281374239E-02,8.485281374239E-02,8.485281374239E-02
      ,8.485281374239E-02,8.485281374239E-02)
,(1.,1.,1.,1.,1.,1.,1.,1.))) REPRESENTATION_ITEM('') SURFACE() );
#11308 = CARTESIAN_POINT('',(21.030101103094,-8.289917458006,
    -5.460000263099));
#11309 = CARTESIAN_POINT('',(21.030101102558,-8.334917458006,
    -5.460000267033));
#11310 = CARTESIAN_POINT('',(21.030101102021,-8.379917458006,
    -5.460000270967));
#11311 = CARTESIAN_POINT('',(21.030101101246,-8.444917458006,
    -5.46000027665));
#11312 = CARTESIAN_POINT('',(21.030101101007,-8.464917458006,
    -5.460000278398));
#11313 = CARTESIAN_POINT('',(21.030101100232,-8.529917458006,
    -5.460000284081));
#11314 = CARTESIAN_POINT('',(21.030101099696,-8.574917458006,
    -5.460000288015));
#11315 = CARTESIAN_POINT('',(21.030101099159,-8.619917458006,
    -5.460000291949));
#11316 = CARTESIAN_POINT('',(21.150101103094,-8.289917459437,
    -5.460000268345));
#11317 = CARTESIAN_POINT('',(21.150101102558,-8.334917459437,
    -5.460000272279));
#11318 = CARTESIAN_POINT('',(21.150101102021,-8.379917459437,
    -5.460000276213));
#11319 = CARTESIAN_POINT('',(21.150101101246,-8.444917459437,
    -5.460000281895));
#11320 = CARTESIAN_POINT('',(21.150101101007,-8.464917459437,
    -5.460000283644));
#11321 = CARTESIAN_POINT('',(21.150101100232,-8.529917459437,
    -5.460000289326));
#11322 = CARTESIAN_POINT('',(21.150101099696,-8.574917459437,
    -5.46000029326));
#11323 = CARTESIAN_POINT('',(21.150101099159,-8.619917459437,
    -5.460000297194));
#11324 = CARTESIAN_POINT('',(21.15010110834,-8.289917469928,
    -5.340000268345));
#11325 = CARTESIAN_POINT('',(21.150101107803,-8.334917469928,
    -5.340000272279));
#11326 = CARTESIAN_POINT('',(21.150101107266,-8.379917469928,
    -5.340000276213));
#11327 = CARTESIAN_POINT('',(21.150101106491,-8.444917469928,
    -5.340000281895));
#11328 = CARTESIAN_POINT('',(21.150101106253,-8.464917469928,
    -5.340000283644));
#11329 = CARTESIAN_POINT('',(21.150101105478,-8.529917469928,
    -5.340000289326));
#11330 = CARTESIAN_POINT('',(21.150101104941,-8.574917469928,
    -5.34000029326));
#11331 = CARTESIAN_POINT('',(21.150101104404,-8.619917469928,
    -5.340000297194));
#11332 = ADVANCED_FACE('',(#11333),#11345,.T.);
#11333 = FACE_BOUND('',#11334,.T.);
#11334 = EDGE_LOOP('',(#11335,#11336,#11337,#11338));
#11335 = ORIENTED_EDGE('',*,*,#11140,.T.);
#11336 = ORIENTED_EDGE('',*,*,#11086,.F.);
#11337 = ORIENTED_EDGE('',*,*,#11270,.F.);
#11338 = ORIENTED_EDGE('',*,*,#11339,.F.);
#11339 = EDGE_CURVE('',#11141,#11271,#11340,.T.);
#11340 = B_SPLINE_CURVE_WITH_KNOTS('',3,(#11341,#11342,#11343,#11344),
  .UNSPECIFIED.,.F.,.F.,(4,4),(0.,1.),.PIECEWISE_BEZIER_KNOTS.);
#11341 = CARTESIAN_POINT('',(20.850101104583,-8.604917466351,
    -5.34000028277));
#11342 = CARTESIAN_POINT('',(20.950101104583,-8.604917467543,
    -5.340000287141));
#11343 = CARTESIAN_POINT('',(21.050101104583,-8.604917468735,
    -5.340000291512));
#11344 = CARTESIAN_POINT('',(21.150101104583,-8.604917469928,
    -5.340000295883));
#11345 = ( BOUNDED_SURFACE() B_SPLINE_SURFACE(2,3,(
    (#11346,#11347,#11348,#11349,#11350,#11351,#11352,#11353)
    ,(#11354,#11355,#11356,#11357,#11358,#11359,#11360,#11361)
    ,(#11362,#11363,#11364,#11365,#11366,#11367,#11368,#11369
)),.UNSPECIFIED.,.F.,.F.,.F.) B_SPLINE_SURFACE_WITH_KNOTS((3,3),(4,2,2,4
    ),(0.,1.),(-1.65E-04,-2.999999999998E-05,3.000000000002E-05,1.65E-04
),.UNSPECIFIED.) GEOMETRIC_REPRESENTATION_ITEM() 
RATIONAL_B_SPLINE_SURFACE((
    (1.,1.,1.,1.,1.,1.,1.,1.)
    ,(8.485281374239E-02,8.485281374239E-02,8.485281374239E-02
      ,8.485281374239E-02,8.485281374239E-02,8.485281374239E-02
      ,8.485281374239E-02,8.485281374239E-02)
,(1.,1.,1.,1.,1.,1.,1.,1.))) REPRESENTATION_ITEM('') SURFACE() );
#11346 = CARTESIAN_POINT('',(21.165101100769,-8.484917459616,
    -5.460000286048));
#11347 = CARTESIAN_POINT('',(21.120101100769,-8.484917459079,
    -5.460000284081));
#11348 = CARTESIAN_POINT('',(21.075101100769,-8.484917458543,
    -5.460000282114));
#11349 = CARTESIAN_POINT('',(21.010101100769,-8.484917457768,
    -5.460000279273));
#11350 = CARTESIAN_POINT('',(20.990101100769,-8.484917457529,
    -5.460000278398));
#11351 = CARTESIAN_POINT('',(20.925101100769,-8.484917456754,
    -5.460000275557));
#11352 = CARTESIAN_POINT('',(20.880101100769,-8.484917456218,
    -5.46000027359));
#11353 = CARTESIAN_POINT('',(20.835101100769,-8.484917455681,
    -5.460000271623));
#11354 = CARTESIAN_POINT('',(21.165101099338,-8.604917459616,
    -5.460000296539));
#11355 = CARTESIAN_POINT('',(21.120101099338,-8.60491745908,
    -5.460000294572));
#11356 = CARTESIAN_POINT('',(21.075101099338,-8.604917458543,
    -5.460000292605));
#11357 = CARTESIAN_POINT('',(21.010101099338,-8.604917457768,
    -5.460000289763));
#11358 = CARTESIAN_POINT('',(20.990101099338,-8.604917457529,
    -5.460000288889));
#11359 = CARTESIAN_POINT('',(20.925101099338,-8.604917456754,
    -5.460000286048));
#11360 = CARTESIAN_POINT('',(20.880101099338,-8.604917456218,
    -5.460000284081));
#11361 = CARTESIAN_POINT('',(20.835101099338,-8.604917455681,
    -5.460000282114));
#11362 = CARTESIAN_POINT('',(21.165101104583,-8.604917470107,
    -5.340000296539));
#11363 = CARTESIAN_POINT('',(21.120101104583,-8.60491746957,
    -5.340000294572));
#11364 = CARTESIAN_POINT('',(21.075101104583,-8.604917469034,
    -5.340000292605));
#11365 = CARTESIAN_POINT('',(21.010101104583,-8.604917468258,
    -5.340000289763));
#11366 = CARTESIAN_POINT('',(20.990101104583,-8.60491746802,
    -5.340000288889));
#11367 = CARTESIAN_POINT('',(20.925101104583,-8.604917467245,
    -5.340000286048));
#11368 = CARTESIAN_POINT('',(20.880101104583,-8.604917466708,
    -5.340000284081));
#11369 = CARTESIAN_POINT('',(20.835101104583,-8.604917466172,
    -5.340000282114));
#11370 = ADVANCED_FACE('',(#11371),#11387,.T.);
#11371 = FACE_BOUND('',#11372,.T.);
#11372 = EDGE_LOOP('',(#11373,#11379,#11380,#11386));
#11373 = ORIENTED_EDGE('',*,*,#11374,.T.);
#11374 = EDGE_CURVE('',#8243,#11141,#11375,.T.);
#11375 = LINE('',#11376,#11377);
#11376 = CARTESIAN_POINT('',(20.85010141406,-8.604918085303,
    1.73999971723));
#11377 = VECTOR('',#11378,1.);
#11378 = DIRECTION('',(-4.371140912996E-08,8.742273446216E-08,-1.));
#11379 = ORIENTED_EDGE('',*,*,#11339,.T.);
#11380 = ORIENTED_EDGE('',*,*,#11381,.F.);
#11381 = EDGE_CURVE('',#8227,#11271,#11382,.T.);
#11382 = LINE('',#11383,#11384);
#11383 = CARTESIAN_POINT('',(21.15010141406,-8.604918088881,
    1.739999704117));
#11384 = VECTOR('',#11385,1.);
#11385 = DIRECTION('',(-4.371140912996E-08,8.742273446216E-08,-1.));
#11386 = ORIENTED_EDGE('',*,*,#8250,.T.);
#11387 = PLANE('',#11388);
#11388 = AXIS2_PLACEMENT_3D('',#11389,#11390,#11391);
#11389 = CARTESIAN_POINT('',(21.00010141406,-8.604918087092,
    1.739999710674));
#11390 = DIRECTION('',(-1.19248806385E-08,-1.,-8.742273394091E-08));
#11391 = DIRECTION('',(-1.,1.192487681713E-08,4.371141017247E-08));
#11392 = ADVANCED_FACE('',(#11393),#11404,.F.);
#11393 = FACE_BOUND('',#11394,.T.);
#11394 = EDGE_LOOP('',(#11395,#11396,#11397,#11403));
#11395 = ORIENTED_EDGE('',*,*,#11381,.T.);
#11396 = ORIENTED_EDGE('',*,*,#11301,.T.);
#11397 = ORIENTED_EDGE('',*,*,#11398,.F.);
#11398 = EDGE_CURVE('',#8225,#11206,#11399,.T.);
#11399 = LINE('',#11400,#11401);
#11400 = CARTESIAN_POINT('',(21.150101417638,-8.304918088881,
    1.739999730344));
#11401 = VECTOR('',#11402,1.);
#11402 = DIRECTION('',(-4.371140912996E-08,8.742273446216E-08,-1.));
#11403 = ORIENTED_EDGE('',*,*,#8224,.T.);
#11404 = PLANE('',#11405);
#11405 = AXIS2_PLACEMENT_3D('',#11406,#11407,#11408);
#11406 = CARTESIAN_POINT('',(21.150101438566,-6.549918088881,
    1.739999883771));
#11407 = DIRECTION('',(-1.,1.192487690748E-08,4.371141017247E-08));
#11408 = DIRECTION('',(1.192488072885E-08,1.,8.742273394091E-08));
#11409 = ADVANCED_FACE('',(#11410),#11421,.F.);
#11410 = FACE_BOUND('',#11411,.T.);
#11411 = EDGE_LOOP('',(#11412,#11413,#11414,#11420));
#11412 = ORIENTED_EDGE('',*,*,#11398,.T.);
#11413 = ORIENTED_EDGE('',*,*,#11205,.T.);
#11414 = ORIENTED_EDGE('',*,*,#11415,.F.);
#11415 = EDGE_CURVE('',#8235,#11111,#11416,.T.);
#11416 = LINE('',#11417,#11418);
#11417 = CARTESIAN_POINT('',(20.850101417638,-8.304918085303,
    1.739999743457));
#11418 = VECTOR('',#11419,1.);
#11419 = DIRECTION('',(-4.371140912996E-08,8.742273446216E-08,-1.));
#11420 = ORIENTED_EDGE('',*,*,#8234,.T.);
#11421 = PLANE('',#11422);
#11422 = AXIS2_PLACEMENT_3D('',#11423,#11424,#11425);
#11423 = CARTESIAN_POINT('',(21.000101417638,-8.304918087092,
    1.739999736901));
#11424 = DIRECTION('',(-1.19248813613E-08,-1.,-8.742273394091E-08));
#11425 = DIRECTION('',(-4.371140912996E-08,8.742273446216E-08,-1.));
#11426 = ADVANCED_FACE('',(#11427),#11433,.T.);
#11427 = FACE_BOUND('',#11428,.T.);
#11428 = EDGE_LOOP('',(#11429,#11430,#11431,#11432));
#11429 = ORIENTED_EDGE('',*,*,#11415,.T.);
#11430 = ORIENTED_EDGE('',*,*,#11169,.T.);
#11431 = ORIENTED_EDGE('',*,*,#11374,.F.);
#11432 = ORIENTED_EDGE('',*,*,#8242,.T.);
#11433 = PLANE('',#11434);
#11434 = AXIS2_PLACEMENT_3D('',#11435,#11436,#11437);
#11435 = CARTESIAN_POINT('',(20.850101438566,-6.549918085303,
    1.739999896884));
#11436 = DIRECTION('',(-1.,1.192487690748E-08,4.371141017247E-08));
#11437 = DIRECTION('',(1.192488072885E-08,1.,8.742273394091E-08));
#11438 = ADVANCED_FACE('',(#11439),#11456,.T.);
#11439 = FACE_BOUND('',#11440,.T.);
#11440 = EDGE_LOOP('',(#11441,#11448,#11455));
#11441 = ORIENTED_EDGE('',*,*,#11442,.F.);
#11442 = EDGE_CURVE('',#8123,#3901,#11443,.T.);
#11443 = CIRCLE('',#11444,5.E-02);
#11444 = AXIS2_PLACEMENT_3D('',#11445,#11446,#11447);
#11445 = CARTESIAN_POINT('',(21.850101339201,-1.319917773764,
    -1.959999689606));
#11446 = DIRECTION('',(-1.19248806385E-08,-1.,-8.742273394091E-08));
#11447 = DIRECTION('',(-1.,1.192487681713E-08,4.371141017247E-08));
#11448 = ORIENTED_EDGE('',*,*,#11449,.F.);
#11449 = EDGE_CURVE('',#3911,#8123,#11450,.T.);
#11450 = CIRCLE('',#11451,5.E-02);
#11451 = AXIS2_PLACEMENT_3D('',#11452,#11453,#11454);
#11452 = CARTESIAN_POINT('',(21.850101339201,-1.319917773764,
    -1.959999689606));
#11453 = DIRECTION('',(-1.,1.192487681713E-08,4.371141017247E-08));
#11454 = DIRECTION('',(1.19248806385E-08,1.,8.742273394091E-08));
#11455 = ORIENTED_EDGE('',*,*,#3910,.F.);
#11456 = SPHERICAL_SURFACE('',#11457,5.E-02);
#11457 = AXIS2_PLACEMENT_3D('',#11458,#11459,#11460);
#11458 = CARTESIAN_POINT('',(21.850101339201,-1.319917773764,
    -1.959999689606));
#11459 = DIRECTION('',(1.19248806385E-08,1.,8.742273394091E-08));
#11460 = DIRECTION('',(-1.,1.192487681713E-08,4.371141017247E-08));
#11461 = ADVANCED_FACE('',(#11462),#11474,.T.);
#11462 = FACE_BOUND('',#11463,.T.);
#11463 = EDGE_LOOP('',(#11464,#11465,#11466,#11473));
#11464 = ORIENTED_EDGE('',*,*,#11449,.T.);
#11465 = ORIENTED_EDGE('',*,*,#8148,.F.);
#11466 = ORIENTED_EDGE('',*,*,#11467,.F.);
#11467 = EDGE_CURVE('',#3985,#8141,#11468,.T.);
#11468 = CIRCLE('',#11469,5.E-02);
#11469 = AXIS2_PLACEMENT_3D('',#11470,#11471,#11472);
#11470 = CARTESIAN_POINT('',(20.150101339201,-1.319917753492,
    -1.959999615297));
#11471 = DIRECTION('',(-1.,1.192487681713E-08,4.371141017247E-08));
#11472 = DIRECTION('',(1.19248806385E-08,1.,8.742273394091E-08));
#11473 = ORIENTED_EDGE('',*,*,#4091,.F.);
#11474 = CYLINDRICAL_SURFACE('',#11475,5.E-02);
#11475 = AXIS2_PLACEMENT_3D('',#11476,#11477,#11478);
#11476 = CARTESIAN_POINT('',(21.000101339201,-1.319917763628,
    -1.959999652452));
#11477 = DIRECTION('',(-1.,1.192487681713E-08,4.371141017247E-08));
#11478 = DIRECTION('',(1.19248806385E-08,1.,8.742273394091E-08));
#11479 = ADVANCED_FACE('',(#11480),#11492,.T.);
#11480 = FACE_BOUND('',#11481,.T.);
#11481 = EDGE_LOOP('',(#11482,#11483,#11484,#11491));
#11482 = ORIENTED_EDGE('',*,*,#11442,.T.);
#11483 = ORIENTED_EDGE('',*,*,#4069,.F.);
#11484 = ORIENTED_EDGE('',*,*,#11485,.F.);
#11485 = EDGE_CURVE('',#8125,#3953,#11486,.T.);
#11486 = CIRCLE('',#11487,5.E-02);
#11487 = AXIS2_PLACEMENT_3D('',#11488,#11489,#11490);
#11488 = CARTESIAN_POINT('',(21.850101214466,-11.77991777376,
    -1.960000604048));
#11489 = DIRECTION('',(-1.19248806385E-08,-1.,-8.742273394091E-08));
#11490 = DIRECTION('',(-1.,1.192487681713E-08,4.371141017247E-08));
#11491 = ORIENTED_EDGE('',*,*,#8122,.F.);
#11492 = CYLINDRICAL_SURFACE('',#11493,5.E-02);
#11493 = AXIS2_PLACEMENT_3D('',#11494,#11495,#11496);
#11494 = CARTESIAN_POINT('',(21.850101276834,-6.549917773764,
    -1.960000146827));
#11495 = DIRECTION('',(1.19248806385E-08,1.,8.742273394091E-08));
#11496 = DIRECTION('',(1.,-1.192487681713E-08,-4.371141017247E-08));
#11497 = ADVANCED_FACE('',(#11498),#11509,.T.);
#11498 = FACE_BOUND('',#11499,.T.);
#11499 = EDGE_LOOP('',(#11500,#11501,#11502));
#11500 = ORIENTED_EDGE('',*,*,#3994,.F.);
#11501 = ORIENTED_EDGE('',*,*,#11467,.T.);
#11502 = ORIENTED_EDGE('',*,*,#11503,.F.);
#11503 = EDGE_CURVE('',#3995,#8141,#11504,.T.);
#11504 = CIRCLE('',#11505,5.E-02);
#11505 = AXIS2_PLACEMENT_3D('',#11506,#11507,#11508);
#11506 = CARTESIAN_POINT('',(20.150101339201,-1.319917753492,
    -1.959999615297));
#11507 = DIRECTION('',(-1.19248806385E-08,-1.,-8.742273394091E-08));
#11508 = DIRECTION('',(-1.,1.192487681713E-08,4.371141017247E-08));
#11509 = SPHERICAL_SURFACE('',#11510,5.E-02);
#11510 = AXIS2_PLACEMENT_3D('',#11511,#11512,#11513);
#11511 = CARTESIAN_POINT('',(20.150101339201,-1.319917753492,
    -1.959999615297));
#11512 = DIRECTION('',(1.19248806385E-08,1.,8.742273394091E-08));
#11513 = DIRECTION('',(-1.,1.192487681713E-08,4.371141017247E-08));
#11514 = ADVANCED_FACE('',(#11515),#11526,.T.);
#11515 = FACE_BOUND('',#11516,.T.);
#11516 = EDGE_LOOP('',(#11517,#11518,#11519));
#11517 = ORIENTED_EDGE('',*,*,#11485,.T.);
#11518 = ORIENTED_EDGE('',*,*,#3952,.F.);
#11519 = ORIENTED_EDGE('',*,*,#11520,.F.);
#11520 = EDGE_CURVE('',#8125,#3943,#11521,.T.);
#11521 = CIRCLE('',#11522,5.E-02);
#11522 = AXIS2_PLACEMENT_3D('',#11523,#11524,#11525);
#11523 = CARTESIAN_POINT('',(21.850101214466,-11.77991777376,
    -1.960000604048));
#11524 = DIRECTION('',(-1.,1.192487681713E-08,4.371141017247E-08));
#11525 = DIRECTION('',(1.19248806385E-08,1.,8.742273394091E-08));
#11526 = SPHERICAL_SURFACE('',#11527,5.E-02);
#11527 = AXIS2_PLACEMENT_3D('',#11528,#11529,#11530);
#11528 = CARTESIAN_POINT('',(21.850101214466,-11.77991777376,
    -1.960000604048));
#11529 = DIRECTION('',(1.19248806385E-08,1.,8.742273394091E-08));
#11530 = DIRECTION('',(-1.,1.192487681713E-08,4.371141017247E-08));
#11531 = ADVANCED_FACE('',(#11532),#11544,.T.);
#11532 = FACE_BOUND('',#11533,.T.);
#11533 = EDGE_LOOP('',(#11534,#11535,#11536,#11543));
#11534 = ORIENTED_EDGE('',*,*,#11503,.T.);
#11535 = ORIENTED_EDGE('',*,*,#8140,.F.);
#11536 = ORIENTED_EDGE('',*,*,#11537,.F.);
#11537 = EDGE_CURVE('',#4027,#8133,#11538,.T.);
#11538 = CIRCLE('',#11539,5.E-02);
#11539 = AXIS2_PLACEMENT_3D('',#11540,#11541,#11542);
#11540 = CARTESIAN_POINT('',(20.150101214466,-11.77991775349,
    -1.960000529739));
#11541 = DIRECTION('',(-1.19248806385E-08,-1.,-8.742273394091E-08));
#11542 = DIRECTION('',(-1.,1.192487681713E-08,4.371141017247E-08));
#11543 = ORIENTED_EDGE('',*,*,#4163,.F.);
#11544 = CYLINDRICAL_SURFACE('',#11545,5.E-02);
#11545 = AXIS2_PLACEMENT_3D('',#11546,#11547,#11548);
#11546 = CARTESIAN_POINT('',(20.150101276834,-6.549917753492,
    -1.960000072518));
#11547 = DIRECTION('',(-1.192488062824E-08,-1.,-8.742273394091E-08));
#11548 = DIRECTION('',(-1.,1.192487680686E-08,4.371141017247E-08));
#11549 = ADVANCED_FACE('',(#11550),#11562,.T.);
#11550 = FACE_BOUND('',#11551,.T.);
#11551 = EDGE_LOOP('',(#11552,#11553,#11554,#11561));
#11552 = ORIENTED_EDGE('',*,*,#11520,.T.);
#11553 = ORIENTED_EDGE('',*,*,#4185,.F.);
#11554 = ORIENTED_EDGE('',*,*,#11555,.F.);
#11555 = EDGE_CURVE('',#8133,#4037,#11556,.T.);
#11556 = CIRCLE('',#11557,5.E-02);
#11557 = AXIS2_PLACEMENT_3D('',#11558,#11559,#11560);
#11558 = CARTESIAN_POINT('',(20.150101214466,-11.77991775349,
    -1.960000529739));
#11559 = DIRECTION('',(-1.,1.192487681713E-08,4.371141017247E-08));
#11560 = DIRECTION('',(1.19248806385E-08,1.,8.742273394091E-08));
#11561 = ORIENTED_EDGE('',*,*,#8132,.F.);
#11562 = CYLINDRICAL_SURFACE('',#11563,5.E-02);
#11563 = AXIS2_PLACEMENT_3D('',#11564,#11565,#11566);
#11564 = CARTESIAN_POINT('',(21.000101214466,-11.77991776362,
    -1.960000566893));
#11565 = DIRECTION('',(1.,-1.192487681713E-08,-4.371141017247E-08));
#11566 = DIRECTION('',(-1.19248806385E-08,-1.,-8.742273394091E-08));
#11567 = ADVANCED_FACE('',(#11568),#11573,.T.);
#11568 = FACE_BOUND('',#11569,.T.);
#11569 = EDGE_LOOP('',(#11570,#11571,#11572));
#11570 = ORIENTED_EDGE('',*,*,#4036,.F.);
#11571 = ORIENTED_EDGE('',*,*,#11537,.T.);
#11572 = ORIENTED_EDGE('',*,*,#11555,.T.);
#11573 = SPHERICAL_SURFACE('',#11574,5.E-02);
#11574 = AXIS2_PLACEMENT_3D('',#11575,#11576,#11577);
#11575 = CARTESIAN_POINT('',(20.150101214466,-11.77991775349,
    -1.960000529739));
#11576 = DIRECTION('',(1.19248806385E-08,1.,8.742273394091E-08));
#11577 = DIRECTION('',(-1.,1.192487681713E-08,4.371141017247E-08));
#11578 = ( GEOMETRIC_REPRESENTATION_CONTEXT(3) 
GLOBAL_UNCERTAINTY_ASSIGNED_CONTEXT((#11582)) 
GLOBAL_UNIT_ASSIGNED_CONTEXT((#11579,#11580,#11581)) 
REPRESENTATION_CONTEXT('Context #1',
  '3D Context with UNIT and UNCERTAINTY') );
#11579 = ( LENGTH_UNIT() NAMED_UNIT(*) SI_UNIT(.MILLI.,.METRE.) );
#11580 = ( NAMED_UNIT(*) PLANE_ANGLE_UNIT() SI_UNIT($,.RADIAN.) );
#11581 = ( NAMED_UNIT(*) SI_UNIT($,.STERADIAN.) SOLID_ANGLE_UNIT() );
#11582 = UNCERTAINTY_MEASURE_WITH_UNIT(LENGTH_MEASURE(1.E-04),#11579,
  'distance_accuracy_value','confusion accuracy');
#11583 = PRODUCT_RELATED_PRODUCT_CATEGORY('part',$,(#3890));
#11584 = MECHANICAL_DESIGN_GEOMETRIC_PRESENTATION_REPRESENTATION('',(
    #11585),#1543);
#11585 = STYLED_ITEM('color',(#11586),#15);
#11586 = PRESENTATION_STYLE_ASSIGNMENT((#11587));
#11587 = SURFACE_STYLE_USAGE(.BOTH.,#11588);
#11588 = SURFACE_SIDE_STYLE('',(#11589));
#11589 = SURFACE_STYLE_FILL_AREA(#11590);
#11590 = FILL_AREA_STYLE('',(#11591));
#11591 = FILL_AREA_STYLE_COLOUR('',#11592);
#11592 = COLOUR_RGB('',0.,0.501960785193,0.);
#11593 = MECHANICAL_DESIGN_GEOMETRIC_PRESENTATION_REPRESENTATION('',(
    #11594,#11602,#11609,#11616,#11624,#11631,#11638,#11645,#11652,
    #11659,#11667,#11674,#11681,#11688,#11695,#11702,#11709,#11716,
    #11723,#11730,#11737,#11744,#11751,#11758,#11765,#11772,#11779,
    #11786,#11793,#11800,#11807,#11814,#11821,#11828,#11835,#11842,
    #11849,#11856,#11863,#11870,#11877,#11884,#11891,#11898,#11905,
    #11912,#11919,#11926,#11933,#11940,#11947,#11954,#11961,#11968,
    #11975,#11982,#11989,#11996,#12003,#12010,#12017,#12024,#12031,
    #12038,#12045,#12052,#12059,#12066,#12073,#12080,#12087,#12094,
    #12101,#12108,#12115),#3880);
#11594 = STYLED_ITEM('color',(#11595),#1557);
#11595 = PRESENTATION_STYLE_ASSIGNMENT((#11596));
#11596 = SURFACE_STYLE_USAGE(.BOTH.,#11597);
#11597 = SURFACE_SIDE_STYLE('',(#11598));
#11598 = SURFACE_STYLE_FILL_AREA(#11599);
#11599 = FILL_AREA_STYLE('',(#11600));
#11600 = FILL_AREA_STYLE_COLOUR('',#11601);
#11601 = COLOUR_RGB('',0.262745099612,0.282352937581,0.301960791261);
#11602 = OVER_RIDING_STYLED_ITEM('overriding color',(#11603),#1559,
  #11594);
#11603 = PRESENTATION_STYLE_ASSIGNMENT((#11604));
#11604 = SURFACE_STYLE_USAGE(.BOTH.,#11605);
#11605 = SURFACE_SIDE_STYLE('',(#11606));
#11606 = SURFACE_STYLE_FILL_AREA(#11607);
#11607 = FILL_AREA_STYLE('',(#11608));
#11608 = FILL_AREA_STYLE_COLOUR('',#11601);
#11609 = OVER_RIDING_STYLED_ITEM('overriding color',(#11610),#1601,
  #11594);
#11610 = PRESENTATION_STYLE_ASSIGNMENT((#11611));
#11611 = SURFACE_STYLE_USAGE(.BOTH.,#11612);
#11612 = SURFACE_SIDE_STYLE('',(#11613));
#11613 = SURFACE_STYLE_FILL_AREA(#11614);
#11614 = FILL_AREA_STYLE('',(#11615));
#11615 = FILL_AREA_STYLE_COLOUR('',#11601);
#11616 = OVER_RIDING_STYLED_ITEM('overriding color',(#11617),#1643,
  #11594);
#11617 = PRESENTATION_STYLE_ASSIGNMENT((#11618));
#11618 = SURFACE_STYLE_USAGE(.BOTH.,#11619);
#11619 = SURFACE_SIDE_STYLE('',(#11620));
#11620 = SURFACE_STYLE_FILL_AREA(#11621);
#11621 = FILL_AREA_STYLE('',(#11622));
#11622 = FILL_AREA_STYLE_COLOUR('',#11623);
#11623 = COLOUR_RGB('',0.811764696686,0.858823514405,0.898039222556);
#11624 = OVER_RIDING_STYLED_ITEM('overriding color',(#11625),#1685,
  #11594);
#11625 = PRESENTATION_STYLE_ASSIGNMENT((#11626));
#11626 = SURFACE_STYLE_USAGE(.BOTH.,#11627);
#11627 = SURFACE_SIDE_STYLE('',(#11628));
#11628 = SURFACE_STYLE_FILL_AREA(#11629);
#11629 = FILL_AREA_STYLE('',(#11630));
#11630 = FILL_AREA_STYLE_COLOUR('',#11623);
#11631 = OVER_RIDING_STYLED_ITEM('overriding color',(#11632),#1727,
  #11594);
#11632 = PRESENTATION_STYLE_ASSIGNMENT((#11633));
#11633 = SURFACE_STYLE_USAGE(.BOTH.,#11634);
#11634 = SURFACE_SIDE_STYLE('',(#11635));
#11635 = SURFACE_STYLE_FILL_AREA(#11636);
#11636 = FILL_AREA_STYLE('',(#11637));
#11637 = FILL_AREA_STYLE_COLOUR('',#11623);
#11638 = OVER_RIDING_STYLED_ITEM('overriding color',(#11639),#1769,
  #11594);
#11639 = PRESENTATION_STYLE_ASSIGNMENT((#11640));
#11640 = SURFACE_STYLE_USAGE(.BOTH.,#11641);
#11641 = SURFACE_SIDE_STYLE('',(#11642));
#11642 = SURFACE_STYLE_FILL_AREA(#11643);
#11643 = FILL_AREA_STYLE('',(#11644));
#11644 = FILL_AREA_STYLE_COLOUR('',#11623);
#11645 = OVER_RIDING_STYLED_ITEM('overriding color',(#11646),#1811,
  #11594);
#11646 = PRESENTATION_STYLE_ASSIGNMENT((#11647));
#11647 = SURFACE_STYLE_USAGE(.BOTH.,#11648);
#11648 = SURFACE_SIDE_STYLE('',(#11649));
#11649 = SURFACE_STYLE_FILL_AREA(#11650);
#11650 = FILL_AREA_STYLE('',(#11651));
#11651 = FILL_AREA_STYLE_COLOUR('',#11623);
#11652 = OVER_RIDING_STYLED_ITEM('overriding color',(#11653),#1853,
  #11594);
#11653 = PRESENTATION_STYLE_ASSIGNMENT((#11654));
#11654 = SURFACE_STYLE_USAGE(.BOTH.,#11655);
#11655 = SURFACE_SIDE_STYLE('',(#11656));
#11656 = SURFACE_STYLE_FILL_AREA(#11657);
#11657 = FILL_AREA_STYLE('',(#11658));
#11658 = FILL_AREA_STYLE_COLOUR('',#11623);
#11659 = OVER_RIDING_STYLED_ITEM('overriding color',(#11660),#1895,
  #11594);
#11660 = PRESENTATION_STYLE_ASSIGNMENT((#11661));
#11661 = SURFACE_STYLE_USAGE(.BOTH.,#11662);
#11662 = SURFACE_SIDE_STYLE('',(#11663));
#11663 = SURFACE_STYLE_FILL_AREA(#11664);
#11664 = FILL_AREA_STYLE('',(#11665));
#11665 = FILL_AREA_STYLE_COLOUR('',#11666);
#11666 = DRAUGHTING_PRE_DEFINED_COLOUR('white');
#11667 = OVER_RIDING_STYLED_ITEM('overriding color',(#11668),#1937,
  #11594);
#11668 = PRESENTATION_STYLE_ASSIGNMENT((#11669));
#11669 = SURFACE_STYLE_USAGE(.BOTH.,#11670);
#11670 = SURFACE_SIDE_STYLE('',(#11671));
#11671 = SURFACE_STYLE_FILL_AREA(#11672);
#11672 = FILL_AREA_STYLE('',(#11673));
#11673 = FILL_AREA_STYLE_COLOUR('',#11666);
#11674 = OVER_RIDING_STYLED_ITEM('overriding color',(#11675),#1977,
  #11594);
#11675 = PRESENTATION_STYLE_ASSIGNMENT((#11676));
#11676 = SURFACE_STYLE_USAGE(.BOTH.,#11677);
#11677 = SURFACE_SIDE_STYLE('',(#11678));
#11678 = SURFACE_STYLE_FILL_AREA(#11679);
#11679 = FILL_AREA_STYLE('',(#11680));
#11680 = FILL_AREA_STYLE_COLOUR('',#11666);
#11681 = OVER_RIDING_STYLED_ITEM('overriding color',(#11682),#2002,
  #11594);
#11682 = PRESENTATION_STYLE_ASSIGNMENT((#11683));
#11683 = SURFACE_STYLE_USAGE(.BOTH.,#11684);
#11684 = SURFACE_SIDE_STYLE('',(#11685));
#11685 = SURFACE_STYLE_FILL_AREA(#11686);
#11686 = FILL_AREA_STYLE('',(#11687));
#11687 = FILL_AREA_STYLE_COLOUR('',#11666);
#11688 = OVER_RIDING_STYLED_ITEM('overriding color',(#11689),#2026,
  #11594);
#11689 = PRESENTATION_STYLE_ASSIGNMENT((#11690));
#11690 = SURFACE_STYLE_USAGE(.BOTH.,#11691);
#11691 = SURFACE_SIDE_STYLE('',(#11692));
#11692 = SURFACE_STYLE_FILL_AREA(#11693);
#11693 = FILL_AREA_STYLE('',(#11694));
#11694 = FILL_AREA_STYLE_COLOUR('',#11666);
#11695 = OVER_RIDING_STYLED_ITEM('overriding color',(#11696),#2051,
  #11594);
#11696 = PRESENTATION_STYLE_ASSIGNMENT((#11697));
#11697 = SURFACE_STYLE_USAGE(.BOTH.,#11698);
#11698 = SURFACE_SIDE_STYLE('',(#11699));
#11699 = SURFACE_STYLE_FILL_AREA(#11700);
#11700 = FILL_AREA_STYLE('',(#11701));
#11701 = FILL_AREA_STYLE_COLOUR('',#11666);
#11702 = OVER_RIDING_STYLED_ITEM('overriding color',(#11703),#2068,
  #11594);
#11703 = PRESENTATION_STYLE_ASSIGNMENT((#11704));
#11704 = SURFACE_STYLE_USAGE(.BOTH.,#11705);
#11705 = SURFACE_SIDE_STYLE('',(#11706));
#11706 = SURFACE_STYLE_FILL_AREA(#11707);
#11707 = FILL_AREA_STYLE('',(#11708));
#11708 = FILL_AREA_STYLE_COLOUR('',#11623);
#11709 = OVER_RIDING_STYLED_ITEM('overriding color',(#11710),#2101,
  #11594);
#11710 = PRESENTATION_STYLE_ASSIGNMENT((#11711));
#11711 = SURFACE_STYLE_USAGE(.BOTH.,#11712);
#11712 = SURFACE_SIDE_STYLE('',(#11713));
#11713 = SURFACE_STYLE_FILL_AREA(#11714);
#11714 = FILL_AREA_STYLE('',(#11715));
#11715 = FILL_AREA_STYLE_COLOUR('',#11623);
#11716 = OVER_RIDING_STYLED_ITEM('overriding color',(#11717),#2123,
  #11594);
#11717 = PRESENTATION_STYLE_ASSIGNMENT((#11718));
#11718 = SURFACE_STYLE_USAGE(.BOTH.,#11719);
#11719 = SURFACE_SIDE_STYLE('',(#11720));
#11720 = SURFACE_STYLE_FILL_AREA(#11721);
#11721 = FILL_AREA_STYLE('',(#11722));
#11722 = FILL_AREA_STYLE_COLOUR('',#11623);
#11723 = OVER_RIDING_STYLED_ITEM('overriding color',(#11724),#2166,
  #11594);
#11724 = PRESENTATION_STYLE_ASSIGNMENT((#11725));
#11725 = SURFACE_STYLE_USAGE(.BOTH.,#11726);
#11726 = SURFACE_SIDE_STYLE('',(#11727));
#11727 = SURFACE_STYLE_FILL_AREA(#11728);
#11728 = FILL_AREA_STYLE('',(#11729));
#11729 = FILL_AREA_STYLE_COLOUR('',#11623);
#11730 = OVER_RIDING_STYLED_ITEM('overriding color',(#11731),#2191,
  #11594);
#11731 = PRESENTATION_STYLE_ASSIGNMENT((#11732));
#11732 = SURFACE_STYLE_USAGE(.BOTH.,#11733);
#11733 = SURFACE_SIDE_STYLE('',(#11734));
#11734 = SURFACE_STYLE_FILL_AREA(#11735);
#11735 = FILL_AREA_STYLE('',(#11736));
#11736 = FILL_AREA_STYLE_COLOUR('',#11623);
#11737 = OVER_RIDING_STYLED_ITEM('overriding color',(#11738),#2226,
  #11594);
#11738 = PRESENTATION_STYLE_ASSIGNMENT((#11739));
#11739 = SURFACE_STYLE_USAGE(.BOTH.,#11740);
#11740 = SURFACE_SIDE_STYLE('',(#11741));
#11741 = SURFACE_STYLE_FILL_AREA(#11742);
#11742 = FILL_AREA_STYLE('',(#11743));
#11743 = FILL_AREA_STYLE_COLOUR('',#11623);
#11744 = OVER_RIDING_STYLED_ITEM('overriding color',(#11745),#2243,
  #11594);
#11745 = PRESENTATION_STYLE_ASSIGNMENT((#11746));
#11746 = SURFACE_STYLE_USAGE(.BOTH.,#11747);
#11747 = SURFACE_SIDE_STYLE('',(#11748));
#11748 = SURFACE_STYLE_FILL_AREA(#11749);
#11749 = FILL_AREA_STYLE('',(#11750));
#11750 = FILL_AREA_STYLE_COLOUR('',#11623);
#11751 = OVER_RIDING_STYLED_ITEM('overriding color',(#11752),#2260,
  #11594);
#11752 = PRESENTATION_STYLE_ASSIGNMENT((#11753));
#11753 = SURFACE_STYLE_USAGE(.BOTH.,#11754);
#11754 = SURFACE_SIDE_STYLE('',(#11755));
#11755 = SURFACE_STYLE_FILL_AREA(#11756);
#11756 = FILL_AREA_STYLE('',(#11757));
#11757 = FILL_AREA_STYLE_COLOUR('',#11623);
#11758 = OVER_RIDING_STYLED_ITEM('overriding color',(#11759),#2293,
  #11594);
#11759 = PRESENTATION_STYLE_ASSIGNMENT((#11760));
#11760 = SURFACE_STYLE_USAGE(.BOTH.,#11761);
#11761 = SURFACE_SIDE_STYLE('',(#11762));
#11762 = SURFACE_STYLE_FILL_AREA(#11763);
#11763 = FILL_AREA_STYLE('',(#11764));
#11764 = FILL_AREA_STYLE_COLOUR('',#11623);
#11765 = OVER_RIDING_STYLED_ITEM('overriding color',(#11766),#2315,
  #11594);
#11766 = PRESENTATION_STYLE_ASSIGNMENT((#11767));
#11767 = SURFACE_STYLE_USAGE(.BOTH.,#11768);
#11768 = SURFACE_SIDE_STYLE('',(#11769));
#11769 = SURFACE_STYLE_FILL_AREA(#11770);
#11770 = FILL_AREA_STYLE('',(#11771));
#11771 = FILL_AREA_STYLE_COLOUR('',#11623);
#11772 = OVER_RIDING_STYLED_ITEM('overriding color',(#11773),#2358,
  #11594);
#11773 = PRESENTATION_STYLE_ASSIGNMENT((#11774));
#11774 = SURFACE_STYLE_USAGE(.BOTH.,#11775);
#11775 = SURFACE_SIDE_STYLE('',(#11776));
#11776 = SURFACE_STYLE_FILL_AREA(#11777);
#11777 = FILL_AREA_STYLE('',(#11778));
#11778 = FILL_AREA_STYLE_COLOUR('',#11623);
#11779 = OVER_RIDING_STYLED_ITEM('overriding color',(#11780),#2383,
  #11594);
#11780 = PRESENTATION_STYLE_ASSIGNMENT((#11781));
#11781 = SURFACE_STYLE_USAGE(.BOTH.,#11782);
#11782 = SURFACE_SIDE_STYLE('',(#11783));
#11783 = SURFACE_STYLE_FILL_AREA(#11784);
#11784 = FILL_AREA_STYLE('',(#11785));
#11785 = FILL_AREA_STYLE_COLOUR('',#11623);
#11786 = OVER_RIDING_STYLED_ITEM('overriding color',(#11787),#2418,
  #11594);
#11787 = PRESENTATION_STYLE_ASSIGNMENT((#11788));
#11788 = SURFACE_STYLE_USAGE(.BOTH.,#11789);
#11789 = SURFACE_SIDE_STYLE('',(#11790));
#11790 = SURFACE_STYLE_FILL_AREA(#11791);
#11791 = FILL_AREA_STYLE('',(#11792));
#11792 = FILL_AREA_STYLE_COLOUR('',#11623);
#11793 = OVER_RIDING_STYLED_ITEM('overriding color',(#11794),#2435,
  #11594);
#11794 = PRESENTATION_STYLE_ASSIGNMENT((#11795));
#11795 = SURFACE_STYLE_USAGE(.BOTH.,#11796);
#11796 = SURFACE_SIDE_STYLE('',(#11797));
#11797 = SURFACE_STYLE_FILL_AREA(#11798);
#11798 = FILL_AREA_STYLE('',(#11799));
#11799 = FILL_AREA_STYLE_COLOUR('',#11623);
#11800 = OVER_RIDING_STYLED_ITEM('overriding color',(#11801),#2452,
  #11594);
#11801 = PRESENTATION_STYLE_ASSIGNMENT((#11802));
#11802 = SURFACE_STYLE_USAGE(.BOTH.,#11803);
#11803 = SURFACE_SIDE_STYLE('',(#11804));
#11804 = SURFACE_STYLE_FILL_AREA(#11805);
#11805 = FILL_AREA_STYLE('',(#11806));
#11806 = FILL_AREA_STYLE_COLOUR('',#11623);
#11807 = OVER_RIDING_STYLED_ITEM('overriding color',(#11808),#2485,
  #11594);
#11808 = PRESENTATION_STYLE_ASSIGNMENT((#11809));
#11809 = SURFACE_STYLE_USAGE(.BOTH.,#11810);
#11810 = SURFACE_SIDE_STYLE('',(#11811));
#11811 = SURFACE_STYLE_FILL_AREA(#11812);
#11812 = FILL_AREA_STYLE('',(#11813));
#11813 = FILL_AREA_STYLE_COLOUR('',#11623);
#11814 = OVER_RIDING_STYLED_ITEM('overriding color',(#11815),#2533,
  #11594);
#11815 = PRESENTATION_STYLE_ASSIGNMENT((#11816));
#11816 = SURFACE_STYLE_USAGE(.BOTH.,#11817);
#11817 = SURFACE_SIDE_STYLE('',(#11818));
#11818 = SURFACE_STYLE_FILL_AREA(#11819);
#11819 = FILL_AREA_STYLE('',(#11820));
#11820 = FILL_AREA_STYLE_COLOUR('',#11623);
#11821 = OVER_RIDING_STYLED_ITEM('overriding color',(#11822),#2550,
  #11594);
#11822 = PRESENTATION_STYLE_ASSIGNMENT((#11823));
#11823 = SURFACE_STYLE_USAGE(.BOTH.,#11824);
#11824 = SURFACE_SIDE_STYLE('',(#11825));
#11825 = SURFACE_STYLE_FILL_AREA(#11826);
#11826 = FILL_AREA_STYLE('',(#11827));
#11827 = FILL_AREA_STYLE_COLOUR('',#11623);
#11828 = OVER_RIDING_STYLED_ITEM('overriding color',(#11829),#2575,
  #11594);
#11829 = PRESENTATION_STYLE_ASSIGNMENT((#11830));
#11830 = SURFACE_STYLE_USAGE(.BOTH.,#11831);
#11831 = SURFACE_SIDE_STYLE('',(#11832));
#11832 = SURFACE_STYLE_FILL_AREA(#11833);
#11833 = FILL_AREA_STYLE('',(#11834));
#11834 = FILL_AREA_STYLE_COLOUR('',#11623);
#11835 = OVER_RIDING_STYLED_ITEM('overriding color',(#11836),#2599,
  #11594);
#11836 = PRESENTATION_STYLE_ASSIGNMENT((#11837));
#11837 = SURFACE_STYLE_USAGE(.BOTH.,#11838);
#11838 = SURFACE_SIDE_STYLE('',(#11839));
#11839 = SURFACE_STYLE_FILL_AREA(#11840);
#11840 = FILL_AREA_STYLE('',(#11841));
#11841 = FILL_AREA_STYLE_COLOUR('',#11623);
#11842 = OVER_RIDING_STYLED_ITEM('overriding color',(#11843),#2627,
  #11594);
#11843 = PRESENTATION_STYLE_ASSIGNMENT((#11844));
#11844 = SURFACE_STYLE_USAGE(.BOTH.,#11845);
#11845 = SURFACE_SIDE_STYLE('',(#11846));
#11846 = SURFACE_STYLE_FILL_AREA(#11847);
#11847 = FILL_AREA_STYLE('',(#11848));
#11848 = FILL_AREA_STYLE_COLOUR('',#11623);
#11849 = OVER_RIDING_STYLED_ITEM('overriding color',(#11850),#2644,
  #11594);
#11850 = PRESENTATION_STYLE_ASSIGNMENT((#11851));
#11851 = SURFACE_STYLE_USAGE(.BOTH.,#11852);
#11852 = SURFACE_SIDE_STYLE('',(#11853));
#11853 = SURFACE_STYLE_FILL_AREA(#11854);
#11854 = FILL_AREA_STYLE('',(#11855));
#11855 = FILL_AREA_STYLE_COLOUR('',#11601);
#11856 = OVER_RIDING_STYLED_ITEM('overriding color',(#11857),#2684,
  #11594);
#11857 = PRESENTATION_STYLE_ASSIGNMENT((#11858));
#11858 = SURFACE_STYLE_USAGE(.BOTH.,#11859);
#11859 = SURFACE_SIDE_STYLE('',(#11860));
#11860 = SURFACE_STYLE_FILL_AREA(#11861);
#11861 = FILL_AREA_STYLE('',(#11862));
#11862 = FILL_AREA_STYLE_COLOUR('',#11601);
#11863 = OVER_RIDING_STYLED_ITEM('overriding color',(#11864),#2715,
  #11594);
#11864 = PRESENTATION_STYLE_ASSIGNMENT((#11865));
#11865 = SURFACE_STYLE_USAGE(.BOTH.,#11866);
#11866 = SURFACE_SIDE_STYLE('',(#11867));
#11867 = SURFACE_STYLE_FILL_AREA(#11868);
#11868 = FILL_AREA_STYLE('',(#11869));
#11869 = FILL_AREA_STYLE_COLOUR('',#11601);
#11870 = OVER_RIDING_STYLED_ITEM('overriding color',(#11871),#2755,
  #11594);
#11871 = PRESENTATION_STYLE_ASSIGNMENT((#11872));
#11872 = SURFACE_STYLE_USAGE(.BOTH.,#11873);
#11873 = SURFACE_SIDE_STYLE('',(#11874));
#11874 = SURFACE_STYLE_FILL_AREA(#11875);
#11875 = FILL_AREA_STYLE('',(#11876));
#11876 = FILL_AREA_STYLE_COLOUR('',#11601);
#11877 = OVER_RIDING_STYLED_ITEM('overriding color',(#11878),#2786,
  #11594);
#11878 = PRESENTATION_STYLE_ASSIGNMENT((#11879));
#11879 = SURFACE_STYLE_USAGE(.BOTH.,#11880);
#11880 = SURFACE_SIDE_STYLE('',(#11881));
#11881 = SURFACE_STYLE_FILL_AREA(#11882);
#11882 = FILL_AREA_STYLE('',(#11883));
#11883 = FILL_AREA_STYLE_COLOUR('',#11601);
#11884 = OVER_RIDING_STYLED_ITEM('overriding color',(#11885),#2826,
  #11594);
#11885 = PRESENTATION_STYLE_ASSIGNMENT((#11886));
#11886 = SURFACE_STYLE_USAGE(.BOTH.,#11887);
#11887 = SURFACE_SIDE_STYLE('',(#11888));
#11888 = SURFACE_STYLE_FILL_AREA(#11889);
#11889 = FILL_AREA_STYLE('',(#11890));
#11890 = FILL_AREA_STYLE_COLOUR('',#11601);
#11891 = OVER_RIDING_STYLED_ITEM('overriding color',(#11892),#2857,
  #11594);
#11892 = PRESENTATION_STYLE_ASSIGNMENT((#11893));
#11893 = SURFACE_STYLE_USAGE(.BOTH.,#11894);
#11894 = SURFACE_SIDE_STYLE('',(#11895));
#11895 = SURFACE_STYLE_FILL_AREA(#11896);
#11896 = FILL_AREA_STYLE('',(#11897));
#11897 = FILL_AREA_STYLE_COLOUR('',#11601);
#11898 = OVER_RIDING_STYLED_ITEM('overriding color',(#11899),#2897,
  #11594);
#11899 = PRESENTATION_STYLE_ASSIGNMENT((#11900));
#11900 = SURFACE_STYLE_USAGE(.BOTH.,#11901);
#11901 = SURFACE_SIDE_STYLE('',(#11902));
#11902 = SURFACE_STYLE_FILL_AREA(#11903);
#11903 = FILL_AREA_STYLE('',(#11904));
#11904 = FILL_AREA_STYLE_COLOUR('',#11601);
#11905 = OVER_RIDING_STYLED_ITEM('overriding color',(#11906),#2928,
  #11594);
#11906 = PRESENTATION_STYLE_ASSIGNMENT((#11907));
#11907 = SURFACE_STYLE_USAGE(.BOTH.,#11908);
#11908 = SURFACE_SIDE_STYLE('',(#11909));
#11909 = SURFACE_STYLE_FILL_AREA(#11910);
#11910 = FILL_AREA_STYLE('',(#11911));
#11911 = FILL_AREA_STYLE_COLOUR('',#11601);
#11912 = OVER_RIDING_STYLED_ITEM('overriding color',(#11913),#2968,
  #11594);
#11913 = PRESENTATION_STYLE_ASSIGNMENT((#11914));
#11914 = SURFACE_STYLE_USAGE(.BOTH.,#11915);
#11915 = SURFACE_SIDE_STYLE('',(#11916));
#11916 = SURFACE_STYLE_FILL_AREA(#11917);
#11917 = FILL_AREA_STYLE('',(#11918));
#11918 = FILL_AREA_STYLE_COLOUR('',#11601);
#11919 = OVER_RIDING_STYLED_ITEM('overriding color',(#11920),#2999,
  #11594);
#11920 = PRESENTATION_STYLE_ASSIGNMENT((#11921));
#11921 = SURFACE_STYLE_USAGE(.BOTH.,#11922);
#11922 = SURFACE_SIDE_STYLE('',(#11923));
#11923 = SURFACE_STYLE_FILL_AREA(#11924);
#11924 = FILL_AREA_STYLE('',(#11925));
#11925 = FILL_AREA_STYLE_COLOUR('',#11601);
#11926 = OVER_RIDING_STYLED_ITEM('overriding color',(#11927),#3039,
  #11594);
#11927 = PRESENTATION_STYLE_ASSIGNMENT((#11928));
#11928 = SURFACE_STYLE_USAGE(.BOTH.,#11929);
#11929 = SURFACE_SIDE_STYLE('',(#11930));
#11930 = SURFACE_STYLE_FILL_AREA(#11931);
#11931 = FILL_AREA_STYLE('',(#11932));
#11932 = FILL_AREA_STYLE_COLOUR('',#11601);
#11933 = OVER_RIDING_STYLED_ITEM('overriding color',(#11934),#3070,
  #11594);
#11934 = PRESENTATION_STYLE_ASSIGNMENT((#11935));
#11935 = SURFACE_STYLE_USAGE(.BOTH.,#11936);
#11936 = SURFACE_SIDE_STYLE('',(#11937));
#11937 = SURFACE_STYLE_FILL_AREA(#11938);
#11938 = FILL_AREA_STYLE('',(#11939));
#11939 = FILL_AREA_STYLE_COLOUR('',#11601);
#11940 = OVER_RIDING_STYLED_ITEM('overriding color',(#11941),#3094,
  #11594);
#11941 = PRESENTATION_STYLE_ASSIGNMENT((#11942));
#11942 = SURFACE_STYLE_USAGE(.BOTH.,#11943);
#11943 = SURFACE_SIDE_STYLE('',(#11944));
#11944 = SURFACE_STYLE_FILL_AREA(#11945);
#11945 = FILL_AREA_STYLE('',(#11946));
#11946 = FILL_AREA_STYLE_COLOUR('',#11601);
#11947 = OVER_RIDING_STYLED_ITEM('overriding color',(#11948),#3118,
  #11594);
#11948 = PRESENTATION_STYLE_ASSIGNMENT((#11949));
#11949 = SURFACE_STYLE_USAGE(.BOTH.,#11950);
#11950 = SURFACE_SIDE_STYLE('',(#11951));
#11951 = SURFACE_STYLE_FILL_AREA(#11952);
#11952 = FILL_AREA_STYLE('',(#11953));
#11953 = FILL_AREA_STYLE_COLOUR('',#11601);
#11954 = OVER_RIDING_STYLED_ITEM('overriding color',(#11955),#3158,
  #11594);
#11955 = PRESENTATION_STYLE_ASSIGNMENT((#11956));
#11956 = SURFACE_STYLE_USAGE(.BOTH.,#11957);
#11957 = SURFACE_SIDE_STYLE('',(#11958));
#11958 = SURFACE_STYLE_FILL_AREA(#11959);
#11959 = FILL_AREA_STYLE('',(#11960));
#11960 = FILL_AREA_STYLE_COLOUR('',#11601);
#11961 = OVER_RIDING_STYLED_ITEM('overriding color',(#11962),#3189,
  #11594);
#11962 = PRESENTATION_STYLE_ASSIGNMENT((#11963));
#11963 = SURFACE_STYLE_USAGE(.BOTH.,#11964);
#11964 = SURFACE_SIDE_STYLE('',(#11965));
#11965 = SURFACE_STYLE_FILL_AREA(#11966);
#11966 = FILL_AREA_STYLE('',(#11967));
#11967 = FILL_AREA_STYLE_COLOUR('',#11601);
#11968 = OVER_RIDING_STYLED_ITEM('overriding color',(#11969),#3220,
  #11594);
#11969 = PRESENTATION_STYLE_ASSIGNMENT((#11970));
#11970 = SURFACE_STYLE_USAGE(.BOTH.,#11971);
#11971 = SURFACE_SIDE_STYLE('',(#11972));
#11972 = SURFACE_STYLE_FILL_AREA(#11973);
#11973 = FILL_AREA_STYLE('',(#11974));
#11974 = FILL_AREA_STYLE_COLOUR('',#11601);
#11975 = OVER_RIDING_STYLED_ITEM('overriding color',(#11976),#3242,
  #11594);
#11976 = PRESENTATION_STYLE_ASSIGNMENT((#11977));
#11977 = SURFACE_STYLE_USAGE(.BOTH.,#11978);
#11978 = SURFACE_SIDE_STYLE('',(#11979));
#11979 = SURFACE_STYLE_FILL_AREA(#11980);
#11980 = FILL_AREA_STYLE('',(#11981));
#11981 = FILL_AREA_STYLE_COLOUR('',#11601);
#11982 = OVER_RIDING_STYLED_ITEM('overriding color',(#11983),#3254,
  #11594);
#11983 = PRESENTATION_STYLE_ASSIGNMENT((#11984));
#11984 = SURFACE_STYLE_USAGE(.BOTH.,#11985);
#11985 = SURFACE_SIDE_STYLE('',(#11986));
#11986 = SURFACE_STYLE_FILL_AREA(#11987);
#11987 = FILL_AREA_STYLE('',(#11988));
#11988 = FILL_AREA_STYLE_COLOUR('',#11601);
#11989 = OVER_RIDING_STYLED_ITEM('overriding color',(#11990),#3294,
  #11594);
#11990 = PRESENTATION_STYLE_ASSIGNMENT((#11991));
#11991 = SURFACE_STYLE_USAGE(.BOTH.,#11992);
#11992 = SURFACE_SIDE_STYLE('',(#11993));
#11993 = SURFACE_STYLE_FILL_AREA(#11994);
#11994 = FILL_AREA_STYLE('',(#11995));
#11995 = FILL_AREA_STYLE_COLOUR('',#11601);
#11996 = OVER_RIDING_STYLED_ITEM('overriding color',(#11997),#3334,
  #11594);
#11997 = PRESENTATION_STYLE_ASSIGNMENT((#11998));
#11998 = SURFACE_STYLE_USAGE(.BOTH.,#11999);
#11999 = SURFACE_SIDE_STYLE('',(#12000));
#12000 = SURFACE_STYLE_FILL_AREA(#12001);
#12001 = FILL_AREA_STYLE('',(#12002));
#12002 = FILL_AREA_STYLE_COLOUR('',#11601);
#12003 = OVER_RIDING_STYLED_ITEM('overriding color',(#12004),#3365,
  #11594);
#12004 = PRESENTATION_STYLE_ASSIGNMENT((#12005));
#12005 = SURFACE_STYLE_USAGE(.BOTH.,#12006);
#12006 = SURFACE_SIDE_STYLE('',(#12007));
#12007 = SURFACE_STYLE_FILL_AREA(#12008);
#12008 = FILL_AREA_STYLE('',(#12009));
#12009 = FILL_AREA_STYLE_COLOUR('',#11601);
#12010 = OVER_RIDING_STYLED_ITEM('overriding color',(#12011),#3396,
  #11594);
#12011 = PRESENTATION_STYLE_ASSIGNMENT((#12012));
#12012 = SURFACE_STYLE_USAGE(.BOTH.,#12013);
#12013 = SURFACE_SIDE_STYLE('',(#12014));
#12014 = SURFACE_STYLE_FILL_AREA(#12015);
#12015 = FILL_AREA_STYLE('',(#12016));
#12016 = FILL_AREA_STYLE_COLOUR('',#11601);
#12017 = OVER_RIDING_STYLED_ITEM('overriding color',(#12018),#3413,
  #11594);
#12018 = PRESENTATION_STYLE_ASSIGNMENT((#12019));
#12019 = SURFACE_STYLE_USAGE(.BOTH.,#12020);
#12020 = SURFACE_SIDE_STYLE('',(#12021));
#12021 = SURFACE_STYLE_FILL_AREA(#12022);
#12022 = FILL_AREA_STYLE('',(#12023));
#12023 = FILL_AREA_STYLE_COLOUR('',#11601);
#12024 = OVER_RIDING_STYLED_ITEM('overriding color',(#12025),#3444,
  #11594);
#12025 = PRESENTATION_STYLE_ASSIGNMENT((#12026));
#12026 = SURFACE_STYLE_USAGE(.BOTH.,#12027);
#12027 = SURFACE_SIDE_STYLE('',(#12028));
#12028 = SURFACE_STYLE_FILL_AREA(#12029);
#12029 = FILL_AREA_STYLE('',(#12030));
#12030 = FILL_AREA_STYLE_COLOUR('',#11601);
#12031 = OVER_RIDING_STYLED_ITEM('overriding color',(#12032),#3475,
  #11594);
#12032 = PRESENTATION_STYLE_ASSIGNMENT((#12033));
#12033 = SURFACE_STYLE_USAGE(.BOTH.,#12034);
#12034 = SURFACE_SIDE_STYLE('',(#12035));
#12035 = SURFACE_STYLE_FILL_AREA(#12036);
#12036 = FILL_AREA_STYLE('',(#12037));
#12037 = FILL_AREA_STYLE_COLOUR('',#11601);
#12038 = OVER_RIDING_STYLED_ITEM('overriding color',(#12039),#3492,
  #11594);
#12039 = PRESENTATION_STYLE_ASSIGNMENT((#12040));
#12040 = SURFACE_STYLE_USAGE(.BOTH.,#12041);
#12041 = SURFACE_SIDE_STYLE('',(#12042));
#12042 = SURFACE_STYLE_FILL_AREA(#12043);
#12043 = FILL_AREA_STYLE('',(#12044));
#12044 = FILL_AREA_STYLE_COLOUR('',#11601);
#12045 = OVER_RIDING_STYLED_ITEM('overriding color',(#12046),#3523,
  #11594);
#12046 = PRESENTATION_STYLE_ASSIGNMENT((#12047));
#12047 = SURFACE_STYLE_USAGE(.BOTH.,#12048);
#12048 = SURFACE_SIDE_STYLE('',(#12049));
#12049 = SURFACE_STYLE_FILL_AREA(#12050);
#12050 = FILL_AREA_STYLE('',(#12051));
#12051 = FILL_AREA_STYLE_COLOUR('',#11601);
#12052 = OVER_RIDING_STYLED_ITEM('overriding color',(#12053),#3545,
  #11594);
#12053 = PRESENTATION_STYLE_ASSIGNMENT((#12054));
#12054 = SURFACE_STYLE_USAGE(.BOTH.,#12055);
#12055 = SURFACE_SIDE_STYLE('',(#12056));
#12056 = SURFACE_STYLE_FILL_AREA(#12057);
#12057 = FILL_AREA_STYLE('',(#12058));
#12058 = FILL_AREA_STYLE_COLOUR('',#11601);
#12059 = OVER_RIDING_STYLED_ITEM('overriding color',(#12060),#3573,
  #11594);
#12060 = PRESENTATION_STYLE_ASSIGNMENT((#12061));
#12061 = SURFACE_STYLE_USAGE(.BOTH.,#12062);
#12062 = SURFACE_SIDE_STYLE('',(#12063));
#12063 = SURFACE_STYLE_FILL_AREA(#12064);
#12064 = FILL_AREA_STYLE('',(#12065));
#12065 = FILL_AREA_STYLE_COLOUR('',#11601);
#12066 = OVER_RIDING_STYLED_ITEM('overriding color',(#12067),#3595,
  #11594);
#12067 = PRESENTATION_STYLE_ASSIGNMENT((#12068));
#12068 = SURFACE_STYLE_USAGE(.BOTH.,#12069);
#12069 = SURFACE_SIDE_STYLE('',(#12070));
#12070 = SURFACE_STYLE_FILL_AREA(#12071);
#12071 = FILL_AREA_STYLE('',(#12072));
#12072 = FILL_AREA_STYLE_COLOUR('',#11601);
#12073 = OVER_RIDING_STYLED_ITEM('overriding color',(#12074),#3626,
  #11594);
#12074 = PRESENTATION_STYLE_ASSIGNMENT((#12075));
#12075 = SURFACE_STYLE_USAGE(.BOTH.,#12076);
#12076 = SURFACE_SIDE_STYLE('',(#12077));
#12077 = SURFACE_STYLE_FILL_AREA(#12078);
#12078 = FILL_AREA_STYLE('',(#12079));
#12079 = FILL_AREA_STYLE_COLOUR('',#11601);
#12080 = OVER_RIDING_STYLED_ITEM('overriding color',(#12081),#3666,
  #11594);
#12081 = PRESENTATION_STYLE_ASSIGNMENT((#12082));
#12082 = SURFACE_STYLE_USAGE(.BOTH.,#12083);
#12083 = SURFACE_SIDE_STYLE('',(#12084));
#12084 = SURFACE_STYLE_FILL_AREA(#12085);
#12085 = FILL_AREA_STYLE('',(#12086));
#12086 = FILL_AREA_STYLE_COLOUR('',#11601);
#12087 = OVER_RIDING_STYLED_ITEM('overriding color',(#12088),#3726,
  #11594);
#12088 = PRESENTATION_STYLE_ASSIGNMENT((#12089));
#12089 = SURFACE_STYLE_USAGE(.BOTH.,#12090);
#12090 = SURFACE_SIDE_STYLE('',(#12091));
#12091 = SURFACE_STYLE_FILL_AREA(#12092);
#12092 = FILL_AREA_STYLE('',(#12093));
#12093 = FILL_AREA_STYLE_COLOUR('',#11601);
#12094 = OVER_RIDING_STYLED_ITEM('overriding color',(#12095),#3759,
  #11594);
#12095 = PRESENTATION_STYLE_ASSIGNMENT((#12096));
#12096 = SURFACE_STYLE_USAGE(.BOTH.,#12097);
#12097 = SURFACE_SIDE_STYLE('',(#12098));
#12098 = SURFACE_STYLE_FILL_AREA(#12099);
#12099 = FILL_AREA_STYLE('',(#12100));
#12100 = FILL_AREA_STYLE_COLOUR('',#11601);
#12101 = OVER_RIDING_STYLED_ITEM('overriding color',(#12102),#3812,
  #11594);
#12102 = PRESENTATION_STYLE_ASSIGNMENT((#12103));
#12103 = SURFACE_STYLE_USAGE(.BOTH.,#12104);
#12104 = SURFACE_SIDE_STYLE('',(#12105));
#12105 = SURFACE_STYLE_FILL_AREA(#12106);
#12106 = FILL_AREA_STYLE('',(#12107));
#12107 = FILL_AREA_STYLE_COLOUR('',#11601);
#12108 = OVER_RIDING_STYLED_ITEM('overriding color',(#12109),#3830,
  #11594);
#12109 = PRESENTATION_STYLE_ASSIGNMENT((#12110));
#12110 = SURFACE_STYLE_USAGE(.BOTH.,#12111);
#12111 = SURFACE_SIDE_STYLE('',(#12112));
#12112 = SURFACE_STYLE_FILL_AREA(#12113);
#12113 = FILL_AREA_STYLE('',(#12114));
#12114 = FILL_AREA_STYLE_COLOUR('',#11601);
#12115 = OVER_RIDING_STYLED_ITEM('overriding color',(#12116),#3848,
  #11594);
#12116 = PRESENTATION_STYLE_ASSIGNMENT((#12117));
#12117 = SURFACE_STYLE_USAGE(.BOTH.,#12118);
#12118 = SURFACE_SIDE_STYLE('',(#12119));
#12119 = SURFACE_STYLE_FILL_AREA(#12120);
#12120 = FILL_AREA_STYLE('',(#12121));
#12121 = FILL_AREA_STYLE_COLOUR('',#11601);
#12122 = MECHANICAL_DESIGN_GEOMETRIC_PRESENTATION_REPRESENTATION('',(
    #12123,#12131,#12139,#12146,#12153,#12160,#12167,#12174,#12181,
    #12188,#12195,#12202,#12209,#12216,#12223,#12230,#12237,#12244,
    #12251,#12258,#12265,#12272,#12279,#12286,#12293,#12300,#12307,
    #12314,#12321,#12328,#12335,#12342,#12349,#12356,#12363,#12370,
    #12377,#12384,#12391,#12398,#12405,#12412,#12419,#12426,#12433,
    #12440,#12447,#12454,#12461,#12468,#12475,#12482,#12489,#12496,
    #12503,#12510,#12517,#12524,#12531,#12538,#12545,#12552,#12559,
    #12566,#12573,#12580,#12587,#12594,#12601,#12608,#12615,#12622,
    #12629,#12636,#12643,#12650,#12657,#12664,#12671,#12678,#12685,
    #12692,#12699,#12706,#12713,#12720,#12727,#12734,#12741,#12748,
    #12755,#12762,#12769,#12776,#12783,#12790,#12797,#12804,#12811,
    #12818,#12825,#12832,#12839,#12846,#12853,#12860,#12867,#12874,
    #12881,#12888,#12895,#12902,#12909,#12916,#12923,#12930,#12937,
    #12944,#12951,#12958,#12965,#12972,#12979,#12986,#12993,#13000,
    #13007,#13014,#13021,#13028,#13035,#13042,#13049,#13056,#13063,
    #13070,#13077,#13084,#13091,#13098,#13105,#13112,#13119,#13126,
    #13133,#13140,#13147,#13154,#13161,#13168,#13175,#13182,#13189,
    #13196,#13203,#13210,#13217,#13224,#13231,#13238,#13245,#13252,
    #13259,#13266,#13273,#13280,#13287,#13294,#13301,#13308,#13315,
    #13322,#13329,#13336,#13343,#13350,#13357,#13364,#13371,#13378,
    #13385,#13392,#13399,#13406,#13413,#13420,#13427,#13434,#13441),
  #11578);
#12123 = STYLED_ITEM('color',(#12124),#3894);
#12124 = PRESENTATION_STYLE_ASSIGNMENT((#12125));
#12125 = SURFACE_STYLE_USAGE(.BOTH.,#12126);
#12126 = SURFACE_SIDE_STYLE('',(#12127));
#12127 = SURFACE_STYLE_FILL_AREA(#12128);
#12128 = FILL_AREA_STYLE('',(#12129));
#12129 = FILL_AREA_STYLE_COLOUR('',#12130);
#12130 = COLOUR_RGB('',0.866666664203,0.909803911811,1.);
#12131 = OVER_RIDING_STYLED_ITEM('overriding color',(#12132),#3896,
  #12123);
#12132 = PRESENTATION_STYLE_ASSIGNMENT((#12133));
#12133 = SURFACE_STYLE_USAGE(.BOTH.,#12134);
#12134 = SURFACE_SIDE_STYLE('',(#12135));
#12135 = SURFACE_STYLE_FILL_AREA(#12136);
#12136 = FILL_AREA_STYLE('',(#12137));
#12137 = FILL_AREA_STYLE_COLOUR('',#12138);
#12138 = COLOUR_RGB('',0.298039221799,0.298039221799,0.298039221799);
#12139 = OVER_RIDING_STYLED_ITEM('overriding color',(#12140),#3938,
  #12123);
#12140 = PRESENTATION_STYLE_ASSIGNMENT((#12141));
#12141 = SURFACE_STYLE_USAGE(.BOTH.,#12142);
#12142 = SURFACE_SIDE_STYLE('',(#12143));
#12143 = SURFACE_STYLE_FILL_AREA(#12144);
#12144 = FILL_AREA_STYLE('',(#12145));
#12145 = FILL_AREA_STYLE_COLOUR('',#12138);
#12146 = OVER_RIDING_STYLED_ITEM('overriding color',(#12147),#3980,
  #12123);
#12147 = PRESENTATION_STYLE_ASSIGNMENT((#12148));
#12148 = SURFACE_STYLE_USAGE(.BOTH.,#12149);
#12149 = SURFACE_SIDE_STYLE('',(#12150));
#12150 = SURFACE_STYLE_FILL_AREA(#12151);
#12151 = FILL_AREA_STYLE('',(#12152));
#12152 = FILL_AREA_STYLE_COLOUR('',#12138);
#12153 = OVER_RIDING_STYLED_ITEM('overriding color',(#12154),#4022,
  #12123);
#12154 = PRESENTATION_STYLE_ASSIGNMENT((#12155));
#12155 = SURFACE_STYLE_USAGE(.BOTH.,#12156);
#12156 = SURFACE_SIDE_STYLE('',(#12157));
#12157 = SURFACE_STYLE_FILL_AREA(#12158);
#12158 = FILL_AREA_STYLE('',(#12159));
#12159 = FILL_AREA_STYLE_COLOUR('',#12138);
#12160 = OVER_RIDING_STYLED_ITEM('overriding color',(#12161),#4064,
  #12123);
#12161 = PRESENTATION_STYLE_ASSIGNMENT((#12162));
#12162 = SURFACE_STYLE_USAGE(.BOTH.,#12163);
#12163 = SURFACE_SIDE_STYLE('',(#12164));
#12164 = SURFACE_STYLE_FILL_AREA(#12165);
#12165 = FILL_AREA_STYLE('',(#12166));
#12166 = FILL_AREA_STYLE_COLOUR('',#12138);
#12167 = OVER_RIDING_STYLED_ITEM('overriding color',(#12168),#4086,
  #12123);
#12168 = PRESENTATION_STYLE_ASSIGNMENT((#12169));
#12169 = SURFACE_STYLE_USAGE(.BOTH.,#12170);
#12170 = SURFACE_SIDE_STYLE('',(#12171));
#12171 = SURFACE_STYLE_FILL_AREA(#12172);
#12172 = FILL_AREA_STYLE('',(#12173));
#12173 = FILL_AREA_STYLE_COLOUR('',#12138);
#12174 = OVER_RIDING_STYLED_ITEM('overriding color',(#12175),#4158,
  #12123);
#12175 = PRESENTATION_STYLE_ASSIGNMENT((#12176));
#12176 = SURFACE_STYLE_USAGE(.BOTH.,#12177);
#12177 = SURFACE_SIDE_STYLE('',(#12178));
#12178 = SURFACE_STYLE_FILL_AREA(#12179);
#12179 = FILL_AREA_STYLE('',(#12180));
#12180 = FILL_AREA_STYLE_COLOUR('',#12138);
#12181 = OVER_RIDING_STYLED_ITEM('overriding color',(#12182),#4180,
  #12123);
#12182 = PRESENTATION_STYLE_ASSIGNMENT((#12183));
#12183 = SURFACE_STYLE_USAGE(.BOTH.,#12184);
#12184 = SURFACE_SIDE_STYLE('',(#12185));
#12185 = SURFACE_STYLE_FILL_AREA(#12186);
#12186 = FILL_AREA_STYLE('',(#12187));
#12187 = FILL_AREA_STYLE_COLOUR('',#12138);
#12188 = OVER_RIDING_STYLED_ITEM('overriding color',(#12189),#4252,
  #12123);
#12189 = PRESENTATION_STYLE_ASSIGNMENT((#12190));
#12190 = SURFACE_STYLE_USAGE(.BOTH.,#12191);
#12191 = SURFACE_SIDE_STYLE('',(#12192));
#12192 = SURFACE_STYLE_FILL_AREA(#12193);
#12193 = FILL_AREA_STYLE('',(#12194));
#12194 = FILL_AREA_STYLE_COLOUR('',#12130);
#12195 = OVER_RIDING_STYLED_ITEM('overriding color',(#12196),#4356,
  #12123);
#12196 = PRESENTATION_STYLE_ASSIGNMENT((#12197));
#12197 = SURFACE_STYLE_USAGE(.BOTH.,#12198);
#12198 = SURFACE_SIDE_STYLE('',(#12199));
#12199 = SURFACE_STYLE_FILL_AREA(#12200);
#12200 = FILL_AREA_STYLE('',(#12201));
#12201 = FILL_AREA_STYLE_COLOUR('',#12130);
#12202 = OVER_RIDING_STYLED_ITEM('overriding color',(#12203),#4430,
  #12123);
#12203 = PRESENTATION_STYLE_ASSIGNMENT((#12204));
#12204 = SURFACE_STYLE_USAGE(.BOTH.,#12205);
#12205 = SURFACE_SIDE_STYLE('',(#12206));
#12206 = SURFACE_STYLE_FILL_AREA(#12207);
#12207 = FILL_AREA_STYLE('',(#12208));
#12208 = FILL_AREA_STYLE_COLOUR('',#12130);
#12209 = OVER_RIDING_STYLED_ITEM('overriding color',(#12210),#4504,
  #12123);
#12210 = PRESENTATION_STYLE_ASSIGNMENT((#12211));
#12211 = SURFACE_STYLE_USAGE(.BOTH.,#12212);
#12212 = SURFACE_SIDE_STYLE('',(#12213));
#12213 = SURFACE_STYLE_FILL_AREA(#12214);
#12214 = FILL_AREA_STYLE('',(#12215));
#12215 = FILL_AREA_STYLE_COLOUR('',#12130);
#12216 = OVER_RIDING_STYLED_ITEM('overriding color',(#12217),#4548,
  #12123);
#12217 = PRESENTATION_STYLE_ASSIGNMENT((#12218));
#12218 = SURFACE_STYLE_USAGE(.BOTH.,#12219);
#12219 = SURFACE_SIDE_STYLE('',(#12220));
#12220 = SURFACE_STYLE_FILL_AREA(#12221);
#12221 = FILL_AREA_STYLE('',(#12222));
#12222 = FILL_AREA_STYLE_COLOUR('',#12130);
#12223 = OVER_RIDING_STYLED_ITEM('overriding color',(#12224),#4652,
  #12123);
#12224 = PRESENTATION_STYLE_ASSIGNMENT((#12225));
#12225 = SURFACE_STYLE_USAGE(.BOTH.,#12226);
#12226 = SURFACE_SIDE_STYLE('',(#12227));
#12227 = SURFACE_STYLE_FILL_AREA(#12228);
#12228 = FILL_AREA_STYLE('',(#12229));
#12229 = FILL_AREA_STYLE_COLOUR('',#12130);
#12230 = OVER_RIDING_STYLED_ITEM('overriding color',(#12231),#4726,
  #12123);
#12231 = PRESENTATION_STYLE_ASSIGNMENT((#12232));
#12232 = SURFACE_STYLE_USAGE(.BOTH.,#12233);
#12233 = SURFACE_SIDE_STYLE('',(#12234));
#12234 = SURFACE_STYLE_FILL_AREA(#12235);
#12235 = FILL_AREA_STYLE('',(#12236));
#12236 = FILL_AREA_STYLE_COLOUR('',#12130);
#12237 = OVER_RIDING_STYLED_ITEM('overriding color',(#12238),#4800,
  #12123);
#12238 = PRESENTATION_STYLE_ASSIGNMENT((#12239));
#12239 = SURFACE_STYLE_USAGE(.BOTH.,#12240);
#12240 = SURFACE_SIDE_STYLE('',(#12241));
#12241 = SURFACE_STYLE_FILL_AREA(#12242);
#12242 = FILL_AREA_STYLE('',(#12243));
#12243 = FILL_AREA_STYLE_COLOUR('',#12130);
#12244 = OVER_RIDING_STYLED_ITEM('overriding color',(#12245),#4844,
  #12123);
#12245 = PRESENTATION_STYLE_ASSIGNMENT((#12246));
#12246 = SURFACE_STYLE_USAGE(.BOTH.,#12247);
#12247 = SURFACE_SIDE_STYLE('',(#12248));
#12248 = SURFACE_STYLE_FILL_AREA(#12249);
#12249 = FILL_AREA_STYLE('',(#12250));
#12250 = FILL_AREA_STYLE_COLOUR('',#12130);
#12251 = OVER_RIDING_STYLED_ITEM('overriding color',(#12252),#4948,
  #12123);
#12252 = PRESENTATION_STYLE_ASSIGNMENT((#12253));
#12253 = SURFACE_STYLE_USAGE(.BOTH.,#12254);
#12254 = SURFACE_SIDE_STYLE('',(#12255));
#12255 = SURFACE_STYLE_FILL_AREA(#12256);
#12256 = FILL_AREA_STYLE('',(#12257));
#12257 = FILL_AREA_STYLE_COLOUR('',#12130);
#12258 = OVER_RIDING_STYLED_ITEM('overriding color',(#12259),#5022,
  #12123);
#12259 = PRESENTATION_STYLE_ASSIGNMENT((#12260));
#12260 = SURFACE_STYLE_USAGE(.BOTH.,#12261);
#12261 = SURFACE_SIDE_STYLE('',(#12262));
#12262 = SURFACE_STYLE_FILL_AREA(#12263);
#12263 = FILL_AREA_STYLE('',(#12264));
#12264 = FILL_AREA_STYLE_COLOUR('',#12130);
#12265 = OVER_RIDING_STYLED_ITEM('overriding color',(#12266),#5096,
  #12123);
#12266 = PRESENTATION_STYLE_ASSIGNMENT((#12267));
#12267 = SURFACE_STYLE_USAGE(.BOTH.,#12268);
#12268 = SURFACE_SIDE_STYLE('',(#12269));
#12269 = SURFACE_STYLE_FILL_AREA(#12270);
#12270 = FILL_AREA_STYLE('',(#12271));
#12271 = FILL_AREA_STYLE_COLOUR('',#12130);
#12272 = OVER_RIDING_STYLED_ITEM('overriding color',(#12273),#5140,
  #12123);
#12273 = PRESENTATION_STYLE_ASSIGNMENT((#12274));
#12274 = SURFACE_STYLE_USAGE(.BOTH.,#12275);
#12275 = SURFACE_SIDE_STYLE('',(#12276));
#12276 = SURFACE_STYLE_FILL_AREA(#12277);
#12277 = FILL_AREA_STYLE('',(#12278));
#12278 = FILL_AREA_STYLE_COLOUR('',#12130);
#12279 = OVER_RIDING_STYLED_ITEM('overriding color',(#12280),#5244,
  #12123);
#12280 = PRESENTATION_STYLE_ASSIGNMENT((#12281));
#12281 = SURFACE_STYLE_USAGE(.BOTH.,#12282);
#12282 = SURFACE_SIDE_STYLE('',(#12283));
#12283 = SURFACE_STYLE_FILL_AREA(#12284);
#12284 = FILL_AREA_STYLE('',(#12285));
#12285 = FILL_AREA_STYLE_COLOUR('',#12130);
#12286 = OVER_RIDING_STYLED_ITEM('overriding color',(#12287),#5318,
  #12123);
#12287 = PRESENTATION_STYLE_ASSIGNMENT((#12288));
#12288 = SURFACE_STYLE_USAGE(.BOTH.,#12289);
#12289 = SURFACE_SIDE_STYLE('',(#12290));
#12290 = SURFACE_STYLE_FILL_AREA(#12291);
#12291 = FILL_AREA_STYLE('',(#12292));
#12292 = FILL_AREA_STYLE_COLOUR('',#12130);
#12293 = OVER_RIDING_STYLED_ITEM('overriding color',(#12294),#5392,
  #12123);
#12294 = PRESENTATION_STYLE_ASSIGNMENT((#12295));
#12295 = SURFACE_STYLE_USAGE(.BOTH.,#12296);
#12296 = SURFACE_SIDE_STYLE('',(#12297));
#12297 = SURFACE_STYLE_FILL_AREA(#12298);
#12298 = FILL_AREA_STYLE('',(#12299));
#12299 = FILL_AREA_STYLE_COLOUR('',#12130);
#12300 = OVER_RIDING_STYLED_ITEM('overriding color',(#12301),#5436,
  #12123);
#12301 = PRESENTATION_STYLE_ASSIGNMENT((#12302));
#12302 = SURFACE_STYLE_USAGE(.BOTH.,#12303);
#12303 = SURFACE_SIDE_STYLE('',(#12304));
#12304 = SURFACE_STYLE_FILL_AREA(#12305);
#12305 = FILL_AREA_STYLE('',(#12306));
#12306 = FILL_AREA_STYLE_COLOUR('',#12130);
#12307 = OVER_RIDING_STYLED_ITEM('overriding color',(#12308),#5540,
  #12123);
#12308 = PRESENTATION_STYLE_ASSIGNMENT((#12309));
#12309 = SURFACE_STYLE_USAGE(.BOTH.,#12310);
#12310 = SURFACE_SIDE_STYLE('',(#12311));
#12311 = SURFACE_STYLE_FILL_AREA(#12312);
#12312 = FILL_AREA_STYLE('',(#12313));
#12313 = FILL_AREA_STYLE_COLOUR('',#12130);
#12314 = OVER_RIDING_STYLED_ITEM('overriding color',(#12315),#5614,
  #12123);
#12315 = PRESENTATION_STYLE_ASSIGNMENT((#12316));
#12316 = SURFACE_STYLE_USAGE(.BOTH.,#12317);
#12317 = SURFACE_SIDE_STYLE('',(#12318));
#12318 = SURFACE_STYLE_FILL_AREA(#12319);
#12319 = FILL_AREA_STYLE('',(#12320));
#12320 = FILL_AREA_STYLE_COLOUR('',#12130);
#12321 = OVER_RIDING_STYLED_ITEM('overriding color',(#12322),#5688,
  #12123);
#12322 = PRESENTATION_STYLE_ASSIGNMENT((#12323));
#12323 = SURFACE_STYLE_USAGE(.BOTH.,#12324);
#12324 = SURFACE_SIDE_STYLE('',(#12325));
#12325 = SURFACE_STYLE_FILL_AREA(#12326);
#12326 = FILL_AREA_STYLE('',(#12327));
#12327 = FILL_AREA_STYLE_COLOUR('',#12130);
#12328 = OVER_RIDING_STYLED_ITEM('overriding color',(#12329),#5732,
  #12123);
#12329 = PRESENTATION_STYLE_ASSIGNMENT((#12330));
#12330 = SURFACE_STYLE_USAGE(.BOTH.,#12331);
#12331 = SURFACE_SIDE_STYLE('',(#12332));
#12332 = SURFACE_STYLE_FILL_AREA(#12333);
#12333 = FILL_AREA_STYLE('',(#12334));
#12334 = FILL_AREA_STYLE_COLOUR('',#12130);
#12335 = OVER_RIDING_STYLED_ITEM('overriding color',(#12336),#5836,
  #12123);
#12336 = PRESENTATION_STYLE_ASSIGNMENT((#12337));
#12337 = SURFACE_STYLE_USAGE(.BOTH.,#12338);
#12338 = SURFACE_SIDE_STYLE('',(#12339));
#12339 = SURFACE_STYLE_FILL_AREA(#12340);
#12340 = FILL_AREA_STYLE('',(#12341));
#12341 = FILL_AREA_STYLE_COLOUR('',#12130);
#12342 = OVER_RIDING_STYLED_ITEM('overriding color',(#12343),#5910,
  #12123);
#12343 = PRESENTATION_STYLE_ASSIGNMENT((#12344));
#12344 = SURFACE_STYLE_USAGE(.BOTH.,#12345);
#12345 = SURFACE_SIDE_STYLE('',(#12346));
#12346 = SURFACE_STYLE_FILL_AREA(#12347);
#12347 = FILL_AREA_STYLE('',(#12348));
#12348 = FILL_AREA_STYLE_COLOUR('',#12130);
#12349 = OVER_RIDING_STYLED_ITEM('overriding color',(#12350),#5984,
  #12123);
#12350 = PRESENTATION_STYLE_ASSIGNMENT((#12351));
#12351 = SURFACE_STYLE_USAGE(.BOTH.,#12352);
#12352 = SURFACE_SIDE_STYLE('',(#12353));
#12353 = SURFACE_STYLE_FILL_AREA(#12354);
#12354 = FILL_AREA_STYLE('',(#12355));
#12355 = FILL_AREA_STYLE_COLOUR('',#12130);
#12356 = OVER_RIDING_STYLED_ITEM('overriding color',(#12357),#6028,
  #12123);
#12357 = PRESENTATION_STYLE_ASSIGNMENT((#12358));
#12358 = SURFACE_STYLE_USAGE(.BOTH.,#12359);
#12359 = SURFACE_SIDE_STYLE('',(#12360));
#12360 = SURFACE_STYLE_FILL_AREA(#12361);
#12361 = FILL_AREA_STYLE('',(#12362));
#12362 = FILL_AREA_STYLE_COLOUR('',#12130);
#12363 = OVER_RIDING_STYLED_ITEM('overriding color',(#12364),#6132,
  #12123);
#12364 = PRESENTATION_STYLE_ASSIGNMENT((#12365));
#12365 = SURFACE_STYLE_USAGE(.BOTH.,#12366);
#12366 = SURFACE_SIDE_STYLE('',(#12367));
#12367 = SURFACE_STYLE_FILL_AREA(#12368);
#12368 = FILL_AREA_STYLE('',(#12369));
#12369 = FILL_AREA_STYLE_COLOUR('',#12130);
#12370 = OVER_RIDING_STYLED_ITEM('overriding color',(#12371),#6206,
  #12123);
#12371 = PRESENTATION_STYLE_ASSIGNMENT((#12372));
#12372 = SURFACE_STYLE_USAGE(.BOTH.,#12373);
#12373 = SURFACE_SIDE_STYLE('',(#12374));
#12374 = SURFACE_STYLE_FILL_AREA(#12375);
#12375 = FILL_AREA_STYLE('',(#12376));
#12376 = FILL_AREA_STYLE_COLOUR('',#12130);
#12377 = OVER_RIDING_STYLED_ITEM('overriding color',(#12378),#6280,
  #12123);
#12378 = PRESENTATION_STYLE_ASSIGNMENT((#12379));
#12379 = SURFACE_STYLE_USAGE(.BOTH.,#12380);
#12380 = SURFACE_SIDE_STYLE('',(#12381));
#12381 = SURFACE_STYLE_FILL_AREA(#12382);
#12382 = FILL_AREA_STYLE('',(#12383));
#12383 = FILL_AREA_STYLE_COLOUR('',#12130);
#12384 = OVER_RIDING_STYLED_ITEM('overriding color',(#12385),#6324,
  #12123);
#12385 = PRESENTATION_STYLE_ASSIGNMENT((#12386));
#12386 = SURFACE_STYLE_USAGE(.BOTH.,#12387);
#12387 = SURFACE_SIDE_STYLE('',(#12388));
#12388 = SURFACE_STYLE_FILL_AREA(#12389);
#12389 = FILL_AREA_STYLE('',(#12390));
#12390 = FILL_AREA_STYLE_COLOUR('',#12130);
#12391 = OVER_RIDING_STYLED_ITEM('overriding color',(#12392),#6428,
  #12123);
#12392 = PRESENTATION_STYLE_ASSIGNMENT((#12393));
#12393 = SURFACE_STYLE_USAGE(.BOTH.,#12394);
#12394 = SURFACE_SIDE_STYLE('',(#12395));
#12395 = SURFACE_STYLE_FILL_AREA(#12396);
#12396 = FILL_AREA_STYLE('',(#12397));
#12397 = FILL_AREA_STYLE_COLOUR('',#12130);
#12398 = OVER_RIDING_STYLED_ITEM('overriding color',(#12399),#6502,
  #12123);
#12399 = PRESENTATION_STYLE_ASSIGNMENT((#12400));
#12400 = SURFACE_STYLE_USAGE(.BOTH.,#12401);
#12401 = SURFACE_SIDE_STYLE('',(#12402));
#12402 = SURFACE_STYLE_FILL_AREA(#12403);
#12403 = FILL_AREA_STYLE('',(#12404));
#12404 = FILL_AREA_STYLE_COLOUR('',#12130);
#12405 = OVER_RIDING_STYLED_ITEM('overriding color',(#12406),#6576,
  #12123);
#12406 = PRESENTATION_STYLE_ASSIGNMENT((#12407));
#12407 = SURFACE_STYLE_USAGE(.BOTH.,#12408);
#12408 = SURFACE_SIDE_STYLE('',(#12409));
#12409 = SURFACE_STYLE_FILL_AREA(#12410);
#12410 = FILL_AREA_STYLE('',(#12411));
#12411 = FILL_AREA_STYLE_COLOUR('',#12130);
#12412 = OVER_RIDING_STYLED_ITEM('overriding color',(#12413),#6620,
  #12123);
#12413 = PRESENTATION_STYLE_ASSIGNMENT((#12414));
#12414 = SURFACE_STYLE_USAGE(.BOTH.,#12415);
#12415 = SURFACE_SIDE_STYLE('',(#12416));
#12416 = SURFACE_STYLE_FILL_AREA(#12417);
#12417 = FILL_AREA_STYLE('',(#12418));
#12418 = FILL_AREA_STYLE_COLOUR('',#12130);
#12419 = OVER_RIDING_STYLED_ITEM('overriding color',(#12420),#6651,
  #12123);
#12420 = PRESENTATION_STYLE_ASSIGNMENT((#12421));
#12421 = SURFACE_STYLE_USAGE(.BOTH.,#12422);
#12422 = SURFACE_SIDE_STYLE('',(#12423));
#12423 = SURFACE_STYLE_FILL_AREA(#12424);
#12424 = FILL_AREA_STYLE('',(#12425));
#12425 = FILL_AREA_STYLE_COLOUR('',#12130);
#12426 = OVER_RIDING_STYLED_ITEM('overriding color',(#12427),#6675,
  #12123);
#12427 = PRESENTATION_STYLE_ASSIGNMENT((#12428));
#12428 = SURFACE_STYLE_USAGE(.BOTH.,#12429);
#12429 = SURFACE_SIDE_STYLE('',(#12430));
#12430 = SURFACE_STYLE_FILL_AREA(#12431);
#12431 = FILL_AREA_STYLE('',(#12432));
#12432 = FILL_AREA_STYLE_COLOUR('',#12130);
#12433 = OVER_RIDING_STYLED_ITEM('overriding color',(#12434),#6699,
  #12123);
#12434 = PRESENTATION_STYLE_ASSIGNMENT((#12435));
#12435 = SURFACE_STYLE_USAGE(.BOTH.,#12436);
#12436 = SURFACE_SIDE_STYLE('',(#12437));
#12437 = SURFACE_STYLE_FILL_AREA(#12438);
#12438 = FILL_AREA_STYLE('',(#12439));
#12439 = FILL_AREA_STYLE_COLOUR('',#12130);
#12440 = OVER_RIDING_STYLED_ITEM('overriding color',(#12441),#6716,
  #12123);
#12441 = PRESENTATION_STYLE_ASSIGNMENT((#12442));
#12442 = SURFACE_STYLE_USAGE(.BOTH.,#12443);
#12443 = SURFACE_SIDE_STYLE('',(#12444));
#12444 = SURFACE_STYLE_FILL_AREA(#12445);
#12445 = FILL_AREA_STYLE('',(#12446));
#12446 = FILL_AREA_STYLE_COLOUR('',#12130);
#12447 = OVER_RIDING_STYLED_ITEM('overriding color',(#12448),#6728,
  #12123);
#12448 = PRESENTATION_STYLE_ASSIGNMENT((#12449));
#12449 = SURFACE_STYLE_USAGE(.BOTH.,#12450);
#12450 = SURFACE_SIDE_STYLE('',(#12451));
#12451 = SURFACE_STYLE_FILL_AREA(#12452);
#12452 = FILL_AREA_STYLE('',(#12453));
#12453 = FILL_AREA_STYLE_COLOUR('',#12130);
#12454 = OVER_RIDING_STYLED_ITEM('overriding color',(#12455),#6759,
  #12123);
#12455 = PRESENTATION_STYLE_ASSIGNMENT((#12456));
#12456 = SURFACE_STYLE_USAGE(.BOTH.,#12457);
#12457 = SURFACE_SIDE_STYLE('',(#12458));
#12458 = SURFACE_STYLE_FILL_AREA(#12459);
#12459 = FILL_AREA_STYLE('',(#12460));
#12460 = FILL_AREA_STYLE_COLOUR('',#12130);
#12461 = OVER_RIDING_STYLED_ITEM('overriding color',(#12462),#6783,
  #12123);
#12462 = PRESENTATION_STYLE_ASSIGNMENT((#12463));
#12463 = SURFACE_STYLE_USAGE(.BOTH.,#12464);
#12464 = SURFACE_SIDE_STYLE('',(#12465));
#12465 = SURFACE_STYLE_FILL_AREA(#12466);
#12466 = FILL_AREA_STYLE('',(#12467));
#12467 = FILL_AREA_STYLE_COLOUR('',#12130);
#12468 = OVER_RIDING_STYLED_ITEM('overriding color',(#12469),#6807,
  #12123);
#12469 = PRESENTATION_STYLE_ASSIGNMENT((#12470));
#12470 = SURFACE_STYLE_USAGE(.BOTH.,#12471);
#12471 = SURFACE_SIDE_STYLE('',(#12472));
#12472 = SURFACE_STYLE_FILL_AREA(#12473);
#12473 = FILL_AREA_STYLE('',(#12474));
#12474 = FILL_AREA_STYLE_COLOUR('',#12130);
#12475 = OVER_RIDING_STYLED_ITEM('overriding color',(#12476),#6824,
  #12123);
#12476 = PRESENTATION_STYLE_ASSIGNMENT((#12477));
#12477 = SURFACE_STYLE_USAGE(.BOTH.,#12478);
#12478 = SURFACE_SIDE_STYLE('',(#12479));
#12479 = SURFACE_STYLE_FILL_AREA(#12480);
#12480 = FILL_AREA_STYLE('',(#12481));
#12481 = FILL_AREA_STYLE_COLOUR('',#12130);
#12482 = OVER_RIDING_STYLED_ITEM('overriding color',(#12483),#6836,
  #12123);
#12483 = PRESENTATION_STYLE_ASSIGNMENT((#12484));
#12484 = SURFACE_STYLE_USAGE(.BOTH.,#12485);
#12485 = SURFACE_SIDE_STYLE('',(#12486));
#12486 = SURFACE_STYLE_FILL_AREA(#12487);
#12487 = FILL_AREA_STYLE('',(#12488));
#12488 = FILL_AREA_STYLE_COLOUR('',#12130);
#12489 = OVER_RIDING_STYLED_ITEM('overriding color',(#12490),#6867,
  #12123);
#12490 = PRESENTATION_STYLE_ASSIGNMENT((#12491));
#12491 = SURFACE_STYLE_USAGE(.BOTH.,#12492);
#12492 = SURFACE_SIDE_STYLE('',(#12493));
#12493 = SURFACE_STYLE_FILL_AREA(#12494);
#12494 = FILL_AREA_STYLE('',(#12495));
#12495 = FILL_AREA_STYLE_COLOUR('',#12130);
#12496 = OVER_RIDING_STYLED_ITEM('overriding color',(#12497),#6891,
  #12123);
#12497 = PRESENTATION_STYLE_ASSIGNMENT((#12498));
#12498 = SURFACE_STYLE_USAGE(.BOTH.,#12499);
#12499 = SURFACE_SIDE_STYLE('',(#12500));
#12500 = SURFACE_STYLE_FILL_AREA(#12501);
#12501 = FILL_AREA_STYLE('',(#12502));
#12502 = FILL_AREA_STYLE_COLOUR('',#12130);
#12503 = OVER_RIDING_STYLED_ITEM('overriding color',(#12504),#6915,
  #12123);
#12504 = PRESENTATION_STYLE_ASSIGNMENT((#12505));
#12505 = SURFACE_STYLE_USAGE(.BOTH.,#12506);
#12506 = SURFACE_SIDE_STYLE('',(#12507));
#12507 = SURFACE_STYLE_FILL_AREA(#12508);
#12508 = FILL_AREA_STYLE('',(#12509));
#12509 = FILL_AREA_STYLE_COLOUR('',#12130);
#12510 = OVER_RIDING_STYLED_ITEM('overriding color',(#12511),#6932,
  #12123);
#12511 = PRESENTATION_STYLE_ASSIGNMENT((#12512));
#12512 = SURFACE_STYLE_USAGE(.BOTH.,#12513);
#12513 = SURFACE_SIDE_STYLE('',(#12514));
#12514 = SURFACE_STYLE_FILL_AREA(#12515);
#12515 = FILL_AREA_STYLE('',(#12516));
#12516 = FILL_AREA_STYLE_COLOUR('',#12130);
#12517 = OVER_RIDING_STYLED_ITEM('overriding color',(#12518),#6944,
  #12123);
#12518 = PRESENTATION_STYLE_ASSIGNMENT((#12519));
#12519 = SURFACE_STYLE_USAGE(.BOTH.,#12520);
#12520 = SURFACE_SIDE_STYLE('',(#12521));
#12521 = SURFACE_STYLE_FILL_AREA(#12522);
#12522 = FILL_AREA_STYLE('',(#12523));
#12523 = FILL_AREA_STYLE_COLOUR('',#12130);
#12524 = OVER_RIDING_STYLED_ITEM('overriding color',(#12525),#6975,
  #12123);
#12525 = PRESENTATION_STYLE_ASSIGNMENT((#12526));
#12526 = SURFACE_STYLE_USAGE(.BOTH.,#12527);
#12527 = SURFACE_SIDE_STYLE('',(#12528));
#12528 = SURFACE_STYLE_FILL_AREA(#12529);
#12529 = FILL_AREA_STYLE('',(#12530));
#12530 = FILL_AREA_STYLE_COLOUR('',#12130);
#12531 = OVER_RIDING_STYLED_ITEM('overriding color',(#12532),#6999,
  #12123);
#12532 = PRESENTATION_STYLE_ASSIGNMENT((#12533));
#12533 = SURFACE_STYLE_USAGE(.BOTH.,#12534);
#12534 = SURFACE_SIDE_STYLE('',(#12535));
#12535 = SURFACE_STYLE_FILL_AREA(#12536);
#12536 = FILL_AREA_STYLE('',(#12537));
#12537 = FILL_AREA_STYLE_COLOUR('',#12130);
#12538 = OVER_RIDING_STYLED_ITEM('overriding color',(#12539),#7023,
  #12123);
#12539 = PRESENTATION_STYLE_ASSIGNMENT((#12540));
#12540 = SURFACE_STYLE_USAGE(.BOTH.,#12541);
#12541 = SURFACE_SIDE_STYLE('',(#12542));
#12542 = SURFACE_STYLE_FILL_AREA(#12543);
#12543 = FILL_AREA_STYLE('',(#12544));
#12544 = FILL_AREA_STYLE_COLOUR('',#12130);
#12545 = OVER_RIDING_STYLED_ITEM('overriding color',(#12546),#7040,
  #12123);
#12546 = PRESENTATION_STYLE_ASSIGNMENT((#12547));
#12547 = SURFACE_STYLE_USAGE(.BOTH.,#12548);
#12548 = SURFACE_SIDE_STYLE('',(#12549));
#12549 = SURFACE_STYLE_FILL_AREA(#12550);
#12550 = FILL_AREA_STYLE('',(#12551));
#12551 = FILL_AREA_STYLE_COLOUR('',#12130);
#12552 = OVER_RIDING_STYLED_ITEM('overriding color',(#12553),#7052,
  #12123);
#12553 = PRESENTATION_STYLE_ASSIGNMENT((#12554));
#12554 = SURFACE_STYLE_USAGE(.BOTH.,#12555);
#12555 = SURFACE_SIDE_STYLE('',(#12556));
#12556 = SURFACE_STYLE_FILL_AREA(#12557);
#12557 = FILL_AREA_STYLE('',(#12558));
#12558 = FILL_AREA_STYLE_COLOUR('',#12130);
#12559 = OVER_RIDING_STYLED_ITEM('overriding color',(#12560),#7083,
  #12123);
#12560 = PRESENTATION_STYLE_ASSIGNMENT((#12561));
#12561 = SURFACE_STYLE_USAGE(.BOTH.,#12562);
#12562 = SURFACE_SIDE_STYLE('',(#12563));
#12563 = SURFACE_STYLE_FILL_AREA(#12564);
#12564 = FILL_AREA_STYLE('',(#12565));
#12565 = FILL_AREA_STYLE_COLOUR('',#12130);
#12566 = OVER_RIDING_STYLED_ITEM('overriding color',(#12567),#7107,
  #12123);
#12567 = PRESENTATION_STYLE_ASSIGNMENT((#12568));
#12568 = SURFACE_STYLE_USAGE(.BOTH.,#12569);
#12569 = SURFACE_SIDE_STYLE('',(#12570));
#12570 = SURFACE_STYLE_FILL_AREA(#12571);
#12571 = FILL_AREA_STYLE('',(#12572));
#12572 = FILL_AREA_STYLE_COLOUR('',#12130);
#12573 = OVER_RIDING_STYLED_ITEM('overriding color',(#12574),#7131,
  #12123);
#12574 = PRESENTATION_STYLE_ASSIGNMENT((#12575));
#12575 = SURFACE_STYLE_USAGE(.BOTH.,#12576);
#12576 = SURFACE_SIDE_STYLE('',(#12577));
#12577 = SURFACE_STYLE_FILL_AREA(#12578);
#12578 = FILL_AREA_STYLE('',(#12579));
#12579 = FILL_AREA_STYLE_COLOUR('',#12130);
#12580 = OVER_RIDING_STYLED_ITEM('overriding color',(#12581),#7148,
  #12123);
#12581 = PRESENTATION_STYLE_ASSIGNMENT((#12582));
#12582 = SURFACE_STYLE_USAGE(.BOTH.,#12583);
#12583 = SURFACE_SIDE_STYLE('',(#12584));
#12584 = SURFACE_STYLE_FILL_AREA(#12585);
#12585 = FILL_AREA_STYLE('',(#12586));
#12586 = FILL_AREA_STYLE_COLOUR('',#12130);
#12587 = OVER_RIDING_STYLED_ITEM('overriding color',(#12588),#7160,
  #12123);
#12588 = PRESENTATION_STYLE_ASSIGNMENT((#12589));
#12589 = SURFACE_STYLE_USAGE(.BOTH.,#12590);
#12590 = SURFACE_SIDE_STYLE('',(#12591));
#12591 = SURFACE_STYLE_FILL_AREA(#12592);
#12592 = FILL_AREA_STYLE('',(#12593));
#12593 = FILL_AREA_STYLE_COLOUR('',#12130);
#12594 = OVER_RIDING_STYLED_ITEM('overriding color',(#12595),#7191,
  #12123);
#12595 = PRESENTATION_STYLE_ASSIGNMENT((#12596));
#12596 = SURFACE_STYLE_USAGE(.BOTH.,#12597);
#12597 = SURFACE_SIDE_STYLE('',(#12598));
#12598 = SURFACE_STYLE_FILL_AREA(#12599);
#12599 = FILL_AREA_STYLE('',(#12600));
#12600 = FILL_AREA_STYLE_COLOUR('',#12130);
#12601 = OVER_RIDING_STYLED_ITEM('overriding color',(#12602),#7215,
  #12123);
#12602 = PRESENTATION_STYLE_ASSIGNMENT((#12603));
#12603 = SURFACE_STYLE_USAGE(.BOTH.,#12604);
#12604 = SURFACE_SIDE_STYLE('',(#12605));
#12605 = SURFACE_STYLE_FILL_AREA(#12606);
#12606 = FILL_AREA_STYLE('',(#12607));
#12607 = FILL_AREA_STYLE_COLOUR('',#12130);
#12608 = OVER_RIDING_STYLED_ITEM('overriding color',(#12609),#7239,
  #12123);
#12609 = PRESENTATION_STYLE_ASSIGNMENT((#12610));
#12610 = SURFACE_STYLE_USAGE(.BOTH.,#12611);
#12611 = SURFACE_SIDE_STYLE('',(#12612));
#12612 = SURFACE_STYLE_FILL_AREA(#12613);
#12613 = FILL_AREA_STYLE('',(#12614));
#12614 = FILL_AREA_STYLE_COLOUR('',#12130);
#12615 = OVER_RIDING_STYLED_ITEM('overriding color',(#12616),#7256,
  #12123);
#12616 = PRESENTATION_STYLE_ASSIGNMENT((#12617));
#12617 = SURFACE_STYLE_USAGE(.BOTH.,#12618);
#12618 = SURFACE_SIDE_STYLE('',(#12619));
#12619 = SURFACE_STYLE_FILL_AREA(#12620);
#12620 = FILL_AREA_STYLE('',(#12621));
#12621 = FILL_AREA_STYLE_COLOUR('',#12130);
#12622 = OVER_RIDING_STYLED_ITEM('overriding color',(#12623),#7268,
  #12123);
#12623 = PRESENTATION_STYLE_ASSIGNMENT((#12624));
#12624 = SURFACE_STYLE_USAGE(.BOTH.,#12625);
#12625 = SURFACE_SIDE_STYLE('',(#12626));
#12626 = SURFACE_STYLE_FILL_AREA(#12627);
#12627 = FILL_AREA_STYLE('',(#12628));
#12628 = FILL_AREA_STYLE_COLOUR('',#12130);
#12629 = OVER_RIDING_STYLED_ITEM('overriding color',(#12630),#7299,
  #12123);
#12630 = PRESENTATION_STYLE_ASSIGNMENT((#12631));
#12631 = SURFACE_STYLE_USAGE(.BOTH.,#12632);
#12632 = SURFACE_SIDE_STYLE('',(#12633));
#12633 = SURFACE_STYLE_FILL_AREA(#12634);
#12634 = FILL_AREA_STYLE('',(#12635));
#12635 = FILL_AREA_STYLE_COLOUR('',#12130);
#12636 = OVER_RIDING_STYLED_ITEM('overriding color',(#12637),#7323,
  #12123);
#12637 = PRESENTATION_STYLE_ASSIGNMENT((#12638));
#12638 = SURFACE_STYLE_USAGE(.BOTH.,#12639);
#12639 = SURFACE_SIDE_STYLE('',(#12640));
#12640 = SURFACE_STYLE_FILL_AREA(#12641);
#12641 = FILL_AREA_STYLE('',(#12642));
#12642 = FILL_AREA_STYLE_COLOUR('',#12130);
#12643 = OVER_RIDING_STYLED_ITEM('overriding color',(#12644),#7347,
  #12123);
#12644 = PRESENTATION_STYLE_ASSIGNMENT((#12645));
#12645 = SURFACE_STYLE_USAGE(.BOTH.,#12646);
#12646 = SURFACE_SIDE_STYLE('',(#12647));
#12647 = SURFACE_STYLE_FILL_AREA(#12648);
#12648 = FILL_AREA_STYLE('',(#12649));
#12649 = FILL_AREA_STYLE_COLOUR('',#12130);
#12650 = OVER_RIDING_STYLED_ITEM('overriding color',(#12651),#7364,
  #12123);
#12651 = PRESENTATION_STYLE_ASSIGNMENT((#12652));
#12652 = SURFACE_STYLE_USAGE(.BOTH.,#12653);
#12653 = SURFACE_SIDE_STYLE('',(#12654));
#12654 = SURFACE_STYLE_FILL_AREA(#12655);
#12655 = FILL_AREA_STYLE('',(#12656));
#12656 = FILL_AREA_STYLE_COLOUR('',#12130);
#12657 = OVER_RIDING_STYLED_ITEM('overriding color',(#12658),#7376,
  #12123);
#12658 = PRESENTATION_STYLE_ASSIGNMENT((#12659));
#12659 = SURFACE_STYLE_USAGE(.BOTH.,#12660);
#12660 = SURFACE_SIDE_STYLE('',(#12661));
#12661 = SURFACE_STYLE_FILL_AREA(#12662);
#12662 = FILL_AREA_STYLE('',(#12663));
#12663 = FILL_AREA_STYLE_COLOUR('',#12130);
#12664 = OVER_RIDING_STYLED_ITEM('overriding color',(#12665),#7407,
  #12123);
#12665 = PRESENTATION_STYLE_ASSIGNMENT((#12666));
#12666 = SURFACE_STYLE_USAGE(.BOTH.,#12667);
#12667 = SURFACE_SIDE_STYLE('',(#12668));
#12668 = SURFACE_STYLE_FILL_AREA(#12669);
#12669 = FILL_AREA_STYLE('',(#12670));
#12670 = FILL_AREA_STYLE_COLOUR('',#12130);
#12671 = OVER_RIDING_STYLED_ITEM('overriding color',(#12672),#7431,
  #12123);
#12672 = PRESENTATION_STYLE_ASSIGNMENT((#12673));
#12673 = SURFACE_STYLE_USAGE(.BOTH.,#12674);
#12674 = SURFACE_SIDE_STYLE('',(#12675));
#12675 = SURFACE_STYLE_FILL_AREA(#12676);
#12676 = FILL_AREA_STYLE('',(#12677));
#12677 = FILL_AREA_STYLE_COLOUR('',#12130);
#12678 = OVER_RIDING_STYLED_ITEM('overriding color',(#12679),#7455,
  #12123);
#12679 = PRESENTATION_STYLE_ASSIGNMENT((#12680));
#12680 = SURFACE_STYLE_USAGE(.BOTH.,#12681);
#12681 = SURFACE_SIDE_STYLE('',(#12682));
#12682 = SURFACE_STYLE_FILL_AREA(#12683);
#12683 = FILL_AREA_STYLE('',(#12684));
#12684 = FILL_AREA_STYLE_COLOUR('',#12130);
#12685 = OVER_RIDING_STYLED_ITEM('overriding color',(#12686),#7472,
  #12123);
#12686 = PRESENTATION_STYLE_ASSIGNMENT((#12687));
#12687 = SURFACE_STYLE_USAGE(.BOTH.,#12688);
#12688 = SURFACE_SIDE_STYLE('',(#12689));
#12689 = SURFACE_STYLE_FILL_AREA(#12690);
#12690 = FILL_AREA_STYLE('',(#12691));
#12691 = FILL_AREA_STYLE_COLOUR('',#12130);
#12692 = OVER_RIDING_STYLED_ITEM('overriding color',(#12693),#7484,
  #12123);
#12693 = PRESENTATION_STYLE_ASSIGNMENT((#12694));
#12694 = SURFACE_STYLE_USAGE(.BOTH.,#12695);
#12695 = SURFACE_SIDE_STYLE('',(#12696));
#12696 = SURFACE_STYLE_FILL_AREA(#12697);
#12697 = FILL_AREA_STYLE('',(#12698));
#12698 = FILL_AREA_STYLE_COLOUR('',#12138);
#12699 = OVER_RIDING_STYLED_ITEM('overriding color',(#12700),#7526,
  #12123);
#12700 = PRESENTATION_STYLE_ASSIGNMENT((#12701));
#12701 = SURFACE_STYLE_USAGE(.BOTH.,#12702);
#12702 = SURFACE_SIDE_STYLE('',(#12703));
#12703 = SURFACE_STYLE_FILL_AREA(#12704);
#12704 = FILL_AREA_STYLE('',(#12705));
#12705 = FILL_AREA_STYLE_COLOUR('',#12138);
#12706 = OVER_RIDING_STYLED_ITEM('overriding color',(#12707),#7550,
  #12123);
#12707 = PRESENTATION_STYLE_ASSIGNMENT((#12708));
#12708 = SURFACE_STYLE_USAGE(.BOTH.,#12709);
#12709 = SURFACE_SIDE_STYLE('',(#12710));
#12710 = SURFACE_STYLE_FILL_AREA(#12711);
#12711 = FILL_AREA_STYLE('',(#12712));
#12712 = FILL_AREA_STYLE_COLOUR('',#12138);
#12713 = OVER_RIDING_STYLED_ITEM('overriding color',(#12714),#7574,
  #12123);
#12714 = PRESENTATION_STYLE_ASSIGNMENT((#12715));
#12715 = SURFACE_STYLE_USAGE(.BOTH.,#12716);
#12716 = SURFACE_SIDE_STYLE('',(#12717));
#12717 = SURFACE_STYLE_FILL_AREA(#12718);
#12718 = FILL_AREA_STYLE('',(#12719));
#12719 = FILL_AREA_STYLE_COLOUR('',#12138);
#12720 = OVER_RIDING_STYLED_ITEM('overriding color',(#12721),#7599,
  #12123);
#12721 = PRESENTATION_STYLE_ASSIGNMENT((#12722));
#12722 = SURFACE_STYLE_USAGE(.BOTH.,#12723);
#12723 = SURFACE_SIDE_STYLE('',(#12724));
#12724 = SURFACE_STYLE_FILL_AREA(#12725);
#12725 = FILL_AREA_STYLE('',(#12726));
#12726 = FILL_AREA_STYLE_COLOUR('',#12138);
#12727 = OVER_RIDING_STYLED_ITEM('overriding color',(#12728),#7624,
  #12123);
#12728 = PRESENTATION_STYLE_ASSIGNMENT((#12729));
#12729 = SURFACE_STYLE_USAGE(.BOTH.,#12730);
#12730 = SURFACE_SIDE_STYLE('',(#12731));
#12731 = SURFACE_STYLE_FILL_AREA(#12732);
#12732 = FILL_AREA_STYLE('',(#12733));
#12733 = FILL_AREA_STYLE_COLOUR('',#12138);
#12734 = OVER_RIDING_STYLED_ITEM('overriding color',(#12735),#7649,
  #12123);
#12735 = PRESENTATION_STYLE_ASSIGNMENT((#12736));
#12736 = SURFACE_STYLE_USAGE(.BOTH.,#12737);
#12737 = SURFACE_SIDE_STYLE('',(#12738));
#12738 = SURFACE_STYLE_FILL_AREA(#12739);
#12739 = FILL_AREA_STYLE('',(#12740));
#12740 = FILL_AREA_STYLE_COLOUR('',#12138);
#12741 = OVER_RIDING_STYLED_ITEM('overriding color',(#12742),#7674,
  #12123);
#12742 = PRESENTATION_STYLE_ASSIGNMENT((#12743));
#12743 = SURFACE_STYLE_USAGE(.BOTH.,#12744);
#12744 = SURFACE_SIDE_STYLE('',(#12745));
#12745 = SURFACE_STYLE_FILL_AREA(#12746);
#12746 = FILL_AREA_STYLE('',(#12747));
#12747 = FILL_AREA_STYLE_COLOUR('',#12138);
#12748 = OVER_RIDING_STYLED_ITEM('overriding color',(#12749),#7699,
  #12123);
#12749 = PRESENTATION_STYLE_ASSIGNMENT((#12750));
#12750 = SURFACE_STYLE_USAGE(.BOTH.,#12751);
#12751 = SURFACE_SIDE_STYLE('',(#12752));
#12752 = SURFACE_STYLE_FILL_AREA(#12753);
#12753 = FILL_AREA_STYLE('',(#12754));
#12754 = FILL_AREA_STYLE_COLOUR('',#12138);
#12755 = OVER_RIDING_STYLED_ITEM('overriding color',(#12756),#7725,
  #12123);
#12756 = PRESENTATION_STYLE_ASSIGNMENT((#12757));
#12757 = SURFACE_STYLE_USAGE(.BOTH.,#12758);
#12758 = SURFACE_SIDE_STYLE('',(#12759));
#12759 = SURFACE_STYLE_FILL_AREA(#12760);
#12760 = FILL_AREA_STYLE('',(#12761));
#12761 = FILL_AREA_STYLE_COLOUR('',#12138);
#12762 = OVER_RIDING_STYLED_ITEM('overriding color',(#12763),#7751,
  #12123);
#12763 = PRESENTATION_STYLE_ASSIGNMENT((#12764));
#12764 = SURFACE_STYLE_USAGE(.BOTH.,#12765);
#12765 = SURFACE_SIDE_STYLE('',(#12766));
#12766 = SURFACE_STYLE_FILL_AREA(#12767);
#12767 = FILL_AREA_STYLE('',(#12768));
#12768 = FILL_AREA_STYLE_COLOUR('',#12138);
#12769 = OVER_RIDING_STYLED_ITEM('overriding color',(#12770),#7776,
  #12123);
#12770 = PRESENTATION_STYLE_ASSIGNMENT((#12771));
#12771 = SURFACE_STYLE_USAGE(.BOTH.,#12772);
#12772 = SURFACE_SIDE_STYLE('',(#12773));
#12773 = SURFACE_STYLE_FILL_AREA(#12774);
#12774 = FILL_AREA_STYLE('',(#12775));
#12775 = FILL_AREA_STYLE_COLOUR('',#12138);
#12776 = OVER_RIDING_STYLED_ITEM('overriding color',(#12777),#7793,
  #12123);
#12777 = PRESENTATION_STYLE_ASSIGNMENT((#12778));
#12778 = SURFACE_STYLE_USAGE(.BOTH.,#12779);
#12779 = SURFACE_SIDE_STYLE('',(#12780));
#12780 = SURFACE_STYLE_FILL_AREA(#12781);
#12781 = FILL_AREA_STYLE('',(#12782));
#12782 = FILL_AREA_STYLE_COLOUR('',#12138);
#12783 = OVER_RIDING_STYLED_ITEM('overriding color',(#12784),#7818,
  #12123);
#12784 = PRESENTATION_STYLE_ASSIGNMENT((#12785));
#12785 = SURFACE_STYLE_USAGE(.BOTH.,#12786);
#12786 = SURFACE_SIDE_STYLE('',(#12787));
#12787 = SURFACE_STYLE_FILL_AREA(#12788);
#12788 = FILL_AREA_STYLE('',(#12789));
#12789 = FILL_AREA_STYLE_COLOUR('',#12138);
#12790 = OVER_RIDING_STYLED_ITEM('overriding color',(#12791),#7840,
  #12123);
#12791 = PRESENTATION_STYLE_ASSIGNMENT((#12792));
#12792 = SURFACE_STYLE_USAGE(.BOTH.,#12793);
#12793 = SURFACE_SIDE_STYLE('',(#12794));
#12794 = SURFACE_STYLE_FILL_AREA(#12795);
#12795 = FILL_AREA_STYLE('',(#12796));
#12796 = FILL_AREA_STYLE_COLOUR('',#12138);
#12797 = OVER_RIDING_STYLED_ITEM('overriding color',(#12798),#7865,
  #12123);
#12798 = PRESENTATION_STYLE_ASSIGNMENT((#12799));
#12799 = SURFACE_STYLE_USAGE(.BOTH.,#12800);
#12800 = SURFACE_SIDE_STYLE('',(#12801));
#12801 = SURFACE_STYLE_FILL_AREA(#12802);
#12802 = FILL_AREA_STYLE('',(#12803));
#12803 = FILL_AREA_STYLE_COLOUR('',#12138);
#12804 = OVER_RIDING_STYLED_ITEM('overriding color',(#12805),#7882,
  #12123);
#12805 = PRESENTATION_STYLE_ASSIGNMENT((#12806));
#12806 = SURFACE_STYLE_USAGE(.BOTH.,#12807);
#12807 = SURFACE_SIDE_STYLE('',(#12808));
#12808 = SURFACE_STYLE_FILL_AREA(#12809);
#12809 = FILL_AREA_STYLE('',(#12810));
#12810 = FILL_AREA_STYLE_COLOUR('',#12138);
#12811 = OVER_RIDING_STYLED_ITEM('overriding color',(#12812),#7899,
  #12123);
#12812 = PRESENTATION_STYLE_ASSIGNMENT((#12813));
#12813 = SURFACE_STYLE_USAGE(.BOTH.,#12814);
#12814 = SURFACE_SIDE_STYLE('',(#12815));
#12815 = SURFACE_STYLE_FILL_AREA(#12816);
#12816 = FILL_AREA_STYLE('',(#12817));
#12817 = FILL_AREA_STYLE_COLOUR('',#12138);
#12818 = OVER_RIDING_STYLED_ITEM('overriding color',(#12819),#7924,
  #12123);
#12819 = PRESENTATION_STYLE_ASSIGNMENT((#12820));
#12820 = SURFACE_STYLE_USAGE(.BOTH.,#12821);
#12821 = SURFACE_SIDE_STYLE('',(#12822));
#12822 = SURFACE_STYLE_FILL_AREA(#12823);
#12823 = FILL_AREA_STYLE('',(#12824));
#12824 = FILL_AREA_STYLE_COLOUR('',#12138);
#12825 = OVER_RIDING_STYLED_ITEM('overriding color',(#12826),#7949,
  #12123);
#12826 = PRESENTATION_STYLE_ASSIGNMENT((#12827));
#12827 = SURFACE_STYLE_USAGE(.BOTH.,#12828);
#12828 = SURFACE_SIDE_STYLE('',(#12829));
#12829 = SURFACE_STYLE_FILL_AREA(#12830);
#12830 = FILL_AREA_STYLE('',(#12831));
#12831 = FILL_AREA_STYLE_COLOUR('',#12138);
#12832 = OVER_RIDING_STYLED_ITEM('overriding color',(#12833),#7966,
  #12123);
#12833 = PRESENTATION_STYLE_ASSIGNMENT((#12834));
#12834 = SURFACE_STYLE_USAGE(.BOTH.,#12835);
#12835 = SURFACE_SIDE_STYLE('',(#12836));
#12836 = SURFACE_STYLE_FILL_AREA(#12837);
#12837 = FILL_AREA_STYLE('',(#12838));
#12838 = FILL_AREA_STYLE_COLOUR('',#12138);
#12839 = OVER_RIDING_STYLED_ITEM('overriding color',(#12840),#7983,
  #12123);
#12840 = PRESENTATION_STYLE_ASSIGNMENT((#12841));
#12841 = SURFACE_STYLE_USAGE(.BOTH.,#12842);
#12842 = SURFACE_SIDE_STYLE('',(#12843));
#12843 = SURFACE_STYLE_FILL_AREA(#12844);
#12844 = FILL_AREA_STYLE('',(#12845));
#12845 = FILL_AREA_STYLE_COLOUR('',#12138);
#12846 = OVER_RIDING_STYLED_ITEM('overriding color',(#12847),#8000,
  #12123);
#12847 = PRESENTATION_STYLE_ASSIGNMENT((#12848));
#12848 = SURFACE_STYLE_USAGE(.BOTH.,#12849);
#12849 = SURFACE_SIDE_STYLE('',(#12850));
#12850 = SURFACE_STYLE_FILL_AREA(#12851);
#12851 = FILL_AREA_STYLE('',(#12852));
#12852 = FILL_AREA_STYLE_COLOUR('',#12138);
#12853 = OVER_RIDING_STYLED_ITEM('overriding color',(#12854),#8017,
  #12123);
#12854 = PRESENTATION_STYLE_ASSIGNMENT((#12855));
#12855 = SURFACE_STYLE_USAGE(.BOTH.,#12856);
#12856 = SURFACE_SIDE_STYLE('',(#12857));
#12857 = SURFACE_STYLE_FILL_AREA(#12858);
#12858 = FILL_AREA_STYLE('',(#12859));
#12859 = FILL_AREA_STYLE_COLOUR('',#12138);
#12860 = OVER_RIDING_STYLED_ITEM('overriding color',(#12861),#8034,
  #12123);
#12861 = PRESENTATION_STYLE_ASSIGNMENT((#12862));
#12862 = SURFACE_STYLE_USAGE(.BOTH.,#12863);
#12863 = SURFACE_SIDE_STYLE('',(#12864));
#12864 = SURFACE_STYLE_FILL_AREA(#12865);
#12865 = FILL_AREA_STYLE('',(#12866));
#12866 = FILL_AREA_STYLE_COLOUR('',#12138);
#12867 = OVER_RIDING_STYLED_ITEM('overriding color',(#12868),#8094,
  #12123);
#12868 = PRESENTATION_STYLE_ASSIGNMENT((#12869));
#12869 = SURFACE_STYLE_USAGE(.BOTH.,#12870);
#12870 = SURFACE_SIDE_STYLE('',(#12871));
#12871 = SURFACE_STYLE_FILL_AREA(#12872);
#12872 = FILL_AREA_STYLE('',(#12873));
#12873 = FILL_AREA_STYLE_COLOUR('',#12138);
#12874 = OVER_RIDING_STYLED_ITEM('overriding color',(#12875),#8106,
  #12123);
#12875 = PRESENTATION_STYLE_ASSIGNMENT((#12876));
#12876 = SURFACE_STYLE_USAGE(.BOTH.,#12877);
#12877 = SURFACE_SIDE_STYLE('',(#12878));
#12878 = SURFACE_STYLE_FILL_AREA(#12879);
#12879 = FILL_AREA_STYLE('',(#12880));
#12880 = FILL_AREA_STYLE_COLOUR('',#12138);
#12881 = OVER_RIDING_STYLED_ITEM('overriding color',(#12882),#8118,
  #12123);
#12882 = PRESENTATION_STYLE_ASSIGNMENT((#12883));
#12883 = SURFACE_STYLE_USAGE(.BOTH.,#12884);
#12884 = SURFACE_SIDE_STYLE('',(#12885));
#12885 = SURFACE_STYLE_FILL_AREA(#12886);
#12886 = FILL_AREA_STYLE('',(#12887));
#12887 = FILL_AREA_STYLE_COLOUR('',#12138);
#12888 = OVER_RIDING_STYLED_ITEM('overriding color',(#12889),#8430,
  #12123);
#12889 = PRESENTATION_STYLE_ASSIGNMENT((#12890));
#12890 = SURFACE_STYLE_USAGE(.BOTH.,#12891);
#12891 = SURFACE_SIDE_STYLE('',(#12892));
#12892 = SURFACE_STYLE_FILL_AREA(#12893);
#12893 = FILL_AREA_STYLE('',(#12894));
#12894 = FILL_AREA_STYLE_COLOUR('',#12130);
#12895 = OVER_RIDING_STYLED_ITEM('overriding color',(#12896),#8474,
  #12123);
#12896 = PRESENTATION_STYLE_ASSIGNMENT((#12897));
#12897 = SURFACE_STYLE_USAGE(.BOTH.,#12898);
#12898 = SURFACE_SIDE_STYLE('',(#12899));
#12899 = SURFACE_STYLE_FILL_AREA(#12900);
#12900 = FILL_AREA_STYLE('',(#12901));
#12901 = FILL_AREA_STYLE_COLOUR('',#12130);
#12902 = OVER_RIDING_STYLED_ITEM('overriding color',(#12903),#8568,
  #12123);
#12903 = PRESENTATION_STYLE_ASSIGNMENT((#12904));
#12904 = SURFACE_STYLE_USAGE(.BOTH.,#12905);
#12905 = SURFACE_SIDE_STYLE('',(#12906));
#12906 = SURFACE_STYLE_FILL_AREA(#12907);
#12907 = FILL_AREA_STYLE('',(#12908));
#12908 = FILL_AREA_STYLE_COLOUR('',#12130);
#12909 = OVER_RIDING_STYLED_ITEM('overriding color',(#12910),#8634,
  #12123);
#12910 = PRESENTATION_STYLE_ASSIGNMENT((#12911));
#12911 = SURFACE_STYLE_USAGE(.BOTH.,#12912);
#12912 = SURFACE_SIDE_STYLE('',(#12913));
#12913 = SURFACE_STYLE_FILL_AREA(#12914);
#12914 = FILL_AREA_STYLE('',(#12915));
#12915 = FILL_AREA_STYLE_COLOUR('',#12130);
#12916 = OVER_RIDING_STYLED_ITEM('overriding color',(#12917),#8700,
  #12123);
#12917 = PRESENTATION_STYLE_ASSIGNMENT((#12918));
#12918 = SURFACE_STYLE_USAGE(.BOTH.,#12919);
#12919 = SURFACE_SIDE_STYLE('',(#12920));
#12920 = SURFACE_STYLE_FILL_AREA(#12921);
#12921 = FILL_AREA_STYLE('',(#12922));
#12922 = FILL_AREA_STYLE_COLOUR('',#12130);
#12923 = OVER_RIDING_STYLED_ITEM('overriding color',(#12924),#8738,
  #12123);
#12924 = PRESENTATION_STYLE_ASSIGNMENT((#12925));
#12925 = SURFACE_STYLE_USAGE(.BOTH.,#12926);
#12926 = SURFACE_SIDE_STYLE('',(#12927));
#12927 = SURFACE_STYLE_FILL_AREA(#12928);
#12928 = FILL_AREA_STYLE('',(#12929));
#12929 = FILL_AREA_STYLE_COLOUR('',#12130);
#12930 = OVER_RIDING_STYLED_ITEM('overriding color',(#12931),#8760,
  #12123);
#12931 = PRESENTATION_STYLE_ASSIGNMENT((#12932));
#12932 = SURFACE_STYLE_USAGE(.BOTH.,#12933);
#12933 = SURFACE_SIDE_STYLE('',(#12934));
#12934 = SURFACE_STYLE_FILL_AREA(#12935);
#12935 = FILL_AREA_STYLE('',(#12936));
#12936 = FILL_AREA_STYLE_COLOUR('',#12130);
#12937 = OVER_RIDING_STYLED_ITEM('overriding color',(#12938),#8777,
  #12123);
#12938 = PRESENTATION_STYLE_ASSIGNMENT((#12939));
#12939 = SURFACE_STYLE_USAGE(.BOTH.,#12940);
#12940 = SURFACE_SIDE_STYLE('',(#12941));
#12941 = SURFACE_STYLE_FILL_AREA(#12942);
#12942 = FILL_AREA_STYLE('',(#12943));
#12943 = FILL_AREA_STYLE_COLOUR('',#12130);
#12944 = OVER_RIDING_STYLED_ITEM('overriding color',(#12945),#8794,
  #12123);
#12945 = PRESENTATION_STYLE_ASSIGNMENT((#12946));
#12946 = SURFACE_STYLE_USAGE(.BOTH.,#12947);
#12947 = SURFACE_SIDE_STYLE('',(#12948));
#12948 = SURFACE_STYLE_FILL_AREA(#12949);
#12949 = FILL_AREA_STYLE('',(#12950));
#12950 = FILL_AREA_STYLE_COLOUR('',#12130);
#12951 = OVER_RIDING_STYLED_ITEM('overriding color',(#12952),#8806,
  #12123);
#12952 = PRESENTATION_STYLE_ASSIGNMENT((#12953));
#12953 = SURFACE_STYLE_USAGE(.BOTH.,#12954);
#12954 = SURFACE_SIDE_STYLE('',(#12955));
#12955 = SURFACE_STYLE_FILL_AREA(#12956);
#12956 = FILL_AREA_STYLE('',(#12957));
#12957 = FILL_AREA_STYLE_COLOUR('',#12130);
#12958 = OVER_RIDING_STYLED_ITEM('overriding color',(#12959),#8850,
  #12123);
#12959 = PRESENTATION_STYLE_ASSIGNMENT((#12960));
#12960 = SURFACE_STYLE_USAGE(.BOTH.,#12961);
#12961 = SURFACE_SIDE_STYLE('',(#12962));
#12962 = SURFACE_STYLE_FILL_AREA(#12963);
#12963 = FILL_AREA_STYLE('',(#12964));
#12964 = FILL_AREA_STYLE_COLOUR('',#12130);
#12965 = OVER_RIDING_STYLED_ITEM('overriding color',(#12966),#8944,
  #12123);
#12966 = PRESENTATION_STYLE_ASSIGNMENT((#12967));
#12967 = SURFACE_STYLE_USAGE(.BOTH.,#12968);
#12968 = SURFACE_SIDE_STYLE('',(#12969));
#12969 = SURFACE_STYLE_FILL_AREA(#12970);
#12970 = FILL_AREA_STYLE('',(#12971));
#12971 = FILL_AREA_STYLE_COLOUR('',#12130);
#12972 = OVER_RIDING_STYLED_ITEM('overriding color',(#12973),#9010,
  #12123);
#12973 = PRESENTATION_STYLE_ASSIGNMENT((#12974));
#12974 = SURFACE_STYLE_USAGE(.BOTH.,#12975);
#12975 = SURFACE_SIDE_STYLE('',(#12976));
#12976 = SURFACE_STYLE_FILL_AREA(#12977);
#12977 = FILL_AREA_STYLE('',(#12978));
#12978 = FILL_AREA_STYLE_COLOUR('',#12130);
#12979 = OVER_RIDING_STYLED_ITEM('overriding color',(#12980),#9076,
  #12123);
#12980 = PRESENTATION_STYLE_ASSIGNMENT((#12981));
#12981 = SURFACE_STYLE_USAGE(.BOTH.,#12982);
#12982 = SURFACE_SIDE_STYLE('',(#12983));
#12983 = SURFACE_STYLE_FILL_AREA(#12984);
#12984 = FILL_AREA_STYLE('',(#12985));
#12985 = FILL_AREA_STYLE_COLOUR('',#12130);
#12986 = OVER_RIDING_STYLED_ITEM('overriding color',(#12987),#9114,
  #12123);
#12987 = PRESENTATION_STYLE_ASSIGNMENT((#12988));
#12988 = SURFACE_STYLE_USAGE(.BOTH.,#12989);
#12989 = SURFACE_SIDE_STYLE('',(#12990));
#12990 = SURFACE_STYLE_FILL_AREA(#12991);
#12991 = FILL_AREA_STYLE('',(#12992));
#12992 = FILL_AREA_STYLE_COLOUR('',#12130);
#12993 = OVER_RIDING_STYLED_ITEM('overriding color',(#12994),#9136,
  #12123);
#12994 = PRESENTATION_STYLE_ASSIGNMENT((#12995));
#12995 = SURFACE_STYLE_USAGE(.BOTH.,#12996);
#12996 = SURFACE_SIDE_STYLE('',(#12997));
#12997 = SURFACE_STYLE_FILL_AREA(#12998);
#12998 = FILL_AREA_STYLE('',(#12999));
#12999 = FILL_AREA_STYLE_COLOUR('',#12130);
#13000 = OVER_RIDING_STYLED_ITEM('overriding color',(#13001),#9153,
  #12123);
#13001 = PRESENTATION_STYLE_ASSIGNMENT((#13002));
#13002 = SURFACE_STYLE_USAGE(.BOTH.,#13003);
#13003 = SURFACE_SIDE_STYLE('',(#13004));
#13004 = SURFACE_STYLE_FILL_AREA(#13005);
#13005 = FILL_AREA_STYLE('',(#13006));
#13006 = FILL_AREA_STYLE_COLOUR('',#12130);
#13007 = OVER_RIDING_STYLED_ITEM('overriding color',(#13008),#9170,
  #12123);
#13008 = PRESENTATION_STYLE_ASSIGNMENT((#13009));
#13009 = SURFACE_STYLE_USAGE(.BOTH.,#13010);
#13010 = SURFACE_SIDE_STYLE('',(#13011));
#13011 = SURFACE_STYLE_FILL_AREA(#13012);
#13012 = FILL_AREA_STYLE('',(#13013));
#13013 = FILL_AREA_STYLE_COLOUR('',#12130);
#13014 = OVER_RIDING_STYLED_ITEM('overriding color',(#13015),#9182,
  #12123);
#13015 = PRESENTATION_STYLE_ASSIGNMENT((#13016));
#13016 = SURFACE_STYLE_USAGE(.BOTH.,#13017);
#13017 = SURFACE_SIDE_STYLE('',(#13018));
#13018 = SURFACE_STYLE_FILL_AREA(#13019);
#13019 = FILL_AREA_STYLE('',(#13020));
#13020 = FILL_AREA_STYLE_COLOUR('',#12130);
#13021 = OVER_RIDING_STYLED_ITEM('overriding color',(#13022),#9226,
  #12123);
#13022 = PRESENTATION_STYLE_ASSIGNMENT((#13023));
#13023 = SURFACE_STYLE_USAGE(.BOTH.,#13024);
#13024 = SURFACE_SIDE_STYLE('',(#13025));
#13025 = SURFACE_STYLE_FILL_AREA(#13026);
#13026 = FILL_AREA_STYLE('',(#13027));
#13027 = FILL_AREA_STYLE_COLOUR('',#12130);
#13028 = OVER_RIDING_STYLED_ITEM('overriding color',(#13029),#9320,
  #12123);
#13029 = PRESENTATION_STYLE_ASSIGNMENT((#13030));
#13030 = SURFACE_STYLE_USAGE(.BOTH.,#13031);
#13031 = SURFACE_SIDE_STYLE('',(#13032));
#13032 = SURFACE_STYLE_FILL_AREA(#13033);
#13033 = FILL_AREA_STYLE('',(#13034));
#13034 = FILL_AREA_STYLE_COLOUR('',#12130);
#13035 = OVER_RIDING_STYLED_ITEM('overriding color',(#13036),#9386,
  #12123);
#13036 = PRESENTATION_STYLE_ASSIGNMENT((#13037));
#13037 = SURFACE_STYLE_USAGE(.BOTH.,#13038);
#13038 = SURFACE_SIDE_STYLE('',(#13039));
#13039 = SURFACE_STYLE_FILL_AREA(#13040);
#13040 = FILL_AREA_STYLE('',(#13041));
#13041 = FILL_AREA_STYLE_COLOUR('',#12130);
#13042 = OVER_RIDING_STYLED_ITEM('overriding color',(#13043),#9452,
  #12123);
#13043 = PRESENTATION_STYLE_ASSIGNMENT((#13044));
#13044 = SURFACE_STYLE_USAGE(.BOTH.,#13045);
#13045 = SURFACE_SIDE_STYLE('',(#13046));
#13046 = SURFACE_STYLE_FILL_AREA(#13047);
#13047 = FILL_AREA_STYLE('',(#13048));
#13048 = FILL_AREA_STYLE_COLOUR('',#12130);
#13049 = OVER_RIDING_STYLED_ITEM('overriding color',(#13050),#9490,
  #12123);
#13050 = PRESENTATION_STYLE_ASSIGNMENT((#13051));
#13051 = SURFACE_STYLE_USAGE(.BOTH.,#13052);
#13052 = SURFACE_SIDE_STYLE('',(#13053));
#13053 = SURFACE_STYLE_FILL_AREA(#13054);
#13054 = FILL_AREA_STYLE('',(#13055));
#13055 = FILL_AREA_STYLE_COLOUR('',#12130);
#13056 = OVER_RIDING_STYLED_ITEM('overriding color',(#13057),#9512,
  #12123);
#13057 = PRESENTATION_STYLE_ASSIGNMENT((#13058));
#13058 = SURFACE_STYLE_USAGE(.BOTH.,#13059);
#13059 = SURFACE_SIDE_STYLE('',(#13060));
#13060 = SURFACE_STYLE_FILL_AREA(#13061);
#13061 = FILL_AREA_STYLE('',(#13062));
#13062 = FILL_AREA_STYLE_COLOUR('',#12130);
#13063 = OVER_RIDING_STYLED_ITEM('overriding color',(#13064),#9529,
  #12123);
#13064 = PRESENTATION_STYLE_ASSIGNMENT((#13065));
#13065 = SURFACE_STYLE_USAGE(.BOTH.,#13066);
#13066 = SURFACE_SIDE_STYLE('',(#13067));
#13067 = SURFACE_STYLE_FILL_AREA(#13068);
#13068 = FILL_AREA_STYLE('',(#13069));
#13069 = FILL_AREA_STYLE_COLOUR('',#12130);
#13070 = OVER_RIDING_STYLED_ITEM('overriding color',(#13071),#9546,
  #12123);
#13071 = PRESENTATION_STYLE_ASSIGNMENT((#13072));
#13072 = SURFACE_STYLE_USAGE(.BOTH.,#13073);
#13073 = SURFACE_SIDE_STYLE('',(#13074));
#13074 = SURFACE_STYLE_FILL_AREA(#13075);
#13075 = FILL_AREA_STYLE('',(#13076));
#13076 = FILL_AREA_STYLE_COLOUR('',#12130);
#13077 = OVER_RIDING_STYLED_ITEM('overriding color',(#13078),#9558,
  #12123);
#13078 = PRESENTATION_STYLE_ASSIGNMENT((#13079));
#13079 = SURFACE_STYLE_USAGE(.BOTH.,#13080);
#13080 = SURFACE_SIDE_STYLE('',(#13081));
#13081 = SURFACE_STYLE_FILL_AREA(#13082);
#13082 = FILL_AREA_STYLE('',(#13083));
#13083 = FILL_AREA_STYLE_COLOUR('',#12130);
#13084 = OVER_RIDING_STYLED_ITEM('overriding color',(#13085),#9602,
  #12123);
#13085 = PRESENTATION_STYLE_ASSIGNMENT((#13086));
#13086 = SURFACE_STYLE_USAGE(.BOTH.,#13087);
#13087 = SURFACE_SIDE_STYLE('',(#13088));
#13088 = SURFACE_STYLE_FILL_AREA(#13089);
#13089 = FILL_AREA_STYLE('',(#13090));
#13090 = FILL_AREA_STYLE_COLOUR('',#12130);
#13091 = OVER_RIDING_STYLED_ITEM('overriding color',(#13092),#9696,
  #12123);
#13092 = PRESENTATION_STYLE_ASSIGNMENT((#13093));
#13093 = SURFACE_STYLE_USAGE(.BOTH.,#13094);
#13094 = SURFACE_SIDE_STYLE('',(#13095));
#13095 = SURFACE_STYLE_FILL_AREA(#13096);
#13096 = FILL_AREA_STYLE('',(#13097));
#13097 = FILL_AREA_STYLE_COLOUR('',#12130);
#13098 = OVER_RIDING_STYLED_ITEM('overriding color',(#13099),#9762,
  #12123);
#13099 = PRESENTATION_STYLE_ASSIGNMENT((#13100));
#13100 = SURFACE_STYLE_USAGE(.BOTH.,#13101);
#13101 = SURFACE_SIDE_STYLE('',(#13102));
#13102 = SURFACE_STYLE_FILL_AREA(#13103);
#13103 = FILL_AREA_STYLE('',(#13104));
#13104 = FILL_AREA_STYLE_COLOUR('',#12130);
#13105 = OVER_RIDING_STYLED_ITEM('overriding color',(#13106),#9828,
  #12123);
#13106 = PRESENTATION_STYLE_ASSIGNMENT((#13107));
#13107 = SURFACE_STYLE_USAGE(.BOTH.,#13108);
#13108 = SURFACE_SIDE_STYLE('',(#13109));
#13109 = SURFACE_STYLE_FILL_AREA(#13110);
#13110 = FILL_AREA_STYLE('',(#13111));
#13111 = FILL_AREA_STYLE_COLOUR('',#12130);
#13112 = OVER_RIDING_STYLED_ITEM('overriding color',(#13113),#9866,
  #12123);
#13113 = PRESENTATION_STYLE_ASSIGNMENT((#13114));
#13114 = SURFACE_STYLE_USAGE(.BOTH.,#13115);
#13115 = SURFACE_SIDE_STYLE('',(#13116));
#13116 = SURFACE_STYLE_FILL_AREA(#13117);
#13117 = FILL_AREA_STYLE('',(#13118));
#13118 = FILL_AREA_STYLE_COLOUR('',#12130);
#13119 = OVER_RIDING_STYLED_ITEM('overriding color',(#13120),#9888,
  #12123);
#13120 = PRESENTATION_STYLE_ASSIGNMENT((#13121));
#13121 = SURFACE_STYLE_USAGE(.BOTH.,#13122);
#13122 = SURFACE_SIDE_STYLE('',(#13123));
#13123 = SURFACE_STYLE_FILL_AREA(#13124);
#13124 = FILL_AREA_STYLE('',(#13125));
#13125 = FILL_AREA_STYLE_COLOUR('',#12130);
#13126 = OVER_RIDING_STYLED_ITEM('overriding color',(#13127),#9905,
  #12123);
#13127 = PRESENTATION_STYLE_ASSIGNMENT((#13128));
#13128 = SURFACE_STYLE_USAGE(.BOTH.,#13129);
#13129 = SURFACE_SIDE_STYLE('',(#13130));
#13130 = SURFACE_STYLE_FILL_AREA(#13131);
#13131 = FILL_AREA_STYLE('',(#13132));
#13132 = FILL_AREA_STYLE_COLOUR('',#12130);
#13133 = OVER_RIDING_STYLED_ITEM('overriding color',(#13134),#9922,
  #12123);
#13134 = PRESENTATION_STYLE_ASSIGNMENT((#13135));
#13135 = SURFACE_STYLE_USAGE(.BOTH.,#13136);
#13136 = SURFACE_SIDE_STYLE('',(#13137));
#13137 = SURFACE_STYLE_FILL_AREA(#13138);
#13138 = FILL_AREA_STYLE('',(#13139));
#13139 = FILL_AREA_STYLE_COLOUR('',#12130);
#13140 = OVER_RIDING_STYLED_ITEM('overriding color',(#13141),#9934,
  #12123);
#13141 = PRESENTATION_STYLE_ASSIGNMENT((#13142));
#13142 = SURFACE_STYLE_USAGE(.BOTH.,#13143);
#13143 = SURFACE_SIDE_STYLE('',(#13144));
#13144 = SURFACE_STYLE_FILL_AREA(#13145);
#13145 = FILL_AREA_STYLE('',(#13146));
#13146 = FILL_AREA_STYLE_COLOUR('',#12130);
#13147 = OVER_RIDING_STYLED_ITEM('overriding color',(#13148),#9978,
  #12123);
#13148 = PRESENTATION_STYLE_ASSIGNMENT((#13149));
#13149 = SURFACE_STYLE_USAGE(.BOTH.,#13150);
#13150 = SURFACE_SIDE_STYLE('',(#13151));
#13151 = SURFACE_STYLE_FILL_AREA(#13152);
#13152 = FILL_AREA_STYLE('',(#13153));
#13153 = FILL_AREA_STYLE_COLOUR('',#12130);
#13154 = OVER_RIDING_STYLED_ITEM('overriding color',(#13155),#10072,
  #12123);
#13155 = PRESENTATION_STYLE_ASSIGNMENT((#13156));
#13156 = SURFACE_STYLE_USAGE(.BOTH.,#13157);
#13157 = SURFACE_SIDE_STYLE('',(#13158));
#13158 = SURFACE_STYLE_FILL_AREA(#13159);
#13159 = FILL_AREA_STYLE('',(#13160));
#13160 = FILL_AREA_STYLE_COLOUR('',#12130);
#13161 = OVER_RIDING_STYLED_ITEM('overriding color',(#13162),#10138,
  #12123);
#13162 = PRESENTATION_STYLE_ASSIGNMENT((#13163));
#13163 = SURFACE_STYLE_USAGE(.BOTH.,#13164);
#13164 = SURFACE_SIDE_STYLE('',(#13165));
#13165 = SURFACE_STYLE_FILL_AREA(#13166);
#13166 = FILL_AREA_STYLE('',(#13167));
#13167 = FILL_AREA_STYLE_COLOUR('',#12130);
#13168 = OVER_RIDING_STYLED_ITEM('overriding color',(#13169),#10204,
  #12123);
#13169 = PRESENTATION_STYLE_ASSIGNMENT((#13170));
#13170 = SURFACE_STYLE_USAGE(.BOTH.,#13171);
#13171 = SURFACE_SIDE_STYLE('',(#13172));
#13172 = SURFACE_STYLE_FILL_AREA(#13173);
#13173 = FILL_AREA_STYLE('',(#13174));
#13174 = FILL_AREA_STYLE_COLOUR('',#12130);
#13175 = OVER_RIDING_STYLED_ITEM('overriding color',(#13176),#10242,
  #12123);
#13176 = PRESENTATION_STYLE_ASSIGNMENT((#13177));
#13177 = SURFACE_STYLE_USAGE(.BOTH.,#13178);
#13178 = SURFACE_SIDE_STYLE('',(#13179));
#13179 = SURFACE_STYLE_FILL_AREA(#13180);
#13180 = FILL_AREA_STYLE('',(#13181));
#13181 = FILL_AREA_STYLE_COLOUR('',#12130);
#13182 = OVER_RIDING_STYLED_ITEM('overriding color',(#13183),#10264,
  #12123);
#13183 = PRESENTATION_STYLE_ASSIGNMENT((#13184));
#13184 = SURFACE_STYLE_USAGE(.BOTH.,#13185);
#13185 = SURFACE_SIDE_STYLE('',(#13186));
#13186 = SURFACE_STYLE_FILL_AREA(#13187);
#13187 = FILL_AREA_STYLE('',(#13188));
#13188 = FILL_AREA_STYLE_COLOUR('',#12130);
#13189 = OVER_RIDING_STYLED_ITEM('overriding color',(#13190),#10281,
  #12123);
#13190 = PRESENTATION_STYLE_ASSIGNMENT((#13191));
#13191 = SURFACE_STYLE_USAGE(.BOTH.,#13192);
#13192 = SURFACE_SIDE_STYLE('',(#13193));
#13193 = SURFACE_STYLE_FILL_AREA(#13194);
#13194 = FILL_AREA_STYLE('',(#13195));
#13195 = FILL_AREA_STYLE_COLOUR('',#12130);
#13196 = OVER_RIDING_STYLED_ITEM('overriding color',(#13197),#10298,
  #12123);
#13197 = PRESENTATION_STYLE_ASSIGNMENT((#13198));
#13198 = SURFACE_STYLE_USAGE(.BOTH.,#13199);
#13199 = SURFACE_SIDE_STYLE('',(#13200));
#13200 = SURFACE_STYLE_FILL_AREA(#13201);
#13201 = FILL_AREA_STYLE('',(#13202));
#13202 = FILL_AREA_STYLE_COLOUR('',#12130);
#13203 = OVER_RIDING_STYLED_ITEM('overriding color',(#13204),#10310,
  #12123);
#13204 = PRESENTATION_STYLE_ASSIGNMENT((#13205));
#13205 = SURFACE_STYLE_USAGE(.BOTH.,#13206);
#13206 = SURFACE_SIDE_STYLE('',(#13207));
#13207 = SURFACE_STYLE_FILL_AREA(#13208);
#13208 = FILL_AREA_STYLE('',(#13209));
#13209 = FILL_AREA_STYLE_COLOUR('',#12130);
#13210 = OVER_RIDING_STYLED_ITEM('overriding color',(#13211),#10354,
  #12123);
#13211 = PRESENTATION_STYLE_ASSIGNMENT((#13212));
#13212 = SURFACE_STYLE_USAGE(.BOTH.,#13213);
#13213 = SURFACE_SIDE_STYLE('',(#13214));
#13214 = SURFACE_STYLE_FILL_AREA(#13215);
#13215 = FILL_AREA_STYLE('',(#13216));
#13216 = FILL_AREA_STYLE_COLOUR('',#12130);
#13217 = OVER_RIDING_STYLED_ITEM('overriding color',(#13218),#10448,
  #12123);
#13218 = PRESENTATION_STYLE_ASSIGNMENT((#13219));
#13219 = SURFACE_STYLE_USAGE(.BOTH.,#13220);
#13220 = SURFACE_SIDE_STYLE('',(#13221));
#13221 = SURFACE_STYLE_FILL_AREA(#13222);
#13222 = FILL_AREA_STYLE('',(#13223));
#13223 = FILL_AREA_STYLE_COLOUR('',#12130);
#13224 = OVER_RIDING_STYLED_ITEM('overriding color',(#13225),#10514,
  #12123);
#13225 = PRESENTATION_STYLE_ASSIGNMENT((#13226));
#13226 = SURFACE_STYLE_USAGE(.BOTH.,#13227);
#13227 = SURFACE_SIDE_STYLE('',(#13228));
#13228 = SURFACE_STYLE_FILL_AREA(#13229);
#13229 = FILL_AREA_STYLE('',(#13230));
#13230 = FILL_AREA_STYLE_COLOUR('',#12130);
#13231 = OVER_RIDING_STYLED_ITEM('overriding color',(#13232),#10580,
  #12123);
#13232 = PRESENTATION_STYLE_ASSIGNMENT((#13233));
#13233 = SURFACE_STYLE_USAGE(.BOTH.,#13234);
#13234 = SURFACE_SIDE_STYLE('',(#13235));
#13235 = SURFACE_STYLE_FILL_AREA(#13236);
#13236 = FILL_AREA_STYLE('',(#13237));
#13237 = FILL_AREA_STYLE_COLOUR('',#12130);
#13238 = OVER_RIDING_STYLED_ITEM('overriding color',(#13239),#10618,
  #12123);
#13239 = PRESENTATION_STYLE_ASSIGNMENT((#13240));
#13240 = SURFACE_STYLE_USAGE(.BOTH.,#13241);
#13241 = SURFACE_SIDE_STYLE('',(#13242));
#13242 = SURFACE_STYLE_FILL_AREA(#13243);
#13243 = FILL_AREA_STYLE('',(#13244));
#13244 = FILL_AREA_STYLE_COLOUR('',#12130);
#13245 = OVER_RIDING_STYLED_ITEM('overriding color',(#13246),#10640,
  #12123);
#13246 = PRESENTATION_STYLE_ASSIGNMENT((#13247));
#13247 = SURFACE_STYLE_USAGE(.BOTH.,#13248);
#13248 = SURFACE_SIDE_STYLE('',(#13249));
#13249 = SURFACE_STYLE_FILL_AREA(#13250);
#13250 = FILL_AREA_STYLE('',(#13251));
#13251 = FILL_AREA_STYLE_COLOUR('',#12130);
#13252 = OVER_RIDING_STYLED_ITEM('overriding color',(#13253),#10657,
  #12123);
#13253 = PRESENTATION_STYLE_ASSIGNMENT((#13254));
#13254 = SURFACE_STYLE_USAGE(.BOTH.,#13255);
#13255 = SURFACE_SIDE_STYLE('',(#13256));
#13256 = SURFACE_STYLE_FILL_AREA(#13257);
#13257 = FILL_AREA_STYLE('',(#13258));
#13258 = FILL_AREA_STYLE_COLOUR('',#12130);
#13259 = OVER_RIDING_STYLED_ITEM('overriding color',(#13260),#10674,
  #12123);
#13260 = PRESENTATION_STYLE_ASSIGNMENT((#13261));
#13261 = SURFACE_STYLE_USAGE(.BOTH.,#13262);
#13262 = SURFACE_SIDE_STYLE('',(#13263));
#13263 = SURFACE_STYLE_FILL_AREA(#13264);
#13264 = FILL_AREA_STYLE('',(#13265));
#13265 = FILL_AREA_STYLE_COLOUR('',#12130);
#13266 = OVER_RIDING_STYLED_ITEM('overriding color',(#13267),#10686,
  #12123);
#13267 = PRESENTATION_STYLE_ASSIGNMENT((#13268));
#13268 = SURFACE_STYLE_USAGE(.BOTH.,#13269);
#13269 = SURFACE_SIDE_STYLE('',(#13270));
#13270 = SURFACE_STYLE_FILL_AREA(#13271);
#13271 = FILL_AREA_STYLE('',(#13272));
#13272 = FILL_AREA_STYLE_COLOUR('',#12130);
#13273 = OVER_RIDING_STYLED_ITEM('overriding color',(#13274),#10730,
  #12123);
#13274 = PRESENTATION_STYLE_ASSIGNMENT((#13275));
#13275 = SURFACE_STYLE_USAGE(.BOTH.,#13276);
#13276 = SURFACE_SIDE_STYLE('',(#13277));
#13277 = SURFACE_STYLE_FILL_AREA(#13278);
#13278 = FILL_AREA_STYLE('',(#13279));
#13279 = FILL_AREA_STYLE_COLOUR('',#12130);
#13280 = OVER_RIDING_STYLED_ITEM('overriding color',(#13281),#10824,
  #12123);
#13281 = PRESENTATION_STYLE_ASSIGNMENT((#13282));
#13282 = SURFACE_STYLE_USAGE(.BOTH.,#13283);
#13283 = SURFACE_SIDE_STYLE('',(#13284));
#13284 = SURFACE_STYLE_FILL_AREA(#13285);
#13285 = FILL_AREA_STYLE('',(#13286));
#13286 = FILL_AREA_STYLE_COLOUR('',#12130);
#13287 = OVER_RIDING_STYLED_ITEM('overriding color',(#13288),#10890,
  #12123);
#13288 = PRESENTATION_STYLE_ASSIGNMENT((#13289));
#13289 = SURFACE_STYLE_USAGE(.BOTH.,#13290);
#13290 = SURFACE_SIDE_STYLE('',(#13291));
#13291 = SURFACE_STYLE_FILL_AREA(#13292);
#13292 = FILL_AREA_STYLE('',(#13293));
#13293 = FILL_AREA_STYLE_COLOUR('',#12130);
#13294 = OVER_RIDING_STYLED_ITEM('overriding color',(#13295),#10956,
  #12123);
#13295 = PRESENTATION_STYLE_ASSIGNMENT((#13296));
#13296 = SURFACE_STYLE_USAGE(.BOTH.,#13297);
#13297 = SURFACE_SIDE_STYLE('',(#13298));
#13298 = SURFACE_STYLE_FILL_AREA(#13299);
#13299 = FILL_AREA_STYLE('',(#13300));
#13300 = FILL_AREA_STYLE_COLOUR('',#12130);
#13301 = OVER_RIDING_STYLED_ITEM('overriding color',(#13302),#10994,
  #12123);
#13302 = PRESENTATION_STYLE_ASSIGNMENT((#13303));
#13303 = SURFACE_STYLE_USAGE(.BOTH.,#13304);
#13304 = SURFACE_SIDE_STYLE('',(#13305));
#13305 = SURFACE_STYLE_FILL_AREA(#13306);
#13306 = FILL_AREA_STYLE('',(#13307));
#13307 = FILL_AREA_STYLE_COLOUR('',#12130);
#13308 = OVER_RIDING_STYLED_ITEM('overriding color',(#13309),#11016,
  #12123);
#13309 = PRESENTATION_STYLE_ASSIGNMENT((#13310));
#13310 = SURFACE_STYLE_USAGE(.BOTH.,#13311);
#13311 = SURFACE_SIDE_STYLE('',(#13312));
#13312 = SURFACE_STYLE_FILL_AREA(#13313);
#13313 = FILL_AREA_STYLE('',(#13314));
#13314 = FILL_AREA_STYLE_COLOUR('',#12130);
#13315 = OVER_RIDING_STYLED_ITEM('overriding color',(#13316),#11033,
  #12123);
#13316 = PRESENTATION_STYLE_ASSIGNMENT((#13317));
#13317 = SURFACE_STYLE_USAGE(.BOTH.,#13318);
#13318 = SURFACE_SIDE_STYLE('',(#13319));
#13319 = SURFACE_STYLE_FILL_AREA(#13320);
#13320 = FILL_AREA_STYLE('',(#13321));
#13321 = FILL_AREA_STYLE_COLOUR('',#12130);
#13322 = OVER_RIDING_STYLED_ITEM('overriding color',(#13323),#11050,
  #12123);
#13323 = PRESENTATION_STYLE_ASSIGNMENT((#13324));
#13324 = SURFACE_STYLE_USAGE(.BOTH.,#13325);
#13325 = SURFACE_SIDE_STYLE('',(#13326));
#13326 = SURFACE_STYLE_FILL_AREA(#13327);
#13327 = FILL_AREA_STYLE('',(#13328));
#13328 = FILL_AREA_STYLE_COLOUR('',#12130);
#13329 = OVER_RIDING_STYLED_ITEM('overriding color',(#13330),#11062,
  #12123);
#13330 = PRESENTATION_STYLE_ASSIGNMENT((#13331));
#13331 = SURFACE_STYLE_USAGE(.BOTH.,#13332);
#13332 = SURFACE_SIDE_STYLE('',(#13333));
#13333 = SURFACE_STYLE_FILL_AREA(#13334);
#13334 = FILL_AREA_STYLE('',(#13335));
#13335 = FILL_AREA_STYLE_COLOUR('',#12130);
#13336 = OVER_RIDING_STYLED_ITEM('overriding color',(#13337),#11106,
  #12123);
#13337 = PRESENTATION_STYLE_ASSIGNMENT((#13338));
#13338 = SURFACE_STYLE_USAGE(.BOTH.,#13339);
#13339 = SURFACE_SIDE_STYLE('',(#13340));
#13340 = SURFACE_STYLE_FILL_AREA(#13341);
#13341 = FILL_AREA_STYLE('',(#13342));
#13342 = FILL_AREA_STYLE_COLOUR('',#12130);
#13343 = OVER_RIDING_STYLED_ITEM('overriding color',(#13344),#11200,
  #12123);
#13344 = PRESENTATION_STYLE_ASSIGNMENT((#13345));
#13345 = SURFACE_STYLE_USAGE(.BOTH.,#13346);
#13346 = SURFACE_SIDE_STYLE('',(#13347));
#13347 = SURFACE_STYLE_FILL_AREA(#13348);
#13348 = FILL_AREA_STYLE('',(#13349));
#13349 = FILL_AREA_STYLE_COLOUR('',#12130);
#13350 = OVER_RIDING_STYLED_ITEM('overriding color',(#13351),#11266,
  #12123);
#13351 = PRESENTATION_STYLE_ASSIGNMENT((#13352));
#13352 = SURFACE_STYLE_USAGE(.BOTH.,#13353);
#13353 = SURFACE_SIDE_STYLE('',(#13354));
#13354 = SURFACE_STYLE_FILL_AREA(#13355);
#13355 = FILL_AREA_STYLE('',(#13356));
#13356 = FILL_AREA_STYLE_COLOUR('',#12130);
#13357 = OVER_RIDING_STYLED_ITEM('overriding color',(#13358),#11332,
  #12123);
#13358 = PRESENTATION_STYLE_ASSIGNMENT((#13359));
#13359 = SURFACE_STYLE_USAGE(.BOTH.,#13360);
#13360 = SURFACE_SIDE_STYLE('',(#13361));
#13361 = SURFACE_STYLE_FILL_AREA(#13362);
#13362 = FILL_AREA_STYLE('',(#13363));
#13363 = FILL_AREA_STYLE_COLOUR('',#12130);
#13364 = OVER_RIDING_STYLED_ITEM('overriding color',(#13365),#11370,
  #12123);
#13365 = PRESENTATION_STYLE_ASSIGNMENT((#13366));
#13366 = SURFACE_STYLE_USAGE(.BOTH.,#13367);
#13367 = SURFACE_SIDE_STYLE('',(#13368));
#13368 = SURFACE_STYLE_FILL_AREA(#13369);
#13369 = FILL_AREA_STYLE('',(#13370));
#13370 = FILL_AREA_STYLE_COLOUR('',#12130);
#13371 = OVER_RIDING_STYLED_ITEM('overriding color',(#13372),#11392,
  #12123);
#13372 = PRESENTATION_STYLE_ASSIGNMENT((#13373));
#13373 = SURFACE_STYLE_USAGE(.BOTH.,#13374);
#13374 = SURFACE_SIDE_STYLE('',(#13375));
#13375 = SURFACE_STYLE_FILL_AREA(#13376);
#13376 = FILL_AREA_STYLE('',(#13377));
#13377 = FILL_AREA_STYLE_COLOUR('',#12130);
#13378 = OVER_RIDING_STYLED_ITEM('overriding color',(#13379),#11409,
  #12123);
#13379 = PRESENTATION_STYLE_ASSIGNMENT((#13380));
#13380 = SURFACE_STYLE_USAGE(.BOTH.,#13381);
#13381 = SURFACE_SIDE_STYLE('',(#13382));
#13382 = SURFACE_STYLE_FILL_AREA(#13383);
#13383 = FILL_AREA_STYLE('',(#13384));
#13384 = FILL_AREA_STYLE_COLOUR('',#12130);
#13385 = OVER_RIDING_STYLED_ITEM('overriding color',(#13386),#11426,
  #12123);
#13386 = PRESENTATION_STYLE_ASSIGNMENT((#13387));
#13387 = SURFACE_STYLE_USAGE(.BOTH.,#13388);
#13388 = SURFACE_SIDE_STYLE('',(#13389));
#13389 = SURFACE_STYLE_FILL_AREA(#13390);
#13390 = FILL_AREA_STYLE('',(#13391));
#13391 = FILL_AREA_STYLE_COLOUR('',#12130);
#13392 = OVER_RIDING_STYLED_ITEM('overriding color',(#13393),#11438,
  #12123);
#13393 = PRESENTATION_STYLE_ASSIGNMENT((#13394));
#13394 = SURFACE_STYLE_USAGE(.BOTH.,#13395);
#13395 = SURFACE_SIDE_STYLE('',(#13396));
#13396 = SURFACE_STYLE_FILL_AREA(#13397);
#13397 = FILL_AREA_STYLE('',(#13398));
#13398 = FILL_AREA_STYLE_COLOUR('',#12138);
#13399 = OVER_RIDING_STYLED_ITEM('overriding color',(#13400),#11461,
  #12123);
#13400 = PRESENTATION_STYLE_ASSIGNMENT((#13401));
#13401 = SURFACE_STYLE_USAGE(.BOTH.,#13402);
#13402 = SURFACE_SIDE_STYLE('',(#13403));
#13403 = SURFACE_STYLE_FILL_AREA(#13404);
#13404 = FILL_AREA_STYLE('',(#13405));
#13405 = FILL_AREA_STYLE_COLOUR('',#12138);
#13406 = OVER_RIDING_STYLED_ITEM('overriding color',(#13407),#11479,
  #12123);
#13407 = PRESENTATION_STYLE_ASSIGNMENT((#13408));
#13408 = SURFACE_STYLE_USAGE(.BOTH.,#13409);
#13409 = SURFACE_SIDE_STYLE('',(#13410));
#13410 = SURFACE_STYLE_FILL_AREA(#13411);
#13411 = FILL_AREA_STYLE('',(#13412));
#13412 = FILL_AREA_STYLE_COLOUR('',#12138);
#13413 = OVER_RIDING_STYLED_ITEM('overriding color',(#13414),#11497,
  #12123);
#13414 = PRESENTATION_STYLE_ASSIGNMENT((#13415));
#13415 = SURFACE_STYLE_USAGE(.BOTH.,#13416);
#13416 = SURFACE_SIDE_STYLE('',(#13417));
#13417 = SURFACE_STYLE_FILL_AREA(#13418);
#13418 = FILL_AREA_STYLE('',(#13419));
#13419 = FILL_AREA_STYLE_COLOUR('',#12138);
#13420 = OVER_RIDING_STYLED_ITEM('overriding color',(#13421),#11514,
  #12123);
#13421 = PRESENTATION_STYLE_ASSIGNMENT((#13422));
#13422 = SURFACE_STYLE_USAGE(.BOTH.,#13423);
#13423 = SURFACE_SIDE_STYLE('',(#13424));
#13424 = SURFACE_STYLE_FILL_AREA(#13425);
#13425 = FILL_AREA_STYLE('',(#13426));
#13426 = FILL_AREA_STYLE_COLOUR('',#12138);
#13427 = OVER_RIDING_STYLED_ITEM('overriding color',(#13428),#11531,
  #12123);
#13428 = PRESENTATION_STYLE_ASSIGNMENT((#13429));
#13429 = SURFACE_STYLE_USAGE(.BOTH.,#13430);
#13430 = SURFACE_SIDE_STYLE('',(#13431));
#13431 = SURFACE_STYLE_FILL_AREA(#13432);
#13432 = FILL_AREA_STYLE('',(#13433));
#13433 = FILL_AREA_STYLE_COLOUR('',#12138);
#13434 = OVER_RIDING_STYLED_ITEM('overriding color',(#13435),#11549,
  #12123);
#13435 = PRESENTATION_STYLE_ASSIGNMENT((#13436));
#13436 = SURFACE_STYLE_USAGE(.BOTH.,#13437);
#13437 = SURFACE_SIDE_STYLE('',(#13438));
#13438 = SURFACE_STYLE_FILL_AREA(#13439);
#13439 = FILL_AREA_STYLE('',(#13440));
#13440 = FILL_AREA_STYLE_COLOUR('',#12138);
#13441 = OVER_RIDING_STYLED_ITEM('overriding color',(#13442),#11567,
  #12123);
#13442 = PRESENTATION_STYLE_ASSIGNMENT((#13443));
#13443 = SURFACE_STYLE_USAGE(.BOTH.,#13444);
#13444 = SURFACE_SIDE_STYLE('',(#13445));
#13445 = SURFACE_STYLE_FILL_AREA(#13446);
#13446 = FILL_AREA_STYLE('',(#13447));
#13447 = FILL_AREA_STYLE_COLOUR('',#12138);
ENDSEC;
END-ISO-10303-21;
