ISO-10303-21;
HEADER;
FILE_DESCRIPTION(('Open CASCADE Model'),'2;1');
FILE_NAME('Open CASCADE Shape Model','2026-04-21T15:11:37',('Author'),(
    'Open CASCADE'),'Open CASCADE STEP processor 7.5','Open CASCADE 7.5'
  ,'Unknown');
FILE_SCHEMA(('AUTOMOTIVE_DESIGN { 1 0 10303 214 1 1 1 1 }'));
ENDSEC;
DATA;
#1 = APPLICATION_PROTOCOL_DEFINITION('international standard',
  'automotive_design',2000,#2);
#2 = APPLICATION_CONTEXT(
  'core data for automotive mechanical design processes');
#3 = SHAPE_DEFINITION_REPRESENTATION(#4,#10);
#4 = PRODUCT_DEFINITION_SHAPE('','',#5);
#5 = PRODUCT_DEFINITION('design','',#6,#9);
#6 = PRODUCT_DEFINITION_FORMATION('','',#7);
#7 = PRODUCT('Open CASCADE STEP translator 7.5 34',
  'Open CASCADE STEP translator 7.5 34','',(#8));
#8 = PRODUCT_CONTEXT('',#2,'mechanical');
#9 = PRODUCT_DEFINITION_CONTEXT('part definition',#2,'design');
#10 = ADVANCED_BREP_SHAPE_REPRESENTATION('',(#11,#15),#1543);
#11 = AXIS2_PLACEMENT_3D('',#12,#13,#14);
#12 = CARTESIAN_POINT('',(0.,0.,0.));
#13 = DIRECTION('',(0.,0.,1.));
#14 = DIRECTION('',(1.,0.,-0.));
#15 = MANIFOLD_SOLID_BREP('',#16);
#16 = CLOSED_SHELL('',(#17,#59,#90,#123,#154,#187,#218,#251,#282,#315,
    #346,#379,#410,#443,#474,#507,#529,#562,#595,#628,#661,#694,#727,
    #760,#793,#833,#866,#897,#921,#961,#994,#1025,#1049,#1089,#1122,
    #1153,#1177,#1210,#1243,#1276,#1309,#1342,#1375,#1459));
#17 = ADVANCED_FACE('',(#18),#54,.T.);
#18 = FACE_BOUND('',#19,.T.);
#19 = EDGE_LOOP('',(#20,#30,#39,#47));
#20 = ORIENTED_EDGE('',*,*,#21,.T.);
#21 = EDGE_CURVE('',#22,#24,#26,.T.);
#22 = VERTEX_POINT('',#23);
#23 = CARTESIAN_POINT('',(-21.4,-15.,-1.00000054));
#24 = VERTEX_POINT('',#25);
#25 = CARTESIAN_POINT('',(-21.4,-15.,0.));
#26 = LINE('',#27,#28);
#27 = CARTESIAN_POINT('',(-21.4,-15.,-1.00000054));
#28 = VECTOR('',#29,1.);
#29 = DIRECTION('',(0.,0.,1.));
#30 = ORIENTED_EDGE('',*,*,#31,.T.);
#31 = EDGE_CURVE('',#24,#32,#34,.T.);
#32 = VERTEX_POINT('',#33);
#33 = CARTESIAN_POINT('',(-22.4,-14.,0.));
#34 = CIRCLE('',#35,1.000364800791);
#35 = AXIS2_PLACEMENT_3D('',#36,#37,#38);
#36 = CARTESIAN_POINT('',(-21.3996352657,-13.9996352657,0.));
#37 = DIRECTION('',(0.,0.,-1.));
#38 = DIRECTION('',(-3.646012926767E-04,-0.999999933533,-0.));
#39 = ORIENTED_EDGE('',*,*,#40,.F.);
#40 = EDGE_CURVE('',#41,#32,#43,.T.);
#41 = VERTEX_POINT('',#42);
#42 = CARTESIAN_POINT('',(-22.4,-14.,-1.00000054));
#43 = LINE('',#44,#45);
#44 = CARTESIAN_POINT('',(-22.4,-14.,-1.00000054));
#45 = VECTOR('',#46,1.);
#46 = DIRECTION('',(0.,0.,1.));
#47 = ORIENTED_EDGE('',*,*,#48,.F.);
#48 = EDGE_CURVE('',#22,#41,#49,.T.);
#49 = CIRCLE('',#50,1.000364800791);
#50 = AXIS2_PLACEMENT_3D('',#51,#52,#53);
#51 = CARTESIAN_POINT('',(-21.3996352657,-13.9996352657,-1.00000054));
#52 = DIRECTION('',(0.,0.,-1.));
#53 = DIRECTION('',(-3.646012926767E-04,-0.999999933533,-0.));
#54 = CYLINDRICAL_SURFACE('',#55,1.000364800791);
#55 = AXIS2_PLACEMENT_3D('',#56,#57,#58);
#56 = CARTESIAN_POINT('',(-21.3996352657,-13.9996352657,-1.00000054));
#57 = DIRECTION('',(0.,0.,-1.));
#58 = DIRECTION('',(-3.646012926767E-04,-0.999999933533,-0.));
#59 = ADVANCED_FACE('',(#60),#85,.T.);
#60 = FACE_BOUND('',#61,.T.);
#61 = EDGE_LOOP('',(#62,#63,#71,#79));
#62 = ORIENTED_EDGE('',*,*,#40,.T.);
#63 = ORIENTED_EDGE('',*,*,#64,.T.);
#64 = EDGE_CURVE('',#32,#65,#67,.T.);
#65 = VERTEX_POINT('',#66);
#66 = CARTESIAN_POINT('',(-22.4,2.7,0.));
#67 = LINE('',#68,#69);
#68 = CARTESIAN_POINT('',(-22.4,-14.,0.));
#69 = VECTOR('',#70,1.);
#70 = DIRECTION('',(0.,1.,0.));
#71 = ORIENTED_EDGE('',*,*,#72,.F.);
#72 = EDGE_CURVE('',#73,#65,#75,.T.);
#73 = VERTEX_POINT('',#74);
#74 = CARTESIAN_POINT('',(-22.4,2.7,-1.00000054));
#75 = LINE('',#76,#77);
#76 = CARTESIAN_POINT('',(-22.4,2.7,-1.00000054));
#77 = VECTOR('',#78,1.);
#78 = DIRECTION('',(0.,0.,1.));
#79 = ORIENTED_EDGE('',*,*,#80,.F.);
#80 = EDGE_CURVE('',#41,#73,#81,.T.);
#81 = LINE('',#82,#83);
#82 = CARTESIAN_POINT('',(-22.4,-14.,-1.00000054));
#83 = VECTOR('',#84,1.);
#84 = DIRECTION('',(0.,1.,0.));
#85 = PLANE('',#86);
#86 = AXIS2_PLACEMENT_3D('',#87,#88,#89);
#87 = CARTESIAN_POINT('',(-22.4,-14.,-1.00000054));
#88 = DIRECTION('',(-1.,0.,0.));
#89 = DIRECTION('',(0.,1.,0.));
#90 = ADVANCED_FACE('',(#91),#118,.T.);
#91 = FACE_BOUND('',#92,.T.);
#92 = EDGE_LOOP('',(#93,#94,#103,#111));
#93 = ORIENTED_EDGE('',*,*,#72,.T.);
#94 = ORIENTED_EDGE('',*,*,#95,.T.);
#95 = EDGE_CURVE('',#65,#96,#98,.T.);
#96 = VERTEX_POINT('',#97);
#97 = CARTESIAN_POINT('',(-21.4,3.7,0.));
#98 = CIRCLE('',#99,1.000364800791);
#99 = AXIS2_PLACEMENT_3D('',#100,#101,#102);
#100 = CARTESIAN_POINT('',(-21.3996352657,2.6996352657,0.));
#101 = DIRECTION('',(0.,0.,-1.));
#102 = DIRECTION('',(-0.999999933533,3.646012926762E-04,0.));
#103 = ORIENTED_EDGE('',*,*,#104,.F.);
#104 = EDGE_CURVE('',#105,#96,#107,.T.);
#105 = VERTEX_POINT('',#106);
#106 = CARTESIAN_POINT('',(-21.4,3.7,-1.00000054));
#107 = LINE('',#108,#109);
#108 = CARTESIAN_POINT('',(-21.4,3.7,-1.00000054));
#109 = VECTOR('',#110,1.);
#110 = DIRECTION('',(0.,0.,1.));
#111 = ORIENTED_EDGE('',*,*,#112,.F.);
#112 = EDGE_CURVE('',#73,#105,#113,.T.);
#113 = CIRCLE('',#114,1.000364800791);
#114 = AXIS2_PLACEMENT_3D('',#115,#116,#117);
#115 = CARTESIAN_POINT('',(-21.3996352657,2.6996352657,-1.00000054));
#116 = DIRECTION('',(0.,0.,-1.));
#117 = DIRECTION('',(-0.999999933533,3.646012926762E-04,0.));
#118 = CYLINDRICAL_SURFACE('',#119,1.000364800791);
#119 = AXIS2_PLACEMENT_3D('',#120,#121,#122);
#120 = CARTESIAN_POINT('',(-21.3996352657,2.6996352657,-1.00000054));
#121 = DIRECTION('',(0.,0.,-1.));
#122 = DIRECTION('',(-0.999999933533,3.646012926762E-04,0.));
#123 = ADVANCED_FACE('',(#124),#149,.T.);
#124 = FACE_BOUND('',#125,.T.);
#125 = EDGE_LOOP('',(#126,#127,#135,#143));
#126 = ORIENTED_EDGE('',*,*,#104,.T.);
#127 = ORIENTED_EDGE('',*,*,#128,.T.);
#128 = EDGE_CURVE('',#96,#129,#131,.T.);
#129 = VERTEX_POINT('',#130);
#130 = CARTESIAN_POINT('',(-13.4,3.7,0.));
#131 = LINE('',#132,#133);
#132 = CARTESIAN_POINT('',(-21.4,3.7,0.));
#133 = VECTOR('',#134,1.);
#134 = DIRECTION('',(1.,0.,0.));
#135 = ORIENTED_EDGE('',*,*,#136,.F.);
#136 = EDGE_CURVE('',#137,#129,#139,.T.);
#137 = VERTEX_POINT('',#138);
#138 = CARTESIAN_POINT('',(-13.4,3.7,-1.00000054));
#139 = LINE('',#140,#141);
#140 = CARTESIAN_POINT('',(-13.4,3.7,-1.00000054));
#141 = VECTOR('',#142,1.);
#142 = DIRECTION('',(0.,0.,1.));
#143 = ORIENTED_EDGE('',*,*,#144,.F.);
#144 = EDGE_CURVE('',#105,#137,#145,.T.);
#145 = LINE('',#146,#147);
#146 = CARTESIAN_POINT('',(-21.4,3.7,-1.00000054));
#147 = VECTOR('',#148,1.);
#148 = DIRECTION('',(1.,0.,0.));
#149 = PLANE('',#150);
#150 = AXIS2_PLACEMENT_3D('',#151,#152,#153);
#151 = CARTESIAN_POINT('',(-21.4,3.7,-1.00000054));
#152 = DIRECTION('',(0.,1.,0.));
#153 = DIRECTION('',(1.,0.,0.));
#154 = ADVANCED_FACE('',(#155),#182,.T.);
#155 = FACE_BOUND('',#156,.T.);
#156 = EDGE_LOOP('',(#157,#158,#167,#175));
#157 = ORIENTED_EDGE('',*,*,#136,.T.);
#158 = ORIENTED_EDGE('',*,*,#159,.T.);
#159 = EDGE_CURVE('',#129,#160,#162,.T.);
#160 = VERTEX_POINT('',#161);
#161 = CARTESIAN_POINT('',(-12.4,2.7,0.));
#162 = CIRCLE('',#163,1.000364800791);
#163 = AXIS2_PLACEMENT_3D('',#164,#165,#166);
#164 = CARTESIAN_POINT('',(-13.4003647343,2.6996352657,0.));
#165 = DIRECTION('',(0.,0.,-1.));
#166 = DIRECTION('',(3.646012926767E-04,0.999999933533,0.));
#167 = ORIENTED_EDGE('',*,*,#168,.F.);
#168 = EDGE_CURVE('',#169,#160,#171,.T.);
#169 = VERTEX_POINT('',#170);
#170 = CARTESIAN_POINT('',(-12.4,2.7,-1.00000054));
#171 = LINE('',#172,#173);
#172 = CARTESIAN_POINT('',(-12.4,2.7,-1.00000054));
#173 = VECTOR('',#174,1.);
#174 = DIRECTION('',(0.,0.,1.));
#175 = ORIENTED_EDGE('',*,*,#176,.F.);
#176 = EDGE_CURVE('',#137,#169,#177,.T.);
#177 = CIRCLE('',#178,1.000364800791);
#178 = AXIS2_PLACEMENT_3D('',#179,#180,#181);
#179 = CARTESIAN_POINT('',(-13.4003647343,2.6996352657,-1.00000054));
#180 = DIRECTION('',(0.,0.,-1.));
#181 = DIRECTION('',(3.646012926767E-04,0.999999933533,0.));
#182 = CYLINDRICAL_SURFACE('',#183,1.000364800791);
#183 = AXIS2_PLACEMENT_3D('',#184,#185,#186);
#184 = CARTESIAN_POINT('',(-13.4003647343,2.6996352657,-1.00000054));
#185 = DIRECTION('',(0.,0.,-1.));
#186 = DIRECTION('',(3.646012926767E-04,0.999999933533,0.));
#187 = ADVANCED_FACE('',(#188),#213,.T.);
#188 = FACE_BOUND('',#189,.T.);
#189 = EDGE_LOOP('',(#190,#191,#199,#207));
#190 = ORIENTED_EDGE('',*,*,#168,.T.);
#191 = ORIENTED_EDGE('',*,*,#192,.T.);
#192 = EDGE_CURVE('',#160,#193,#195,.T.);
#193 = VERTEX_POINT('',#194);
#194 = CARTESIAN_POINT('',(-12.4,1.1,0.));
#195 = LINE('',#196,#197);
#196 = CARTESIAN_POINT('',(-12.4,2.7,0.));
#197 = VECTOR('',#198,1.);
#198 = DIRECTION('',(0.,-1.,0.));
#199 = ORIENTED_EDGE('',*,*,#200,.F.);
#200 = EDGE_CURVE('',#201,#193,#203,.T.);
#201 = VERTEX_POINT('',#202);
#202 = CARTESIAN_POINT('',(-12.4,1.1,-1.00000054));
#203 = LINE('',#204,#205);
#204 = CARTESIAN_POINT('',(-12.4,1.1,-1.00000054));
#205 = VECTOR('',#206,1.);
#206 = DIRECTION('',(0.,0.,1.));
#207 = ORIENTED_EDGE('',*,*,#208,.F.);
#208 = EDGE_CURVE('',#169,#201,#209,.T.);
#209 = LINE('',#210,#211);
#210 = CARTESIAN_POINT('',(-12.4,2.7,-1.00000054));
#211 = VECTOR('',#212,1.);
#212 = DIRECTION('',(0.,-1.,0.));
#213 = PLANE('',#214);
#214 = AXIS2_PLACEMENT_3D('',#215,#216,#217);
#215 = CARTESIAN_POINT('',(-12.4,2.7,-1.00000054));
#216 = DIRECTION('',(1.,0.,-0.));
#217 = DIRECTION('',(0.,-1.,0.));
#218 = ADVANCED_FACE('',(#219),#246,.F.);
#219 = FACE_BOUND('',#220,.T.);
#220 = EDGE_LOOP('',(#221,#222,#231,#239));
#221 = ORIENTED_EDGE('',*,*,#200,.T.);
#222 = ORIENTED_EDGE('',*,*,#223,.T.);
#223 = EDGE_CURVE('',#193,#224,#226,.T.);
#224 = VERTEX_POINT('',#225);
#225 = CARTESIAN_POINT('',(-11.4,1.E-01,0.));
#226 = CIRCLE('',#227,1.000364800791);
#227 = AXIS2_PLACEMENT_3D('',#228,#229,#230);
#228 = CARTESIAN_POINT('',(-11.3996352657,1.1003647343,0.));
#229 = DIRECTION('',(0.,0.,1.));
#230 = DIRECTION('',(-0.999999933533,-3.646012926789E-04,0.));
#231 = ORIENTED_EDGE('',*,*,#232,.F.);
#232 = EDGE_CURVE('',#233,#224,#235,.T.);
#233 = VERTEX_POINT('',#234);
#234 = CARTESIAN_POINT('',(-11.4,1.E-01,-1.00000054));
#235 = LINE('',#236,#237);
#236 = CARTESIAN_POINT('',(-11.4,1.E-01,-1.00000054));
#237 = VECTOR('',#238,1.);
#238 = DIRECTION('',(0.,0.,1.));
#239 = ORIENTED_EDGE('',*,*,#240,.F.);
#240 = EDGE_CURVE('',#201,#233,#241,.T.);
#241 = CIRCLE('',#242,1.000364800791);
#242 = AXIS2_PLACEMENT_3D('',#243,#244,#245);
#243 = CARTESIAN_POINT('',(-11.3996352657,1.1003647343,-1.00000054));
#244 = DIRECTION('',(0.,0.,1.));
#245 = DIRECTION('',(-0.999999933533,-3.646012926789E-04,0.));
#246 = CYLINDRICAL_SURFACE('',#247,1.000364800791);
#247 = AXIS2_PLACEMENT_3D('',#248,#249,#250);
#248 = CARTESIAN_POINT('',(-11.3996352657,1.1003647343,-1.00000054));
#249 = DIRECTION('',(-0.,-0.,-1.));
#250 = DIRECTION('',(-0.999999933533,-3.646012926789E-04,0.));
#251 = ADVANCED_FACE('',(#252),#277,.T.);
#252 = FACE_BOUND('',#253,.T.);
#253 = EDGE_LOOP('',(#254,#255,#263,#271));
#254 = ORIENTED_EDGE('',*,*,#232,.T.);
#255 = ORIENTED_EDGE('',*,*,#256,.T.);
#256 = EDGE_CURVE('',#224,#257,#259,.T.);
#257 = VERTEX_POINT('',#258);
#258 = CARTESIAN_POINT('',(-6.5,1.E-01,0.));
#259 = LINE('',#260,#261);
#260 = CARTESIAN_POINT('',(-11.4,0.1,0.));
#261 = VECTOR('',#262,1.);
#262 = DIRECTION('',(1.,0.,0.));
#263 = ORIENTED_EDGE('',*,*,#264,.F.);
#264 = EDGE_CURVE('',#265,#257,#267,.T.);
#265 = VERTEX_POINT('',#266);
#266 = CARTESIAN_POINT('',(-6.5,1.E-01,-1.00000054));
#267 = LINE('',#268,#269);
#268 = CARTESIAN_POINT('',(-6.5,1.E-01,-1.00000054));
#269 = VECTOR('',#270,1.);
#270 = DIRECTION('',(0.,0.,1.));
#271 = ORIENTED_EDGE('',*,*,#272,.F.);
#272 = EDGE_CURVE('',#233,#265,#273,.T.);
#273 = LINE('',#274,#275);
#274 = CARTESIAN_POINT('',(-11.4,0.1,-1.00000054));
#275 = VECTOR('',#276,1.);
#276 = DIRECTION('',(1.,0.,0.));
#277 = PLANE('',#278);
#278 = AXIS2_PLACEMENT_3D('',#279,#280,#281);
#279 = CARTESIAN_POINT('',(-11.4,0.1,-1.00000054));
#280 = DIRECTION('',(0.,1.,0.));
#281 = DIRECTION('',(1.,0.,0.));
#282 = ADVANCED_FACE('',(#283),#310,.T.);
#283 = FACE_BOUND('',#284,.T.);
#284 = EDGE_LOOP('',(#285,#286,#295,#303));
#285 = ORIENTED_EDGE('',*,*,#264,.T.);
#286 = ORIENTED_EDGE('',*,*,#287,.T.);
#287 = EDGE_CURVE('',#257,#288,#290,.T.);
#288 = VERTEX_POINT('',#289);
#289 = CARTESIAN_POINT('',(-5.5,-0.9,0.));
#290 = CIRCLE('',#291,1.000364800791);
#291 = AXIS2_PLACEMENT_3D('',#292,#293,#294);
#292 = CARTESIAN_POINT('',(-6.5003647343,-0.9003647343,0.));
#293 = DIRECTION('',(0.,0.,-1.));
#294 = DIRECTION('',(3.646012926767E-04,0.999999933533,0.));
#295 = ORIENTED_EDGE('',*,*,#296,.F.);
#296 = EDGE_CURVE('',#297,#288,#299,.T.);
#297 = VERTEX_POINT('',#298);
#298 = CARTESIAN_POINT('',(-5.5,-0.9,-1.00000054));
#299 = LINE('',#300,#301);
#300 = CARTESIAN_POINT('',(-5.5,-0.9,-1.00000054));
#301 = VECTOR('',#302,1.);
#302 = DIRECTION('',(0.,0.,1.));
#303 = ORIENTED_EDGE('',*,*,#304,.F.);
#304 = EDGE_CURVE('',#265,#297,#305,.T.);
#305 = CIRCLE('',#306,1.000364800791);
#306 = AXIS2_PLACEMENT_3D('',#307,#308,#309);
#307 = CARTESIAN_POINT('',(-6.5003647343,-0.9003647343,-1.00000054));
#308 = DIRECTION('',(0.,0.,-1.));
#309 = DIRECTION('',(3.646012926767E-04,0.999999933533,0.));
#310 = CYLINDRICAL_SURFACE('',#311,1.000364800791);
#311 = AXIS2_PLACEMENT_3D('',#312,#313,#314);
#312 = CARTESIAN_POINT('',(-6.5003647343,-0.9003647343,-1.00000054));
#313 = DIRECTION('',(0.,0.,-1.));
#314 = DIRECTION('',(3.646012926767E-04,0.999999933533,0.));
#315 = ADVANCED_FACE('',(#316),#341,.T.);
#316 = FACE_BOUND('',#317,.T.);
#317 = EDGE_LOOP('',(#318,#319,#327,#335));
#318 = ORIENTED_EDGE('',*,*,#296,.T.);
#319 = ORIENTED_EDGE('',*,*,#320,.T.);
#320 = EDGE_CURVE('',#288,#321,#323,.T.);
#321 = VERTEX_POINT('',#322);
#322 = CARTESIAN_POINT('',(-5.5,-2.9,0.));
#323 = LINE('',#324,#325);
#324 = CARTESIAN_POINT('',(-5.5,-0.9,0.));
#325 = VECTOR('',#326,1.);
#326 = DIRECTION('',(0.,-1.,0.));
#327 = ORIENTED_EDGE('',*,*,#328,.F.);
#328 = EDGE_CURVE('',#329,#321,#331,.T.);
#329 = VERTEX_POINT('',#330);
#330 = CARTESIAN_POINT('',(-5.5,-2.9,-1.00000054));
#331 = LINE('',#332,#333);
#332 = CARTESIAN_POINT('',(-5.5,-2.9,-1.00000054));
#333 = VECTOR('',#334,1.);
#334 = DIRECTION('',(0.,0.,1.));
#335 = ORIENTED_EDGE('',*,*,#336,.F.);
#336 = EDGE_CURVE('',#297,#329,#337,.T.);
#337 = LINE('',#338,#339);
#338 = CARTESIAN_POINT('',(-5.5,-0.9,-1.00000054));
#339 = VECTOR('',#340,1.);
#340 = DIRECTION('',(0.,-1.,0.));
#341 = PLANE('',#342);
#342 = AXIS2_PLACEMENT_3D('',#343,#344,#345);
#343 = CARTESIAN_POINT('',(-5.5,-0.9,-1.00000054));
#344 = DIRECTION('',(1.,0.,-0.));
#345 = DIRECTION('',(0.,-1.,0.));
#346 = ADVANCED_FACE('',(#347),#374,.T.);
#347 = FACE_BOUND('',#348,.T.);
#348 = EDGE_LOOP('',(#349,#350,#359,#367));
#349 = ORIENTED_EDGE('',*,*,#328,.T.);
#350 = ORIENTED_EDGE('',*,*,#351,.T.);
#351 = EDGE_CURVE('',#321,#352,#354,.T.);
#352 = VERTEX_POINT('',#353);
#353 = CARTESIAN_POINT('',(-6.5,-3.9,0.));
#354 = CIRCLE('',#355,1.000364800791);
#355 = AXIS2_PLACEMENT_3D('',#356,#357,#358);
#356 = CARTESIAN_POINT('',(-6.5003647343,-2.8996352657,0.));
#357 = DIRECTION('',(0.,0.,-1.));
#358 = DIRECTION('',(0.999999933533,-3.646012926771E-04,0.));
#359 = ORIENTED_EDGE('',*,*,#360,.F.);
#360 = EDGE_CURVE('',#361,#352,#363,.T.);
#361 = VERTEX_POINT('',#362);
#362 = CARTESIAN_POINT('',(-6.5,-3.9,-1.00000054));
#363 = LINE('',#364,#365);
#364 = CARTESIAN_POINT('',(-6.5,-3.9,-1.00000054));
#365 = VECTOR('',#366,1.);
#366 = DIRECTION('',(0.,0.,1.));
#367 = ORIENTED_EDGE('',*,*,#368,.F.);
#368 = EDGE_CURVE('',#329,#361,#369,.T.);
#369 = CIRCLE('',#370,1.000364800791);
#370 = AXIS2_PLACEMENT_3D('',#371,#372,#373);
#371 = CARTESIAN_POINT('',(-6.5003647343,-2.8996352657,-1.00000054));
#372 = DIRECTION('',(0.,0.,-1.));
#373 = DIRECTION('',(0.999999933533,-3.646012926771E-04,0.));
#374 = CYLINDRICAL_SURFACE('',#375,1.000364800791);
#375 = AXIS2_PLACEMENT_3D('',#376,#377,#378);
#376 = CARTESIAN_POINT('',(-6.5003647343,-2.8996352657,-1.00000054));
#377 = DIRECTION('',(0.,0.,-1.));
#378 = DIRECTION('',(0.999999933533,-3.646012926771E-04,0.));
#379 = ADVANCED_FACE('',(#380),#405,.T.);
#380 = FACE_BOUND('',#381,.T.);
#381 = EDGE_LOOP('',(#382,#383,#391,#399));
#382 = ORIENTED_EDGE('',*,*,#360,.T.);
#383 = ORIENTED_EDGE('',*,*,#384,.T.);
#384 = EDGE_CURVE('',#352,#385,#387,.T.);
#385 = VERTEX_POINT('',#386);
#386 = CARTESIAN_POINT('',(-12.3,-3.9,0.));
#387 = LINE('',#388,#389);
#388 = CARTESIAN_POINT('',(-6.5,-3.9,0.));
#389 = VECTOR('',#390,1.);
#390 = DIRECTION('',(-1.,0.,0.));
#391 = ORIENTED_EDGE('',*,*,#392,.F.);
#392 = EDGE_CURVE('',#393,#385,#395,.T.);
#393 = VERTEX_POINT('',#394);
#394 = CARTESIAN_POINT('',(-12.3,-3.9,-1.00000054));
#395 = LINE('',#396,#397);
#396 = CARTESIAN_POINT('',(-12.3,-3.9,-1.00000054));
#397 = VECTOR('',#398,1.);
#398 = DIRECTION('',(0.,0.,1.));
#399 = ORIENTED_EDGE('',*,*,#400,.F.);
#400 = EDGE_CURVE('',#361,#393,#401,.T.);
#401 = LINE('',#402,#403);
#402 = CARTESIAN_POINT('',(-6.5,-3.9,-1.00000054));
#403 = VECTOR('',#404,1.);
#404 = DIRECTION('',(-1.,0.,0.));
#405 = PLANE('',#406);
#406 = AXIS2_PLACEMENT_3D('',#407,#408,#409);
#407 = CARTESIAN_POINT('',(-6.5,-3.9,-1.00000054));
#408 = DIRECTION('',(0.,-1.,0.));
#409 = DIRECTION('',(-1.,0.,0.));
#410 = ADVANCED_FACE('',(#411),#438,.F.);
#411 = FACE_BOUND('',#412,.T.);
#412 = EDGE_LOOP('',(#413,#414,#423,#431));
#413 = ORIENTED_EDGE('',*,*,#392,.T.);
#414 = ORIENTED_EDGE('',*,*,#415,.T.);
#415 = EDGE_CURVE('',#385,#416,#418,.T.);
#416 = VERTEX_POINT('',#417);
#417 = CARTESIAN_POINT('',(-13.3,-4.9,0.));
#418 = CIRCLE('',#419,1.000364800791);
#419 = AXIS2_PLACEMENT_3D('',#420,#421,#422);
#420 = CARTESIAN_POINT('',(-12.2996352657,-4.9003647343,0.));
#421 = DIRECTION('',(0.,0.,1.));
#422 = DIRECTION('',(-3.646012926767E-04,0.999999933533,0.));
#423 = ORIENTED_EDGE('',*,*,#424,.F.);
#424 = EDGE_CURVE('',#425,#416,#427,.T.);
#425 = VERTEX_POINT('',#426);
#426 = CARTESIAN_POINT('',(-13.3,-4.9,-1.00000054));
#427 = LINE('',#428,#429);
#428 = CARTESIAN_POINT('',(-13.3,-4.9,-1.00000054));
#429 = VECTOR('',#430,1.);
#430 = DIRECTION('',(0.,0.,1.));
#431 = ORIENTED_EDGE('',*,*,#432,.F.);
#432 = EDGE_CURVE('',#393,#425,#433,.T.);
#433 = CIRCLE('',#434,1.000364800791);
#434 = AXIS2_PLACEMENT_3D('',#435,#436,#437);
#435 = CARTESIAN_POINT('',(-12.2996352657,-4.9003647343,-1.00000054));
#436 = DIRECTION('',(0.,0.,1.));
#437 = DIRECTION('',(-3.646012926767E-04,0.999999933533,0.));
#438 = CYLINDRICAL_SURFACE('',#439,1.000364800791);
#439 = AXIS2_PLACEMENT_3D('',#440,#441,#442);
#440 = CARTESIAN_POINT('',(-12.2996352657,-4.9003647343,-1.00000054));
#441 = DIRECTION('',(-0.,-0.,-1.));
#442 = DIRECTION('',(-3.646012926767E-04,0.999999933533,0.));
#443 = ADVANCED_FACE('',(#444),#469,.T.);
#444 = FACE_BOUND('',#445,.T.);
#445 = EDGE_LOOP('',(#446,#447,#455,#463));
#446 = ORIENTED_EDGE('',*,*,#424,.T.);
#447 = ORIENTED_EDGE('',*,*,#448,.T.);
#448 = EDGE_CURVE('',#416,#449,#451,.T.);
#449 = VERTEX_POINT('',#450);
#450 = CARTESIAN_POINT('',(-13.3,-14.,0.));
#451 = LINE('',#452,#453);
#452 = CARTESIAN_POINT('',(-13.3,-4.9,0.));
#453 = VECTOR('',#454,1.);
#454 = DIRECTION('',(0.,-1.,0.));
#455 = ORIENTED_EDGE('',*,*,#456,.F.);
#456 = EDGE_CURVE('',#457,#449,#459,.T.);
#457 = VERTEX_POINT('',#458);
#458 = CARTESIAN_POINT('',(-13.3,-14.,-1.00000054));
#459 = LINE('',#460,#461);
#460 = CARTESIAN_POINT('',(-13.3,-14.,-1.00000054));
#461 = VECTOR('',#462,1.);
#462 = DIRECTION('',(0.,0.,1.));
#463 = ORIENTED_EDGE('',*,*,#464,.F.);
#464 = EDGE_CURVE('',#425,#457,#465,.T.);
#465 = LINE('',#466,#467);
#466 = CARTESIAN_POINT('',(-13.3,-4.9,-1.00000054));
#467 = VECTOR('',#468,1.);
#468 = DIRECTION('',(0.,-1.,0.));
#469 = PLANE('',#470);
#470 = AXIS2_PLACEMENT_3D('',#471,#472,#473);
#471 = CARTESIAN_POINT('',(-13.3,-4.9,-1.00000054));
#472 = DIRECTION('',(1.,0.,-0.));
#473 = DIRECTION('',(0.,-1.,0.));
#474 = ADVANCED_FACE('',(#475),#502,.T.);
#475 = FACE_BOUND('',#476,.T.);
#476 = EDGE_LOOP('',(#477,#478,#487,#495));
#477 = ORIENTED_EDGE('',*,*,#456,.T.);
#478 = ORIENTED_EDGE('',*,*,#479,.T.);
#479 = EDGE_CURVE('',#449,#480,#482,.T.);
#480 = VERTEX_POINT('',#481);
#481 = CARTESIAN_POINT('',(-14.3,-15.,0.));
#482 = CIRCLE('',#483,1.000364800791);
#483 = AXIS2_PLACEMENT_3D('',#484,#485,#486);
#484 = CARTESIAN_POINT('',(-14.3003647343,-13.9996352657,0.));
#485 = DIRECTION('',(0.,0.,-1.));
#486 = DIRECTION('',(0.999999933533,-3.646012926749E-04,0.));
#487 = ORIENTED_EDGE('',*,*,#488,.F.);
#488 = EDGE_CURVE('',#489,#480,#491,.T.);
#489 = VERTEX_POINT('',#490);
#490 = CARTESIAN_POINT('',(-14.3,-15.,-1.00000054));
#491 = LINE('',#492,#493);
#492 = CARTESIAN_POINT('',(-14.3,-15.,-1.00000054));
#493 = VECTOR('',#494,1.);
#494 = DIRECTION('',(0.,0.,1.));
#495 = ORIENTED_EDGE('',*,*,#496,.F.);
#496 = EDGE_CURVE('',#457,#489,#497,.T.);
#497 = CIRCLE('',#498,1.000364800791);
#498 = AXIS2_PLACEMENT_3D('',#499,#500,#501);
#499 = CARTESIAN_POINT('',(-14.3003647343,-13.9996352657,-1.00000054));
#500 = DIRECTION('',(0.,0.,-1.));
#501 = DIRECTION('',(0.999999933533,-3.646012926749E-04,0.));
#502 = CYLINDRICAL_SURFACE('',#503,1.000364800791);
#503 = AXIS2_PLACEMENT_3D('',#504,#505,#506);
#504 = CARTESIAN_POINT('',(-14.3003647343,-13.9996352657,-1.00000054));
#505 = DIRECTION('',(0.,0.,-1.));
#506 = DIRECTION('',(0.999999933533,-3.646012926749E-04,0.));
#507 = ADVANCED_FACE('',(#508),#524,.T.);
#508 = FACE_BOUND('',#509,.T.);
#509 = EDGE_LOOP('',(#510,#511,#517,#518));
#510 = ORIENTED_EDGE('',*,*,#488,.T.);
#511 = ORIENTED_EDGE('',*,*,#512,.T.);
#512 = EDGE_CURVE('',#480,#24,#513,.T.);
#513 = LINE('',#514,#515);
#514 = CARTESIAN_POINT('',(-14.3,-15.,0.));
#515 = VECTOR('',#516,1.);
#516 = DIRECTION('',(-1.,0.,0.));
#517 = ORIENTED_EDGE('',*,*,#21,.F.);
#518 = ORIENTED_EDGE('',*,*,#519,.F.);
#519 = EDGE_CURVE('',#489,#22,#520,.T.);
#520 = LINE('',#521,#522);
#521 = CARTESIAN_POINT('',(-14.3,-15.,-1.00000054));
#522 = VECTOR('',#523,1.);
#523 = DIRECTION('',(-1.,0.,0.));
#524 = PLANE('',#525);
#525 = AXIS2_PLACEMENT_3D('',#526,#527,#528);
#526 = CARTESIAN_POINT('',(-14.3,-15.,-1.00000054));
#527 = DIRECTION('',(0.,-1.,0.));
#528 = DIRECTION('',(-1.,0.,0.));
#529 = ADVANCED_FACE('',(#530),#557,.F.);
#530 = FACE_BOUND('',#531,.T.);
#531 = EDGE_LOOP('',(#532,#542,#549,#550));
#532 = ORIENTED_EDGE('',*,*,#533,.T.);
#533 = EDGE_CURVE('',#534,#536,#538,.T.);
#534 = VERTEX_POINT('',#535);
#535 = CARTESIAN_POINT('',(-20.69,-8.45,-1.00000054));
#536 = VERTEX_POINT('',#537);
#537 = CARTESIAN_POINT('',(-20.69,-8.45,0.));
#538 = LINE('',#539,#540);
#539 = CARTESIAN_POINT('',(-20.69,-8.45,-1.00000054));
#540 = VECTOR('',#541,1.);
#541 = DIRECTION('',(0.,0.,1.));
#542 = ORIENTED_EDGE('',*,*,#543,.T.);
#543 = EDGE_CURVE('',#536,#536,#544,.T.);
#544 = CIRCLE('',#545,0.31);
#545 = AXIS2_PLACEMENT_3D('',#546,#547,#548);
#546 = CARTESIAN_POINT('',(-21.,-8.45,0.));
#547 = DIRECTION('',(0.,0.,1.));
#548 = DIRECTION('',(1.,0.,-0.));
#549 = ORIENTED_EDGE('',*,*,#533,.F.);
#550 = ORIENTED_EDGE('',*,*,#551,.F.);
#551 = EDGE_CURVE('',#534,#534,#552,.T.);
#552 = CIRCLE('',#553,0.31);
#553 = AXIS2_PLACEMENT_3D('',#554,#555,#556);
#554 = CARTESIAN_POINT('',(-21.,-8.45,-1.00000054));
#555 = DIRECTION('',(0.,0.,1.));
#556 = DIRECTION('',(1.,0.,-0.));
#557 = CYLINDRICAL_SURFACE('',#558,0.31);
#558 = AXIS2_PLACEMENT_3D('',#559,#560,#561);
#559 = CARTESIAN_POINT('',(-21.,-8.45,-1.00000054));
#560 = DIRECTION('',(-0.,-0.,-1.));
#561 = DIRECTION('',(1.,0.,-0.));
#562 = ADVANCED_FACE('',(#563),#590,.F.);
#563 = FACE_BOUND('',#564,.T.);
#564 = EDGE_LOOP('',(#565,#575,#582,#583));
#565 = ORIENTED_EDGE('',*,*,#566,.T.);
#566 = EDGE_CURVE('',#567,#569,#571,.T.);
#567 = VERTEX_POINT('',#568);
#568 = CARTESIAN_POINT('',(-20.69,-7.18,-1.00000054));
#569 = VERTEX_POINT('',#570);
#570 = CARTESIAN_POINT('',(-20.69,-7.18,0.));
#571 = LINE('',#572,#573);
#572 = CARTESIAN_POINT('',(-20.69,-7.18,-1.00000054));
#573 = VECTOR('',#574,1.);
#574 = DIRECTION('',(0.,0.,1.));
#575 = ORIENTED_EDGE('',*,*,#576,.T.);
#576 = EDGE_CURVE('',#569,#569,#577,.T.);
#577 = CIRCLE('',#578,0.31);
#578 = AXIS2_PLACEMENT_3D('',#579,#580,#581);
#579 = CARTESIAN_POINT('',(-21.,-7.18,0.));
#580 = DIRECTION('',(0.,0.,1.));
#581 = DIRECTION('',(1.,0.,-0.));
#582 = ORIENTED_EDGE('',*,*,#566,.F.);
#583 = ORIENTED_EDGE('',*,*,#584,.F.);
#584 = EDGE_CURVE('',#567,#567,#585,.T.);
#585 = CIRCLE('',#586,0.31);
#586 = AXIS2_PLACEMENT_3D('',#587,#588,#589);
#587 = CARTESIAN_POINT('',(-21.,-7.18,-1.00000054));
#588 = DIRECTION('',(0.,0.,1.));
#589 = DIRECTION('',(1.,0.,-0.));
#590 = CYLINDRICAL_SURFACE('',#591,0.31);
#591 = AXIS2_PLACEMENT_3D('',#592,#593,#594);
#592 = CARTESIAN_POINT('',(-21.,-7.18,-1.00000054));
#593 = DIRECTION('',(-0.,-0.,-1.));
#594 = DIRECTION('',(1.,0.,-0.));
#595 = ADVANCED_FACE('',(#596),#623,.F.);
#596 = FACE_BOUND('',#597,.T.);
#597 = EDGE_LOOP('',(#598,#608,#615,#616));
#598 = ORIENTED_EDGE('',*,*,#599,.T.);
#599 = EDGE_CURVE('',#600,#602,#604,.T.);
#600 = VERTEX_POINT('',#601);
#601 = CARTESIAN_POINT('',(-20.69,-10.99,-1.00000054));
#602 = VERTEX_POINT('',#603);
#603 = CARTESIAN_POINT('',(-20.69,-10.99,0.));
#604 = LINE('',#605,#606);
#605 = CARTESIAN_POINT('',(-20.69,-10.99,-1.00000054));
#606 = VECTOR('',#607,1.);
#607 = DIRECTION('',(0.,0.,1.));
#608 = ORIENTED_EDGE('',*,*,#609,.T.);
#609 = EDGE_CURVE('',#602,#602,#610,.T.);
#610 = CIRCLE('',#611,0.31);
#611 = AXIS2_PLACEMENT_3D('',#612,#613,#614);
#612 = CARTESIAN_POINT('',(-21.,-10.99,0.));
#613 = DIRECTION('',(0.,0.,1.));
#614 = DIRECTION('',(1.,0.,-0.));
#615 = ORIENTED_EDGE('',*,*,#599,.F.);
#616 = ORIENTED_EDGE('',*,*,#617,.F.);
#617 = EDGE_CURVE('',#600,#600,#618,.T.);
#618 = CIRCLE('',#619,0.31);
#619 = AXIS2_PLACEMENT_3D('',#620,#621,#622);
#620 = CARTESIAN_POINT('',(-21.,-10.99,-1.00000054));
#621 = DIRECTION('',(0.,0.,1.));
#622 = DIRECTION('',(1.,0.,-0.));
#623 = CYLINDRICAL_SURFACE('',#624,0.31);
#624 = AXIS2_PLACEMENT_3D('',#625,#626,#627);
#625 = CARTESIAN_POINT('',(-21.,-10.99,-1.00000054));
#626 = DIRECTION('',(-0.,-0.,-1.));
#627 = DIRECTION('',(1.,0.,-0.));
#628 = ADVANCED_FACE('',(#629),#656,.F.);
#629 = FACE_BOUND('',#630,.T.);
#630 = EDGE_LOOP('',(#631,#641,#648,#649));
#631 = ORIENTED_EDGE('',*,*,#632,.T.);
#632 = EDGE_CURVE('',#633,#635,#637,.T.);
#633 = VERTEX_POINT('',#634);
#634 = CARTESIAN_POINT('',(-20.69,-9.72,-1.00000054));
#635 = VERTEX_POINT('',#636);
#636 = CARTESIAN_POINT('',(-20.69,-9.72,0.));
#637 = LINE('',#638,#639);
#638 = CARTESIAN_POINT('',(-20.69,-9.72,-1.00000054));
#639 = VECTOR('',#640,1.);
#640 = DIRECTION('',(0.,0.,1.));
#641 = ORIENTED_EDGE('',*,*,#642,.T.);
#642 = EDGE_CURVE('',#635,#635,#643,.T.);
#643 = CIRCLE('',#644,0.31);
#644 = AXIS2_PLACEMENT_3D('',#645,#646,#647);
#645 = CARTESIAN_POINT('',(-21.,-9.72,0.));
#646 = DIRECTION('',(0.,0.,1.));
#647 = DIRECTION('',(1.,0.,-0.));
#648 = ORIENTED_EDGE('',*,*,#632,.F.);
#649 = ORIENTED_EDGE('',*,*,#650,.F.);
#650 = EDGE_CURVE('',#633,#633,#651,.T.);
#651 = CIRCLE('',#652,0.31);
#652 = AXIS2_PLACEMENT_3D('',#653,#654,#655);
#653 = CARTESIAN_POINT('',(-21.,-9.72,-1.00000054));
#654 = DIRECTION('',(0.,0.,1.));
#655 = DIRECTION('',(1.,0.,-0.));
#656 = CYLINDRICAL_SURFACE('',#657,0.31);
#657 = AXIS2_PLACEMENT_3D('',#658,#659,#660);
#658 = CARTESIAN_POINT('',(-21.,-9.72,-1.00000054));
#659 = DIRECTION('',(-0.,-0.,-1.));
#660 = DIRECTION('',(1.,0.,-0.));
#661 = ADVANCED_FACE('',(#662),#689,.F.);
#662 = FACE_BOUND('',#663,.T.);
#663 = EDGE_LOOP('',(#664,#674,#681,#682));
#664 = ORIENTED_EDGE('',*,*,#665,.T.);
#665 = EDGE_CURVE('',#666,#668,#670,.T.);
#666 = VERTEX_POINT('',#667);
#667 = CARTESIAN_POINT('',(-20.69,-3.37,-1.00000054));
#668 = VERTEX_POINT('',#669);
#669 = CARTESIAN_POINT('',(-20.69,-3.37,0.));
#670 = LINE('',#671,#672);
#671 = CARTESIAN_POINT('',(-20.69,-3.37,-1.00000054));
#672 = VECTOR('',#673,1.);
#673 = DIRECTION('',(0.,0.,1.));
#674 = ORIENTED_EDGE('',*,*,#675,.T.);
#675 = EDGE_CURVE('',#668,#668,#676,.T.);
#676 = CIRCLE('',#677,0.31);
#677 = AXIS2_PLACEMENT_3D('',#678,#679,#680);
#678 = CARTESIAN_POINT('',(-21.,-3.37,0.));
#679 = DIRECTION('',(0.,0.,1.));
#680 = DIRECTION('',(1.,0.,-0.));
#681 = ORIENTED_EDGE('',*,*,#665,.F.);
#682 = ORIENTED_EDGE('',*,*,#683,.F.);
#683 = EDGE_CURVE('',#666,#666,#684,.T.);
#684 = CIRCLE('',#685,0.31);
#685 = AXIS2_PLACEMENT_3D('',#686,#687,#688);
#686 = CARTESIAN_POINT('',(-21.,-3.37,-1.00000054));
#687 = DIRECTION('',(0.,0.,1.));
#688 = DIRECTION('',(1.,0.,-0.));
#689 = CYLINDRICAL_SURFACE('',#690,0.31);
#690 = AXIS2_PLACEMENT_3D('',#691,#692,#693);
#691 = CARTESIAN_POINT('',(-21.,-3.37,-1.00000054));
#692 = DIRECTION('',(-0.,-0.,-1.));
#693 = DIRECTION('',(1.,0.,-0.));
#694 = ADVANCED_FACE('',(#695),#722,.F.);
#695 = FACE_BOUND('',#696,.T.);
#696 = EDGE_LOOP('',(#697,#707,#714,#715));
#697 = ORIENTED_EDGE('',*,*,#698,.T.);
#698 = EDGE_CURVE('',#699,#701,#703,.T.);
#699 = VERTEX_POINT('',#700);
#700 = CARTESIAN_POINT('',(-20.69,-2.1,-1.00000054));
#701 = VERTEX_POINT('',#702);
#702 = CARTESIAN_POINT('',(-20.69,-2.1,0.));
#703 = LINE('',#704,#705);
#704 = CARTESIAN_POINT('',(-20.69,-2.1,-1.00000054));
#705 = VECTOR('',#706,1.);
#706 = DIRECTION('',(0.,0.,1.));
#707 = ORIENTED_EDGE('',*,*,#708,.T.);
#708 = EDGE_CURVE('',#701,#701,#709,.T.);
#709 = CIRCLE('',#710,0.31);
#710 = AXIS2_PLACEMENT_3D('',#711,#712,#713);
#711 = CARTESIAN_POINT('',(-21.,-2.1,0.));
#712 = DIRECTION('',(0.,0.,1.));
#713 = DIRECTION('',(1.,0.,-0.));
#714 = ORIENTED_EDGE('',*,*,#698,.F.);
#715 = ORIENTED_EDGE('',*,*,#716,.F.);
#716 = EDGE_CURVE('',#699,#699,#717,.T.);
#717 = CIRCLE('',#718,0.31);
#718 = AXIS2_PLACEMENT_3D('',#719,#720,#721);
#719 = CARTESIAN_POINT('',(-21.,-2.1,-1.00000054));
#720 = DIRECTION('',(0.,0.,1.));
#721 = DIRECTION('',(1.,0.,-0.));
#722 = CYLINDRICAL_SURFACE('',#723,0.31);
#723 = AXIS2_PLACEMENT_3D('',#724,#725,#726);
#724 = CARTESIAN_POINT('',(-21.,-2.1,-1.00000054));
#725 = DIRECTION('',(-0.,-0.,-1.));
#726 = DIRECTION('',(1.,0.,-0.));
#727 = ADVANCED_FACE('',(#728),#755,.F.);
#728 = FACE_BOUND('',#729,.T.);
#729 = EDGE_LOOP('',(#730,#740,#747,#748));
#730 = ORIENTED_EDGE('',*,*,#731,.T.);
#731 = EDGE_CURVE('',#732,#734,#736,.T.);
#732 = VERTEX_POINT('',#733);
#733 = CARTESIAN_POINT('',(-20.69,-5.91,-1.00000054));
#734 = VERTEX_POINT('',#735);
#735 = CARTESIAN_POINT('',(-20.69,-5.91,0.));
#736 = LINE('',#737,#738);
#737 = CARTESIAN_POINT('',(-20.69,-5.91,-1.00000054));
#738 = VECTOR('',#739,1.);
#739 = DIRECTION('',(0.,0.,1.));
#740 = ORIENTED_EDGE('',*,*,#741,.T.);
#741 = EDGE_CURVE('',#734,#734,#742,.T.);
#742 = CIRCLE('',#743,0.31);
#743 = AXIS2_PLACEMENT_3D('',#744,#745,#746);
#744 = CARTESIAN_POINT('',(-21.,-5.91,0.));
#745 = DIRECTION('',(0.,0.,1.));
#746 = DIRECTION('',(1.,0.,-0.));
#747 = ORIENTED_EDGE('',*,*,#731,.F.);
#748 = ORIENTED_EDGE('',*,*,#749,.F.);
#749 = EDGE_CURVE('',#732,#732,#750,.T.);
#750 = CIRCLE('',#751,0.31);
#751 = AXIS2_PLACEMENT_3D('',#752,#753,#754);
#752 = CARTESIAN_POINT('',(-21.,-5.91,-1.00000054));
#753 = DIRECTION('',(0.,0.,1.));
#754 = DIRECTION('',(1.,0.,-0.));
#755 = CYLINDRICAL_SURFACE('',#756,0.31);
#756 = AXIS2_PLACEMENT_3D('',#757,#758,#759);
#757 = CARTESIAN_POINT('',(-21.,-5.91,-1.00000054));
#758 = DIRECTION('',(-0.,-0.,-1.));
#759 = DIRECTION('',(1.,0.,-0.));
#760 = ADVANCED_FACE('',(#761),#788,.F.);
#761 = FACE_BOUND('',#762,.T.);
#762 = EDGE_LOOP('',(#763,#773,#780,#781));
#763 = ORIENTED_EDGE('',*,*,#764,.T.);
#764 = EDGE_CURVE('',#765,#767,#769,.T.);
#765 = VERTEX_POINT('',#766);
#766 = CARTESIAN_POINT('',(-20.69,-4.64,-1.00000054));
#767 = VERTEX_POINT('',#768);
#768 = CARTESIAN_POINT('',(-20.69,-4.64,0.));
#769 = LINE('',#770,#771);
#770 = CARTESIAN_POINT('',(-20.69,-4.64,-1.00000054));
#771 = VECTOR('',#772,1.);
#772 = DIRECTION('',(0.,0.,1.));
#773 = ORIENTED_EDGE('',*,*,#774,.T.);
#774 = EDGE_CURVE('',#767,#767,#775,.T.);
#775 = CIRCLE('',#776,0.31);
#776 = AXIS2_PLACEMENT_3D('',#777,#778,#779);
#777 = CARTESIAN_POINT('',(-21.,-4.64,0.));
#778 = DIRECTION('',(0.,0.,1.));
#779 = DIRECTION('',(1.,0.,-0.));
#780 = ORIENTED_EDGE('',*,*,#764,.F.);
#781 = ORIENTED_EDGE('',*,*,#782,.F.);
#782 = EDGE_CURVE('',#765,#765,#783,.T.);
#783 = CIRCLE('',#784,0.31);
#784 = AXIS2_PLACEMENT_3D('',#785,#786,#787);
#785 = CARTESIAN_POINT('',(-21.,-4.64,-1.00000054));
#786 = DIRECTION('',(0.,0.,1.));
#787 = DIRECTION('',(1.,0.,-0.));
#788 = CYLINDRICAL_SURFACE('',#789,0.31);
#789 = AXIS2_PLACEMENT_3D('',#790,#791,#792);
#790 = CARTESIAN_POINT('',(-21.,-4.64,-1.00000054));
#791 = DIRECTION('',(-0.,-0.,-1.));
#792 = DIRECTION('',(1.,0.,-0.));
#793 = ADVANCED_FACE('',(#794),#828,.T.);
#794 = FACE_BOUND('',#795,.T.);
#795 = EDGE_LOOP('',(#796,#806,#814,#822));
#796 = ORIENTED_EDGE('',*,*,#797,.T.);
#797 = EDGE_CURVE('',#798,#800,#802,.T.);
#798 = VERTEX_POINT('',#799);
#799 = CARTESIAN_POINT('',(-16.6249985,-12.30499952,-1.00000054));
#800 = VERTEX_POINT('',#801);
#801 = CARTESIAN_POINT('',(-16.6249985,-12.30499952,0.));
#802 = LINE('',#803,#804);
#803 = CARTESIAN_POINT('',(-16.6249985,-12.30499952,-1.00000054));
#804 = VECTOR('',#805,1.);
#805 = DIRECTION('',(0.,0.,1.));
#806 = ORIENTED_EDGE('',*,*,#807,.T.);
#807 = EDGE_CURVE('',#800,#808,#810,.T.);
#808 = VERTEX_POINT('',#809);
#809 = CARTESIAN_POINT('',(-16.6249985,-11.85500296,0.));
#810 = LINE('',#811,#812);
#811 = CARTESIAN_POINT('',(-16.6249985,-12.30499952,0.));
#812 = VECTOR('',#813,1.);
#813 = DIRECTION('',(0.,1.,0.));
#814 = ORIENTED_EDGE('',*,*,#815,.F.);
#815 = EDGE_CURVE('',#816,#808,#818,.T.);
#816 = VERTEX_POINT('',#817);
#817 = CARTESIAN_POINT('',(-16.6249985,-11.85500296,-1.00000054));
#818 = LINE('',#819,#820);
#819 = CARTESIAN_POINT('',(-16.6249985,-11.85500296,-1.00000054));
#820 = VECTOR('',#821,1.);
#821 = DIRECTION('',(0.,0.,1.));
#822 = ORIENTED_EDGE('',*,*,#823,.F.);
#823 = EDGE_CURVE('',#798,#816,#824,.T.);
#824 = LINE('',#825,#826);
#825 = CARTESIAN_POINT('',(-16.6249985,-12.30499952,-1.00000054));
#826 = VECTOR('',#827,1.);
#827 = DIRECTION('',(0.,1.,0.));
#828 = PLANE('',#829);
#829 = AXIS2_PLACEMENT_3D('',#830,#831,#832);
#830 = CARTESIAN_POINT('',(-16.6249985,-12.30499952,-1.00000054));
#831 = DIRECTION('',(-1.,0.,0.));
#832 = DIRECTION('',(0.,1.,0.));
#833 = ADVANCED_FACE('',(#834),#861,.F.);
#834 = FACE_BOUND('',#835,.T.);
#835 = EDGE_LOOP('',(#836,#837,#846,#854));
#836 = ORIENTED_EDGE('',*,*,#815,.T.);
#837 = ORIENTED_EDGE('',*,*,#838,.T.);
#838 = EDGE_CURVE('',#808,#839,#841,.T.);
#839 = VERTEX_POINT('',#840);
#840 = CARTESIAN_POINT('',(-17.37499954,-11.85500296,0.));
#841 = CIRCLE('',#842,0.37500052);
#842 = AXIS2_PLACEMENT_3D('',#843,#844,#845);
#843 = CARTESIAN_POINT('',(-16.99999902,-11.85500296,0.));
#844 = DIRECTION('',(0.,0.,1.));
#845 = DIRECTION('',(1.,0.,-0.));
#846 = ORIENTED_EDGE('',*,*,#847,.F.);
#847 = EDGE_CURVE('',#848,#839,#850,.T.);
#848 = VERTEX_POINT('',#849);
#849 = CARTESIAN_POINT('',(-17.37499954,-11.85500296,-1.00000054));
#850 = LINE('',#851,#852);
#851 = CARTESIAN_POINT('',(-17.37499954,-11.85500296,-1.00000054));
#852 = VECTOR('',#853,1.);
#853 = DIRECTION('',(0.,0.,1.));
#854 = ORIENTED_EDGE('',*,*,#855,.F.);
#855 = EDGE_CURVE('',#816,#848,#856,.T.);
#856 = CIRCLE('',#857,0.37500052);
#857 = AXIS2_PLACEMENT_3D('',#858,#859,#860);
#858 = CARTESIAN_POINT('',(-16.99999902,-11.85500296,-1.00000054));
#859 = DIRECTION('',(0.,0.,1.));
#860 = DIRECTION('',(1.,0.,-0.));
#861 = CYLINDRICAL_SURFACE('',#862,0.37500052);
#862 = AXIS2_PLACEMENT_3D('',#863,#864,#865);
#863 = CARTESIAN_POINT('',(-16.99999902,-11.85500296,-1.00000054));
#864 = DIRECTION('',(-0.,-0.,-1.));
#865 = DIRECTION('',(1.,0.,-0.));
#866 = ADVANCED_FACE('',(#867),#892,.T.);
#867 = FACE_BOUND('',#868,.T.);
#868 = EDGE_LOOP('',(#869,#870,#878,#886));
#869 = ORIENTED_EDGE('',*,*,#847,.T.);
#870 = ORIENTED_EDGE('',*,*,#871,.T.);
#871 = EDGE_CURVE('',#839,#872,#874,.T.);
#872 = VERTEX_POINT('',#873);
#873 = CARTESIAN_POINT('',(-17.37499954,-12.30499952,0.));
#874 = LINE('',#875,#876);
#875 = CARTESIAN_POINT('',(-17.37499954,-11.85500296,0.));
#876 = VECTOR('',#877,1.);
#877 = DIRECTION('',(0.,-1.,0.));
#878 = ORIENTED_EDGE('',*,*,#879,.F.);
#879 = EDGE_CURVE('',#880,#872,#882,.T.);
#880 = VERTEX_POINT('',#881);
#881 = CARTESIAN_POINT('',(-17.37499954,-12.30499952,-1.00000054));
#882 = LINE('',#883,#884);
#883 = CARTESIAN_POINT('',(-17.37499954,-12.30499952,-1.00000054));
#884 = VECTOR('',#885,1.);
#885 = DIRECTION('',(0.,0.,1.));
#886 = ORIENTED_EDGE('',*,*,#887,.F.);
#887 = EDGE_CURVE('',#848,#880,#888,.T.);
#888 = LINE('',#889,#890);
#889 = CARTESIAN_POINT('',(-17.37499954,-11.85500296,-1.00000054));
#890 = VECTOR('',#891,1.);
#891 = DIRECTION('',(0.,-1.,0.));
#892 = PLANE('',#893);
#893 = AXIS2_PLACEMENT_3D('',#894,#895,#896);
#894 = CARTESIAN_POINT('',(-17.37499954,-11.85500296,-1.00000054));
#895 = DIRECTION('',(1.,0.,-0.));
#896 = DIRECTION('',(0.,-1.,0.));
#897 = ADVANCED_FACE('',(#898),#916,.F.);
#898 = FACE_BOUND('',#899,.T.);
#899 = EDGE_LOOP('',(#900,#901,#908,#909));
#900 = ORIENTED_EDGE('',*,*,#879,.T.);
#901 = ORIENTED_EDGE('',*,*,#902,.T.);
#902 = EDGE_CURVE('',#872,#800,#903,.T.);
#903 = CIRCLE('',#904,0.37500052);
#904 = AXIS2_PLACEMENT_3D('',#905,#906,#907);
#905 = CARTESIAN_POINT('',(-16.99999902,-12.30499952,0.));
#906 = DIRECTION('',(0.,0.,1.));
#907 = DIRECTION('',(-1.,0.,-0.));
#908 = ORIENTED_EDGE('',*,*,#797,.F.);
#909 = ORIENTED_EDGE('',*,*,#910,.F.);
#910 = EDGE_CURVE('',#880,#798,#911,.T.);
#911 = CIRCLE('',#912,0.37500052);
#912 = AXIS2_PLACEMENT_3D('',#913,#914,#915);
#913 = CARTESIAN_POINT('',(-16.99999902,-12.30499952,-1.00000054));
#914 = DIRECTION('',(0.,0.,1.));
#915 = DIRECTION('',(-1.,0.,-0.));
#916 = CYLINDRICAL_SURFACE('',#917,0.37500052);
#917 = AXIS2_PLACEMENT_3D('',#918,#919,#920);
#918 = CARTESIAN_POINT('',(-16.99999902,-12.30499952,-1.00000054));
#919 = DIRECTION('',(-0.,-0.,-1.));
#920 = DIRECTION('',(-1.,0.,-0.));
#921 = ADVANCED_FACE('',(#922),#956,.T.);
#922 = FACE_BOUND('',#923,.T.);
#923 = EDGE_LOOP('',(#924,#934,#942,#950));
#924 = ORIENTED_EDGE('',*,*,#925,.T.);
#925 = EDGE_CURVE('',#926,#928,#930,.T.);
#926 = VERTEX_POINT('',#927);
#927 = CARTESIAN_POINT('',(-16.6249985,-7.22499952,-1.00000054));
#928 = VERTEX_POINT('',#929);
#929 = CARTESIAN_POINT('',(-16.6249985,-7.22499952,0.));
#930 = LINE('',#931,#932);
#931 = CARTESIAN_POINT('',(-16.6249985,-7.22499952,-1.00000054));
#932 = VECTOR('',#933,1.);
#933 = DIRECTION('',(0.,0.,1.));
#934 = ORIENTED_EDGE('',*,*,#935,.T.);
#935 = EDGE_CURVE('',#928,#936,#938,.T.);
#936 = VERTEX_POINT('',#937);
#937 = CARTESIAN_POINT('',(-16.6249985,-6.77500296,0.));
#938 = LINE('',#939,#940);
#939 = CARTESIAN_POINT('',(-16.6249985,-7.22499952,0.));
#940 = VECTOR('',#941,1.);
#941 = DIRECTION('',(0.,1.,0.));
#942 = ORIENTED_EDGE('',*,*,#943,.F.);
#943 = EDGE_CURVE('',#944,#936,#946,.T.);
#944 = VERTEX_POINT('',#945);
#945 = CARTESIAN_POINT('',(-16.6249985,-6.77500296,-1.00000054));
#946 = LINE('',#947,#948);
#947 = CARTESIAN_POINT('',(-16.6249985,-6.77500296,-1.00000054));
#948 = VECTOR('',#949,1.);
#949 = DIRECTION('',(0.,0.,1.));
#950 = ORIENTED_EDGE('',*,*,#951,.F.);
#951 = EDGE_CURVE('',#926,#944,#952,.T.);
#952 = LINE('',#953,#954);
#953 = CARTESIAN_POINT('',(-16.6249985,-7.22499952,-1.00000054));
#954 = VECTOR('',#955,1.);
#955 = DIRECTION('',(0.,1.,0.));
#956 = PLANE('',#957);
#957 = AXIS2_PLACEMENT_3D('',#958,#959,#960);
#958 = CARTESIAN_POINT('',(-16.6249985,-7.22499952,-1.00000054));
#959 = DIRECTION('',(-1.,0.,0.));
#960 = DIRECTION('',(0.,1.,0.));
#961 = ADVANCED_FACE('',(#962),#989,.F.);
#962 = FACE_BOUND('',#963,.T.);
#963 = EDGE_LOOP('',(#964,#965,#974,#982));
#964 = ORIENTED_EDGE('',*,*,#943,.T.);
#965 = ORIENTED_EDGE('',*,*,#966,.T.);
#966 = EDGE_CURVE('',#936,#967,#969,.T.);
#967 = VERTEX_POINT('',#968);
#968 = CARTESIAN_POINT('',(-17.37499954,-6.77500296,0.));
#969 = CIRCLE('',#970,0.37500052);
#970 = AXIS2_PLACEMENT_3D('',#971,#972,#973);
#971 = CARTESIAN_POINT('',(-16.99999902,-6.77500296,0.));
#972 = DIRECTION('',(0.,0.,1.));
#973 = DIRECTION('',(1.,0.,-0.));
#974 = ORIENTED_EDGE('',*,*,#975,.F.);
#975 = EDGE_CURVE('',#976,#967,#978,.T.);
#976 = VERTEX_POINT('',#977);
#977 = CARTESIAN_POINT('',(-17.37499954,-6.77500296,-1.00000054));
#978 = LINE('',#979,#980);
#979 = CARTESIAN_POINT('',(-17.37499954,-6.77500296,-1.00000054));
#980 = VECTOR('',#981,1.);
#981 = DIRECTION('',(0.,0.,1.));
#982 = ORIENTED_EDGE('',*,*,#983,.F.);
#983 = EDGE_CURVE('',#944,#976,#984,.T.);
#984 = CIRCLE('',#985,0.37500052);
#985 = AXIS2_PLACEMENT_3D('',#986,#987,#988);
#986 = CARTESIAN_POINT('',(-16.99999902,-6.77500296,-1.00000054));
#987 = DIRECTION('',(0.,0.,1.));
#988 = DIRECTION('',(1.,0.,-0.));
#989 = CYLINDRICAL_SURFACE('',#990,0.37500052);
#990 = AXIS2_PLACEMENT_3D('',#991,#992,#993);
#991 = CARTESIAN_POINT('',(-16.99999902,-6.77500296,-1.00000054));
#992 = DIRECTION('',(-0.,-0.,-1.));
#993 = DIRECTION('',(1.,0.,-0.));
#994 = ADVANCED_FACE('',(#995),#1020,.T.);
#995 = FACE_BOUND('',#996,.T.);
#996 = EDGE_LOOP('',(#997,#998,#1006,#1014));
#997 = ORIENTED_EDGE('',*,*,#975,.T.);
#998 = ORIENTED_EDGE('',*,*,#999,.T.);
#999 = EDGE_CURVE('',#967,#1000,#1002,.T.);
#1000 = VERTEX_POINT('',#1001);
#1001 = CARTESIAN_POINT('',(-17.37499954,-7.22499952,0.));
#1002 = LINE('',#1003,#1004);
#1003 = CARTESIAN_POINT('',(-17.37499954,-6.77500296,0.));
#1004 = VECTOR('',#1005,1.);
#1005 = DIRECTION('',(0.,-1.,0.));
#1006 = ORIENTED_EDGE('',*,*,#1007,.F.);
#1007 = EDGE_CURVE('',#1008,#1000,#1010,.T.);
#1008 = VERTEX_POINT('',#1009);
#1009 = CARTESIAN_POINT('',(-17.37499954,-7.22499952,-1.00000054));
#1010 = LINE('',#1011,#1012);
#1011 = CARTESIAN_POINT('',(-17.37499954,-7.22499952,-1.00000054));
#1012 = VECTOR('',#1013,1.);
#1013 = DIRECTION('',(0.,0.,1.));
#1014 = ORIENTED_EDGE('',*,*,#1015,.F.);
#1015 = EDGE_CURVE('',#976,#1008,#1016,.T.);
#1016 = LINE('',#1017,#1018);
#1017 = CARTESIAN_POINT('',(-17.37499954,-6.77500296,-1.00000054));
#1018 = VECTOR('',#1019,1.);
#1019 = DIRECTION('',(0.,-1.,0.));
#1020 = PLANE('',#1021);
#1021 = AXIS2_PLACEMENT_3D('',#1022,#1023,#1024);
#1022 = CARTESIAN_POINT('',(-17.37499954,-6.77500296,-1.00000054));
#1023 = DIRECTION('',(1.,0.,-0.));
#1024 = DIRECTION('',(0.,-1.,0.));
#1025 = ADVANCED_FACE('',(#1026),#1044,.F.);
#1026 = FACE_BOUND('',#1027,.T.);
#1027 = EDGE_LOOP('',(#1028,#1029,#1036,#1037));
#1028 = ORIENTED_EDGE('',*,*,#1007,.T.);
#1029 = ORIENTED_EDGE('',*,*,#1030,.T.);
#1030 = EDGE_CURVE('',#1000,#928,#1031,.T.);
#1031 = CIRCLE('',#1032,0.37500052);
#1032 = AXIS2_PLACEMENT_3D('',#1033,#1034,#1035);
#1033 = CARTESIAN_POINT('',(-16.99999902,-7.22499952,0.));
#1034 = DIRECTION('',(0.,0.,1.));
#1035 = DIRECTION('',(-1.,0.,-0.));
#1036 = ORIENTED_EDGE('',*,*,#925,.F.);
#1037 = ORIENTED_EDGE('',*,*,#1038,.F.);
#1038 = EDGE_CURVE('',#1008,#926,#1039,.T.);
#1039 = CIRCLE('',#1040,0.37500052);
#1040 = AXIS2_PLACEMENT_3D('',#1041,#1042,#1043);
#1041 = CARTESIAN_POINT('',(-16.99999902,-7.22499952,-1.00000054));
#1042 = DIRECTION('',(0.,0.,1.));
#1043 = DIRECTION('',(-1.,0.,-0.));
#1044 = CYLINDRICAL_SURFACE('',#1045,0.37500052);
#1045 = AXIS2_PLACEMENT_3D('',#1046,#1047,#1048);
#1046 = CARTESIAN_POINT('',(-16.99999902,-7.22499952,-1.00000054));
#1047 = DIRECTION('',(-0.,-0.,-1.));
#1048 = DIRECTION('',(-1.,0.,-0.));
#1049 = ADVANCED_FACE('',(#1050),#1084,.T.);
#1050 = FACE_BOUND('',#1051,.T.);
#1051 = EDGE_LOOP('',(#1052,#1062,#1070,#1078));
#1052 = ORIENTED_EDGE('',*,*,#1053,.T.);
#1053 = EDGE_CURVE('',#1054,#1056,#1058,.T.);
#1054 = VERTEX_POINT('',#1055);
#1055 = CARTESIAN_POINT('',(-16.6249985,-2.14499952,-1.00000054));
#1056 = VERTEX_POINT('',#1057);
#1057 = CARTESIAN_POINT('',(-16.6249985,-2.14499952,0.));
#1058 = LINE('',#1059,#1060);
#1059 = CARTESIAN_POINT('',(-16.6249985,-2.14499952,-1.00000054));
#1060 = VECTOR('',#1061,1.);
#1061 = DIRECTION('',(0.,0.,1.));
#1062 = ORIENTED_EDGE('',*,*,#1063,.T.);
#1063 = EDGE_CURVE('',#1056,#1064,#1066,.T.);
#1064 = VERTEX_POINT('',#1065);
#1065 = CARTESIAN_POINT('',(-16.6249985,-1.69500296,0.));
#1066 = LINE('',#1067,#1068);
#1067 = CARTESIAN_POINT('',(-16.6249985,-2.14499952,0.));
#1068 = VECTOR('',#1069,1.);
#1069 = DIRECTION('',(0.,1.,0.));
#1070 = ORIENTED_EDGE('',*,*,#1071,.F.);
#1071 = EDGE_CURVE('',#1072,#1064,#1074,.T.);
#1072 = VERTEX_POINT('',#1073);
#1073 = CARTESIAN_POINT('',(-16.6249985,-1.69500296,-1.00000054));
#1074 = LINE('',#1075,#1076);
#1075 = CARTESIAN_POINT('',(-16.6249985,-1.69500296,-1.00000054));
#1076 = VECTOR('',#1077,1.);
#1077 = DIRECTION('',(0.,0.,1.));
#1078 = ORIENTED_EDGE('',*,*,#1079,.F.);
#1079 = EDGE_CURVE('',#1054,#1072,#1080,.T.);
#1080 = LINE('',#1081,#1082);
#1081 = CARTESIAN_POINT('',(-16.6249985,-2.14499952,-1.00000054));
#1082 = VECTOR('',#1083,1.);
#1083 = DIRECTION('',(0.,1.,0.));
#1084 = PLANE('',#1085);
#1085 = AXIS2_PLACEMENT_3D('',#1086,#1087,#1088);
#1086 = CARTESIAN_POINT('',(-16.6249985,-2.14499952,-1.00000054));
#1087 = DIRECTION('',(-1.,0.,0.));
#1088 = DIRECTION('',(0.,1.,0.));
#1089 = ADVANCED_FACE('',(#1090),#1117,.F.);
#1090 = FACE_BOUND('',#1091,.T.);
#1091 = EDGE_LOOP('',(#1092,#1093,#1102,#1110));
#1092 = ORIENTED_EDGE('',*,*,#1071,.T.);
#1093 = ORIENTED_EDGE('',*,*,#1094,.T.);
#1094 = EDGE_CURVE('',#1064,#1095,#1097,.T.);
#1095 = VERTEX_POINT('',#1096);
#1096 = CARTESIAN_POINT('',(-17.37499954,-1.69500296,0.));
#1097 = CIRCLE('',#1098,0.37500052);
#1098 = AXIS2_PLACEMENT_3D('',#1099,#1100,#1101);
#1099 = CARTESIAN_POINT('',(-16.99999902,-1.69500296,0.));
#1100 = DIRECTION('',(0.,0.,1.));
#1101 = DIRECTION('',(1.,0.,-0.));
#1102 = ORIENTED_EDGE('',*,*,#1103,.F.);
#1103 = EDGE_CURVE('',#1104,#1095,#1106,.T.);
#1104 = VERTEX_POINT('',#1105);
#1105 = CARTESIAN_POINT('',(-17.37499954,-1.69500296,-1.00000054));
#1106 = LINE('',#1107,#1108);
#1107 = CARTESIAN_POINT('',(-17.37499954,-1.69500296,-1.00000054));
#1108 = VECTOR('',#1109,1.);
#1109 = DIRECTION('',(0.,0.,1.));
#1110 = ORIENTED_EDGE('',*,*,#1111,.F.);
#1111 = EDGE_CURVE('',#1072,#1104,#1112,.T.);
#1112 = CIRCLE('',#1113,0.37500052);
#1113 = AXIS2_PLACEMENT_3D('',#1114,#1115,#1116);
#1114 = CARTESIAN_POINT('',(-16.99999902,-1.69500296,-1.00000054));
#1115 = DIRECTION('',(0.,0.,1.));
#1116 = DIRECTION('',(1.,0.,-0.));
#1117 = CYLINDRICAL_SURFACE('',#1118,0.37500052);
#1118 = AXIS2_PLACEMENT_3D('',#1119,#1120,#1121);
#1119 = CARTESIAN_POINT('',(-16.99999902,-1.69500296,-1.00000054));
#1120 = DIRECTION('',(-0.,-0.,-1.));
#1121 = DIRECTION('',(1.,0.,-0.));
#1122 = ADVANCED_FACE('',(#1123),#1148,.T.);
#1123 = FACE_BOUND('',#1124,.T.);
#1124 = EDGE_LOOP('',(#1125,#1126,#1134,#1142));
#1125 = ORIENTED_EDGE('',*,*,#1103,.T.);
#1126 = ORIENTED_EDGE('',*,*,#1127,.T.);
#1127 = EDGE_CURVE('',#1095,#1128,#1130,.T.);
#1128 = VERTEX_POINT('',#1129);
#1129 = CARTESIAN_POINT('',(-17.37499954,-2.14499952,0.));
#1130 = LINE('',#1131,#1132);
#1131 = CARTESIAN_POINT('',(-17.37499954,-1.69500296,0.));
#1132 = VECTOR('',#1133,1.);
#1133 = DIRECTION('',(0.,-1.,0.));
#1134 = ORIENTED_EDGE('',*,*,#1135,.F.);
#1135 = EDGE_CURVE('',#1136,#1128,#1138,.T.);
#1136 = VERTEX_POINT('',#1137);
#1137 = CARTESIAN_POINT('',(-17.37499954,-2.14499952,-1.00000054));
#1138 = LINE('',#1139,#1140);
#1139 = CARTESIAN_POINT('',(-17.37499954,-2.14499952,-1.00000054));
#1140 = VECTOR('',#1141,1.);
#1141 = DIRECTION('',(0.,0.,1.));
#1142 = ORIENTED_EDGE('',*,*,#1143,.F.);
#1143 = EDGE_CURVE('',#1104,#1136,#1144,.T.);
#1144 = LINE('',#1145,#1146);
#1145 = CARTESIAN_POINT('',(-17.37499954,-1.69500296,-1.00000054));
#1146 = VECTOR('',#1147,1.);
#1147 = DIRECTION('',(0.,-1.,0.));
#1148 = PLANE('',#1149);
#1149 = AXIS2_PLACEMENT_3D('',#1150,#1151,#1152);
#1150 = CARTESIAN_POINT('',(-17.37499954,-1.69500296,-1.00000054));
#1151 = DIRECTION('',(1.,0.,-0.));
#1152 = DIRECTION('',(0.,-1.,0.));
#1153 = ADVANCED_FACE('',(#1154),#1172,.F.);
#1154 = FACE_BOUND('',#1155,.T.);
#1155 = EDGE_LOOP('',(#1156,#1157,#1164,#1165));
#1156 = ORIENTED_EDGE('',*,*,#1135,.T.);
#1157 = ORIENTED_EDGE('',*,*,#1158,.T.);
#1158 = EDGE_CURVE('',#1128,#1056,#1159,.T.);
#1159 = CIRCLE('',#1160,0.37500052);
#1160 = AXIS2_PLACEMENT_3D('',#1161,#1162,#1163);
#1161 = CARTESIAN_POINT('',(-16.99999902,-2.14499952,0.));
#1162 = DIRECTION('',(0.,0.,1.));
#1163 = DIRECTION('',(-1.,0.,-0.));
#1164 = ORIENTED_EDGE('',*,*,#1053,.F.);
#1165 = ORIENTED_EDGE('',*,*,#1166,.F.);
#1166 = EDGE_CURVE('',#1136,#1054,#1167,.T.);
#1167 = CIRCLE('',#1168,0.37500052);
#1168 = AXIS2_PLACEMENT_3D('',#1169,#1170,#1171);
#1169 = CARTESIAN_POINT('',(-16.99999902,-2.14499952,-1.00000054));
#1170 = DIRECTION('',(0.,0.,1.));
#1171 = DIRECTION('',(-1.,0.,-0.));
#1172 = CYLINDRICAL_SURFACE('',#1173,0.37500052);
#1173 = AXIS2_PLACEMENT_3D('',#1174,#1175,#1176);
#1174 = CARTESIAN_POINT('',(-16.99999902,-2.14499952,-1.00000054));
#1175 = DIRECTION('',(-0.,-0.,-1.));
#1176 = DIRECTION('',(-1.,0.,-0.));
#1177 = ADVANCED_FACE('',(#1178),#1205,.F.);
#1178 = FACE_BOUND('',#1179,.T.);
#1179 = EDGE_LOOP('',(#1180,#1190,#1197,#1198));
#1180 = ORIENTED_EDGE('',*,*,#1181,.T.);
#1181 = EDGE_CURVE('',#1182,#1184,#1186,.T.);
#1182 = VERTEX_POINT('',#1183);
#1183 = CARTESIAN_POINT('',(-8.775,-1.9,-1.00000054));
#1184 = VERTEX_POINT('',#1185);
#1185 = CARTESIAN_POINT('',(-8.775,-1.9,0.));
#1186 = LINE('',#1187,#1188);
#1187 = CARTESIAN_POINT('',(-8.775,-1.9,-1.00000054));
#1188 = VECTOR('',#1189,1.);
#1189 = DIRECTION('',(0.,0.,1.));
#1190 = ORIENTED_EDGE('',*,*,#1191,.T.);
#1191 = EDGE_CURVE('',#1184,#1184,#1192,.T.);
#1192 = CIRCLE('',#1193,1.025);
#1193 = AXIS2_PLACEMENT_3D('',#1194,#1195,#1196);
#1194 = CARTESIAN_POINT('',(-9.8,-1.9,0.));
#1195 = DIRECTION('',(0.,0.,1.));
#1196 = DIRECTION('',(1.,0.,-0.));
#1197 = ORIENTED_EDGE('',*,*,#1181,.F.);
#1198 = ORIENTED_EDGE('',*,*,#1199,.F.);
#1199 = EDGE_CURVE('',#1182,#1182,#1200,.T.);
#1200 = CIRCLE('',#1201,1.025);
#1201 = AXIS2_PLACEMENT_3D('',#1202,#1203,#1204);
#1202 = CARTESIAN_POINT('',(-9.8,-1.9,-1.00000054));
#1203 = DIRECTION('',(0.,0.,1.));
#1204 = DIRECTION('',(1.,0.,-0.));
#1205 = CYLINDRICAL_SURFACE('',#1206,1.025);
#1206 = AXIS2_PLACEMENT_3D('',#1207,#1208,#1209);
#1207 = CARTESIAN_POINT('',(-9.8,-1.9,-1.00000054));
#1208 = DIRECTION('',(-0.,-0.,-1.));
#1209 = DIRECTION('',(1.,0.,-0.));
#1210 = ADVANCED_FACE('',(#1211),#1238,.F.);
#1211 = FACE_BOUND('',#1212,.T.);
#1212 = EDGE_LOOP('',(#1213,#1223,#1230,#1231));
#1213 = ORIENTED_EDGE('',*,*,#1214,.T.);
#1214 = EDGE_CURVE('',#1215,#1217,#1219,.T.);
#1215 = VERTEX_POINT('',#1216);
#1216 = CARTESIAN_POINT('',(-19.15,1.9,-1.00000054));
#1217 = VERTEX_POINT('',#1218);
#1218 = CARTESIAN_POINT('',(-19.15,1.9,0.));
#1219 = LINE('',#1220,#1221);
#1220 = CARTESIAN_POINT('',(-19.15,1.9,-1.00000054));
#1221 = VECTOR('',#1222,1.);
#1222 = DIRECTION('',(0.,0.,1.));
#1223 = ORIENTED_EDGE('',*,*,#1224,.T.);
#1224 = EDGE_CURVE('',#1217,#1217,#1225,.T.);
#1225 = CIRCLE('',#1226,0.55);
#1226 = AXIS2_PLACEMENT_3D('',#1227,#1228,#1229);
#1227 = CARTESIAN_POINT('',(-19.7,1.9,0.));
#1228 = DIRECTION('',(0.,0.,1.));
#1229 = DIRECTION('',(1.,0.,-0.));
#1230 = ORIENTED_EDGE('',*,*,#1214,.F.);
#1231 = ORIENTED_EDGE('',*,*,#1232,.F.);
#1232 = EDGE_CURVE('',#1215,#1215,#1233,.T.);
#1233 = CIRCLE('',#1234,0.55);
#1234 = AXIS2_PLACEMENT_3D('',#1235,#1236,#1237);
#1235 = CARTESIAN_POINT('',(-19.7,1.9,-1.00000054));
#1236 = DIRECTION('',(0.,0.,1.));
#1237 = DIRECTION('',(1.,0.,-0.));
#1238 = CYLINDRICAL_SURFACE('',#1239,0.55);
#1239 = AXIS2_PLACEMENT_3D('',#1240,#1241,#1242);
#1240 = CARTESIAN_POINT('',(-19.7,1.9,-1.00000054));
#1241 = DIRECTION('',(-0.,-0.,-1.));
#1242 = DIRECTION('',(1.,0.,-0.));
#1243 = ADVANCED_FACE('',(#1244),#1271,.F.);
#1244 = FACE_BOUND('',#1245,.T.);
#1245 = EDGE_LOOP('',(#1246,#1256,#1263,#1264));
#1246 = ORIENTED_EDGE('',*,*,#1247,.T.);
#1247 = EDGE_CURVE('',#1248,#1250,#1252,.T.);
#1248 = VERTEX_POINT('',#1249);
#1249 = CARTESIAN_POINT('',(-15.975,1.9,-1.00000054));
#1250 = VERTEX_POINT('',#1251);
#1251 = CARTESIAN_POINT('',(-15.975,1.9,0.));
#1252 = LINE('',#1253,#1254);
#1253 = CARTESIAN_POINT('',(-15.975,1.9,-1.00000054));
#1254 = VECTOR('',#1255,1.);
#1255 = DIRECTION('',(0.,0.,1.));
#1256 = ORIENTED_EDGE('',*,*,#1257,.T.);
#1257 = EDGE_CURVE('',#1250,#1250,#1258,.T.);
#1258 = CIRCLE('',#1259,1.025);
#1259 = AXIS2_PLACEMENT_3D('',#1260,#1261,#1262);
#1260 = CARTESIAN_POINT('',(-17.,1.9,0.));
#1261 = DIRECTION('',(0.,0.,1.));
#1262 = DIRECTION('',(1.,0.,-0.));
#1263 = ORIENTED_EDGE('',*,*,#1247,.F.);
#1264 = ORIENTED_EDGE('',*,*,#1265,.F.);
#1265 = EDGE_CURVE('',#1248,#1248,#1266,.T.);
#1266 = CIRCLE('',#1267,1.025);
#1267 = AXIS2_PLACEMENT_3D('',#1268,#1269,#1270);
#1268 = CARTESIAN_POINT('',(-17.,1.9,-1.00000054));
#1269 = DIRECTION('',(0.,0.,1.));
#1270 = DIRECTION('',(1.,0.,-0.));
#1271 = CYLINDRICAL_SURFACE('',#1272,1.025);
#1272 = AXIS2_PLACEMENT_3D('',#1273,#1274,#1275);
#1273 = CARTESIAN_POINT('',(-17.,1.9,-1.00000054));
#1274 = DIRECTION('',(-0.,-0.,-1.));
#1275 = DIRECTION('',(1.,0.,-0.));
#1276 = ADVANCED_FACE('',(#1277),#1304,.F.);
#1277 = FACE_BOUND('',#1278,.T.);
#1278 = EDGE_LOOP('',(#1279,#1289,#1296,#1297));
#1279 = ORIENTED_EDGE('',*,*,#1280,.T.);
#1280 = EDGE_CURVE('',#1281,#1283,#1285,.T.);
#1281 = VERTEX_POINT('',#1282);
#1282 = CARTESIAN_POINT('',(-6.55,-1.9,-1.00000054));
#1283 = VERTEX_POINT('',#1284);
#1284 = CARTESIAN_POINT('',(-6.55,-1.9,0.));
#1285 = LINE('',#1286,#1287);
#1286 = CARTESIAN_POINT('',(-6.55,-1.9,-1.00000054));
#1287 = VECTOR('',#1288,1.);
#1288 = DIRECTION('',(0.,0.,1.));
#1289 = ORIENTED_EDGE('',*,*,#1290,.T.);
#1290 = EDGE_CURVE('',#1283,#1283,#1291,.T.);
#1291 = CIRCLE('',#1292,0.55);
#1292 = AXIS2_PLACEMENT_3D('',#1293,#1294,#1295);
#1293 = CARTESIAN_POINT('',(-7.1,-1.9,0.));
#1294 = DIRECTION('',(0.,0.,1.));
#1295 = DIRECTION('',(1.,0.,-0.));
#1296 = ORIENTED_EDGE('',*,*,#1280,.F.);
#1297 = ORIENTED_EDGE('',*,*,#1298,.F.);
#1298 = EDGE_CURVE('',#1281,#1281,#1299,.T.);
#1299 = CIRCLE('',#1300,0.55);
#1300 = AXIS2_PLACEMENT_3D('',#1301,#1302,#1303);
#1301 = CARTESIAN_POINT('',(-7.1,-1.9,-1.00000054));
#1302 = DIRECTION('',(0.,0.,1.));
#1303 = DIRECTION('',(1.,0.,-0.));
#1304 = CYLINDRICAL_SURFACE('',#1305,0.55);
#1305 = AXIS2_PLACEMENT_3D('',#1306,#1307,#1308);
#1306 = CARTESIAN_POINT('',(-7.1,-1.9,-1.00000054));
#1307 = DIRECTION('',(-0.,-0.,-1.));
#1308 = DIRECTION('',(1.,0.,-0.));
#1309 = ADVANCED_FACE('',(#1310),#1337,.F.);
#1310 = FACE_BOUND('',#1311,.T.);
#1311 = EDGE_LOOP('',(#1312,#1322,#1329,#1330));
#1312 = ORIENTED_EDGE('',*,*,#1313,.T.);
#1313 = EDGE_CURVE('',#1314,#1316,#1318,.T.);
#1314 = VERTEX_POINT('',#1315);
#1315 = CARTESIAN_POINT('',(-13.75,1.9,-1.00000054));
#1316 = VERTEX_POINT('',#1317);
#1317 = CARTESIAN_POINT('',(-13.75,1.9,0.));
#1318 = LINE('',#1319,#1320);
#1319 = CARTESIAN_POINT('',(-13.75,1.9,-1.00000054));
#1320 = VECTOR('',#1321,1.);
#1321 = DIRECTION('',(0.,0.,1.));
#1322 = ORIENTED_EDGE('',*,*,#1323,.T.);
#1323 = EDGE_CURVE('',#1316,#1316,#1324,.T.);
#1324 = CIRCLE('',#1325,0.55);
#1325 = AXIS2_PLACEMENT_3D('',#1326,#1327,#1328);
#1326 = CARTESIAN_POINT('',(-14.3,1.9,0.));
#1327 = DIRECTION('',(0.,0.,1.));
#1328 = DIRECTION('',(1.,0.,-0.));
#1329 = ORIENTED_EDGE('',*,*,#1313,.F.);
#1330 = ORIENTED_EDGE('',*,*,#1331,.F.);
#1331 = EDGE_CURVE('',#1314,#1314,#1332,.T.);
#1332 = CIRCLE('',#1333,0.55);
#1333 = AXIS2_PLACEMENT_3D('',#1334,#1335,#1336);
#1334 = CARTESIAN_POINT('',(-14.3,1.9,-1.00000054));
#1335 = DIRECTION('',(0.,0.,1.));
#1336 = DIRECTION('',(1.,0.,-0.));
#1337 = CYLINDRICAL_SURFACE('',#1338,0.55);
#1338 = AXIS2_PLACEMENT_3D('',#1339,#1340,#1341);
#1339 = CARTESIAN_POINT('',(-14.3,1.9,-1.00000054));
#1340 = DIRECTION('',(-0.,-0.,-1.));
#1341 = DIRECTION('',(1.,0.,-0.));
#1342 = ADVANCED_FACE('',(#1343),#1370,.F.);
#1343 = FACE_BOUND('',#1344,.T.);
#1344 = EDGE_LOOP('',(#1345,#1355,#1362,#1363));
#1345 = ORIENTED_EDGE('',*,*,#1346,.T.);
#1346 = EDGE_CURVE('',#1347,#1349,#1351,.T.);
#1347 = VERTEX_POINT('',#1348);
#1348 = CARTESIAN_POINT('',(-11.95,-1.9,-1.00000054));
#1349 = VERTEX_POINT('',#1350);
#1350 = CARTESIAN_POINT('',(-11.95,-1.9,0.));
#1351 = LINE('',#1352,#1353);
#1352 = CARTESIAN_POINT('',(-11.95,-1.9,-1.00000054));
#1353 = VECTOR('',#1354,1.);
#1354 = DIRECTION('',(0.,0.,1.));
#1355 = ORIENTED_EDGE('',*,*,#1356,.T.);
#1356 = EDGE_CURVE('',#1349,#1349,#1357,.T.);
#1357 = CIRCLE('',#1358,0.55);
#1358 = AXIS2_PLACEMENT_3D('',#1359,#1360,#1361);
#1359 = CARTESIAN_POINT('',(-12.5,-1.9,0.));
#1360 = DIRECTION('',(0.,0.,1.));
#1361 = DIRECTION('',(1.,0.,-0.));
#1362 = ORIENTED_EDGE('',*,*,#1346,.F.);
#1363 = ORIENTED_EDGE('',*,*,#1364,.F.);
#1364 = EDGE_CURVE('',#1347,#1347,#1365,.T.);
#1365 = CIRCLE('',#1366,0.55);
#1366 = AXIS2_PLACEMENT_3D('',#1367,#1368,#1369);
#1367 = CARTESIAN_POINT('',(-12.5,-1.9,-1.00000054));
#1368 = DIRECTION('',(0.,0.,1.));
#1369 = DIRECTION('',(1.,0.,-0.));
#1370 = CYLINDRICAL_SURFACE('',#1371,0.55);
#1371 = AXIS2_PLACEMENT_3D('',#1372,#1373,#1374);
#1372 = CARTESIAN_POINT('',(-12.5,-1.9,-1.00000054));
#1373 = DIRECTION('',(-0.,-0.,-1.));
#1374 = DIRECTION('',(1.,0.,-0.));
#1375 = ADVANCED_FACE('',(#1376,#1394,#1397,#1400,#1403,#1406,#1409,
    #1412,#1415,#1418,#1424,#1430,#1436,#1439,#1442,#1445,#1448,#1451),
  #1454,.T.);
#1376 = FACE_BOUND('',#1377,.T.);
#1377 = EDGE_LOOP('',(#1378,#1379,#1380,#1381,#1382,#1383,#1384,#1385,
    #1386,#1387,#1388,#1389,#1390,#1391,#1392,#1393));
#1378 = ORIENTED_EDGE('',*,*,#48,.T.);
#1379 = ORIENTED_EDGE('',*,*,#80,.T.);
#1380 = ORIENTED_EDGE('',*,*,#112,.T.);
#1381 = ORIENTED_EDGE('',*,*,#144,.T.);
#1382 = ORIENTED_EDGE('',*,*,#176,.T.);
#1383 = ORIENTED_EDGE('',*,*,#208,.T.);
#1384 = ORIENTED_EDGE('',*,*,#240,.T.);
#1385 = ORIENTED_EDGE('',*,*,#272,.T.);
#1386 = ORIENTED_EDGE('',*,*,#304,.T.);
#1387 = ORIENTED_EDGE('',*,*,#336,.T.);
#1388 = ORIENTED_EDGE('',*,*,#368,.T.);
#1389 = ORIENTED_EDGE('',*,*,#400,.T.);
#1390 = ORIENTED_EDGE('',*,*,#432,.T.);
#1391 = ORIENTED_EDGE('',*,*,#464,.T.);
#1392 = ORIENTED_EDGE('',*,*,#496,.T.);
#1393 = ORIENTED_EDGE('',*,*,#519,.T.);
#1394 = FACE_BOUND('',#1395,.T.);
#1395 = EDGE_LOOP('',(#1396));
#1396 = ORIENTED_EDGE('',*,*,#551,.T.);
#1397 = FACE_BOUND('',#1398,.T.);
#1398 = EDGE_LOOP('',(#1399));
#1399 = ORIENTED_EDGE('',*,*,#584,.T.);
#1400 = FACE_BOUND('',#1401,.T.);
#1401 = EDGE_LOOP('',(#1402));
#1402 = ORIENTED_EDGE('',*,*,#617,.T.);
#1403 = FACE_BOUND('',#1404,.T.);
#1404 = EDGE_LOOP('',(#1405));
#1405 = ORIENTED_EDGE('',*,*,#650,.T.);
#1406 = FACE_BOUND('',#1407,.T.);
#1407 = EDGE_LOOP('',(#1408));
#1408 = ORIENTED_EDGE('',*,*,#683,.T.);
#1409 = FACE_BOUND('',#1410,.T.);
#1410 = EDGE_LOOP('',(#1411));
#1411 = ORIENTED_EDGE('',*,*,#716,.T.);
#1412 = FACE_BOUND('',#1413,.T.);
#1413 = EDGE_LOOP('',(#1414));
#1414 = ORIENTED_EDGE('',*,*,#749,.T.);
#1415 = FACE_BOUND('',#1416,.T.);
#1416 = EDGE_LOOP('',(#1417));
#1417 = ORIENTED_EDGE('',*,*,#782,.T.);
#1418 = FACE_BOUND('',#1419,.T.);
#1419 = EDGE_LOOP('',(#1420,#1421,#1422,#1423));
#1420 = ORIENTED_EDGE('',*,*,#823,.T.);
#1421 = ORIENTED_EDGE('',*,*,#855,.T.);
#1422 = ORIENTED_EDGE('',*,*,#887,.T.);
#1423 = ORIENTED_EDGE('',*,*,#910,.T.);
#1424 = FACE_BOUND('',#1425,.T.);
#1425 = EDGE_LOOP('',(#1426,#1427,#1428,#1429));
#1426 = ORIENTED_EDGE('',*,*,#951,.T.);
#1427 = ORIENTED_EDGE('',*,*,#983,.T.);
#1428 = ORIENTED_EDGE('',*,*,#1015,.T.);
#1429 = ORIENTED_EDGE('',*,*,#1038,.T.);
#1430 = FACE_BOUND('',#1431,.T.);
#1431 = EDGE_LOOP('',(#1432,#1433,#1434,#1435));
#1432 = ORIENTED_EDGE('',*,*,#1079,.T.);
#1433 = ORIENTED_EDGE('',*,*,#1111,.T.);
#1434 = ORIENTED_EDGE('',*,*,#1143,.T.);
#1435 = ORIENTED_EDGE('',*,*,#1166,.T.);
#1436 = FACE_BOUND('',#1437,.T.);
#1437 = EDGE_LOOP('',(#1438));
#1438 = ORIENTED_EDGE('',*,*,#1199,.T.);
#1439 = FACE_BOUND('',#1440,.T.);
#1440 = EDGE_LOOP('',(#1441));
#1441 = ORIENTED_EDGE('',*,*,#1232,.T.);
#1442 = FACE_BOUND('',#1443,.T.);
#1443 = EDGE_LOOP('',(#1444));
#1444 = ORIENTED_EDGE('',*,*,#1265,.T.);
#1445 = FACE_BOUND('',#1446,.T.);
#1446 = EDGE_LOOP('',(#1447));
#1447 = ORIENTED_EDGE('',*,*,#1298,.T.);
#1448 = FACE_BOUND('',#1449,.T.);
#1449 = EDGE_LOOP('',(#1450));
#1450 = ORIENTED_EDGE('',*,*,#1331,.T.);
#1451 = FACE_BOUND('',#1452,.T.);
#1452 = EDGE_LOOP('',(#1453));
#1453 = ORIENTED_EDGE('',*,*,#1364,.T.);
#1454 = PLANE('',#1455);
#1455 = AXIS2_PLACEMENT_3D('',#1456,#1457,#1458);
#1456 = CARTESIAN_POINT('',(-15.62678320872,-4.836189819752,-1.00000054)
  );
#1457 = DIRECTION('',(-0.,-0.,-1.));
#1458 = DIRECTION('',(-1.,0.,0.));
#1459 = ADVANCED_FACE('',(#1460,#1478,#1481,#1484,#1487,#1490,#1493,
    #1496,#1499,#1502,#1508,#1514,#1520,#1523,#1526,#1529,#1532,#1535),
  #1538,.F.);
#1460 = FACE_BOUND('',#1461,.F.);
#1461 = EDGE_LOOP('',(#1462,#1463,#1464,#1465,#1466,#1467,#1468,#1469,
    #1470,#1471,#1472,#1473,#1474,#1475,#1476,#1477));
#1462 = ORIENTED_EDGE('',*,*,#31,.T.);
#1463 = ORIENTED_EDGE('',*,*,#64,.T.);
#1464 = ORIENTED_EDGE('',*,*,#95,.T.);
#1465 = ORIENTED_EDGE('',*,*,#128,.T.);
#1466 = ORIENTED_EDGE('',*,*,#159,.T.);
#1467 = ORIENTED_EDGE('',*,*,#192,.T.);
#1468 = ORIENTED_EDGE('',*,*,#223,.T.);
#1469 = ORIENTED_EDGE('',*,*,#256,.T.);
#1470 = ORIENTED_EDGE('',*,*,#287,.T.);
#1471 = ORIENTED_EDGE('',*,*,#320,.T.);
#1472 = ORIENTED_EDGE('',*,*,#351,.T.);
#1473 = ORIENTED_EDGE('',*,*,#384,.T.);
#1474 = ORIENTED_EDGE('',*,*,#415,.T.);
#1475 = ORIENTED_EDGE('',*,*,#448,.T.);
#1476 = ORIENTED_EDGE('',*,*,#479,.T.);
#1477 = ORIENTED_EDGE('',*,*,#512,.T.);
#1478 = FACE_BOUND('',#1479,.F.);
#1479 = EDGE_LOOP('',(#1480));
#1480 = ORIENTED_EDGE('',*,*,#543,.T.);
#1481 = FACE_BOUND('',#1482,.F.);
#1482 = EDGE_LOOP('',(#1483));
#1483 = ORIENTED_EDGE('',*,*,#576,.T.);
#1484 = FACE_BOUND('',#1485,.F.);
#1485 = EDGE_LOOP('',(#1486));
#1486 = ORIENTED_EDGE('',*,*,#609,.T.);
#1487 = FACE_BOUND('',#1488,.F.);
#1488 = EDGE_LOOP('',(#1489));
#1489 = ORIENTED_EDGE('',*,*,#642,.T.);
#1490 = FACE_BOUND('',#1491,.F.);
#1491 = EDGE_LOOP('',(#1492));
#1492 = ORIENTED_EDGE('',*,*,#675,.T.);
#1493 = FACE_BOUND('',#1494,.F.);
#1494 = EDGE_LOOP('',(#1495));
#1495 = ORIENTED_EDGE('',*,*,#708,.T.);
#1496 = FACE_BOUND('',#1497,.F.);
#1497 = EDGE_LOOP('',(#1498));
#1498 = ORIENTED_EDGE('',*,*,#741,.T.);
#1499 = FACE_BOUND('',#1500,.F.);
#1500 = EDGE_LOOP('',(#1501));
#1501 = ORIENTED_EDGE('',*,*,#774,.T.);
#1502 = FACE_BOUND('',#1503,.F.);
#1503 = EDGE_LOOP('',(#1504,#1505,#1506,#1507));
#1504 = ORIENTED_EDGE('',*,*,#807,.T.);
#1505 = ORIENTED_EDGE('',*,*,#838,.T.);
#1506 = ORIENTED_EDGE('',*,*,#871,.T.);
#1507 = ORIENTED_EDGE('',*,*,#902,.T.);
#1508 = FACE_BOUND('',#1509,.F.);
#1509 = EDGE_LOOP('',(#1510,#1511,#1512,#1513));
#1510 = ORIENTED_EDGE('',*,*,#935,.T.);
#1511 = ORIENTED_EDGE('',*,*,#966,.T.);
#1512 = ORIENTED_EDGE('',*,*,#999,.T.);
#1513 = ORIENTED_EDGE('',*,*,#1030,.T.);
#1514 = FACE_BOUND('',#1515,.F.);
#1515 = EDGE_LOOP('',(#1516,#1517,#1518,#1519));
#1516 = ORIENTED_EDGE('',*,*,#1063,.T.);
#1517 = ORIENTED_EDGE('',*,*,#1094,.T.);
#1518 = ORIENTED_EDGE('',*,*,#1127,.T.);
#1519 = ORIENTED_EDGE('',*,*,#1158,.T.);
#1520 = FACE_BOUND('',#1521,.F.);
#1521 = EDGE_LOOP('',(#1522));
#1522 = ORIENTED_EDGE('',*,*,#1191,.T.);
#1523 = FACE_BOUND('',#1524,.F.);
#1524 = EDGE_LOOP('',(#1525));
#1525 = ORIENTED_EDGE('',*,*,#1224,.T.);
#1526 = FACE_BOUND('',#1527,.F.);
#1527 = EDGE_LOOP('',(#1528));
#1528 = ORIENTED_EDGE('',*,*,#1257,.T.);
#1529 = FACE_BOUND('',#1530,.F.);
#1530 = EDGE_LOOP('',(#1531));
#1531 = ORIENTED_EDGE('',*,*,#1290,.T.);
#1532 = FACE_BOUND('',#1533,.F.);
#1533 = EDGE_LOOP('',(#1534));
#1534 = ORIENTED_EDGE('',*,*,#1323,.T.);
#1535 = FACE_BOUND('',#1536,.F.);
#1536 = EDGE_LOOP('',(#1537));
#1537 = ORIENTED_EDGE('',*,*,#1356,.T.);
#1538 = PLANE('',#1539);
#1539 = AXIS2_PLACEMENT_3D('',#1540,#1541,#1542);
#1540 = CARTESIAN_POINT('',(-15.62678320872,-4.836189819752,0.));
#1541 = DIRECTION('',(-0.,-0.,-1.));
#1542 = DIRECTION('',(-1.,0.,0.));
#1543 = ( GEOMETRIC_REPRESENTATION_CONTEXT(3) 
GLOBAL_UNCERTAINTY_ASSIGNED_CONTEXT((#1547)) 
GLOBAL_UNIT_ASSIGNED_CONTEXT((#1544,#1545,#1546)) REPRESENTATION_CONTEXT
('Context #1','3D Context with UNIT and UNCERTAINTY') );
#1544 = ( LENGTH_UNIT() NAMED_UNIT(*) SI_UNIT(.MILLI.,.METRE.) );
#1545 = ( NAMED_UNIT(*) PLANE_ANGLE_UNIT() SI_UNIT($,.RADIAN.) );
#1546 = ( NAMED_UNIT(*) SI_UNIT($,.STERADIAN.) SOLID_ANGLE_UNIT() );
#1547 = UNCERTAINTY_MEASURE_WITH_UNIT(LENGTH_MEASURE(1.E-07),#1544,
  'distance_accuracy_value','confusion accuracy');
#1548 = PRODUCT_RELATED_PRODUCT_CATEGORY('part',$,(#7));
#1549 = SHAPE_DEFINITION_REPRESENTATION(#1550,#1556);
#1550 = PRODUCT_DEFINITION_SHAPE('','',#1551);
#1551 = PRODUCT_DEFINITION('design','',#1552,#1555);
#1552 = PRODUCT_DEFINITION_FORMATION('','',#1553);
#1553 = PRODUCT('Open CASCADE STEP translator 7.5 35',
  'Open CASCADE STEP translator 7.5 35','',(#1554));
#1554 = PRODUCT_CONTEXT('',#2,'mechanical');
#1555 = PRODUCT_DEFINITION_CONTEXT('part definition',#2,'design');
#1556 = ADVANCED_BREP_SHAPE_REPRESENTATION('',(#11,#1557),#3880);
#1557 = MANIFOLD_SOLID_BREP('',#1558);
#1558 = CLOSED_SHELL('',(#1559,#1601,#1643,#1685,#1727,#1769,#1811,#1853
    ,#1895,#1937,#1977,#2002,#2026,#2051,#2068,#2101,#2123,#2166,#2191,
    #2226,#2243,#2260,#2293,#2315,#2358,#2383,#2418,#2435,#2452,#2485,
    #2533,#2550,#2575,#2599,#2627,#2644,#2684,#2715,#2755,#2786,#2826,
    #2857,#2897,#2928,#2968,#2999,#3039,#3070,#3094,#3118,#3158,#3189,
    #3220,#3242,#3254,#3294,#3334,#3365,#3396,#3413,#3444,#3475,#3492,
    #3523,#3545,#3573,#3595,#3626,#3666,#3726,#3759,#3812,#3830,#3848));
#1559 = ADVANCED_FACE('',(#1560),#1596,.F.);
#1560 = FACE_BOUND('',#1561,.F.);
#1561 = EDGE_LOOP('',(#1562,#1572,#1581,#1589));
#1562 = ORIENTED_EDGE('',*,*,#1563,.T.);
#1563 = EDGE_CURVE('',#1564,#1566,#1568,.T.);
#1564 = VERTEX_POINT('',#1565);
#1565 = CARTESIAN_POINT('',(-19.87499786377,-3.775000244141,
    2.624998748302));
#1566 = VERTEX_POINT('',#1567);
#1567 = CARTESIAN_POINT('',(-14.12499786377,-3.775000244141,
    2.624998748302));
#1568 = LINE('',#1569,#1570);
#1569 = CARTESIAN_POINT('',(-19.87499786377,-3.775000244141,
    2.624998748302));
#1570 = VECTOR('',#1571,1.);
#1571 = DIRECTION('',(1.,0.,0.));
#1572 = ORIENTED_EDGE('',*,*,#1573,.T.);
#1573 = EDGE_CURVE('',#1566,#1574,#1576,.T.);
#1574 = VERTEX_POINT('',#1575);
#1575 = CARTESIAN_POINT('',(-14.12499786377,-3.775000244141,
    0.624998748302));
#1576 = CIRCLE('',#1577,1.);
#1577 = AXIS2_PLACEMENT_3D('',#1578,#1579,#1580);
#1578 = CARTESIAN_POINT('',(-14.12499786377,-3.775000244141,
    1.624998748302));
#1579 = DIRECTION('',(-1.,0.,0.));
#1580 = DIRECTION('',(0.,0.,1.));
#1581 = ORIENTED_EDGE('',*,*,#1582,.F.);
#1582 = EDGE_CURVE('',#1583,#1574,#1585,.T.);
#1583 = VERTEX_POINT('',#1584);
#1584 = CARTESIAN_POINT('',(-19.87499786377,-3.775000244141,
    0.624998748302));
#1585 = LINE('',#1586,#1587);
#1586 = CARTESIAN_POINT('',(-19.87499786377,-3.775000244141,
    0.624998748302));
#1587 = VECTOR('',#1588,1.);
#1588 = DIRECTION('',(1.,0.,0.));
#1589 = ORIENTED_EDGE('',*,*,#1590,.T.);
#1590 = EDGE_CURVE('',#1583,#1564,#1591,.T.);
#1591 = CIRCLE('',#1592,1.);
#1592 = AXIS2_PLACEMENT_3D('',#1593,#1594,#1595);
#1593 = CARTESIAN_POINT('',(-19.87499786377,-3.775000244141,
    1.624998748302));
#1594 = DIRECTION('',(1.,0.,-0.));
#1595 = DIRECTION('',(0.,0.,1.));
#1596 = CYLINDRICAL_SURFACE('',#1597,1.);
#1597 = AXIS2_PLACEMENT_3D('',#1598,#1599,#1600);
#1598 = CARTESIAN_POINT('',(-19.87499786377,-3.775000244141,
    1.624998748302));
#1599 = DIRECTION('',(1.,0.,0.));
#1600 = DIRECTION('',(0.,0.,1.));
#1601 = ADVANCED_FACE('',(#1602),#1638,.F.);
#1602 = FACE_BOUND('',#1603,.F.);
#1603 = EDGE_LOOP('',(#1604,#1614,#1623,#1631));
#1604 = ORIENTED_EDGE('',*,*,#1605,.T.);
#1605 = EDGE_CURVE('',#1606,#1608,#1610,.T.);
#1606 = VERTEX_POINT('',#1607);
#1607 = CARTESIAN_POINT('',(-19.87499786377,-10.27500022551,
    2.624998748302));
#1608 = VERTEX_POINT('',#1609);
#1609 = CARTESIAN_POINT('',(-14.12499786377,-10.27500022551,
    2.624998748302));
#1610 = LINE('',#1611,#1612);
#1611 = CARTESIAN_POINT('',(-19.87499786377,-10.27500022551,
    2.624998748302));
#1612 = VECTOR('',#1613,1.);
#1613 = DIRECTION('',(1.,0.,0.));
#1614 = ORIENTED_EDGE('',*,*,#1615,.T.);
#1615 = EDGE_CURVE('',#1608,#1616,#1618,.T.);
#1616 = VERTEX_POINT('',#1617);
#1617 = CARTESIAN_POINT('',(-14.12499786377,-10.27500022551,
    0.624998748302));
#1618 = CIRCLE('',#1619,1.);
#1619 = AXIS2_PLACEMENT_3D('',#1620,#1621,#1622);
#1620 = CARTESIAN_POINT('',(-14.12499786377,-10.27500022551,
    1.624998748302));
#1621 = DIRECTION('',(-1.,0.,0.));
#1622 = DIRECTION('',(0.,0.,1.));
#1623 = ORIENTED_EDGE('',*,*,#1624,.F.);
#1624 = EDGE_CURVE('',#1625,#1616,#1627,.T.);
#1625 = VERTEX_POINT('',#1626);
#1626 = CARTESIAN_POINT('',(-19.87499786377,-10.27500022551,
    0.624998748302));
#1627 = LINE('',#1628,#1629);
#1628 = CARTESIAN_POINT('',(-19.87499786377,-10.27500022551,
    0.624998748302));
#1629 = VECTOR('',#1630,1.);
#1630 = DIRECTION('',(1.,0.,0.));
#1631 = ORIENTED_EDGE('',*,*,#1632,.T.);
#1632 = EDGE_CURVE('',#1625,#1606,#1633,.T.);
#1633 = CIRCLE('',#1634,1.);
#1634 = AXIS2_PLACEMENT_3D('',#1635,#1636,#1637);
#1635 = CARTESIAN_POINT('',(-19.87499786377,-10.27500022551,
    1.624998748302));
#1636 = DIRECTION('',(1.,0.,-0.));
#1637 = DIRECTION('',(0.,0.,1.));
#1638 = CYLINDRICAL_SURFACE('',#1639,1.);
#1639 = AXIS2_PLACEMENT_3D('',#1640,#1641,#1642);
#1640 = CARTESIAN_POINT('',(-19.87499786377,-10.27500022551,
    1.624998748302));
#1641 = DIRECTION('',(1.,0.,0.));
#1642 = DIRECTION('',(0.,0.,1.));
#1643 = ADVANCED_FACE('',(#1644),#1680,.T.);
#1644 = FACE_BOUND('',#1645,.T.);
#1645 = EDGE_LOOP('',(#1646,#1657,#1665,#1674));
#1646 = ORIENTED_EDGE('',*,*,#1647,.T.);
#1647 = EDGE_CURVE('',#1648,#1650,#1652,.T.);
#1648 = VERTEX_POINT('',#1649);
#1649 = CARTESIAN_POINT('',(-17.17499792411,-11.72500024414,
    -3.000001251698));
#1650 = VERTEX_POINT('',#1651);
#1651 = CARTESIAN_POINT('',(-17.17499792411,-11.54822354884,
    -2.926777946994));
#1652 = CIRCLE('',#1653,0.25);
#1653 = AXIS2_PLACEMENT_3D('',#1654,#1655,#1656);
#1654 = CARTESIAN_POINT('',(-17.17499792411,-11.72500024414,
    -2.750001251698));
#1655 = DIRECTION('',(1.,-0.,0.));
#1656 = DIRECTION('',(0.,0.707106781187,-0.707106781187));
#1657 = ORIENTED_EDGE('',*,*,#1658,.T.);
#1658 = EDGE_CURVE('',#1650,#1659,#1661,.T.);
#1659 = VERTEX_POINT('',#1660);
#1660 = CARTESIAN_POINT('',(-16.82499786377,-11.54822354884,
    -2.926777946994));
#1661 = LINE('',#1662,#1663);
#1662 = CARTESIAN_POINT('',(-17.08749790903,-11.54822354884,
    -2.926777946994));
#1663 = VECTOR('',#1664,1.);
#1664 = DIRECTION('',(1.,0.,0.));
#1665 = ORIENTED_EDGE('',*,*,#1666,.T.);
#1666 = EDGE_CURVE('',#1659,#1667,#1669,.T.);
#1667 = VERTEX_POINT('',#1668);
#1668 = CARTESIAN_POINT('',(-16.82499786377,-11.72500024414,
    -3.000001251698));
#1669 = CIRCLE('',#1670,0.25);
#1670 = AXIS2_PLACEMENT_3D('',#1671,#1672,#1673);
#1671 = CARTESIAN_POINT('',(-16.82499786377,-11.72500024414,
    -2.750001251698));
#1672 = DIRECTION('',(-1.,0.,0.));
#1673 = DIRECTION('',(0.,0.707106781187,-0.707106781187));
#1674 = ORIENTED_EDGE('',*,*,#1675,.T.);
#1675 = EDGE_CURVE('',#1667,#1648,#1676,.T.);
#1676 = LINE('',#1677,#1678);
#1677 = CARTESIAN_POINT('',(-17.08749790903,-11.72500024414,
    -3.000001251698));
#1678 = VECTOR('',#1679,1.);
#1679 = DIRECTION('',(-1.,0.,0.));
#1680 = CYLINDRICAL_SURFACE('',#1681,0.25);
#1681 = AXIS2_PLACEMENT_3D('',#1682,#1683,#1684);
#1682 = CARTESIAN_POINT('',(-17.08749790903,-11.72500024414,
    -2.750001251698));
#1683 = DIRECTION('',(1.,0.,0.));
#1684 = DIRECTION('',(0.,0.707106781187,-0.707106781187));
#1685 = ADVANCED_FACE('',(#1686),#1722,.T.);
#1686 = FACE_BOUND('',#1687,.T.);
#1687 = EDGE_LOOP('',(#1688,#1699,#1707,#1716));
#1688 = ORIENTED_EDGE('',*,*,#1689,.T.);
#1689 = EDGE_CURVE('',#1690,#1692,#1694,.T.);
#1690 = VERTEX_POINT('',#1691);
#1691 = CARTESIAN_POINT('',(-16.82499786377,-12.12500024414,
    -3.000001251698));
#1692 = VERTEX_POINT('',#1693);
#1693 = CARTESIAN_POINT('',(-16.82499786377,-12.30177693943,
    -2.926777946994));
#1694 = CIRCLE('',#1695,0.25);
#1695 = AXIS2_PLACEMENT_3D('',#1696,#1697,#1698);
#1696 = CARTESIAN_POINT('',(-16.82499786377,-12.12500024414,
    -2.750001251698));
#1697 = DIRECTION('',(-1.,0.,0.));
#1698 = DIRECTION('',(-0.,-0.707106781187,-0.707106781187));
#1699 = ORIENTED_EDGE('',*,*,#1700,.T.);
#1700 = EDGE_CURVE('',#1692,#1701,#1703,.T.);
#1701 = VERTEX_POINT('',#1702);
#1702 = CARTESIAN_POINT('',(-17.17499792411,-12.30177693943,
    -2.926777946994));
#1703 = LINE('',#1704,#1705);
#1704 = CARTESIAN_POINT('',(-16.91249787885,-12.30177693943,
    -2.926777946994));
#1705 = VECTOR('',#1706,1.);
#1706 = DIRECTION('',(-1.,0.,0.));
#1707 = ORIENTED_EDGE('',*,*,#1708,.T.);
#1708 = EDGE_CURVE('',#1701,#1709,#1711,.T.);
#1709 = VERTEX_POINT('',#1710);
#1710 = CARTESIAN_POINT('',(-17.17499792411,-12.12500024414,
    -3.000001251698));
#1711 = CIRCLE('',#1712,0.25);
#1712 = AXIS2_PLACEMENT_3D('',#1713,#1714,#1715);
#1713 = CARTESIAN_POINT('',(-17.17499792411,-12.12500024414,
    -2.750001251698));
#1714 = DIRECTION('',(1.,0.,0.));
#1715 = DIRECTION('',(0.,-0.707106781187,-0.707106781187));
#1716 = ORIENTED_EDGE('',*,*,#1717,.T.);
#1717 = EDGE_CURVE('',#1709,#1690,#1718,.T.);
#1718 = LINE('',#1719,#1720);
#1719 = CARTESIAN_POINT('',(-16.91249787885,-12.12500024414,
    -3.000001251698));
#1720 = VECTOR('',#1721,1.);
#1721 = DIRECTION('',(1.,0.,0.));
#1722 = CYLINDRICAL_SURFACE('',#1723,0.25);
#1723 = AXIS2_PLACEMENT_3D('',#1724,#1725,#1726);
#1724 = CARTESIAN_POINT('',(-16.91249787885,-12.12500024414,
    -2.750001251698));
#1725 = DIRECTION('',(-1.,0.,0.));
#1726 = DIRECTION('',(-0.,-0.707106781187,-0.707106781187));
#1727 = ADVANCED_FACE('',(#1728),#1764,.T.);
#1728 = FACE_BOUND('',#1729,.T.);
#1729 = EDGE_LOOP('',(#1730,#1741,#1749,#1758));
#1730 = ORIENTED_EDGE('',*,*,#1731,.T.);
#1731 = EDGE_CURVE('',#1732,#1734,#1736,.T.);
#1732 = VERTEX_POINT('',#1733);
#1733 = CARTESIAN_POINT('',(-17.17499786377,-1.925000244141,
    -3.000001251698));
#1734 = VERTEX_POINT('',#1735);
#1735 = CARTESIAN_POINT('',(-17.17499786377,-1.748223548844,
    -2.926777946994));
#1736 = CIRCLE('',#1737,0.25);
#1737 = AXIS2_PLACEMENT_3D('',#1738,#1739,#1740);
#1738 = CARTESIAN_POINT('',(-17.17499786377,-1.925000244141,
    -2.750001251698));
#1739 = DIRECTION('',(1.,-0.,0.));
#1740 = DIRECTION('',(0.,0.707106781187,-0.707106781187));
#1741 = ORIENTED_EDGE('',*,*,#1742,.T.);
#1742 = EDGE_CURVE('',#1734,#1743,#1745,.T.);
#1743 = VERTEX_POINT('',#1744);
#1744 = CARTESIAN_POINT('',(-16.82499786377,-1.748223548844,
    -2.926777946994));
#1745 = LINE('',#1746,#1747);
#1746 = CARTESIAN_POINT('',(-17.08749786377,-1.748223548844,
    -2.926777946994));
#1747 = VECTOR('',#1748,1.);
#1748 = DIRECTION('',(1.,0.,0.));
#1749 = ORIENTED_EDGE('',*,*,#1750,.T.);
#1750 = EDGE_CURVE('',#1743,#1751,#1753,.T.);
#1751 = VERTEX_POINT('',#1752);
#1752 = CARTESIAN_POINT('',(-16.82499786377,-1.925000244141,
    -3.000001251698));
#1753 = CIRCLE('',#1754,0.25);
#1754 = AXIS2_PLACEMENT_3D('',#1755,#1756,#1757);
#1755 = CARTESIAN_POINT('',(-16.82499786377,-1.925000244141,
    -2.750001251698));
#1756 = DIRECTION('',(-1.,0.,0.));
#1757 = DIRECTION('',(0.,0.707106781187,-0.707106781187));
#1758 = ORIENTED_EDGE('',*,*,#1759,.T.);
#1759 = EDGE_CURVE('',#1751,#1732,#1760,.T.);
#1760 = LINE('',#1761,#1762);
#1761 = CARTESIAN_POINT('',(-17.08749786377,-1.925000244141,
    -3.000001251698));
#1762 = VECTOR('',#1763,1.);
#1763 = DIRECTION('',(-1.,0.,0.));
#1764 = CYLINDRICAL_SURFACE('',#1765,0.25);
#1765 = AXIS2_PLACEMENT_3D('',#1766,#1767,#1768);
#1766 = CARTESIAN_POINT('',(-17.08749786377,-1.925000244141,
    -2.750001251698));
#1767 = DIRECTION('',(1.,0.,0.));
#1768 = DIRECTION('',(0.,0.707106781187,-0.707106781187));
#1769 = ADVANCED_FACE('',(#1770),#1806,.T.);
#1770 = FACE_BOUND('',#1771,.T.);
#1771 = EDGE_LOOP('',(#1772,#1783,#1791,#1800));
#1772 = ORIENTED_EDGE('',*,*,#1773,.T.);
#1773 = EDGE_CURVE('',#1774,#1776,#1778,.T.);
#1774 = VERTEX_POINT('',#1775);
#1775 = CARTESIAN_POINT('',(-16.82499786377,-2.325000244141,
    -3.000001251698));
#1776 = VERTEX_POINT('',#1777);
#1777 = CARTESIAN_POINT('',(-16.82499786377,-2.501776939437,
    -2.926777946994));
#1778 = CIRCLE('',#1779,0.25);
#1779 = AXIS2_PLACEMENT_3D('',#1780,#1781,#1782);
#1780 = CARTESIAN_POINT('',(-16.82499786377,-2.325000244141,
    -2.750001251698));
#1781 = DIRECTION('',(-1.,0.,0.));
#1782 = DIRECTION('',(-0.,-0.707106781187,-0.707106781187));
#1783 = ORIENTED_EDGE('',*,*,#1784,.T.);
#1784 = EDGE_CURVE('',#1776,#1785,#1787,.T.);
#1785 = VERTEX_POINT('',#1786);
#1786 = CARTESIAN_POINT('',(-17.17499786377,-2.501776939437,
    -2.926777946994));
#1787 = LINE('',#1788,#1789);
#1788 = CARTESIAN_POINT('',(-16.91249786377,-2.501776939437,
    -2.926777946994));
#1789 = VECTOR('',#1790,1.);
#1790 = DIRECTION('',(-1.,0.,0.));
#1791 = ORIENTED_EDGE('',*,*,#1792,.T.);
#1792 = EDGE_CURVE('',#1785,#1793,#1795,.T.);
#1793 = VERTEX_POINT('',#1794);
#1794 = CARTESIAN_POINT('',(-17.17499786377,-2.325000244141,
    -3.000001251698));
#1795 = CIRCLE('',#1796,0.25);
#1796 = AXIS2_PLACEMENT_3D('',#1797,#1798,#1799);
#1797 = CARTESIAN_POINT('',(-17.17499786377,-2.325000244141,
    -2.750001251698));
#1798 = DIRECTION('',(1.,0.,0.));
#1799 = DIRECTION('',(0.,-0.707106781187,-0.707106781187));
#1800 = ORIENTED_EDGE('',*,*,#1801,.T.);
#1801 = EDGE_CURVE('',#1793,#1774,#1802,.T.);
#1802 = LINE('',#1803,#1804);
#1803 = CARTESIAN_POINT('',(-16.91249786377,-2.325000244141,
    -3.000001251698));
#1804 = VECTOR('',#1805,1.);
#1805 = DIRECTION('',(1.,0.,0.));
#1806 = CYLINDRICAL_SURFACE('',#1807,0.25);
#1807 = AXIS2_PLACEMENT_3D('',#1808,#1809,#1810);
#1808 = CARTESIAN_POINT('',(-16.91249786377,-2.325000244141,
    -2.750001251698));
#1809 = DIRECTION('',(-1.,0.,0.));
#1810 = DIRECTION('',(-0.,-0.707106781187,-0.707106781187));
#1811 = ADVANCED_FACE('',(#1812),#1848,.T.);
#1812 = FACE_BOUND('',#1813,.T.);
#1813 = EDGE_LOOP('',(#1814,#1825,#1833,#1842));
#1814 = ORIENTED_EDGE('',*,*,#1815,.T.);
#1815 = EDGE_CURVE('',#1816,#1818,#1820,.T.);
#1816 = VERTEX_POINT('',#1817);
#1817 = CARTESIAN_POINT('',(-17.17499786377,-6.825000244141,
    -3.000001251698));
#1818 = VERTEX_POINT('',#1819);
#1819 = CARTESIAN_POINT('',(-17.17499786377,-6.648223548844,
    -2.926777946994));
#1820 = CIRCLE('',#1821,0.25);
#1821 = AXIS2_PLACEMENT_3D('',#1822,#1823,#1824);
#1822 = CARTESIAN_POINT('',(-17.17499786377,-6.825000244141,
    -2.750001251698));
#1823 = DIRECTION('',(1.,-0.,0.));
#1824 = DIRECTION('',(0.,0.707106781187,-0.707106781187));
#1825 = ORIENTED_EDGE('',*,*,#1826,.T.);
#1826 = EDGE_CURVE('',#1818,#1827,#1829,.T.);
#1827 = VERTEX_POINT('',#1828);
#1828 = CARTESIAN_POINT('',(-16.82499786377,-6.648223548844,
    -2.926777946994));
#1829 = LINE('',#1830,#1831);
#1830 = CARTESIAN_POINT('',(-17.08749786377,-6.648223548844,
    -2.926777946994));
#1831 = VECTOR('',#1832,1.);
#1832 = DIRECTION('',(1.,0.,0.));
#1833 = ORIENTED_EDGE('',*,*,#1834,.T.);
#1834 = EDGE_CURVE('',#1827,#1835,#1837,.T.);
#1835 = VERTEX_POINT('',#1836);
#1836 = CARTESIAN_POINT('',(-16.82499786377,-6.825000244141,
    -3.000001251698));
#1837 = CIRCLE('',#1838,0.25);
#1838 = AXIS2_PLACEMENT_3D('',#1839,#1840,#1841);
#1839 = CARTESIAN_POINT('',(-16.82499786377,-6.825000244141,
    -2.750001251698));
#1840 = DIRECTION('',(-1.,0.,0.));
#1841 = DIRECTION('',(0.,0.707106781187,-0.707106781187));
#1842 = ORIENTED_EDGE('',*,*,#1843,.T.);
#1843 = EDGE_CURVE('',#1835,#1816,#1844,.T.);
#1844 = LINE('',#1845,#1846);
#1845 = CARTESIAN_POINT('',(-17.08749786377,-6.825000244141,
    -3.000001251698));
#1846 = VECTOR('',#1847,1.);
#1847 = DIRECTION('',(-1.,0.,0.));
#1848 = CYLINDRICAL_SURFACE('',#1849,0.25);
#1849 = AXIS2_PLACEMENT_3D('',#1850,#1851,#1852);
#1850 = CARTESIAN_POINT('',(-17.08749786377,-6.825000244141,
    -2.750001251698));
#1851 = DIRECTION('',(1.,0.,0.));
#1852 = DIRECTION('',(0.,0.707106781187,-0.707106781187));
#1853 = ADVANCED_FACE('',(#1854),#1890,.T.);
#1854 = FACE_BOUND('',#1855,.T.);
#1855 = EDGE_LOOP('',(#1856,#1867,#1875,#1884));
#1856 = ORIENTED_EDGE('',*,*,#1857,.T.);
#1857 = EDGE_CURVE('',#1858,#1860,#1862,.T.);
#1858 = VERTEX_POINT('',#1859);
#1859 = CARTESIAN_POINT('',(-16.82499786377,-7.225000244141,
    -3.000001251698));
#1860 = VERTEX_POINT('',#1861);
#1861 = CARTESIAN_POINT('',(-16.82499786377,-7.401776939437,
    -2.926777946994));
#1862 = CIRCLE('',#1863,0.25);
#1863 = AXIS2_PLACEMENT_3D('',#1864,#1865,#1866);
#1864 = CARTESIAN_POINT('',(-16.82499786377,-7.225000244141,
    -2.750001251698));
#1865 = DIRECTION('',(-1.,0.,0.));
#1866 = DIRECTION('',(-0.,-0.707106781187,-0.707106781187));
#1867 = ORIENTED_EDGE('',*,*,#1868,.T.);
#1868 = EDGE_CURVE('',#1860,#1869,#1871,.T.);
#1869 = VERTEX_POINT('',#1870);
#1870 = CARTESIAN_POINT('',(-17.17499786377,-7.401776939437,
    -2.926777946994));
#1871 = LINE('',#1872,#1873);
#1872 = CARTESIAN_POINT('',(-16.91249786377,-7.401776939437,
    -2.926777946994));
#1873 = VECTOR('',#1874,1.);
#1874 = DIRECTION('',(-1.,0.,0.));
#1875 = ORIENTED_EDGE('',*,*,#1876,.T.);
#1876 = EDGE_CURVE('',#1869,#1877,#1879,.T.);
#1877 = VERTEX_POINT('',#1878);
#1878 = CARTESIAN_POINT('',(-17.17499786377,-7.225000244141,
    -3.000001251698));
#1879 = CIRCLE('',#1880,0.25);
#1880 = AXIS2_PLACEMENT_3D('',#1881,#1882,#1883);
#1881 = CARTESIAN_POINT('',(-17.17499786377,-7.225000244141,
    -2.750001251698));
#1882 = DIRECTION('',(1.,0.,0.));
#1883 = DIRECTION('',(0.,-0.707106781187,-0.707106781187));
#1884 = ORIENTED_EDGE('',*,*,#1885,.T.);
#1885 = EDGE_CURVE('',#1877,#1858,#1886,.T.);
#1886 = LINE('',#1887,#1888);
#1887 = CARTESIAN_POINT('',(-16.91249786377,-7.225000244141,
    -3.000001251698));
#1888 = VECTOR('',#1889,1.);
#1889 = DIRECTION('',(1.,0.,0.));
#1890 = CYLINDRICAL_SURFACE('',#1891,0.25);
#1891 = AXIS2_PLACEMENT_3D('',#1892,#1893,#1894);
#1892 = CARTESIAN_POINT('',(-16.91249786377,-7.225000244141,
    -2.750001251698));
#1893 = DIRECTION('',(-1.,0.,0.));
#1894 = DIRECTION('',(-0.,-0.707106781187,-0.707106781187));
#1895 = ADVANCED_FACE('',(#1896),#1932,.T.);
#1896 = FACE_BOUND('',#1897,.T.);
#1897 = EDGE_LOOP('',(#1898,#1909,#1917,#1926));
#1898 = ORIENTED_EDGE('',*,*,#1899,.T.);
#1899 = EDGE_CURVE('',#1900,#1902,#1904,.T.);
#1900 = VERTEX_POINT('',#1901);
#1901 = CARTESIAN_POINT('',(-18.37499786377,-4.400000244141,
    6.624998748302));
#1902 = VERTEX_POINT('',#1903);
#1903 = CARTESIAN_POINT('',(-18.37499786377,-5.466941982382,
    7.066940486544));
#1904 = CIRCLE('',#1905,0.625);
#1905 = AXIS2_PLACEMENT_3D('',#1906,#1907,#1908);
#1906 = CARTESIAN_POINT('',(-18.37499786377,-5.025000244141,
    6.624998748302));
#1907 = DIRECTION('',(1.,0.,0.));
#1908 = DIRECTION('',(0.,-0.707106781187,0.707106781187));
#1909 = ORIENTED_EDGE('',*,*,#1910,.T.);
#1910 = EDGE_CURVE('',#1902,#1911,#1913,.T.);
#1911 = VERTEX_POINT('',#1912);
#1912 = CARTESIAN_POINT('',(-15.62499786377,-5.466941982382,
    7.066940486544));
#1913 = LINE('',#1914,#1915);
#1914 = CARTESIAN_POINT('',(-17.68749786377,-5.466941982382,
    7.066940486544));
#1915 = VECTOR('',#1916,1.);
#1916 = DIRECTION('',(1.,0.,0.));
#1917 = ORIENTED_EDGE('',*,*,#1918,.T.);
#1918 = EDGE_CURVE('',#1911,#1919,#1921,.T.);
#1919 = VERTEX_POINT('',#1920);
#1920 = CARTESIAN_POINT('',(-15.62499786377,-4.400000244141,
    6.624998748302));
#1921 = CIRCLE('',#1922,0.625);
#1922 = AXIS2_PLACEMENT_3D('',#1923,#1924,#1925);
#1923 = CARTESIAN_POINT('',(-15.62499786377,-5.025000244141,
    6.624998748302));
#1924 = DIRECTION('',(-1.,0.,0.));
#1925 = DIRECTION('',(0.,0.707106781187,0.707106781187));
#1926 = ORIENTED_EDGE('',*,*,#1927,.T.);
#1927 = EDGE_CURVE('',#1919,#1900,#1928,.T.);
#1928 = LINE('',#1929,#1930);
#1929 = CARTESIAN_POINT('',(-16.31249786377,-4.400000244141,
    6.624998748302));
#1930 = VECTOR('',#1931,1.);
#1931 = DIRECTION('',(-1.,0.,0.));
#1932 = CYLINDRICAL_SURFACE('',#1933,0.625);
#1933 = AXIS2_PLACEMENT_3D('',#1934,#1935,#1936);
#1934 = CARTESIAN_POINT('',(-17.68749786377,-5.025000244141,
    6.624998748302));
#1935 = DIRECTION('',(1.,0.,0.));
#1936 = DIRECTION('',(0.,-0.707106781187,0.707106781187));
#1937 = ADVANCED_FACE('',(#1938),#1972,.T.);
#1938 = FACE_BOUND('',#1939,.T.);
#1939 = EDGE_LOOP('',(#1940,#1949,#1957,#1965,#1971));
#1940 = ORIENTED_EDGE('',*,*,#1941,.F.);
#1941 = EDGE_CURVE('',#1942,#1911,#1944,.T.);
#1942 = VERTEX_POINT('',#1943);
#1943 = CARTESIAN_POINT('',(-15.62499786377,-5.650000244141,
    6.624998748302));
#1944 = CIRCLE('',#1945,0.625);
#1945 = AXIS2_PLACEMENT_3D('',#1946,#1947,#1948);
#1946 = CARTESIAN_POINT('',(-15.62499786377,-5.025000244141,
    6.624998748302));
#1947 = DIRECTION('',(-1.,0.,0.));
#1948 = DIRECTION('',(0.,0.707106781187,0.707106781187));
#1949 = ORIENTED_EDGE('',*,*,#1950,.F.);
#1950 = EDGE_CURVE('',#1951,#1942,#1953,.T.);
#1951 = VERTEX_POINT('',#1952);
#1952 = CARTESIAN_POINT('',(-15.62499786377,-5.650000244141,
    6.499998748302));
#1953 = LINE('',#1954,#1955);
#1954 = CARTESIAN_POINT('',(-15.62499786377,-5.650000244141,
    6.499998748302));
#1955 = VECTOR('',#1956,1.);
#1956 = DIRECTION('',(0.,0.,1.));
#1957 = ORIENTED_EDGE('',*,*,#1958,.F.);
#1958 = EDGE_CURVE('',#1959,#1951,#1961,.T.);
#1959 = VERTEX_POINT('',#1960);
#1960 = CARTESIAN_POINT('',(-15.62499786377,-4.400000244141,
    6.499998748302));
#1961 = LINE('',#1962,#1963);
#1962 = CARTESIAN_POINT('',(-15.62499786377,-4.400000244141,
    6.499998748302));
#1963 = VECTOR('',#1964,1.);
#1964 = DIRECTION('',(0.,-1.,0.));
#1965 = ORIENTED_EDGE('',*,*,#1966,.T.);
#1966 = EDGE_CURVE('',#1959,#1919,#1967,.T.);
#1967 = LINE('',#1968,#1969);
#1968 = CARTESIAN_POINT('',(-15.62499786377,-4.400000244141,
    6.499998748302));
#1969 = VECTOR('',#1970,1.);
#1970 = DIRECTION('',(0.,0.,1.));
#1971 = ORIENTED_EDGE('',*,*,#1918,.F.);
#1972 = PLANE('',#1973);
#1973 = AXIS2_PLACEMENT_3D('',#1974,#1975,#1976);
#1974 = CARTESIAN_POINT('',(-15.62499786377,-5.650000244141,
    6.499998748302));
#1975 = DIRECTION('',(1.,0.,0.));
#1976 = DIRECTION('',(0.,1.,0.));
#1977 = ADVANCED_FACE('',(#1978),#1997,.T.);
#1978 = FACE_BOUND('',#1979,.T.);
#1979 = EDGE_LOOP('',(#1980,#1981,#1990,#1996));
#1980 = ORIENTED_EDGE('',*,*,#1910,.F.);
#1981 = ORIENTED_EDGE('',*,*,#1982,.T.);
#1982 = EDGE_CURVE('',#1902,#1983,#1985,.T.);
#1983 = VERTEX_POINT('',#1984);
#1984 = CARTESIAN_POINT('',(-18.37499786377,-5.650000244141,
    6.624998748302));
#1985 = CIRCLE('',#1986,0.625);
#1986 = AXIS2_PLACEMENT_3D('',#1987,#1988,#1989);
#1987 = CARTESIAN_POINT('',(-18.37499786377,-5.025000244141,
    6.624998748302));
#1988 = DIRECTION('',(1.,0.,0.));
#1989 = DIRECTION('',(0.,-0.707106781187,0.707106781187));
#1990 = ORIENTED_EDGE('',*,*,#1991,.T.);
#1991 = EDGE_CURVE('',#1983,#1942,#1992,.T.);
#1992 = LINE('',#1993,#1994);
#1993 = CARTESIAN_POINT('',(-17.68749786377,-5.650000244141,
    6.624998748302));
#1994 = VECTOR('',#1995,1.);
#1995 = DIRECTION('',(1.,0.,0.));
#1996 = ORIENTED_EDGE('',*,*,#1941,.T.);
#1997 = CYLINDRICAL_SURFACE('',#1998,0.625);
#1998 = AXIS2_PLACEMENT_3D('',#1999,#2000,#2001);
#1999 = CARTESIAN_POINT('',(-17.68749786377,-5.025000244141,
    6.624998748302));
#2000 = DIRECTION('',(1.,0.,0.));
#2001 = DIRECTION('',(0.,-0.707106781187,0.707106781187));
#2002 = ADVANCED_FACE('',(#2003),#2021,.T.);
#2003 = FACE_BOUND('',#2004,.T.);
#2004 = EDGE_LOOP('',(#2005,#2006,#2014,#2020));
#2005 = ORIENTED_EDGE('',*,*,#1991,.F.);
#2006 = ORIENTED_EDGE('',*,*,#2007,.F.);
#2007 = EDGE_CURVE('',#2008,#1983,#2010,.T.);
#2008 = VERTEX_POINT('',#2009);
#2009 = CARTESIAN_POINT('',(-18.37499786377,-5.650000244141,
    6.499998748302));
#2010 = LINE('',#2011,#2012);
#2011 = CARTESIAN_POINT('',(-18.37499786377,-5.650000244141,
    6.499998748302));
#2012 = VECTOR('',#2013,1.);
#2013 = DIRECTION('',(0.,0.,1.));
#2014 = ORIENTED_EDGE('',*,*,#2015,.F.);
#2015 = EDGE_CURVE('',#1951,#2008,#2016,.T.);
#2016 = LINE('',#2017,#2018);
#2017 = CARTESIAN_POINT('',(-15.62499786377,-5.650000244141,
    6.499998748302));
#2018 = VECTOR('',#2019,1.);
#2019 = DIRECTION('',(-1.,0.,0.));
#2020 = ORIENTED_EDGE('',*,*,#1950,.T.);
#2021 = PLANE('',#2022);
#2022 = AXIS2_PLACEMENT_3D('',#2023,#2024,#2025);
#2023 = CARTESIAN_POINT('',(-18.37499786377,-5.650000244141,
    6.499998748302));
#2024 = DIRECTION('',(0.,-1.,0.));
#2025 = DIRECTION('',(0.,0.,-1.));
#2026 = ADVANCED_FACE('',(#2027),#2046,.T.);
#2027 = FACE_BOUND('',#2028,.T.);
#2028 = EDGE_LOOP('',(#2029,#2030,#2038,#2044,#2045));
#2029 = ORIENTED_EDGE('',*,*,#1899,.F.);
#2030 = ORIENTED_EDGE('',*,*,#2031,.F.);
#2031 = EDGE_CURVE('',#2032,#1900,#2034,.T.);
#2032 = VERTEX_POINT('',#2033);
#2033 = CARTESIAN_POINT('',(-18.37499786377,-4.400000244141,
    6.499998748302));
#2034 = LINE('',#2035,#2036);
#2035 = CARTESIAN_POINT('',(-18.37499786377,-4.400000244141,
    6.499998748302));
#2036 = VECTOR('',#2037,1.);
#2037 = DIRECTION('',(0.,0.,1.));
#2038 = ORIENTED_EDGE('',*,*,#2039,.F.);
#2039 = EDGE_CURVE('',#2008,#2032,#2040,.T.);
#2040 = LINE('',#2041,#2042);
#2041 = CARTESIAN_POINT('',(-18.37499786377,-5.650000244141,
    6.499998748302));
#2042 = VECTOR('',#2043,1.);
#2043 = DIRECTION('',(0.,1.,0.));
#2044 = ORIENTED_EDGE('',*,*,#2007,.T.);
#2045 = ORIENTED_EDGE('',*,*,#1982,.F.);
#2046 = PLANE('',#2047);
#2047 = AXIS2_PLACEMENT_3D('',#2048,#2049,#2050);
#2048 = CARTESIAN_POINT('',(-18.37499786377,-4.400000244141,
    6.499998748302));
#2049 = DIRECTION('',(-1.,0.,0.));
#2050 = DIRECTION('',(0.,0.,1.));
#2051 = ADVANCED_FACE('',(#2052),#2063,.T.);
#2052 = FACE_BOUND('',#2053,.T.);
#2053 = EDGE_LOOP('',(#2054,#2055,#2056,#2062));
#2054 = ORIENTED_EDGE('',*,*,#1927,.F.);
#2055 = ORIENTED_EDGE('',*,*,#1966,.F.);
#2056 = ORIENTED_EDGE('',*,*,#2057,.F.);
#2057 = EDGE_CURVE('',#2032,#1959,#2058,.T.);
#2058 = LINE('',#2059,#2060);
#2059 = CARTESIAN_POINT('',(-18.37499786377,-4.400000244141,
    6.499998748302));
#2060 = VECTOR('',#2061,1.);
#2061 = DIRECTION('',(1.,0.,0.));
#2062 = ORIENTED_EDGE('',*,*,#2031,.T.);
#2063 = PLANE('',#2064);
#2064 = AXIS2_PLACEMENT_3D('',#2065,#2066,#2067);
#2065 = CARTESIAN_POINT('',(-15.62499786377,-4.400000244141,
    6.499998748302));
#2066 = DIRECTION('',(0.,1.,0.));
#2067 = DIRECTION('',(1.,0.,0.));
#2068 = ADVANCED_FACE('',(#2069),#2096,.T.);
#2069 = FACE_BOUND('',#2070,.T.);
#2070 = EDGE_LOOP('',(#2071,#2072,#2081,#2089));
#2071 = ORIENTED_EDGE('',*,*,#1868,.F.);
#2072 = ORIENTED_EDGE('',*,*,#2073,.T.);
#2073 = EDGE_CURVE('',#1860,#2074,#2076,.T.);
#2074 = VERTEX_POINT('',#2075);
#2075 = CARTESIAN_POINT('',(-16.82499786377,-7.475000244141,
    -2.750001251698));
#2076 = CIRCLE('',#2077,0.25);
#2077 = AXIS2_PLACEMENT_3D('',#2078,#2079,#2080);
#2078 = CARTESIAN_POINT('',(-16.82499786377,-7.225000244141,
    -2.750001251698));
#2079 = DIRECTION('',(-1.,0.,0.));
#2080 = DIRECTION('',(-0.,-0.707106781187,-0.707106781187));
#2081 = ORIENTED_EDGE('',*,*,#2082,.T.);
#2082 = EDGE_CURVE('',#2074,#2083,#2085,.T.);
#2083 = VERTEX_POINT('',#2084);
#2084 = CARTESIAN_POINT('',(-17.17499786377,-7.475000244141,
    -2.750001251698));
#2085 = LINE('',#2086,#2087);
#2086 = CARTESIAN_POINT('',(-16.91249786377,-7.475000244141,
    -2.750001251698));
#2087 = VECTOR('',#2088,1.);
#2088 = DIRECTION('',(-1.,0.,0.));
#2089 = ORIENTED_EDGE('',*,*,#2090,.T.);
#2090 = EDGE_CURVE('',#2083,#1869,#2091,.T.);
#2091 = CIRCLE('',#2092,0.25);
#2092 = AXIS2_PLACEMENT_3D('',#2093,#2094,#2095);
#2093 = CARTESIAN_POINT('',(-17.17499786377,-7.225000244141,
    -2.750001251698));
#2094 = DIRECTION('',(1.,0.,0.));
#2095 = DIRECTION('',(0.,-0.707106781187,-0.707106781187));
#2096 = CYLINDRICAL_SURFACE('',#2097,0.25);
#2097 = AXIS2_PLACEMENT_3D('',#2098,#2099,#2100);
#2098 = CARTESIAN_POINT('',(-16.91249786377,-7.225000244141,
    -2.750001251698));
#2099 = DIRECTION('',(-1.,0.,0.));
#2100 = DIRECTION('',(-0.,-0.707106781187,-0.707106781187));
#2101 = ADVANCED_FACE('',(#2102),#2118,.T.);
#2102 = FACE_BOUND('',#2103,.T.);
#2103 = EDGE_LOOP('',(#2104,#2105,#2111,#2112));
#2104 = ORIENTED_EDGE('',*,*,#1885,.F.);
#2105 = ORIENTED_EDGE('',*,*,#2106,.T.);
#2106 = EDGE_CURVE('',#1877,#1816,#2107,.T.);
#2107 = LINE('',#2108,#2109);
#2108 = CARTESIAN_POINT('',(-17.17499786377,-7.475000244141,
    -3.000001251698));
#2109 = VECTOR('',#2110,1.);
#2110 = DIRECTION('',(0.,1.,0.));
#2111 = ORIENTED_EDGE('',*,*,#1843,.F.);
#2112 = ORIENTED_EDGE('',*,*,#2113,.T.);
#2113 = EDGE_CURVE('',#1835,#1858,#2114,.T.);
#2114 = LINE('',#2115,#2116);
#2115 = CARTESIAN_POINT('',(-16.82499786377,-6.575000244141,
    -3.000001251698));
#2116 = VECTOR('',#2117,1.);
#2117 = DIRECTION('',(0.,-1.,0.));
#2118 = PLANE('',#2119);
#2119 = AXIS2_PLACEMENT_3D('',#2120,#2121,#2122);
#2120 = CARTESIAN_POINT('',(-16.99999786377,-7.025000244141,
    -3.000001251698));
#2121 = DIRECTION('',(0.,0.,-1.));
#2122 = DIRECTION('',(0.,-1.,0.));
#2123 = ADVANCED_FACE('',(#2124),#2161,.T.);
#2124 = FACE_BOUND('',#2125,.T.);
#2125 = EDGE_LOOP('',(#2126,#2127,#2135,#2143,#2151,#2158,#2159,#2160));
#2126 = ORIENTED_EDGE('',*,*,#2090,.F.);
#2127 = ORIENTED_EDGE('',*,*,#2128,.F.);
#2128 = EDGE_CURVE('',#2129,#2083,#2131,.T.);
#2129 = VERTEX_POINT('',#2130);
#2130 = CARTESIAN_POINT('',(-17.17499786377,-7.475000244141,
    0.499998748302));
#2131 = LINE('',#2132,#2133);
#2132 = CARTESIAN_POINT('',(-17.17499786377,-7.475000244141,
    0.499998748302));
#2133 = VECTOR('',#2134,1.);
#2134 = DIRECTION('',(0.,0.,-1.));
#2135 = ORIENTED_EDGE('',*,*,#2136,.T.);
#2136 = EDGE_CURVE('',#2129,#2137,#2139,.T.);
#2137 = VERTEX_POINT('',#2138);
#2138 = CARTESIAN_POINT('',(-17.17499786377,-6.575000244141,
    0.499998748302));
#2139 = LINE('',#2140,#2141);
#2140 = CARTESIAN_POINT('',(-17.17499786377,-7.475000244141,
    0.499998748302));
#2141 = VECTOR('',#2142,1.);
#2142 = DIRECTION('',(0.,1.,0.));
#2143 = ORIENTED_EDGE('',*,*,#2144,.T.);
#2144 = EDGE_CURVE('',#2137,#2145,#2147,.T.);
#2145 = VERTEX_POINT('',#2146);
#2146 = CARTESIAN_POINT('',(-17.17499786377,-6.575000244141,
    -2.750001251698));
#2147 = LINE('',#2148,#2149);
#2148 = CARTESIAN_POINT('',(-17.17499786377,-6.575000244141,
    0.499998748302));
#2149 = VECTOR('',#2150,1.);
#2150 = DIRECTION('',(0.,0.,-1.));
#2151 = ORIENTED_EDGE('',*,*,#2152,.F.);
#2152 = EDGE_CURVE('',#1818,#2145,#2153,.T.);
#2153 = CIRCLE('',#2154,0.25);
#2154 = AXIS2_PLACEMENT_3D('',#2155,#2156,#2157);
#2155 = CARTESIAN_POINT('',(-17.17499786377,-6.825000244141,
    -2.750001251698));
#2156 = DIRECTION('',(1.,-0.,0.));
#2157 = DIRECTION('',(0.,0.707106781187,-0.707106781187));
#2158 = ORIENTED_EDGE('',*,*,#1815,.F.);
#2159 = ORIENTED_EDGE('',*,*,#2106,.F.);
#2160 = ORIENTED_EDGE('',*,*,#1876,.F.);
#2161 = PLANE('',#2162);
#2162 = AXIS2_PLACEMENT_3D('',#2163,#2164,#2165);
#2163 = CARTESIAN_POINT('',(-17.17499786377,-7.475000244141,
    0.499998748302));
#2164 = DIRECTION('',(-1.,0.,0.));
#2165 = DIRECTION('',(0.,0.,1.));
#2166 = ADVANCED_FACE('',(#2167),#2186,.T.);
#2167 = FACE_BOUND('',#2168,.T.);
#2168 = EDGE_LOOP('',(#2169,#2170,#2171,#2179));
#2169 = ORIENTED_EDGE('',*,*,#1826,.F.);
#2170 = ORIENTED_EDGE('',*,*,#2152,.T.);
#2171 = ORIENTED_EDGE('',*,*,#2172,.T.);
#2172 = EDGE_CURVE('',#2145,#2173,#2175,.T.);
#2173 = VERTEX_POINT('',#2174);
#2174 = CARTESIAN_POINT('',(-16.82499786377,-6.575000244141,
    -2.750001251698));
#2175 = LINE('',#2176,#2177);
#2176 = CARTESIAN_POINT('',(-17.08749786377,-6.575000244141,
    -2.750001251698));
#2177 = VECTOR('',#2178,1.);
#2178 = DIRECTION('',(1.,0.,0.));
#2179 = ORIENTED_EDGE('',*,*,#2180,.T.);
#2180 = EDGE_CURVE('',#2173,#1827,#2181,.T.);
#2181 = CIRCLE('',#2182,0.25);
#2182 = AXIS2_PLACEMENT_3D('',#2183,#2184,#2185);
#2183 = CARTESIAN_POINT('',(-16.82499786377,-6.825000244141,
    -2.750001251698));
#2184 = DIRECTION('',(-1.,0.,0.));
#2185 = DIRECTION('',(0.,0.707106781187,-0.707106781187));
#2186 = CYLINDRICAL_SURFACE('',#2187,0.25);
#2187 = AXIS2_PLACEMENT_3D('',#2188,#2189,#2190);
#2188 = CARTESIAN_POINT('',(-17.08749786377,-6.825000244141,
    -2.750001251698));
#2189 = DIRECTION('',(1.,0.,0.));
#2190 = DIRECTION('',(0.,0.707106781187,-0.707106781187));
#2191 = ADVANCED_FACE('',(#2192),#2221,.T.);
#2192 = FACE_BOUND('',#2193,.T.);
#2193 = EDGE_LOOP('',(#2194,#2195,#2196,#2197,#2198,#2206,#2214,#2220));
#2194 = ORIENTED_EDGE('',*,*,#1857,.F.);
#2195 = ORIENTED_EDGE('',*,*,#2113,.F.);
#2196 = ORIENTED_EDGE('',*,*,#1834,.F.);
#2197 = ORIENTED_EDGE('',*,*,#2180,.F.);
#2198 = ORIENTED_EDGE('',*,*,#2199,.F.);
#2199 = EDGE_CURVE('',#2200,#2173,#2202,.T.);
#2200 = VERTEX_POINT('',#2201);
#2201 = CARTESIAN_POINT('',(-16.82499786377,-6.575000244141,
    0.499998748302));
#2202 = LINE('',#2203,#2204);
#2203 = CARTESIAN_POINT('',(-16.82499786377,-6.575000244141,
    0.499998748302));
#2204 = VECTOR('',#2205,1.);
#2205 = DIRECTION('',(0.,0.,-1.));
#2206 = ORIENTED_EDGE('',*,*,#2207,.T.);
#2207 = EDGE_CURVE('',#2200,#2208,#2210,.T.);
#2208 = VERTEX_POINT('',#2209);
#2209 = CARTESIAN_POINT('',(-16.82499786377,-7.475000244141,
    0.499998748302));
#2210 = LINE('',#2211,#2212);
#2211 = CARTESIAN_POINT('',(-16.82499786377,-6.575000244141,
    0.499998748302));
#2212 = VECTOR('',#2213,1.);
#2213 = DIRECTION('',(0.,-1.,0.));
#2214 = ORIENTED_EDGE('',*,*,#2215,.T.);
#2215 = EDGE_CURVE('',#2208,#2074,#2216,.T.);
#2216 = LINE('',#2217,#2218);
#2217 = CARTESIAN_POINT('',(-16.82499786377,-7.475000244141,
    0.499998748302));
#2218 = VECTOR('',#2219,1.);
#2219 = DIRECTION('',(0.,0.,-1.));
#2220 = ORIENTED_EDGE('',*,*,#2073,.F.);
#2221 = PLANE('',#2222);
#2222 = AXIS2_PLACEMENT_3D('',#2223,#2224,#2225);
#2223 = CARTESIAN_POINT('',(-16.82499786377,-6.575000244141,
    0.499998748302));
#2224 = DIRECTION('',(1.,0.,0.));
#2225 = DIRECTION('',(0.,1.,0.));
#2226 = ADVANCED_FACE('',(#2227),#2238,.T.);
#2227 = FACE_BOUND('',#2228,.T.);
#2228 = EDGE_LOOP('',(#2229,#2230,#2231,#2237));
#2229 = ORIENTED_EDGE('',*,*,#2172,.F.);
#2230 = ORIENTED_EDGE('',*,*,#2144,.F.);
#2231 = ORIENTED_EDGE('',*,*,#2232,.T.);
#2232 = EDGE_CURVE('',#2137,#2200,#2233,.T.);
#2233 = LINE('',#2234,#2235);
#2234 = CARTESIAN_POINT('',(-17.17499786377,-6.575000244141,
    0.499998748302));
#2235 = VECTOR('',#2236,1.);
#2236 = DIRECTION('',(1.,0.,0.));
#2237 = ORIENTED_EDGE('',*,*,#2199,.T.);
#2238 = PLANE('',#2239);
#2239 = AXIS2_PLACEMENT_3D('',#2240,#2241,#2242);
#2240 = CARTESIAN_POINT('',(-17.17499786377,-6.575000244141,
    0.499998748302));
#2241 = DIRECTION('',(0.,1.,0.));
#2242 = DIRECTION('',(1.,0.,0.));
#2243 = ADVANCED_FACE('',(#2244),#2255,.T.);
#2244 = FACE_BOUND('',#2245,.T.);
#2245 = EDGE_LOOP('',(#2246,#2247,#2248,#2254));
#2246 = ORIENTED_EDGE('',*,*,#2082,.F.);
#2247 = ORIENTED_EDGE('',*,*,#2215,.F.);
#2248 = ORIENTED_EDGE('',*,*,#2249,.T.);
#2249 = EDGE_CURVE('',#2208,#2129,#2250,.T.);
#2250 = LINE('',#2251,#2252);
#2251 = CARTESIAN_POINT('',(-16.82499786377,-7.475000244141,
    0.499998748302));
#2252 = VECTOR('',#2253,1.);
#2253 = DIRECTION('',(-1.,0.,0.));
#2254 = ORIENTED_EDGE('',*,*,#2128,.T.);
#2255 = PLANE('',#2256);
#2256 = AXIS2_PLACEMENT_3D('',#2257,#2258,#2259);
#2257 = CARTESIAN_POINT('',(-16.82499786377,-7.475000244141,
    0.499998748302));
#2258 = DIRECTION('',(0.,-1.,0.));
#2259 = DIRECTION('',(0.,0.,-1.));
#2260 = ADVANCED_FACE('',(#2261),#2288,.T.);
#2261 = FACE_BOUND('',#2262,.T.);
#2262 = EDGE_LOOP('',(#2263,#2264,#2273,#2281));
#2263 = ORIENTED_EDGE('',*,*,#1784,.F.);
#2264 = ORIENTED_EDGE('',*,*,#2265,.T.);
#2265 = EDGE_CURVE('',#1776,#2266,#2268,.T.);
#2266 = VERTEX_POINT('',#2267);
#2267 = CARTESIAN_POINT('',(-16.82499786377,-2.575000244141,
    -2.750001251698));
#2268 = CIRCLE('',#2269,0.25);
#2269 = AXIS2_PLACEMENT_3D('',#2270,#2271,#2272);
#2270 = CARTESIAN_POINT('',(-16.82499786377,-2.325000244141,
    -2.750001251698));
#2271 = DIRECTION('',(-1.,0.,0.));
#2272 = DIRECTION('',(-0.,-0.707106781187,-0.707106781187));
#2273 = ORIENTED_EDGE('',*,*,#2274,.T.);
#2274 = EDGE_CURVE('',#2266,#2275,#2277,.T.);
#2275 = VERTEX_POINT('',#2276);
#2276 = CARTESIAN_POINT('',(-17.17499786377,-2.575000244141,
    -2.750001251698));
#2277 = LINE('',#2278,#2279);
#2278 = CARTESIAN_POINT('',(-16.91249786377,-2.575000244141,
    -2.750001251698));
#2279 = VECTOR('',#2280,1.);
#2280 = DIRECTION('',(-1.,0.,0.));
#2281 = ORIENTED_EDGE('',*,*,#2282,.T.);
#2282 = EDGE_CURVE('',#2275,#1785,#2283,.T.);
#2283 = CIRCLE('',#2284,0.25);
#2284 = AXIS2_PLACEMENT_3D('',#2285,#2286,#2287);
#2285 = CARTESIAN_POINT('',(-17.17499786377,-2.325000244141,
    -2.750001251698));
#2286 = DIRECTION('',(1.,0.,0.));
#2287 = DIRECTION('',(0.,-0.707106781187,-0.707106781187));
#2288 = CYLINDRICAL_SURFACE('',#2289,0.25);
#2289 = AXIS2_PLACEMENT_3D('',#2290,#2291,#2292);
#2290 = CARTESIAN_POINT('',(-16.91249786377,-2.325000244141,
    -2.750001251698));
#2291 = DIRECTION('',(-1.,0.,0.));
#2292 = DIRECTION('',(-0.,-0.707106781187,-0.707106781187));
#2293 = ADVANCED_FACE('',(#2294),#2310,.T.);
#2294 = FACE_BOUND('',#2295,.T.);
#2295 = EDGE_LOOP('',(#2296,#2297,#2303,#2304));
#2296 = ORIENTED_EDGE('',*,*,#1801,.F.);
#2297 = ORIENTED_EDGE('',*,*,#2298,.T.);
#2298 = EDGE_CURVE('',#1793,#1732,#2299,.T.);
#2299 = LINE('',#2300,#2301);
#2300 = CARTESIAN_POINT('',(-17.17499786377,-2.575000244141,
    -3.000001251698));
#2301 = VECTOR('',#2302,1.);
#2302 = DIRECTION('',(0.,1.,0.));
#2303 = ORIENTED_EDGE('',*,*,#1759,.F.);
#2304 = ORIENTED_EDGE('',*,*,#2305,.T.);
#2305 = EDGE_CURVE('',#1751,#1774,#2306,.T.);
#2306 = LINE('',#2307,#2308);
#2307 = CARTESIAN_POINT('',(-16.82499786377,-1.675000244141,
    -3.000001251698));
#2308 = VECTOR('',#2309,1.);
#2309 = DIRECTION('',(0.,-1.,0.));
#2310 = PLANE('',#2311);
#2311 = AXIS2_PLACEMENT_3D('',#2312,#2313,#2314);
#2312 = CARTESIAN_POINT('',(-16.99999786377,-2.125000244141,
    -3.000001251698));
#2313 = DIRECTION('',(0.,0.,-1.));
#2314 = DIRECTION('',(0.,-1.,0.));
#2315 = ADVANCED_FACE('',(#2316),#2353,.T.);
#2316 = FACE_BOUND('',#2317,.T.);
#2317 = EDGE_LOOP('',(#2318,#2319,#2327,#2335,#2343,#2350,#2351,#2352));
#2318 = ORIENTED_EDGE('',*,*,#2282,.F.);
#2319 = ORIENTED_EDGE('',*,*,#2320,.F.);
#2320 = EDGE_CURVE('',#2321,#2275,#2323,.T.);
#2321 = VERTEX_POINT('',#2322);
#2322 = CARTESIAN_POINT('',(-17.17499786377,-2.575000244141,
    0.499998748302));
#2323 = LINE('',#2324,#2325);
#2324 = CARTESIAN_POINT('',(-17.17499786377,-2.575000244141,
    0.499998748302));
#2325 = VECTOR('',#2326,1.);
#2326 = DIRECTION('',(0.,0.,-1.));
#2327 = ORIENTED_EDGE('',*,*,#2328,.T.);
#2328 = EDGE_CURVE('',#2321,#2329,#2331,.T.);
#2329 = VERTEX_POINT('',#2330);
#2330 = CARTESIAN_POINT('',(-17.17499786377,-1.675000244141,
    0.499998748302));
#2331 = LINE('',#2332,#2333);
#2332 = CARTESIAN_POINT('',(-17.17499786377,-2.575000244141,
    0.499998748302));
#2333 = VECTOR('',#2334,1.);
#2334 = DIRECTION('',(0.,1.,0.));
#2335 = ORIENTED_EDGE('',*,*,#2336,.T.);
#2336 = EDGE_CURVE('',#2329,#2337,#2339,.T.);
#2337 = VERTEX_POINT('',#2338);
#2338 = CARTESIAN_POINT('',(-17.17499786377,-1.675000244141,
    -2.750001251698));
#2339 = LINE('',#2340,#2341);
#2340 = CARTESIAN_POINT('',(-17.17499786377,-1.675000244141,
    0.499998748302));
#2341 = VECTOR('',#2342,1.);
#2342 = DIRECTION('',(0.,0.,-1.));
#2343 = ORIENTED_EDGE('',*,*,#2344,.F.);
#2344 = EDGE_CURVE('',#1734,#2337,#2345,.T.);
#2345 = CIRCLE('',#2346,0.25);
#2346 = AXIS2_PLACEMENT_3D('',#2347,#2348,#2349);
#2347 = CARTESIAN_POINT('',(-17.17499786377,-1.925000244141,
    -2.750001251698));
#2348 = DIRECTION('',(1.,-0.,0.));
#2349 = DIRECTION('',(0.,0.707106781187,-0.707106781187));
#2350 = ORIENTED_EDGE('',*,*,#1731,.F.);
#2351 = ORIENTED_EDGE('',*,*,#2298,.F.);
#2352 = ORIENTED_EDGE('',*,*,#1792,.F.);
#2353 = PLANE('',#2354);
#2354 = AXIS2_PLACEMENT_3D('',#2355,#2356,#2357);
#2355 = CARTESIAN_POINT('',(-17.17499786377,-2.575000244141,
    0.499998748302));
#2356 = DIRECTION('',(-1.,0.,0.));
#2357 = DIRECTION('',(0.,0.,1.));
#2358 = ADVANCED_FACE('',(#2359),#2378,.T.);
#2359 = FACE_BOUND('',#2360,.T.);
#2360 = EDGE_LOOP('',(#2361,#2362,#2363,#2371));
#2361 = ORIENTED_EDGE('',*,*,#1742,.F.);
#2362 = ORIENTED_EDGE('',*,*,#2344,.T.);
#2363 = ORIENTED_EDGE('',*,*,#2364,.T.);
#2364 = EDGE_CURVE('',#2337,#2365,#2367,.T.);
#2365 = VERTEX_POINT('',#2366);
#2366 = CARTESIAN_POINT('',(-16.82499786377,-1.675000244141,
    -2.750001251698));
#2367 = LINE('',#2368,#2369);
#2368 = CARTESIAN_POINT('',(-17.08749786377,-1.675000244141,
    -2.750001251698));
#2369 = VECTOR('',#2370,1.);
#2370 = DIRECTION('',(1.,0.,0.));
#2371 = ORIENTED_EDGE('',*,*,#2372,.T.);
#2372 = EDGE_CURVE('',#2365,#1743,#2373,.T.);
#2373 = CIRCLE('',#2374,0.25);
#2374 = AXIS2_PLACEMENT_3D('',#2375,#2376,#2377);
#2375 = CARTESIAN_POINT('',(-16.82499786377,-1.925000244141,
    -2.750001251698));
#2376 = DIRECTION('',(-1.,0.,0.));
#2377 = DIRECTION('',(0.,0.707106781187,-0.707106781187));
#2378 = CYLINDRICAL_SURFACE('',#2379,0.25);
#2379 = AXIS2_PLACEMENT_3D('',#2380,#2381,#2382);
#2380 = CARTESIAN_POINT('',(-17.08749786377,-1.925000244141,
    -2.750001251698));
#2381 = DIRECTION('',(1.,0.,0.));
#2382 = DIRECTION('',(0.,0.707106781187,-0.707106781187));
#2383 = ADVANCED_FACE('',(#2384),#2413,.T.);
#2384 = FACE_BOUND('',#2385,.T.);
#2385 = EDGE_LOOP('',(#2386,#2387,#2388,#2389,#2390,#2398,#2406,#2412));
#2386 = ORIENTED_EDGE('',*,*,#1773,.F.);
#2387 = ORIENTED_EDGE('',*,*,#2305,.F.);
#2388 = ORIENTED_EDGE('',*,*,#1750,.F.);
#2389 = ORIENTED_EDGE('',*,*,#2372,.F.);
#2390 = ORIENTED_EDGE('',*,*,#2391,.F.);
#2391 = EDGE_CURVE('',#2392,#2365,#2394,.T.);
#2392 = VERTEX_POINT('',#2393);
#2393 = CARTESIAN_POINT('',(-16.82499786377,-1.675000244141,
    0.499998748302));
#2394 = LINE('',#2395,#2396);
#2395 = CARTESIAN_POINT('',(-16.82499786377,-1.675000244141,
    0.499998748302));
#2396 = VECTOR('',#2397,1.);
#2397 = DIRECTION('',(0.,0.,-1.));
#2398 = ORIENTED_EDGE('',*,*,#2399,.T.);
#2399 = EDGE_CURVE('',#2392,#2400,#2402,.T.);
#2400 = VERTEX_POINT('',#2401);
#2401 = CARTESIAN_POINT('',(-16.82499786377,-2.575000244141,
    0.499998748302));
#2402 = LINE('',#2403,#2404);
#2403 = CARTESIAN_POINT('',(-16.82499786377,-1.675000244141,
    0.499998748302));
#2404 = VECTOR('',#2405,1.);
#2405 = DIRECTION('',(0.,-1.,0.));
#2406 = ORIENTED_EDGE('',*,*,#2407,.T.);
#2407 = EDGE_CURVE('',#2400,#2266,#2408,.T.);
#2408 = LINE('',#2409,#2410);
#2409 = CARTESIAN_POINT('',(-16.82499786377,-2.575000244141,
    0.499998748302));
#2410 = VECTOR('',#2411,1.);
#2411 = DIRECTION('',(0.,0.,-1.));
#2412 = ORIENTED_EDGE('',*,*,#2265,.F.);
#2413 = PLANE('',#2414);
#2414 = AXIS2_PLACEMENT_3D('',#2415,#2416,#2417);
#2415 = CARTESIAN_POINT('',(-16.82499786377,-1.675000244141,
    0.499998748302));
#2416 = DIRECTION('',(1.,0.,0.));
#2417 = DIRECTION('',(0.,1.,0.));
#2418 = ADVANCED_FACE('',(#2419),#2430,.T.);
#2419 = FACE_BOUND('',#2420,.T.);
#2420 = EDGE_LOOP('',(#2421,#2422,#2423,#2429));
#2421 = ORIENTED_EDGE('',*,*,#2364,.F.);
#2422 = ORIENTED_EDGE('',*,*,#2336,.F.);
#2423 = ORIENTED_EDGE('',*,*,#2424,.T.);
#2424 = EDGE_CURVE('',#2329,#2392,#2425,.T.);
#2425 = LINE('',#2426,#2427);
#2426 = CARTESIAN_POINT('',(-17.17499786377,-1.675000244141,
    0.499998748302));
#2427 = VECTOR('',#2428,1.);
#2428 = DIRECTION('',(1.,0.,0.));
#2429 = ORIENTED_EDGE('',*,*,#2391,.T.);
#2430 = PLANE('',#2431);
#2431 = AXIS2_PLACEMENT_3D('',#2432,#2433,#2434);
#2432 = CARTESIAN_POINT('',(-17.17499786377,-1.675000244141,
    0.499998748302));
#2433 = DIRECTION('',(0.,1.,0.));
#2434 = DIRECTION('',(1.,0.,0.));
#2435 = ADVANCED_FACE('',(#2436),#2447,.T.);
#2436 = FACE_BOUND('',#2437,.T.);
#2437 = EDGE_LOOP('',(#2438,#2439,#2440,#2446));
#2438 = ORIENTED_EDGE('',*,*,#2274,.F.);
#2439 = ORIENTED_EDGE('',*,*,#2407,.F.);
#2440 = ORIENTED_EDGE('',*,*,#2441,.T.);
#2441 = EDGE_CURVE('',#2400,#2321,#2442,.T.);
#2442 = LINE('',#2443,#2444);
#2443 = CARTESIAN_POINT('',(-16.82499786377,-2.575000244141,
    0.499998748302));
#2444 = VECTOR('',#2445,1.);
#2445 = DIRECTION('',(-1.,0.,0.));
#2446 = ORIENTED_EDGE('',*,*,#2320,.T.);
#2447 = PLANE('',#2448);
#2448 = AXIS2_PLACEMENT_3D('',#2449,#2450,#2451);
#2449 = CARTESIAN_POINT('',(-16.82499786377,-2.575000244141,
    0.499998748302));
#2450 = DIRECTION('',(0.,-1.,0.));
#2451 = DIRECTION('',(0.,0.,-1.));
#2452 = ADVANCED_FACE('',(#2453),#2480,.T.);
#2453 = FACE_BOUND('',#2454,.T.);
#2454 = EDGE_LOOP('',(#2455,#2456,#2465,#2473));
#2455 = ORIENTED_EDGE('',*,*,#1700,.F.);
#2456 = ORIENTED_EDGE('',*,*,#2457,.T.);
#2457 = EDGE_CURVE('',#1692,#2458,#2460,.T.);
#2458 = VERTEX_POINT('',#2459);
#2459 = CARTESIAN_POINT('',(-16.82499786377,-12.37500024414,
    -2.750001251698));
#2460 = CIRCLE('',#2461,0.25);
#2461 = AXIS2_PLACEMENT_3D('',#2462,#2463,#2464);
#2462 = CARTESIAN_POINT('',(-16.82499786377,-12.12500024414,
    -2.750001251698));
#2463 = DIRECTION('',(-1.,0.,0.));
#2464 = DIRECTION('',(-0.,-0.707106781187,-0.707106781187));
#2465 = ORIENTED_EDGE('',*,*,#2466,.T.);
#2466 = EDGE_CURVE('',#2458,#2467,#2469,.T.);
#2467 = VERTEX_POINT('',#2468);
#2468 = CARTESIAN_POINT('',(-17.17499792411,-12.37500024414,
    -2.750001251698));
#2469 = LINE('',#2470,#2471);
#2470 = CARTESIAN_POINT('',(-16.91249787885,-12.37500024414,
    -2.750001251698));
#2471 = VECTOR('',#2472,1.);
#2472 = DIRECTION('',(-1.,0.,0.));
#2473 = ORIENTED_EDGE('',*,*,#2474,.T.);
#2474 = EDGE_CURVE('',#2467,#1701,#2475,.T.);
#2475 = CIRCLE('',#2476,0.25);
#2476 = AXIS2_PLACEMENT_3D('',#2477,#2478,#2479);
#2477 = CARTESIAN_POINT('',(-17.17499792411,-12.12500024414,
    -2.750001251698));
#2478 = DIRECTION('',(1.,0.,0.));
#2479 = DIRECTION('',(0.,-0.707106781187,-0.707106781187));
#2480 = CYLINDRICAL_SURFACE('',#2481,0.25);
#2481 = AXIS2_PLACEMENT_3D('',#2482,#2483,#2484);
#2482 = CARTESIAN_POINT('',(-16.91249787885,-12.12500024414,
    -2.750001251698));
#2483 = DIRECTION('',(-1.,0.,0.));
#2484 = DIRECTION('',(-0.,-0.707106781187,-0.707106781187));
#2485 = ADVANCED_FACE('',(#2486),#2528,.T.);
#2486 = FACE_BOUND('',#2487,.T.);
#2487 = EDGE_LOOP('',(#2488,#2489,#2495,#2496,#2505,#2513,#2521,#2527));
#2488 = ORIENTED_EDGE('',*,*,#1689,.F.);
#2489 = ORIENTED_EDGE('',*,*,#2490,.F.);
#2490 = EDGE_CURVE('',#1667,#1690,#2491,.T.);
#2491 = LINE('',#2492,#2493);
#2492 = CARTESIAN_POINT('',(-16.82499786377,-12.37500024414,
    -3.000001251698));
#2493 = VECTOR('',#2494,1.);
#2494 = DIRECTION('',(0.,-1.,0.));
#2495 = ORIENTED_EDGE('',*,*,#1666,.F.);
#2496 = ORIENTED_EDGE('',*,*,#2497,.F.);
#2497 = EDGE_CURVE('',#2498,#1659,#2500,.T.);
#2498 = VERTEX_POINT('',#2499);
#2499 = CARTESIAN_POINT('',(-16.82499786377,-11.47500024414,
    -2.750001251698));
#2500 = CIRCLE('',#2501,0.25);
#2501 = AXIS2_PLACEMENT_3D('',#2502,#2503,#2504);
#2502 = CARTESIAN_POINT('',(-16.82499786377,-11.72500024414,
    -2.750001251698));
#2503 = DIRECTION('',(-1.,0.,0.));
#2504 = DIRECTION('',(0.,0.707106781187,-0.707106781187));
#2505 = ORIENTED_EDGE('',*,*,#2506,.F.);
#2506 = EDGE_CURVE('',#2507,#2498,#2509,.T.);
#2507 = VERTEX_POINT('',#2508);
#2508 = CARTESIAN_POINT('',(-16.82499786377,-11.47500024414,
    0.499998748302));
#2509 = LINE('',#2510,#2511);
#2510 = CARTESIAN_POINT('',(-16.82499786377,-11.47500024414,
    0.499998748302));
#2511 = VECTOR('',#2512,1.);
#2512 = DIRECTION('',(0.,0.,-1.));
#2513 = ORIENTED_EDGE('',*,*,#2514,.F.);
#2514 = EDGE_CURVE('',#2515,#2507,#2517,.T.);
#2515 = VERTEX_POINT('',#2516);
#2516 = CARTESIAN_POINT('',(-16.82499786377,-12.37500024414,
    0.499998748302));
#2517 = LINE('',#2518,#2519);
#2518 = CARTESIAN_POINT('',(-16.82499786377,-12.37500024414,
    0.499998748302));
#2519 = VECTOR('',#2520,1.);
#2520 = DIRECTION('',(0.,1.,0.));
#2521 = ORIENTED_EDGE('',*,*,#2522,.T.);
#2522 = EDGE_CURVE('',#2515,#2458,#2523,.T.);
#2523 = LINE('',#2524,#2525);
#2524 = CARTESIAN_POINT('',(-16.82499786377,-12.37500024414,
    0.499998748302));
#2525 = VECTOR('',#2526,1.);
#2526 = DIRECTION('',(0.,0.,-1.));
#2527 = ORIENTED_EDGE('',*,*,#2457,.F.);
#2528 = PLANE('',#2529);
#2529 = AXIS2_PLACEMENT_3D('',#2530,#2531,#2532);
#2530 = CARTESIAN_POINT('',(-16.82499786377,-11.47500024414,
    0.499998748302));
#2531 = DIRECTION('',(1.,0.,0.));
#2532 = DIRECTION('',(0.,1.,0.));
#2533 = ADVANCED_FACE('',(#2534),#2545,.T.);
#2534 = FACE_BOUND('',#2535,.T.);
#2535 = EDGE_LOOP('',(#2536,#2537,#2543,#2544));
#2536 = ORIENTED_EDGE('',*,*,#1717,.F.);
#2537 = ORIENTED_EDGE('',*,*,#2538,.T.);
#2538 = EDGE_CURVE('',#1709,#1648,#2539,.T.);
#2539 = LINE('',#2540,#2541);
#2540 = CARTESIAN_POINT('',(-17.17499792411,-11.47500024414,
    -3.000001251698));
#2541 = VECTOR('',#2542,1.);
#2542 = DIRECTION('',(0.,1.,0.));
#2543 = ORIENTED_EDGE('',*,*,#1675,.F.);
#2544 = ORIENTED_EDGE('',*,*,#2490,.T.);
#2545 = PLANE('',#2546);
#2546 = AXIS2_PLACEMENT_3D('',#2547,#2548,#2549);
#2547 = CARTESIAN_POINT('',(-16.99999789394,-11.92500024414,
    -3.000001251698));
#2548 = DIRECTION('',(0.,0.,-1.));
#2549 = DIRECTION('',(0.,-1.,0.));
#2550 = ADVANCED_FACE('',(#2551),#2570,.T.);
#2551 = FACE_BOUND('',#2552,.T.);
#2552 = EDGE_LOOP('',(#2553,#2554,#2563,#2569));
#2553 = ORIENTED_EDGE('',*,*,#1658,.F.);
#2554 = ORIENTED_EDGE('',*,*,#2555,.T.);
#2555 = EDGE_CURVE('',#1650,#2556,#2558,.T.);
#2556 = VERTEX_POINT('',#2557);
#2557 = CARTESIAN_POINT('',(-17.17499792411,-11.47500024414,
    -2.750001251698));
#2558 = CIRCLE('',#2559,0.25);
#2559 = AXIS2_PLACEMENT_3D('',#2560,#2561,#2562);
#2560 = CARTESIAN_POINT('',(-17.17499792411,-11.72500024414,
    -2.750001251698));
#2561 = DIRECTION('',(1.,-0.,0.));
#2562 = DIRECTION('',(0.,0.707106781187,-0.707106781187));
#2563 = ORIENTED_EDGE('',*,*,#2564,.T.);
#2564 = EDGE_CURVE('',#2556,#2498,#2565,.T.);
#2565 = LINE('',#2566,#2567);
#2566 = CARTESIAN_POINT('',(-17.08749790903,-11.47500024414,
    -2.750001251698));
#2567 = VECTOR('',#2568,1.);
#2568 = DIRECTION('',(1.,0.,0.));
#2569 = ORIENTED_EDGE('',*,*,#2497,.T.);
#2570 = CYLINDRICAL_SURFACE('',#2571,0.25);
#2571 = AXIS2_PLACEMENT_3D('',#2572,#2573,#2574);
#2572 = CARTESIAN_POINT('',(-17.08749790903,-11.72500024414,
    -2.750001251698));
#2573 = DIRECTION('',(1.,0.,0.));
#2574 = DIRECTION('',(0.,0.707106781187,-0.707106781187));
#2575 = ADVANCED_FACE('',(#2576),#2594,.T.);
#2576 = FACE_BOUND('',#2577,.T.);
#2577 = EDGE_LOOP('',(#2578,#2579,#2587,#2593));
#2578 = ORIENTED_EDGE('',*,*,#2564,.F.);
#2579 = ORIENTED_EDGE('',*,*,#2580,.F.);
#2580 = EDGE_CURVE('',#2581,#2556,#2583,.T.);
#2581 = VERTEX_POINT('',#2582);
#2582 = CARTESIAN_POINT('',(-17.17499792411,-11.47500024414,
    0.499998748302));
#2583 = LINE('',#2584,#2585);
#2584 = CARTESIAN_POINT('',(-17.17499792411,-11.47500024414,
    0.499998748302));
#2585 = VECTOR('',#2586,1.);
#2586 = DIRECTION('',(0.,0.,-1.));
#2587 = ORIENTED_EDGE('',*,*,#2588,.F.);
#2588 = EDGE_CURVE('',#2507,#2581,#2589,.T.);
#2589 = LINE('',#2590,#2591);
#2590 = CARTESIAN_POINT('',(-16.82499786377,-11.47500024414,
    0.499998748302));
#2591 = VECTOR('',#2592,1.);
#2592 = DIRECTION('',(-1.,0.,0.));
#2593 = ORIENTED_EDGE('',*,*,#2506,.T.);
#2594 = PLANE('',#2595);
#2595 = AXIS2_PLACEMENT_3D('',#2596,#2597,#2598);
#2596 = CARTESIAN_POINT('',(-17.17499792411,-11.47500024414,
    0.499998748302));
#2597 = DIRECTION('',(0.,1.,0.));
#2598 = DIRECTION('',(1.,0.,0.));
#2599 = ADVANCED_FACE('',(#2600),#2622,.T.);
#2600 = FACE_BOUND('',#2601,.T.);
#2601 = EDGE_LOOP('',(#2602,#2603,#2611,#2617,#2618,#2619,#2620,#2621));
#2602 = ORIENTED_EDGE('',*,*,#2474,.F.);
#2603 = ORIENTED_EDGE('',*,*,#2604,.F.);
#2604 = EDGE_CURVE('',#2605,#2467,#2607,.T.);
#2605 = VERTEX_POINT('',#2606);
#2606 = CARTESIAN_POINT('',(-17.17499792411,-12.37500024414,
    0.499998748302));
#2607 = LINE('',#2608,#2609);
#2608 = CARTESIAN_POINT('',(-17.17499792411,-12.37500024414,
    0.499998748302));
#2609 = VECTOR('',#2610,1.);
#2610 = DIRECTION('',(0.,0.,-1.));
#2611 = ORIENTED_EDGE('',*,*,#2612,.F.);
#2612 = EDGE_CURVE('',#2581,#2605,#2613,.T.);
#2613 = LINE('',#2614,#2615);
#2614 = CARTESIAN_POINT('',(-17.17499792411,-11.47500024414,
    0.499998748302));
#2615 = VECTOR('',#2616,1.);
#2616 = DIRECTION('',(0.,-1.,0.));
#2617 = ORIENTED_EDGE('',*,*,#2580,.T.);
#2618 = ORIENTED_EDGE('',*,*,#2555,.F.);
#2619 = ORIENTED_EDGE('',*,*,#1647,.F.);
#2620 = ORIENTED_EDGE('',*,*,#2538,.F.);
#2621 = ORIENTED_EDGE('',*,*,#1708,.F.);
#2622 = PLANE('',#2623);
#2623 = AXIS2_PLACEMENT_3D('',#2624,#2625,#2626);
#2624 = CARTESIAN_POINT('',(-17.17499792411,-12.37500024414,
    0.499998748302));
#2625 = DIRECTION('',(-1.,0.,0.));
#2626 = DIRECTION('',(0.,0.,1.));
#2627 = ADVANCED_FACE('',(#2628),#2639,.T.);
#2628 = FACE_BOUND('',#2629,.T.);
#2629 = EDGE_LOOP('',(#2630,#2631,#2632,#2638));
#2630 = ORIENTED_EDGE('',*,*,#2466,.F.);
#2631 = ORIENTED_EDGE('',*,*,#2522,.F.);
#2632 = ORIENTED_EDGE('',*,*,#2633,.F.);
#2633 = EDGE_CURVE('',#2605,#2515,#2634,.T.);
#2634 = LINE('',#2635,#2636);
#2635 = CARTESIAN_POINT('',(-17.17499792411,-12.37500024414,
    0.499998748302));
#2636 = VECTOR('',#2637,1.);
#2637 = DIRECTION('',(1.,0.,0.));
#2638 = ORIENTED_EDGE('',*,*,#2604,.T.);
#2639 = PLANE('',#2640);
#2640 = AXIS2_PLACEMENT_3D('',#2641,#2642,#2643);
#2641 = CARTESIAN_POINT('',(-16.82499786377,-12.37500024414,
    0.499998748302));
#2642 = DIRECTION('',(0.,-1.,0.));
#2643 = DIRECTION('',(0.,0.,-1.));
#2644 = ADVANCED_FACE('',(#2645),#2679,.T.);
#2645 = FACE_BOUND('',#2646,.T.);
#2646 = EDGE_LOOP('',(#2647,#2657,#2665,#2673));
#2647 = ORIENTED_EDGE('',*,*,#2648,.T.);
#2648 = EDGE_CURVE('',#2649,#2651,#2653,.T.);
#2649 = VERTEX_POINT('',#2650);
#2650 = CARTESIAN_POINT('',(-14.12499786377,-12.96900024414,
    0.499998748302));
#2651 = VERTEX_POINT('',#2652);
#2652 = CARTESIAN_POINT('',(-14.12499786377,-13.15000024414,
    2.705335381173E-03));
#2653 = LINE('',#2654,#2655);
#2654 = CARTESIAN_POINT('',(-14.12499786377,-13.03945895539,
    0.306415030128));
#2655 = VECTOR('',#2656,1.);
#2656 = DIRECTION('',(0.,-0.342020143326,-0.939692620786));
#2657 = ORIENTED_EDGE('',*,*,#2658,.T.);
#2658 = EDGE_CURVE('',#2651,#2659,#2661,.T.);
#2659 = VERTEX_POINT('',#2660);
#2660 = CARTESIAN_POINT('',(-19.87499786377,-13.15000024414,
    2.705335381173E-03));
#2661 = LINE('',#2662,#2663);
#2662 = CARTESIAN_POINT('',(-18.43749786377,-13.15000024414,
    2.705335381173E-03));
#2663 = VECTOR('',#2664,1.);
#2664 = DIRECTION('',(-1.,0.,0.));
#2665 = ORIENTED_EDGE('',*,*,#2666,.T.);
#2666 = EDGE_CURVE('',#2659,#2667,#2669,.T.);
#2667 = VERTEX_POINT('',#2668);
#2668 = CARTESIAN_POINT('',(-19.87499786377,-12.96900024414,
    0.499998748302));
#2669 = LINE('',#2670,#2671);
#2670 = CARTESIAN_POINT('',(-19.87499786377,-12.29372561783,
    2.355300536004));
#2671 = VECTOR('',#2672,1.);
#2672 = DIRECTION('',(0.,0.342020143326,0.939692620786));
#2673 = ORIENTED_EDGE('',*,*,#2674,.T.);
#2674 = EDGE_CURVE('',#2667,#2649,#2675,.T.);
#2675 = LINE('',#2676,#2677);
#2676 = CARTESIAN_POINT('',(-18.43749786377,-12.96900024414,
    0.499998748302));
#2677 = VECTOR('',#2678,1.);
#2678 = DIRECTION('',(1.,0.,0.));
#2679 = PLANE('',#2680);
#2680 = AXIS2_PLACEMENT_3D('',#2681,#2682,#2683);
#2681 = CARTESIAN_POINT('',(-18.43749786377,-13.05950024414,
    0.251352041842));
#2682 = DIRECTION('',(0.,0.939692620786,-0.342020143326));
#2683 = DIRECTION('',(-1.,0.,0.));
#2684 = ADVANCED_FACE('',(#2685),#2710,.T.);
#2685 = FACE_BOUND('',#2686,.T.);
#2686 = EDGE_LOOP('',(#2687,#2688,#2696,#2704));
#2687 = ORIENTED_EDGE('',*,*,#2658,.F.);
#2688 = ORIENTED_EDGE('',*,*,#2689,.T.);
#2689 = EDGE_CURVE('',#2651,#2690,#2692,.T.);
#2690 = VERTEX_POINT('',#2691);
#2691 = CARTESIAN_POINT('',(-14.12499786377,-13.15000024414,
    -1.251697540283E-06));
#2692 = LINE('',#2693,#2694);
#2693 = CARTESIAN_POINT('',(-14.12499786377,-13.15000024414,
    0.499998748302));
#2694 = VECTOR('',#2695,1.);
#2695 = DIRECTION('',(0.,0.,-1.));
#2696 = ORIENTED_EDGE('',*,*,#2697,.F.);
#2697 = EDGE_CURVE('',#2698,#2690,#2700,.T.);
#2698 = VERTEX_POINT('',#2699);
#2699 = CARTESIAN_POINT('',(-19.87499786377,-13.15000024414,
    -1.251697540283E-06));
#2700 = LINE('',#2701,#2702);
#2701 = CARTESIAN_POINT('',(-19.87499786377,-13.15000024414,
    -1.251697540283E-06));
#2702 = VECTOR('',#2703,1.);
#2703 = DIRECTION('',(1.,0.,0.));
#2704 = ORIENTED_EDGE('',*,*,#2705,.F.);
#2705 = EDGE_CURVE('',#2659,#2698,#2706,.T.);
#2706 = LINE('',#2707,#2708);
#2707 = CARTESIAN_POINT('',(-19.87499786377,-13.15000024414,
    0.499998748302));
#2708 = VECTOR('',#2709,1.);
#2709 = DIRECTION('',(0.,0.,-1.));
#2710 = PLANE('',#2711);
#2711 = AXIS2_PLACEMENT_3D('',#2712,#2713,#2714);
#2712 = CARTESIAN_POINT('',(-19.87499786377,-13.15000024414,
    0.499998748302));
#2713 = DIRECTION('',(0.,1.,0.));
#2714 = DIRECTION('',(1.,0.,0.));
#2715 = ADVANCED_FACE('',(#2716),#2750,.T.);
#2716 = FACE_BOUND('',#2717,.T.);
#2717 = EDGE_LOOP('',(#2718,#2728,#2736,#2744));
#2718 = ORIENTED_EDGE('',*,*,#2719,.T.);
#2719 = EDGE_CURVE('',#2720,#2722,#2724,.T.);
#2720 = VERTEX_POINT('',#2721);
#2721 = CARTESIAN_POINT('',(-19.87499786377,-1.081000244141,
    0.499998748302));
#2722 = VERTEX_POINT('',#2723);
#2723 = CARTESIAN_POINT('',(-19.87499786377,-0.900000244141,
    2.705335381173E-03));
#2724 = LINE('',#2725,#2726);
#2725 = CARTESIAN_POINT('',(-19.87499786377,-1.010541532887,
    0.306415030128));
#2726 = VECTOR('',#2727,1.);
#2727 = DIRECTION('',(0.,0.342020143326,-0.939692620786));
#2728 = ORIENTED_EDGE('',*,*,#2729,.T.);
#2729 = EDGE_CURVE('',#2722,#2730,#2732,.T.);
#2730 = VERTEX_POINT('',#2731);
#2731 = CARTESIAN_POINT('',(-14.12499786377,-0.900000244141,
    2.705335381173E-03));
#2732 = LINE('',#2733,#2734);
#2733 = CARTESIAN_POINT('',(-15.56249786377,-0.900000244141,
    2.705335381173E-03));
#2734 = VECTOR('',#2735,1.);
#2735 = DIRECTION('',(1.,0.,0.));
#2736 = ORIENTED_EDGE('',*,*,#2737,.T.);
#2737 = EDGE_CURVE('',#2730,#2738,#2740,.T.);
#2738 = VERTEX_POINT('',#2739);
#2739 = CARTESIAN_POINT('',(-14.12499786377,-1.081000244141,
    0.499998748302));
#2740 = LINE('',#2741,#2742);
#2741 = CARTESIAN_POINT('',(-14.12499786377,-1.756274870445,
    2.355300536004));
#2742 = VECTOR('',#2743,1.);
#2743 = DIRECTION('',(0.,-0.342020143326,0.939692620786));
#2744 = ORIENTED_EDGE('',*,*,#2745,.T.);
#2745 = EDGE_CURVE('',#2738,#2720,#2746,.T.);
#2746 = LINE('',#2747,#2748);
#2747 = CARTESIAN_POINT('',(-15.56249786377,-1.081000244141,
    0.499998748302));
#2748 = VECTOR('',#2749,1.);
#2749 = DIRECTION('',(-1.,0.,0.));
#2750 = PLANE('',#2751);
#2751 = AXIS2_PLACEMENT_3D('',#2752,#2753,#2754);
#2752 = CARTESIAN_POINT('',(-15.56249786377,-0.990500244141,
    0.251352041842));
#2753 = DIRECTION('',(0.,-0.939692620786,-0.342020143326));
#2754 = DIRECTION('',(0.,0.342020143326,-0.939692620786));
#2755 = ADVANCED_FACE('',(#2756),#2781,.T.);
#2756 = FACE_BOUND('',#2757,.T.);
#2757 = EDGE_LOOP('',(#2758,#2759,#2767,#2775));
#2758 = ORIENTED_EDGE('',*,*,#2729,.F.);
#2759 = ORIENTED_EDGE('',*,*,#2760,.T.);
#2760 = EDGE_CURVE('',#2722,#2761,#2763,.T.);
#2761 = VERTEX_POINT('',#2762);
#2762 = CARTESIAN_POINT('',(-19.87499786377,-0.900000244141,
    -1.251697540283E-06));
#2763 = LINE('',#2764,#2765);
#2764 = CARTESIAN_POINT('',(-19.87499786377,-0.900000244141,
    0.499998748302));
#2765 = VECTOR('',#2766,1.);
#2766 = DIRECTION('',(0.,0.,-1.));
#2767 = ORIENTED_EDGE('',*,*,#2768,.F.);
#2768 = EDGE_CURVE('',#2769,#2761,#2771,.T.);
#2769 = VERTEX_POINT('',#2770);
#2770 = CARTESIAN_POINT('',(-14.12499786377,-0.900000244141,
    -1.251697540283E-06));
#2771 = LINE('',#2772,#2773);
#2772 = CARTESIAN_POINT('',(-19.87499786377,-0.900000244141,
    -1.251697540283E-06));
#2773 = VECTOR('',#2774,1.);
#2774 = DIRECTION('',(-1.,0.,0.));
#2775 = ORIENTED_EDGE('',*,*,#2776,.F.);
#2776 = EDGE_CURVE('',#2730,#2769,#2777,.T.);
#2777 = LINE('',#2778,#2779);
#2778 = CARTESIAN_POINT('',(-14.12499786377,-0.900000244141,
    0.499998748302));
#2779 = VECTOR('',#2780,1.);
#2780 = DIRECTION('',(0.,0.,-1.));
#2781 = PLANE('',#2782);
#2782 = AXIS2_PLACEMENT_3D('',#2783,#2784,#2785);
#2783 = CARTESIAN_POINT('',(-14.12499786377,-0.900000244141,
    0.499998748302));
#2784 = DIRECTION('',(0.,-1.,0.));
#2785 = DIRECTION('',(0.,0.,-1.));
#2786 = ADVANCED_FACE('',(#2787),#2821,.T.);
#2787 = FACE_BOUND('',#2788,.T.);
#2788 = EDGE_LOOP('',(#2789,#2799,#2807,#2815));
#2789 = ORIENTED_EDGE('',*,*,#2790,.T.);
#2790 = EDGE_CURVE('',#2791,#2793,#2795,.T.);
#2791 = VERTEX_POINT('',#2792);
#2792 = CARTESIAN_POINT('',(-14.12499786377,-9.469000244141,
    0.499998748302));
#2793 = VERTEX_POINT('',#2794);
#2794 = CARTESIAN_POINT('',(-14.12499786377,-9.650000244141,
    2.705335381173E-03));
#2795 = LINE('',#2796,#2797);
#2796 = CARTESIAN_POINT('',(-14.12499786377,-9.744170067665,
    -0.256024128347));
#2797 = VECTOR('',#2798,1.);
#2798 = DIRECTION('',(0.,-0.342020143326,-0.939692620786));
#2799 = ORIENTED_EDGE('',*,*,#2800,.T.);
#2800 = EDGE_CURVE('',#2793,#2801,#2803,.T.);
#2801 = VERTEX_POINT('',#2802);
#2802 = CARTESIAN_POINT('',(-19.87499786377,-9.650000244141,
    2.705335381173E-03));
#2803 = LINE('',#2804,#2805);
#2804 = CARTESIAN_POINT('',(-18.43749786377,-9.650000244141,
    2.705335381173E-03));
#2805 = VECTOR('',#2806,1.);
#2806 = DIRECTION('',(-1.,0.,0.));
#2807 = ORIENTED_EDGE('',*,*,#2808,.T.);
#2808 = EDGE_CURVE('',#2801,#2809,#2811,.T.);
#2809 = VERTEX_POINT('',#2810);
#2810 = CARTESIAN_POINT('',(-19.87499786377,-9.469000244141,
    0.499998748302));
#2811 = LINE('',#2812,#2813);
#2812 = CARTESIAN_POINT('',(-19.87499786377,-8.998436730107,
    1.792861377529));
#2813 = VECTOR('',#2814,1.);
#2814 = DIRECTION('',(0.,0.342020143326,0.939692620786));
#2815 = ORIENTED_EDGE('',*,*,#2816,.T.);
#2816 = EDGE_CURVE('',#2809,#2791,#2817,.T.);
#2817 = LINE('',#2818,#2819);
#2818 = CARTESIAN_POINT('',(-18.43749786377,-9.469000244141,
    0.499998748302));
#2819 = VECTOR('',#2820,1.);
#2820 = DIRECTION('',(1.,0.,0.));
#2821 = PLANE('',#2822);
#2822 = AXIS2_PLACEMENT_3D('',#2823,#2824,#2825);
#2823 = CARTESIAN_POINT('',(-18.43749786377,-9.559500244141,
    0.251352041842));
#2824 = DIRECTION('',(0.,0.939692620786,-0.342020143326));
#2825 = DIRECTION('',(-1.,0.,0.));
#2826 = ADVANCED_FACE('',(#2827),#2852,.T.);
#2827 = FACE_BOUND('',#2828,.T.);
#2828 = EDGE_LOOP('',(#2829,#2830,#2838,#2846));
#2829 = ORIENTED_EDGE('',*,*,#2800,.F.);
#2830 = ORIENTED_EDGE('',*,*,#2831,.T.);
#2831 = EDGE_CURVE('',#2793,#2832,#2834,.T.);
#2832 = VERTEX_POINT('',#2833);
#2833 = CARTESIAN_POINT('',(-14.12499786377,-9.650000244141,
    -1.251697540283E-06));
#2834 = LINE('',#2835,#2836);
#2835 = CARTESIAN_POINT('',(-14.12499786377,-9.650000244141,
    0.499998748302));
#2836 = VECTOR('',#2837,1.);
#2837 = DIRECTION('',(0.,0.,-1.));
#2838 = ORIENTED_EDGE('',*,*,#2839,.F.);
#2839 = EDGE_CURVE('',#2840,#2832,#2842,.T.);
#2840 = VERTEX_POINT('',#2841);
#2841 = CARTESIAN_POINT('',(-19.87499786377,-9.650000244141,
    -1.251697540283E-06));
#2842 = LINE('',#2843,#2844);
#2843 = CARTESIAN_POINT('',(-14.12499786377,-9.650000244141,
    -1.251697540283E-06));
#2844 = VECTOR('',#2845,1.);
#2845 = DIRECTION('',(1.,0.,0.));
#2846 = ORIENTED_EDGE('',*,*,#2847,.F.);
#2847 = EDGE_CURVE('',#2801,#2840,#2848,.T.);
#2848 = LINE('',#2849,#2850);
#2849 = CARTESIAN_POINT('',(-19.87499786377,-9.650000244141,
    0.499998748302));
#2850 = VECTOR('',#2851,1.);
#2851 = DIRECTION('',(0.,0.,-1.));
#2852 = PLANE('',#2853);
#2853 = AXIS2_PLACEMENT_3D('',#2854,#2855,#2856);
#2854 = CARTESIAN_POINT('',(-19.87499786377,-9.650000244141,
    0.499998748302));
#2855 = DIRECTION('',(0.,1.,0.));
#2856 = DIRECTION('',(1.,0.,0.));
#2857 = ADVANCED_FACE('',(#2858),#2892,.T.);
#2858 = FACE_BOUND('',#2859,.T.);
#2859 = EDGE_LOOP('',(#2860,#2870,#2878,#2886));
#2860 = ORIENTED_EDGE('',*,*,#2861,.T.);
#2861 = EDGE_CURVE('',#2862,#2864,#2866,.T.);
#2862 = VERTEX_POINT('',#2863);
#2863 = CARTESIAN_POINT('',(-19.87499786377,-11.08100020688,
    0.499998748302));
#2864 = VERTEX_POINT('',#2865);
#2865 = CARTESIAN_POINT('',(-19.87499786377,-10.90000020688,
    2.705335381173E-03));
#2866 = LINE('',#2867,#2868);
#2867 = CARTESIAN_POINT('',(-19.87499786377,-10.42565260561,
    -1.300553988102));
#2868 = VECTOR('',#2869,1.);
#2869 = DIRECTION('',(0.,0.342020143326,-0.939692620786));
#2870 = ORIENTED_EDGE('',*,*,#2871,.T.);
#2871 = EDGE_CURVE('',#2864,#2872,#2874,.T.);
#2872 = VERTEX_POINT('',#2873);
#2873 = CARTESIAN_POINT('',(-14.12499786377,-10.90000020688,
    2.705335381173E-03));
#2874 = LINE('',#2875,#2876);
#2875 = CARTESIAN_POINT('',(-15.56249786377,-10.90000020688,
    2.705335381173E-03));
#2876 = VECTOR('',#2877,1.);
#2877 = DIRECTION('',(1.,0.,0.));
#2878 = ORIENTED_EDGE('',*,*,#2879,.T.);
#2879 = EDGE_CURVE('',#2872,#2880,#2882,.T.);
#2880 = VERTEX_POINT('',#2881);
#2881 = CARTESIAN_POINT('',(-14.12499786377,-11.08100020688,
    0.499998748302));
#2882 = LINE('',#2883,#2884);
#2883 = CARTESIAN_POINT('',(-14.12499786377,-11.17138594316,
    0.748331517774));
#2884 = VECTOR('',#2885,1.);
#2885 = DIRECTION('',(0.,-0.342020143326,0.939692620786));
#2886 = ORIENTED_EDGE('',*,*,#2887,.T.);
#2887 = EDGE_CURVE('',#2880,#2862,#2888,.T.);
#2888 = LINE('',#2889,#2890);
#2889 = CARTESIAN_POINT('',(-15.56249786377,-11.08100020688,
    0.499998748302));
#2890 = VECTOR('',#2891,1.);
#2891 = DIRECTION('',(-1.,0.,0.));
#2892 = PLANE('',#2893);
#2893 = AXIS2_PLACEMENT_3D('',#2894,#2895,#2896);
#2894 = CARTESIAN_POINT('',(-15.56249786377,-10.99050020688,
    0.251352041842));
#2895 = DIRECTION('',(0.,-0.939692620786,-0.342020143326));
#2896 = DIRECTION('',(0.,0.342020143326,-0.939692620786));
#2897 = ADVANCED_FACE('',(#2898),#2923,.T.);
#2898 = FACE_BOUND('',#2899,.T.);
#2899 = EDGE_LOOP('',(#2900,#2901,#2909,#2917));
#2900 = ORIENTED_EDGE('',*,*,#2871,.F.);
#2901 = ORIENTED_EDGE('',*,*,#2902,.T.);
#2902 = EDGE_CURVE('',#2864,#2903,#2905,.T.);
#2903 = VERTEX_POINT('',#2904);
#2904 = CARTESIAN_POINT('',(-19.87499786377,-10.90000020688,
    -1.251697540283E-06));
#2905 = LINE('',#2906,#2907);
#2906 = CARTESIAN_POINT('',(-19.87499786377,-10.90000020688,
    0.499998748302));
#2907 = VECTOR('',#2908,1.);
#2908 = DIRECTION('',(0.,0.,-1.));
#2909 = ORIENTED_EDGE('',*,*,#2910,.F.);
#2910 = EDGE_CURVE('',#2911,#2903,#2913,.T.);
#2911 = VERTEX_POINT('',#2912);
#2912 = CARTESIAN_POINT('',(-14.12499786377,-10.90000020688,
    -1.251697540283E-06));
#2913 = LINE('',#2914,#2915);
#2914 = CARTESIAN_POINT('',(-19.87499786377,-10.90000020688,
    -1.251697540283E-06));
#2915 = VECTOR('',#2916,1.);
#2916 = DIRECTION('',(-1.,0.,0.));
#2917 = ORIENTED_EDGE('',*,*,#2918,.F.);
#2918 = EDGE_CURVE('',#2872,#2911,#2919,.T.);
#2919 = LINE('',#2920,#2921);
#2920 = CARTESIAN_POINT('',(-14.12499786377,-10.90000020688,
    0.499998748302));
#2921 = VECTOR('',#2922,1.);
#2922 = DIRECTION('',(0.,0.,-1.));
#2923 = PLANE('',#2924);
#2924 = AXIS2_PLACEMENT_3D('',#2925,#2926,#2927);
#2925 = CARTESIAN_POINT('',(-14.12499786377,-10.90000020688,
    0.499998748302));
#2926 = DIRECTION('',(0.,-1.,0.));
#2927 = DIRECTION('',(0.,0.,-1.));
#2928 = ADVANCED_FACE('',(#2929),#2963,.T.);
#2929 = FACE_BOUND('',#2930,.T.);
#2930 = EDGE_LOOP('',(#2931,#2941,#2949,#2957));
#2931 = ORIENTED_EDGE('',*,*,#2932,.T.);
#2932 = EDGE_CURVE('',#2933,#2935,#2937,.T.);
#2933 = VERTEX_POINT('',#2934);
#2934 = CARTESIAN_POINT('',(-19.87499786377,-4.581000244141,
    0.499998748302));
#2935 = VERTEX_POINT('',#2936);
#2936 = CARTESIAN_POINT('',(-19.87499786377,-4.400000244141,
    2.705335381173E-03));
#2937 = LINE('',#2938,#2939);
#2938 = CARTESIAN_POINT('',(-19.87499786377,-4.305830420616,
    -0.256024128347));
#2939 = VECTOR('',#2940,1.);
#2940 = DIRECTION('',(0.,0.342020143326,-0.939692620786));
#2941 = ORIENTED_EDGE('',*,*,#2942,.T.);
#2942 = EDGE_CURVE('',#2935,#2943,#2945,.T.);
#2943 = VERTEX_POINT('',#2944);
#2944 = CARTESIAN_POINT('',(-14.12499786377,-4.400000244141,
    2.705335381173E-03));
#2945 = LINE('',#2946,#2947);
#2946 = CARTESIAN_POINT('',(-15.56249786377,-4.400000244141,
    2.705335381173E-03));
#2947 = VECTOR('',#2948,1.);
#2948 = DIRECTION('',(1.,0.,0.));
#2949 = ORIENTED_EDGE('',*,*,#2950,.T.);
#2950 = EDGE_CURVE('',#2943,#2951,#2953,.T.);
#2951 = VERTEX_POINT('',#2952);
#2952 = CARTESIAN_POINT('',(-14.12499786377,-4.581000244141,
    0.499998748302));
#2953 = LINE('',#2954,#2955);
#2954 = CARTESIAN_POINT('',(-14.12499786377,-5.051563758174,
    1.792861377529));
#2955 = VECTOR('',#2956,1.);
#2956 = DIRECTION('',(0.,-0.342020143326,0.939692620786));
#2957 = ORIENTED_EDGE('',*,*,#2958,.T.);
#2958 = EDGE_CURVE('',#2951,#2933,#2959,.T.);
#2959 = LINE('',#2960,#2961);
#2960 = CARTESIAN_POINT('',(-15.56249786377,-4.581000244141,
    0.499998748302));
#2961 = VECTOR('',#2962,1.);
#2962 = DIRECTION('',(-1.,0.,0.));
#2963 = PLANE('',#2964);
#2964 = AXIS2_PLACEMENT_3D('',#2965,#2966,#2967);
#2965 = CARTESIAN_POINT('',(-15.56249786377,-4.490500244141,
    0.251352041842));
#2966 = DIRECTION('',(0.,-0.939692620786,-0.342020143326));
#2967 = DIRECTION('',(0.,0.342020143326,-0.939692620786));
#2968 = ADVANCED_FACE('',(#2969),#2994,.T.);
#2969 = FACE_BOUND('',#2970,.T.);
#2970 = EDGE_LOOP('',(#2971,#2972,#2980,#2988));
#2971 = ORIENTED_EDGE('',*,*,#2942,.F.);
#2972 = ORIENTED_EDGE('',*,*,#2973,.T.);
#2973 = EDGE_CURVE('',#2935,#2974,#2976,.T.);
#2974 = VERTEX_POINT('',#2975);
#2975 = CARTESIAN_POINT('',(-19.87499786377,-4.400000244141,
    -1.251697540283E-06));
#2976 = LINE('',#2977,#2978);
#2977 = CARTESIAN_POINT('',(-19.87499786377,-4.400000244141,
    0.499998748302));
#2978 = VECTOR('',#2979,1.);
#2979 = DIRECTION('',(0.,0.,-1.));
#2980 = ORIENTED_EDGE('',*,*,#2981,.F.);
#2981 = EDGE_CURVE('',#2982,#2974,#2984,.T.);
#2982 = VERTEX_POINT('',#2983);
#2983 = CARTESIAN_POINT('',(-14.12499786377,-4.400000244141,
    -1.251697540283E-06));
#2984 = LINE('',#2985,#2986);
#2985 = CARTESIAN_POINT('',(-14.12499786377,-4.400000244141,
    -1.251697540283E-06));
#2986 = VECTOR('',#2987,1.);
#2987 = DIRECTION('',(-1.,0.,0.));
#2988 = ORIENTED_EDGE('',*,*,#2989,.F.);
#2989 = EDGE_CURVE('',#2943,#2982,#2990,.T.);
#2990 = LINE('',#2991,#2992);
#2991 = CARTESIAN_POINT('',(-14.12499786377,-4.400000244141,
    0.499998748302));
#2992 = VECTOR('',#2993,1.);
#2993 = DIRECTION('',(0.,0.,-1.));
#2994 = PLANE('',#2995);
#2995 = AXIS2_PLACEMENT_3D('',#2996,#2997,#2998);
#2996 = CARTESIAN_POINT('',(-14.12499786377,-4.400000244141,
    0.499998748302));
#2997 = DIRECTION('',(0.,-1.,0.));
#2998 = DIRECTION('',(0.,0.,-1.));
#2999 = ADVANCED_FACE('',(#3000),#3034,.T.);
#3000 = FACE_BOUND('',#3001,.T.);
#3001 = EDGE_LOOP('',(#3002,#3012,#3020,#3028));
#3002 = ORIENTED_EDGE('',*,*,#3003,.T.);
#3003 = EDGE_CURVE('',#3004,#3006,#3008,.T.);
#3004 = VERTEX_POINT('',#3005);
#3005 = CARTESIAN_POINT('',(-14.12499786377,-2.969000244141,
    0.499998748302));
#3006 = VERTEX_POINT('',#3007);
#3007 = CARTESIAN_POINT('',(-14.12499786377,-3.150000244141,
    2.705335381173E-03));
#3008 = LINE('',#3009,#3010);
#3009 = CARTESIAN_POINT('',(-14.12499786377,-3.624347847597,
    -1.300553994088));
#3010 = VECTOR('',#3011,1.);
#3011 = DIRECTION('',(0.,-0.342020143326,-0.939692620786));
#3012 = ORIENTED_EDGE('',*,*,#3013,.T.);
#3013 = EDGE_CURVE('',#3006,#3014,#3016,.T.);
#3014 = VERTEX_POINT('',#3015);
#3015 = CARTESIAN_POINT('',(-19.87499786377,-3.150000244141,
    2.705335381173E-03));
#3016 = LINE('',#3017,#3018);
#3017 = CARTESIAN_POINT('',(-18.43749786377,-3.150000244141,
    2.705335381173E-03));
#3018 = VECTOR('',#3019,1.);
#3019 = DIRECTION('',(-1.,0.,0.));
#3020 = ORIENTED_EDGE('',*,*,#3021,.T.);
#3021 = EDGE_CURVE('',#3014,#3022,#3024,.T.);
#3022 = VERTEX_POINT('',#3023);
#3023 = CARTESIAN_POINT('',(-19.87499786377,-2.969000244141,
    0.499998748302));
#3024 = LINE('',#3025,#3026);
#3025 = CARTESIAN_POINT('',(-19.87499786377,-2.878614510039,
    0.748331511788));
#3026 = VECTOR('',#3027,1.);
#3027 = DIRECTION('',(0.,0.342020143326,0.939692620786));
#3028 = ORIENTED_EDGE('',*,*,#3029,.T.);
#3029 = EDGE_CURVE('',#3022,#3004,#3030,.T.);
#3030 = LINE('',#3031,#3032);
#3031 = CARTESIAN_POINT('',(-18.43749786377,-2.969000244141,
    0.499998748302));
#3032 = VECTOR('',#3033,1.);
#3033 = DIRECTION('',(1.,0.,0.));
#3034 = PLANE('',#3035);
#3035 = AXIS2_PLACEMENT_3D('',#3036,#3037,#3038);
#3036 = CARTESIAN_POINT('',(-18.43749786377,-3.059500244141,
    0.251352041842));
#3037 = DIRECTION('',(0.,0.939692620786,-0.342020143326));
#3038 = DIRECTION('',(-1.,0.,0.));
#3039 = ADVANCED_FACE('',(#3040),#3065,.T.);
#3040 = FACE_BOUND('',#3041,.T.);
#3041 = EDGE_LOOP('',(#3042,#3043,#3051,#3059));
#3042 = ORIENTED_EDGE('',*,*,#3013,.F.);
#3043 = ORIENTED_EDGE('',*,*,#3044,.T.);
#3044 = EDGE_CURVE('',#3006,#3045,#3047,.T.);
#3045 = VERTEX_POINT('',#3046);
#3046 = CARTESIAN_POINT('',(-14.12499786377,-3.150000244141,
    -1.251697540283E-06));
#3047 = LINE('',#3048,#3049);
#3048 = CARTESIAN_POINT('',(-14.12499786377,-3.150000244141,
    0.499998748302));
#3049 = VECTOR('',#3050,1.);
#3050 = DIRECTION('',(0.,0.,-1.));
#3051 = ORIENTED_EDGE('',*,*,#3052,.F.);
#3052 = EDGE_CURVE('',#3053,#3045,#3055,.T.);
#3053 = VERTEX_POINT('',#3054);
#3054 = CARTESIAN_POINT('',(-19.87499786377,-3.150000244141,
    -1.251697540283E-06));
#3055 = LINE('',#3056,#3057);
#3056 = CARTESIAN_POINT('',(-19.87499786377,-3.150000244141,
    -1.251697540283E-06));
#3057 = VECTOR('',#3058,1.);
#3058 = DIRECTION('',(1.,0.,0.));
#3059 = ORIENTED_EDGE('',*,*,#3060,.F.);
#3060 = EDGE_CURVE('',#3014,#3053,#3061,.T.);
#3061 = LINE('',#3062,#3063);
#3062 = CARTESIAN_POINT('',(-19.87499786377,-3.150000244141,
    0.499998748302));
#3063 = VECTOR('',#3064,1.);
#3064 = DIRECTION('',(0.,0.,-1.));
#3065 = PLANE('',#3066);
#3066 = AXIS2_PLACEMENT_3D('',#3067,#3068,#3069);
#3067 = CARTESIAN_POINT('',(-19.87499786377,-3.150000244141,
    0.499998748302));
#3068 = DIRECTION('',(0.,1.,0.));
#3069 = DIRECTION('',(1.,0.,0.));
#3070 = ADVANCED_FACE('',(#3071),#3089,.F.);
#3071 = FACE_BOUND('',#3072,.F.);
#3072 = EDGE_LOOP('',(#3073,#3080,#3081,#3088));
#3073 = ORIENTED_EDGE('',*,*,#3074,.T.);
#3074 = EDGE_CURVE('',#1616,#1608,#3075,.T.);
#3075 = CIRCLE('',#3076,1.);
#3076 = AXIS2_PLACEMENT_3D('',#3077,#3078,#3079);
#3077 = CARTESIAN_POINT('',(-14.12499786377,-10.27500022551,
    1.624998748302));
#3078 = DIRECTION('',(-1.,0.,0.));
#3079 = DIRECTION('',(0.,0.,1.));
#3080 = ORIENTED_EDGE('',*,*,#1605,.F.);
#3081 = ORIENTED_EDGE('',*,*,#3082,.T.);
#3082 = EDGE_CURVE('',#1606,#1625,#3083,.T.);
#3083 = CIRCLE('',#3084,1.);
#3084 = AXIS2_PLACEMENT_3D('',#3085,#3086,#3087);
#3085 = CARTESIAN_POINT('',(-19.87499786377,-10.27500022551,
    1.624998748302));
#3086 = DIRECTION('',(1.,0.,-0.));
#3087 = DIRECTION('',(0.,0.,1.));
#3088 = ORIENTED_EDGE('',*,*,#1624,.T.);
#3089 = CYLINDRICAL_SURFACE('',#3090,1.);
#3090 = AXIS2_PLACEMENT_3D('',#3091,#3092,#3093);
#3091 = CARTESIAN_POINT('',(-19.87499786377,-10.27500022551,
    1.624998748302));
#3092 = DIRECTION('',(1.,0.,0.));
#3093 = DIRECTION('',(0.,0.,1.));
#3094 = ADVANCED_FACE('',(#3095),#3113,.F.);
#3095 = FACE_BOUND('',#3096,.F.);
#3096 = EDGE_LOOP('',(#3097,#3104,#3105,#3112));
#3097 = ORIENTED_EDGE('',*,*,#3098,.T.);
#3098 = EDGE_CURVE('',#1574,#1566,#3099,.T.);
#3099 = CIRCLE('',#3100,1.);
#3100 = AXIS2_PLACEMENT_3D('',#3101,#3102,#3103);
#3101 = CARTESIAN_POINT('',(-14.12499786377,-3.775000244141,
    1.624998748302));
#3102 = DIRECTION('',(-1.,0.,0.));
#3103 = DIRECTION('',(0.,0.,1.));
#3104 = ORIENTED_EDGE('',*,*,#1563,.F.);
#3105 = ORIENTED_EDGE('',*,*,#3106,.T.);
#3106 = EDGE_CURVE('',#1564,#1583,#3107,.T.);
#3107 = CIRCLE('',#3108,1.);
#3108 = AXIS2_PLACEMENT_3D('',#3109,#3110,#3111);
#3109 = CARTESIAN_POINT('',(-19.87499786377,-3.775000244141,
    1.624998748302));
#3110 = DIRECTION('',(1.,0.,-0.));
#3111 = DIRECTION('',(0.,0.,1.));
#3112 = ORIENTED_EDGE('',*,*,#1582,.T.);
#3113 = CYLINDRICAL_SURFACE('',#3114,1.);
#3114 = AXIS2_PLACEMENT_3D('',#3115,#3116,#3117);
#3115 = CARTESIAN_POINT('',(-19.87499786377,-3.775000244141,
    1.624998748302));
#3116 = DIRECTION('',(1.,0.,0.));
#3117 = DIRECTION('',(0.,0.,1.));
#3118 = ADVANCED_FACE('',(#3119),#3153,.F.);
#3119 = FACE_BOUND('',#3120,.T.);
#3120 = EDGE_LOOP('',(#3121,#3131,#3139,#3147));
#3121 = ORIENTED_EDGE('',*,*,#3122,.F.);
#3122 = EDGE_CURVE('',#3123,#3125,#3127,.T.);
#3123 = VERTEX_POINT('',#3124);
#3124 = CARTESIAN_POINT('',(-15.99999786377,-1.150000244141,
    6.499998748302));
#3125 = VERTEX_POINT('',#3126);
#3126 = CARTESIAN_POINT('',(-15.99999786377,-3.150000244141,
    6.499998748302));
#3127 = LINE('',#3128,#3129);
#3128 = CARTESIAN_POINT('',(-15.99999786377,-4.087500244141,
    6.499998748302));
#3129 = VECTOR('',#3130,1.);
#3130 = DIRECTION('',(0.,-1.,0.));
#3131 = ORIENTED_EDGE('',*,*,#3132,.T.);
#3132 = EDGE_CURVE('',#3123,#3133,#3135,.T.);
#3133 = VERTEX_POINT('',#3134);
#3134 = CARTESIAN_POINT('',(-15.99999786377,-1.150000244141,
    6.249998748302));
#3135 = LINE('',#3136,#3137);
#3136 = CARTESIAN_POINT('',(-15.99999786377,-1.150000244141,
    6.499998748302));
#3137 = VECTOR('',#3138,1.);
#3138 = DIRECTION('',(0.,0.,-1.));
#3139 = ORIENTED_EDGE('',*,*,#3140,.T.);
#3140 = EDGE_CURVE('',#3133,#3141,#3143,.T.);
#3141 = VERTEX_POINT('',#3142);
#3142 = CARTESIAN_POINT('',(-15.99999786377,-3.150000244141,
    6.249998748302));
#3143 = LINE('',#3144,#3145);
#3144 = CARTESIAN_POINT('',(-15.99999786377,-1.150000244141,
    6.249998748302));
#3145 = VECTOR('',#3146,1.);
#3146 = DIRECTION('',(0.,-1.,0.));
#3147 = ORIENTED_EDGE('',*,*,#3148,.F.);
#3148 = EDGE_CURVE('',#3125,#3141,#3149,.T.);
#3149 = LINE('',#3150,#3151);
#3150 = CARTESIAN_POINT('',(-15.99999786377,-3.150000244141,
    6.499998748302));
#3151 = VECTOR('',#3152,1.);
#3152 = DIRECTION('',(0.,0.,-1.));
#3153 = PLANE('',#3154);
#3154 = AXIS2_PLACEMENT_3D('',#3155,#3156,#3157);
#3155 = CARTESIAN_POINT('',(-15.99999786377,-1.150000244141,
    6.499998748302));
#3156 = DIRECTION('',(1.,0.,0.));
#3157 = DIRECTION('',(0.,1.,0.));
#3158 = ADVANCED_FACE('',(#3159),#3184,.F.);
#3159 = FACE_BOUND('',#3160,.T.);
#3160 = EDGE_LOOP('',(#3161,#3169,#3177,#3183));
#3161 = ORIENTED_EDGE('',*,*,#3162,.F.);
#3162 = EDGE_CURVE('',#3163,#3123,#3165,.T.);
#3163 = VERTEX_POINT('',#3164);
#3164 = CARTESIAN_POINT('',(-17.99999786377,-1.150000244141,
    6.499998748302));
#3165 = LINE('',#3166,#3167);
#3166 = CARTESIAN_POINT('',(-17.49999786377,-1.150000244141,
    6.499998748302));
#3167 = VECTOR('',#3168,1.);
#3168 = DIRECTION('',(1.,0.,0.));
#3169 = ORIENTED_EDGE('',*,*,#3170,.T.);
#3170 = EDGE_CURVE('',#3163,#3171,#3173,.T.);
#3171 = VERTEX_POINT('',#3172);
#3172 = CARTESIAN_POINT('',(-17.99999786377,-1.150000244141,
    6.249998748302));
#3173 = LINE('',#3174,#3175);
#3174 = CARTESIAN_POINT('',(-17.99999786377,-1.150000244141,
    6.499998748302));
#3175 = VECTOR('',#3176,1.);
#3176 = DIRECTION('',(0.,0.,-1.));
#3177 = ORIENTED_EDGE('',*,*,#3178,.T.);
#3178 = EDGE_CURVE('',#3171,#3133,#3179,.T.);
#3179 = LINE('',#3180,#3181);
#3180 = CARTESIAN_POINT('',(-17.99999786377,-1.150000244141,
    6.249998748302));
#3181 = VECTOR('',#3182,1.);
#3182 = DIRECTION('',(1.,0.,0.));
#3183 = ORIENTED_EDGE('',*,*,#3132,.F.);
#3184 = PLANE('',#3185);
#3185 = AXIS2_PLACEMENT_3D('',#3186,#3187,#3188);
#3186 = CARTESIAN_POINT('',(-17.99999786377,-1.150000244141,
    6.499998748302));
#3187 = DIRECTION('',(0.,1.,0.));
#3188 = DIRECTION('',(1.,0.,0.));
#3189 = ADVANCED_FACE('',(#3190),#3215,.F.);
#3190 = FACE_BOUND('',#3191,.T.);
#3191 = EDGE_LOOP('',(#3192,#3200,#3208,#3214));
#3192 = ORIENTED_EDGE('',*,*,#3193,.F.);
#3193 = EDGE_CURVE('',#3194,#3163,#3196,.T.);
#3194 = VERTEX_POINT('',#3195);
#3195 = CARTESIAN_POINT('',(-17.99999786377,-3.150000244141,
    6.499998748302));
#3196 = LINE('',#3197,#3198);
#3197 = CARTESIAN_POINT('',(-17.99999786377,-5.087500244141,
    6.499998748302));
#3198 = VECTOR('',#3199,1.);
#3199 = DIRECTION('',(0.,1.,0.));
#3200 = ORIENTED_EDGE('',*,*,#3201,.T.);
#3201 = EDGE_CURVE('',#3194,#3202,#3204,.T.);
#3202 = VERTEX_POINT('',#3203);
#3203 = CARTESIAN_POINT('',(-17.99999786377,-3.150000244141,
    6.249998748302));
#3204 = LINE('',#3205,#3206);
#3205 = CARTESIAN_POINT('',(-17.99999786377,-3.150000244141,
    6.499998748302));
#3206 = VECTOR('',#3207,1.);
#3207 = DIRECTION('',(0.,0.,-1.));
#3208 = ORIENTED_EDGE('',*,*,#3209,.T.);
#3209 = EDGE_CURVE('',#3202,#3171,#3210,.T.);
#3210 = LINE('',#3211,#3212);
#3211 = CARTESIAN_POINT('',(-17.99999786377,-3.150000244141,
    6.249998748302));
#3212 = VECTOR('',#3213,1.);
#3213 = DIRECTION('',(0.,1.,0.));
#3214 = ORIENTED_EDGE('',*,*,#3170,.F.);
#3215 = PLANE('',#3216);
#3216 = AXIS2_PLACEMENT_3D('',#3217,#3218,#3219);
#3217 = CARTESIAN_POINT('',(-17.99999786377,-3.150000244141,
    6.499998748302));
#3218 = DIRECTION('',(-1.,0.,0.));
#3219 = DIRECTION('',(0.,0.,1.));
#3220 = ADVANCED_FACE('',(#3221),#3237,.F.);
#3221 = FACE_BOUND('',#3222,.T.);
#3222 = EDGE_LOOP('',(#3223,#3229,#3230,#3236));
#3223 = ORIENTED_EDGE('',*,*,#3224,.F.);
#3224 = EDGE_CURVE('',#3125,#3194,#3225,.T.);
#3225 = LINE('',#3226,#3227);
#3226 = CARTESIAN_POINT('',(-16.49999786377,-3.150000244141,
    6.499998748302));
#3227 = VECTOR('',#3228,1.);
#3228 = DIRECTION('',(-1.,0.,0.));
#3229 = ORIENTED_EDGE('',*,*,#3148,.T.);
#3230 = ORIENTED_EDGE('',*,*,#3231,.T.);
#3231 = EDGE_CURVE('',#3141,#3202,#3232,.T.);
#3232 = LINE('',#3233,#3234);
#3233 = CARTESIAN_POINT('',(-15.99999786377,-3.150000244141,
    6.249998748302));
#3234 = VECTOR('',#3235,1.);
#3235 = DIRECTION('',(-1.,0.,0.));
#3236 = ORIENTED_EDGE('',*,*,#3201,.F.);
#3237 = PLANE('',#3238);
#3238 = AXIS2_PLACEMENT_3D('',#3239,#3240,#3241);
#3239 = CARTESIAN_POINT('',(-15.99999786377,-3.150000244141,
    6.499998748302));
#3240 = DIRECTION('',(0.,-1.,0.));
#3241 = DIRECTION('',(0.,0.,-1.));
#3242 = ADVANCED_FACE('',(#3243),#3249,.F.);
#3243 = FACE_BOUND('',#3244,.T.);
#3244 = EDGE_LOOP('',(#3245,#3246,#3247,#3248));
#3245 = ORIENTED_EDGE('',*,*,#3231,.F.);
#3246 = ORIENTED_EDGE('',*,*,#3140,.F.);
#3247 = ORIENTED_EDGE('',*,*,#3178,.F.);
#3248 = ORIENTED_EDGE('',*,*,#3209,.F.);
#3249 = PLANE('',#3250);
#3250 = AXIS2_PLACEMENT_3D('',#3251,#3252,#3253);
#3251 = CARTESIAN_POINT('',(-16.99999786377,-2.150000244141,
    6.249998748302));
#3252 = DIRECTION('',(0.,0.,-1.));
#3253 = DIRECTION('',(0.,-1.,0.));
#3254 = ADVANCED_FACE('',(#3255),#3289,.T.);
#3255 = FACE_BOUND('',#3256,.T.);
#3256 = EDGE_LOOP('',(#3257,#3267,#3275,#3283));
#3257 = ORIENTED_EDGE('',*,*,#3258,.F.);
#3258 = EDGE_CURVE('',#3259,#3261,#3263,.T.);
#3259 = VERTEX_POINT('',#3260);
#3260 = CARTESIAN_POINT('',(-17.99999786377,-0.900000244141,
    1.999998748302));
#3261 = VERTEX_POINT('',#3262);
#3262 = CARTESIAN_POINT('',(-17.99999786377,-0.650000244141,
    1.749998748302));
#3263 = LINE('',#3264,#3265);
#3264 = CARTESIAN_POINT('',(-17.99999786377,-1.900000244141,
    2.999998748302));
#3265 = VECTOR('',#3266,1.);
#3266 = DIRECTION('',(0.,0.707106781187,-0.707106781187));
#3267 = ORIENTED_EDGE('',*,*,#3268,.T.);
#3268 = EDGE_CURVE('',#3259,#3269,#3271,.T.);
#3269 = VERTEX_POINT('',#3270);
#3270 = CARTESIAN_POINT('',(-15.99999786377,-0.900000244141,
    1.999998748302));
#3271 = LINE('',#3272,#3273);
#3272 = CARTESIAN_POINT('',(-15.99999786377,-0.900000244141,
    1.999998748302));
#3273 = VECTOR('',#3274,1.);
#3274 = DIRECTION('',(1.,0.,0.));
#3275 = ORIENTED_EDGE('',*,*,#3276,.F.);
#3276 = EDGE_CURVE('',#3277,#3269,#3279,.T.);
#3277 = VERTEX_POINT('',#3278);
#3278 = CARTESIAN_POINT('',(-15.99999786377,-0.650000244141,
    1.749998748302));
#3279 = LINE('',#3280,#3281);
#3280 = CARTESIAN_POINT('',(-15.99999786377,-0.775000244141,
    1.874998748302));
#3281 = VECTOR('',#3282,1.);
#3282 = DIRECTION('',(0.,-0.707106781187,0.707106781187));
#3283 = ORIENTED_EDGE('',*,*,#3284,.T.);
#3284 = EDGE_CURVE('',#3277,#3261,#3285,.T.);
#3285 = LINE('',#3286,#3287);
#3286 = CARTESIAN_POINT('',(-16.06249786377,-0.650000244141,
    1.749998748302));
#3287 = VECTOR('',#3288,1.);
#3288 = DIRECTION('',(-1.,0.,0.));
#3289 = PLANE('',#3290);
#3290 = AXIS2_PLACEMENT_3D('',#3291,#3292,#3293);
#3291 = CARTESIAN_POINT('',(-16.06249786377,-0.775000244141,
    1.874998748302));
#3292 = DIRECTION('',(0.,0.707106781187,0.707106781187));
#3293 = DIRECTION('',(1.,0.,0.));
#3294 = ADVANCED_FACE('',(#3295),#3329,.T.);
#3295 = FACE_BOUND('',#3296,.T.);
#3296 = EDGE_LOOP('',(#3297,#3307,#3315,#3323));
#3297 = ORIENTED_EDGE('',*,*,#3298,.F.);
#3298 = EDGE_CURVE('',#3299,#3301,#3303,.T.);
#3299 = VERTEX_POINT('',#3300);
#3300 = CARTESIAN_POINT('',(-15.99999786377,-13.15000024414,
    1.999998748302));
#3301 = VERTEX_POINT('',#3302);
#3302 = CARTESIAN_POINT('',(-15.99999786377,-13.40000024414,
    1.749998748302));
#3303 = LINE('',#3304,#3305);
#3304 = CARTESIAN_POINT('',(-15.99999786377,-12.15000024414,
    2.999998748302));
#3305 = VECTOR('',#3306,1.);
#3306 = DIRECTION('',(0.,-0.707106781187,-0.707106781187));
#3307 = ORIENTED_EDGE('',*,*,#3308,.T.);
#3308 = EDGE_CURVE('',#3299,#3309,#3311,.T.);
#3309 = VERTEX_POINT('',#3310);
#3310 = CARTESIAN_POINT('',(-17.99999786377,-13.15000024414,
    1.999998748302));
#3311 = LINE('',#3312,#3313);
#3312 = CARTESIAN_POINT('',(-15.99999786377,-13.15000024414,
    1.999998748302));
#3313 = VECTOR('',#3314,1.);
#3314 = DIRECTION('',(-1.,0.,0.));
#3315 = ORIENTED_EDGE('',*,*,#3316,.F.);
#3316 = EDGE_CURVE('',#3317,#3309,#3319,.T.);
#3317 = VERTEX_POINT('',#3318);
#3318 = CARTESIAN_POINT('',(-17.99999786377,-13.40000024414,
    1.749998748302));
#3319 = LINE('',#3320,#3321);
#3320 = CARTESIAN_POINT('',(-17.99999786377,-13.27500024414,
    1.874998748302));
#3321 = VECTOR('',#3322,1.);
#3322 = DIRECTION('',(0.,0.707106781187,0.707106781187));
#3323 = ORIENTED_EDGE('',*,*,#3324,.T.);
#3324 = EDGE_CURVE('',#3317,#3301,#3325,.T.);
#3325 = LINE('',#3326,#3327);
#3326 = CARTESIAN_POINT('',(-17.93749786377,-13.40000024414,
    1.749998748302));
#3327 = VECTOR('',#3328,1.);
#3328 = DIRECTION('',(1.,0.,0.));
#3329 = PLANE('',#3330);
#3330 = AXIS2_PLACEMENT_3D('',#3331,#3332,#3333);
#3331 = CARTESIAN_POINT('',(-17.93749786377,-13.27500024414,
    1.874998748302));
#3332 = DIRECTION('',(0.,-0.707106781187,0.707106781187));
#3333 = DIRECTION('',(-1.,0.,0.));
#3334 = ADVANCED_FACE('',(#3335),#3360,.F.);
#3335 = FACE_BOUND('',#3336,.T.);
#3336 = EDGE_LOOP('',(#3337,#3345,#3353,#3359));
#3337 = ORIENTED_EDGE('',*,*,#3338,.F.);
#3338 = EDGE_CURVE('',#3339,#3261,#3341,.T.);
#3339 = VERTEX_POINT('',#3340);
#3340 = CARTESIAN_POINT('',(-17.99999786377,-0.650000244141,
    6.499998748302));
#3341 = LINE('',#3342,#3343);
#3342 = CARTESIAN_POINT('',(-17.99999786377,-0.650000244141,
    3.499998748302));
#3343 = VECTOR('',#3344,1.);
#3344 = DIRECTION('',(0.,0.,-1.));
#3345 = ORIENTED_EDGE('',*,*,#3346,.F.);
#3346 = EDGE_CURVE('',#3347,#3339,#3349,.T.);
#3347 = VERTEX_POINT('',#3348);
#3348 = CARTESIAN_POINT('',(-17.99999786377,-0.900000244141,
    6.499998748302));
#3349 = LINE('',#3350,#3351);
#3350 = CARTESIAN_POINT('',(-17.99999786377,-3.837500244141,
    6.499998748302));
#3351 = VECTOR('',#3352,1.);
#3352 = DIRECTION('',(0.,1.,0.));
#3353 = ORIENTED_EDGE('',*,*,#3354,.T.);
#3354 = EDGE_CURVE('',#3347,#3259,#3355,.T.);
#3355 = LINE('',#3356,#3357);
#3356 = CARTESIAN_POINT('',(-17.99999786377,-0.900000244141,
    1.999998748302));
#3357 = VECTOR('',#3358,1.);
#3358 = DIRECTION('',(0.,0.,-1.));
#3359 = ORIENTED_EDGE('',*,*,#3258,.T.);
#3360 = PLANE('',#3361);
#3361 = AXIS2_PLACEMENT_3D('',#3362,#3363,#3364);
#3362 = CARTESIAN_POINT('',(-17.99999786377,-0.650000244141,
    6.499998748302));
#3363 = DIRECTION('',(-1.,0.,0.));
#3364 = DIRECTION('',(0.,0.,1.));
#3365 = ADVANCED_FACE('',(#3366),#3391,.F.);
#3366 = FACE_BOUND('',#3367,.T.);
#3367 = EDGE_LOOP('',(#3368,#3376,#3377,#3385));
#3368 = ORIENTED_EDGE('',*,*,#3369,.F.);
#3369 = EDGE_CURVE('',#3277,#3370,#3372,.T.);
#3370 = VERTEX_POINT('',#3371);
#3371 = CARTESIAN_POINT('',(-15.99999786377,-0.650000244141,
    6.499998748302));
#3372 = LINE('',#3373,#3374);
#3373 = CARTESIAN_POINT('',(-15.99999786377,-0.650000244141,
    1.249998748302));
#3374 = VECTOR('',#3375,1.);
#3375 = DIRECTION('',(0.,0.,1.));
#3376 = ORIENTED_EDGE('',*,*,#3276,.T.);
#3377 = ORIENTED_EDGE('',*,*,#3378,.T.);
#3378 = EDGE_CURVE('',#3269,#3379,#3381,.T.);
#3379 = VERTEX_POINT('',#3380);
#3380 = CARTESIAN_POINT('',(-15.99999786377,-0.900000244141,
    6.499998748302));
#3381 = LINE('',#3382,#3383);
#3382 = CARTESIAN_POINT('',(-15.99999786377,-0.900000244141,
    6.499998748302));
#3383 = VECTOR('',#3384,1.);
#3384 = DIRECTION('',(0.,0.,1.));
#3385 = ORIENTED_EDGE('',*,*,#3386,.F.);
#3386 = EDGE_CURVE('',#3370,#3379,#3387,.T.);
#3387 = LINE('',#3388,#3389);
#3388 = CARTESIAN_POINT('',(-15.99999786377,-3.837500244141,
    6.499998748302));
#3389 = VECTOR('',#3390,1.);
#3390 = DIRECTION('',(0.,-1.,0.));
#3391 = PLANE('',#3392);
#3392 = AXIS2_PLACEMENT_3D('',#3393,#3394,#3395);
#3393 = CARTESIAN_POINT('',(-15.99999786377,-0.650000244141,
    1.999998748302));
#3394 = DIRECTION('',(1.,0.,0.));
#3395 = DIRECTION('',(0.,1.,0.));
#3396 = ADVANCED_FACE('',(#3397),#3408,.F.);
#3397 = FACE_BOUND('',#3398,.T.);
#3398 = EDGE_LOOP('',(#3399,#3400,#3401,#3407));
#3399 = ORIENTED_EDGE('',*,*,#3268,.F.);
#3400 = ORIENTED_EDGE('',*,*,#3354,.F.);
#3401 = ORIENTED_EDGE('',*,*,#3402,.F.);
#3402 = EDGE_CURVE('',#3379,#3347,#3403,.T.);
#3403 = LINE('',#3404,#3405);
#3404 = CARTESIAN_POINT('',(-16.99999786377,-0.900000244141,
    6.499998748302));
#3405 = VECTOR('',#3406,1.);
#3406 = DIRECTION('',(-1.,0.,0.));
#3407 = ORIENTED_EDGE('',*,*,#3378,.F.);
#3408 = PLANE('',#3409);
#3409 = AXIS2_PLACEMENT_3D('',#3410,#3411,#3412);
#3410 = CARTESIAN_POINT('',(-16.99999786377,-0.900000244141,
    4.249998748302));
#3411 = DIRECTION('',(0.,-1.,0.));
#3412 = DIRECTION('',(0.,0.,-1.));
#3413 = ADVANCED_FACE('',(#3414),#3439,.F.);
#3414 = FACE_BOUND('',#3415,.T.);
#3415 = EDGE_LOOP('',(#3416,#3424,#3432,#3438));
#3416 = ORIENTED_EDGE('',*,*,#3417,.F.);
#3417 = EDGE_CURVE('',#3418,#3301,#3420,.T.);
#3418 = VERTEX_POINT('',#3419);
#3419 = CARTESIAN_POINT('',(-15.99999786377,-13.40000024414,
    6.499998748302));
#3420 = LINE('',#3421,#3422);
#3421 = CARTESIAN_POINT('',(-15.99999786377,-13.40000024414,
    3.499998748302));
#3422 = VECTOR('',#3423,1.);
#3423 = DIRECTION('',(0.,0.,-1.));
#3424 = ORIENTED_EDGE('',*,*,#3425,.F.);
#3425 = EDGE_CURVE('',#3426,#3418,#3428,.T.);
#3426 = VERTEX_POINT('',#3427);
#3427 = CARTESIAN_POINT('',(-15.99999786377,-13.15000024414,
    6.499998748302));
#3428 = LINE('',#3429,#3430);
#3429 = CARTESIAN_POINT('',(-15.99999786377,-10.21250024414,
    6.499998748302));
#3430 = VECTOR('',#3431,1.);
#3431 = DIRECTION('',(0.,-1.,0.));
#3432 = ORIENTED_EDGE('',*,*,#3433,.T.);
#3433 = EDGE_CURVE('',#3426,#3299,#3434,.T.);
#3434 = LINE('',#3435,#3436);
#3435 = CARTESIAN_POINT('',(-15.99999786377,-13.15000024414,
    6.499998748302));
#3436 = VECTOR('',#3437,1.);
#3437 = DIRECTION('',(0.,0.,-1.));
#3438 = ORIENTED_EDGE('',*,*,#3298,.T.);
#3439 = PLANE('',#3440);
#3440 = AXIS2_PLACEMENT_3D('',#3441,#3442,#3443);
#3441 = CARTESIAN_POINT('',(-15.99999786377,-13.40000024414,
    6.499998748302));
#3442 = DIRECTION('',(1.,0.,0.));
#3443 = DIRECTION('',(0.,1.,0.));
#3444 = ADVANCED_FACE('',(#3445),#3470,.F.);
#3445 = FACE_BOUND('',#3446,.T.);
#3446 = EDGE_LOOP('',(#3447,#3455,#3456,#3464));
#3447 = ORIENTED_EDGE('',*,*,#3448,.F.);
#3448 = EDGE_CURVE('',#3317,#3449,#3451,.T.);
#3449 = VERTEX_POINT('',#3450);
#3450 = CARTESIAN_POINT('',(-17.99999786377,-13.40000024414,
    6.499998748302));
#3451 = LINE('',#3452,#3453);
#3452 = CARTESIAN_POINT('',(-17.99999786377,-13.40000024414,
    1.249998748302));
#3453 = VECTOR('',#3454,1.);
#3454 = DIRECTION('',(0.,0.,1.));
#3455 = ORIENTED_EDGE('',*,*,#3316,.T.);
#3456 = ORIENTED_EDGE('',*,*,#3457,.T.);
#3457 = EDGE_CURVE('',#3309,#3458,#3460,.T.);
#3458 = VERTEX_POINT('',#3459);
#3459 = CARTESIAN_POINT('',(-17.99999786377,-13.15000024414,
    6.499998748302));
#3460 = LINE('',#3461,#3462);
#3461 = CARTESIAN_POINT('',(-17.99999786377,-13.15000024414,
    1.999998748302));
#3462 = VECTOR('',#3463,1.);
#3463 = DIRECTION('',(0.,0.,1.));
#3464 = ORIENTED_EDGE('',*,*,#3465,.F.);
#3465 = EDGE_CURVE('',#3449,#3458,#3466,.T.);
#3466 = LINE('',#3467,#3468);
#3467 = CARTESIAN_POINT('',(-17.99999786377,-10.21250024414,
    6.499998748302));
#3468 = VECTOR('',#3469,1.);
#3469 = DIRECTION('',(0.,1.,0.));
#3470 = PLANE('',#3471);
#3471 = AXIS2_PLACEMENT_3D('',#3472,#3473,#3474);
#3472 = CARTESIAN_POINT('',(-17.99999786377,-13.40000024414,
    1.999998748302));
#3473 = DIRECTION('',(-1.,0.,0.));
#3474 = DIRECTION('',(0.,0.,1.));
#3475 = ADVANCED_FACE('',(#3476),#3487,.F.);
#3476 = FACE_BOUND('',#3477,.T.);
#3477 = EDGE_LOOP('',(#3478,#3479,#3480,#3486));
#3478 = ORIENTED_EDGE('',*,*,#3308,.F.);
#3479 = ORIENTED_EDGE('',*,*,#3433,.F.);
#3480 = ORIENTED_EDGE('',*,*,#3481,.F.);
#3481 = EDGE_CURVE('',#3458,#3426,#3482,.T.);
#3482 = LINE('',#3483,#3484);
#3483 = CARTESIAN_POINT('',(-16.99999786377,-13.15000024414,
    6.499998748302));
#3484 = VECTOR('',#3485,1.);
#3485 = DIRECTION('',(1.,0.,0.));
#3486 = ORIENTED_EDGE('',*,*,#3457,.F.);
#3487 = PLANE('',#3488);
#3488 = AXIS2_PLACEMENT_3D('',#3489,#3490,#3491);
#3489 = CARTESIAN_POINT('',(-16.99999786377,-13.15000024414,
    4.249998748302));
#3490 = DIRECTION('',(0.,1.,0.));
#3491 = DIRECTION('',(1.,0.,0.));
#3492 = ADVANCED_FACE('',(#3493),#3518,.T.);
#3493 = FACE_BOUND('',#3494,.T.);
#3494 = EDGE_LOOP('',(#3495,#3496,#3504,#3512));
#3495 = ORIENTED_EDGE('',*,*,#2768,.T.);
#3496 = ORIENTED_EDGE('',*,*,#3497,.T.);
#3497 = EDGE_CURVE('',#2761,#3498,#3500,.T.);
#3498 = VERTEX_POINT('',#3499);
#3499 = CARTESIAN_POINT('',(-19.87499786377,-0.650000244141,
    -1.251697540283E-06));
#3500 = LINE('',#3501,#3502);
#3501 = CARTESIAN_POINT('',(-19.87499786377,-0.650000244141,
    -1.251697540283E-06));
#3502 = VECTOR('',#3503,1.);
#3503 = DIRECTION('',(0.,1.,0.));
#3504 = ORIENTED_EDGE('',*,*,#3505,.T.);
#3505 = EDGE_CURVE('',#3498,#3506,#3508,.T.);
#3506 = VERTEX_POINT('',#3507);
#3507 = CARTESIAN_POINT('',(-14.12499786377,-0.650000244141,
    -1.251697540283E-06));
#3508 = LINE('',#3509,#3510);
#3509 = CARTESIAN_POINT('',(-14.12499786377,-0.650000244141,
    -1.251697540283E-06));
#3510 = VECTOR('',#3511,1.);
#3511 = DIRECTION('',(1.,0.,0.));
#3512 = ORIENTED_EDGE('',*,*,#3513,.T.);
#3513 = EDGE_CURVE('',#3506,#2769,#3514,.T.);
#3514 = LINE('',#3515,#3516);
#3515 = CARTESIAN_POINT('',(-14.12499786377,-0.900000244141,
    -1.251697540283E-06));
#3516 = VECTOR('',#3517,1.);
#3517 = DIRECTION('',(0.,-1.,0.));
#3518 = PLANE('',#3519);
#3519 = AXIS2_PLACEMENT_3D('',#3520,#3521,#3522);
#3520 = CARTESIAN_POINT('',(-16.99999786377,-0.775000244141,
    -1.251697540283E-06));
#3521 = DIRECTION('',(0.,0.,-1.));
#3522 = DIRECTION('',(0.,-1.,0.));
#3523 = ADVANCED_FACE('',(#3524),#3540,.T.);
#3524 = FACE_BOUND('',#3525,.T.);
#3525 = EDGE_LOOP('',(#3526,#3527,#3533,#3534));
#3526 = ORIENTED_EDGE('',*,*,#2910,.T.);
#3527 = ORIENTED_EDGE('',*,*,#3528,.T.);
#3528 = EDGE_CURVE('',#2903,#2840,#3529,.T.);
#3529 = LINE('',#3530,#3531);
#3530 = CARTESIAN_POINT('',(-19.87499786377,-9.650000244141,
    -1.251697540283E-06));
#3531 = VECTOR('',#3532,1.);
#3532 = DIRECTION('',(0.,1.,0.));
#3533 = ORIENTED_EDGE('',*,*,#2839,.T.);
#3534 = ORIENTED_EDGE('',*,*,#3535,.T.);
#3535 = EDGE_CURVE('',#2832,#2911,#3536,.T.);
#3536 = LINE('',#3537,#3538);
#3537 = CARTESIAN_POINT('',(-14.12499786377,-10.90000020688,
    -1.251697540283E-06));
#3538 = VECTOR('',#3539,1.);
#3539 = DIRECTION('',(0.,-1.,0.));
#3540 = PLANE('',#3541);
#3541 = AXIS2_PLACEMENT_3D('',#3542,#3543,#3544);
#3542 = CARTESIAN_POINT('',(-16.99999786377,-10.27500022551,
    -1.251697540283E-06));
#3543 = DIRECTION('',(0.,0.,-1.));
#3544 = DIRECTION('',(0.,-1.,0.));
#3545 = ADVANCED_FACE('',(#3546,#3562),#3568,.F.);
#3546 = FACE_BOUND('',#3547,.T.);
#3547 = EDGE_LOOP('',(#3548,#3549,#3555,#3556));
#3548 = ORIENTED_EDGE('',*,*,#2674,.F.);
#3549 = ORIENTED_EDGE('',*,*,#3550,.F.);
#3550 = EDGE_CURVE('',#2862,#2667,#3551,.T.);
#3551 = LINE('',#3552,#3553);
#3552 = CARTESIAN_POINT('',(-19.87499786377,-0.650000244141,
    0.499998748302));
#3553 = VECTOR('',#3554,1.);
#3554 = DIRECTION('',(0.,-1.,0.));
#3555 = ORIENTED_EDGE('',*,*,#2887,.F.);
#3556 = ORIENTED_EDGE('',*,*,#3557,.F.);
#3557 = EDGE_CURVE('',#2649,#2880,#3558,.T.);
#3558 = LINE('',#3559,#3560);
#3559 = CARTESIAN_POINT('',(-14.12499786377,-13.40000024414,
    0.499998748302));
#3560 = VECTOR('',#3561,1.);
#3561 = DIRECTION('',(0.,1.,0.));
#3562 = FACE_BOUND('',#3563,.T.);
#3563 = EDGE_LOOP('',(#3564,#3565,#3566,#3567));
#3564 = ORIENTED_EDGE('',*,*,#2612,.T.);
#3565 = ORIENTED_EDGE('',*,*,#2633,.T.);
#3566 = ORIENTED_EDGE('',*,*,#2514,.T.);
#3567 = ORIENTED_EDGE('',*,*,#2588,.T.);
#3568 = PLANE('',#3569);
#3569 = AXIS2_PLACEMENT_3D('',#3570,#3571,#3572);
#3570 = CARTESIAN_POINT('',(-16.99999786377,-7.025000244141,
    0.499998748302));
#3571 = DIRECTION('',(0.,0.,1.));
#3572 = DIRECTION('',(1.,0.,0.));
#3573 = ADVANCED_FACE('',(#3574),#3590,.T.);
#3574 = FACE_BOUND('',#3575,.T.);
#3575 = EDGE_LOOP('',(#3576,#3582,#3583,#3589));
#3576 = ORIENTED_EDGE('',*,*,#3577,.T.);
#3577 = EDGE_CURVE('',#3045,#2982,#3578,.T.);
#3578 = LINE('',#3579,#3580);
#3579 = CARTESIAN_POINT('',(-14.12499786377,-3.150000244141,
    -1.251697540283E-06));
#3580 = VECTOR('',#3581,1.);
#3581 = DIRECTION('',(0.,-1.,0.));
#3582 = ORIENTED_EDGE('',*,*,#2981,.T.);
#3583 = ORIENTED_EDGE('',*,*,#3584,.T.);
#3584 = EDGE_CURVE('',#2974,#3053,#3585,.T.);
#3585 = LINE('',#3586,#3587);
#3586 = CARTESIAN_POINT('',(-19.87499786377,-4.400000244141,
    -1.251697540283E-06));
#3587 = VECTOR('',#3588,1.);
#3588 = DIRECTION('',(0.,1.,0.));
#3589 = ORIENTED_EDGE('',*,*,#3052,.T.);
#3590 = PLANE('',#3591);
#3591 = AXIS2_PLACEMENT_3D('',#3592,#3593,#3594);
#3592 = CARTESIAN_POINT('',(-16.99999786377,-3.775000244141,
    -1.251697540283E-06));
#3593 = DIRECTION('',(0.,0.,-1.));
#3594 = DIRECTION('',(0.,-1.,0.));
#3595 = ADVANCED_FACE('',(#3596),#3621,.T.);
#3596 = FACE_BOUND('',#3597,.T.);
#3597 = EDGE_LOOP('',(#3598,#3606,#3614,#3620));
#3598 = ORIENTED_EDGE('',*,*,#3599,.T.);
#3599 = EDGE_CURVE('',#2690,#3600,#3602,.T.);
#3600 = VERTEX_POINT('',#3601);
#3601 = CARTESIAN_POINT('',(-14.12499786377,-13.40000024414,
    -1.251697540283E-06));
#3602 = LINE('',#3603,#3604);
#3603 = CARTESIAN_POINT('',(-14.12499786377,-13.15000024414,
    -1.251697540283E-06));
#3604 = VECTOR('',#3605,1.);
#3605 = DIRECTION('',(0.,-1.,0.));
#3606 = ORIENTED_EDGE('',*,*,#3607,.T.);
#3607 = EDGE_CURVE('',#3600,#3608,#3610,.T.);
#3608 = VERTEX_POINT('',#3609);
#3609 = CARTESIAN_POINT('',(-19.87499786377,-13.40000024414,
    -1.251697540283E-06));
#3610 = LINE('',#3611,#3612);
#3611 = CARTESIAN_POINT('',(-14.12499786377,-13.40000024414,
    -1.251697540283E-06));
#3612 = VECTOR('',#3613,1.);
#3613 = DIRECTION('',(-1.,0.,0.));
#3614 = ORIENTED_EDGE('',*,*,#3615,.T.);
#3615 = EDGE_CURVE('',#3608,#2698,#3616,.T.);
#3616 = LINE('',#3617,#3618);
#3617 = CARTESIAN_POINT('',(-19.87499786377,-13.40000024414,
    -1.251697540283E-06));
#3618 = VECTOR('',#3619,1.);
#3619 = DIRECTION('',(0.,1.,0.));
#3620 = ORIENTED_EDGE('',*,*,#2697,.T.);
#3621 = PLANE('',#3622);
#3622 = AXIS2_PLACEMENT_3D('',#3623,#3624,#3625);
#3623 = CARTESIAN_POINT('',(-16.99999786377,-13.27500024414,
    -1.251697540283E-06));
#3624 = DIRECTION('',(0.,0.,-1.));
#3625 = DIRECTION('',(0.,-1.,0.));
#3626 = ADVANCED_FACE('',(#3627),#3661,.T.);
#3627 = FACE_BOUND('',#3628,.T.);
#3628 = EDGE_LOOP('',(#3629,#3630,#3638,#3644,#3645,#3653,#3659,#3660));
#3629 = ORIENTED_EDGE('',*,*,#3369,.T.);
#3630 = ORIENTED_EDGE('',*,*,#3631,.F.);
#3631 = EDGE_CURVE('',#3632,#3370,#3634,.T.);
#3632 = VERTEX_POINT('',#3633);
#3633 = CARTESIAN_POINT('',(-14.12499786377,-0.650000244141,
    6.499998748302));
#3634 = LINE('',#3635,#3636);
#3635 = CARTESIAN_POINT('',(-14.12499786377,-0.650000244141,
    6.499998748302));
#3636 = VECTOR('',#3637,1.);
#3637 = DIRECTION('',(-1.,0.,0.));
#3638 = ORIENTED_EDGE('',*,*,#3639,.F.);
#3639 = EDGE_CURVE('',#3506,#3632,#3640,.T.);
#3640 = LINE('',#3641,#3642);
#3641 = CARTESIAN_POINT('',(-14.12499786377,-0.650000244141,
    0.499998748302));
#3642 = VECTOR('',#3643,1.);
#3643 = DIRECTION('',(0.,0.,1.));
#3644 = ORIENTED_EDGE('',*,*,#3505,.F.);
#3645 = ORIENTED_EDGE('',*,*,#3646,.F.);
#3646 = EDGE_CURVE('',#3647,#3498,#3649,.T.);
#3647 = VERTEX_POINT('',#3648);
#3648 = CARTESIAN_POINT('',(-19.87499786377,-0.650000244141,
    6.499998748302));
#3649 = LINE('',#3650,#3651);
#3650 = CARTESIAN_POINT('',(-19.87499786377,-0.650000244141,
    0.499998748302));
#3651 = VECTOR('',#3652,1.);
#3652 = DIRECTION('',(0.,0.,-1.));
#3653 = ORIENTED_EDGE('',*,*,#3654,.F.);
#3654 = EDGE_CURVE('',#3339,#3647,#3655,.T.);
#3655 = LINE('',#3656,#3657);
#3656 = CARTESIAN_POINT('',(-14.12499786377,-0.650000244141,
    6.499998748302));
#3657 = VECTOR('',#3658,1.);
#3658 = DIRECTION('',(-1.,0.,0.));
#3659 = ORIENTED_EDGE('',*,*,#3338,.T.);
#3660 = ORIENTED_EDGE('',*,*,#3284,.F.);
#3661 = PLANE('',#3662);
#3662 = AXIS2_PLACEMENT_3D('',#3663,#3664,#3665);
#3663 = CARTESIAN_POINT('',(-14.12499786377,-0.650000244141,
    0.499998748302));
#3664 = DIRECTION('',(0.,1.,0.));
#3665 = DIRECTION('',(1.,0.,0.));
#3666 = ADVANCED_FACE('',(#3667,#3713,#3717),#3721,.T.);
#3667 = FACE_BOUND('',#3668,.T.);
#3668 = EDGE_LOOP('',(#3669,#3670,#3671,#3672,#3673,#3674,#3675,#3681,
    #3682,#3683,#3684,#3685,#3686,#3692,#3693,#3694,#3695,#3696,#3704,
    #3710,#3711,#3712));
#3669 = ORIENTED_EDGE('',*,*,#3557,.T.);
#3670 = ORIENTED_EDGE('',*,*,#2879,.F.);
#3671 = ORIENTED_EDGE('',*,*,#2918,.T.);
#3672 = ORIENTED_EDGE('',*,*,#3535,.F.);
#3673 = ORIENTED_EDGE('',*,*,#2831,.F.);
#3674 = ORIENTED_EDGE('',*,*,#2790,.F.);
#3675 = ORIENTED_EDGE('',*,*,#3676,.T.);
#3676 = EDGE_CURVE('',#2791,#2951,#3677,.T.);
#3677 = LINE('',#3678,#3679);
#3678 = CARTESIAN_POINT('',(-14.12499786377,-13.40000024414,
    0.499998748302));
#3679 = VECTOR('',#3680,1.);
#3680 = DIRECTION('',(0.,1.,0.));
#3681 = ORIENTED_EDGE('',*,*,#2950,.F.);
#3682 = ORIENTED_EDGE('',*,*,#2989,.T.);
#3683 = ORIENTED_EDGE('',*,*,#3577,.F.);
#3684 = ORIENTED_EDGE('',*,*,#3044,.F.);
#3685 = ORIENTED_EDGE('',*,*,#3003,.F.);
#3686 = ORIENTED_EDGE('',*,*,#3687,.T.);
#3687 = EDGE_CURVE('',#3004,#2738,#3688,.T.);
#3688 = LINE('',#3689,#3690);
#3689 = CARTESIAN_POINT('',(-14.12499786377,-13.40000024414,
    0.499998748302));
#3690 = VECTOR('',#3691,1.);
#3691 = DIRECTION('',(0.,1.,0.));
#3692 = ORIENTED_EDGE('',*,*,#2737,.F.);
#3693 = ORIENTED_EDGE('',*,*,#2776,.T.);
#3694 = ORIENTED_EDGE('',*,*,#3513,.F.);
#3695 = ORIENTED_EDGE('',*,*,#3639,.T.);
#3696 = ORIENTED_EDGE('',*,*,#3697,.F.);
#3697 = EDGE_CURVE('',#3698,#3632,#3700,.T.);
#3698 = VERTEX_POINT('',#3699);
#3699 = CARTESIAN_POINT('',(-14.12499786377,-13.40000024414,
    6.499998748302));
#3700 = LINE('',#3701,#3702);
#3701 = CARTESIAN_POINT('',(-14.12499786377,-13.40000024414,
    6.499998748302));
#3702 = VECTOR('',#3703,1.);
#3703 = DIRECTION('',(0.,1.,0.));
#3704 = ORIENTED_EDGE('',*,*,#3705,.F.);
#3705 = EDGE_CURVE('',#3600,#3698,#3706,.T.);
#3706 = LINE('',#3707,#3708);
#3707 = CARTESIAN_POINT('',(-14.12499786377,-13.40000024414,
    0.499998748302));
#3708 = VECTOR('',#3709,1.);
#3709 = DIRECTION('',(0.,0.,1.));
#3710 = ORIENTED_EDGE('',*,*,#3599,.F.);
#3711 = ORIENTED_EDGE('',*,*,#2689,.F.);
#3712 = ORIENTED_EDGE('',*,*,#2648,.F.);
#3713 = FACE_BOUND('',#3714,.T.);
#3714 = EDGE_LOOP('',(#3715,#3716));
#3715 = ORIENTED_EDGE('',*,*,#1615,.T.);
#3716 = ORIENTED_EDGE('',*,*,#3074,.T.);
#3717 = FACE_BOUND('',#3718,.T.);
#3718 = EDGE_LOOP('',(#3719,#3720));
#3719 = ORIENTED_EDGE('',*,*,#1573,.T.);
#3720 = ORIENTED_EDGE('',*,*,#3098,.T.);
#3721 = PLANE('',#3722);
#3722 = AXIS2_PLACEMENT_3D('',#3723,#3724,#3725);
#3723 = CARTESIAN_POINT('',(-14.12499786377,-13.40000024414,
    0.499998748302));
#3724 = DIRECTION('',(1.,0.,0.));
#3725 = DIRECTION('',(0.,1.,0.));
#3726 = ADVANCED_FACE('',(#3727),#3754,.T.);
#3727 = FACE_BOUND('',#3728,.T.);
#3728 = EDGE_LOOP('',(#3729,#3730,#3738,#3744,#3745,#3746,#3752,#3753));
#3729 = ORIENTED_EDGE('',*,*,#3448,.T.);
#3730 = ORIENTED_EDGE('',*,*,#3731,.F.);
#3731 = EDGE_CURVE('',#3732,#3449,#3734,.T.);
#3732 = VERTEX_POINT('',#3733);
#3733 = CARTESIAN_POINT('',(-19.87499786377,-13.40000024414,
    6.499998748302));
#3734 = LINE('',#3735,#3736);
#3735 = CARTESIAN_POINT('',(-19.87499786377,-13.40000024414,
    6.499998748302));
#3736 = VECTOR('',#3737,1.);
#3737 = DIRECTION('',(1.,0.,0.));
#3738 = ORIENTED_EDGE('',*,*,#3739,.F.);
#3739 = EDGE_CURVE('',#3608,#3732,#3740,.T.);
#3740 = LINE('',#3741,#3742);
#3741 = CARTESIAN_POINT('',(-19.87499786377,-13.40000024414,
    0.499998748302));
#3742 = VECTOR('',#3743,1.);
#3743 = DIRECTION('',(0.,0.,1.));
#3744 = ORIENTED_EDGE('',*,*,#3607,.F.);
#3745 = ORIENTED_EDGE('',*,*,#3705,.T.);
#3746 = ORIENTED_EDGE('',*,*,#3747,.F.);
#3747 = EDGE_CURVE('',#3418,#3698,#3748,.T.);
#3748 = LINE('',#3749,#3750);
#3749 = CARTESIAN_POINT('',(-19.87499786377,-13.40000024414,
    6.499998748302));
#3750 = VECTOR('',#3751,1.);
#3751 = DIRECTION('',(1.,0.,0.));
#3752 = ORIENTED_EDGE('',*,*,#3417,.T.);
#3753 = ORIENTED_EDGE('',*,*,#3324,.F.);
#3754 = PLANE('',#3755);
#3755 = AXIS2_PLACEMENT_3D('',#3756,#3757,#3758);
#3756 = CARTESIAN_POINT('',(-19.87499786377,-13.40000024414,
    0.499998748302));
#3757 = DIRECTION('',(0.,-1.,0.));
#3758 = DIRECTION('',(0.,0.,-1.));
#3759 = ADVANCED_FACE('',(#3760,#3799,#3803),#3807,.T.);
#3760 = FACE_BOUND('',#3761,.T.);
#3761 = EDGE_LOOP('',(#3762,#3768,#3769,#3770,#3771,#3772,#3773,#3779,
    #3780,#3781,#3782,#3783,#3784,#3785,#3786,#3787,#3788,#3789,#3795,
    #3796,#3797,#3798));
#3762 = ORIENTED_EDGE('',*,*,#3763,.T.);
#3763 = EDGE_CURVE('',#2720,#3022,#3764,.T.);
#3764 = LINE('',#3765,#3766);
#3765 = CARTESIAN_POINT('',(-19.87499786377,-0.650000244141,
    0.499998748302));
#3766 = VECTOR('',#3767,1.);
#3767 = DIRECTION('',(0.,-1.,0.));
#3768 = ORIENTED_EDGE('',*,*,#3021,.F.);
#3769 = ORIENTED_EDGE('',*,*,#3060,.T.);
#3770 = ORIENTED_EDGE('',*,*,#3584,.F.);
#3771 = ORIENTED_EDGE('',*,*,#2973,.F.);
#3772 = ORIENTED_EDGE('',*,*,#2932,.F.);
#3773 = ORIENTED_EDGE('',*,*,#3774,.T.);
#3774 = EDGE_CURVE('',#2933,#2809,#3775,.T.);
#3775 = LINE('',#3776,#3777);
#3776 = CARTESIAN_POINT('',(-19.87499786377,-0.650000244141,
    0.499998748302));
#3777 = VECTOR('',#3778,1.);
#3778 = DIRECTION('',(0.,-1.,0.));
#3779 = ORIENTED_EDGE('',*,*,#2808,.F.);
#3780 = ORIENTED_EDGE('',*,*,#2847,.T.);
#3781 = ORIENTED_EDGE('',*,*,#3528,.F.);
#3782 = ORIENTED_EDGE('',*,*,#2902,.F.);
#3783 = ORIENTED_EDGE('',*,*,#2861,.F.);
#3784 = ORIENTED_EDGE('',*,*,#3550,.T.);
#3785 = ORIENTED_EDGE('',*,*,#2666,.F.);
#3786 = ORIENTED_EDGE('',*,*,#2705,.T.);
#3787 = ORIENTED_EDGE('',*,*,#3615,.F.);
#3788 = ORIENTED_EDGE('',*,*,#3739,.T.);
#3789 = ORIENTED_EDGE('',*,*,#3790,.F.);
#3790 = EDGE_CURVE('',#3647,#3732,#3791,.T.);
#3791 = LINE('',#3792,#3793);
#3792 = CARTESIAN_POINT('',(-19.87499786377,-0.650000244141,
    6.499998748302));
#3793 = VECTOR('',#3794,1.);
#3794 = DIRECTION('',(0.,-1.,0.));
#3795 = ORIENTED_EDGE('',*,*,#3646,.T.);
#3796 = ORIENTED_EDGE('',*,*,#3497,.F.);
#3797 = ORIENTED_EDGE('',*,*,#2760,.F.);
#3798 = ORIENTED_EDGE('',*,*,#2719,.F.);
#3799 = FACE_BOUND('',#3800,.T.);
#3800 = EDGE_LOOP('',(#3801,#3802));
#3801 = ORIENTED_EDGE('',*,*,#3082,.T.);
#3802 = ORIENTED_EDGE('',*,*,#1632,.T.);
#3803 = FACE_BOUND('',#3804,.T.);
#3804 = EDGE_LOOP('',(#3805,#3806));
#3805 = ORIENTED_EDGE('',*,*,#3106,.T.);
#3806 = ORIENTED_EDGE('',*,*,#1590,.T.);
#3807 = PLANE('',#3808);
#3808 = AXIS2_PLACEMENT_3D('',#3809,#3810,#3811);
#3809 = CARTESIAN_POINT('',(-19.87499786377,-0.650000244141,
    0.499998748302));
#3810 = DIRECTION('',(-1.,0.,0.));
#3811 = DIRECTION('',(0.,0.,1.));
#3812 = ADVANCED_FACE('',(#3813,#3819),#3825,.F.);
#3813 = FACE_BOUND('',#3814,.T.);
#3814 = EDGE_LOOP('',(#3815,#3816,#3817,#3818));
#3815 = ORIENTED_EDGE('',*,*,#2399,.F.);
#3816 = ORIENTED_EDGE('',*,*,#2424,.F.);
#3817 = ORIENTED_EDGE('',*,*,#2328,.F.);
#3818 = ORIENTED_EDGE('',*,*,#2441,.F.);
#3819 = FACE_BOUND('',#3820,.T.);
#3820 = EDGE_LOOP('',(#3821,#3822,#3823,#3824));
#3821 = ORIENTED_EDGE('',*,*,#2745,.F.);
#3822 = ORIENTED_EDGE('',*,*,#3687,.F.);
#3823 = ORIENTED_EDGE('',*,*,#3029,.F.);
#3824 = ORIENTED_EDGE('',*,*,#3763,.F.);
#3825 = PLANE('',#3826);
#3826 = AXIS2_PLACEMENT_3D('',#3827,#3828,#3829);
#3827 = CARTESIAN_POINT('',(-16.99999786377,-7.025000244141,
    0.499998748302));
#3828 = DIRECTION('',(0.,0.,1.));
#3829 = DIRECTION('',(1.,0.,0.));
#3830 = ADVANCED_FACE('',(#3831,#3837),#3843,.F.);
#3831 = FACE_BOUND('',#3832,.T.);
#3832 = EDGE_LOOP('',(#3833,#3834,#3835,#3836));
#3833 = ORIENTED_EDGE('',*,*,#2207,.F.);
#3834 = ORIENTED_EDGE('',*,*,#2232,.F.);
#3835 = ORIENTED_EDGE('',*,*,#2136,.F.);
#3836 = ORIENTED_EDGE('',*,*,#2249,.F.);
#3837 = FACE_BOUND('',#3838,.T.);
#3838 = EDGE_LOOP('',(#3839,#3840,#3841,#3842));
#3839 = ORIENTED_EDGE('',*,*,#2816,.F.);
#3840 = ORIENTED_EDGE('',*,*,#3774,.F.);
#3841 = ORIENTED_EDGE('',*,*,#2958,.F.);
#3842 = ORIENTED_EDGE('',*,*,#3676,.F.);
#3843 = PLANE('',#3844);
#3844 = AXIS2_PLACEMENT_3D('',#3845,#3846,#3847);
#3845 = CARTESIAN_POINT('',(-16.99999786377,-7.025000244141,
    0.499998748302));
#3846 = DIRECTION('',(0.,0.,1.));
#3847 = DIRECTION('',(1.,0.,0.));
#3848 = ADVANCED_FACE('',(#3849,#3855,#3869),#3875,.T.);
#3849 = FACE_BOUND('',#3850,.T.);
#3850 = EDGE_LOOP('',(#3851,#3852,#3853,#3854));
#3851 = ORIENTED_EDGE('',*,*,#2039,.T.);
#3852 = ORIENTED_EDGE('',*,*,#2057,.T.);
#3853 = ORIENTED_EDGE('',*,*,#1958,.T.);
#3854 = ORIENTED_EDGE('',*,*,#2015,.T.);
#3855 = FACE_BOUND('',#3856,.T.);
#3856 = EDGE_LOOP('',(#3857,#3858,#3859,#3860,#3861,#3862,#3863,#3864,
    #3865,#3866,#3867,#3868));
#3857 = ORIENTED_EDGE('',*,*,#3386,.T.);
#3858 = ORIENTED_EDGE('',*,*,#3402,.T.);
#3859 = ORIENTED_EDGE('',*,*,#3346,.T.);
#3860 = ORIENTED_EDGE('',*,*,#3654,.T.);
#3861 = ORIENTED_EDGE('',*,*,#3790,.T.);
#3862 = ORIENTED_EDGE('',*,*,#3731,.T.);
#3863 = ORIENTED_EDGE('',*,*,#3465,.T.);
#3864 = ORIENTED_EDGE('',*,*,#3481,.T.);
#3865 = ORIENTED_EDGE('',*,*,#3425,.T.);
#3866 = ORIENTED_EDGE('',*,*,#3747,.T.);
#3867 = ORIENTED_EDGE('',*,*,#3697,.T.);
#3868 = ORIENTED_EDGE('',*,*,#3631,.T.);
#3869 = FACE_BOUND('',#3870,.T.);
#3870 = EDGE_LOOP('',(#3871,#3872,#3873,#3874));
#3871 = ORIENTED_EDGE('',*,*,#3122,.T.);
#3872 = ORIENTED_EDGE('',*,*,#3224,.T.);
#3873 = ORIENTED_EDGE('',*,*,#3193,.T.);
#3874 = ORIENTED_EDGE('',*,*,#3162,.T.);
#3875 = PLANE('',#3876);
#3876 = AXIS2_PLACEMENT_3D('',#3877,#3878,#3879);
#3877 = CARTESIAN_POINT('',(-16.99999786377,-7.025000244141,
    6.499998748302));
#3878 = DIRECTION('',(0.,0.,1.));
#3879 = DIRECTION('',(1.,0.,0.));
#3880 = ( GEOMETRIC_REPRESENTATION_CONTEXT(3) 
GLOBAL_UNCERTAINTY_ASSIGNED_CONTEXT((#3884)) 
GLOBAL_UNIT_ASSIGNED_CONTEXT((#3881,#3882,#3883)) REPRESENTATION_CONTEXT
('Context #1','3D Context with UNIT and UNCERTAINTY') );
#3881 = ( LENGTH_UNIT() NAMED_UNIT(*) SI_UNIT(.MILLI.,.METRE.) );
#3882 = ( NAMED_UNIT(*) PLANE_ANGLE_UNIT() SI_UNIT($,.RADIAN.) );
#3883 = ( NAMED_UNIT(*) SI_UNIT($,.STERADIAN.) SOLID_ANGLE_UNIT() );
#3884 = UNCERTAINTY_MEASURE_WITH_UNIT(LENGTH_MEASURE(1.E-07),#3881,
  'distance_accuracy_value','confusion accuracy');
#3885 = PRODUCT_RELATED_PRODUCT_CATEGORY('part',$,(#1553));
#3886 = SHAPE_DEFINITION_REPRESENTATION(#3887,#3893);
#3887 = PRODUCT_DEFINITION_SHAPE('','',#3888);
#3888 = PRODUCT_DEFINITION('design','',#3889,#3892);
#3889 = PRODUCT_DEFINITION_FORMATION('','',#3890);
#3890 = PRODUCT('Open CASCADE STEP translator 7.5 36',
  'Open CASCADE STEP translator 7.5 36','',(#3891));
#3891 = PRODUCT_CONTEXT('',#2,'mechanical');
#3892 = PRODUCT_DEFINITION_CONTEXT('part definition',#2,'design');
#3893 = ADVANCED_BREP_SHAPE_REPRESENTATION('',(#11,#3894),#11578);
#3894 = MANIFOLD_SOLID_BREP('',#3895);
#3895 = CLOSED_SHELL('',(#3896,#3938,#3980,#4022,#4064,#4086,#4158,#4180
    ,#4252,#4356,#4430,#4504,#4548,#4652,#4726,#4800,#4844,#4948,#5022,
    #5096,#5140,#5244,#5318,#5392,#5436,#5540,#5614,#5688,#5732,#5836,
    #5910,#5984,#6028,#6132,#6206,#6280,#6324,#6428,#6502,#6576,#6620,
    #6651,#6675,#6699,#6716,#6728,#6759,#6783,#6807,#6824,#6836,#6867,
    #6891,#6915,#6932,#6944,#6975,#6999,#7023,#7040,#7052,#7083,#7107,
    #7131,#7148,#7160,#7191,#7215,#7239,#7256,#7268,#7299,#7323,#7347,
    #7364,#7376,#7407,#7431,#7455,#7472,#7484,#7526,#7550,#7574,#7599,
    #7624,#7649,#7674,#7699,#7725,#7751,#7776,#7793,#7818,#7840,#7865,
    #7882,#7899,#7924,#7949,#7966,#7983,#8000,#8017,#8034,#8094,#8106,
    #8118,#8430,#8474,#8568,#8634,#8700,#8738,#8760,#8777,#8794,#8806,
    #8850,#8944,#9010,#9076,#9114,#9136,#9153,#9170,#9182,#9226,#9320,
    #9386,#9452,#9490,#9512,#9529,#9546,#9558,#9602,#9696,#9762,#9828,
    #9866,#9888,#9905,#9922,#9934,#9978,#10072,#10138,#10204,#10242,
    #10264,#10281,#10298,#10310,#10354,#10448,#10514,#10580,#10618,
    #10640,#10657,#10674,#10686,#10730,#10824,#10890,#10956,#10994,
    #11016,#11033,#11050,#11062,#11106,#11200,#11266,#11332,#11370,
    #11392,#11409,#11426,#11438,#11461,#11479,#11497,#11514,#11531,
    #11549,#11567));
#3896 = ADVANCED_FACE('',(#3897),#3933,.T.);
#3897 = FACE_BOUND('',#3898,.T.);
#3898 = EDGE_LOOP('',(#3899,#3909,#3918,#3926));
#3899 = ORIENTED_EDGE('',*,*,#3900,.F.);
#3900 = EDGE_CURVE('',#3901,#3903,#3905,.T.);
#3901 = VERTEX_POINT('',#3902);
#3902 = CARTESIAN_POINT('',(-21.90010486237,-11.78008557096,
    -1.960000606234));
#3903 = VERTEX_POINT('',#3904);
#3904 = CARTESIAN_POINT('',(-21.90010490171,-11.78008564964,
    -1.060000606234));
#3905 = LINE('',#3906,#3907);
#3906 = CARTESIAN_POINT('',(-21.90010482959,-11.7800855054,
    -2.710000606234));
#3907 = VECTOR('',#3908,1.);
#3908 = DIRECTION('',(-4.371140912996E-08,-8.742273203022E-08,1.));
#3909 = ORIENTED_EDGE('',*,*,#3910,.T.);
#3910 = EDGE_CURVE('',#3901,#3911,#3913,.T.);
#3911 = VERTEX_POINT('',#3912);
#3912 = CARTESIAN_POINT('',(-21.85010486456,-11.83008557315,
    -1.960000608419));
#3913 = CIRCLE('',#3914,5.E-02);
#3914 = AXIS2_PLACEMENT_3D('',#3915,#3916,#3917);
#3915 = CARTESIAN_POINT('',(-21.85010486237,-11.78008557315,
    -1.960000604048));
#3916 = DIRECTION('',(-4.371140912996E-08,-8.742273203022E-08,1.));
#3917 = DIRECTION('',(-1.,4.371139210811E-08,-4.371140530859E-08));
#3918 = ORIENTED_EDGE('',*,*,#3919,.F.);
#3919 = EDGE_CURVE('',#3920,#3911,#3922,.T.);
#3920 = VERTEX_POINT('',#3921);
#3921 = CARTESIAN_POINT('',(-21.8501049039,-11.83008565183,
    -1.060000608419));
#3922 = LINE('',#3923,#3924);
#3923 = CARTESIAN_POINT('',(-21.85010483178,-11.83008550758,
    -2.710000608419));
#3924 = VECTOR('',#3925,1.);
#3925 = DIRECTION('',(4.371140912996E-08,8.742273203022E-08,-1.));
#3926 = ORIENTED_EDGE('',*,*,#3927,.F.);
#3927 = EDGE_CURVE('',#3903,#3920,#3928,.T.);
#3928 = CIRCLE('',#3929,5.E-02);
#3929 = AXIS2_PLACEMENT_3D('',#3930,#3931,#3932);
#3930 = CARTESIAN_POINT('',(-21.85010490171,-11.78008565183,
    -1.060000604048));
#3931 = DIRECTION('',(-4.371140912996E-08,-8.742273203022E-08,1.));
#3932 = DIRECTION('',(-1.,4.371139210811E-08,-4.371140530859E-08));
#3933 = CYLINDRICAL_SURFACE('',#3934,5.E-02);
#3934 = AXIS2_PLACEMENT_3D('',#3935,#3936,#3937);
#3935 = CARTESIAN_POINT('',(-21.85010482959,-11.78008550758,
    -2.710000604048));
#3936 = DIRECTION('',(-4.371140912996E-08,-8.742273203022E-08,1.));
#3937 = DIRECTION('',(-1.,4.371139210811E-08,-4.371140530859E-08));
#3938 = ADVANCED_FACE('',(#3939),#3975,.T.);
#3939 = FACE_BOUND('',#3940,.T.);
#3940 = EDGE_LOOP('',(#3941,#3951,#3960,#3968));
#3941 = ORIENTED_EDGE('',*,*,#3942,.F.);
#3942 = EDGE_CURVE('',#3943,#3945,#3947,.T.);
#3943 = VERTEX_POINT('',#3944);
#3944 = CARTESIAN_POINT('',(-21.85010440297,-1.270085573153,
    -1.959999685235));
#3945 = VERTEX_POINT('',#3946);
#3946 = CARTESIAN_POINT('',(-21.85010444231,-1.270085651834,
    -1.059999685235));
#3947 = LINE('',#3948,#3949);
#3948 = CARTESIAN_POINT('',(-21.85010437018,-1.270085507586,
    -2.709999685235));
#3949 = VECTOR('',#3950,1.);
#3950 = DIRECTION('',(-4.371140912996E-08,-8.742273203022E-08,1.));
#3951 = ORIENTED_EDGE('',*,*,#3952,.T.);
#3952 = EDGE_CURVE('',#3943,#3953,#3955,.T.);
#3953 = VERTEX_POINT('',#3954);
#3954 = CARTESIAN_POINT('',(-21.90010440515,-1.320085570968,
    -1.959999691792));
#3955 = CIRCLE('',#3956,5.E-02);
#3956 = AXIS2_PLACEMENT_3D('',#3957,#3958,#3959);
#3957 = CARTESIAN_POINT('',(-21.85010440515,-1.320085573153,
    -1.959999689606));
#3958 = DIRECTION('',(-4.371140912996E-08,-8.742273203022E-08,1.));
#3959 = DIRECTION('',(-1.,4.371139210811E-08,-4.371140530859E-08));
#3960 = ORIENTED_EDGE('',*,*,#3961,.F.);
#3961 = EDGE_CURVE('',#3962,#3953,#3964,.T.);
#3962 = VERTEX_POINT('',#3963);
#3963 = CARTESIAN_POINT('',(-21.90010444449,-1.320085649648,
    -1.059999691792));
#3964 = LINE('',#3965,#3966);
#3965 = CARTESIAN_POINT('',(-21.90010437237,-1.320085505401,
    -2.709999691792));
#3966 = VECTOR('',#3967,1.);
#3967 = DIRECTION('',(4.371140912996E-08,8.742273203022E-08,-1.));
#3968 = ORIENTED_EDGE('',*,*,#3969,.F.);
#3969 = EDGE_CURVE('',#3945,#3962,#3970,.T.);
#3970 = CIRCLE('',#3971,5.E-02);
#3971 = AXIS2_PLACEMENT_3D('',#3972,#3973,#3974);
#3972 = CARTESIAN_POINT('',(-21.85010444449,-1.320085651834,
    -1.059999689606));
#3973 = DIRECTION('',(-4.371140912996E-08,-8.742273203022E-08,1.));
#3974 = DIRECTION('',(-1.,4.371139210811E-08,-4.371140530859E-08));
#3975 = CYLINDRICAL_SURFACE('',#3976,5.E-02);
#3976 = AXIS2_PLACEMENT_3D('',#3977,#3978,#3979);
#3977 = CARTESIAN_POINT('',(-21.85010437237,-1.320085507586,
    -2.709999689606));
#3978 = DIRECTION('',(-4.371140912996E-08,-8.742273203022E-08,1.));
#3979 = DIRECTION('',(-1.,4.371139210811E-08,-4.371140530859E-08));
#3980 = ADVANCED_FACE('',(#3981),#4017,.T.);
#3981 = FACE_BOUND('',#3982,.T.);
#3982 = EDGE_LOOP('',(#3983,#3993,#4002,#4010));
#3983 = ORIENTED_EDGE('',*,*,#3984,.F.);
#3984 = EDGE_CURVE('',#3985,#3987,#3989,.T.);
#3985 = VERTEX_POINT('',#3986);
#3986 = CARTESIAN_POINT('',(-20.15010486456,-11.83008564746,
    -1.96000053411));
#3987 = VERTEX_POINT('',#3988);
#3988 = CARTESIAN_POINT('',(-20.1501049039,-11.83008572614,
    -1.06000053411));
#3989 = LINE('',#3990,#3991);
#3990 = CARTESIAN_POINT('',(-20.15010483178,-11.83008558189,
    -2.71000053411));
#3991 = VECTOR('',#3992,1.);
#3992 = DIRECTION('',(-4.371140912996E-08,-8.742273203022E-08,1.));
#3993 = ORIENTED_EDGE('',*,*,#3994,.T.);
#3994 = EDGE_CURVE('',#3985,#3995,#3997,.T.);
#3995 = VERTEX_POINT('',#3996);
#3996 = CARTESIAN_POINT('',(-20.10010486237,-11.78008564964,
    -1.960000527553));
#3997 = CIRCLE('',#3998,5.E-02);
#3998 = AXIS2_PLACEMENT_3D('',#3999,#4000,#4001);
#3999 = CARTESIAN_POINT('',(-20.15010486237,-11.78008564746,
    -1.960000529739));
#4000 = DIRECTION('',(-4.371140912996E-08,-8.742273203022E-08,1.));
#4001 = DIRECTION('',(-1.,4.371139210811E-08,-4.371140530859E-08));
#4002 = ORIENTED_EDGE('',*,*,#4003,.F.);
#4003 = EDGE_CURVE('',#4004,#3995,#4006,.T.);
#4004 = VERTEX_POINT('',#4005);
#4005 = CARTESIAN_POINT('',(-20.10010490171,-11.78008572832,
    -1.060000527553));
#4006 = LINE('',#4007,#4008);
#4007 = CARTESIAN_POINT('',(-20.10010482959,-11.78008558408,
    -2.710000527553));
#4008 = VECTOR('',#4009,1.);
#4009 = DIRECTION('',(4.371140912996E-08,8.742273203022E-08,-1.));
#4010 = ORIENTED_EDGE('',*,*,#4011,.F.);
#4011 = EDGE_CURVE('',#3987,#4004,#4012,.T.);
#4012 = CIRCLE('',#4013,5.E-02);
#4013 = AXIS2_PLACEMENT_3D('',#4014,#4015,#4016);
#4014 = CARTESIAN_POINT('',(-20.15010490171,-11.78008572614,
    -1.060000529739));
#4015 = DIRECTION('',(-4.371140912996E-08,-8.742273203022E-08,1.));
#4016 = DIRECTION('',(-1.,4.371139210811E-08,-4.371140530859E-08));
#4017 = CYLINDRICAL_SURFACE('',#4018,5.E-02);
#4018 = AXIS2_PLACEMENT_3D('',#4019,#4020,#4021);
#4019 = CARTESIAN_POINT('',(-20.15010482959,-11.78008558189,
    -2.710000529739));
#4020 = DIRECTION('',(-4.371140912996E-08,-8.742273203022E-08,1.));
#4021 = DIRECTION('',(-1.,4.371139210811E-08,-4.371140530859E-08));
#4022 = ADVANCED_FACE('',(#4023),#4059,.T.);
#4023 = FACE_BOUND('',#4024,.T.);
#4024 = EDGE_LOOP('',(#4025,#4035,#4044,#4052));
#4025 = ORIENTED_EDGE('',*,*,#4026,.F.);
#4026 = EDGE_CURVE('',#4027,#4029,#4031,.T.);
#4027 = VERTEX_POINT('',#4028);
#4028 = CARTESIAN_POINT('',(-20.10010440515,-1.320085649648,
    -1.959999613111));
#4029 = VERTEX_POINT('',#4030);
#4030 = CARTESIAN_POINT('',(-20.10010444449,-1.320085728329,
    -1.059999613111));
#4031 = LINE('',#4032,#4033);
#4032 = CARTESIAN_POINT('',(-20.10010437237,-1.320085584081,
    -2.709999613111));
#4033 = VECTOR('',#4034,1.);
#4034 = DIRECTION('',(-4.371140912996E-08,-8.742273203022E-08,1.));
#4035 = ORIENTED_EDGE('',*,*,#4036,.T.);
#4036 = EDGE_CURVE('',#4027,#4037,#4039,.T.);
#4037 = VERTEX_POINT('',#4038);
#4038 = CARTESIAN_POINT('',(-20.15010440297,-1.270085647462,
    -1.959999610926));
#4039 = CIRCLE('',#4040,5.E-02);
#4040 = AXIS2_PLACEMENT_3D('',#4041,#4042,#4043);
#4041 = CARTESIAN_POINT('',(-20.15010440515,-1.320085647462,
    -1.959999615297));
#4042 = DIRECTION('',(-4.371140912996E-08,-8.742273203022E-08,1.));
#4043 = DIRECTION('',(-1.,4.371139210811E-08,-4.371140530859E-08));
#4044 = ORIENTED_EDGE('',*,*,#4045,.F.);
#4045 = EDGE_CURVE('',#4046,#4037,#4048,.T.);
#4046 = VERTEX_POINT('',#4047);
#4047 = CARTESIAN_POINT('',(-20.15010444231,-1.270085726143,
    -1.059999610926));
#4048 = LINE('',#4049,#4050);
#4049 = CARTESIAN_POINT('',(-20.15010437018,-1.270085581895,
    -2.709999610926));
#4050 = VECTOR('',#4051,1.);
#4051 = DIRECTION('',(4.371140912996E-08,8.742273203022E-08,-1.));
#4052 = ORIENTED_EDGE('',*,*,#4053,.F.);
#4053 = EDGE_CURVE('',#4029,#4046,#4054,.T.);
#4054 = CIRCLE('',#4055,5.E-02);
#4055 = AXIS2_PLACEMENT_3D('',#4056,#4057,#4058);
#4056 = CARTESIAN_POINT('',(-20.15010444449,-1.320085726143,
    -1.059999615297));
#4057 = DIRECTION('',(-4.371140912996E-08,-8.742273203022E-08,1.));
#4058 = DIRECTION('',(-1.,4.371139210811E-08,-4.371140530859E-08));
#4059 = CYLINDRICAL_SURFACE('',#4060,5.E-02);
#4060 = AXIS2_PLACEMENT_3D('',#4061,#4062,#4063);
#4061 = CARTESIAN_POINT('',(-20.15010437237,-1.320085581895,
    -2.709999615297));
#4062 = DIRECTION('',(-4.371140912996E-08,-8.742273203022E-08,1.));
#4063 = DIRECTION('',(-1.,4.371139210811E-08,-4.371140530859E-08));
#4064 = ADVANCED_FACE('',(#4065),#4081,.F.);
#4065 = FACE_BOUND('',#4066,.T.);
#4066 = EDGE_LOOP('',(#4067,#4068,#4074,#4075));
#4067 = ORIENTED_EDGE('',*,*,#3961,.T.);
#4068 = ORIENTED_EDGE('',*,*,#4069,.T.);
#4069 = EDGE_CURVE('',#3953,#3901,#4070,.T.);
#4070 = LINE('',#4071,#4072);
#4071 = CARTESIAN_POINT('',(-21.90010486237,-11.78008557096,
    -1.960000606234));
#4072 = VECTOR('',#4073,1.);
#4073 = DIRECTION('',(-4.371138828674E-08,-1.,-8.742273394091E-08));
#4074 = ORIENTED_EDGE('',*,*,#3900,.T.);
#4075 = ORIENTED_EDGE('',*,*,#4076,.T.);
#4076 = EDGE_CURVE('',#3903,#3962,#4077,.T.);
#4077 = LINE('',#4078,#4079);
#4078 = CARTESIAN_POINT('',(-21.90010444231,-1.270085649648,
    -1.059999687421));
#4079 = VECTOR('',#4080,1.);
#4080 = DIRECTION('',(4.371138828674E-08,1.,8.742273394091E-08));
#4081 = PLANE('',#4082);
#4082 = AXIS2_PLACEMENT_3D('',#4083,#4084,#4085);
#4083 = CARTESIAN_POINT('',(-21.90010437018,-1.270085505401,
    -2.709999687421));
#4084 = DIRECTION('',(1.,-4.371139210811E-08,4.371140530859E-08));
#4085 = DIRECTION('',(-4.371138828674E-08,-1.,-8.742273394091E-08));
#4086 = ADVANCED_FACE('',(#4087),#4153,.F.);
#4087 = FACE_BOUND('',#4088,.T.);
#4088 = EDGE_LOOP('',(#4089,#4090,#4096,#4097,#4105,#4113,#4122,#4130,
    #4139,#4147));
#4089 = ORIENTED_EDGE('',*,*,#3919,.T.);
#4090 = ORIENTED_EDGE('',*,*,#4091,.T.);
#4091 = EDGE_CURVE('',#3911,#3985,#4092,.T.);
#4092 = LINE('',#4093,#4094);
#4093 = CARTESIAN_POINT('',(-20.15010486456,-11.83008564746,
    -1.96000053411));
#4094 = VECTOR('',#4095,1.);
#4095 = DIRECTION('',(1.,-4.371139210811E-08,4.371140530859E-08));
#4096 = ORIENTED_EDGE('',*,*,#3984,.T.);
#4097 = ORIENTED_EDGE('',*,*,#4098,.T.);
#4098 = EDGE_CURVE('',#3987,#4099,#4101,.T.);
#4099 = VERTEX_POINT('',#4100);
#4100 = CARTESIAN_POINT('',(-20.5001049039,-11.83008571084,
    -1.060000549409));
#4101 = LINE('',#4102,#4103);
#4102 = CARTESIAN_POINT('',(-21.9001049039,-11.83008564964,
    -1.060000610605));
#4103 = VECTOR('',#4104,1.);
#4104 = DIRECTION('',(-1.,4.371139210811E-08,-4.371140530859E-08));
#4105 = ORIENTED_EDGE('',*,*,#4106,.T.);
#4106 = EDGE_CURVE('',#4099,#4107,#4109,.T.);
#4107 = VERTEX_POINT('',#4108);
#4108 = CARTESIAN_POINT('',(-20.50010489734,-11.83008569773,
    -1.210000549409));
#4109 = LINE('',#4110,#4111);
#4110 = CARTESIAN_POINT('',(-20.50010483178,-11.83008556659,
    -2.710000549409));
#4111 = VECTOR('',#4112,1.);
#4112 = DIRECTION('',(4.371140912996E-08,8.742273203022E-08,-1.));
#4113 = ORIENTED_EDGE('',*,*,#4114,.F.);
#4114 = EDGE_CURVE('',#4115,#4107,#4117,.T.);
#4115 = VERTEX_POINT('',#4116);
#4116 = CARTESIAN_POINT('',(-20.60010489297,-11.83008568461,
    -1.31000055378));
#4117 = CIRCLE('',#4118,1.E-01);
#4118 = AXIS2_PLACEMENT_3D('',#4119,#4120,#4121);
#4119 = CARTESIAN_POINT('',(-20.60010489734,-11.83008569335,
    -1.21000055378));
#4120 = DIRECTION('',(-4.371138828674E-08,-1.,-8.742273394091E-08));
#4121 = DIRECTION('',(1.,-4.371139210811E-08,4.371140530859E-08));
#4122 = ORIENTED_EDGE('',*,*,#4123,.T.);
#4123 = EDGE_CURVE('',#4115,#4124,#4126,.T.);
#4124 = VERTEX_POINT('',#4125);
#4125 = CARTESIAN_POINT('',(-21.40010489297,-11.83008564964,
    -1.310000588749));
#4126 = LINE('',#4127,#4128);
#4127 = CARTESIAN_POINT('',(-21.90010489297,-11.83008562779,
    -1.310000610605));
#4128 = VECTOR('',#4129,1.);
#4129 = DIRECTION('',(-1.,4.371139210811E-08,-4.371140530859E-08));
#4130 = ORIENTED_EDGE('',*,*,#4131,.F.);
#4131 = EDGE_CURVE('',#4132,#4124,#4134,.T.);
#4132 = VERTEX_POINT('',#4133);
#4133 = CARTESIAN_POINT('',(-21.50010489734,-11.83008565401,
    -1.21000059312));
#4134 = CIRCLE('',#4135,1.E-01);
#4135 = AXIS2_PLACEMENT_3D('',#4136,#4137,#4138);
#4136 = CARTESIAN_POINT('',(-21.40010489734,-11.83008565839,
    -1.210000588749));
#4137 = DIRECTION('',(-4.371138828674E-08,-1.,-8.742273394091E-08));
#4138 = DIRECTION('',(1.,-4.371139210811E-08,4.371140530859E-08));
#4139 = ORIENTED_EDGE('',*,*,#4140,.T.);
#4140 = EDGE_CURVE('',#4132,#4141,#4143,.T.);
#4141 = VERTEX_POINT('',#4142);
#4142 = CARTESIAN_POINT('',(-21.5001049039,-11.83008566713,
    -1.06000059312));
#4143 = LINE('',#4144,#4145);
#4144 = CARTESIAN_POINT('',(-21.50010483178,-11.83008552288,
    -2.71000059312));
#4145 = VECTOR('',#4146,1.);
#4146 = DIRECTION('',(-4.371140912996E-08,-8.742273203022E-08,1.));
#4147 = ORIENTED_EDGE('',*,*,#4148,.T.);
#4148 = EDGE_CURVE('',#4141,#3920,#4149,.T.);
#4149 = LINE('',#4150,#4151);
#4150 = CARTESIAN_POINT('',(-21.9001049039,-11.83008564964,
    -1.060000610605));
#4151 = VECTOR('',#4152,1.);
#4152 = DIRECTION('',(-1.,4.371139210811E-08,-4.371140530859E-08));
#4153 = PLANE('',#4154);
#4154 = AXIS2_PLACEMENT_3D('',#4155,#4156,#4157);
#4155 = CARTESIAN_POINT('',(-21.90010483178,-11.8300855054,
    -2.710000610605));
#4156 = DIRECTION('',(4.371138828674E-08,1.,8.742273394091E-08));
#4157 = DIRECTION('',(1.,-4.371139210811E-08,4.371140530859E-08));
#4158 = ADVANCED_FACE('',(#4159),#4175,.F.);
#4159 = FACE_BOUND('',#4160,.T.);
#4160 = EDGE_LOOP('',(#4161,#4162,#4168,#4169));
#4161 = ORIENTED_EDGE('',*,*,#4003,.T.);
#4162 = ORIENTED_EDGE('',*,*,#4163,.T.);
#4163 = EDGE_CURVE('',#3995,#4027,#4164,.T.);
#4164 = LINE('',#4165,#4166);
#4165 = CARTESIAN_POINT('',(-20.10010440515,-1.320085649648,
    -1.959999613111));
#4166 = VECTOR('',#4167,1.);
#4167 = DIRECTION('',(4.371138827647E-08,1.,8.742273394091E-08));
#4168 = ORIENTED_EDGE('',*,*,#4026,.T.);
#4169 = ORIENTED_EDGE('',*,*,#4170,.T.);
#4170 = EDGE_CURVE('',#4029,#4004,#4171,.T.);
#4171 = LINE('',#4172,#4173);
#4172 = CARTESIAN_POINT('',(-20.10010444231,-1.270085728329,
    -1.05999960874));
#4173 = VECTOR('',#4174,1.);
#4174 = DIRECTION('',(-4.371138827647E-08,-1.,-8.742273394091E-08));
#4175 = PLANE('',#4176);
#4176 = AXIS2_PLACEMENT_3D('',#4177,#4178,#4179);
#4177 = CARTESIAN_POINT('',(-20.10010437018,-1.270085584081,
    -2.70999960874));
#4178 = DIRECTION('',(-1.,4.371139209784E-08,-4.371140530859E-08));
#4179 = DIRECTION('',(-4.371140912996E-08,-8.742273203022E-08,1.));
#4180 = ADVANCED_FACE('',(#4181),#4247,.F.);
#4181 = FACE_BOUND('',#4182,.T.);
#4182 = EDGE_LOOP('',(#4183,#4184,#4190,#4191,#4199,#4207,#4216,#4224,
    #4233,#4241));
#4183 = ORIENTED_EDGE('',*,*,#4045,.T.);
#4184 = ORIENTED_EDGE('',*,*,#4185,.T.);
#4185 = EDGE_CURVE('',#4037,#3943,#4186,.T.);
#4186 = LINE('',#4187,#4188);
#4187 = CARTESIAN_POINT('',(-21.85010440297,-1.270085573153,
    -1.959999685235));
#4188 = VECTOR('',#4189,1.);
#4189 = DIRECTION('',(-1.,4.371139210811E-08,-4.371140530859E-08));
#4190 = ORIENTED_EDGE('',*,*,#3942,.T.);
#4191 = ORIENTED_EDGE('',*,*,#4192,.T.);
#4192 = EDGE_CURVE('',#3945,#4193,#4195,.T.);
#4193 = VERTEX_POINT('',#4194);
#4194 = CARTESIAN_POINT('',(-21.50010444231,-1.270085667133,
    -1.059999669936));
#4195 = LINE('',#4196,#4197);
#4196 = CARTESIAN_POINT('',(-21.90010444231,-1.270085649648,
    -1.059999687421));
#4197 = VECTOR('',#4198,1.);
#4198 = DIRECTION('',(1.,-4.371139210811E-08,4.371140530859E-08));
#4199 = ORIENTED_EDGE('',*,*,#4200,.T.);
#4200 = EDGE_CURVE('',#4193,#4201,#4203,.T.);
#4201 = VERTEX_POINT('',#4202);
#4202 = CARTESIAN_POINT('',(-21.50010443575,-1.270085654019,
    -1.209999669936));
#4203 = LINE('',#4204,#4205);
#4204 = CARTESIAN_POINT('',(-21.50010437018,-1.270085522885,
    -2.709999669936));
#4205 = VECTOR('',#4206,1.);
#4206 = DIRECTION('',(4.371140912996E-08,8.742273203022E-08,-1.));
#4207 = ORIENTED_EDGE('',*,*,#4208,.F.);
#4208 = EDGE_CURVE('',#4209,#4201,#4211,.T.);
#4209 = VERTEX_POINT('',#4210);
#4210 = CARTESIAN_POINT('',(-21.40010443138,-1.270085649648,
    -1.309999665565));
#4211 = CIRCLE('',#4212,1.E-01);
#4212 = AXIS2_PLACEMENT_3D('',#4213,#4214,#4215);
#4213 = CARTESIAN_POINT('',(-21.40010443575,-1.27008565839,
    -1.209999665565));
#4214 = DIRECTION('',(4.371138828674E-08,1.,8.742273394091E-08));
#4215 = DIRECTION('',(-1.,4.371139210811E-08,-4.371140530859E-08));
#4216 = ORIENTED_EDGE('',*,*,#4217,.T.);
#4217 = EDGE_CURVE('',#4209,#4218,#4220,.T.);
#4218 = VERTEX_POINT('',#4219);
#4219 = CARTESIAN_POINT('',(-20.60010443138,-1.270085684617,
    -1.309999630596));
#4220 = LINE('',#4221,#4222);
#4221 = CARTESIAN_POINT('',(-21.90010443138,-1.270085627792,
    -1.309999687421));
#4222 = VECTOR('',#4223,1.);
#4223 = DIRECTION('',(1.,-4.371139210811E-08,4.371140530859E-08));
#4224 = ORIENTED_EDGE('',*,*,#4225,.F.);
#4225 = EDGE_CURVE('',#4226,#4218,#4228,.T.);
#4226 = VERTEX_POINT('',#4227);
#4227 = CARTESIAN_POINT('',(-20.50010443575,-1.270085697731,
    -1.209999626225));
#4228 = CIRCLE('',#4229,1.E-01);
#4229 = AXIS2_PLACEMENT_3D('',#4230,#4231,#4232);
#4230 = CARTESIAN_POINT('',(-20.60010443575,-1.270085693359,
    -1.209999630596));
#4231 = DIRECTION('',(4.371138828674E-08,1.,8.742273394091E-08));
#4232 = DIRECTION('',(-1.,4.371139210811E-08,-4.371140530859E-08));
#4233 = ORIENTED_EDGE('',*,*,#4234,.T.);
#4234 = EDGE_CURVE('',#4226,#4235,#4237,.T.);
#4235 = VERTEX_POINT('',#4236);
#4236 = CARTESIAN_POINT('',(-20.50010444231,-1.270085710844,
    -1.059999626225));
#4237 = LINE('',#4238,#4239);
#4238 = CARTESIAN_POINT('',(-20.50010437018,-1.270085566596,
    -2.709999626225));
#4239 = VECTOR('',#4240,1.);
#4240 = DIRECTION('',(-4.371140912996E-08,-8.742273203022E-08,1.));
#4241 = ORIENTED_EDGE('',*,*,#4242,.T.);
#4242 = EDGE_CURVE('',#4235,#4046,#4243,.T.);
#4243 = LINE('',#4244,#4245);
#4244 = CARTESIAN_POINT('',(-21.90010444231,-1.270085649648,
    -1.059999687421));
#4245 = VECTOR('',#4246,1.);
#4246 = DIRECTION('',(1.,-4.371139210811E-08,4.371140530859E-08));
#4247 = PLANE('',#4248);
#4248 = AXIS2_PLACEMENT_3D('',#4249,#4250,#4251);
#4249 = CARTESIAN_POINT('',(-21.90010437018,-1.270085505401,
    -2.709999687421));
#4250 = DIRECTION('',(-4.371138828674E-08,-1.,-8.742273394091E-08));
#4251 = DIRECTION('',(4.371140912996E-08,8.742273203022E-08,-1.));
#4252 = ADVANCED_FACE('',(#4253),#4331,.T.);
#4253 = FACE_BOUND('',#4254,.T.);
#4254 = EDGE_LOOP('',(#4255,#4286,#4295,#4324));
#4255 = ORIENTED_EDGE('',*,*,#4256,.T.);
#4256 = EDGE_CURVE('',#4257,#4259,#4261,.T.);
#4257 = VERTEX_POINT('',#4258);
#4258 = CARTESIAN_POINT('',(-20.8501045894,-1.955085929838,
    1.620000298592));
#4259 = VERTEX_POINT('',#4260);
#4260 = CARTESIAN_POINT('',(-20.97010459989,-2.075085935083,
    1.740000282856));
#4261 = B_SPLINE_CURVE_WITH_KNOTS('',3,(#4262,#4263,#4264,#4265,#4266,
    #4267,#4268,#4269,#4270,#4271,#4272,#4273,#4274,#4275,#4276,#4277,
    #4278,#4279,#4280,#4281,#4282,#4283,#4284,#4285),.UNSPECIFIED.,.F.,
  .F.,(4,2,2,1,2,2,2,2,2,1,2,2,4),(0.,0.125,0.1875,0.21875,0.234375,0.25
    ,0.5,0.625,0.6875,0.71875,0.734375,0.75,1.),.UNSPECIFIED.);
#4262 = CARTESIAN_POINT('',(-20.8501045894,-1.955085929838,
    1.620000298592));
#4263 = CARTESIAN_POINT('',(-20.85010458946,-1.95508592996,
    1.621393442148));
#4264 = CARTESIAN_POINT('',(-20.8518616388,-1.957341087728,
    1.624718621379));
#4265 = CARTESIAN_POINT('',(-20.85858854217,-1.964106560879,
    1.633653242582));
#4266 = CARTESIAN_POINT('',(-20.86149791752,-1.966925508012,
    1.637269553266));
#4267 = CARTESIAN_POINT('',(-20.86677383451,-1.971999612823,
    1.643491264585));
#4268 = CARTESIAN_POINT('',(-20.86963576062,-1.974748086256,
    1.64679744872));
#4269 = CARTESIAN_POINT('',(-20.87278195314,-1.977813691229,
    1.650333664058));
#4270 = CARTESIAN_POINT('',(-20.87493469171,-1.979927901552,
    1.652733407203));
#4271 = CARTESIAN_POINT('',(-20.87677853248,-1.981759908926,
    1.654766432524));
#4272 = CARTESIAN_POINT('',(-20.88337368753,-1.988354437763,
    1.662005286168));
#4273 = CARTESIAN_POINT('',(-20.89232852717,-1.997309936065,
    1.671669466092));
#4274 = CARTESIAN_POINT('',(-20.91423260993,-2.019213913036,
    1.693479670513));
#4275 = CARTESIAN_POINT('',(-20.92057703345,-2.025422054741,
    1.699574541479));
#4276 = CARTESIAN_POINT('',(-20.92823272002,-2.033094491373,
    1.70678497634));
#4277 = CARTESIAN_POINT('',(-20.93048886059,-2.035378674263,
    1.708880108997));
#4278 = CARTESIAN_POINT('',(-20.93346007101,-2.038395004622,
    1.71161288927));
#4279 = CARTESIAN_POINT('',(-20.93484292188,-2.039800683807,
    1.712877170979));
#4280 = CARTESIAN_POINT('',(-20.93608025815,-2.041052634002,
    1.713999967467));
#4281 = CARTESIAN_POINT('',(-20.93687385126,-2.041853105467,
    1.714718369954));
#4282 = CARTESIAN_POINT('',(-20.93642985367,-2.041410958636,
    1.714319183765));
#4283 = CARTESIAN_POINT('',(-20.95667928992,-2.061664338723,
    1.732560731778));
#4284 = CARTESIAN_POINT('',(-20.96751087001,-2.072492205705,
    1.740000283194));
#4285 = CARTESIAN_POINT('',(-20.97010459989,-2.075085935083,
    1.740000282856));
#4286 = ORIENTED_EDGE('',*,*,#4287,.F.);
#4287 = EDGE_CURVE('',#4288,#4259,#4290,.T.);
#4288 = VERTEX_POINT('',#4289);
#4289 = CARTESIAN_POINT('',(-20.97010460251,-2.135085935083,
    1.74000027761));
#4290 = B_SPLINE_CURVE_WITH_KNOTS('',3,(#4291,#4292,#4293,#4294),
  .UNSPECIFIED.,.F.,.F.,(4,4),(0.,1.),.PIECEWISE_BEZIER_KNOTS.);
#4291 = CARTESIAN_POINT('',(-20.97010460251,-2.135085935083,
    1.74000027761));
#4292 = CARTESIAN_POINT('',(-20.97010460163,-2.115085935083,
    1.740000279359));
#4293 = CARTESIAN_POINT('',(-20.97010460076,-2.095085935083,
    1.740000281107));
#4294 = CARTESIAN_POINT('',(-20.97010459989,-2.075085935083,
    1.740000282856));
#4295 = ORIENTED_EDGE('',*,*,#4296,.T.);
#4296 = EDGE_CURVE('',#4288,#4297,#4299,.T.);
#4297 = VERTEX_POINT('',#4298);
#4298 = CARTESIAN_POINT('',(-20.85010460251,-2.255085929838,
    1.620000272365));
#4299 = B_SPLINE_CURVE_WITH_KNOTS('',3,(#4300,#4301,#4302,#4303,#4304,
    #4305,#4306,#4307,#4308,#4309,#4310,#4311,#4312,#4313,#4314,#4315,
    #4316,#4317,#4318,#4319,#4320,#4321,#4322,#4323),.UNSPECIFIED.,.F.,
  .F.,(4,2,2,1,2,2,2,2,2,1,2,2,4),(0.,0.125,0.1875,0.21875,0.234375,0.25
    ,0.5,0.625,0.6875,0.71875,0.734375,0.75,1.),.UNSPECIFIED.);
#4300 = CARTESIAN_POINT('',(-20.97010460251,-2.135085935083,
    1.74000027761));
#4301 = CARTESIAN_POINT('',(-20.96880815268,-2.136382385154,
    1.740000277553));
#4302 = CARTESIAN_POINT('',(-20.9658515572,-2.139737576861,
    1.738504296865));
#4303 = CARTESIAN_POINT('',(-20.95776748597,-2.147858476798,
    1.73254016202));
#4304 = CARTESIAN_POINT('',(-20.95447531636,-2.151080128839,
    1.729938658568));
#4305 = CARTESIAN_POINT('',(-20.94870770985,-2.156684634993,
    1.725118677133));
#4306 = CARTESIAN_POINT('',(-20.94561977812,-2.159679895092,
    1.722482326115));
#4307 = CARTESIAN_POINT('',(-20.94226812203,-2.162964665727,
    1.719537112226));
#4308 = CARTESIAN_POINT('',(-20.93998180332,-2.165218848492,
    1.717510564341));
#4309 = CARTESIAN_POINT('',(-20.9379864336,-2.167204160192,
    1.715721401008));
#4310 = CARTESIAN_POINT('',(-20.93177410378,-2.173415527993,
    1.710125070162));
#4311 = CARTESIAN_POINT('',(-20.92056078305,-2.184629659372,
    1.699780700986));
#4312 = CARTESIAN_POINT('',(-20.90011649421,-2.205074088672,
    1.67942402863));
#4313 = CARTESIAN_POINT('',(-20.89412293831,-2.210961890391,
    1.673260363706));
#4314 = CARTESIAN_POINT('',(-20.88669216504,-2.218403080929,
    1.665461590933));
#4315 = CARTESIAN_POINT('',(-20.88446498005,-2.220651725768,
    1.663092820584));
#4316 = CARTESIAN_POINT('',(-20.88147557908,-2.223677065016,
    1.659881381838));
#4317 = CARTESIAN_POINT('',(-20.88006828451,-2.225102827638,
    1.658360580625));
#4318 = CARTESIAN_POINT('',(-20.87878490833,-2.226398229755,
    1.656962801474));
#4319 = CARTESIAN_POINT('',(-20.87795595125,-2.227232862166,
    1.656057645186));
#4320 = CARTESIAN_POINT('',(-20.87829393009,-2.226896462357,
    1.656429702588));
#4321 = CARTESIAN_POINT('',(-20.85912750846,-2.246065300571,
    1.635392599737));
#4322 = CARTESIAN_POINT('',(-20.85010460269,-2.255085930082,
    1.622787026911));
#4323 = CARTESIAN_POINT('',(-20.85010460251,-2.255085929838,
    1.620000272365));
#4324 = ORIENTED_EDGE('',*,*,#4325,.F.);
#4325 = EDGE_CURVE('',#4257,#4297,#4326,.T.);
#4326 = B_SPLINE_CURVE_WITH_KNOTS('',3,(#4327,#4328,#4329,#4330),
  .UNSPECIFIED.,.F.,.F.,(4,4),(0.,1.),.PIECEWISE_BEZIER_KNOTS.);
#4327 = CARTESIAN_POINT('',(-20.8501045894,-1.955085929838,
    1.620000298592));
#4328 = CARTESIAN_POINT('',(-20.85010459377,-2.055085929838,
    1.620000289849));
#4329 = CARTESIAN_POINT('',(-20.85010459814,-2.155085929838,
    1.620000281107));
#4330 = CARTESIAN_POINT('',(-20.85010460251,-2.255085929838,
    1.620000272365));
#4331 = ( BOUNDED_SURFACE() B_SPLINE_SURFACE(2,3,(
    (#4332,#4333,#4334,#4335,#4336,#4337,#4338,#4339)
    ,(#4340,#4341,#4342,#4343,#4344,#4345,#4346,#4347)
    ,(#4348,#4349,#4350,#4351,#4352,#4353,#4354,#4355
)),.UNSPECIFIED.,.F.,.F.,.F.) B_SPLINE_SURFACE_WITH_KNOTS((3,3),(4,2,2,4
    ),(0.,1.),(-3.15E-04,-1.8E-04,-1.2E-04,1.5E-05),.UNSPECIFIED.) 
GEOMETRIC_REPRESENTATION_ITEM() RATIONAL_B_SPLINE_SURFACE((
    (1.,1.,1.,1.,1.,1.,1.,1.)
    ,(8.485281374239E-02,8.485281374239E-02,8.485281374239E-02
      ,8.485281374239E-02,8.485281374239E-02,8.485281374239E-02
      ,8.485281374239E-02,8.485281374239E-02)
,(1.,1.,1.,1.,1.,1.,1.,1.))) REPRESENTATION_ITEM('') SURFACE() );
#4332 = CARTESIAN_POINT('',(-20.97010460841,-2.270085935083,
    1.740000265808));
#4333 = CARTESIAN_POINT('',(-20.97010460644,-2.225085935083,
    1.740000269742));
#4334 = CARTESIAN_POINT('',(-20.97010460448,-2.180085935083,
    1.740000273676));
#4335 = CARTESIAN_POINT('',(-20.97010460163,-2.115085935083,
    1.740000279359));
#4336 = CARTESIAN_POINT('',(-20.97010460076,-2.095085935083,
    1.740000281107));
#4337 = CARTESIAN_POINT('',(-20.97010459792,-2.030085935083,
    1.74000028679));
#4338 = CARTESIAN_POINT('',(-20.97010459595,-1.985085935083,
    1.740000290724));
#4339 = CARTESIAN_POINT('',(-20.97010459399,-1.940085935083,
    1.740000294658));
#4340 = CARTESIAN_POINT('',(-20.85010460841,-2.270085940329,
    1.740000271053));
#4341 = CARTESIAN_POINT('',(-20.85010460644,-2.225085940329,
    1.740000274987));
#4342 = CARTESIAN_POINT('',(-20.85010460448,-2.180085940329,
    1.740000278921));
#4343 = CARTESIAN_POINT('',(-20.85010460163,-2.115085940329,
    1.740000284604));
#4344 = CARTESIAN_POINT('',(-20.85010460076,-2.095085940329,
    1.740000286352));
#4345 = CARTESIAN_POINT('',(-20.85010459792,-2.030085940329,
    1.740000292035));
#4346 = CARTESIAN_POINT('',(-20.85010459595,-1.985085940329,
    1.740000295969));
#4347 = CARTESIAN_POINT('',(-20.85010459399,-1.940085940329,
    1.740000299903));
#4348 = CARTESIAN_POINT('',(-20.85010460316,-2.270085929838,
    1.620000271053));
#4349 = CARTESIAN_POINT('',(-20.8501046012,-2.225085929838,
    1.620000274987));
#4350 = CARTESIAN_POINT('',(-20.85010459923,-2.180085929838,
    1.620000278921));
#4351 = CARTESIAN_POINT('',(-20.85010459639,-2.115085929838,
    1.620000284604));
#4352 = CARTESIAN_POINT('',(-20.85010459552,-2.095085929838,
    1.620000286352));
#4353 = CARTESIAN_POINT('',(-20.85010459267,-2.030085929838,
    1.620000292035));
#4354 = CARTESIAN_POINT('',(-20.85010459071,-1.985085929838,
    1.620000295969));
#4355 = CARTESIAN_POINT('',(-20.85010458874,-1.940085929838,
    1.620000299903));
#4356 = ADVANCED_FACE('',(#4357),#4405,.T.);
#4357 = FACE_BOUND('',#4358,.T.);
#4358 = EDGE_LOOP('',(#4359,#4390,#4397,#4398));
#4359 = ORIENTED_EDGE('',*,*,#4360,.T.);
#4360 = EDGE_CURVE('',#4361,#4363,#4365,.T.);
#4361 = VERTEX_POINT('',#4362);
#4362 = CARTESIAN_POINT('',(-21.03010460251,-2.135085932461,
    1.740000274987));
#4363 = VERTEX_POINT('',#4364);
#4364 = CARTESIAN_POINT('',(-21.15010460251,-2.255085916724,
    1.620000259251));
#4365 = B_SPLINE_CURVE_WITH_KNOTS('',3,(#4366,#4367,#4368,#4369,#4370,
    #4371,#4372,#4373,#4374,#4375,#4376,#4377,#4378,#4379,#4380,#4381,
    #4382,#4383,#4384,#4385,#4386,#4387,#4388,#4389),.UNSPECIFIED.,.F.,
  .F.,(4,2,2,1,2,2,2,2,2,1,2,2,4),(0.,0.125,0.1875,0.21875,0.234375,0.25
    ,0.5,0.625,0.6875,0.71875,0.734375,0.75,1.),.UNSPECIFIED.);
#4366 = CARTESIAN_POINT('',(-21.03010460251,-2.135085932461,
    1.740000274987));
#4367 = CARTESIAN_POINT('',(-21.03140105258,-2.136382382287,
    1.740000274816));
#4368 = CARTESIAN_POINT('',(-21.03475624435,-2.139338977577,
    1.738504293887));
#4369 = CARTESIAN_POINT('',(-21.04287714455,-2.147423048024,
    1.732540158335));
#4370 = CARTESIAN_POINT('',(-21.04609879671,-2.150715217291,
    1.729938654592));
#4371 = CARTESIAN_POINT('',(-21.05170330307,-2.156482823175,
    1.725118672645));
#4372 = CARTESIAN_POINT('',(-21.05469856328,-2.159570754554,
    1.722482321354));
#4373 = CARTESIAN_POINT('',(-21.05798333405,-2.162922410258,
    1.71953710717));
#4374 = CARTESIAN_POINT('',(-21.0602375169,-2.165208728704,
    1.717510559085));
#4375 = CARTESIAN_POINT('',(-21.06222282868,-2.167204098182,
    1.715721395578));
#4376 = CARTESIAN_POINT('',(-21.06843419674,-2.173416427289,
    1.710125064176));
#4377 = CARTESIAN_POINT('',(-21.07964832856,-2.184629746652,
    1.699780694028));
#4378 = CARTESIAN_POINT('',(-21.10009275874,-2.205074032813,
    1.67942401989));
#4379 = CARTESIAN_POINT('',(-21.10598056073,-2.211067587908,
    1.673260354439));
#4380 = CARTESIAN_POINT('',(-21.11342175161,-2.218498360151,
    1.665461581016));
#4381 = CARTESIAN_POINT('',(-21.11567039655,-2.220725544837,
    1.663092810474));
#4382 = CARTESIAN_POINT('',(-21.11869573594,-2.223714945379,
    1.659881371467));
#4383 = CARTESIAN_POINT('',(-21.12012149863,-2.225122239749,
    1.658360570131));
#4384 = CARTESIAN_POINT('',(-21.12141690081,-2.226405615754,
    1.656962790868));
#4385 = CARTESIAN_POINT('',(-21.12225153326,-2.227234572714,
    1.656057634508));
#4386 = CARTESIAN_POINT('',(-21.12191513344,-2.226896593924,
    1.656429691939));
#4387 = CARTESIAN_POINT('',(-21.14108397257,-2.24606301279,
    1.635392587414));
#4388 = CARTESIAN_POINT('',(-21.15010460263,-2.255085916906,
    1.622787013798));
#4389 = CARTESIAN_POINT('',(-21.15010460251,-2.255085916724,
    1.620000259251));
#4390 = ORIENTED_EDGE('',*,*,#4391,.F.);
#4391 = EDGE_CURVE('',#4297,#4363,#4392,.T.);
#4392 = B_SPLINE_CURVE_WITH_KNOTS('',3,(#4393,#4394,#4395,#4396),
  .UNSPECIFIED.,.F.,.F.,(4,4),(0.,1.),.PIECEWISE_BEZIER_KNOTS.);
#4393 = CARTESIAN_POINT('',(-20.85010460251,-2.255085929838,
    1.620000272365));
#4394 = CARTESIAN_POINT('',(-20.95010460251,-2.255085925467,
    1.620000267994));
#4395 = CARTESIAN_POINT('',(-21.05010460251,-2.255085921096,
    1.620000263623));
#4396 = CARTESIAN_POINT('',(-21.15010460251,-2.255085916724,
    1.620000259251));
#4397 = ORIENTED_EDGE('',*,*,#4296,.F.);
#4398 = ORIENTED_EDGE('',*,*,#4399,.F.);
#4399 = EDGE_CURVE('',#4361,#4288,#4400,.T.);
#4400 = B_SPLINE_CURVE_WITH_KNOTS('',3,(#4401,#4402,#4403,#4404),
  .UNSPECIFIED.,.F.,.F.,(4,4),(0.,1.),.PIECEWISE_BEZIER_KNOTS.);
#4401 = CARTESIAN_POINT('',(-21.03010460251,-2.135085932461,
    1.740000274987));
#4402 = CARTESIAN_POINT('',(-21.01010460251,-2.135085933335,
    1.740000275862));
#4403 = CARTESIAN_POINT('',(-20.99010460251,-2.135085934209,
    1.740000276736));
#4404 = CARTESIAN_POINT('',(-20.97010460251,-2.135085935083,
    1.74000027761));
#4405 = ( BOUNDED_SURFACE() B_SPLINE_SURFACE(2,3,(
    (#4406,#4407,#4408,#4409,#4410,#4411,#4412,#4413)
    ,(#4414,#4415,#4416,#4417,#4418,#4419,#4420,#4421)
    ,(#4422,#4423,#4424,#4425,#4426,#4427,#4428,#4429
)),.UNSPECIFIED.,.F.,.F.,.F.) B_SPLINE_SURFACE_WITH_KNOTS((3,3),(4,2,2,4
    ),(0.,1.),(-1.65E-04,-2.999999999999E-05,3.000000000001E-05,1.65E-04
),.UNSPECIFIED.) GEOMETRIC_REPRESENTATION_ITEM() 
RATIONAL_B_SPLINE_SURFACE((
    (1.,1.,1.,1.,1.,1.,1.,1.)
    ,(8.485281374239E-02,8.485281374239E-02,8.485281374239E-02
      ,8.485281374239E-02,8.485281374239E-02,8.485281374239E-02
      ,8.485281374239E-02,8.485281374239E-02)
,(1.,1.,1.,1.,1.,1.,1.,1.))) REPRESENTATION_ITEM('') SURFACE() );
#4406 = CARTESIAN_POINT('',(-21.16510460251,-2.13508592656,
    1.740000269086));
#4407 = CARTESIAN_POINT('',(-21.12010460251,-2.135085928527,
    1.740000271053));
#4408 = CARTESIAN_POINT('',(-21.07510460251,-2.135085930494,
    1.74000027302));
#4409 = CARTESIAN_POINT('',(-21.01010460251,-2.135085933335,
    1.740000275862));
#4410 = CARTESIAN_POINT('',(-20.99010460251,-2.135085934209,
    1.740000276736));
#4411 = CARTESIAN_POINT('',(-20.92510460251,-2.13508593705,
    1.740000279577));
#4412 = CARTESIAN_POINT('',(-20.88010460251,-2.135085939017,
    1.740000281544));
#4413 = CARTESIAN_POINT('',(-20.83510460251,-2.135085940984,
    1.740000283511));
#4414 = CARTESIAN_POINT('',(-21.16510460775,-2.25508592656,
    1.740000258596));
#4415 = CARTESIAN_POINT('',(-21.12010460775,-2.255085928527,
    1.740000260563));
#4416 = CARTESIAN_POINT('',(-21.07510460775,-2.255085930494,
    1.74000026253));
#4417 = CARTESIAN_POINT('',(-21.01010460775,-2.255085933335,
    1.740000265371));
#4418 = CARTESIAN_POINT('',(-20.99010460775,-2.255085934209,
    1.740000266245));
#4419 = CARTESIAN_POINT('',(-20.92510460775,-2.25508593705,
    1.740000269086));
#4420 = CARTESIAN_POINT('',(-20.88010460775,-2.255085939017,
    1.740000271053));
#4421 = CARTESIAN_POINT('',(-20.83510460775,-2.255085940984,
    1.74000027302));
#4422 = CARTESIAN_POINT('',(-21.16510460251,-2.255085916069,
    1.620000258596));
#4423 = CARTESIAN_POINT('',(-21.12010460251,-2.255085918036,
    1.620000260563));
#4424 = CARTESIAN_POINT('',(-21.07510460251,-2.255085920003,
    1.62000026253));
#4425 = CARTESIAN_POINT('',(-21.01010460251,-2.255085922844,
    1.620000265371));
#4426 = CARTESIAN_POINT('',(-20.99010460251,-2.255085923718,
    1.620000266245));
#4427 = CARTESIAN_POINT('',(-20.92510460251,-2.25508592656,
    1.620000269086));
#4428 = CARTESIAN_POINT('',(-20.88010460251,-2.255085928527,
    1.620000271053));
#4429 = CARTESIAN_POINT('',(-20.83510460251,-2.255085930494,
    1.62000027302));
#4430 = ADVANCED_FACE('',(#4431),#4479,.T.);
#4431 = FACE_BOUND('',#4432,.T.);
#4432 = EDGE_LOOP('',(#4433,#4464,#4471,#4472));
#4433 = ORIENTED_EDGE('',*,*,#4434,.T.);
#4434 = EDGE_CURVE('',#4435,#4437,#4439,.T.);
#4435 = VERTEX_POINT('',#4436);
#4436 = CARTESIAN_POINT('',(-21.1501045894,-1.955085916724,
    1.620000285478));
#4437 = VERTEX_POINT('',#4438);
#4438 = CARTESIAN_POINT('',(-21.03010459989,-2.075085932461,
    1.740000280233));
#4439 = B_SPLINE_CURVE_WITH_KNOTS('',3,(#4440,#4441,#4442,#4443,#4444,
    #4445,#4446,#4447,#4448,#4449,#4450,#4451,#4452,#4453,#4454,#4455,
    #4456,#4457,#4458,#4459,#4460,#4461,#4462,#4463),.UNSPECIFIED.,.F.,
  .F.,(4,2,2,1,2,2,2,2,2,1,2,2,4),(0.,0.125,0.1875,0.21875,0.234375,0.25
    ,0.5,0.625,0.6875,0.71875,0.734375,0.75,1.),.UNSPECIFIED.);
#4440 = CARTESIAN_POINT('',(-21.1501045894,-1.955085916724,
    1.620000285478));
#4441 = CARTESIAN_POINT('',(-21.15010458946,-1.955085916847,
    1.621393429035));
#4442 = CARTESIAN_POINT('',(-21.14784943212,-1.956842966333,
    1.624718608485));
#4443 = CARTESIAN_POINT('',(-21.14108396014,-1.963569870097,
    1.633653230282));
#4444 = CARTESIAN_POINT('',(-21.13826501349,-1.966479245604,
    1.637269541208));
#4445 = CARTESIAN_POINT('',(-21.13319090949,-1.971755162869,
    1.643491252961));
#4446 = CARTESIAN_POINT('',(-21.13044243649,-1.974617089118,
    1.646797437332));
#4447 = CARTESIAN_POINT('',(-21.12737683198,-1.977763281798,
    1.650333652934));
#4448 = CARTESIAN_POINT('',(-21.12526262197,-1.979916020469,
    1.652733396262));
#4449 = CARTESIAN_POINT('',(-21.12343061487,-1.981759861324,
    1.654766421743));
#4450 = CARTESIAN_POINT('',(-21.11683608698,-1.988355016699,
    1.662005275965));
#4451 = CARTESIAN_POINT('',(-21.10788058995,-1.997309856754,
    1.671669456667));
#4452 = CARTESIAN_POINT('',(-21.08597661583,-2.019213940474,
    1.693479663008));
#4453 = CARTESIAN_POINT('',(-21.07976847493,-2.025558364262,
    1.699574534511));
#4454 = CARTESIAN_POINT('',(-21.07209603924,-2.033214051141,
    1.706784970043));
#4455 = CARTESIAN_POINT('',(-21.06981185662,-2.035470191808,1.7088801029
    ));
#4456 = CARTESIAN_POINT('',(-21.06679552662,-2.038441402344,
    1.711612883439));
#4457 = CARTESIAN_POINT('',(-21.0653898476,-2.039824253271,
    1.712877165272));
#4458 = CARTESIAN_POINT('',(-21.06413789756,-2.041061589588,
    1.713999961869));
#4459 = CARTESIAN_POINT('',(-21.06333742619,-2.041855182726,
    1.714718364426));
#4460 = CARTESIAN_POINT('',(-21.06377957297,-2.041411185117,
    1.714319178198));
#4461 = CARTESIAN_POINT('',(-21.04352619527,-2.061660622166,
    1.732560727983));
#4462 = CARTESIAN_POINT('',(-21.03269832926,-2.072492202585,
    1.740000280344));
#4463 = CARTESIAN_POINT('',(-21.03010459989,-2.075085932461,
    1.740000280233));
#4464 = ORIENTED_EDGE('',*,*,#4465,.F.);
#4465 = EDGE_CURVE('',#4259,#4437,#4466,.T.);
#4466 = B_SPLINE_CURVE_WITH_KNOTS('',3,(#4467,#4468,#4469,#4470),
  .UNSPECIFIED.,.F.,.F.,(4,4),(0.,1.),.PIECEWISE_BEZIER_KNOTS.);
#4467 = CARTESIAN_POINT('',(-20.97010459989,-2.075085935083,
    1.740000282856));
#4468 = CARTESIAN_POINT('',(-20.99010459989,-2.075085934209,
    1.740000281981));
#4469 = CARTESIAN_POINT('',(-21.01010459989,-2.075085933335,
    1.740000281107));
#4470 = CARTESIAN_POINT('',(-21.03010459989,-2.075085932461,
    1.740000280233));
#4471 = ORIENTED_EDGE('',*,*,#4256,.F.);
#4472 = ORIENTED_EDGE('',*,*,#4473,.F.);
#4473 = EDGE_CURVE('',#4435,#4257,#4474,.T.);
#4474 = B_SPLINE_CURVE_WITH_KNOTS('',3,(#4475,#4476,#4477,#4478),
  .UNSPECIFIED.,.F.,.F.,(4,4),(0.,1.),.PIECEWISE_BEZIER_KNOTS.);
#4475 = CARTESIAN_POINT('',(-21.1501045894,-1.955085916724,
    1.620000285478));
#4476 = CARTESIAN_POINT('',(-21.0501045894,-1.955085921096,
    1.620000289849));
#4477 = CARTESIAN_POINT('',(-20.9501045894,-1.955085925467,1.62000029422
    ));
#4478 = CARTESIAN_POINT('',(-20.8501045894,-1.955085929838,
    1.620000298592));
#4479 = ( BOUNDED_SURFACE() B_SPLINE_SURFACE(2,3,(
    (#4480,#4481,#4482,#4483,#4484,#4485,#4486,#4487)
    ,(#4488,#4489,#4490,#4491,#4492,#4493,#4494,#4495)
    ,(#4496,#4497,#4498,#4499,#4500,#4501,#4502,#4503
)),.UNSPECIFIED.,.F.,.F.,.F.) B_SPLINE_SURFACE_WITH_KNOTS((3,3),(4,2,2,4
    ),(0.,1.),(-3.15E-04,-1.8E-04,-1.2E-04,1.5E-05),.UNSPECIFIED.) 
GEOMETRIC_REPRESENTATION_ITEM() RATIONAL_B_SPLINE_SURFACE((
    (1.,1.,1.,1.,1.,1.,1.,1.)
    ,(8.485281374239E-02,8.485281374239E-02,8.485281374239E-02
      ,8.485281374239E-02,8.485281374239E-02,8.485281374239E-02
      ,8.485281374239E-02,8.485281374239E-02)
,(1.,1.,1.,1.,1.,1.,1.,1.))) REPRESENTATION_ITEM('') SURFACE() );
#4480 = CARTESIAN_POINT('',(-20.83510459989,-2.075085940984,
    1.740000288757));
#4481 = CARTESIAN_POINT('',(-20.88010459989,-2.075085939017,
    1.74000028679));
#4482 = CARTESIAN_POINT('',(-20.92510459989,-2.07508593705,
    1.740000284823));
#4483 = CARTESIAN_POINT('',(-20.99010459989,-2.075085934209,
    1.740000281981));
#4484 = CARTESIAN_POINT('',(-21.01010459989,-2.075085933335,
    1.740000281107));
#4485 = CARTESIAN_POINT('',(-21.07510459989,-2.075085930494,
    1.740000278266));
#4486 = CARTESIAN_POINT('',(-21.12010459989,-2.075085928527,
    1.740000276299));
#4487 = CARTESIAN_POINT('',(-21.16510459989,-2.07508592656,
    1.740000274332));
#4488 = CARTESIAN_POINT('',(-20.83510459464,-1.955085940984,
    1.740000299247));
#4489 = CARTESIAN_POINT('',(-20.88010459464,-1.955085939017,
    1.74000029728));
#4490 = CARTESIAN_POINT('',(-20.92510459464,-1.95508593705,
    1.740000295313));
#4491 = CARTESIAN_POINT('',(-20.99010459464,-1.955085934209,
    1.740000292472));
#4492 = CARTESIAN_POINT('',(-21.01010459464,-1.955085933335,
    1.740000291598));
#4493 = CARTESIAN_POINT('',(-21.07510459464,-1.955085930494,
    1.740000288757));
#4494 = CARTESIAN_POINT('',(-21.12010459464,-1.955085928527,
    1.74000028679));
#4495 = CARTESIAN_POINT('',(-21.16510459464,-1.95508592656,
    1.740000284823));
#4496 = CARTESIAN_POINT('',(-20.8351045894,-1.955085930494,
    1.620000299247));
#4497 = CARTESIAN_POINT('',(-20.8801045894,-1.955085928527,1.62000029728
    ));
#4498 = CARTESIAN_POINT('',(-20.9251045894,-1.95508592656,1.620000295313
    ));
#4499 = CARTESIAN_POINT('',(-20.9901045894,-1.955085923718,
    1.620000292472));
#4500 = CARTESIAN_POINT('',(-21.0101045894,-1.955085922844,
    1.620000291598));
#4501 = CARTESIAN_POINT('',(-21.0751045894,-1.955085920003,
    1.620000288757));
#4502 = CARTESIAN_POINT('',(-21.1201045894,-1.955085918036,1.62000028679
    ));
#4503 = CARTESIAN_POINT('',(-21.1651045894,-1.955085916069,
    1.620000284823));
#4504 = ADVANCED_FACE('',(#4505),#4523,.T.);
#4505 = FACE_BOUND('',#4506,.T.);
#4506 = EDGE_LOOP('',(#4507,#4508,#4515,#4516));
#4507 = ORIENTED_EDGE('',*,*,#4360,.F.);
#4508 = ORIENTED_EDGE('',*,*,#4509,.F.);
#4509 = EDGE_CURVE('',#4437,#4361,#4510,.T.);
#4510 = B_SPLINE_CURVE_WITH_KNOTS('',3,(#4511,#4512,#4513,#4514),
  .UNSPECIFIED.,.F.,.F.,(4,4),(0.,1.),.PIECEWISE_BEZIER_KNOTS.);
#4511 = CARTESIAN_POINT('',(-21.03010459989,-2.075085932461,
    1.740000280233));
#4512 = CARTESIAN_POINT('',(-21.03010460076,-2.095085932461,
    1.740000278484));
#4513 = CARTESIAN_POINT('',(-21.03010460163,-2.115085932461,
    1.740000276736));
#4514 = CARTESIAN_POINT('',(-21.03010460251,-2.135085932461,
    1.740000274987));
#4515 = ORIENTED_EDGE('',*,*,#4434,.F.);
#4516 = ORIENTED_EDGE('',*,*,#4517,.F.);
#4517 = EDGE_CURVE('',#4363,#4435,#4518,.T.);
#4518 = B_SPLINE_CURVE_WITH_KNOTS('',3,(#4519,#4520,#4521,#4522),
  .UNSPECIFIED.,.F.,.F.,(4,4),(0.,1.),.PIECEWISE_BEZIER_KNOTS.);
#4519 = CARTESIAN_POINT('',(-21.15010460251,-2.255085916724,
    1.620000259251));
#4520 = CARTESIAN_POINT('',(-21.15010459814,-2.155085916724,
    1.620000267994));
#4521 = CARTESIAN_POINT('',(-21.15010459377,-2.055085916724,
    1.620000276736));
#4522 = CARTESIAN_POINT('',(-21.1501045894,-1.955085916724,
    1.620000285478));
#4523 = ( BOUNDED_SURFACE() B_SPLINE_SURFACE(2,3,(
    (#4524,#4525,#4526,#4527,#4528,#4529,#4530,#4531)
    ,(#4532,#4533,#4534,#4535,#4536,#4537,#4538,#4539)
    ,(#4540,#4541,#4542,#4543,#4544,#4545,#4546,#4547
)),.UNSPECIFIED.,.F.,.F.,.F.) B_SPLINE_SURFACE_WITH_KNOTS((3,3),(4,2,2,4
    ),(0.,1.),(-4.61E-03,-4.475E-03,-4.415E-03,-4.28E-03),
.UNSPECIFIED.) GEOMETRIC_REPRESENTATION_ITEM() RATIONAL_B_SPLINE_SURFACE
((
    (1.,1.,1.,1.,1.,1.,1.,1.)
    ,(8.485281374239E-02,8.485281374239E-02,8.485281374239E-02
      ,8.485281374239E-02,8.485281374239E-02,8.485281374239E-02
      ,8.485281374239E-02,8.485281374239E-02)
,(1.,1.,1.,1.,1.,1.,1.,1.))) REPRESENTATION_ITEM('') SURFACE() );
#4524 = CARTESIAN_POINT('',(-21.03010459399,-1.940085932461,
    1.740000292035));
#4525 = CARTESIAN_POINT('',(-21.03010459595,-1.985085932461,
    1.740000288101));
#4526 = CARTESIAN_POINT('',(-21.03010459792,-2.030085932461,
    1.740000284167));
#4527 = CARTESIAN_POINT('',(-21.03010460076,-2.095085932461,
    1.740000278484));
#4528 = CARTESIAN_POINT('',(-21.03010460163,-2.115085932461,
    1.740000276736));
#4529 = CARTESIAN_POINT('',(-21.03010460448,-2.180085932461,
    1.740000271053));
#4530 = CARTESIAN_POINT('',(-21.03010460644,-2.225085932461,
    1.740000267119));
#4531 = CARTESIAN_POINT('',(-21.03010460841,-2.270085932461,
    1.740000263185));
#4532 = CARTESIAN_POINT('',(-21.15010459399,-1.940085927215,
    1.74000028679));
#4533 = CARTESIAN_POINT('',(-21.15010459595,-1.985085927215,
    1.740000282856));
#4534 = CARTESIAN_POINT('',(-21.15010459792,-2.030085927215,
    1.740000278921));
#4535 = CARTESIAN_POINT('',(-21.15010460076,-2.095085927215,
    1.740000273239));
#4536 = CARTESIAN_POINT('',(-21.15010460163,-2.115085927215,
    1.740000271491));
#4537 = CARTESIAN_POINT('',(-21.15010460448,-2.180085927215,
    1.740000265808));
#4538 = CARTESIAN_POINT('',(-21.15010460644,-2.225085927215,
    1.740000261874));
#4539 = CARTESIAN_POINT('',(-21.15010460841,-2.270085927215,
    1.74000025794));
#4540 = CARTESIAN_POINT('',(-21.15010458874,-1.940085916724,
    1.62000028679));
#4541 = CARTESIAN_POINT('',(-21.15010459071,-1.985085916724,
    1.620000282856));
#4542 = CARTESIAN_POINT('',(-21.15010459267,-2.030085916724,
    1.620000278921));
#4543 = CARTESIAN_POINT('',(-21.15010459552,-2.095085916724,
    1.620000273239));
#4544 = CARTESIAN_POINT('',(-21.15010459639,-2.115085916724,
    1.620000271491));
#4545 = CARTESIAN_POINT('',(-21.15010459923,-2.180085916724,
    1.620000265808));
#4546 = CARTESIAN_POINT('',(-21.1501046012,-2.225085916724,
    1.620000261874));
#4547 = CARTESIAN_POINT('',(-21.15010460316,-2.270085916724,
    1.62000025794));
#4548 = ADVANCED_FACE('',(#4549),#4627,.T.);
#4549 = FACE_BOUND('',#4550,.T.);
#4550 = EDGE_LOOP('',(#4551,#4582,#4591,#4620));
#4551 = ORIENTED_EDGE('',*,*,#4552,.T.);
#4552 = EDGE_CURVE('',#4553,#4555,#4557,.T.);
#4553 = VERTEX_POINT('',#4554);
#4554 = CARTESIAN_POINT('',(-20.85010464491,-3.225085929838,
    1.620000187565));
#4555 = VERTEX_POINT('',#4556);
#4556 = CARTESIAN_POINT('',(-20.9701046554,-3.345085935083,
    1.740000171829));
#4557 = B_SPLINE_CURVE_WITH_KNOTS('',3,(#4558,#4559,#4560,#4561,#4562,
    #4563,#4564,#4565,#4566,#4567,#4568,#4569,#4570,#4571,#4572,#4573,
    #4574,#4575,#4576,#4577,#4578,#4579,#4580,#4581),.UNSPECIFIED.,.F.,
  .F.,(4,2,2,1,2,2,2,2,2,1,2,2,4),(0.,0.125,0.1875,0.21875,0.234375,0.25
    ,0.5,0.625,0.6875,0.71875,0.734375,0.75,1.),.UNSPECIFIED.);
#4558 = CARTESIAN_POINT('',(-20.85010464491,-3.225085929838,
    1.620000187565));
#4559 = CARTESIAN_POINT('',(-20.85010464497,-3.22508592996,
    1.621393331121));
#4560 = CARTESIAN_POINT('',(-20.85186169431,-3.227341087728,
    1.624718510353));
#4561 = CARTESIAN_POINT('',(-20.85858859768,-3.234106560879,
    1.633653131557));
#4562 = CARTESIAN_POINT('',(-20.86149797303,-3.236925508012,
    1.63726944224));
#4563 = CARTESIAN_POINT('',(-20.86677389003,-3.241999612823,
    1.643491153559));
#4564 = CARTESIAN_POINT('',(-20.86963581613,-3.244748086256,
    1.646797337694));
#4565 = CARTESIAN_POINT('',(-20.87278200866,-3.247813691229,
    1.650333553031));
#4566 = CARTESIAN_POINT('',(-20.87493474722,-3.249927901552,
    1.652733296176));
#4567 = CARTESIAN_POINT('',(-20.87677858799,-3.251759908926,
    1.654766321497));
#4568 = CARTESIAN_POINT('',(-20.88337374305,-3.258354437767,
    1.662005175144));
#4569 = CARTESIAN_POINT('',(-20.89232858268,-3.267309936065,
    1.671669355064));
#4570 = CARTESIAN_POINT('',(-20.91423266545,-3.289213913036,
    1.693479559487));
#4571 = CARTESIAN_POINT('',(-20.92057708897,-3.295422054741,
    1.699574430453));
#4572 = CARTESIAN_POINT('',(-20.92823277553,-3.303094491374,
    1.706784865313));
#4573 = CARTESIAN_POINT('',(-20.93048891611,-3.305378674264,
    1.70887999797));
#4574 = CARTESIAN_POINT('',(-20.93346012652,-3.308395004623,
    1.711612778244));
#4575 = CARTESIAN_POINT('',(-20.9348429774,-3.309800683808,
    1.712877059953));
#4576 = CARTESIAN_POINT('',(-20.93608031366,-3.311052634002,
    1.713999856441));
#4577 = CARTESIAN_POINT('',(-20.93687390677,-3.311853105467,
    1.714718258927));
#4578 = CARTESIAN_POINT('',(-20.93642990918,-3.311410958636,
    1.714319072738));
#4579 = CARTESIAN_POINT('',(-20.95667934543,-3.331664338723,
    1.732560620752));
#4580 = CARTESIAN_POINT('',(-20.96751092552,-3.342492205705,
    1.740000172167));
#4581 = CARTESIAN_POINT('',(-20.9701046554,-3.345085935083,
    1.740000171829));
#4582 = ORIENTED_EDGE('',*,*,#4583,.F.);
#4583 = EDGE_CURVE('',#4584,#4555,#4586,.T.);
#4584 = VERTEX_POINT('',#4585);
#4585 = CARTESIAN_POINT('',(-20.97010465802,-3.405085935083,
    1.740000166583));
#4586 = B_SPLINE_CURVE_WITH_KNOTS('',3,(#4587,#4588,#4589,#4590),
  .UNSPECIFIED.,.F.,.F.,(4,4),(0.,1.),.PIECEWISE_BEZIER_KNOTS.);
#4587 = CARTESIAN_POINT('',(-20.97010465802,-3.405085935083,
    1.740000166583));
#4588 = CARTESIAN_POINT('',(-20.97010465715,-3.385085935083,
    1.740000168332));
#4589 = CARTESIAN_POINT('',(-20.97010465627,-3.365085935083,
    1.74000017008));
#4590 = CARTESIAN_POINT('',(-20.9701046554,-3.345085935083,
    1.740000171829));
#4591 = ORIENTED_EDGE('',*,*,#4592,.T.);
#4592 = EDGE_CURVE('',#4584,#4593,#4595,.T.);
#4593 = VERTEX_POINT('',#4594);
#4594 = CARTESIAN_POINT('',(-20.85010465802,-3.525085929838,
    1.620000161338));
#4595 = B_SPLINE_CURVE_WITH_KNOTS('',3,(#4596,#4597,#4598,#4599,#4600,
    #4601,#4602,#4603,#4604,#4605,#4606,#4607,#4608,#4609,#4610,#4611,
    #4612,#4613,#4614,#4615,#4616,#4617,#4618,#4619),.UNSPECIFIED.,.F.,
  .F.,(4,2,2,1,2,2,2,2,2,1,2,2,4),(0.,0.125,0.1875,0.21875,0.234375,0.25
    ,0.5,0.625,0.6875,0.71875,0.734375,0.75,1.),.UNSPECIFIED.);
#4596 = CARTESIAN_POINT('',(-20.97010465802,-3.405085935083,
    1.740000166583));
#4597 = CARTESIAN_POINT('',(-20.9688082082,-3.406382385155,
    1.740000166526));
#4598 = CARTESIAN_POINT('',(-20.96585161271,-3.409737576862,
    1.738504185837));
#4599 = CARTESIAN_POINT('',(-20.95776754148,-3.417858476798,
    1.732540050991));
#4600 = CARTESIAN_POINT('',(-20.95447537187,-3.42108012884,
    1.729938547539));
#4601 = CARTESIAN_POINT('',(-20.94870776536,-3.426684634993,
    1.725118566104));
#4602 = CARTESIAN_POINT('',(-20.94561983363,-3.429679895093,
    1.722482215086));
#4603 = CARTESIAN_POINT('',(-20.94226817754,-3.432964665727,
    1.719537001198));
#4604 = CARTESIAN_POINT('',(-20.93998185883,-3.435218848492,
    1.717510453314));
#4605 = CARTESIAN_POINT('',(-20.93798648912,-3.437204160192,
    1.715721289982));
#4606 = CARTESIAN_POINT('',(-20.93177415928,-3.443415527999,
    1.710124959131));
#4607 = CARTESIAN_POINT('',(-20.92056083857,-3.454629659365,
    1.699780589966));
#4608 = CARTESIAN_POINT('',(-20.90011654972,-3.475074088675,
    1.679423917599));
#4609 = CARTESIAN_POINT('',(-20.89412299381,-3.480961890396,
    1.673260252674));
#4610 = CARTESIAN_POINT('',(-20.88669222055,-3.488403080934,
    1.665461479901));
#4611 = CARTESIAN_POINT('',(-20.88446503555,-3.490651725773,
    1.663092709553));
#4612 = CARTESIAN_POINT('',(-20.88147563459,-3.49367706502,
    1.659881270807));
#4613 = CARTESIAN_POINT('',(-20.88006834002,-3.49510282764,
    1.658360469595));
#4614 = CARTESIAN_POINT('',(-20.87878496384,-3.496398229757,
    1.656962690446));
#4615 = CARTESIAN_POINT('',(-20.87795600676,-3.497232862167,
    1.656057534158));
#4616 = CARTESIAN_POINT('',(-20.8782939856,-3.496896462357,
    1.656429591561));
#4617 = CARTESIAN_POINT('',(-20.85912756397,-3.516065300571,
    1.635392488708));
#4618 = CARTESIAN_POINT('',(-20.85010465821,-3.525085930082,
    1.622786915884));
#4619 = CARTESIAN_POINT('',(-20.85010465802,-3.525085929838,
    1.620000161338));
#4620 = ORIENTED_EDGE('',*,*,#4621,.F.);
#4621 = EDGE_CURVE('',#4553,#4593,#4622,.T.);
#4622 = B_SPLINE_CURVE_WITH_KNOTS('',3,(#4623,#4624,#4625,#4626),
  .UNSPECIFIED.,.F.,.F.,(4,4),(0.,1.),.PIECEWISE_BEZIER_KNOTS.);
#4623 = CARTESIAN_POINT('',(-20.85010464491,-3.225085929838,
    1.620000187565));
#4624 = CARTESIAN_POINT('',(-20.85010464928,-3.325085929838,
    1.620000178822));
#4625 = CARTESIAN_POINT('',(-20.85010465365,-3.425085929838,
    1.62000017008));
#4626 = CARTESIAN_POINT('',(-20.85010465802,-3.525085929838,
    1.620000161338));
#4627 = ( BOUNDED_SURFACE() B_SPLINE_SURFACE(2,3,(
    (#4628,#4629,#4630,#4631,#4632,#4633,#4634,#4635)
    ,(#4636,#4637,#4638,#4639,#4640,#4641,#4642,#4643)
    ,(#4644,#4645,#4646,#4647,#4648,#4649,#4650,#4651
)),.UNSPECIFIED.,.F.,.F.,.F.) B_SPLINE_SURFACE_WITH_KNOTS((3,3),(4,2,2,4
    ),(0.,1.),(-3.15E-04,-1.8E-04,-1.2E-04,1.5E-05),.UNSPECIFIED.) 
GEOMETRIC_REPRESENTATION_ITEM() RATIONAL_B_SPLINE_SURFACE((
    (1.,1.,1.,1.,1.,1.,1.,1.)
    ,(8.485281374239E-02,8.485281374239E-02,8.485281374239E-02
      ,8.485281374239E-02,8.485281374239E-02,8.485281374239E-02
      ,8.485281374239E-02,8.485281374239E-02)
,(1.,1.,1.,1.,1.,1.,1.,1.))) REPRESENTATION_ITEM('') SURFACE() );
#4628 = CARTESIAN_POINT('',(-20.97010466392,-3.540085935083,
    1.740000154781));
#4629 = CARTESIAN_POINT('',(-20.97010466196,-3.495085935083,
    1.740000158715));
#4630 = CARTESIAN_POINT('',(-20.97010465999,-3.450085935083,
    1.740000162649));
#4631 = CARTESIAN_POINT('',(-20.97010465715,-3.385085935083,
    1.740000168332));
#4632 = CARTESIAN_POINT('',(-20.97010465627,-3.365085935083,
    1.74000017008));
#4633 = CARTESIAN_POINT('',(-20.97010465343,-3.300085935083,
    1.740000175763));
#4634 = CARTESIAN_POINT('',(-20.97010465147,-3.255085935083,
    1.740000179697));
#4635 = CARTESIAN_POINT('',(-20.9701046495,-3.210085935083,
    1.740000183631));
#4636 = CARTESIAN_POINT('',(-20.85010466392,-3.540085940329,
    1.740000160027));
#4637 = CARTESIAN_POINT('',(-20.85010466196,-3.495085940329,
    1.740000163961));
#4638 = CARTESIAN_POINT('',(-20.85010465999,-3.450085940329,
    1.740000167895));
#4639 = CARTESIAN_POINT('',(-20.85010465715,-3.385085940329,
    1.740000173577));
#4640 = CARTESIAN_POINT('',(-20.85010465627,-3.365085940329,
    1.740000175326));
#4641 = CARTESIAN_POINT('',(-20.85010465343,-3.300085940329,
    1.740000181008));
#4642 = CARTESIAN_POINT('',(-20.85010465147,-3.255085940329,
    1.740000184942));
#4643 = CARTESIAN_POINT('',(-20.8501046495,-3.210085940329,
    1.740000188876));
#4644 = CARTESIAN_POINT('',(-20.85010465868,-3.540085929838,
    1.620000160027));
#4645 = CARTESIAN_POINT('',(-20.85010465671,-3.495085929838,
    1.620000163961));
#4646 = CARTESIAN_POINT('',(-20.85010465474,-3.450085929838,
    1.620000167895));
#4647 = CARTESIAN_POINT('',(-20.8501046519,-3.385085929838,
    1.620000173577));
#4648 = CARTESIAN_POINT('',(-20.85010465103,-3.365085929838,
    1.620000175326));
#4649 = CARTESIAN_POINT('',(-20.85010464819,-3.300085929838,
    1.620000181008));
#4650 = CARTESIAN_POINT('',(-20.85010464622,-3.255085929838,
    1.620000184942));
#4651 = CARTESIAN_POINT('',(-20.85010464425,-3.210085929838,
    1.620000188876));
#4652 = ADVANCED_FACE('',(#4653),#4701,.T.);
#4653 = FACE_BOUND('',#4654,.T.);
#4654 = EDGE_LOOP('',(#4655,#4686,#4693,#4694));
#4655 = ORIENTED_EDGE('',*,*,#4656,.T.);
#4656 = EDGE_CURVE('',#4657,#4659,#4661,.T.);
#4657 = VERTEX_POINT('',#4658);
#4658 = CARTESIAN_POINT('',(-21.03010465802,-3.405085932461,
    1.740000163961));
#4659 = VERTEX_POINT('',#4660);
#4660 = CARTESIAN_POINT('',(-21.15010465802,-3.525085916724,
    1.620000148225));
#4661 = B_SPLINE_CURVE_WITH_KNOTS('',3,(#4662,#4663,#4664,#4665,#4666,
    #4667,#4668,#4669,#4670,#4671,#4672,#4673,#4674,#4675,#4676,#4677,
    #4678,#4679,#4680,#4681,#4682,#4683,#4684,#4685),.UNSPECIFIED.,.F.,
  .F.,(4,2,2,1,2,2,2,2,2,1,2,2,4),(0.,0.125,0.1875,0.21875,0.234375,0.25
    ,0.5,0.625,0.6875,0.71875,0.734375,0.75,1.),.UNSPECIFIED.);
#4662 = CARTESIAN_POINT('',(-21.03010465802,-3.405085932461,
    1.740000163961));
#4663 = CARTESIAN_POINT('',(-21.03140110809,-3.406382382287,
    1.74000016379));
#4664 = CARTESIAN_POINT('',(-21.03475629987,-3.409338977575,
    1.738504182861));
#4665 = CARTESIAN_POINT('',(-21.04287720006,-3.417423048019,
    1.732540047311));
#4666 = CARTESIAN_POINT('',(-21.04609885222,-3.420715217286,
    1.729938543568));
#4667 = CARTESIAN_POINT('',(-21.05170335858,-3.426482823171,
    1.725118561621));
#4668 = CARTESIAN_POINT('',(-21.0546986188,-3.429570754551,1.72248221033
    ));
#4669 = CARTESIAN_POINT('',(-21.05798338956,-3.432922410256,
    1.719536996145));
#4670 = CARTESIAN_POINT('',(-21.06023757241,-3.435208728703,
    1.717510448059));
#4671 = CARTESIAN_POINT('',(-21.06222288419,-3.437204098183,
    1.715721284551));
#4672 = CARTESIAN_POINT('',(-21.06843425224,-3.443416427279,
    1.710124953158));
#4673 = CARTESIAN_POINT('',(-21.07964838407,-3.454629746651,
    1.699780583003));
#4674 = CARTESIAN_POINT('',(-21.10009281426,-3.475074032814,
    1.679423908863));
#4675 = CARTESIAN_POINT('',(-21.10598061625,-3.481067587909,
    1.673260243411));
#4676 = CARTESIAN_POINT('',(-21.11342180713,-3.488498360152,
    1.665461469989));
#4677 = CARTESIAN_POINT('',(-21.11567045207,-3.490725544838,
    1.663092699446));
#4678 = CARTESIAN_POINT('',(-21.11869579146,-3.493714945379,
    1.659881260439));
#4679 = CARTESIAN_POINT('',(-21.12012155415,-3.495122239749,
    1.658360459104));
#4680 = CARTESIAN_POINT('',(-21.12141695632,-3.496405615754,
    1.656962679841));
#4681 = CARTESIAN_POINT('',(-21.12225158877,-3.497234572714,
    1.656057523481));
#4682 = CARTESIAN_POINT('',(-21.12191518895,-3.496896593924,
    1.656429580912));
#4683 = CARTESIAN_POINT('',(-21.14108402808,-3.516063012792,
    1.635392476385));
#4684 = CARTESIAN_POINT('',(-21.15010465814,-3.525085916906,
    1.62278690277));
#4685 = CARTESIAN_POINT('',(-21.15010465802,-3.525085916724,
    1.620000148225));
#4686 = ORIENTED_EDGE('',*,*,#4687,.F.);
#4687 = EDGE_CURVE('',#4593,#4659,#4688,.T.);
#4688 = B_SPLINE_CURVE_WITH_KNOTS('',3,(#4689,#4690,#4691,#4692),
  .UNSPECIFIED.,.F.,.F.,(4,4),(0.,1.),.PIECEWISE_BEZIER_KNOTS.);
#4689 = CARTESIAN_POINT('',(-20.85010465802,-3.525085929838,
    1.620000161338));
#4690 = CARTESIAN_POINT('',(-20.95010465802,-3.525085925467,
    1.620000156967));
#4691 = CARTESIAN_POINT('',(-21.05010465802,-3.525085921096,
    1.620000152596));
#4692 = CARTESIAN_POINT('',(-21.15010465802,-3.525085916724,
    1.620000148225));
#4693 = ORIENTED_EDGE('',*,*,#4592,.F.);
#4694 = ORIENTED_EDGE('',*,*,#4695,.F.);
#4695 = EDGE_CURVE('',#4657,#4584,#4696,.T.);
#4696 = B_SPLINE_CURVE_WITH_KNOTS('',3,(#4697,#4698,#4699,#4700),
  .UNSPECIFIED.,.F.,.F.,(4,4),(0.,1.),.PIECEWISE_BEZIER_KNOTS.);
#4697 = CARTESIAN_POINT('',(-21.03010465802,-3.405085932461,
    1.740000163961));
#4698 = CARTESIAN_POINT('',(-21.01010465802,-3.405085933335,
    1.740000164835));
#4699 = CARTESIAN_POINT('',(-20.99010465802,-3.405085934209,
    1.740000165709));
#4700 = CARTESIAN_POINT('',(-20.97010465802,-3.405085935083,
    1.740000166583));
#4701 = ( BOUNDED_SURFACE() B_SPLINE_SURFACE(2,3,(
    (#4702,#4703,#4704,#4705,#4706,#4707,#4708,#4709)
    ,(#4710,#4711,#4712,#4713,#4714,#4715,#4716,#4717)
    ,(#4718,#4719,#4720,#4721,#4722,#4723,#4724,#4725
)),.UNSPECIFIED.,.F.,.F.,.F.) B_SPLINE_SURFACE_WITH_KNOTS((3,3),(4,2,2,4
    ),(0.,1.),(-1.65E-04,-2.999999999997E-05,3.000000000003E-05,1.65E-04
),.UNSPECIFIED.) GEOMETRIC_REPRESENTATION_ITEM() 
RATIONAL_B_SPLINE_SURFACE((
    (1.,1.,1.,1.,1.,1.,1.,1.)
    ,(8.485281374239E-02,8.485281374239E-02,8.485281374239E-02
      ,8.485281374239E-02,8.485281374239E-02,8.485281374239E-02
      ,8.485281374239E-02,8.485281374239E-02)
,(1.,1.,1.,1.,1.,1.,1.,1.))) REPRESENTATION_ITEM('') SURFACE() );
#4702 = CARTESIAN_POINT('',(-21.16510465802,-3.40508592656,1.74000015806
    ));
#4703 = CARTESIAN_POINT('',(-21.12010465802,-3.405085928527,
    1.740000160027));
#4704 = CARTESIAN_POINT('',(-21.07510465802,-3.405085930494,
    1.740000161994));
#4705 = CARTESIAN_POINT('',(-21.01010465802,-3.405085933335,
    1.740000164835));
#4706 = CARTESIAN_POINT('',(-20.99010465802,-3.405085934209,
    1.740000165709));
#4707 = CARTESIAN_POINT('',(-20.92510465802,-3.40508593705,1.74000016855
    ));
#4708 = CARTESIAN_POINT('',(-20.88010465802,-3.405085939017,
    1.740000170517));
#4709 = CARTESIAN_POINT('',(-20.83510465802,-3.405085940984,
    1.740000172484));
#4710 = CARTESIAN_POINT('',(-21.16510466327,-3.52508592656,
    1.740000147569));
#4711 = CARTESIAN_POINT('',(-21.12010466327,-3.525085928527,
    1.740000149536));
#4712 = CARTESIAN_POINT('',(-21.07510466327,-3.525085930494,
    1.740000151503));
#4713 = CARTESIAN_POINT('',(-21.01010466327,-3.525085933335,
    1.740000154344));
#4714 = CARTESIAN_POINT('',(-20.99010466327,-3.525085934209,
    1.740000155218));
#4715 = CARTESIAN_POINT('',(-20.92510466327,-3.52508593705,1.74000015806
    ));
#4716 = CARTESIAN_POINT('',(-20.88010466327,-3.525085939017,
    1.740000160027));
#4717 = CARTESIAN_POINT('',(-20.83510466327,-3.525085940984,
    1.740000161994));
#4718 = CARTESIAN_POINT('',(-21.16510465802,-3.525085916069,
    1.620000147569));
#4719 = CARTESIAN_POINT('',(-21.12010465802,-3.525085918036,
    1.620000149536));
#4720 = CARTESIAN_POINT('',(-21.07510465802,-3.525085920003,
    1.620000151503));
#4721 = CARTESIAN_POINT('',(-21.01010465802,-3.525085922844,
    1.620000154344));
#4722 = CARTESIAN_POINT('',(-20.99010465802,-3.525085923718,
    1.620000155218));
#4723 = CARTESIAN_POINT('',(-20.92510465802,-3.52508592656,1.62000015806
    ));
#4724 = CARTESIAN_POINT('',(-20.88010465802,-3.525085928527,
    1.620000160027));
#4725 = CARTESIAN_POINT('',(-20.83510465802,-3.525085930494,
    1.620000161994));
#4726 = ADVANCED_FACE('',(#4727),#4775,.T.);
#4727 = FACE_BOUND('',#4728,.T.);
#4728 = EDGE_LOOP('',(#4729,#4760,#4767,#4768));
#4729 = ORIENTED_EDGE('',*,*,#4730,.T.);
#4730 = EDGE_CURVE('',#4731,#4733,#4735,.T.);
#4731 = VERTEX_POINT('',#4732);
#4732 = CARTESIAN_POINT('',(-21.15010464491,-3.225085916724,
    1.620000174451));
#4733 = VERTEX_POINT('',#4734);
#4734 = CARTESIAN_POINT('',(-21.0301046554,-3.345085932461,
    1.740000169206));
#4735 = B_SPLINE_CURVE_WITH_KNOTS('',3,(#4736,#4737,#4738,#4739,#4740,
    #4741,#4742,#4743,#4744,#4745,#4746,#4747,#4748,#4749,#4750,#4751,
    #4752,#4753,#4754,#4755,#4756,#4757,#4758,#4759),.UNSPECIFIED.,.F.,
  .F.,(4,2,2,1,2,2,2,2,2,1,2,2,4),(0.,0.125,0.1875,0.21875,0.234375,0.25
    ,0.5,0.625,0.6875,0.71875,0.734375,0.75,1.),.UNSPECIFIED.);
#4736 = CARTESIAN_POINT('',(-21.15010464491,-3.225085916724,
    1.620000174451));
#4737 = CARTESIAN_POINT('',(-21.15010464497,-3.225085916847,
    1.621393318008));
#4738 = CARTESIAN_POINT('',(-21.14784948764,-3.226842966333,
    1.624718497458));
#4739 = CARTESIAN_POINT('',(-21.14108401566,-3.233569870097,
    1.633653119255));
#4740 = CARTESIAN_POINT('',(-21.138265069,-3.236479245604,1.637269430181
    ));
#4741 = CARTESIAN_POINT('',(-21.133190965,-3.241755162869,1.643491141934
    ));
#4742 = CARTESIAN_POINT('',(-21.130442492,-3.244617089118,1.646797326305
    ));
#4743 = CARTESIAN_POINT('',(-21.1273768875,-3.247763281798,
    1.650333541907));
#4744 = CARTESIAN_POINT('',(-21.12526267749,-3.249916020469,
    1.652733285235));
#4745 = CARTESIAN_POINT('',(-21.12343067038,-3.251759861324,
    1.654766310716));
#4746 = CARTESIAN_POINT('',(-21.11683614249,-3.258355016698,
    1.662005164938));
#4747 = CARTESIAN_POINT('',(-21.10788064546,-3.267309856755,
    1.671669345641));
#4748 = CARTESIAN_POINT('',(-21.08597667135,-3.289213940473,
    1.69347955198));
#4749 = CARTESIAN_POINT('',(-21.07976853044,-3.295558364261,
    1.699574423483));
#4750 = CARTESIAN_POINT('',(-21.07209609475,-3.30321405114,
    1.706784859015));
#4751 = CARTESIAN_POINT('',(-21.06981191214,-3.305470191807,
    1.708879991873));
#4752 = CARTESIAN_POINT('',(-21.06679558214,-3.308441402344,
    1.711612772412));
#4753 = CARTESIAN_POINT('',(-21.06538990312,-3.309824253271,
    1.712877054245));
#4754 = CARTESIAN_POINT('',(-21.06413795307,-3.311061589588,
    1.713999850843));
#4755 = CARTESIAN_POINT('',(-21.0633374817,-3.311855182726,
    1.714718253399));
#4756 = CARTESIAN_POINT('',(-21.06377962848,-3.311411185117,
    1.714319067171));
#4757 = CARTESIAN_POINT('',(-21.04352625078,-3.331660622166,
    1.732560616956));
#4758 = CARTESIAN_POINT('',(-21.03269838478,-3.342492202585,
    1.740000169317));
#4759 = CARTESIAN_POINT('',(-21.0301046554,-3.345085932461,
    1.740000169206));
#4760 = ORIENTED_EDGE('',*,*,#4761,.F.);
#4761 = EDGE_CURVE('',#4555,#4733,#4762,.T.);
#4762 = B_SPLINE_CURVE_WITH_KNOTS('',3,(#4763,#4764,#4765,#4766),
  .UNSPECIFIED.,.F.,.F.,(4,4),(0.,1.),.PIECEWISE_BEZIER_KNOTS.);
#4763 = CARTESIAN_POINT('',(-20.9701046554,-3.345085935083,
    1.740000171829));
#4764 = CARTESIAN_POINT('',(-20.9901046554,-3.345085934209,
    1.740000170954));
#4765 = CARTESIAN_POINT('',(-21.0101046554,-3.345085933335,1.74000017008
    ));
#4766 = CARTESIAN_POINT('',(-21.0301046554,-3.345085932461,
    1.740000169206));
#4767 = ORIENTED_EDGE('',*,*,#4552,.F.);
#4768 = ORIENTED_EDGE('',*,*,#4769,.F.);
#4769 = EDGE_CURVE('',#4731,#4553,#4770,.T.);
#4770 = B_SPLINE_CURVE_WITH_KNOTS('',3,(#4771,#4772,#4773,#4774),
  .UNSPECIFIED.,.F.,.F.,(4,4),(0.,1.),.PIECEWISE_BEZIER_KNOTS.);
#4771 = CARTESIAN_POINT('',(-21.15010464491,-3.225085916724,
    1.620000174451));
#4772 = CARTESIAN_POINT('',(-21.05010464491,-3.225085921096,
    1.620000178822));
#4773 = CARTESIAN_POINT('',(-20.95010464491,-3.225085925467,
    1.620000183194));
#4774 = CARTESIAN_POINT('',(-20.85010464491,-3.225085929838,
    1.620000187565));
#4775 = ( BOUNDED_SURFACE() B_SPLINE_SURFACE(2,3,(
    (#4776,#4777,#4778,#4779,#4780,#4781,#4782,#4783)
    ,(#4784,#4785,#4786,#4787,#4788,#4789,#4790,#4791)
    ,(#4792,#4793,#4794,#4795,#4796,#4797,#4798,#4799
)),.UNSPECIFIED.,.F.,.F.,.F.) B_SPLINE_SURFACE_WITH_KNOTS((3,3),(4,2,2,4
    ),(0.,1.),(-3.15E-04,-1.8E-04,-1.2E-04,1.5E-05),.UNSPECIFIED.) 
GEOMETRIC_REPRESENTATION_ITEM() RATIONAL_B_SPLINE_SURFACE((
    (1.,1.,1.,1.,1.,1.,1.,1.)
    ,(8.485281374239E-02,8.485281374239E-02,8.485281374239E-02
      ,8.485281374239E-02,8.485281374239E-02,8.485281374239E-02
      ,8.485281374239E-02,8.485281374239E-02)
,(1.,1.,1.,1.,1.,1.,1.,1.))) REPRESENTATION_ITEM('') SURFACE() );
#4776 = CARTESIAN_POINT('',(-20.8351046554,-3.345085940984,1.74000017773
    ));
#4777 = CARTESIAN_POINT('',(-20.8801046554,-3.345085939017,
    1.740000175763));
#4778 = CARTESIAN_POINT('',(-20.9251046554,-3.34508593705,1.740000173796
    ));
#4779 = CARTESIAN_POINT('',(-20.9901046554,-3.345085934209,
    1.740000170954));
#4780 = CARTESIAN_POINT('',(-21.0101046554,-3.345085933335,1.74000017008
    ));
#4781 = CARTESIAN_POINT('',(-21.0751046554,-3.345085930494,
    1.740000167239));
#4782 = CARTESIAN_POINT('',(-21.1201046554,-3.345085928527,
    1.740000165272));
#4783 = CARTESIAN_POINT('',(-21.1651046554,-3.34508592656,1.740000163305
    ));
#4784 = CARTESIAN_POINT('',(-20.83510465015,-3.225085940984,
    1.74000018822));
#4785 = CARTESIAN_POINT('',(-20.88010465015,-3.225085939017,
    1.740000186253));
#4786 = CARTESIAN_POINT('',(-20.92510465015,-3.22508593705,
    1.740000184286));
#4787 = CARTESIAN_POINT('',(-20.99010465015,-3.225085934209,
    1.740000181445));
#4788 = CARTESIAN_POINT('',(-21.01010465015,-3.225085933335,
    1.740000180571));
#4789 = CARTESIAN_POINT('',(-21.07510465015,-3.225085930494,
    1.74000017773));
#4790 = CARTESIAN_POINT('',(-21.12010465015,-3.225085928527,
    1.740000175763));
#4791 = CARTESIAN_POINT('',(-21.16510465015,-3.22508592656,
    1.740000173796));
#4792 = CARTESIAN_POINT('',(-20.83510464491,-3.225085930494,
    1.62000018822));
#4793 = CARTESIAN_POINT('',(-20.88010464491,-3.225085928527,
    1.620000186253));
#4794 = CARTESIAN_POINT('',(-20.92510464491,-3.22508592656,
    1.620000184286));
#4795 = CARTESIAN_POINT('',(-20.99010464491,-3.225085923718,
    1.620000181445));
#4796 = CARTESIAN_POINT('',(-21.01010464491,-3.225085922844,
    1.620000180571));
#4797 = CARTESIAN_POINT('',(-21.07510464491,-3.225085920003,
    1.62000017773));
#4798 = CARTESIAN_POINT('',(-21.12010464491,-3.225085918036,
    1.620000175763));
#4799 = CARTESIAN_POINT('',(-21.16510464491,-3.225085916069,
    1.620000173796));
#4800 = ADVANCED_FACE('',(#4801),#4819,.T.);
#4801 = FACE_BOUND('',#4802,.T.);
#4802 = EDGE_LOOP('',(#4803,#4804,#4811,#4812));
#4803 = ORIENTED_EDGE('',*,*,#4656,.F.);
#4804 = ORIENTED_EDGE('',*,*,#4805,.F.);
#4805 = EDGE_CURVE('',#4733,#4657,#4806,.T.);
#4806 = B_SPLINE_CURVE_WITH_KNOTS('',3,(#4807,#4808,#4809,#4810),
  .UNSPECIFIED.,.F.,.F.,(4,4),(0.,1.),.PIECEWISE_BEZIER_KNOTS.);
#4807 = CARTESIAN_POINT('',(-21.0301046554,-3.345085932461,
    1.740000169206));
#4808 = CARTESIAN_POINT('',(-21.03010465627,-3.365085932461,
    1.740000167458));
#4809 = CARTESIAN_POINT('',(-21.03010465715,-3.385085932461,
    1.740000165709));
#4810 = CARTESIAN_POINT('',(-21.03010465802,-3.405085932461,
    1.740000163961));
#4811 = ORIENTED_EDGE('',*,*,#4730,.F.);
#4812 = ORIENTED_EDGE('',*,*,#4813,.F.);
#4813 = EDGE_CURVE('',#4659,#4731,#4814,.T.);
#4814 = B_SPLINE_CURVE_WITH_KNOTS('',3,(#4815,#4816,#4817,#4818),
  .UNSPECIFIED.,.F.,.F.,(4,4),(0.,1.),.PIECEWISE_BEZIER_KNOTS.);
#4815 = CARTESIAN_POINT('',(-21.15010465802,-3.525085916724,
    1.620000148225));
#4816 = CARTESIAN_POINT('',(-21.15010465365,-3.425085916724,
    1.620000156967));
#4817 = CARTESIAN_POINT('',(-21.15010464928,-3.325085916724,
    1.620000165709));
#4818 = CARTESIAN_POINT('',(-21.15010464491,-3.225085916724,
    1.620000174451));
#4819 = ( BOUNDED_SURFACE() B_SPLINE_SURFACE(2,3,(
    (#4820,#4821,#4822,#4823,#4824,#4825,#4826,#4827)
    ,(#4828,#4829,#4830,#4831,#4832,#4833,#4834,#4835)
    ,(#4836,#4837,#4838,#4839,#4840,#4841,#4842,#4843
)),.UNSPECIFIED.,.F.,.F.,.F.) B_SPLINE_SURFACE_WITH_KNOTS((3,3),(4,2,2,4
    ),(0.,1.),(-3.34E-03,-3.205E-03,-3.145E-03,-3.01E-03),
.UNSPECIFIED.) GEOMETRIC_REPRESENTATION_ITEM() RATIONAL_B_SPLINE_SURFACE
((
    (1.,1.,1.,1.,1.,1.,1.,1.)
    ,(8.485281374239E-02,8.485281374239E-02,8.485281374239E-02
      ,8.485281374239E-02,8.485281374239E-02,8.485281374239E-02
      ,8.485281374239E-02,8.485281374239E-02)
,(1.,1.,1.,1.,1.,1.,1.,1.))) REPRESENTATION_ITEM('') SURFACE() );
#4820 = CARTESIAN_POINT('',(-21.0301046495,-3.210085932461,
    1.740000181008));
#4821 = CARTESIAN_POINT('',(-21.03010465147,-3.255085932461,
    1.740000177074));
#4822 = CARTESIAN_POINT('',(-21.03010465343,-3.300085932461,
    1.74000017314));
#4823 = CARTESIAN_POINT('',(-21.03010465627,-3.365085932461,
    1.740000167458));
#4824 = CARTESIAN_POINT('',(-21.03010465715,-3.385085932461,
    1.740000165709));
#4825 = CARTESIAN_POINT('',(-21.03010465999,-3.450085932461,
    1.740000160027));
#4826 = CARTESIAN_POINT('',(-21.03010466196,-3.495085932461,
    1.740000156093));
#4827 = CARTESIAN_POINT('',(-21.03010466392,-3.540085932461,
    1.740000152159));
#4828 = CARTESIAN_POINT('',(-21.1501046495,-3.210085927215,
    1.740000175763));
#4829 = CARTESIAN_POINT('',(-21.15010465147,-3.255085927215,
    1.740000171829));
#4830 = CARTESIAN_POINT('',(-21.15010465343,-3.300085927215,
    1.740000167895));
#4831 = CARTESIAN_POINT('',(-21.15010465627,-3.365085927215,
    1.740000162212));
#4832 = CARTESIAN_POINT('',(-21.15010465715,-3.385085927215,
    1.740000160464));
#4833 = CARTESIAN_POINT('',(-21.15010465999,-3.450085927215,
    1.740000154781));
#4834 = CARTESIAN_POINT('',(-21.15010466196,-3.495085927215,
    1.740000150847));
#4835 = CARTESIAN_POINT('',(-21.15010466392,-3.540085927215,
    1.740000146913));
#4836 = CARTESIAN_POINT('',(-21.15010464425,-3.210085916724,
    1.620000175763));
#4837 = CARTESIAN_POINT('',(-21.15010464622,-3.255085916724,
    1.620000171829));
#4838 = CARTESIAN_POINT('',(-21.15010464819,-3.300085916724,
    1.620000167895));
#4839 = CARTESIAN_POINT('',(-21.15010465103,-3.365085916724,
    1.620000162212));
#4840 = CARTESIAN_POINT('',(-21.1501046519,-3.385085916724,
    1.620000160464));
#4841 = CARTESIAN_POINT('',(-21.15010465474,-3.450085916724,
    1.620000154781));
#4842 = CARTESIAN_POINT('',(-21.15010465671,-3.495085916724,
    1.620000150847));
#4843 = CARTESIAN_POINT('',(-21.15010465868,-3.540085916724,
    1.620000146913));
#4844 = ADVANCED_FACE('',(#4845),#4923,.T.);
#4845 = FACE_BOUND('',#4846,.T.);
#4846 = EDGE_LOOP('',(#4847,#4878,#4887,#4916));
#4847 = ORIENTED_EDGE('',*,*,#4848,.T.);
#4848 = EDGE_CURVE('',#4849,#4851,#4853,.T.);
#4849 = VERTEX_POINT('',#4850);
#4850 = CARTESIAN_POINT('',(-20.85010470042,-4.495085929838,
    1.620000076538));
#4851 = VERTEX_POINT('',#4852);
#4852 = CARTESIAN_POINT('',(-20.97010471091,-4.615085935083,
    1.740000060802));
#4853 = B_SPLINE_CURVE_WITH_KNOTS('',3,(#4854,#4855,#4856,#4857,#4858,
    #4859,#4860,#4861,#4862,#4863,#4864,#4865,#4866,#4867,#4868,#4869,
    #4870,#4871,#4872,#4873,#4874,#4875,#4876,#4877),.UNSPECIFIED.,.F.,
  .F.,(4,2,2,1,2,2,2,2,2,1,2,2,4),(0.,0.125,0.1875,0.21875,0.234375,0.25
    ,0.5,0.625,0.6875,0.71875,0.734375,0.75,1.),.UNSPECIFIED.);
#4854 = CARTESIAN_POINT('',(-20.85010470042,-4.495085929838,
    1.620000076538));
#4855 = CARTESIAN_POINT('',(-20.85010470048,-4.49508592996,
    1.621393220095));
#4856 = CARTESIAN_POINT('',(-20.85186174983,-4.497341087728,
    1.624718399327));
#4857 = CARTESIAN_POINT('',(-20.8585886532,-4.504106560879,
    1.633653020532));
#4858 = CARTESIAN_POINT('',(-20.86149802855,-4.506925508012,
    1.637269331215));
#4859 = CARTESIAN_POINT('',(-20.86677394554,-4.511999612823,
    1.643491042534));
#4860 = CARTESIAN_POINT('',(-20.86963587165,-4.514748086256,
    1.646797226669));
#4861 = CARTESIAN_POINT('',(-20.87278206417,-4.517813691229,
    1.650333442006));
#4862 = CARTESIAN_POINT('',(-20.87493480274,-4.519927901552,
    1.65273318515));
#4863 = CARTESIAN_POINT('',(-20.8767786435,-4.521759908926,1.65476621047
    ));
#4864 = CARTESIAN_POINT('',(-20.88337379857,-4.528354437776,
    1.662005064126));
#4865 = CARTESIAN_POINT('',(-20.8923286382,-4.537309936067,
    1.671669244041));
#4866 = CARTESIAN_POINT('',(-20.91423272096,-4.559213913035,
    1.693479448458));
#4867 = CARTESIAN_POINT('',(-20.92057714448,-4.565422054739,
    1.699574319423));
#4868 = CARTESIAN_POINT('',(-20.92823283104,-4.573094491371,
    1.706784754284));
#4869 = CARTESIAN_POINT('',(-20.93048897162,-4.575378674262,
    1.708879886941));
#4870 = CARTESIAN_POINT('',(-20.93346018204,-4.578395004621,
    1.711612667215));
#4871 = CARTESIAN_POINT('',(-20.93484303291,-4.579800683807,
    1.712876948925));
#4872 = CARTESIAN_POINT('',(-20.93608036918,-4.581052634001,
    1.713999745413));
#4873 = CARTESIAN_POINT('',(-20.93687396228,-4.581853105466,1.7147181479
    ));
#4874 = CARTESIAN_POINT('',(-20.93642996469,-4.581410958636,
    1.714318961711));
#4875 = CARTESIAN_POINT('',(-20.95667940094,-4.601664338723,
    1.732560509726));
#4876 = CARTESIAN_POINT('',(-20.96751098104,-4.612492205705,
    1.74000006114));
#4877 = CARTESIAN_POINT('',(-20.97010471091,-4.615085935083,
    1.740000060802));
#4878 = ORIENTED_EDGE('',*,*,#4879,.F.);
#4879 = EDGE_CURVE('',#4880,#4851,#4882,.T.);
#4880 = VERTEX_POINT('',#4881);
#4881 = CARTESIAN_POINT('',(-20.97010471354,-4.675085935083,
    1.740000055556));
#4882 = B_SPLINE_CURVE_WITH_KNOTS('',3,(#4883,#4884,#4885,#4886),
  .UNSPECIFIED.,.F.,.F.,(4,4),(0.,1.),.PIECEWISE_BEZIER_KNOTS.);
#4883 = CARTESIAN_POINT('',(-20.97010471354,-4.675085935083,
    1.740000055556));
#4884 = CARTESIAN_POINT('',(-20.97010471266,-4.655085935083,
    1.740000057305));
#4885 = CARTESIAN_POINT('',(-20.97010471179,-4.635085935083,
    1.740000059053));
#4886 = CARTESIAN_POINT('',(-20.97010471091,-4.615085935083,
    1.740000060802));
#4887 = ORIENTED_EDGE('',*,*,#4888,.T.);
#4888 = EDGE_CURVE('',#4880,#4889,#4891,.T.);
#4889 = VERTEX_POINT('',#4890);
#4890 = CARTESIAN_POINT('',(-20.85010471354,-4.795085929838,
    1.620000050311));
#4891 = B_SPLINE_CURVE_WITH_KNOTS('',3,(#4892,#4893,#4894,#4895,#4896,
    #4897,#4898,#4899,#4900,#4901,#4902,#4903,#4904,#4905,#4906,#4907,
    #4908,#4909,#4910,#4911,#4912,#4913,#4914,#4915),.UNSPECIFIED.,.F.,
  .F.,(4,2,2,1,2,2,2,2,2,1,2,2,4),(0.,0.125,0.1875,0.21875,0.234375,0.25
    ,0.5,0.625,0.6875,0.71875,0.734375,0.75,1.),.UNSPECIFIED.);
#4892 = CARTESIAN_POINT('',(-20.97010471354,-4.675085935083,
    1.740000055556));
#4893 = CARTESIAN_POINT('',(-20.96880826371,-4.676382385155,
    1.740000055499));
#4894 = CARTESIAN_POINT('',(-20.96585166822,-4.679737576862,
    1.738504074811));
#4895 = CARTESIAN_POINT('',(-20.957767597,-4.687858476798,1.732539939965
    ));
#4896 = CARTESIAN_POINT('',(-20.95447542739,-4.691080128839,
    1.729938436513));
#4897 = CARTESIAN_POINT('',(-20.94870782087,-4.696684634993,
    1.725118455078));
#4898 = CARTESIAN_POINT('',(-20.94561988915,-4.699679895092,
    1.722482104061));
#4899 = CARTESIAN_POINT('',(-20.94226823306,-4.702964665727,
    1.719536890172));
#4900 = CARTESIAN_POINT('',(-20.93998191434,-4.705218848492,
    1.717510342287));
#4901 = CARTESIAN_POINT('',(-20.93798654463,-4.707204160192,
    1.715721178955));
#4902 = CARTESIAN_POINT('',(-20.9317742148,-4.713415527996,
    1.710124848106));
#4903 = CARTESIAN_POINT('',(-20.92056089408,-4.72462965937,
    1.699780478934));
#4904 = CARTESIAN_POINT('',(-20.90011660524,-4.745074088673,
    1.679423806575));
#4905 = CARTESIAN_POINT('',(-20.89412304933,-4.750961890393,
    1.67326014165));
#4906 = CARTESIAN_POINT('',(-20.88669227607,-4.758403080931,
    1.665461368878));
#4907 = CARTESIAN_POINT('',(-20.88446509107,-4.76065172577,
    1.663092598529));
#4908 = CARTESIAN_POINT('',(-20.88147569011,-4.763677065017,
    1.659881159783));
#4909 = CARTESIAN_POINT('',(-20.88006839554,-4.765102827639,
    1.65836035857));
#4910 = CARTESIAN_POINT('',(-20.87878501935,-4.766398229756,
    1.65696257942));
#4911 = CARTESIAN_POINT('',(-20.87795606227,-4.767232862166,
    1.656057423132));
#4912 = CARTESIAN_POINT('',(-20.87829404111,-4.766896462357,
    1.656429480534));
#4913 = CARTESIAN_POINT('',(-20.85912761949,-4.786065300571,
    1.635392377682));
#4914 = CARTESIAN_POINT('',(-20.85010471372,-4.795085930082,
    1.622786804857));
#4915 = CARTESIAN_POINT('',(-20.85010471354,-4.795085929838,
    1.620000050311));
#4916 = ORIENTED_EDGE('',*,*,#4917,.F.);
#4917 = EDGE_CURVE('',#4849,#4889,#4918,.T.);
#4918 = B_SPLINE_CURVE_WITH_KNOTS('',3,(#4919,#4920,#4921,#4922),
  .UNSPECIFIED.,.F.,.F.,(4,4),(0.,1.),.PIECEWISE_BEZIER_KNOTS.);
#4919 = CARTESIAN_POINT('',(-20.85010470042,-4.495085929838,
    1.620000076538));
#4920 = CARTESIAN_POINT('',(-20.85010470479,-4.595085929838,
    1.620000067796));
#4921 = CARTESIAN_POINT('',(-20.85010470916,-4.695085929838,
    1.620000059053));
#4922 = CARTESIAN_POINT('',(-20.85010471354,-4.795085929838,
    1.620000050311));
#4923 = ( BOUNDED_SURFACE() B_SPLINE_SURFACE(2,3,(
    (#4924,#4925,#4926,#4927,#4928,#4929,#4930,#4931)
    ,(#4932,#4933,#4934,#4935,#4936,#4937,#4938,#4939)
    ,(#4940,#4941,#4942,#4943,#4944,#4945,#4946,#4947
)),.UNSPECIFIED.,.F.,.F.,.F.) B_SPLINE_SURFACE_WITH_KNOTS((3,3),(4,2,2,4
    ),(0.,1.),(1.74E-03,1.875E-03,1.935E-03,2.07E-03),.UNSPECIFIED.) 
GEOMETRIC_REPRESENTATION_ITEM() RATIONAL_B_SPLINE_SURFACE((
    (1.,1.,1.,1.,1.,1.,1.,1.)
    ,(8.485281374239E-02,8.485281374239E-02,8.485281374239E-02
      ,8.485281374239E-02,8.485281374239E-02,8.485281374239E-02
      ,8.485281374239E-02,8.485281374239E-02)
,(1.,1.,1.,1.,1.,1.,1.,1.))) REPRESENTATION_ITEM('') SURFACE() );
#4924 = CARTESIAN_POINT('',(-20.97010471944,-4.810085935083,
    1.740000043754));
#4925 = CARTESIAN_POINT('',(-20.97010471747,-4.765085935083,
    1.740000047688));
#4926 = CARTESIAN_POINT('',(-20.9701047155,-4.720085935083,
    1.740000051622));
#4927 = CARTESIAN_POINT('',(-20.97010471266,-4.655085935083,
    1.740000057305));
#4928 = CARTESIAN_POINT('',(-20.97010471179,-4.635085935083,
    1.740000059053));
#4929 = CARTESIAN_POINT('',(-20.97010470895,-4.570085935083,
    1.740000064736));
#4930 = CARTESIAN_POINT('',(-20.97010470698,-4.525085935083,
    1.74000006867));
#4931 = CARTESIAN_POINT('',(-20.97010470501,-4.480085935083,
    1.740000072604));
#4932 = CARTESIAN_POINT('',(-20.85010471944,-4.810085940329,1.740000049)
  );
#4933 = CARTESIAN_POINT('',(-20.85010471747,-4.765085940329,
    1.740000052934));
#4934 = CARTESIAN_POINT('',(-20.8501047155,-4.720085940329,
    1.740000056868));
#4935 = CARTESIAN_POINT('',(-20.85010471266,-4.655085940329,
    1.74000006255));
#4936 = CARTESIAN_POINT('',(-20.85010471179,-4.635085940329,
    1.740000064299));
#4937 = CARTESIAN_POINT('',(-20.85010470895,-4.570085940329,
    1.740000069981));
#4938 = CARTESIAN_POINT('',(-20.85010470698,-4.525085940329,
    1.740000073915));
#4939 = CARTESIAN_POINT('',(-20.85010470501,-4.480085940329,
    1.740000077849));
#4940 = CARTESIAN_POINT('',(-20.85010471419,-4.810085929838,1.620000049)
  );
#4941 = CARTESIAN_POINT('',(-20.85010471222,-4.765085929838,
    1.620000052934));
#4942 = CARTESIAN_POINT('',(-20.85010471026,-4.720085929838,
    1.620000056868));
#4943 = CARTESIAN_POINT('',(-20.85010470742,-4.655085929838,
    1.62000006255));
#4944 = CARTESIAN_POINT('',(-20.85010470654,-4.635085929838,
    1.620000064299));
#4945 = CARTESIAN_POINT('',(-20.8501047037,-4.570085929838,
    1.620000069981));
#4946 = CARTESIAN_POINT('',(-20.85010470173,-4.525085929838,
    1.620000073915));
#4947 = CARTESIAN_POINT('',(-20.85010469977,-4.480085929838,
    1.620000077849));
#4948 = ADVANCED_FACE('',(#4949),#4997,.T.);
#4949 = FACE_BOUND('',#4950,.T.);
#4950 = EDGE_LOOP('',(#4951,#4982,#4989,#4990));
#4951 = ORIENTED_EDGE('',*,*,#4952,.T.);
#4952 = EDGE_CURVE('',#4953,#4955,#4957,.T.);
#4953 = VERTEX_POINT('',#4954);
#4954 = CARTESIAN_POINT('',(-21.03010471354,-4.675085932461,
    1.740000052934));
#4955 = VERTEX_POINT('',#4956);
#4956 = CARTESIAN_POINT('',(-21.15010471354,-4.795085916724,
    1.620000037198));
#4957 = B_SPLINE_CURVE_WITH_KNOTS('',3,(#4958,#4959,#4960,#4961,#4962,
    #4963,#4964,#4965,#4966,#4967,#4968,#4969,#4970,#4971,#4972,#4973,
    #4974,#4975,#4976,#4977,#4978,#4979,#4980,#4981),.UNSPECIFIED.,.F.,
  .F.,(4,2,2,1,2,2,2,2,2,1,2,2,4),(0.,0.125,0.1875,0.21875,0.234375,0.25
    ,0.5,0.625,0.6875,0.71875,0.734375,0.75,1.),.UNSPECIFIED.);
#4958 = CARTESIAN_POINT('',(-21.03010471354,-4.675085932461,
    1.740000052934));
#4959 = CARTESIAN_POINT('',(-21.03140116361,-4.676382382287,
    1.740000052763));
#4960 = CARTESIAN_POINT('',(-21.03475635538,-4.679338977575,
    1.738504071834));
#4961 = CARTESIAN_POINT('',(-21.04287725558,-4.68742304802,
    1.732539936284));
#4962 = CARTESIAN_POINT('',(-21.04609890773,-4.690715217287,
    1.729938432541));
#4963 = CARTESIAN_POINT('',(-21.0517034141,-4.696482823171,
    1.725118450594));
#4964 = CARTESIAN_POINT('',(-21.05469867431,-4.699570754551,
    1.722482099303));
#4965 = CARTESIAN_POINT('',(-21.05798344507,-4.702922410256,
    1.719536885118));
#4966 = CARTESIAN_POINT('',(-21.06023762793,-4.705208728703,
    1.717510337032));
#4967 = CARTESIAN_POINT('',(-21.06222293971,-4.707204098183,
    1.715721173524));
#4968 = CARTESIAN_POINT('',(-21.06843430775,-4.713416427276,
    1.710124842134));
#4969 = CARTESIAN_POINT('',(-21.07964843958,-4.724629746649,
    1.699780471978));
#4970 = CARTESIAN_POINT('',(-21.10009286977,-4.745074032815,
    1.679423797835));
#4971 = CARTESIAN_POINT('',(-21.10598067176,-4.751067587911,
    1.673260132383));
#4972 = CARTESIAN_POINT('',(-21.11342186264,-4.758498360154,
    1.66546135896));
#4973 = CARTESIAN_POINT('',(-21.11567050758,-4.760725544839,
    1.663092588418));
#4974 = CARTESIAN_POINT('',(-21.11869584697,-4.76371494538,
    1.659881149412));
#4975 = CARTESIAN_POINT('',(-21.12012160966,-4.76512223975,
    1.658360348076));
#4976 = CARTESIAN_POINT('',(-21.12141701184,-4.766405615755,
    1.656962568814));
#4977 = CARTESIAN_POINT('',(-21.12225164429,-4.767234572715,
    1.656057412453));
#4978 = CARTESIAN_POINT('',(-21.12191524446,-4.766896593924,
    1.656429469885));
#4979 = CARTESIAN_POINT('',(-21.1410840836,-4.786063012791,
    1.635392365359));
#4980 = CARTESIAN_POINT('',(-21.15010471366,-4.795085916906,
    1.622786791744));
#4981 = CARTESIAN_POINT('',(-21.15010471354,-4.795085916724,
    1.620000037198));
#4982 = ORIENTED_EDGE('',*,*,#4983,.F.);
#4983 = EDGE_CURVE('',#4889,#4955,#4984,.T.);
#4984 = B_SPLINE_CURVE_WITH_KNOTS('',3,(#4985,#4986,#4987,#4988),
  .UNSPECIFIED.,.F.,.F.,(4,4),(0.,1.),.PIECEWISE_BEZIER_KNOTS.);
#4985 = CARTESIAN_POINT('',(-20.85010471354,-4.795085929838,
    1.620000050311));
#4986 = CARTESIAN_POINT('',(-20.95010471354,-4.795085925467,
    1.62000004594));
#4987 = CARTESIAN_POINT('',(-21.05010471354,-4.795085921096,
    1.620000041569));
#4988 = CARTESIAN_POINT('',(-21.15010471354,-4.795085916724,
    1.620000037198));
#4989 = ORIENTED_EDGE('',*,*,#4888,.F.);
#4990 = ORIENTED_EDGE('',*,*,#4991,.F.);
#4991 = EDGE_CURVE('',#4953,#4880,#4992,.T.);
#4992 = B_SPLINE_CURVE_WITH_KNOTS('',3,(#4993,#4994,#4995,#4996),
  .UNSPECIFIED.,.F.,.F.,(4,4),(0.,1.),.PIECEWISE_BEZIER_KNOTS.);
#4993 = CARTESIAN_POINT('',(-21.03010471354,-4.675085932461,
    1.740000052934));
#4994 = CARTESIAN_POINT('',(-21.01010471354,-4.675085933335,
    1.740000053808));
#4995 = CARTESIAN_POINT('',(-20.99010471354,-4.675085934209,
    1.740000054682));
#4996 = CARTESIAN_POINT('',(-20.97010471354,-4.675085935083,
    1.740000055556));
#4997 = ( BOUNDED_SURFACE() B_SPLINE_SURFACE(2,3,(
    (#4998,#4999,#5000,#5001,#5002,#5003,#5004,#5005)
    ,(#5006,#5007,#5008,#5009,#5010,#5011,#5012,#5013)
    ,(#5014,#5015,#5016,#5017,#5018,#5019,#5020,#5021
)),.UNSPECIFIED.,.F.,.F.,.F.) B_SPLINE_SURFACE_WITH_KNOTS((3,3),(4,2,2,4
    ),(0.,1.),(-1.65E-04,-2.999999999998E-05,3.000000000002E-05,1.65E-04
),.UNSPECIFIED.) GEOMETRIC_REPRESENTATION_ITEM() 
RATIONAL_B_SPLINE_SURFACE((
    (1.,1.,1.,1.,1.,1.,1.,1.)
    ,(8.485281374239E-02,8.485281374239E-02,8.485281374239E-02
      ,8.485281374239E-02,8.485281374239E-02,8.485281374239E-02
      ,8.485281374239E-02,8.485281374239E-02)
,(1.,1.,1.,1.,1.,1.,1.,1.))) REPRESENTATION_ITEM('') SURFACE() );
#4998 = CARTESIAN_POINT('',(-21.16510471354,-4.67508592656,
    1.740000047033));
#4999 = CARTESIAN_POINT('',(-21.12010471354,-4.675085928527,1.740000049)
  );
#5000 = CARTESIAN_POINT('',(-21.07510471354,-4.675085930494,
    1.740000050967));
#5001 = CARTESIAN_POINT('',(-21.01010471354,-4.675085933335,
    1.740000053808));
#5002 = CARTESIAN_POINT('',(-20.99010471354,-4.675085934209,
    1.740000054682));
#5003 = CARTESIAN_POINT('',(-20.92510471354,-4.67508593705,
    1.740000057523));
#5004 = CARTESIAN_POINT('',(-20.88010471354,-4.675085939017,
    1.74000005949));
#5005 = CARTESIAN_POINT('',(-20.83510471354,-4.675085940984,
    1.740000061457));
#5006 = CARTESIAN_POINT('',(-21.16510471878,-4.79508592656,
    1.740000036542));
#5007 = CARTESIAN_POINT('',(-21.12010471878,-4.795085928527,
    1.740000038509));
#5008 = CARTESIAN_POINT('',(-21.07510471878,-4.795085930494,
    1.740000040476));
#5009 = CARTESIAN_POINT('',(-21.01010471878,-4.795085933335,
    1.740000043317));
#5010 = CARTESIAN_POINT('',(-20.99010471878,-4.795085934209,
    1.740000044191));
#5011 = CARTESIAN_POINT('',(-20.92510471878,-4.79508593705,
    1.740000047033));
#5012 = CARTESIAN_POINT('',(-20.88010471878,-4.795085939017,1.740000049)
  );
#5013 = CARTESIAN_POINT('',(-20.83510471878,-4.795085940984,
    1.740000050967));
#5014 = CARTESIAN_POINT('',(-21.16510471354,-4.795085916069,
    1.620000036542));
#5015 = CARTESIAN_POINT('',(-21.12010471354,-4.795085918036,
    1.620000038509));
#5016 = CARTESIAN_POINT('',(-21.07510471354,-4.795085920003,
    1.620000040476));
#5017 = CARTESIAN_POINT('',(-21.01010471354,-4.795085922844,
    1.620000043317));
#5018 = CARTESIAN_POINT('',(-20.99010471354,-4.795085923718,
    1.620000044191));
#5019 = CARTESIAN_POINT('',(-20.92510471354,-4.79508592656,
    1.620000047033));
#5020 = CARTESIAN_POINT('',(-20.88010471354,-4.795085928527,1.620000049)
  );
#5021 = CARTESIAN_POINT('',(-20.83510471354,-4.795085930494,
    1.620000050967));
#5022 = ADVANCED_FACE('',(#5023),#5071,.T.);
#5023 = FACE_BOUND('',#5024,.T.);
#5024 = EDGE_LOOP('',(#5025,#5056,#5063,#5064));
#5025 = ORIENTED_EDGE('',*,*,#5026,.T.);
#5026 = EDGE_CURVE('',#5027,#5029,#5031,.T.);
#5027 = VERTEX_POINT('',#5028);
#5028 = CARTESIAN_POINT('',(-21.15010470042,-4.495085916724,
    1.620000063424));
#5029 = VERTEX_POINT('',#5030);
#5030 = CARTESIAN_POINT('',(-21.03010471091,-4.615085932461,
    1.740000058179));
#5031 = B_SPLINE_CURVE_WITH_KNOTS('',3,(#5032,#5033,#5034,#5035,#5036,
    #5037,#5038,#5039,#5040,#5041,#5042,#5043,#5044,#5045,#5046,#5047,
    #5048,#5049,#5050,#5051,#5052,#5053,#5054,#5055),.UNSPECIFIED.,.F.,
  .F.,(4,2,2,1,2,2,2,2,2,1,2,2,4),(0.,0.125,0.1875,0.21875,0.234375,0.25
    ,0.5,0.625,0.6875,0.71875,0.734375,0.75,1.),.UNSPECIFIED.);
#5032 = CARTESIAN_POINT('',(-21.15010470042,-4.495085916724,
    1.620000063424));
#5033 = CARTESIAN_POINT('',(-21.15010470048,-4.495085916847,
    1.621393206981));
#5034 = CARTESIAN_POINT('',(-21.14784954315,-4.496842966333,
    1.624718386431));
#5035 = CARTESIAN_POINT('',(-21.14108407117,-4.503569870097,
    1.633653008228));
#5036 = CARTESIAN_POINT('',(-21.13826512451,-4.506479245604,
    1.637269319154));
#5037 = CARTESIAN_POINT('',(-21.13319102052,-4.511755162869,
    1.643491030907));
#5038 = CARTESIAN_POINT('',(-21.13044254752,-4.514617089118,
    1.646797215278));
#5039 = CARTESIAN_POINT('',(-21.12737694301,-4.517763281798,
    1.65033343088));
#5040 = CARTESIAN_POINT('',(-21.125262733,-4.519916020469,1.652733174208
    ));
#5041 = CARTESIAN_POINT('',(-21.12343072589,-4.521759861324,
    1.654766199689));
#5042 = CARTESIAN_POINT('',(-21.116836198,-4.528355016699,1.662005053911
    ));
#5043 = CARTESIAN_POINT('',(-21.10788070097,-4.537309856754,
    1.671669234613));
#5044 = CARTESIAN_POINT('',(-21.08597672686,-4.559213940474,
    1.693479440954));
#5045 = CARTESIAN_POINT('',(-21.07976858595,-4.565558364262,
    1.699574312457));
#5046 = CARTESIAN_POINT('',(-21.07209615027,-4.573214051141,
    1.706784747989));
#5047 = CARTESIAN_POINT('',(-21.06981196765,-4.575470191808,
    1.708879880847));
#5048 = CARTESIAN_POINT('',(-21.06679563765,-4.578441402344,
    1.711612661385));
#5049 = CARTESIAN_POINT('',(-21.06538995863,-4.579824253271,
    1.712876943218));
#5050 = CARTESIAN_POINT('',(-21.06413800858,-4.581061589588,
    1.713999739816));
#5051 = CARTESIAN_POINT('',(-21.06333753721,-4.581855182726,
    1.714718142372));
#5052 = CARTESIAN_POINT('',(-21.06377968399,-4.581411185117,
    1.714318956144));
#5053 = CARTESIAN_POINT('',(-21.0435263063,-4.601660622167,1.73256050593
    ));
#5054 = CARTESIAN_POINT('',(-21.03269844029,-4.612492202585,
    1.740000058291));
#5055 = CARTESIAN_POINT('',(-21.03010471091,-4.615085932461,
    1.740000058179));
#5056 = ORIENTED_EDGE('',*,*,#5057,.F.);
#5057 = EDGE_CURVE('',#4851,#5029,#5058,.T.);
#5058 = B_SPLINE_CURVE_WITH_KNOTS('',3,(#5059,#5060,#5061,#5062),
  .UNSPECIFIED.,.F.,.F.,(4,4),(0.,1.),.PIECEWISE_BEZIER_KNOTS.);
#5059 = CARTESIAN_POINT('',(-20.97010471091,-4.615085935083,
    1.740000060802));
#5060 = CARTESIAN_POINT('',(-20.99010471091,-4.615085934209,
    1.740000059928));
#5061 = CARTESIAN_POINT('',(-21.01010471091,-4.615085933335,
    1.740000059053));
#5062 = CARTESIAN_POINT('',(-21.03010471091,-4.615085932461,
    1.740000058179));
#5063 = ORIENTED_EDGE('',*,*,#4848,.F.);
#5064 = ORIENTED_EDGE('',*,*,#5065,.F.);
#5065 = EDGE_CURVE('',#5027,#4849,#5066,.T.);
#5066 = B_SPLINE_CURVE_WITH_KNOTS('',3,(#5067,#5068,#5069,#5070),
  .UNSPECIFIED.,.F.,.F.,(4,4),(0.,1.),.PIECEWISE_BEZIER_KNOTS.);
#5067 = CARTESIAN_POINT('',(-21.15010470042,-4.495085916724,
    1.620000063424));
#5068 = CARTESIAN_POINT('',(-21.05010470042,-4.495085921096,
    1.620000067796));
#5069 = CARTESIAN_POINT('',(-20.95010470042,-4.495085925467,
    1.620000072167));
#5070 = CARTESIAN_POINT('',(-20.85010470042,-4.495085929838,
    1.620000076538));
#5071 = ( BOUNDED_SURFACE() B_SPLINE_SURFACE(2,3,(
    (#5072,#5073,#5074,#5075,#5076,#5077,#5078,#5079)
    ,(#5080,#5081,#5082,#5083,#5084,#5085,#5086,#5087)
    ,(#5088,#5089,#5090,#5091,#5092,#5093,#5094,#5095
)),.UNSPECIFIED.,.F.,.F.,.F.) B_SPLINE_SURFACE_WITH_KNOTS((3,3),(4,2,2,4
    ),(0.,1.),(-1.65E-04,-3.000000000002E-05,2.999999999998E-05,1.65E-04
),.UNSPECIFIED.) GEOMETRIC_REPRESENTATION_ITEM() 
RATIONAL_B_SPLINE_SURFACE((
    (1.,1.,1.,1.,1.,1.,1.,1.)
    ,(8.485281374239E-02,8.485281374239E-02,8.485281374239E-02
      ,8.485281374239E-02,8.485281374239E-02,8.485281374239E-02
      ,8.485281374239E-02,8.485281374239E-02)
,(1.,1.,1.,1.,1.,1.,1.,1.))) REPRESENTATION_ITEM('') SURFACE() );
#5072 = CARTESIAN_POINT('',(-20.83510471091,-4.615085940984,
    1.740000066703));
#5073 = CARTESIAN_POINT('',(-20.88010471091,-4.615085939017,
    1.740000064736));
#5074 = CARTESIAN_POINT('',(-20.92510471091,-4.61508593705,
    1.740000062769));
#5075 = CARTESIAN_POINT('',(-20.99010471091,-4.615085934209,
    1.740000059928));
#5076 = CARTESIAN_POINT('',(-21.01010471091,-4.615085933335,
    1.740000059053));
#5077 = CARTESIAN_POINT('',(-21.07510471091,-4.615085930494,
    1.740000056212));
#5078 = CARTESIAN_POINT('',(-21.12010471091,-4.615085928527,
    1.740000054245));
#5079 = CARTESIAN_POINT('',(-21.16510471091,-4.61508592656,
    1.740000052278));
#5080 = CARTESIAN_POINT('',(-20.83510470567,-4.495085940984,
    1.740000077194));
#5081 = CARTESIAN_POINT('',(-20.88010470567,-4.495085939017,
    1.740000075227));
#5082 = CARTESIAN_POINT('',(-20.92510470567,-4.49508593705,1.74000007326
    ));
#5083 = CARTESIAN_POINT('',(-20.99010470567,-4.495085934209,
    1.740000070418));
#5084 = CARTESIAN_POINT('',(-21.01010470567,-4.495085933335,
    1.740000069544));
#5085 = CARTESIAN_POINT('',(-21.07510470567,-4.495085930494,
    1.740000066703));
#5086 = CARTESIAN_POINT('',(-21.12010470567,-4.495085928527,
    1.740000064736));
#5087 = CARTESIAN_POINT('',(-21.16510470567,-4.49508592656,
    1.740000062769));
#5088 = CARTESIAN_POINT('',(-20.83510470042,-4.495085930494,
    1.620000077194));
#5089 = CARTESIAN_POINT('',(-20.88010470042,-4.495085928527,
    1.620000075227));
#5090 = CARTESIAN_POINT('',(-20.92510470042,-4.49508592656,1.62000007326
    ));
#5091 = CARTESIAN_POINT('',(-20.99010470042,-4.495085923718,
    1.620000070418));
#5092 = CARTESIAN_POINT('',(-21.01010470042,-4.495085922844,
    1.620000069544));
#5093 = CARTESIAN_POINT('',(-21.07510470042,-4.495085920003,
    1.620000066703));
#5094 = CARTESIAN_POINT('',(-21.12010470042,-4.495085918036,
    1.620000064736));
#5095 = CARTESIAN_POINT('',(-21.16510470042,-4.495085916069,
    1.620000062769));
#5096 = ADVANCED_FACE('',(#5097),#5115,.T.);
#5097 = FACE_BOUND('',#5098,.T.);
#5098 = EDGE_LOOP('',(#5099,#5100,#5107,#5108));
#5099 = ORIENTED_EDGE('',*,*,#4952,.F.);
#5100 = ORIENTED_EDGE('',*,*,#5101,.F.);
#5101 = EDGE_CURVE('',#5029,#4953,#5102,.T.);
#5102 = B_SPLINE_CURVE_WITH_KNOTS('',3,(#5103,#5104,#5105,#5106),
  .UNSPECIFIED.,.F.,.F.,(4,4),(0.,1.),.PIECEWISE_BEZIER_KNOTS.);
#5103 = CARTESIAN_POINT('',(-21.03010471091,-4.615085932461,
    1.740000058179));
#5104 = CARTESIAN_POINT('',(-21.03010471179,-4.635085932461,
    1.740000056431));
#5105 = CARTESIAN_POINT('',(-21.03010471266,-4.655085932461,
    1.740000054682));
#5106 = CARTESIAN_POINT('',(-21.03010471354,-4.675085932461,
    1.740000052934));
#5107 = ORIENTED_EDGE('',*,*,#5026,.F.);
#5108 = ORIENTED_EDGE('',*,*,#5109,.F.);
#5109 = EDGE_CURVE('',#4955,#5027,#5110,.T.);
#5110 = B_SPLINE_CURVE_WITH_KNOTS('',3,(#5111,#5112,#5113,#5114),
  .UNSPECIFIED.,.F.,.F.,(4,4),(0.,1.),.PIECEWISE_BEZIER_KNOTS.);
#5111 = CARTESIAN_POINT('',(-21.15010471354,-4.795085916724,
    1.620000037198));
#5112 = CARTESIAN_POINT('',(-21.15010470916,-4.695085916724,
    1.62000004594));
#5113 = CARTESIAN_POINT('',(-21.15010470479,-4.595085916724,
    1.620000054682));
#5114 = CARTESIAN_POINT('',(-21.15010470042,-4.495085916724,
    1.620000063424));
#5115 = ( BOUNDED_SURFACE() B_SPLINE_SURFACE(2,3,(
    (#5116,#5117,#5118,#5119,#5120,#5121,#5122,#5123)
    ,(#5124,#5125,#5126,#5127,#5128,#5129,#5130,#5131)
    ,(#5132,#5133,#5134,#5135,#5136,#5137,#5138,#5139
)),.UNSPECIFIED.,.F.,.F.,.F.) B_SPLINE_SURFACE_WITH_KNOTS((3,3),(4,2,2,4
    ),(0.,1.),(-2.07E-03,-1.935E-03,-1.875E-03,-1.74E-03),
.UNSPECIFIED.) GEOMETRIC_REPRESENTATION_ITEM() RATIONAL_B_SPLINE_SURFACE
((
    (1.,1.,1.,1.,1.,1.,1.,1.)
    ,(8.485281374239E-02,8.485281374239E-02,8.485281374239E-02
      ,8.485281374239E-02,8.485281374239E-02,8.485281374239E-02
      ,8.485281374239E-02,8.485281374239E-02)
,(1.,1.,1.,1.,1.,1.,1.,1.))) REPRESENTATION_ITEM('') SURFACE() );
#5116 = CARTESIAN_POINT('',(-21.03010470501,-4.480085932461,
    1.740000069981));
#5117 = CARTESIAN_POINT('',(-21.03010470698,-4.525085932461,
    1.740000066047));
#5118 = CARTESIAN_POINT('',(-21.03010470895,-4.570085932461,
    1.740000062113));
#5119 = CARTESIAN_POINT('',(-21.03010471179,-4.635085932461,
    1.740000056431));
#5120 = CARTESIAN_POINT('',(-21.03010471266,-4.655085932461,
    1.740000054682));
#5121 = CARTESIAN_POINT('',(-21.0301047155,-4.720085932461,1.740000049)
  );
#5122 = CARTESIAN_POINT('',(-21.03010471747,-4.765085932461,
    1.740000045066));
#5123 = CARTESIAN_POINT('',(-21.03010471944,-4.810085932461,
    1.740000041132));
#5124 = CARTESIAN_POINT('',(-21.15010470501,-4.480085927215,
    1.740000064736));
#5125 = CARTESIAN_POINT('',(-21.15010470698,-4.525085927215,
    1.740000060802));
#5126 = CARTESIAN_POINT('',(-21.15010470895,-4.570085927215,
    1.740000056868));
#5127 = CARTESIAN_POINT('',(-21.15010471179,-4.635085927215,
    1.740000051185));
#5128 = CARTESIAN_POINT('',(-21.15010471266,-4.655085927215,
    1.740000049437));
#5129 = CARTESIAN_POINT('',(-21.1501047155,-4.720085927215,
    1.740000043754));
#5130 = CARTESIAN_POINT('',(-21.15010471747,-4.765085927215,
    1.74000003982));
#5131 = CARTESIAN_POINT('',(-21.15010471944,-4.810085927215,
    1.740000035886));
#5132 = CARTESIAN_POINT('',(-21.15010469977,-4.480085916724,
    1.620000064736));
#5133 = CARTESIAN_POINT('',(-21.15010470173,-4.525085916724,
    1.620000060802));
#5134 = CARTESIAN_POINT('',(-21.1501047037,-4.570085916724,
    1.620000056868));
#5135 = CARTESIAN_POINT('',(-21.15010470654,-4.635085916724,
    1.620000051185));
#5136 = CARTESIAN_POINT('',(-21.15010470742,-4.655085916724,
    1.620000049437));
#5137 = CARTESIAN_POINT('',(-21.15010471026,-4.720085916724,
    1.620000043754));
#5138 = CARTESIAN_POINT('',(-21.15010471222,-4.765085916724,
    1.62000003982));
#5139 = CARTESIAN_POINT('',(-21.15010471419,-4.810085916724,
    1.620000035886));
#5140 = ADVANCED_FACE('',(#5141),#5219,.T.);
#5141 = FACE_BOUND('',#5142,.T.);
#5142 = EDGE_LOOP('',(#5143,#5174,#5183,#5212));
#5143 = ORIENTED_EDGE('',*,*,#5144,.T.);
#5144 = EDGE_CURVE('',#5145,#5147,#5149,.T.);
#5145 = VERTEX_POINT('',#5146);
#5146 = CARTESIAN_POINT('',(-20.85010475594,-5.765085929838,
    1.619999965511));
#5147 = VERTEX_POINT('',#5148);
#5148 = CARTESIAN_POINT('',(-20.97010476643,-5.885085935083,
    1.739999949775));
#5149 = B_SPLINE_CURVE_WITH_KNOTS('',3,(#5150,#5151,#5152,#5153,#5154,
    #5155,#5156,#5157,#5158,#5159,#5160,#5161,#5162,#5163,#5164,#5165,
    #5166,#5167,#5168,#5169,#5170,#5171,#5172,#5173),.UNSPECIFIED.,.F.,
  .F.,(4,2,2,1,2,2,2,2,2,1,2,2,4),(0.,0.125,0.1875,0.21875,0.234375,0.25
    ,0.5,0.625,0.6875,0.71875,0.734375,0.75,1.),.UNSPECIFIED.);
#5150 = CARTESIAN_POINT('',(-20.85010475594,-5.765085929838,
    1.619999965511));
#5151 = CARTESIAN_POINT('',(-20.850104756,-5.76508592996,1.621393109067)
  );
#5152 = CARTESIAN_POINT('',(-20.85186180534,-5.767341087728,
    1.624718288299));
#5153 = CARTESIAN_POINT('',(-20.85858870871,-5.774106560879,
    1.633652909503));
#5154 = CARTESIAN_POINT('',(-20.86149808406,-5.776925508012,
    1.637269220186));
#5155 = CARTESIAN_POINT('',(-20.86677400105,-5.781999612823,
    1.643490931505));
#5156 = CARTESIAN_POINT('',(-20.86963592716,-5.784748086256,
    1.64679711564));
#5157 = CARTESIAN_POINT('',(-20.87278211968,-5.787813691229,
    1.650333330978));
#5158 = CARTESIAN_POINT('',(-20.87493485825,-5.789927901552,
    1.652733074122));
#5159 = CARTESIAN_POINT('',(-20.87677869902,-5.791759908926,
    1.654766099444));
#5160 = CARTESIAN_POINT('',(-20.88337385407,-5.798354437765,
    1.662004953088));
#5161 = CARTESIAN_POINT('',(-20.89232869371,-5.807309936062,
    1.671669133007));
#5162 = CARTESIAN_POINT('',(-20.91423277647,-5.829213913038,
    1.693479337435));
#5163 = CARTESIAN_POINT('',(-20.9205772,-5.835422054743,1.699574208401)
  );
#5164 = CARTESIAN_POINT('',(-20.92823288656,-5.843094491376,
    1.706784643262));
#5165 = CARTESIAN_POINT('',(-20.93048902714,-5.845378674266,
    1.708879775918));
#5166 = CARTESIAN_POINT('',(-20.93346023755,-5.848395004624,
    1.711612556191));
#5167 = CARTESIAN_POINT('',(-20.93484308842,-5.849800683809,1.7128768379
    ));
#5168 = CARTESIAN_POINT('',(-20.93608042469,-5.851052634002,
    1.713999634388));
#5169 = CARTESIAN_POINT('',(-20.9368740178,-5.851853105467,
    1.714718036874));
#5170 = CARTESIAN_POINT('',(-20.93643002021,-5.851410958636,
    1.714318850684));
#5171 = CARTESIAN_POINT('',(-20.95667945646,-5.871664338723,
    1.732560398698));
#5172 = CARTESIAN_POINT('',(-20.96751103655,-5.882492205705,
    1.739999950113));
#5173 = CARTESIAN_POINT('',(-20.97010476643,-5.885085935083,
    1.739999949775));
#5174 = ORIENTED_EDGE('',*,*,#5175,.F.);
#5175 = EDGE_CURVE('',#5176,#5147,#5178,.T.);
#5176 = VERTEX_POINT('',#5177);
#5177 = CARTESIAN_POINT('',(-20.97010476905,-5.945085935083,
    1.73999994453));
#5178 = B_SPLINE_CURVE_WITH_KNOTS('',3,(#5179,#5180,#5181,#5182),
  .UNSPECIFIED.,.F.,.F.,(4,4),(0.,1.),.PIECEWISE_BEZIER_KNOTS.);
#5179 = CARTESIAN_POINT('',(-20.97010476905,-5.945085935083,
    1.73999994453));
#5180 = CARTESIAN_POINT('',(-20.97010476818,-5.925085935083,
    1.739999946278));
#5181 = CARTESIAN_POINT('',(-20.9701047673,-5.905085935083,
    1.739999948026));
#5182 = CARTESIAN_POINT('',(-20.97010476643,-5.885085935083,
    1.739999949775));
#5183 = ORIENTED_EDGE('',*,*,#5184,.T.);
#5184 = EDGE_CURVE('',#5176,#5185,#5187,.T.);
#5185 = VERTEX_POINT('',#5186);
#5186 = CARTESIAN_POINT('',(-20.85010476905,-6.065085929838,
    1.619999939284));
#5187 = B_SPLINE_CURVE_WITH_KNOTS('',3,(#5188,#5189,#5190,#5191,#5192,
    #5193,#5194,#5195,#5196,#5197,#5198,#5199,#5200,#5201,#5202,#5203,
    #5204,#5205,#5206,#5207,#5208,#5209,#5210,#5211),.UNSPECIFIED.,.F.,
  .F.,(4,2,2,1,2,2,2,2,2,1,2,2,4),(0.,0.125,0.1875,0.21875,0.234375,0.25
    ,0.5,0.625,0.6875,0.71875,0.734375,0.75,1.),.UNSPECIFIED.);
#5188 = CARTESIAN_POINT('',(-20.97010476905,-5.945085935083,
    1.73999994453));
#5189 = CARTESIAN_POINT('',(-20.96880831922,-5.946382385154,
    1.739999944472));
#5190 = CARTESIAN_POINT('',(-20.96585172374,-5.949737576862,
    1.738503963785));
#5191 = CARTESIAN_POINT('',(-20.95776765251,-5.957858476798,
    1.732539828939));
#5192 = CARTESIAN_POINT('',(-20.9544754829,-5.961080128839,
    1.729938325487));
#5193 = CARTESIAN_POINT('',(-20.94870787639,-5.966684634993,
    1.725118344052));
#5194 = CARTESIAN_POINT('',(-20.94561994466,-5.969679895092,
    1.722481993034));
#5195 = CARTESIAN_POINT('',(-20.94226828857,-5.972964665727,
    1.719536779145));
#5196 = CARTESIAN_POINT('',(-20.93998196986,-5.975218848492,
    1.71751023126));
#5197 = CARTESIAN_POINT('',(-20.93798660014,-5.977204160192,
    1.715721067927));
#5198 = CARTESIAN_POINT('',(-20.93177427032,-5.98341552799,
    1.710124737083));
#5199 = CARTESIAN_POINT('',(-20.92056094959,-5.99462965937,
    1.699780367908));
#5200 = CARTESIAN_POINT('',(-20.90011666075,-6.015074088673,
    1.679423695548));
#5201 = CARTESIAN_POINT('',(-20.89412310485,-6.020961890392,
    1.673260030623));
#5202 = CARTESIAN_POINT('',(-20.88669233158,-6.028403080931,
    1.66546125785));
#5203 = CARTESIAN_POINT('',(-20.88446514658,-6.030651725769,
    1.663092487502));
#5204 = CARTESIAN_POINT('',(-20.88147574562,-6.033677065017,
    1.659881048756));
#5205 = CARTESIAN_POINT('',(-20.88006845105,-6.035102827639,
    1.658360247543));
#5206 = CARTESIAN_POINT('',(-20.87878507487,-6.036398229756,
    1.656962468393));
#5207 = CARTESIAN_POINT('',(-20.87795611779,-6.037232862166,
    1.656057312105));
#5208 = CARTESIAN_POINT('',(-20.87829409663,-6.036896462357,
    1.656429369507));
#5209 = CARTESIAN_POINT('',(-20.859127675,-6.05606530057,1.635392266657)
  );
#5210 = CARTESIAN_POINT('',(-20.85010476923,-6.065085930081,
    1.62278669383));
#5211 = CARTESIAN_POINT('',(-20.85010476905,-6.065085929838,
    1.619999939284));
#5212 = ORIENTED_EDGE('',*,*,#5213,.F.);
#5213 = EDGE_CURVE('',#5145,#5185,#5214,.T.);
#5214 = B_SPLINE_CURVE_WITH_KNOTS('',3,(#5215,#5216,#5217,#5218),
  .UNSPECIFIED.,.F.,.F.,(4,4),(0.,1.),.PIECEWISE_BEZIER_KNOTS.);
#5215 = CARTESIAN_POINT('',(-20.85010475594,-5.765085929838,
    1.619999965511));
#5216 = CARTESIAN_POINT('',(-20.85010476031,-5.865085929838,
    1.619999956769));
#5217 = CARTESIAN_POINT('',(-20.85010476468,-5.965085929838,
    1.619999948026));
#5218 = CARTESIAN_POINT('',(-20.85010476905,-6.065085929838,
    1.619999939284));
#5219 = ( BOUNDED_SURFACE() B_SPLINE_SURFACE(2,3,(
    (#5220,#5221,#5222,#5223,#5224,#5225,#5226,#5227)
    ,(#5228,#5229,#5230,#5231,#5232,#5233,#5234,#5235)
    ,(#5236,#5237,#5238,#5239,#5240,#5241,#5242,#5243
)),.UNSPECIFIED.,.F.,.F.,.F.) B_SPLINE_SURFACE_WITH_KNOTS((3,3),(4,2,2,4
    ),(0.,1.),(4.7E-04,6.05E-04,6.65E-04,8.E-04),.UNSPECIFIED.) 
GEOMETRIC_REPRESENTATION_ITEM() RATIONAL_B_SPLINE_SURFACE((
    (1.,1.,1.,1.,1.,1.,1.,1.)
    ,(8.485281374239E-02,8.485281374239E-02,8.485281374239E-02
      ,8.485281374239E-02,8.485281374239E-02,8.485281374239E-02
      ,8.485281374239E-02,8.485281374239E-02)
,(1.,1.,1.,1.,1.,1.,1.,1.))) REPRESENTATION_ITEM('') SURFACE() );
#5220 = CARTESIAN_POINT('',(-20.97010477495,-6.080085935083,
    1.739999932727));
#5221 = CARTESIAN_POINT('',(-20.97010477298,-6.035085935083,
    1.739999936661));
#5222 = CARTESIAN_POINT('',(-20.97010477102,-5.990085935083,
    1.739999940596));
#5223 = CARTESIAN_POINT('',(-20.97010476818,-5.925085935083,
    1.739999946278));
#5224 = CARTESIAN_POINT('',(-20.9701047673,-5.905085935083,
    1.739999948026));
#5225 = CARTESIAN_POINT('',(-20.97010476446,-5.840085935083,
    1.739999953709));
#5226 = CARTESIAN_POINT('',(-20.97010476249,-5.795085935083,
    1.739999957643));
#5227 = CARTESIAN_POINT('',(-20.97010476053,-5.750085935083,
    1.739999961577));
#5228 = CARTESIAN_POINT('',(-20.85010477495,-6.080085940329,
    1.739999937973));
#5229 = CARTESIAN_POINT('',(-20.85010477298,-6.035085940329,
    1.739999941907));
#5230 = CARTESIAN_POINT('',(-20.85010477102,-5.990085940329,
    1.739999945841));
#5231 = CARTESIAN_POINT('',(-20.85010476818,-5.925085940329,
    1.739999951523));
#5232 = CARTESIAN_POINT('',(-20.8501047673,-5.905085940329,
    1.739999953272));
#5233 = CARTESIAN_POINT('',(-20.85010476446,-5.840085940329,
    1.739999958954));
#5234 = CARTESIAN_POINT('',(-20.85010476249,-5.795085940329,
    1.739999962888));
#5235 = CARTESIAN_POINT('',(-20.85010476053,-5.750085940329,
    1.739999966822));
#5236 = CARTESIAN_POINT('',(-20.85010476971,-6.080085929838,
    1.619999937973));
#5237 = CARTESIAN_POINT('',(-20.85010476774,-6.035085929838,
    1.619999941907));
#5238 = CARTESIAN_POINT('',(-20.85010476577,-5.990085929838,
    1.619999945841));
#5239 = CARTESIAN_POINT('',(-20.85010476293,-5.925085929838,
    1.619999951523));
#5240 = CARTESIAN_POINT('',(-20.85010476206,-5.905085929838,
    1.619999953272));
#5241 = CARTESIAN_POINT('',(-20.85010475921,-5.840085929838,
    1.619999958954));
#5242 = CARTESIAN_POINT('',(-20.85010475725,-5.795085929838,
    1.619999962888));
#5243 = CARTESIAN_POINT('',(-20.85010475528,-5.750085929838,
    1.619999966822));
#5244 = ADVANCED_FACE('',(#5245),#5293,.T.);
#5245 = FACE_BOUND('',#5246,.T.);
#5246 = EDGE_LOOP('',(#5247,#5278,#5285,#5286));
#5247 = ORIENTED_EDGE('',*,*,#5248,.T.);
#5248 = EDGE_CURVE('',#5249,#5251,#5253,.T.);
#5249 = VERTEX_POINT('',#5250);
#5250 = CARTESIAN_POINT('',(-21.03010476905,-5.945085932461,
    1.739999941907));
#5251 = VERTEX_POINT('',#5252);
#5252 = CARTESIAN_POINT('',(-21.15010476905,-6.065085916724,
    1.619999926171));
#5253 = B_SPLINE_CURVE_WITH_KNOTS('',3,(#5254,#5255,#5256,#5257,#5258,
    #5259,#5260,#5261,#5262,#5263,#5264,#5265,#5266,#5267,#5268,#5269,
    #5270,#5271,#5272,#5273,#5274,#5275,#5276,#5277),.UNSPECIFIED.,.F.,
  .F.,(4,2,2,1,2,2,2,2,2,1,2,2,4),(0.,0.125,0.1875,0.21875,0.234375,0.25
    ,0.5,0.625,0.6875,0.71875,0.734375,0.75,1.),.UNSPECIFIED.);
#5254 = CARTESIAN_POINT('',(-21.03010476905,-5.945085932461,
    1.739999941907));
#5255 = CARTESIAN_POINT('',(-21.03140121912,-5.946382382287,
    1.739999941736));
#5256 = CARTESIAN_POINT('',(-21.03475641089,-5.949338977576,
    1.738503960807));
#5257 = CARTESIAN_POINT('',(-21.04287731109,-5.957423048021,
    1.732539825256));
#5258 = CARTESIAN_POINT('',(-21.04609896325,-5.960715217288,
    1.729938321513));
#5259 = CARTESIAN_POINT('',(-21.05170346961,-5.966482823172,
    1.725118339566));
#5260 = CARTESIAN_POINT('',(-21.05469872982,-5.969570754552,
    1.722481988275));
#5261 = CARTESIAN_POINT('',(-21.05798350059,-5.972922410257,
    1.71953677409));
#5262 = CARTESIAN_POINT('',(-21.06023768344,-5.975208728703,
    1.717510226005));
#5263 = CARTESIAN_POINT('',(-21.06222299522,-5.977204098183,
    1.715721062497));
#5264 = CARTESIAN_POINT('',(-21.06843436327,-5.983416427278,
    1.710124731106));
#5265 = CARTESIAN_POINT('',(-21.07964849509,-5.994629746647,
    1.699780360953));
#5266 = CARTESIAN_POINT('',(-21.10009292529,-6.015074032816,
    1.679423686807));
#5267 = CARTESIAN_POINT('',(-21.10598072728,-6.021067587912,
    1.673260021354));
#5268 = CARTESIAN_POINT('',(-21.11342191815,-6.028498360155,
    1.665461247932));
#5269 = CARTESIAN_POINT('',(-21.1156705631,-6.03072554484,1.66309247739)
  );
#5270 = CARTESIAN_POINT('',(-21.11869590249,-6.033714945381,
    1.659881038384));
#5271 = CARTESIAN_POINT('',(-21.12012166517,-6.035122239751,
    1.658360237049));
#5272 = CARTESIAN_POINT('',(-21.12141706735,-6.036405615755,
    1.656962457787));
#5273 = CARTESIAN_POINT('',(-21.1222516998,-6.037234572715,
    1.656057301426));
#5274 = CARTESIAN_POINT('',(-21.12191529998,-6.036896593924,
    1.656429358858));
#5275 = CARTESIAN_POINT('',(-21.14108413911,-6.056063012791,
    1.635392254332));
#5276 = CARTESIAN_POINT('',(-21.15010476917,-6.065085916906,
    1.622786680717));
#5277 = CARTESIAN_POINT('',(-21.15010476905,-6.065085916724,
    1.619999926171));
#5278 = ORIENTED_EDGE('',*,*,#5279,.F.);
#5279 = EDGE_CURVE('',#5185,#5251,#5280,.T.);
#5280 = B_SPLINE_CURVE_WITH_KNOTS('',3,(#5281,#5282,#5283,#5284),
  .UNSPECIFIED.,.F.,.F.,(4,4),(0.,1.),.PIECEWISE_BEZIER_KNOTS.);
#5281 = CARTESIAN_POINT('',(-20.85010476905,-6.065085929838,
    1.619999939284));
#5282 = CARTESIAN_POINT('',(-20.95010476905,-6.065085925467,
    1.619999934913));
#5283 = CARTESIAN_POINT('',(-21.05010476905,-6.065085921096,
    1.619999930542));
#5284 = CARTESIAN_POINT('',(-21.15010476905,-6.065085916724,
    1.619999926171));
#5285 = ORIENTED_EDGE('',*,*,#5184,.F.);
#5286 = ORIENTED_EDGE('',*,*,#5287,.F.);
#5287 = EDGE_CURVE('',#5249,#5176,#5288,.T.);
#5288 = B_SPLINE_CURVE_WITH_KNOTS('',3,(#5289,#5290,#5291,#5292),
  .UNSPECIFIED.,.F.,.F.,(4,4),(0.,1.),.PIECEWISE_BEZIER_KNOTS.);
#5289 = CARTESIAN_POINT('',(-21.03010476905,-5.945085932461,
    1.739999941907));
#5290 = CARTESIAN_POINT('',(-21.01010476905,-5.945085933335,
    1.739999942781));
#5291 = CARTESIAN_POINT('',(-20.99010476905,-5.945085934209,
    1.739999943655));
#5292 = CARTESIAN_POINT('',(-20.97010476905,-5.945085935083,
    1.73999994453));
#5293 = ( BOUNDED_SURFACE() B_SPLINE_SURFACE(2,3,(
    (#5294,#5295,#5296,#5297,#5298,#5299,#5300,#5301)
    ,(#5302,#5303,#5304,#5305,#5306,#5307,#5308,#5309)
    ,(#5310,#5311,#5312,#5313,#5314,#5315,#5316,#5317
)),.UNSPECIFIED.,.F.,.F.,.F.) B_SPLINE_SURFACE_WITH_KNOTS((3,3),(4,2,2,4
    ),(0.,1.),(-1.65E-04,-3.E-05,3.E-05,1.65E-04),.UNSPECIFIED.) 
GEOMETRIC_REPRESENTATION_ITEM() RATIONAL_B_SPLINE_SURFACE((
    (1.,1.,1.,1.,1.,1.,1.,1.)
    ,(8.485281374239E-02,8.485281374239E-02,8.485281374239E-02
      ,8.485281374239E-02,8.485281374239E-02,8.485281374239E-02
      ,8.485281374239E-02,8.485281374239E-02)
,(1.,1.,1.,1.,1.,1.,1.,1.))) REPRESENTATION_ITEM('') SURFACE() );
#5294 = CARTESIAN_POINT('',(-21.16510476905,-5.94508592656,
    1.739999936006));
#5295 = CARTESIAN_POINT('',(-21.12010476905,-5.945085928527,
    1.739999937973));
#5296 = CARTESIAN_POINT('',(-21.07510476905,-5.945085930494,
    1.73999993994));
#5297 = CARTESIAN_POINT('',(-21.01010476905,-5.945085933335,
    1.739999942781));
#5298 = CARTESIAN_POINT('',(-20.99010476905,-5.945085934209,
    1.739999943655));
#5299 = CARTESIAN_POINT('',(-20.92510476905,-5.94508593705,
    1.739999946497));
#5300 = CARTESIAN_POINT('',(-20.88010476905,-5.945085939017,
    1.739999948464));
#5301 = CARTESIAN_POINT('',(-20.83510476905,-5.945085940984,
    1.739999950431));
#5302 = CARTESIAN_POINT('',(-21.16510477429,-6.06508592656,
    1.739999925515));
#5303 = CARTESIAN_POINT('',(-21.12010477429,-6.065085928527,
    1.739999927482));
#5304 = CARTESIAN_POINT('',(-21.07510477429,-6.065085930494,
    1.739999929449));
#5305 = CARTESIAN_POINT('',(-21.01010477429,-6.065085933335,
    1.73999993229));
#5306 = CARTESIAN_POINT('',(-20.99010477429,-6.065085934209,
    1.739999933165));
#5307 = CARTESIAN_POINT('',(-20.92510477429,-6.06508593705,
    1.739999936006));
#5308 = CARTESIAN_POINT('',(-20.88010477429,-6.065085939017,
    1.739999937973));
#5309 = CARTESIAN_POINT('',(-20.83510477429,-6.065085940984,
    1.73999993994));
#5310 = CARTESIAN_POINT('',(-21.16510476905,-6.065085916069,
    1.619999925515));
#5311 = CARTESIAN_POINT('',(-21.12010476905,-6.065085918036,
    1.619999927482));
#5312 = CARTESIAN_POINT('',(-21.07510476905,-6.065085920003,
    1.619999929449));
#5313 = CARTESIAN_POINT('',(-21.01010476905,-6.065085922844,
    1.61999993229));
#5314 = CARTESIAN_POINT('',(-20.99010476905,-6.065085923718,
    1.619999933165));
#5315 = CARTESIAN_POINT('',(-20.92510476905,-6.06508592656,
    1.619999936006));
#5316 = CARTESIAN_POINT('',(-20.88010476905,-6.065085928527,
    1.619999937973));
#5317 = CARTESIAN_POINT('',(-20.83510476905,-6.065085930494,
    1.61999993994));
#5318 = ADVANCED_FACE('',(#5319),#5367,.T.);
#5319 = FACE_BOUND('',#5320,.T.);
#5320 = EDGE_LOOP('',(#5321,#5352,#5359,#5360));
#5321 = ORIENTED_EDGE('',*,*,#5322,.T.);
#5322 = EDGE_CURVE('',#5323,#5325,#5327,.T.);
#5323 = VERTEX_POINT('',#5324);
#5324 = CARTESIAN_POINT('',(-21.15010475594,-5.765085916724,
    1.619999952398));
#5325 = VERTEX_POINT('',#5326);
#5326 = CARTESIAN_POINT('',(-21.03010476643,-5.885085932461,
    1.739999947152));
#5327 = B_SPLINE_CURVE_WITH_KNOTS('',3,(#5328,#5329,#5330,#5331,#5332,
    #5333,#5334,#5335,#5336,#5337,#5338,#5339,#5340,#5341,#5342,#5343,
    #5344,#5345,#5346,#5347,#5348,#5349,#5350,#5351),.UNSPECIFIED.,.F.,
  .F.,(4,2,2,1,2,2,2,2,2,1,2,2,4),(0.,0.125,0.1875,0.21875,0.234375,0.25
    ,0.5,0.625,0.6875,0.71875,0.734375,0.75,1.),.UNSPECIFIED.);
#5328 = CARTESIAN_POINT('',(-21.15010475594,-5.765085916724,
    1.619999952398));
#5329 = CARTESIAN_POINT('',(-21.150104756,-5.765085916847,1.621393095954
    ));
#5330 = CARTESIAN_POINT('',(-21.14784959866,-5.766842966333,
    1.624718275404));
#5331 = CARTESIAN_POINT('',(-21.14108412669,-5.773569870096,
    1.633652897201));
#5332 = CARTESIAN_POINT('',(-21.13826518003,-5.776479245603,
    1.637269208127));
#5333 = CARTESIAN_POINT('',(-21.13319107603,-5.781755162868,
    1.64349091988));
#5334 = CARTESIAN_POINT('',(-21.13044260303,-5.784617089118,
    1.646797104251));
#5335 = CARTESIAN_POINT('',(-21.12737699852,-5.787763281798,
    1.650333319853));
#5336 = CARTESIAN_POINT('',(-21.12526278851,-5.789916020469,
    1.652733063181));
#5337 = CARTESIAN_POINT('',(-21.12343078141,-5.791759861324,
    1.654766088662));
#5338 = CARTESIAN_POINT('',(-21.11683625352,-5.798355016697,
    1.662004942882));
#5339 = CARTESIAN_POINT('',(-21.10788075649,-5.807309856752,
    1.671669123584));
#5340 = CARTESIAN_POINT('',(-21.08597678237,-5.829213940475,
    1.693479329928));
#5341 = CARTESIAN_POINT('',(-21.07976864146,-5.835558364263,
    1.699574201432));
#5342 = CARTESIAN_POINT('',(-21.07209620578,-5.843214051142,
    1.706784636964));
#5343 = CARTESIAN_POINT('',(-21.06981202316,-5.845470191809,
    1.708879769821));
#5344 = CARTESIAN_POINT('',(-21.06679569316,-5.848441402345,
    1.711612550359));
#5345 = CARTESIAN_POINT('',(-21.06539001414,-5.849824253272,
    1.712876832192));
#5346 = CARTESIAN_POINT('',(-21.0641380641,-5.851061589588,
    1.713999628789));
#5347 = CARTESIAN_POINT('',(-21.06333759273,-5.851855182726,
    1.714718031346));
#5348 = CARTESIAN_POINT('',(-21.06377973951,-5.851411185117,
    1.714318845118));
#5349 = CARTESIAN_POINT('',(-21.04352636181,-5.871660622167,
    1.732560394903));
#5350 = CARTESIAN_POINT('',(-21.0326984958,-5.882492202585,
    1.739999947264));
#5351 = CARTESIAN_POINT('',(-21.03010476643,-5.885085932461,
    1.739999947152));
#5352 = ORIENTED_EDGE('',*,*,#5353,.F.);
#5353 = EDGE_CURVE('',#5147,#5325,#5354,.T.);
#5354 = B_SPLINE_CURVE_WITH_KNOTS('',3,(#5355,#5356,#5357,#5358),
  .UNSPECIFIED.,.F.,.F.,(4,4),(0.,1.),.PIECEWISE_BEZIER_KNOTS.);
#5355 = CARTESIAN_POINT('',(-20.97010476643,-5.885085935083,
    1.739999949775));
#5356 = CARTESIAN_POINT('',(-20.99010476643,-5.885085934209,
    1.739999948901));
#5357 = CARTESIAN_POINT('',(-21.01010476643,-5.885085933335,
    1.739999948026));
#5358 = CARTESIAN_POINT('',(-21.03010476643,-5.885085932461,
    1.739999947152));
#5359 = ORIENTED_EDGE('',*,*,#5144,.F.);
#5360 = ORIENTED_EDGE('',*,*,#5361,.F.);
#5361 = EDGE_CURVE('',#5323,#5145,#5362,.T.);
#5362 = B_SPLINE_CURVE_WITH_KNOTS('',3,(#5363,#5364,#5365,#5366),
  .UNSPECIFIED.,.F.,.F.,(4,4),(0.,1.),.PIECEWISE_BEZIER_KNOTS.);
#5363 = CARTESIAN_POINT('',(-21.15010475594,-5.765085916724,
    1.619999952398));
#5364 = CARTESIAN_POINT('',(-21.05010475594,-5.765085921096,
    1.619999956769));
#5365 = CARTESIAN_POINT('',(-20.95010475594,-5.765085925467,
    1.61999996114));
#5366 = CARTESIAN_POINT('',(-20.85010475594,-5.765085929838,
    1.619999965511));
#5367 = ( BOUNDED_SURFACE() B_SPLINE_SURFACE(2,3,(
    (#5368,#5369,#5370,#5371,#5372,#5373,#5374,#5375)
    ,(#5376,#5377,#5378,#5379,#5380,#5381,#5382,#5383)
    ,(#5384,#5385,#5386,#5387,#5388,#5389,#5390,#5391
)),.UNSPECIFIED.,.F.,.F.,.F.) B_SPLINE_SURFACE_WITH_KNOTS((3,3),(4,2,2,4
    ),(0.,1.),(-1.65E-04,-3.E-05,3.E-05,1.65E-04),.UNSPECIFIED.) 
GEOMETRIC_REPRESENTATION_ITEM() RATIONAL_B_SPLINE_SURFACE((
    (1.,1.,1.,1.,1.,1.,1.,1.)
    ,(8.485281374239E-02,8.485281374239E-02,8.485281374239E-02
      ,8.485281374239E-02,8.485281374239E-02,8.485281374239E-02
      ,8.485281374239E-02,8.485281374239E-02)
,(1.,1.,1.,1.,1.,1.,1.,1.))) REPRESENTATION_ITEM('') SURFACE() );
#5368 = CARTESIAN_POINT('',(-20.83510476643,-5.885085940984,
    1.739999955676));
#5369 = CARTESIAN_POINT('',(-20.88010476643,-5.885085939017,
    1.739999953709));
#5370 = CARTESIAN_POINT('',(-20.92510476643,-5.88508593705,
    1.739999951742));
#5371 = CARTESIAN_POINT('',(-20.99010476643,-5.885085934209,
    1.739999948901));
#5372 = CARTESIAN_POINT('',(-21.01010476643,-5.885085933335,
    1.739999948026));
#5373 = CARTESIAN_POINT('',(-21.07510476643,-5.885085930494,
    1.739999945185));
#5374 = CARTESIAN_POINT('',(-21.12010476643,-5.885085928527,
    1.739999943218));
#5375 = CARTESIAN_POINT('',(-21.16510476643,-5.88508592656,
    1.739999941251));
#5376 = CARTESIAN_POINT('',(-20.83510476118,-5.765085940984,
    1.739999966167));
#5377 = CARTESIAN_POINT('',(-20.88010476118,-5.765085939017,1.7399999642
    ));
#5378 = CARTESIAN_POINT('',(-20.92510476118,-5.76508593705,
    1.739999962233));
#5379 = CARTESIAN_POINT('',(-20.99010476118,-5.765085934209,
    1.739999959391));
#5380 = CARTESIAN_POINT('',(-21.01010476118,-5.765085933335,
    1.739999958517));
#5381 = CARTESIAN_POINT('',(-21.07510476118,-5.765085930494,
    1.739999955676));
#5382 = CARTESIAN_POINT('',(-21.12010476118,-5.765085928527,
    1.739999953709));
#5383 = CARTESIAN_POINT('',(-21.16510476118,-5.76508592656,
    1.739999951742));
#5384 = CARTESIAN_POINT('',(-20.83510475594,-5.765085930494,
    1.619999966167));
#5385 = CARTESIAN_POINT('',(-20.88010475594,-5.765085928527,1.6199999642
    ));
#5386 = CARTESIAN_POINT('',(-20.92510475594,-5.76508592656,
    1.619999962233));
#5387 = CARTESIAN_POINT('',(-20.99010475594,-5.765085923718,
    1.619999959391));
#5388 = CARTESIAN_POINT('',(-21.01010475594,-5.765085922844,
    1.619999958517));
#5389 = CARTESIAN_POINT('',(-21.07510475594,-5.765085920003,
    1.619999955676));
#5390 = CARTESIAN_POINT('',(-21.12010475594,-5.765085918036,
    1.619999953709));
#5391 = CARTESIAN_POINT('',(-21.16510475594,-5.765085916069,
    1.619999951742));
#5392 = ADVANCED_FACE('',(#5393),#5411,.T.);
#5393 = FACE_BOUND('',#5394,.T.);
#5394 = EDGE_LOOP('',(#5395,#5396,#5403,#5404));
#5395 = ORIENTED_EDGE('',*,*,#5248,.F.);
#5396 = ORIENTED_EDGE('',*,*,#5397,.F.);
#5397 = EDGE_CURVE('',#5325,#5249,#5398,.T.);
#5398 = B_SPLINE_CURVE_WITH_KNOTS('',3,(#5399,#5400,#5401,#5402),
  .UNSPECIFIED.,.F.,.F.,(4,4),(0.,1.),.PIECEWISE_BEZIER_KNOTS.);
#5399 = CARTESIAN_POINT('',(-21.03010476643,-5.885085932461,
    1.739999947152));
#5400 = CARTESIAN_POINT('',(-21.0301047673,-5.905085932461,
    1.739999945404));
#5401 = CARTESIAN_POINT('',(-21.03010476818,-5.925085932461,
    1.739999943655));
#5402 = CARTESIAN_POINT('',(-21.03010476905,-5.945085932461,
    1.739999941907));
#5403 = ORIENTED_EDGE('',*,*,#5322,.F.);
#5404 = ORIENTED_EDGE('',*,*,#5405,.F.);
#5405 = EDGE_CURVE('',#5251,#5323,#5406,.T.);
#5406 = B_SPLINE_CURVE_WITH_KNOTS('',3,(#5407,#5408,#5409,#5410),
  .UNSPECIFIED.,.F.,.F.,(4,4),(0.,1.),.PIECEWISE_BEZIER_KNOTS.);
#5407 = CARTESIAN_POINT('',(-21.15010476905,-6.065085916724,
    1.619999926171));
#5408 = CARTESIAN_POINT('',(-21.15010476468,-5.965085916724,
    1.619999934913));
#5409 = CARTESIAN_POINT('',(-21.15010476031,-5.865085916724,
    1.619999943655));
#5410 = CARTESIAN_POINT('',(-21.15010475594,-5.765085916724,
    1.619999952398));
#5411 = ( BOUNDED_SURFACE() B_SPLINE_SURFACE(2,3,(
    (#5412,#5413,#5414,#5415,#5416,#5417,#5418,#5419)
    ,(#5420,#5421,#5422,#5423,#5424,#5425,#5426,#5427)
    ,(#5428,#5429,#5430,#5431,#5432,#5433,#5434,#5435
)),.UNSPECIFIED.,.F.,.F.,.F.) B_SPLINE_SURFACE_WITH_KNOTS((3,3),(4,2,2,4
    ),(0.,1.),(-8.E-04,-6.65E-04,-6.05E-04,-4.7E-04),.UNSPECIFIED.) 
GEOMETRIC_REPRESENTATION_ITEM() RATIONAL_B_SPLINE_SURFACE((
    (1.,1.,1.,1.,1.,1.,1.,1.)
    ,(8.485281374239E-02,8.485281374239E-02,8.485281374239E-02
      ,8.485281374239E-02,8.485281374239E-02,8.485281374239E-02
      ,8.485281374239E-02,8.485281374239E-02)
,(1.,1.,1.,1.,1.,1.,1.,1.))) REPRESENTATION_ITEM('') SURFACE() );
#5412 = CARTESIAN_POINT('',(-21.03010476053,-5.750085932461,
    1.739999958954));
#5413 = CARTESIAN_POINT('',(-21.03010476249,-5.795085932461,
    1.73999995502));
#5414 = CARTESIAN_POINT('',(-21.03010476446,-5.840085932461,
    1.739999951086));
#5415 = CARTESIAN_POINT('',(-21.0301047673,-5.905085932461,
    1.739999945404));
#5416 = CARTESIAN_POINT('',(-21.03010476818,-5.925085932461,
    1.739999943655));
#5417 = CARTESIAN_POINT('',(-21.03010477102,-5.990085932461,
    1.739999937973));
#5418 = CARTESIAN_POINT('',(-21.03010477298,-6.035085932461,
    1.739999934039));
#5419 = CARTESIAN_POINT('',(-21.03010477495,-6.080085932461,
    1.739999930105));
#5420 = CARTESIAN_POINT('',(-21.15010476053,-5.750085927215,
    1.739999953709));
#5421 = CARTESIAN_POINT('',(-21.15010476249,-5.795085927215,
    1.739999949775));
#5422 = CARTESIAN_POINT('',(-21.15010476446,-5.840085927215,
    1.739999945841));
#5423 = CARTESIAN_POINT('',(-21.1501047673,-5.905085927215,
    1.739999940158));
#5424 = CARTESIAN_POINT('',(-21.15010476818,-5.925085927215,
    1.73999993841));
#5425 = CARTESIAN_POINT('',(-21.15010477102,-5.990085927215,
    1.739999932727));
#5426 = CARTESIAN_POINT('',(-21.15010477298,-6.035085927215,
    1.739999928793));
#5427 = CARTESIAN_POINT('',(-21.15010477495,-6.080085927215,
    1.739999924859));
#5428 = CARTESIAN_POINT('',(-21.15010475528,-5.750085916724,
    1.619999953709));
#5429 = CARTESIAN_POINT('',(-21.15010475725,-5.795085916724,
    1.619999949775));
#5430 = CARTESIAN_POINT('',(-21.15010475921,-5.840085916724,
    1.619999945841));
#5431 = CARTESIAN_POINT('',(-21.15010476206,-5.905085916724,
    1.619999940158));
#5432 = CARTESIAN_POINT('',(-21.15010476293,-5.925085916724,
    1.61999993841));
#5433 = CARTESIAN_POINT('',(-21.15010476577,-5.990085916724,
    1.619999932727));
#5434 = CARTESIAN_POINT('',(-21.15010476774,-6.035085916724,
    1.619999928793));
#5435 = CARTESIAN_POINT('',(-21.15010476971,-6.080085916724,
    1.619999924859));
#5436 = ADVANCED_FACE('',(#5437),#5515,.T.);
#5437 = FACE_BOUND('',#5438,.T.);
#5438 = EDGE_LOOP('',(#5439,#5470,#5479,#5508));
#5439 = ORIENTED_EDGE('',*,*,#5440,.T.);
#5440 = EDGE_CURVE('',#5441,#5443,#5445,.T.);
#5441 = VERTEX_POINT('',#5442);
#5442 = CARTESIAN_POINT('',(-20.85010481145,-7.035085929838,
    1.619999854484));
#5443 = VERTEX_POINT('',#5444);
#5444 = CARTESIAN_POINT('',(-20.97010482194,-7.155085935083,
    1.739999838748));
#5445 = B_SPLINE_CURVE_WITH_KNOTS('',3,(#5446,#5447,#5448,#5449,#5450,
    #5451,#5452,#5453,#5454,#5455,#5456,#5457,#5458,#5459,#5460,#5461,
    #5462,#5463,#5464,#5465,#5466,#5467,#5468,#5469),.UNSPECIFIED.,.F.,
  .F.,(4,2,2,1,2,2,2,2,2,1,2,2,4),(0.,0.125,0.1875,0.21875,0.234375,0.25
    ,0.5,0.625,0.6875,0.71875,0.734375,0.75,1.),.UNSPECIFIED.);
#5446 = CARTESIAN_POINT('',(-20.85010481145,-7.035085929838,
    1.619999854484));
#5447 = CARTESIAN_POINT('',(-20.85010481151,-7.03508592996,
    1.621392998041));
#5448 = CARTESIAN_POINT('',(-20.85186186085,-7.037341087728,
    1.624718177272));
#5449 = CARTESIAN_POINT('',(-20.85858876423,-7.044106560879,
    1.633652798476));
#5450 = CARTESIAN_POINT('',(-20.86149813957,-7.046925508012,
    1.63726910916));
#5451 = CARTESIAN_POINT('',(-20.86677405657,-7.051999612823,
    1.643490820478));
#5452 = CARTESIAN_POINT('',(-20.86963598267,-7.054748086256,
    1.646797004614));
#5453 = CARTESIAN_POINT('',(-20.8727821752,-7.057813691229,
    1.650333219951));
#5454 = CARTESIAN_POINT('',(-20.87493491376,-7.059927901552,
    1.652732963096));
#5455 = CARTESIAN_POINT('',(-20.87677875453,-7.061759908926,
    1.654765988417));
#5456 = CARTESIAN_POINT('',(-20.88337390959,-7.068354437767,
    1.662004842064));
#5457 = CARTESIAN_POINT('',(-20.89232874922,-7.077309936063,
    1.671669021982));
#5458 = CARTESIAN_POINT('',(-20.91423283199,-7.099213913037,
    1.693479226407));
#5459 = CARTESIAN_POINT('',(-20.92057725551,-7.105422054742,
    1.699574097373));
#5460 = CARTESIAN_POINT('',(-20.92823294207,-7.113094491374,
    1.706784532234));
#5461 = CARTESIAN_POINT('',(-20.93048908265,-7.115378674265,
    1.70887966489));
#5462 = CARTESIAN_POINT('',(-20.93346029306,-7.118395004623,
    1.711612445164));
#5463 = CARTESIAN_POINT('',(-20.93484314394,-7.119800683808,
    1.712876726873));
#5464 = CARTESIAN_POINT('',(-20.9360804802,-7.121052634002,1.71399952336
    ));
#5465 = CARTESIAN_POINT('',(-20.93687407331,-7.121853105467,
    1.714717925847));
#5466 = CARTESIAN_POINT('',(-20.93643007572,-7.121410958636,
    1.714318739657));
#5467 = CARTESIAN_POINT('',(-20.95667951197,-7.141664338722,
    1.732560287671));
#5468 = CARTESIAN_POINT('',(-20.96751109206,-7.152492205705,
    1.739999839086));
#5469 = CARTESIAN_POINT('',(-20.97010482194,-7.155085935083,
    1.739999838748));
#5470 = ORIENTED_EDGE('',*,*,#5471,.F.);
#5471 = EDGE_CURVE('',#5472,#5443,#5474,.T.);
#5472 = VERTEX_POINT('',#5473);
#5473 = CARTESIAN_POINT('',(-20.97010482456,-7.215085935083,
    1.739999833503));
#5474 = B_SPLINE_CURVE_WITH_KNOTS('',3,(#5475,#5476,#5477,#5478),
  .UNSPECIFIED.,.F.,.F.,(4,4),(0.,1.),.PIECEWISE_BEZIER_KNOTS.);
#5475 = CARTESIAN_POINT('',(-20.97010482456,-7.215085935083,
    1.739999833503));
#5476 = CARTESIAN_POINT('',(-20.97010482369,-7.195085935083,
    1.739999835251));
#5477 = CARTESIAN_POINT('',(-20.97010482281,-7.175085935083,1.739999837)
  );
#5478 = CARTESIAN_POINT('',(-20.97010482194,-7.155085935083,
    1.739999838748));
#5479 = ORIENTED_EDGE('',*,*,#5480,.T.);
#5480 = EDGE_CURVE('',#5472,#5481,#5483,.T.);
#5481 = VERTEX_POINT('',#5482);
#5482 = CARTESIAN_POINT('',(-20.85010482456,-7.335085929838,
    1.619999828257));
#5483 = B_SPLINE_CURVE_WITH_KNOTS('',3,(#5484,#5485,#5486,#5487,#5488,
    #5489,#5490,#5491,#5492,#5493,#5494,#5495,#5496,#5497,#5498,#5499,
    #5500,#5501,#5502,#5503,#5504,#5505,#5506,#5507),.UNSPECIFIED.,.F.,
  .F.,(4,2,2,1,2,2,2,2,2,1,2,2,4),(0.,0.125,0.1875,0.21875,0.234375,0.25
    ,0.5,0.625,0.6875,0.71875,0.734375,0.75,1.),.UNSPECIFIED.);
#5484 = CARTESIAN_POINT('',(-20.97010482456,-7.215085935083,
    1.739999833503));
#5485 = CARTESIAN_POINT('',(-20.96880837474,-7.216382385154,
    1.739999833445));
#5486 = CARTESIAN_POINT('',(-20.96585177925,-7.219737576862,
    1.738503852758));
#5487 = CARTESIAN_POINT('',(-20.95776770803,-7.227858476798,
    1.732539717912));
#5488 = CARTESIAN_POINT('',(-20.95447553842,-7.231080128839,
    1.72993821446));
#5489 = CARTESIAN_POINT('',(-20.9487079319,-7.236684634993,
    1.725118233025));
#5490 = CARTESIAN_POINT('',(-20.94562000017,-7.239679895092,
    1.722481882008));
#5491 = CARTESIAN_POINT('',(-20.94226834408,-7.242964665727,
    1.719536668118));
#5492 = CARTESIAN_POINT('',(-20.93998202537,-7.245218848492,
    1.717510120234));
#5493 = CARTESIAN_POINT('',(-20.93798665566,-7.247204160192,
    1.715720956901));
#5494 = CARTESIAN_POINT('',(-20.93177432583,-7.253415527993,
    1.710124626054));
#5495 = CARTESIAN_POINT('',(-20.9205610051,-7.264629659371,
    1.699780256879));
#5496 = CARTESIAN_POINT('',(-20.90011671626,-7.285074088672,
    1.679423584522));
#5497 = CARTESIAN_POINT('',(-20.89412316036,-7.290961890392,
    1.673259919598));
#5498 = CARTESIAN_POINT('',(-20.88669238709,-7.29840308093,
    1.665461146825));
#5499 = CARTESIAN_POINT('',(-20.8844652021,-7.300651725769,
    1.663092376476));
#5500 = CARTESIAN_POINT('',(-20.88147580114,-7.303677065017,
    1.65988093773));
#5501 = CARTESIAN_POINT('',(-20.88006850657,-7.305102827638,
    1.658360136517));
#5502 = CARTESIAN_POINT('',(-20.87878513038,-7.306398229756,
    1.656962357366));
#5503 = CARTESIAN_POINT('',(-20.8779561733,-7.307232862166,
    1.656057201078));
#5504 = CARTESIAN_POINT('',(-20.87829415214,-7.306896462357,
    1.65642925848));
#5505 = CARTESIAN_POINT('',(-20.85912773051,-7.32606530057,
    1.635392155629));
#5506 = CARTESIAN_POINT('',(-20.85010482475,-7.335085930081,
    1.622786582803));
#5507 = CARTESIAN_POINT('',(-20.85010482456,-7.335085929838,
    1.619999828257));
#5508 = ORIENTED_EDGE('',*,*,#5509,.F.);
#5509 = EDGE_CURVE('',#5441,#5481,#5510,.T.);
#5510 = B_SPLINE_CURVE_WITH_KNOTS('',3,(#5511,#5512,#5513,#5514),
  .UNSPECIFIED.,.F.,.F.,(4,4),(0.,1.),.PIECEWISE_BEZIER_KNOTS.);
#5511 = CARTESIAN_POINT('',(-20.85010481145,-7.035085929838,
    1.619999854484));
#5512 = CARTESIAN_POINT('',(-20.85010481582,-7.135085929838,
    1.619999845742));
#5513 = CARTESIAN_POINT('',(-20.85010482019,-7.235085929838,1.619999837)
  );
#5514 = CARTESIAN_POINT('',(-20.85010482456,-7.335085929838,
    1.619999828257));
#5515 = ( BOUNDED_SURFACE() B_SPLINE_SURFACE(2,3,(
    (#5516,#5517,#5518,#5519,#5520,#5521,#5522,#5523)
    ,(#5524,#5525,#5526,#5527,#5528,#5529,#5530,#5531)
    ,(#5532,#5533,#5534,#5535,#5536,#5537,#5538,#5539
)),.UNSPECIFIED.,.F.,.F.,.F.) B_SPLINE_SURFACE_WITH_KNOTS((3,3),(4,2,2,4
    ),(0.,1.),(-8.E-04,-6.65E-04,-6.05E-04,-4.7E-04),.UNSPECIFIED.) 
GEOMETRIC_REPRESENTATION_ITEM() RATIONAL_B_SPLINE_SURFACE((
    (1.,1.,1.,1.,1.,1.,1.,1.)
    ,(8.485281374239E-02,8.485281374239E-02,8.485281374239E-02
      ,8.485281374239E-02,8.485281374239E-02,8.485281374239E-02
      ,8.485281374239E-02,8.485281374239E-02)
,(1.,1.,1.,1.,1.,1.,1.,1.))) REPRESENTATION_ITEM('') SURFACE() );
#5516 = CARTESIAN_POINT('',(-20.97010483046,-7.350085935083,
    1.739999821701));
#5517 = CARTESIAN_POINT('',(-20.9701048285,-7.305085935083,
    1.739999825635));
#5518 = CARTESIAN_POINT('',(-20.97010482653,-7.260085935083,
    1.739999829569));
#5519 = CARTESIAN_POINT('',(-20.97010482369,-7.195085935083,
    1.739999835251));
#5520 = CARTESIAN_POINT('',(-20.97010482281,-7.175085935083,1.739999837)
  );
#5521 = CARTESIAN_POINT('',(-20.97010481997,-7.110085935083,
    1.739999842682));
#5522 = CARTESIAN_POINT('',(-20.97010481801,-7.065085935083,
    1.739999846616));
#5523 = CARTESIAN_POINT('',(-20.97010481604,-7.020085935083,
    1.73999985055));
#5524 = CARTESIAN_POINT('',(-20.85010483046,-7.350085940329,
    1.739999826946));
#5525 = CARTESIAN_POINT('',(-20.8501048285,-7.305085940329,1.73999983088
    ));
#5526 = CARTESIAN_POINT('',(-20.85010482653,-7.260085940329,
    1.739999834814));
#5527 = CARTESIAN_POINT('',(-20.85010482369,-7.195085940329,
    1.739999840496));
#5528 = CARTESIAN_POINT('',(-20.85010482281,-7.175085940329,
    1.739999842245));
#5529 = CARTESIAN_POINT('',(-20.85010481997,-7.110085940329,
    1.739999847927));
#5530 = CARTESIAN_POINT('',(-20.85010481801,-7.065085940329,
    1.739999851861));
#5531 = CARTESIAN_POINT('',(-20.85010481604,-7.020085940329,
    1.739999855795));
#5532 = CARTESIAN_POINT('',(-20.85010482522,-7.350085929838,
    1.619999826946));
#5533 = CARTESIAN_POINT('',(-20.85010482325,-7.305085929838,
    1.61999983088));
#5534 = CARTESIAN_POINT('',(-20.85010482128,-7.260085929838,
    1.619999834814));
#5535 = CARTESIAN_POINT('',(-20.85010481844,-7.195085929838,
    1.619999840496));
#5536 = CARTESIAN_POINT('',(-20.85010481757,-7.175085929838,
    1.619999842245));
#5537 = CARTESIAN_POINT('',(-20.85010481473,-7.110085929838,
    1.619999847927));
#5538 = CARTESIAN_POINT('',(-20.85010481276,-7.065085929838,
    1.619999851861));
#5539 = CARTESIAN_POINT('',(-20.85010481079,-7.020085929838,
    1.619999855795));
#5540 = ADVANCED_FACE('',(#5541),#5589,.T.);
#5541 = FACE_BOUND('',#5542,.T.);
#5542 = EDGE_LOOP('',(#5543,#5574,#5581,#5582));
#5543 = ORIENTED_EDGE('',*,*,#5544,.T.);
#5544 = EDGE_CURVE('',#5545,#5547,#5549,.T.);
#5545 = VERTEX_POINT('',#5546);
#5546 = CARTESIAN_POINT('',(-21.03010482456,-7.215085932461,
    1.73999983088));
#5547 = VERTEX_POINT('',#5548);
#5548 = CARTESIAN_POINT('',(-21.15010482456,-7.335085916724,
    1.619999815144));
#5549 = B_SPLINE_CURVE_WITH_KNOTS('',3,(#5550,#5551,#5552,#5553,#5554,
    #5555,#5556,#5557,#5558,#5559,#5560,#5561,#5562,#5563,#5564,#5565,
    #5566,#5567,#5568,#5569,#5570,#5571,#5572,#5573),.UNSPECIFIED.,.F.,
  .F.,(4,2,2,1,2,2,2,2,2,1,2,2,4),(0.,0.125,0.1875,0.21875,0.234375,0.25
    ,0.5,0.625,0.6875,0.71875,0.734375,0.75,1.),.UNSPECIFIED.);
#5550 = CARTESIAN_POINT('',(-21.03010482456,-7.215085932461,
    1.73999983088));
#5551 = CARTESIAN_POINT('',(-21.03140127463,-7.216382382287,
    1.739999830709));
#5552 = CARTESIAN_POINT('',(-21.03475646641,-7.219338977575,
    1.738503849781));
#5553 = CARTESIAN_POINT('',(-21.0428773666,-7.22742304802,1.73253971423)
  );
#5554 = CARTESIAN_POINT('',(-21.04609901876,-7.230715217287,
    1.729938210487));
#5555 = CARTESIAN_POINT('',(-21.05170352512,-7.236482823171,
    1.725118228541));
#5556 = CARTESIAN_POINT('',(-21.05469878534,-7.239570754551,
    1.722481877249));
#5557 = CARTESIAN_POINT('',(-21.0579835561,-7.242922410257,
    1.719536663064));
#5558 = CARTESIAN_POINT('',(-21.06023773895,-7.245208728703,
    1.717510114978));
#5559 = CARTESIAN_POINT('',(-21.06222305073,-7.247204098183,
    1.71572095147));
#5560 = CARTESIAN_POINT('',(-21.06843441878,-7.253416427273,
    1.710124620084));
#5561 = CARTESIAN_POINT('',(-21.07964855061,-7.264629746647,
    1.699780249926));
#5562 = CARTESIAN_POINT('',(-21.1000929808,-7.285074032816,1.67942357578
    ));
#5563 = CARTESIAN_POINT('',(-21.10598078279,-7.291067587912,
    1.673259910327));
#5564 = CARTESIAN_POINT('',(-21.11342197367,-7.298498360155,
    1.665461136905));
#5565 = CARTESIAN_POINT('',(-21.11567061861,-7.30072554484,
    1.663092366363));
#5566 = CARTESIAN_POINT('',(-21.118695958,-7.303714945381,1.659880927357
    ));
#5567 = CARTESIAN_POINT('',(-21.12012172069,-7.305122239751,
    1.658360126022));
#5568 = CARTESIAN_POINT('',(-21.12141712287,-7.306405615755,
    1.65696234676));
#5569 = CARTESIAN_POINT('',(-21.12225175532,-7.307234572715,
    1.656057190399));
#5570 = CARTESIAN_POINT('',(-21.12191535549,-7.306896593924,
    1.656429247831));
#5571 = CARTESIAN_POINT('',(-21.14108419462,-7.32606301279,
    1.635392143306));
#5572 = CARTESIAN_POINT('',(-21.15010482468,-7.335085916906,
    1.62278656969));
#5573 = CARTESIAN_POINT('',(-21.15010482456,-7.335085916724,
    1.619999815144));
#5574 = ORIENTED_EDGE('',*,*,#5575,.F.);
#5575 = EDGE_CURVE('',#5481,#5547,#5576,.T.);
#5576 = B_SPLINE_CURVE_WITH_KNOTS('',3,(#5577,#5578,#5579,#5580),
  .UNSPECIFIED.,.F.,.F.,(4,4),(0.,1.),.PIECEWISE_BEZIER_KNOTS.);
#5577 = CARTESIAN_POINT('',(-20.85010482456,-7.335085929838,
    1.619999828257));
#5578 = CARTESIAN_POINT('',(-20.95010482456,-7.335085925467,
    1.619999823886));
#5579 = CARTESIAN_POINT('',(-21.05010482456,-7.335085921096,
    1.619999819515));
#5580 = CARTESIAN_POINT('',(-21.15010482456,-7.335085916724,
    1.619999815144));
#5581 = ORIENTED_EDGE('',*,*,#5480,.F.);
#5582 = ORIENTED_EDGE('',*,*,#5583,.F.);
#5583 = EDGE_CURVE('',#5545,#5472,#5584,.T.);
#5584 = B_SPLINE_CURVE_WITH_KNOTS('',3,(#5585,#5586,#5587,#5588),
  .UNSPECIFIED.,.F.,.F.,(4,4),(0.,1.),.PIECEWISE_BEZIER_KNOTS.);
#5585 = CARTESIAN_POINT('',(-21.03010482456,-7.215085932461,
    1.73999983088));
#5586 = CARTESIAN_POINT('',(-21.01010482456,-7.215085933335,
    1.739999831754));
#5587 = CARTESIAN_POINT('',(-20.99010482456,-7.215085934209,
    1.739999832628));
#5588 = CARTESIAN_POINT('',(-20.97010482456,-7.215085935083,
    1.739999833503));
#5589 = ( BOUNDED_SURFACE() B_SPLINE_SURFACE(2,3,(
    (#5590,#5591,#5592,#5593,#5594,#5595,#5596,#5597)
    ,(#5598,#5599,#5600,#5601,#5602,#5603,#5604,#5605)
    ,(#5606,#5607,#5608,#5609,#5610,#5611,#5612,#5613
)),.UNSPECIFIED.,.F.,.F.,.F.) B_SPLINE_SURFACE_WITH_KNOTS((3,3),(4,2,2,4
    ),(0.,1.),(-1.65E-04,-3.E-05,3.E-05,1.65E-04),.UNSPECIFIED.) 
GEOMETRIC_REPRESENTATION_ITEM() RATIONAL_B_SPLINE_SURFACE((
    (1.,1.,1.,1.,1.,1.,1.,1.)
    ,(8.485281374239E-02,8.485281374239E-02,8.485281374239E-02
      ,8.485281374239E-02,8.485281374239E-02,8.485281374239E-02
      ,8.485281374239E-02,8.485281374239E-02)
,(1.,1.,1.,1.,1.,1.,1.,1.))) REPRESENTATION_ITEM('') SURFACE() );
#5590 = CARTESIAN_POINT('',(-21.16510482456,-7.21508592656,
    1.739999824979));
#5591 = CARTESIAN_POINT('',(-21.12010482456,-7.215085928527,
    1.739999826946));
#5592 = CARTESIAN_POINT('',(-21.07510482456,-7.215085930494,
    1.739999828913));
#5593 = CARTESIAN_POINT('',(-21.01010482456,-7.215085933335,
    1.739999831754));
#5594 = CARTESIAN_POINT('',(-20.99010482456,-7.215085934209,
    1.739999832628));
#5595 = CARTESIAN_POINT('',(-20.92510482456,-7.21508593705,1.73999983547
    ));
#5596 = CARTESIAN_POINT('',(-20.88010482456,-7.215085939017,
    1.739999837437));
#5597 = CARTESIAN_POINT('',(-20.83510482456,-7.215085940984,
    1.739999839404));
#5598 = CARTESIAN_POINT('',(-21.16510482981,-7.33508592656,
    1.739999814488));
#5599 = CARTESIAN_POINT('',(-21.12010482981,-7.335085928527,
    1.739999816455));
#5600 = CARTESIAN_POINT('',(-21.07510482981,-7.335085930494,
    1.739999818422));
#5601 = CARTESIAN_POINT('',(-21.01010482981,-7.335085933335,
    1.739999821263));
#5602 = CARTESIAN_POINT('',(-20.99010482981,-7.335085934209,
    1.739999822138));
#5603 = CARTESIAN_POINT('',(-20.92510482981,-7.33508593705,
    1.739999824979));
#5604 = CARTESIAN_POINT('',(-20.88010482981,-7.335085939017,
    1.739999826946));
#5605 = CARTESIAN_POINT('',(-20.83510482981,-7.335085940984,
    1.739999828913));
#5606 = CARTESIAN_POINT('',(-21.16510482456,-7.335085916069,
    1.619999814488));
#5607 = CARTESIAN_POINT('',(-21.12010482456,-7.335085918036,
    1.619999816455));
#5608 = CARTESIAN_POINT('',(-21.07510482456,-7.335085920003,
    1.619999818422));
#5609 = CARTESIAN_POINT('',(-21.01010482456,-7.335085922844,
    1.619999821263));
#5610 = CARTESIAN_POINT('',(-20.99010482456,-7.335085923718,
    1.619999822138));
#5611 = CARTESIAN_POINT('',(-20.92510482456,-7.33508592656,
    1.619999824979));
#5612 = CARTESIAN_POINT('',(-20.88010482456,-7.335085928527,
    1.619999826946));
#5613 = CARTESIAN_POINT('',(-20.83510482456,-7.335085930494,
    1.619999828913));
#5614 = ADVANCED_FACE('',(#5615),#5663,.T.);
#5615 = FACE_BOUND('',#5616,.T.);
#5616 = EDGE_LOOP('',(#5617,#5648,#5655,#5656));
#5617 = ORIENTED_EDGE('',*,*,#5618,.T.);
#5618 = EDGE_CURVE('',#5619,#5621,#5623,.T.);
#5619 = VERTEX_POINT('',#5620);
#5620 = CARTESIAN_POINT('',(-21.15010481145,-7.035085916724,
    1.619999841371));
#5621 = VERTEX_POINT('',#5622);
#5622 = CARTESIAN_POINT('',(-21.03010482194,-7.155085932461,
    1.739999836125));
#5623 = B_SPLINE_CURVE_WITH_KNOTS('',3,(#5624,#5625,#5626,#5627,#5628,
    #5629,#5630,#5631,#5632,#5633,#5634,#5635,#5636,#5637,#5638,#5639,
    #5640,#5641,#5642,#5643,#5644,#5645,#5646,#5647),.UNSPECIFIED.,.F.,
  .F.,(4,2,2,1,2,2,2,2,2,1,2,2,4),(0.,0.125,0.1875,0.21875,0.234375,0.25
    ,0.5,0.625,0.6875,0.71875,0.734375,0.75,1.),.UNSPECIFIED.);
#5624 = CARTESIAN_POINT('',(-21.15010481145,-7.035085916724,
    1.619999841371));
#5625 = CARTESIAN_POINT('',(-21.15010481151,-7.035085916847,
    1.621392984927));
#5626 = CARTESIAN_POINT('',(-21.14784965418,-7.036842966333,
    1.624718164377));
#5627 = CARTESIAN_POINT('',(-21.1410841822,-7.043569870096,
    1.633652786174));
#5628 = CARTESIAN_POINT('',(-21.13826523554,-7.046479245603,1.6372690971
    ));
#5629 = CARTESIAN_POINT('',(-21.13319113155,-7.051755162868,
    1.643490808853));
#5630 = CARTESIAN_POINT('',(-21.13044265854,-7.054617089118,
    1.646796993224));
#5631 = CARTESIAN_POINT('',(-21.12737705404,-7.057763281798,
    1.650333208826));
#5632 = CARTESIAN_POINT('',(-21.12526284403,-7.059916020469,
    1.652732952154));
#5633 = CARTESIAN_POINT('',(-21.12343083692,-7.061759861324,
    1.654765977635));
#5634 = CARTESIAN_POINT('',(-21.11683630903,-7.068355016697,
    1.662004831856));
#5635 = CARTESIAN_POINT('',(-21.107880812,-7.077309856753,1.671669012559
    ));
#5636 = CARTESIAN_POINT('',(-21.08597683789,-7.099213940474,1.6934792189
    ));
#5637 = CARTESIAN_POINT('',(-21.07976869698,-7.105558364262,
    1.699574090404));
#5638 = CARTESIAN_POINT('',(-21.07209626129,-7.113214051141,
    1.706784525936));
#5639 = CARTESIAN_POINT('',(-21.06981207868,-7.115470191808,
    1.708879658793));
#5640 = CARTESIAN_POINT('',(-21.06679574868,-7.118441402344,
    1.711612439332));
#5641 = CARTESIAN_POINT('',(-21.06539006966,-7.119824253271,
    1.712876721164));
#5642 = CARTESIAN_POINT('',(-21.06413811961,-7.121061589588,
    1.713999517762));
#5643 = CARTESIAN_POINT('',(-21.06333764824,-7.121855182726,
    1.714717920319));
#5644 = CARTESIAN_POINT('',(-21.06377979502,-7.121411185117,
    1.714318734091));
#5645 = CARTESIAN_POINT('',(-21.04352641733,-7.141660622166,
    1.732560283876));
#5646 = CARTESIAN_POINT('',(-21.03269855132,-7.152492202585,
    1.739999836237));
#5647 = CARTESIAN_POINT('',(-21.03010482194,-7.155085932461,
    1.739999836125));
#5648 = ORIENTED_EDGE('',*,*,#5649,.F.);
#5649 = EDGE_CURVE('',#5443,#5621,#5650,.T.);
#5650 = B_SPLINE_CURVE_WITH_KNOTS('',3,(#5651,#5652,#5653,#5654),
  .UNSPECIFIED.,.F.,.F.,(4,4),(0.,1.),.PIECEWISE_BEZIER_KNOTS.);
#5651 = CARTESIAN_POINT('',(-20.97010482194,-7.155085935083,
    1.739999838748));
#5652 = CARTESIAN_POINT('',(-20.99010482194,-7.155085934209,
    1.739999837874));
#5653 = CARTESIAN_POINT('',(-21.01010482194,-7.155085933335,1.739999837)
  );
#5654 = CARTESIAN_POINT('',(-21.03010482194,-7.155085932461,
    1.739999836125));
#5655 = ORIENTED_EDGE('',*,*,#5440,.F.);
#5656 = ORIENTED_EDGE('',*,*,#5657,.F.);
#5657 = EDGE_CURVE('',#5619,#5441,#5658,.T.);
#5658 = B_SPLINE_CURVE_WITH_KNOTS('',3,(#5659,#5660,#5661,#5662),
  .UNSPECIFIED.,.F.,.F.,(4,4),(0.,1.),.PIECEWISE_BEZIER_KNOTS.);
#5659 = CARTESIAN_POINT('',(-21.15010481145,-7.035085916724,
    1.619999841371));
#5660 = CARTESIAN_POINT('',(-21.05010481145,-7.035085921096,
    1.619999845742));
#5661 = CARTESIAN_POINT('',(-20.95010481145,-7.035085925467,
    1.619999850113));
#5662 = CARTESIAN_POINT('',(-20.85010481145,-7.035085929838,
    1.619999854484));
#5663 = ( BOUNDED_SURFACE() B_SPLINE_SURFACE(2,3,(
    (#5664,#5665,#5666,#5667,#5668,#5669,#5670,#5671)
    ,(#5672,#5673,#5674,#5675,#5676,#5677,#5678,#5679)
    ,(#5680,#5681,#5682,#5683,#5684,#5685,#5686,#5687
)),.UNSPECIFIED.,.F.,.F.,.F.) B_SPLINE_SURFACE_WITH_KNOTS((3,3),(4,2,2,4
    ),(0.,1.),(-1.65E-04,-3.E-05,3.E-05,1.65E-04),.UNSPECIFIED.) 
GEOMETRIC_REPRESENTATION_ITEM() RATIONAL_B_SPLINE_SURFACE((
    (1.,1.,1.,1.,1.,1.,1.,1.)
    ,(8.485281374239E-02,8.485281374239E-02,8.485281374239E-02
      ,8.485281374239E-02,8.485281374239E-02,8.485281374239E-02
      ,8.485281374239E-02,8.485281374239E-02)
,(1.,1.,1.,1.,1.,1.,1.,1.))) REPRESENTATION_ITEM('') SURFACE() );
#5664 = CARTESIAN_POINT('',(-20.83510482194,-7.155085940984,
    1.739999844649));
#5665 = CARTESIAN_POINT('',(-20.88010482194,-7.155085939017,
    1.739999842682));
#5666 = CARTESIAN_POINT('',(-20.92510482194,-7.15508593705,
    1.739999840715));
#5667 = CARTESIAN_POINT('',(-20.99010482194,-7.155085934209,
    1.739999837874));
#5668 = CARTESIAN_POINT('',(-21.01010482194,-7.155085933335,1.739999837)
  );
#5669 = CARTESIAN_POINT('',(-21.07510482194,-7.155085930494,
    1.739999834158));
#5670 = CARTESIAN_POINT('',(-21.12010482194,-7.155085928527,
    1.739999832191));
#5671 = CARTESIAN_POINT('',(-21.16510482194,-7.15508592656,
    1.739999830224));
#5672 = CARTESIAN_POINT('',(-20.83510481669,-7.035085940984,
    1.73999985514));
#5673 = CARTESIAN_POINT('',(-20.88010481669,-7.035085939017,
    1.739999853173));
#5674 = CARTESIAN_POINT('',(-20.92510481669,-7.03508593705,
    1.739999851206));
#5675 = CARTESIAN_POINT('',(-20.99010481669,-7.035085934209,
    1.739999848365));
#5676 = CARTESIAN_POINT('',(-21.01010481669,-7.035085933335,
    1.73999984749));
#5677 = CARTESIAN_POINT('',(-21.07510481669,-7.035085930494,
    1.739999844649));
#5678 = CARTESIAN_POINT('',(-21.12010481669,-7.035085928527,
    1.739999842682));
#5679 = CARTESIAN_POINT('',(-21.16510481669,-7.03508592656,
    1.739999840715));
#5680 = CARTESIAN_POINT('',(-20.83510481145,-7.035085930494,
    1.61999985514));
#5681 = CARTESIAN_POINT('',(-20.88010481145,-7.035085928527,
    1.619999853173));
#5682 = CARTESIAN_POINT('',(-20.92510481145,-7.03508592656,
    1.619999851206));
#5683 = CARTESIAN_POINT('',(-20.99010481145,-7.035085923718,
    1.619999848365));
#5684 = CARTESIAN_POINT('',(-21.01010481145,-7.035085922844,
    1.61999984749));
#5685 = CARTESIAN_POINT('',(-21.07510481145,-7.035085920003,
    1.619999844649));
#5686 = CARTESIAN_POINT('',(-21.12010481145,-7.035085918036,
    1.619999842682));
#5687 = CARTESIAN_POINT('',(-21.16510481145,-7.035085916069,
    1.619999840715));
#5688 = ADVANCED_FACE('',(#5689),#5707,.T.);
#5689 = FACE_BOUND('',#5690,.T.);
#5690 = EDGE_LOOP('',(#5691,#5692,#5699,#5700));
#5691 = ORIENTED_EDGE('',*,*,#5544,.F.);
#5692 = ORIENTED_EDGE('',*,*,#5693,.F.);
#5693 = EDGE_CURVE('',#5621,#5545,#5694,.T.);
#5694 = B_SPLINE_CURVE_WITH_KNOTS('',3,(#5695,#5696,#5697,#5698),
  .UNSPECIFIED.,.F.,.F.,(4,4),(0.,1.),.PIECEWISE_BEZIER_KNOTS.);
#5695 = CARTESIAN_POINT('',(-21.03010482194,-7.155085932461,
    1.739999836125));
#5696 = CARTESIAN_POINT('',(-21.03010482281,-7.175085932461,
    1.739999834377));
#5697 = CARTESIAN_POINT('',(-21.03010482369,-7.195085932461,
    1.739999832628));
#5698 = CARTESIAN_POINT('',(-21.03010482456,-7.215085932461,
    1.73999983088));
#5699 = ORIENTED_EDGE('',*,*,#5618,.F.);
#5700 = ORIENTED_EDGE('',*,*,#5701,.F.);
#5701 = EDGE_CURVE('',#5547,#5619,#5702,.T.);
#5702 = B_SPLINE_CURVE_WITH_KNOTS('',3,(#5703,#5704,#5705,#5706),
  .UNSPECIFIED.,.F.,.F.,(4,4),(0.,1.),.PIECEWISE_BEZIER_KNOTS.);
#5703 = CARTESIAN_POINT('',(-21.15010482456,-7.335085916724,
    1.619999815144));
#5704 = CARTESIAN_POINT('',(-21.15010482019,-7.235085916724,
    1.619999823886));
#5705 = CARTESIAN_POINT('',(-21.15010481582,-7.135085916724,
    1.619999832628));
#5706 = CARTESIAN_POINT('',(-21.15010481145,-7.035085916724,
    1.619999841371));
#5707 = ( BOUNDED_SURFACE() B_SPLINE_SURFACE(2,3,(
    (#5708,#5709,#5710,#5711,#5712,#5713,#5714,#5715)
    ,(#5716,#5717,#5718,#5719,#5720,#5721,#5722,#5723)
    ,(#5724,#5725,#5726,#5727,#5728,#5729,#5730,#5731
)),.UNSPECIFIED.,.F.,.F.,.F.) B_SPLINE_SURFACE_WITH_KNOTS((3,3),(4,2,2,4
    ),(0.,1.),(4.7E-04,6.05E-04,6.65E-04,8.E-04),.UNSPECIFIED.) 
GEOMETRIC_REPRESENTATION_ITEM() RATIONAL_B_SPLINE_SURFACE((
    (1.,1.,1.,1.,1.,1.,1.,1.)
    ,(8.485281374239E-02,8.485281374239E-02,8.485281374239E-02
      ,8.485281374239E-02,8.485281374239E-02,8.485281374239E-02
      ,8.485281374239E-02,8.485281374239E-02)
,(1.,1.,1.,1.,1.,1.,1.,1.))) REPRESENTATION_ITEM('') SURFACE() );
#5708 = CARTESIAN_POINT('',(-21.03010481604,-7.020085932461,
    1.739999847927));
#5709 = CARTESIAN_POINT('',(-21.03010481801,-7.065085932461,
    1.739999843993));
#5710 = CARTESIAN_POINT('',(-21.03010481997,-7.110085932461,
    1.739999840059));
#5711 = CARTESIAN_POINT('',(-21.03010482281,-7.175085932461,
    1.739999834377));
#5712 = CARTESIAN_POINT('',(-21.03010482369,-7.195085932461,
    1.739999832628));
#5713 = CARTESIAN_POINT('',(-21.03010482653,-7.260085932461,
    1.739999826946));
#5714 = CARTESIAN_POINT('',(-21.0301048285,-7.305085932461,
    1.739999823012));
#5715 = CARTESIAN_POINT('',(-21.03010483046,-7.350085932461,
    1.739999819078));
#5716 = CARTESIAN_POINT('',(-21.15010481604,-7.020085927215,
    1.739999842682));
#5717 = CARTESIAN_POINT('',(-21.15010481801,-7.065085927215,
    1.739999838748));
#5718 = CARTESIAN_POINT('',(-21.15010481997,-7.110085927215,
    1.739999834814));
#5719 = CARTESIAN_POINT('',(-21.15010482281,-7.175085927215,
    1.739999829132));
#5720 = CARTESIAN_POINT('',(-21.15010482369,-7.195085927215,
    1.739999827383));
#5721 = CARTESIAN_POINT('',(-21.15010482653,-7.260085927215,
    1.739999821701));
#5722 = CARTESIAN_POINT('',(-21.1501048285,-7.305085927215,
    1.739999817767));
#5723 = CARTESIAN_POINT('',(-21.15010483046,-7.350085927215,
    1.739999813833));
#5724 = CARTESIAN_POINT('',(-21.15010481079,-7.020085916724,
    1.619999842682));
#5725 = CARTESIAN_POINT('',(-21.15010481276,-7.065085916724,
    1.619999838748));
#5726 = CARTESIAN_POINT('',(-21.15010481473,-7.110085916724,
    1.619999834814));
#5727 = CARTESIAN_POINT('',(-21.15010481757,-7.175085916724,
    1.619999829132));
#5728 = CARTESIAN_POINT('',(-21.15010481844,-7.195085916724,
    1.619999827383));
#5729 = CARTESIAN_POINT('',(-21.15010482128,-7.260085916724,
    1.619999821701));
#5730 = CARTESIAN_POINT('',(-21.15010482325,-7.305085916724,
    1.619999817767));
#5731 = CARTESIAN_POINT('',(-21.15010482522,-7.350085916724,
    1.619999813833));
#5732 = ADVANCED_FACE('',(#5733),#5811,.T.);
#5733 = FACE_BOUND('',#5734,.T.);
#5734 = EDGE_LOOP('',(#5735,#5766,#5775,#5804));
#5735 = ORIENTED_EDGE('',*,*,#5736,.T.);
#5736 = EDGE_CURVE('',#5737,#5739,#5741,.T.);
#5737 = VERTEX_POINT('',#5738);
#5738 = CARTESIAN_POINT('',(-20.85010486696,-8.305085929838,
    1.619999743457));
#5739 = VERTEX_POINT('',#5740);
#5740 = CARTESIAN_POINT('',(-20.97010487745,-8.425085935083,
    1.739999727721));
#5741 = B_SPLINE_CURVE_WITH_KNOTS('',3,(#5742,#5743,#5744,#5745,#5746,
    #5747,#5748,#5749,#5750,#5751,#5752,#5753,#5754,#5755,#5756,#5757,
    #5758,#5759,#5760,#5761,#5762,#5763,#5764,#5765),.UNSPECIFIED.,.F.,
  .F.,(4,2,2,1,2,2,2,2,2,1,2,2,4),(0.,0.125,0.1875,0.21875,0.234375,0.25
    ,0.5,0.625,0.6875,0.71875,0.734375,0.75,1.),.UNSPECIFIED.);
#5742 = CARTESIAN_POINT('',(-20.85010486696,-8.305085929838,
    1.619999743457));
#5743 = CARTESIAN_POINT('',(-20.85010486702,-8.30508592996,
    1.621392887014));
#5744 = CARTESIAN_POINT('',(-20.85186191636,-8.307341087728,
    1.624718066245));
#5745 = CARTESIAN_POINT('',(-20.85858881974,-8.314106560879,
    1.633652687448));
#5746 = CARTESIAN_POINT('',(-20.86149819509,-8.316925508011,
    1.637268998132));
#5747 = CARTESIAN_POINT('',(-20.86677411208,-8.321999612823,
    1.64349070945));
#5748 = CARTESIAN_POINT('',(-20.86963603819,-8.324748086256,
    1.646796893586));
#5749 = CARTESIAN_POINT('',(-20.87278223071,-8.327813691229,
    1.650333108924));
#5750 = CARTESIAN_POINT('',(-20.87493496928,-8.329927901552,
    1.652732852069));
#5751 = CARTESIAN_POINT('',(-20.87677881004,-8.331759908926,
    1.65476587739));
#5752 = CARTESIAN_POINT('',(-20.8833739651,-8.338354437763,
    1.662004731033));
#5753 = CARTESIAN_POINT('',(-20.89232880473,-8.347309936061,
    1.671668910953));
#5754 = CARTESIAN_POINT('',(-20.9142328875,-8.369213913038,
    1.693479115381));
#5755 = CARTESIAN_POINT('',(-20.92057731102,-8.375422054744,
    1.699573986348));
#5756 = CARTESIAN_POINT('',(-20.92823299759,-8.383094491376,
    1.706784421208));
#5757 = CARTESIAN_POINT('',(-20.93048913816,-8.385378674266,
    1.708879553865));
#5758 = CARTESIAN_POINT('',(-20.93346034858,-8.388395004624,
    1.711612334138));
#5759 = CARTESIAN_POINT('',(-20.93484319945,-8.389800683809,
    1.712876615846));
#5760 = CARTESIAN_POINT('',(-20.93608053572,-8.391052634003,
    1.713999412334));
#5761 = CARTESIAN_POINT('',(-20.93687412882,-8.391853105467,
    1.71471781482));
#5762 = CARTESIAN_POINT('',(-20.93643013123,-8.391410958636,
    1.71431862863));
#5763 = CARTESIAN_POINT('',(-20.95667956748,-8.411664338723,
    1.732560176645));
#5764 = CARTESIAN_POINT('',(-20.96751114758,-8.422492205705,
    1.739999728059));
#5765 = CARTESIAN_POINT('',(-20.97010487745,-8.425085935083,
    1.739999727721));
#5766 = ORIENTED_EDGE('',*,*,#5767,.F.);
#5767 = EDGE_CURVE('',#5768,#5739,#5770,.T.);
#5768 = VERTEX_POINT('',#5769);
#5769 = CARTESIAN_POINT('',(-20.97010488008,-8.485085935083,
    1.739999722476));
#5770 = B_SPLINE_CURVE_WITH_KNOTS('',3,(#5771,#5772,#5773,#5774),
  .UNSPECIFIED.,.F.,.F.,(4,4),(0.,1.),.PIECEWISE_BEZIER_KNOTS.);
#5771 = CARTESIAN_POINT('',(-20.97010488008,-8.485085935083,
    1.739999722476));
#5772 = CARTESIAN_POINT('',(-20.9701048792,-8.465085935083,
    1.739999724224));
#5773 = CARTESIAN_POINT('',(-20.97010487833,-8.445085935083,
    1.739999725973));
#5774 = CARTESIAN_POINT('',(-20.97010487745,-8.425085935083,
    1.739999727721));
#5775 = ORIENTED_EDGE('',*,*,#5776,.T.);
#5776 = EDGE_CURVE('',#5768,#5777,#5779,.T.);
#5777 = VERTEX_POINT('',#5778);
#5778 = CARTESIAN_POINT('',(-20.85010488008,-8.605085929838,
    1.61999971723));
#5779 = B_SPLINE_CURVE_WITH_KNOTS('',3,(#5780,#5781,#5782,#5783,#5784,
    #5785,#5786,#5787,#5788,#5789,#5790,#5791,#5792,#5793,#5794,#5795,
    #5796,#5797,#5798,#5799,#5800,#5801,#5802,#5803),.UNSPECIFIED.,.F.,
  .F.,(4,2,2,1,2,2,2,2,2,1,2,2,4),(0.,0.125,0.1875,0.21875,0.234375,0.25
    ,0.5,0.625,0.6875,0.71875,0.734375,0.75,1.),.UNSPECIFIED.);
#5780 = CARTESIAN_POINT('',(-20.97010488008,-8.485085935083,
    1.739999722476));
#5781 = CARTESIAN_POINT('',(-20.96880843025,-8.486382385155,
    1.739999722418));
#5782 = CARTESIAN_POINT('',(-20.96585183477,-8.489737576862,
    1.73850374173));
#5783 = CARTESIAN_POINT('',(-20.95776776354,-8.497858476798,
    1.732539606885));
#5784 = CARTESIAN_POINT('',(-20.95447559393,-8.501080128839,
    1.729938103433));
#5785 = CARTESIAN_POINT('',(-20.94870798741,-8.506684634993,
    1.725118121997));
#5786 = CARTESIAN_POINT('',(-20.94562005569,-8.509679895092,
    1.72248177098));
#5787 = CARTESIAN_POINT('',(-20.9422683996,-8.512964665727,
    1.719536557091));
#5788 = CARTESIAN_POINT('',(-20.93998208088,-8.515218848492,
    1.717510009207));
#5789 = CARTESIAN_POINT('',(-20.93798671117,-8.517204160192,
    1.715720845874));
#5790 = CARTESIAN_POINT('',(-20.93177438134,-8.523415527998,
    1.710124515023));
#5791 = CARTESIAN_POINT('',(-20.92056106061,-8.534629659375,
    1.699780145848));
#5792 = CARTESIAN_POINT('',(-20.90011677178,-8.55507408867,
    1.679423473497));
#5793 = CARTESIAN_POINT('',(-20.89412321588,-8.560961890388,
    1.673259808574));
#5794 = CARTESIAN_POINT('',(-20.88669244261,-8.568403080926,
    1.665461035801));
#5795 = CARTESIAN_POINT('',(-20.88446525762,-8.570651725766,
    1.663092265452));
#5796 = CARTESIAN_POINT('',(-20.88147585665,-8.573677065014,
    1.659880826705));
#5797 = CARTESIAN_POINT('',(-20.88006856208,-8.575102827636,
    1.658360025491));
#5798 = CARTESIAN_POINT('',(-20.87878518589,-8.576398229755,
    1.65696224634));
#5799 = CARTESIAN_POINT('',(-20.87795622881,-8.577232862166,
    1.656057090052));
#5800 = CARTESIAN_POINT('',(-20.87829420765,-8.576896462357,
    1.656429147453));
#5801 = CARTESIAN_POINT('',(-20.85912778603,-8.59606530057,
    1.635392044605));
#5802 = CARTESIAN_POINT('',(-20.85010488026,-8.605085930081,
    1.622786471777));
#5803 = CARTESIAN_POINT('',(-20.85010488008,-8.605085929838,
    1.61999971723));
#5804 = ORIENTED_EDGE('',*,*,#5805,.F.);
#5805 = EDGE_CURVE('',#5737,#5777,#5806,.T.);
#5806 = B_SPLINE_CURVE_WITH_KNOTS('',3,(#5807,#5808,#5809,#5810),
  .UNSPECIFIED.,.F.,.F.,(4,4),(0.,1.),.PIECEWISE_BEZIER_KNOTS.);
#5807 = CARTESIAN_POINT('',(-20.85010486696,-8.305085929838,
    1.619999743457));
#5808 = CARTESIAN_POINT('',(-20.85010487133,-8.405085929838,
    1.619999734715));
#5809 = CARTESIAN_POINT('',(-20.85010487571,-8.505085929838,
    1.619999725973));
#5810 = CARTESIAN_POINT('',(-20.85010488008,-8.605085929838,
    1.61999971723));
#5811 = ( BOUNDED_SURFACE() B_SPLINE_SURFACE(2,3,(
    (#5812,#5813,#5814,#5815,#5816,#5817,#5818,#5819)
    ,(#5820,#5821,#5822,#5823,#5824,#5825,#5826,#5827)
    ,(#5828,#5829,#5830,#5831,#5832,#5833,#5834,#5835
)),.UNSPECIFIED.,.F.,.F.,.F.) B_SPLINE_SURFACE_WITH_KNOTS((3,3),(4,2,2,4
    ),(0.,1.),(-2.07E-03,-1.935E-03,-1.875E-03,-1.74E-03),
.UNSPECIFIED.) GEOMETRIC_REPRESENTATION_ITEM() RATIONAL_B_SPLINE_SURFACE
((
    (1.,1.,1.,1.,1.,1.,1.,1.)
    ,(8.485281374239E-02,8.485281374239E-02,8.485281374239E-02
      ,8.485281374239E-02,8.485281374239E-02,8.485281374239E-02
      ,8.485281374239E-02,8.485281374239E-02)
,(1.,1.,1.,1.,1.,1.,1.,1.))) REPRESENTATION_ITEM('') SURFACE() );
#5812 = CARTESIAN_POINT('',(-20.97010488598,-8.620085935083,
    1.739999710674));
#5813 = CARTESIAN_POINT('',(-20.97010488401,-8.575085935083,
    1.739999714608));
#5814 = CARTESIAN_POINT('',(-20.97010488204,-8.530085935083,
    1.739999718542));
#5815 = CARTESIAN_POINT('',(-20.9701048792,-8.465085935083,
    1.739999724224));
#5816 = CARTESIAN_POINT('',(-20.97010487833,-8.445085935083,
    1.739999725973));
#5817 = CARTESIAN_POINT('',(-20.97010487549,-8.380085935083,
    1.739999731655));
#5818 = CARTESIAN_POINT('',(-20.97010487352,-8.335085935083,
    1.739999735589));
#5819 = CARTESIAN_POINT('',(-20.97010487155,-8.290085935083,
    1.739999739523));
#5820 = CARTESIAN_POINT('',(-20.85010488598,-8.620085940329,
    1.739999715919));
#5821 = CARTESIAN_POINT('',(-20.85010488401,-8.575085940329,
    1.739999719853));
#5822 = CARTESIAN_POINT('',(-20.85010488204,-8.530085940329,
    1.739999723787));
#5823 = CARTESIAN_POINT('',(-20.8501048792,-8.465085940329,1.73999972947
    ));
#5824 = CARTESIAN_POINT('',(-20.85010487833,-8.445085940329,
    1.739999731218));
#5825 = CARTESIAN_POINT('',(-20.85010487549,-8.380085940329,
    1.739999736901));
#5826 = CARTESIAN_POINT('',(-20.85010487352,-8.335085940329,
    1.739999740835));
#5827 = CARTESIAN_POINT('',(-20.85010487155,-8.290085940329,
    1.739999744769));
#5828 = CARTESIAN_POINT('',(-20.85010488073,-8.620085929838,
    1.619999715919));
#5829 = CARTESIAN_POINT('',(-20.85010487877,-8.575085929838,
    1.619999719853));
#5830 = CARTESIAN_POINT('',(-20.8501048768,-8.530085929838,
    1.619999723787));
#5831 = CARTESIAN_POINT('',(-20.85010487396,-8.465085929838,
    1.61999972947));
#5832 = CARTESIAN_POINT('',(-20.85010487308,-8.445085929838,
    1.619999731218));
#5833 = CARTESIAN_POINT('',(-20.85010487024,-8.380085929838,
    1.619999736901));
#5834 = CARTESIAN_POINT('',(-20.85010486827,-8.335085929838,
    1.619999740835));
#5835 = CARTESIAN_POINT('',(-20.85010486631,-8.290085929838,
    1.619999744769));
#5836 = ADVANCED_FACE('',(#5837),#5885,.T.);
#5837 = FACE_BOUND('',#5838,.T.);
#5838 = EDGE_LOOP('',(#5839,#5870,#5877,#5878));
#5839 = ORIENTED_EDGE('',*,*,#5840,.T.);
#5840 = EDGE_CURVE('',#5841,#5843,#5845,.T.);
#5841 = VERTEX_POINT('',#5842);
#5842 = CARTESIAN_POINT('',(-21.03010488008,-8.485085932461,
    1.739999719853));
#5843 = VERTEX_POINT('',#5844);
#5844 = CARTESIAN_POINT('',(-21.15010488008,-8.605085916724,
    1.619999704117));
#5845 = B_SPLINE_CURVE_WITH_KNOTS('',3,(#5846,#5847,#5848,#5849,#5850,
    #5851,#5852,#5853,#5854,#5855,#5856,#5857,#5858,#5859,#5860,#5861,
    #5862,#5863,#5864,#5865,#5866,#5867,#5868,#5869),.UNSPECIFIED.,.F.,
  .F.,(4,2,2,1,2,2,2,2,2,1,2,2,4),(0.,0.125,0.1875,0.21875,0.234375,0.25
    ,0.5,0.625,0.6875,0.71875,0.734375,0.75,1.),.UNSPECIFIED.);
#5846 = CARTESIAN_POINT('',(-21.03010488008,-8.485085932461,
    1.739999719853));
#5847 = CARTESIAN_POINT('',(-21.03140133015,-8.486382382287,
    1.739999719682));
#5848 = CARTESIAN_POINT('',(-21.03475652192,-8.489338977576,
    1.738503738753));
#5849 = CARTESIAN_POINT('',(-21.04287742212,-8.497423048022,
    1.732539603202));
#5850 = CARTESIAN_POINT('',(-21.04609907427,-8.500715217289,
    1.729938099459));
#5851 = CARTESIAN_POINT('',(-21.05170358064,-8.506482823173,
    1.725118117512));
#5852 = CARTESIAN_POINT('',(-21.05469884085,-8.509570754553,
    1.722481766221));
#5853 = CARTESIAN_POINT('',(-21.05798361162,-8.512922410257,
    1.719536552036));
#5854 = CARTESIAN_POINT('',(-21.06023779447,-8.515208728703,
    1.717510003951));
#5855 = CARTESIAN_POINT('',(-21.06222310625,-8.517204098183,
    1.715720840443));
#5856 = CARTESIAN_POINT('',(-21.0684344743,-8.523416427279,
    1.710124509051));
#5857 = CARTESIAN_POINT('',(-21.07964860612,-8.534629746646,1.6997801389
    ));
#5858 = CARTESIAN_POINT('',(-21.10009303631,-8.555074032816,
    1.679423464753));
#5859 = CARTESIAN_POINT('',(-21.1059808383,-8.561067587913,1.6732597993)
  );
#5860 = CARTESIAN_POINT('',(-21.11342202918,-8.568498360156,
    1.665461025878));
#5861 = CARTESIAN_POINT('',(-21.11567067412,-8.570725544841,
    1.663092255335));
#5862 = CARTESIAN_POINT('',(-21.11869601351,-8.573714945381,
    1.659880816329));
#5863 = CARTESIAN_POINT('',(-21.1201217762,-8.575122239751,
    1.658360014994));
#5864 = CARTESIAN_POINT('',(-21.12141717838,-8.576405615755,
    1.656962235733));
#5865 = CARTESIAN_POINT('',(-21.12225181083,-8.577234572715,
    1.656057079373));
#5866 = CARTESIAN_POINT('',(-21.121915411,-8.576896593924,1.656429136804
    ));
#5867 = CARTESIAN_POINT('',(-21.14108425014,-8.596063012791,
    1.635392032278));
#5868 = CARTESIAN_POINT('',(-21.1501048802,-8.605085916906,
    1.622786458663));
#5869 = CARTESIAN_POINT('',(-21.15010488008,-8.605085916724,
    1.619999704117));
#5870 = ORIENTED_EDGE('',*,*,#5871,.F.);
#5871 = EDGE_CURVE('',#5777,#5843,#5872,.T.);
#5872 = B_SPLINE_CURVE_WITH_KNOTS('',3,(#5873,#5874,#5875,#5876),
  .UNSPECIFIED.,.F.,.F.,(4,4),(0.,1.),.PIECEWISE_BEZIER_KNOTS.);
#5873 = CARTESIAN_POINT('',(-20.85010488008,-8.605085929838,
    1.61999971723));
#5874 = CARTESIAN_POINT('',(-20.95010488008,-8.605085925467,
    1.619999712859));
#5875 = CARTESIAN_POINT('',(-21.05010488008,-8.605085921096,
    1.619999708488));
#5876 = CARTESIAN_POINT('',(-21.15010488008,-8.605085916724,
    1.619999704117));
#5877 = ORIENTED_EDGE('',*,*,#5776,.F.);
#5878 = ORIENTED_EDGE('',*,*,#5879,.F.);
#5879 = EDGE_CURVE('',#5841,#5768,#5880,.T.);
#5880 = B_SPLINE_CURVE_WITH_KNOTS('',3,(#5881,#5882,#5883,#5884),
  .UNSPECIFIED.,.F.,.F.,(4,4),(0.,1.),.PIECEWISE_BEZIER_KNOTS.);
#5881 = CARTESIAN_POINT('',(-21.03010488008,-8.485085932461,
    1.739999719853));
#5882 = CARTESIAN_POINT('',(-21.01010488008,-8.485085933335,
    1.739999720727));
#5883 = CARTESIAN_POINT('',(-20.99010488008,-8.485085934209,
    1.739999721602));
#5884 = CARTESIAN_POINT('',(-20.97010488008,-8.485085935083,
    1.739999722476));
#5885 = ( BOUNDED_SURFACE() B_SPLINE_SURFACE(2,3,(
    (#5886,#5887,#5888,#5889,#5890,#5891,#5892,#5893)
    ,(#5894,#5895,#5896,#5897,#5898,#5899,#5900,#5901)
    ,(#5902,#5903,#5904,#5905,#5906,#5907,#5908,#5909
)),.UNSPECIFIED.,.F.,.F.,.F.) B_SPLINE_SURFACE_WITH_KNOTS((3,3),(4,2,2,4
    ),(0.,1.),(-1.65E-04,-3.E-05,3.E-05,1.65E-04),.UNSPECIFIED.) 
GEOMETRIC_REPRESENTATION_ITEM() RATIONAL_B_SPLINE_SURFACE((
    (1.,1.,1.,1.,1.,1.,1.,1.)
    ,(8.485281374239E-02,8.485281374239E-02,8.485281374239E-02
      ,8.485281374239E-02,8.485281374239E-02,8.485281374239E-02
      ,8.485281374239E-02,8.485281374239E-02)
,(1.,1.,1.,1.,1.,1.,1.,1.))) REPRESENTATION_ITEM('') SURFACE() );
#5886 = CARTESIAN_POINT('',(-21.16510488008,-8.48508592656,
    1.739999713952));
#5887 = CARTESIAN_POINT('',(-21.12010488008,-8.485085928527,
    1.739999715919));
#5888 = CARTESIAN_POINT('',(-21.07510488008,-8.485085930494,
    1.739999717886));
#5889 = CARTESIAN_POINT('',(-21.01010488008,-8.485085933335,
    1.739999720727));
#5890 = CARTESIAN_POINT('',(-20.99010488008,-8.485085934209,
    1.739999721602));
#5891 = CARTESIAN_POINT('',(-20.92510488008,-8.48508593705,
    1.739999724443));
#5892 = CARTESIAN_POINT('',(-20.88010488008,-8.485085939017,
    1.73999972641));
#5893 = CARTESIAN_POINT('',(-20.83510488008,-8.485085940984,
    1.739999728377));
#5894 = CARTESIAN_POINT('',(-21.16510488532,-8.60508592656,
    1.739999703461));
#5895 = CARTESIAN_POINT('',(-21.12010488532,-8.605085928527,
    1.739999705428));
#5896 = CARTESIAN_POINT('',(-21.07510488532,-8.605085930494,
    1.739999707395));
#5897 = CARTESIAN_POINT('',(-21.01010488532,-8.605085933335,
    1.739999710237));
#5898 = CARTESIAN_POINT('',(-20.99010488532,-8.605085934209,
    1.739999711111));
#5899 = CARTESIAN_POINT('',(-20.92510488532,-8.60508593705,
    1.739999713952));
#5900 = CARTESIAN_POINT('',(-20.88010488532,-8.605085939017,
    1.739999715919));
#5901 = CARTESIAN_POINT('',(-20.83510488532,-8.605085940984,
    1.739999717886));
#5902 = CARTESIAN_POINT('',(-21.16510488008,-8.605085916069,
    1.619999703461));
#5903 = CARTESIAN_POINT('',(-21.12010488008,-8.605085918036,
    1.619999705428));
#5904 = CARTESIAN_POINT('',(-21.07510488008,-8.605085920003,
    1.619999707395));
#5905 = CARTESIAN_POINT('',(-21.01010488008,-8.605085922844,
    1.619999710237));
#5906 = CARTESIAN_POINT('',(-20.99010488008,-8.605085923718,
    1.619999711111));
#5907 = CARTESIAN_POINT('',(-20.92510488008,-8.60508592656,
    1.619999713952));
#5908 = CARTESIAN_POINT('',(-20.88010488008,-8.605085928527,
    1.619999715919));
#5909 = CARTESIAN_POINT('',(-20.83510488008,-8.605085930494,
    1.619999717886));
#5910 = ADVANCED_FACE('',(#5911),#5959,.T.);
#5911 = FACE_BOUND('',#5912,.T.);
#5912 = EDGE_LOOP('',(#5913,#5944,#5951,#5952));
#5913 = ORIENTED_EDGE('',*,*,#5914,.T.);
#5914 = EDGE_CURVE('',#5915,#5917,#5919,.T.);
#5915 = VERTEX_POINT('',#5916);
#5916 = CARTESIAN_POINT('',(-21.15010486696,-8.305085916724,
    1.619999730344));
#5917 = VERTEX_POINT('',#5918);
#5918 = CARTESIAN_POINT('',(-21.03010487745,-8.425085932461,
    1.739999725098));
#5919 = B_SPLINE_CURVE_WITH_KNOTS('',3,(#5920,#5921,#5922,#5923,#5924,
    #5925,#5926,#5927,#5928,#5929,#5930,#5931,#5932,#5933,#5934,#5935,
    #5936,#5937,#5938,#5939,#5940,#5941,#5942,#5943),.UNSPECIFIED.,.F.,
  .F.,(4,2,2,1,2,2,2,2,2,1,2,2,4),(0.,0.125,0.1875,0.21875,0.234375,0.25
    ,0.5,0.625,0.6875,0.71875,0.734375,0.75,1.),.UNSPECIFIED.);
#5920 = CARTESIAN_POINT('',(-21.15010486696,-8.305085916724,
    1.619999730344));
#5921 = CARTESIAN_POINT('',(-21.15010486702,-8.305085916847,1.6213928739
    ));
#5922 = CARTESIAN_POINT('',(-21.14784970969,-8.306842966333,
    1.624718053351));
#5923 = CARTESIAN_POINT('',(-21.14108423771,-8.313569870097,
    1.633652675148));
#5924 = CARTESIAN_POINT('',(-21.13826529105,-8.316479245604,
    1.637268986074));
#5925 = CARTESIAN_POINT('',(-21.13319118706,-8.321755162869,
    1.643490697827));
#5926 = CARTESIAN_POINT('',(-21.13044271406,-8.324617089119,
    1.646796882198));
#5927 = CARTESIAN_POINT('',(-21.12737710955,-8.327763281798,1.6503330978
    ));
#5928 = CARTESIAN_POINT('',(-21.12526289954,-8.329916020469,
    1.652732841128));
#5929 = CARTESIAN_POINT('',(-21.12343089243,-8.331759861324,
    1.654765866609));
#5930 = CARTESIAN_POINT('',(-21.11683636454,-8.338355016697,
    1.662004720829));
#5931 = CARTESIAN_POINT('',(-21.10788086752,-8.347309856749,
    1.671668901528));
#5932 = CARTESIAN_POINT('',(-21.0859768934,-8.369213940476,
    1.693479107876));
#5933 = CARTESIAN_POINT('',(-21.07976875249,-8.375558364265,
    1.69957397938));
#5934 = CARTESIAN_POINT('',(-21.0720963168,-8.383214051144,
    1.706784414911));
#5935 = CARTESIAN_POINT('',(-21.06981213419,-8.385470191811,
    1.708879547768));
#5936 = CARTESIAN_POINT('',(-21.06679580419,-8.388441402346,
    1.711612328307));
#5937 = CARTESIAN_POINT('',(-21.06539012517,-8.389824253273,
    1.712876610139));
#5938 = CARTESIAN_POINT('',(-21.06413817512,-8.391061589589,
    1.713999406736));
#5939 = CARTESIAN_POINT('',(-21.06333770375,-8.391855182726,
    1.714717809292));
#5940 = CARTESIAN_POINT('',(-21.06377985053,-8.391411185117,
    1.714318623064));
#5941 = CARTESIAN_POINT('',(-21.04352647284,-8.411660622166,
    1.732560172849));
#5942 = CARTESIAN_POINT('',(-21.03269860683,-8.422492202585,
    1.73999972521));
#5943 = CARTESIAN_POINT('',(-21.03010487745,-8.425085932461,
    1.739999725098));
#5944 = ORIENTED_EDGE('',*,*,#5945,.F.);
#5945 = EDGE_CURVE('',#5739,#5917,#5946,.T.);
#5946 = B_SPLINE_CURVE_WITH_KNOTS('',3,(#5947,#5948,#5949,#5950),
  .UNSPECIFIED.,.F.,.F.,(4,4),(0.,1.),.PIECEWISE_BEZIER_KNOTS.);
#5947 = CARTESIAN_POINT('',(-20.97010487745,-8.425085935083,
    1.739999727721));
#5948 = CARTESIAN_POINT('',(-20.99010487745,-8.425085934209,
    1.739999726847));
#5949 = CARTESIAN_POINT('',(-21.01010487745,-8.425085933335,
    1.739999725973));
#5950 = CARTESIAN_POINT('',(-21.03010487745,-8.425085932461,
    1.739999725098));
#5951 = ORIENTED_EDGE('',*,*,#5736,.F.);
#5952 = ORIENTED_EDGE('',*,*,#5953,.F.);
#5953 = EDGE_CURVE('',#5915,#5737,#5954,.T.);
#5954 = B_SPLINE_CURVE_WITH_KNOTS('',3,(#5955,#5956,#5957,#5958),
  .UNSPECIFIED.,.F.,.F.,(4,4),(0.,1.),.PIECEWISE_BEZIER_KNOTS.);
#5955 = CARTESIAN_POINT('',(-21.15010486696,-8.305085916724,
    1.619999730344));
#5956 = CARTESIAN_POINT('',(-21.05010486696,-8.305085921096,
    1.619999734715));
#5957 = CARTESIAN_POINT('',(-20.95010486696,-8.305085925467,
    1.619999739086));
#5958 = CARTESIAN_POINT('',(-20.85010486696,-8.305085929838,
    1.619999743457));
#5959 = ( BOUNDED_SURFACE() B_SPLINE_SURFACE(2,3,(
    (#5960,#5961,#5962,#5963,#5964,#5965,#5966,#5967)
    ,(#5968,#5969,#5970,#5971,#5972,#5973,#5974,#5975)
    ,(#5976,#5977,#5978,#5979,#5980,#5981,#5982,#5983
)),.UNSPECIFIED.,.F.,.F.,.F.) B_SPLINE_SURFACE_WITH_KNOTS((3,3),(4,2,2,4
    ),(0.,1.),(-1.65E-04,-3.E-05,3.E-05,1.65E-04),.UNSPECIFIED.) 
GEOMETRIC_REPRESENTATION_ITEM() RATIONAL_B_SPLINE_SURFACE((
    (1.,1.,1.,1.,1.,1.,1.,1.)
    ,(8.485281374239E-02,8.485281374239E-02,8.485281374239E-02
      ,8.485281374239E-02,8.485281374239E-02,8.485281374239E-02
      ,8.485281374239E-02,8.485281374239E-02)
,(1.,1.,1.,1.,1.,1.,1.,1.))) REPRESENTATION_ITEM('') SURFACE() );
#5960 = CARTESIAN_POINT('',(-20.83510487745,-8.425085940984,
    1.739999733622));
#5961 = CARTESIAN_POINT('',(-20.88010487745,-8.425085939017,
    1.739999731655));
#5962 = CARTESIAN_POINT('',(-20.92510487745,-8.42508593705,
    1.739999729688));
#5963 = CARTESIAN_POINT('',(-20.99010487745,-8.425085934209,
    1.739999726847));
#5964 = CARTESIAN_POINT('',(-21.01010487745,-8.425085933335,
    1.739999725973));
#5965 = CARTESIAN_POINT('',(-21.07510487745,-8.425085930494,
    1.739999723131));
#5966 = CARTESIAN_POINT('',(-21.12010487745,-8.425085928527,
    1.739999721164));
#5967 = CARTESIAN_POINT('',(-21.16510487745,-8.42508592656,
    1.739999719197));
#5968 = CARTESIAN_POINT('',(-20.83510487221,-8.305085940984,
    1.739999744113));
#5969 = CARTESIAN_POINT('',(-20.88010487221,-8.305085939017,
    1.739999742146));
#5970 = CARTESIAN_POINT('',(-20.92510487221,-8.30508593705,
    1.739999740179));
#5971 = CARTESIAN_POINT('',(-20.99010487221,-8.305085934209,
    1.739999737338));
#5972 = CARTESIAN_POINT('',(-21.01010487221,-8.305085933335,
    1.739999736463));
#5973 = CARTESIAN_POINT('',(-21.07510487221,-8.305085930494,
    1.739999733622));
#5974 = CARTESIAN_POINT('',(-21.12010487221,-8.305085928527,
    1.739999731655));
#5975 = CARTESIAN_POINT('',(-21.16510487221,-8.30508592656,
    1.739999729688));
#5976 = CARTESIAN_POINT('',(-20.83510486696,-8.305085930494,
    1.619999744113));
#5977 = CARTESIAN_POINT('',(-20.88010486696,-8.305085928527,
    1.619999742146));
#5978 = CARTESIAN_POINT('',(-20.92510486696,-8.30508592656,
    1.619999740179));
#5979 = CARTESIAN_POINT('',(-20.99010486696,-8.305085923718,
    1.619999737338));
#5980 = CARTESIAN_POINT('',(-21.01010486696,-8.305085922844,
    1.619999736463));
#5981 = CARTESIAN_POINT('',(-21.07510486696,-8.305085920003,
    1.619999733622));
#5982 = CARTESIAN_POINT('',(-21.12010486696,-8.305085918036,
    1.619999731655));
#5983 = CARTESIAN_POINT('',(-21.16510486696,-8.305085916069,
    1.619999729688));
#5984 = ADVANCED_FACE('',(#5985),#6003,.T.);
#5985 = FACE_BOUND('',#5986,.T.);
#5986 = EDGE_LOOP('',(#5987,#5988,#5995,#5996));
#5987 = ORIENTED_EDGE('',*,*,#5840,.F.);
#5988 = ORIENTED_EDGE('',*,*,#5989,.F.);
#5989 = EDGE_CURVE('',#5917,#5841,#5990,.T.);
#5990 = B_SPLINE_CURVE_WITH_KNOTS('',3,(#5991,#5992,#5993,#5994),
  .UNSPECIFIED.,.F.,.F.,(4,4),(0.,1.),.PIECEWISE_BEZIER_KNOTS.);
#5991 = CARTESIAN_POINT('',(-21.03010487745,-8.425085932461,
    1.739999725098));
#5992 = CARTESIAN_POINT('',(-21.03010487833,-8.445085932461,
    1.73999972335));
#5993 = CARTESIAN_POINT('',(-21.0301048792,-8.465085932461,
    1.739999721602));
#5994 = CARTESIAN_POINT('',(-21.03010488008,-8.485085932461,
    1.739999719853));
#5995 = ORIENTED_EDGE('',*,*,#5914,.F.);
#5996 = ORIENTED_EDGE('',*,*,#5997,.F.);
#5997 = EDGE_CURVE('',#5843,#5915,#5998,.T.);
#5998 = B_SPLINE_CURVE_WITH_KNOTS('',3,(#5999,#6000,#6001,#6002),
  .UNSPECIFIED.,.F.,.F.,(4,4),(0.,1.),.PIECEWISE_BEZIER_KNOTS.);
#5999 = CARTESIAN_POINT('',(-21.15010488008,-8.605085916724,
    1.619999704117));
#6000 = CARTESIAN_POINT('',(-21.15010487571,-8.505085916724,
    1.619999712859));
#6001 = CARTESIAN_POINT('',(-21.15010487133,-8.405085916724,
    1.619999721602));
#6002 = CARTESIAN_POINT('',(-21.15010486696,-8.305085916724,
    1.619999730344));
#6003 = ( BOUNDED_SURFACE() B_SPLINE_SURFACE(2,3,(
    (#6004,#6005,#6006,#6007,#6008,#6009,#6010,#6011)
    ,(#6012,#6013,#6014,#6015,#6016,#6017,#6018,#6019)
    ,(#6020,#6021,#6022,#6023,#6024,#6025,#6026,#6027
)),.UNSPECIFIED.,.F.,.F.,.F.) B_SPLINE_SURFACE_WITH_KNOTS((3,3),(4,2,2,4
    ),(0.,1.),(1.74E-03,1.875E-03,1.935E-03,2.07E-03),.UNSPECIFIED.) 
GEOMETRIC_REPRESENTATION_ITEM() RATIONAL_B_SPLINE_SURFACE((
    (1.,1.,1.,1.,1.,1.,1.,1.)
    ,(8.485281374239E-02,8.485281374239E-02,8.485281374239E-02
      ,8.485281374239E-02,8.485281374239E-02,8.485281374239E-02
      ,8.485281374239E-02,8.485281374239E-02)
,(1.,1.,1.,1.,1.,1.,1.,1.))) REPRESENTATION_ITEM('') SURFACE() );
#6004 = CARTESIAN_POINT('',(-21.03010487155,-8.290085932461,
    1.739999736901));
#6005 = CARTESIAN_POINT('',(-21.03010487352,-8.335085932461,
    1.739999732967));
#6006 = CARTESIAN_POINT('',(-21.03010487549,-8.380085932461,
    1.739999729032));
#6007 = CARTESIAN_POINT('',(-21.03010487833,-8.445085932461,
    1.73999972335));
#6008 = CARTESIAN_POINT('',(-21.0301048792,-8.465085932461,
    1.739999721602));
#6009 = CARTESIAN_POINT('',(-21.03010488204,-8.530085932461,
    1.739999715919));
#6010 = CARTESIAN_POINT('',(-21.03010488401,-8.575085932461,
    1.739999711985));
#6011 = CARTESIAN_POINT('',(-21.03010488598,-8.620085932461,
    1.739999708051));
#6012 = CARTESIAN_POINT('',(-21.15010487155,-8.290085927215,
    1.739999731655));
#6013 = CARTESIAN_POINT('',(-21.15010487352,-8.335085927215,
    1.739999727721));
#6014 = CARTESIAN_POINT('',(-21.15010487549,-8.380085927215,
    1.739999723787));
#6015 = CARTESIAN_POINT('',(-21.15010487833,-8.445085927215,
    1.739999718105));
#6016 = CARTESIAN_POINT('',(-21.1501048792,-8.465085927215,
    1.739999716356));
#6017 = CARTESIAN_POINT('',(-21.15010488204,-8.530085927215,
    1.739999710674));
#6018 = CARTESIAN_POINT('',(-21.15010488401,-8.575085927215,
    1.73999970674));
#6019 = CARTESIAN_POINT('',(-21.15010488598,-8.620085927215,
    1.739999702806));
#6020 = CARTESIAN_POINT('',(-21.15010486631,-8.290085916724,
    1.619999731655));
#6021 = CARTESIAN_POINT('',(-21.15010486827,-8.335085916724,
    1.619999727721));
#6022 = CARTESIAN_POINT('',(-21.15010487024,-8.380085916724,
    1.619999723787));
#6023 = CARTESIAN_POINT('',(-21.15010487308,-8.445085916724,
    1.619999718105));
#6024 = CARTESIAN_POINT('',(-21.15010487396,-8.465085916724,
    1.619999716356));
#6025 = CARTESIAN_POINT('',(-21.1501048768,-8.530085916724,
    1.619999710674));
#6026 = CARTESIAN_POINT('',(-21.15010487877,-8.575085916724,
    1.61999970674));
#6027 = CARTESIAN_POINT('',(-21.15010488073,-8.620085916724,
    1.619999702806));
#6028 = ADVANCED_FACE('',(#6029),#6107,.T.);
#6029 = FACE_BOUND('',#6030,.T.);
#6030 = EDGE_LOOP('',(#6031,#6062,#6071,#6100));
#6031 = ORIENTED_EDGE('',*,*,#6032,.T.);
#6032 = EDGE_CURVE('',#6033,#6035,#6037,.T.);
#6033 = VERTEX_POINT('',#6034);
#6034 = CARTESIAN_POINT('',(-20.85010492248,-9.575085929838,
    1.61999963243));
#6035 = VERTEX_POINT('',#6036);
#6036 = CARTESIAN_POINT('',(-20.97010493297,-9.695085935083,
    1.739999616694));
#6037 = B_SPLINE_CURVE_WITH_KNOTS('',3,(#6038,#6039,#6040,#6041,#6042,
    #6043,#6044,#6045,#6046,#6047,#6048,#6049,#6050,#6051,#6052,#6053,
    #6054,#6055,#6056,#6057,#6058,#6059,#6060,#6061),.UNSPECIFIED.,.F.,
  .F.,(4,2,2,1,2,2,2,2,2,1,2,2,4),(0.,0.125,0.1875,0.21875,0.234375,0.25
    ,0.5,0.625,0.6875,0.71875,0.734375,0.75,1.),.UNSPECIFIED.);
#6038 = CARTESIAN_POINT('',(-20.85010492248,-9.575085929838,
    1.61999963243));
#6039 = CARTESIAN_POINT('',(-20.85010492254,-9.57508592996,
    1.621392775987));
#6040 = CARTESIAN_POINT('',(-20.85186197188,-9.577341087728,
    1.624717955218));
#6041 = CARTESIAN_POINT('',(-20.85858887525,-9.584106560879,
    1.633652576422));
#6042 = CARTESIAN_POINT('',(-20.8614982506,-9.586925508011,
    1.637268887105));
#6043 = CARTESIAN_POINT('',(-20.86677416759,-9.591999612823,
    1.643490598424));
#6044 = CARTESIAN_POINT('',(-20.8696360937,-9.594748086256,1.64679678256
    ));
#6045 = CARTESIAN_POINT('',(-20.87278228622,-9.597813691229,
    1.650332997897));
#6046 = CARTESIAN_POINT('',(-20.87493502479,-9.599927901552,
    1.652732741042));
#6047 = CARTESIAN_POINT('',(-20.87677886556,-9.601759908926,
    1.654765766363));
#6048 = CARTESIAN_POINT('',(-20.88337402062,-9.608354437769,
    1.662004620013));
#6049 = CARTESIAN_POINT('',(-20.89232886025,-9.617309936069,
    1.671668799935));
#6050 = CARTESIAN_POINT('',(-20.91423294301,-9.639213913034,
    1.69347900435));
#6051 = CARTESIAN_POINT('',(-20.92057736653,-9.645422054738,
    1.699573875315));
#6052 = CARTESIAN_POINT('',(-20.92823305309,-9.65309449137,
    1.706784310176));
#6053 = CARTESIAN_POINT('',(-20.93048919367,-9.655378674261,
    1.708879442833));
#6054 = CARTESIAN_POINT('',(-20.93346040409,-9.65839500462,
    1.711612223107));
#6055 = CARTESIAN_POINT('',(-20.93484325496,-9.659800683806,
    1.712876504817));
#6056 = CARTESIAN_POINT('',(-20.93608059123,-9.661052634001,
    1.713999301305));
#6057 = CARTESIAN_POINT('',(-20.93687418434,-9.661853105466,
    1.714717703792));
#6058 = CARTESIAN_POINT('',(-20.93643018675,-9.661410958636,
    1.714318517604));
#6059 = CARTESIAN_POINT('',(-20.956679623,-9.681664338723,1.732560065618
    ));
#6060 = CARTESIAN_POINT('',(-20.96751120309,-9.692492205705,
    1.739999617032));
#6061 = CARTESIAN_POINT('',(-20.97010493297,-9.695085935083,
    1.739999616694));
#6062 = ORIENTED_EDGE('',*,*,#6063,.F.);
#6063 = EDGE_CURVE('',#6064,#6035,#6066,.T.);
#6064 = VERTEX_POINT('',#6065);
#6065 = CARTESIAN_POINT('',(-20.97010493559,-9.755085935083,
    1.739999611449));
#6066 = B_SPLINE_CURVE_WITH_KNOTS('',3,(#6067,#6068,#6069,#6070),
  .UNSPECIFIED.,.F.,.F.,(4,4),(0.,1.),.PIECEWISE_BEZIER_KNOTS.);
#6067 = CARTESIAN_POINT('',(-20.97010493559,-9.755085935083,
    1.739999611449));
#6068 = CARTESIAN_POINT('',(-20.97010493472,-9.735085935083,
    1.739999613197));
#6069 = CARTESIAN_POINT('',(-20.97010493384,-9.715085935083,
    1.739999614946));
#6070 = CARTESIAN_POINT('',(-20.97010493297,-9.695085935083,
    1.739999616694));
#6071 = ORIENTED_EDGE('',*,*,#6072,.T.);
#6072 = EDGE_CURVE('',#6064,#6073,#6075,.T.);
#6073 = VERTEX_POINT('',#6074);
#6074 = CARTESIAN_POINT('',(-20.85010493559,-9.875085929838,
    1.619999606204));
#6075 = B_SPLINE_CURVE_WITH_KNOTS('',3,(#6076,#6077,#6078,#6079,#6080,
    #6081,#6082,#6083,#6084,#6085,#6086,#6087,#6088,#6089,#6090,#6091,
    #6092,#6093,#6094,#6095,#6096,#6097,#6098,#6099),.UNSPECIFIED.,.F.,
  .F.,(4,2,2,1,2,2,2,2,2,1,2,2,4),(0.,0.125,0.1875,0.21875,0.234375,0.25
    ,0.5,0.625,0.6875,0.71875,0.734375,0.75,1.),.UNSPECIFIED.);
#6076 = CARTESIAN_POINT('',(-20.97010493559,-9.755085935083,
    1.739999611449));
#6077 = CARTESIAN_POINT('',(-20.96880848576,-9.756382385154,
    1.739999611391));
#6078 = CARTESIAN_POINT('',(-20.96585189028,-9.759737576862,
    1.738503630704));
#6079 = CARTESIAN_POINT('',(-20.95776781905,-9.767858476798,
    1.732539495859));
#6080 = CARTESIAN_POINT('',(-20.95447564944,-9.771080128839,
    1.729937992407));
#6081 = CARTESIAN_POINT('',(-20.94870804293,-9.776684634993,
    1.725118010971));
#6082 = CARTESIAN_POINT('',(-20.9456201112,-9.779679895092,
    1.722481659954));
#6083 = CARTESIAN_POINT('',(-20.94226845511,-9.782964665727,
    1.719536446065));
#6084 = CARTESIAN_POINT('',(-20.9399821364,-9.785218848492,1.71750989818
    ));
#6085 = CARTESIAN_POINT('',(-20.93798676668,-9.787204160192,
    1.715720734847));
#6086 = CARTESIAN_POINT('',(-20.93177443686,-9.793415527994,
    1.710124403999));
#6087 = CARTESIAN_POINT('',(-20.92056111612,-9.804629659378,
    1.699780034818));
#6088 = CARTESIAN_POINT('',(-20.90011682729,-9.825074088669,
    1.679423362472));
#6089 = CARTESIAN_POINT('',(-20.89412327139,-9.830961890387,
    1.673259697549));
#6090 = CARTESIAN_POINT('',(-20.88669249813,-9.838403080925,
    1.665460924776));
#6091 = CARTESIAN_POINT('',(-20.88446531313,-9.840651725764,
    1.663092154427));
#6092 = CARTESIAN_POINT('',(-20.88147591217,-9.843677065013,
    1.659880715679));
#6093 = CARTESIAN_POINT('',(-20.8800686176,-9.845102827636,
    1.658359914465));
#6094 = CARTESIAN_POINT('',(-20.87878524141,-9.846398229754,
    1.656962135314));
#6095 = CARTESIAN_POINT('',(-20.87795628433,-9.847232862165,
    1.656056979025));
#6096 = CARTESIAN_POINT('',(-20.87829426317,-9.846896462357,
    1.656429036426));
#6097 = CARTESIAN_POINT('',(-20.85912784154,-9.86606530057,
    1.635391933579));
#6098 = CARTESIAN_POINT('',(-20.85010493577,-9.875085930081,
    1.62278636075));
#6099 = CARTESIAN_POINT('',(-20.85010493559,-9.875085929838,
    1.619999606204));
#6100 = ORIENTED_EDGE('',*,*,#6101,.F.);
#6101 = EDGE_CURVE('',#6033,#6073,#6102,.T.);
#6102 = B_SPLINE_CURVE_WITH_KNOTS('',3,(#6103,#6104,#6105,#6106),
  .UNSPECIFIED.,.F.,.F.,(4,4),(0.,1.),.PIECEWISE_BEZIER_KNOTS.);
#6103 = CARTESIAN_POINT('',(-20.85010492248,-9.575085929838,
    1.61999963243));
#6104 = CARTESIAN_POINT('',(-20.85010492685,-9.675085929838,
    1.619999623688));
#6105 = CARTESIAN_POINT('',(-20.85010493122,-9.775085929838,
    1.619999614946));
#6106 = CARTESIAN_POINT('',(-20.85010493559,-9.875085929838,
    1.619999606204));
#6107 = ( BOUNDED_SURFACE() B_SPLINE_SURFACE(2,3,(
    (#6108,#6109,#6110,#6111,#6112,#6113,#6114,#6115)
    ,(#6116,#6117,#6118,#6119,#6120,#6121,#6122,#6123)
    ,(#6124,#6125,#6126,#6127,#6128,#6129,#6130,#6131
)),.UNSPECIFIED.,.F.,.F.,.F.) B_SPLINE_SURFACE_WITH_KNOTS((3,3),(4,2,2,4
    ),(0.,1.),(-3.34E-03,-3.205E-03,-3.145E-03,-3.01E-03),
.UNSPECIFIED.) GEOMETRIC_REPRESENTATION_ITEM() RATIONAL_B_SPLINE_SURFACE
((
    (1.,1.,1.,1.,1.,1.,1.,1.)
    ,(8.485281374239E-02,8.485281374239E-02,8.485281374239E-02
      ,8.485281374239E-02,8.485281374239E-02,8.485281374239E-02
      ,8.485281374239E-02,8.485281374239E-02)
,(1.,1.,1.,1.,1.,1.,1.,1.))) REPRESENTATION_ITEM('') SURFACE() );
#6108 = CARTESIAN_POINT('',(-20.97010494149,-9.890085935083,
    1.739999599647));
#6109 = CARTESIAN_POINT('',(-20.97010493952,-9.845085935083,
    1.739999603581));
#6110 = CARTESIAN_POINT('',(-20.97010493756,-9.800085935083,
    1.739999607515));
#6111 = CARTESIAN_POINT('',(-20.97010493472,-9.735085935083,
    1.739999613197));
#6112 = CARTESIAN_POINT('',(-20.97010493384,-9.715085935083,
    1.739999614946));
#6113 = CARTESIAN_POINT('',(-20.970104931,-9.650085935083,1.739999620628
    ));
#6114 = CARTESIAN_POINT('',(-20.97010492903,-9.605085935083,
    1.739999624562));
#6115 = CARTESIAN_POINT('',(-20.97010492707,-9.560085935083,
    1.739999628496));
#6116 = CARTESIAN_POINT('',(-20.85010494149,-9.890085940329,
    1.739999604892));
#6117 = CARTESIAN_POINT('',(-20.85010493952,-9.845085940329,
    1.739999608826));
#6118 = CARTESIAN_POINT('',(-20.85010493756,-9.800085940329,
    1.73999961276));
#6119 = CARTESIAN_POINT('',(-20.85010493472,-9.735085940329,
    1.739999618443));
#6120 = CARTESIAN_POINT('',(-20.85010493384,-9.715085940329,
    1.739999620191));
#6121 = CARTESIAN_POINT('',(-20.850104931,-9.650085940329,1.739999625874
    ));
#6122 = CARTESIAN_POINT('',(-20.85010492903,-9.605085940329,
    1.739999629808));
#6123 = CARTESIAN_POINT('',(-20.85010492707,-9.560085940329,
    1.739999633742));
#6124 = CARTESIAN_POINT('',(-20.85010493625,-9.890085929838,
    1.619999604892));
#6125 = CARTESIAN_POINT('',(-20.85010493428,-9.845085929838,
    1.619999608826));
#6126 = CARTESIAN_POINT('',(-20.85010493231,-9.800085929838,
    1.61999961276));
#6127 = CARTESIAN_POINT('',(-20.85010492947,-9.735085929838,
    1.619999618443));
#6128 = CARTESIAN_POINT('',(-20.8501049286,-9.715085929838,
    1.619999620191));
#6129 = CARTESIAN_POINT('',(-20.85010492575,-9.650085929838,
    1.619999625874));
#6130 = CARTESIAN_POINT('',(-20.85010492379,-9.605085929838,
    1.619999629808));
#6131 = CARTESIAN_POINT('',(-20.85010492182,-9.560085929838,
    1.619999633742));
#6132 = ADVANCED_FACE('',(#6133),#6181,.T.);
#6133 = FACE_BOUND('',#6134,.T.);
#6134 = EDGE_LOOP('',(#6135,#6166,#6173,#6174));
#6135 = ORIENTED_EDGE('',*,*,#6136,.T.);
#6136 = EDGE_CURVE('',#6137,#6139,#6141,.T.);
#6137 = VERTEX_POINT('',#6138);
#6138 = CARTESIAN_POINT('',(-21.03010493559,-9.755085932461,
    1.739999608826));
#6139 = VERTEX_POINT('',#6140);
#6140 = CARTESIAN_POINT('',(-21.15010493559,-9.875085916724,
    1.61999959309));
#6141 = B_SPLINE_CURVE_WITH_KNOTS('',3,(#6142,#6143,#6144,#6145,#6146,
    #6147,#6148,#6149,#6150,#6151,#6152,#6153,#6154,#6155,#6156,#6157,
    #6158,#6159,#6160,#6161,#6162,#6163,#6164,#6165),.UNSPECIFIED.,.F.,
  .F.,(4,2,2,1,2,2,2,2,2,1,2,2,4),(0.,0.125,0.1875,0.21875,0.234375,0.25
    ,0.5,0.625,0.6875,0.71875,0.734375,0.75,1.),.UNSPECIFIED.);
#6142 = CARTESIAN_POINT('',(-21.03010493559,-9.755085932461,
    1.739999608826));
#6143 = CARTESIAN_POINT('',(-21.03140138566,-9.756382382287,
    1.739999608655));
#6144 = CARTESIAN_POINT('',(-21.03475657743,-9.759338977575,
    1.738503627727));
#6145 = CARTESIAN_POINT('',(-21.04287747763,-9.767423048019,
    1.732539492177));
#6146 = CARTESIAN_POINT('',(-21.04609912979,-9.770715217286,
    1.729937988434));
#6147 = CARTESIAN_POINT('',(-21.05170363615,-9.776482823171,
    1.725118006487));
#6148 = CARTESIAN_POINT('',(-21.05469889636,-9.779570754551,
    1.722481655196));
#6149 = CARTESIAN_POINT('',(-21.05798366713,-9.782922410256,
    1.719536441011));
#6150 = CARTESIAN_POINT('',(-21.06023784998,-9.785208728702,
    1.717509892924));
#6151 = CARTESIAN_POINT('',(-21.06222316176,-9.787204098183,
    1.715720729416));
#6152 = CARTESIAN_POINT('',(-21.0684345298,-9.793416427273,1.71012439803
    ));
#6153 = CARTESIAN_POINT('',(-21.07964866163,-9.804629746646,
    1.699780027873));
#6154 = CARTESIAN_POINT('',(-21.10009309183,-9.825074032816,
    1.679423353726));
#6155 = CARTESIAN_POINT('',(-21.10598089382,-9.831067587913,
    1.673259688273));
#6156 = CARTESIAN_POINT('',(-21.1134220847,-9.838498360155,
    1.665460914851));
#6157 = CARTESIAN_POINT('',(-21.11567072964,-9.84072554484,
    1.663092144309));
#6158 = CARTESIAN_POINT('',(-21.11869606903,-9.843714945381,
    1.659880705303));
#6159 = CARTESIAN_POINT('',(-21.12012183171,-9.845122239751,
    1.658359903968));
#6160 = CARTESIAN_POINT('',(-21.12141723389,-9.846405615755,
    1.656962124706));
#6161 = CARTESIAN_POINT('',(-21.12225186634,-9.847234572715,
    1.656056968346));
#6162 = CARTESIAN_POINT('',(-21.12191546652,-9.846896593924,
    1.656429025777));
#6163 = CARTESIAN_POINT('',(-21.14108430565,-9.866063012791,
    1.635391921251));
#6164 = CARTESIAN_POINT('',(-21.15010493571,-9.875085916906,
    1.622786347636));
#6165 = CARTESIAN_POINT('',(-21.15010493559,-9.875085916724,
    1.61999959309));
#6166 = ORIENTED_EDGE('',*,*,#6167,.F.);
#6167 = EDGE_CURVE('',#6073,#6139,#6168,.T.);
#6168 = B_SPLINE_CURVE_WITH_KNOTS('',3,(#6169,#6170,#6171,#6172),
  .UNSPECIFIED.,.F.,.F.,(4,4),(0.,1.),.PIECEWISE_BEZIER_KNOTS.);
#6169 = CARTESIAN_POINT('',(-20.85010493559,-9.875085929838,
    1.619999606204));
#6170 = CARTESIAN_POINT('',(-20.95010493559,-9.875085925467,
    1.619999601832));
#6171 = CARTESIAN_POINT('',(-21.05010493559,-9.875085921096,
    1.619999597461));
#6172 = CARTESIAN_POINT('',(-21.15010493559,-9.875085916724,
    1.61999959309));
#6173 = ORIENTED_EDGE('',*,*,#6072,.F.);
#6174 = ORIENTED_EDGE('',*,*,#6175,.F.);
#6175 = EDGE_CURVE('',#6137,#6064,#6176,.T.);
#6176 = B_SPLINE_CURVE_WITH_KNOTS('',3,(#6177,#6178,#6179,#6180),
  .UNSPECIFIED.,.F.,.F.,(4,4),(0.,1.),.PIECEWISE_BEZIER_KNOTS.);
#6177 = CARTESIAN_POINT('',(-21.03010493559,-9.755085932461,
    1.739999608826));
#6178 = CARTESIAN_POINT('',(-21.01010493559,-9.755085933335,1.7399996097
    ));
#6179 = CARTESIAN_POINT('',(-20.99010493559,-9.755085934209,
    1.739999610575));
#6180 = CARTESIAN_POINT('',(-20.97010493559,-9.755085935083,
    1.739999611449));
#6181 = ( BOUNDED_SURFACE() B_SPLINE_SURFACE(2,3,(
    (#6182,#6183,#6184,#6185,#6186,#6187,#6188,#6189)
    ,(#6190,#6191,#6192,#6193,#6194,#6195,#6196,#6197)
    ,(#6198,#6199,#6200,#6201,#6202,#6203,#6204,#6205
)),.UNSPECIFIED.,.F.,.F.,.F.) B_SPLINE_SURFACE_WITH_KNOTS((3,3),(4,2,2,4
    ),(0.,1.),(-1.65E-04,-3.E-05,3.E-05,1.65E-04),.UNSPECIFIED.) 
GEOMETRIC_REPRESENTATION_ITEM() RATIONAL_B_SPLINE_SURFACE((
    (1.,1.,1.,1.,1.,1.,1.,1.)
    ,(8.485281374239E-02,8.485281374239E-02,8.485281374239E-02
      ,8.485281374239E-02,8.485281374239E-02,8.485281374239E-02
      ,8.485281374239E-02,8.485281374239E-02)
,(1.,1.,1.,1.,1.,1.,1.,1.))) REPRESENTATION_ITEM('') SURFACE() );
#6182 = CARTESIAN_POINT('',(-21.16510493559,-9.755085926559,
    1.739999602925));
#6183 = CARTESIAN_POINT('',(-21.12010493559,-9.755085928527,
    1.739999604892));
#6184 = CARTESIAN_POINT('',(-21.07510493559,-9.755085930494,
    1.739999606859));
#6185 = CARTESIAN_POINT('',(-21.01010493559,-9.755085933335,1.7399996097
    ));
#6186 = CARTESIAN_POINT('',(-20.99010493559,-9.755085934209,
    1.739999610575));
#6187 = CARTESIAN_POINT('',(-20.92510493559,-9.75508593705,
    1.739999613416));
#6188 = CARTESIAN_POINT('',(-20.88010493559,-9.755085939017,
    1.739999615383));
#6189 = CARTESIAN_POINT('',(-20.83510493559,-9.755085940984,
    1.73999961735));
#6190 = CARTESIAN_POINT('',(-21.16510494084,-9.875085926559,
    1.739999592434));
#6191 = CARTESIAN_POINT('',(-21.12010494084,-9.875085928527,
    1.739999594401));
#6192 = CARTESIAN_POINT('',(-21.07510494084,-9.875085930494,
    1.739999596368));
#6193 = CARTESIAN_POINT('',(-21.01010494084,-9.875085933335,
    1.73999959921));
#6194 = CARTESIAN_POINT('',(-20.99010494084,-9.875085934209,
    1.739999600084));
#6195 = CARTESIAN_POINT('',(-20.92510494084,-9.87508593705,
    1.739999602925));
#6196 = CARTESIAN_POINT('',(-20.88010494084,-9.875085939017,
    1.739999604892));
#6197 = CARTESIAN_POINT('',(-20.83510494084,-9.875085940984,
    1.739999606859));
#6198 = CARTESIAN_POINT('',(-21.16510493559,-9.875085916069,
    1.619999592434));
#6199 = CARTESIAN_POINT('',(-21.12010493559,-9.875085918036,
    1.619999594401));
#6200 = CARTESIAN_POINT('',(-21.07510493559,-9.875085920003,
    1.619999596368));
#6201 = CARTESIAN_POINT('',(-21.01010493559,-9.875085922844,
    1.61999959921));
#6202 = CARTESIAN_POINT('',(-20.99010493559,-9.875085923718,
    1.619999600084));
#6203 = CARTESIAN_POINT('',(-20.92510493559,-9.87508592656,
    1.619999602925));
#6204 = CARTESIAN_POINT('',(-20.88010493559,-9.875085928527,
    1.619999604892));
#6205 = CARTESIAN_POINT('',(-20.83510493559,-9.875085930494,
    1.619999606859));
#6206 = ADVANCED_FACE('',(#6207),#6255,.T.);
#6207 = FACE_BOUND('',#6208,.T.);
#6208 = EDGE_LOOP('',(#6209,#6240,#6247,#6248));
#6209 = ORIENTED_EDGE('',*,*,#6210,.T.);
#6210 = EDGE_CURVE('',#6211,#6213,#6215,.T.);
#6211 = VERTEX_POINT('',#6212);
#6212 = CARTESIAN_POINT('',(-21.15010492248,-9.575085916724,
    1.619999619317));
#6213 = VERTEX_POINT('',#6214);
#6214 = CARTESIAN_POINT('',(-21.03010493297,-9.695085932461,
    1.739999614072));
#6215 = B_SPLINE_CURVE_WITH_KNOTS('',3,(#6216,#6217,#6218,#6219,#6220,
    #6221,#6222,#6223,#6224,#6225,#6226,#6227,#6228,#6229,#6230,#6231,
    #6232,#6233,#6234,#6235,#6236,#6237,#6238,#6239),.UNSPECIFIED.,.F.,
  .F.,(4,2,2,1,2,2,2,2,2,1,2,2,4),(0.,0.125,0.1875,0.21875,0.234375,0.25
    ,0.5,0.625,0.6875,0.71875,0.734375,0.75,1.),.UNSPECIFIED.);
#6216 = CARTESIAN_POINT('',(-21.15010492248,-9.575085916724,
    1.619999619317));
#6217 = CARTESIAN_POINT('',(-21.15010492254,-9.575085916847,
    1.621392762873));
#6218 = CARTESIAN_POINT('',(-21.1478497652,-9.576842966332,
    1.624717942323));
#6219 = CARTESIAN_POINT('',(-21.14108429323,-9.583569870096,
    1.63365256412));
#6220 = CARTESIAN_POINT('',(-21.13826534657,-9.586479245603,
    1.637268875046));
#6221 = CARTESIAN_POINT('',(-21.13319124257,-9.591755162868,
    1.643490586799));
#6222 = CARTESIAN_POINT('',(-21.13044276957,-9.594617089118,
    1.64679677117));
#6223 = CARTESIAN_POINT('',(-21.12737716506,-9.597763281798,
    1.650332986772));
#6224 = CARTESIAN_POINT('',(-21.12526295505,-9.599916020469,1.6527327301
    ));
#6225 = CARTESIAN_POINT('',(-21.12343094795,-9.601759861324,
    1.654765755582));
#6226 = CARTESIAN_POINT('',(-21.11683642006,-9.608355016699,
    1.662004609803));
#6227 = CARTESIAN_POINT('',(-21.10788092302,-9.617309856757,
    1.671668790509));
#6228 = CARTESIAN_POINT('',(-21.08597694891,-9.639213940472,
    1.693478996845));
#6229 = CARTESIAN_POINT('',(-21.07976880801,-9.645558364259,
    1.699573868347));
#6230 = CARTESIAN_POINT('',(-21.07209637232,-9.653214051138,
    1.706784303879));
#6231 = CARTESIAN_POINT('',(-21.06981218971,-9.655470191806,
    1.708879436737));
#6232 = CARTESIAN_POINT('',(-21.06679585971,-9.658441402343,
    1.711612217276));
#6233 = CARTESIAN_POINT('',(-21.06539018069,-9.65982425327,1.71287649911
    ));
#6234 = CARTESIAN_POINT('',(-21.06413823064,-9.661061589587,
    1.713999295708));
#6235 = CARTESIAN_POINT('',(-21.06333775927,-9.661855182725,
    1.714717698265));
#6236 = CARTESIAN_POINT('',(-21.06377990605,-9.661411185117,
    1.714318512037));
#6237 = CARTESIAN_POINT('',(-21.04352652835,-9.681660622167,
    1.732560061822));
#6238 = CARTESIAN_POINT('',(-21.03269866235,-9.692492202585,
    1.739999614183));
#6239 = CARTESIAN_POINT('',(-21.03010493297,-9.695085932461,
    1.739999614072));
#6240 = ORIENTED_EDGE('',*,*,#6241,.F.);
#6241 = EDGE_CURVE('',#6035,#6213,#6242,.T.);
#6242 = B_SPLINE_CURVE_WITH_KNOTS('',3,(#6243,#6244,#6245,#6246),
  .UNSPECIFIED.,.F.,.F.,(4,4),(0.,1.),.PIECEWISE_BEZIER_KNOTS.);
#6243 = CARTESIAN_POINT('',(-20.97010493297,-9.695085935083,
    1.739999616694));
#6244 = CARTESIAN_POINT('',(-20.99010493297,-9.695085934209,
    1.73999961582));
#6245 = CARTESIAN_POINT('',(-21.01010493297,-9.695085933335,
    1.739999614946));
#6246 = CARTESIAN_POINT('',(-21.03010493297,-9.695085932461,
    1.739999614072));
#6247 = ORIENTED_EDGE('',*,*,#6032,.F.);
#6248 = ORIENTED_EDGE('',*,*,#6249,.F.);
#6249 = EDGE_CURVE('',#6211,#6033,#6250,.T.);
#6250 = B_SPLINE_CURVE_WITH_KNOTS('',3,(#6251,#6252,#6253,#6254),
  .UNSPECIFIED.,.F.,.F.,(4,4),(0.,1.),.PIECEWISE_BEZIER_KNOTS.);
#6251 = CARTESIAN_POINT('',(-21.15010492248,-9.575085916724,
    1.619999619317));
#6252 = CARTESIAN_POINT('',(-21.05010492248,-9.575085921096,
    1.619999623688));
#6253 = CARTESIAN_POINT('',(-20.95010492248,-9.575085925467,
    1.619999628059));
#6254 = CARTESIAN_POINT('',(-20.85010492248,-9.575085929838,
    1.61999963243));
#6255 = ( BOUNDED_SURFACE() B_SPLINE_SURFACE(2,3,(
    (#6256,#6257,#6258,#6259,#6260,#6261,#6262,#6263)
    ,(#6264,#6265,#6266,#6267,#6268,#6269,#6270,#6271)
    ,(#6272,#6273,#6274,#6275,#6276,#6277,#6278,#6279
)),.UNSPECIFIED.,.F.,.F.,.F.) B_SPLINE_SURFACE_WITH_KNOTS((3,3),(4,2,2,4
    ),(0.,1.),(-1.65E-04,-3.E-05,3.E-05,1.65E-04),.UNSPECIFIED.) 
GEOMETRIC_REPRESENTATION_ITEM() RATIONAL_B_SPLINE_SURFACE((
    (1.,1.,1.,1.,1.,1.,1.,1.)
    ,(8.485281374239E-02,8.485281374239E-02,8.485281374239E-02
      ,8.485281374239E-02,8.485281374239E-02,8.485281374239E-02
      ,8.485281374239E-02,8.485281374239E-02)
,(1.,1.,1.,1.,1.,1.,1.,1.))) REPRESENTATION_ITEM('') SURFACE() );
#6256 = CARTESIAN_POINT('',(-20.83510493297,-9.695085940984,
    1.739999622595));
#6257 = CARTESIAN_POINT('',(-20.88010493297,-9.695085939017,
    1.739999620628));
#6258 = CARTESIAN_POINT('',(-20.92510493297,-9.69508593705,
    1.739999618661));
#6259 = CARTESIAN_POINT('',(-20.99010493297,-9.695085934209,
    1.73999961582));
#6260 = CARTESIAN_POINT('',(-21.01010493297,-9.695085933335,
    1.739999614946));
#6261 = CARTESIAN_POINT('',(-21.07510493297,-9.695085930494,
    1.739999612105));
#6262 = CARTESIAN_POINT('',(-21.12010493297,-9.695085928527,
    1.739999610138));
#6263 = CARTESIAN_POINT('',(-21.16510493297,-9.695085926559,
    1.739999608171));
#6264 = CARTESIAN_POINT('',(-20.83510492772,-9.575085940984,
    1.739999633086));
#6265 = CARTESIAN_POINT('',(-20.88010492772,-9.575085939017,
    1.739999631119));
#6266 = CARTESIAN_POINT('',(-20.92510492772,-9.57508593705,
    1.739999629152));
#6267 = CARTESIAN_POINT('',(-20.99010492772,-9.575085934209,
    1.739999626311));
#6268 = CARTESIAN_POINT('',(-21.01010492772,-9.575085933335,
    1.739999625437));
#6269 = CARTESIAN_POINT('',(-21.07510492772,-9.575085930494,
    1.739999622595));
#6270 = CARTESIAN_POINT('',(-21.12010492772,-9.575085928527,
    1.739999620628));
#6271 = CARTESIAN_POINT('',(-21.16510492772,-9.575085926559,
    1.739999618661));
#6272 = CARTESIAN_POINT('',(-20.83510492248,-9.575085930494,
    1.619999633086));
#6273 = CARTESIAN_POINT('',(-20.88010492248,-9.575085928527,
    1.619999631119));
#6274 = CARTESIAN_POINT('',(-20.92510492248,-9.57508592656,
    1.619999629152));
#6275 = CARTESIAN_POINT('',(-20.99010492248,-9.575085923718,
    1.619999626311));
#6276 = CARTESIAN_POINT('',(-21.01010492248,-9.575085922844,
    1.619999625437));
#6277 = CARTESIAN_POINT('',(-21.07510492248,-9.575085920003,
    1.619999622595));
#6278 = CARTESIAN_POINT('',(-21.12010492248,-9.575085918036,
    1.619999620628));
#6279 = CARTESIAN_POINT('',(-21.16510492248,-9.575085916069,
    1.619999618661));
#6280 = ADVANCED_FACE('',(#6281),#6299,.T.);
#6281 = FACE_BOUND('',#6282,.T.);
#6282 = EDGE_LOOP('',(#6283,#6284,#6291,#6292));
#6283 = ORIENTED_EDGE('',*,*,#6136,.F.);
#6284 = ORIENTED_EDGE('',*,*,#6285,.F.);
#6285 = EDGE_CURVE('',#6213,#6137,#6286,.T.);
#6286 = B_SPLINE_CURVE_WITH_KNOTS('',3,(#6287,#6288,#6289,#6290),
  .UNSPECIFIED.,.F.,.F.,(4,4),(0.,1.),.PIECEWISE_BEZIER_KNOTS.);
#6287 = CARTESIAN_POINT('',(-21.03010493297,-9.695085932461,
    1.739999614072));
#6288 = CARTESIAN_POINT('',(-21.03010493384,-9.715085932461,
    1.739999612323));
#6289 = CARTESIAN_POINT('',(-21.03010493472,-9.735085932461,
    1.739999610575));
#6290 = CARTESIAN_POINT('',(-21.03010493559,-9.755085932461,
    1.739999608826));
#6291 = ORIENTED_EDGE('',*,*,#6210,.F.);
#6292 = ORIENTED_EDGE('',*,*,#6293,.F.);
#6293 = EDGE_CURVE('',#6139,#6211,#6294,.T.);
#6294 = B_SPLINE_CURVE_WITH_KNOTS('',3,(#6295,#6296,#6297,#6298),
  .UNSPECIFIED.,.F.,.F.,(4,4),(0.,1.),.PIECEWISE_BEZIER_KNOTS.);
#6295 = CARTESIAN_POINT('',(-21.15010493559,-9.875085916724,
    1.61999959309));
#6296 = CARTESIAN_POINT('',(-21.15010493122,-9.775085916724,
    1.619999601832));
#6297 = CARTESIAN_POINT('',(-21.15010492685,-9.675085916724,
    1.619999610575));
#6298 = CARTESIAN_POINT('',(-21.15010492248,-9.575085916724,
    1.619999619317));
#6299 = ( BOUNDED_SURFACE() B_SPLINE_SURFACE(2,3,(
    (#6300,#6301,#6302,#6303,#6304,#6305,#6306,#6307)
    ,(#6308,#6309,#6310,#6311,#6312,#6313,#6314,#6315)
    ,(#6316,#6317,#6318,#6319,#6320,#6321,#6322,#6323
)),.UNSPECIFIED.,.F.,.F.,.F.) B_SPLINE_SURFACE_WITH_KNOTS((3,3),(4,2,2,4
    ),(0.,1.),(3.01E-03,3.145E-03,3.205E-03,3.34E-03),.UNSPECIFIED.) 
GEOMETRIC_REPRESENTATION_ITEM() RATIONAL_B_SPLINE_SURFACE((
    (1.,1.,1.,1.,1.,1.,1.,1.)
    ,(8.485281374239E-02,8.485281374239E-02,8.485281374239E-02
      ,8.485281374239E-02,8.485281374239E-02,8.485281374239E-02
      ,8.485281374239E-02,8.485281374239E-02)
,(1.,1.,1.,1.,1.,1.,1.,1.))) REPRESENTATION_ITEM('') SURFACE() );
#6300 = CARTESIAN_POINT('',(-21.03010492707,-9.560085932461,
    1.739999625874));
#6301 = CARTESIAN_POINT('',(-21.03010492903,-9.605085932461,
    1.73999962194));
#6302 = CARTESIAN_POINT('',(-21.030104931,-9.650085932461,1.739999618006
    ));
#6303 = CARTESIAN_POINT('',(-21.03010493384,-9.715085932461,
    1.739999612323));
#6304 = CARTESIAN_POINT('',(-21.03010493472,-9.735085932461,
    1.739999610575));
#6305 = CARTESIAN_POINT('',(-21.03010493756,-9.800085932461,
    1.739999604892));
#6306 = CARTESIAN_POINT('',(-21.03010493952,-9.845085932461,
    1.739999600958));
#6307 = CARTESIAN_POINT('',(-21.03010494149,-9.890085932461,
    1.739999597024));
#6308 = CARTESIAN_POINT('',(-21.15010492707,-9.560085927215,
    1.739999620628));
#6309 = CARTESIAN_POINT('',(-21.15010492903,-9.605085927215,
    1.739999616694));
#6310 = CARTESIAN_POINT('',(-21.150104931,-9.650085927215,1.73999961276)
  );
#6311 = CARTESIAN_POINT('',(-21.15010493384,-9.715085927215,
    1.739999607078));
#6312 = CARTESIAN_POINT('',(-21.15010493472,-9.735085927215,
    1.739999605329));
#6313 = CARTESIAN_POINT('',(-21.15010493756,-9.800085927215,
    1.739999599647));
#6314 = CARTESIAN_POINT('',(-21.15010493952,-9.845085927215,
    1.739999595713));
#6315 = CARTESIAN_POINT('',(-21.15010494149,-9.890085927215,
    1.739999591779));
#6316 = CARTESIAN_POINT('',(-21.15010492182,-9.560085916724,
    1.619999620628));
#6317 = CARTESIAN_POINT('',(-21.15010492379,-9.605085916724,
    1.619999616694));
#6318 = CARTESIAN_POINT('',(-21.15010492575,-9.650085916724,
    1.61999961276));
#6319 = CARTESIAN_POINT('',(-21.1501049286,-9.715085916724,
    1.619999607078));
#6320 = CARTESIAN_POINT('',(-21.15010492947,-9.735085916724,
    1.619999605329));
#6321 = CARTESIAN_POINT('',(-21.15010493231,-9.800085916724,
    1.619999599647));
#6322 = CARTESIAN_POINT('',(-21.15010493428,-9.845085916724,
    1.619999595713));
#6323 = CARTESIAN_POINT('',(-21.15010493625,-9.890085916724,
    1.619999591779));
#6324 = ADVANCED_FACE('',(#6325),#6403,.T.);
#6325 = FACE_BOUND('',#6326,.T.);
#6326 = EDGE_LOOP('',(#6327,#6358,#6367,#6396));
#6327 = ORIENTED_EDGE('',*,*,#6328,.T.);
#6328 = EDGE_CURVE('',#6329,#6331,#6333,.T.);
#6329 = VERTEX_POINT('',#6330);
#6330 = CARTESIAN_POINT('',(-20.85010497799,-10.84508592983,
    1.619999521404));
#6331 = VERTEX_POINT('',#6332);
#6332 = CARTESIAN_POINT('',(-20.97010498848,-10.96508593508,
    1.739999505667));
#6333 = B_SPLINE_CURVE_WITH_KNOTS('',3,(#6334,#6335,#6336,#6337,#6338,
    #6339,#6340,#6341,#6342,#6343,#6344,#6345,#6346,#6347,#6348,#6349,
    #6350,#6351,#6352,#6353,#6354,#6355,#6356,#6357),.UNSPECIFIED.,.F.,
  .F.,(4,2,2,1,2,2,2,2,2,1,2,2,4),(0.,0.125,0.1875,0.21875,0.234375,0.25
    ,0.5,0.625,0.6875,0.71875,0.734375,0.75,1.),.UNSPECIFIED.);
#6334 = CARTESIAN_POINT('',(-20.85010497799,-10.84508592983,
    1.619999521404));
#6335 = CARTESIAN_POINT('',(-20.85010497805,-10.84508592996,
    1.62139266496));
#6336 = CARTESIAN_POINT('',(-20.85186202739,-10.84734108772,
    1.624717844191));
#6337 = CARTESIAN_POINT('',(-20.85858893076,-10.85410656087,
    1.633652465394));
#6338 = CARTESIAN_POINT('',(-20.86149830611,-10.85692550801,
    1.637268776078));
#6339 = CARTESIAN_POINT('',(-20.86677422311,-10.86199961282,
    1.643490487396));
#6340 = CARTESIAN_POINT('',(-20.86963614921,-10.86474808625,
    1.646796671532));
#6341 = CARTESIAN_POINT('',(-20.87278234174,-10.86781369122,
    1.65033288687));
#6342 = CARTESIAN_POINT('',(-20.8749350803,-10.86992790155,
    1.652732630015));
#6343 = CARTESIAN_POINT('',(-20.87677892107,-10.87175990892,
    1.654765655336));
#6344 = CARTESIAN_POINT('',(-20.88337407613,-10.87835443776,
    1.662004508981));
#6345 = CARTESIAN_POINT('',(-20.89232891576,-10.88730993606,
    1.671668688904));
#6346 = CARTESIAN_POINT('',(-20.91423299853,-10.90921391303,
    1.693478893325));
#6347 = CARTESIAN_POINT('',(-20.92057742205,-10.91542205474,
    1.699573764291));
#6348 = CARTESIAN_POINT('',(-20.92823310861,-10.92309449137,
    1.706784199151));
#6349 = CARTESIAN_POINT('',(-20.93048924919,-10.92537867426,
    1.708879331808));
#6350 = CARTESIAN_POINT('',(-20.9334604596,-10.92839500462,
    1.711612112082));
#6351 = CARTESIAN_POINT('',(-20.93484331048,-10.9298006838,
    1.712876393791));
#6352 = CARTESIAN_POINT('',(-20.93608064674,-10.931052634,1.713999190279
    ));
#6353 = CARTESIAN_POINT('',(-20.93687423985,-10.93185310546,
    1.714717592766));
#6354 = CARTESIAN_POINT('',(-20.93643024226,-10.93141095863,
    1.714318406577));
#6355 = CARTESIAN_POINT('',(-20.95667967851,-10.95166433872,
    1.732559954592));
#6356 = CARTESIAN_POINT('',(-20.9675112586,-10.9624922057,1.739999506006
    ));
#6357 = CARTESIAN_POINT('',(-20.97010498848,-10.96508593508,
    1.739999505667));
#6358 = ORIENTED_EDGE('',*,*,#6359,.F.);
#6359 = EDGE_CURVE('',#6360,#6331,#6362,.T.);
#6360 = VERTEX_POINT('',#6361);
#6361 = CARTESIAN_POINT('',(-20.9701049911,-11.02508593508,
    1.739999500422));
#6362 = B_SPLINE_CURVE_WITH_KNOTS('',3,(#6363,#6364,#6365,#6366),
  .UNSPECIFIED.,.F.,.F.,(4,4),(0.,1.),.PIECEWISE_BEZIER_KNOTS.);
#6363 = CARTESIAN_POINT('',(-20.9701049911,-11.02508593508,
    1.739999500422));
#6364 = CARTESIAN_POINT('',(-20.97010499023,-11.00508593508,
    1.739999502171));
#6365 = CARTESIAN_POINT('',(-20.97010498935,-10.98508593508,
    1.739999503919));
#6366 = CARTESIAN_POINT('',(-20.97010498848,-10.96508593508,
    1.739999505667));
#6367 = ORIENTED_EDGE('',*,*,#6368,.T.);
#6368 = EDGE_CURVE('',#6360,#6369,#6371,.T.);
#6369 = VERTEX_POINT('',#6370);
#6370 = CARTESIAN_POINT('',(-20.8501049911,-11.14508592983,
    1.619999495177));
#6371 = B_SPLINE_CURVE_WITH_KNOTS('',3,(#6372,#6373,#6374,#6375,#6376,
    #6377,#6378,#6379,#6380,#6381,#6382,#6383,#6384,#6385,#6386,#6387,
    #6388,#6389,#6390,#6391,#6392,#6393,#6394,#6395),.UNSPECIFIED.,.F.,
  .F.,(4,2,2,1,2,2,2,2,2,1,2,2,4),(0.,0.125,0.1875,0.21875,0.234375,0.25
    ,0.5,0.625,0.6875,0.71875,0.734375,0.75,1.),.UNSPECIFIED.);
#6372 = CARTESIAN_POINT('',(-20.9701049911,-11.02508593508,
    1.739999500422));
#6373 = CARTESIAN_POINT('',(-20.96880854128,-11.02638238515,
    1.739999500364));
#6374 = CARTESIAN_POINT('',(-20.96585194579,-11.02973757686,
    1.738503519677));
#6375 = CARTESIAN_POINT('',(-20.95776787457,-11.03785847679,
    1.732539384832));
#6376 = CARTESIAN_POINT('',(-20.95447570496,-11.04108012883,
    1.72993788138));
#6377 = CARTESIAN_POINT('',(-20.94870809844,-11.04668463499,
    1.725117899945));
#6378 = CARTESIAN_POINT('',(-20.94562016672,-11.04967989509,
    1.722481548927));
#6379 = CARTESIAN_POINT('',(-20.94226851062,-11.05296466572,
    1.719536335038));
#6380 = CARTESIAN_POINT('',(-20.93998219191,-11.05521884849,
    1.717509787153));
#6381 = CARTESIAN_POINT('',(-20.9379868222,-11.05720416019,
    1.715720623819));
#6382 = CARTESIAN_POINT('',(-20.93177449238,-11.06341552798,
    1.710124292985));
#6383 = CARTESIAN_POINT('',(-20.92056117166,-11.07462965935,
    1.699779923812));
#6384 = CARTESIAN_POINT('',(-20.9001168828,-11.09507408867,
    1.679423251435));
#6385 = CARTESIAN_POINT('',(-20.89412332689,-11.1009618904,
    1.673259586507));
#6386 = CARTESIAN_POINT('',(-20.88669255363,-11.10840308093,
    1.665460813734));
#6387 = CARTESIAN_POINT('',(-20.88446536863,-11.11065172577,
    1.663092043387));
#6388 = CARTESIAN_POINT('',(-20.88147596767,-11.11367706502,
    1.659880604643));
#6389 = CARTESIAN_POINT('',(-20.8800686731,-11.11510282764,
    1.658359803431));
#6390 = CARTESIAN_POINT('',(-20.87878529692,-11.11639822975,
    1.656962024283));
#6391 = CARTESIAN_POINT('',(-20.87795633984,-11.11723286216,
    1.656056867996));
#6392 = CARTESIAN_POINT('',(-20.87829431868,-11.11689646235,1.6564289254
    ));
#6393 = CARTESIAN_POINT('',(-20.85912789705,-11.13606530057,
    1.635391822545));
#6394 = CARTESIAN_POINT('',(-20.85010499129,-11.14508593008,
    1.622786249722));
#6395 = CARTESIAN_POINT('',(-20.8501049911,-11.14508592983,
    1.619999495177));
#6396 = ORIENTED_EDGE('',*,*,#6397,.F.);
#6397 = EDGE_CURVE('',#6329,#6369,#6398,.T.);
#6398 = B_SPLINE_CURVE_WITH_KNOTS('',3,(#6399,#6400,#6401,#6402),
  .UNSPECIFIED.,.F.,.F.,(4,4),(0.,1.),.PIECEWISE_BEZIER_KNOTS.);
#6399 = CARTESIAN_POINT('',(-20.85010497799,-10.84508592983,
    1.619999521404));
#6400 = CARTESIAN_POINT('',(-20.85010498236,-10.94508592983,
    1.619999512661));
#6401 = CARTESIAN_POINT('',(-20.85010498673,-11.04508592983,
    1.619999503919));
#6402 = CARTESIAN_POINT('',(-20.8501049911,-11.14508592983,
    1.619999495177));
#6403 = ( BOUNDED_SURFACE() B_SPLINE_SURFACE(2,3,(
    (#6404,#6405,#6406,#6407,#6408,#6409,#6410,#6411)
    ,(#6412,#6413,#6414,#6415,#6416,#6417,#6418,#6419)
    ,(#6420,#6421,#6422,#6423,#6424,#6425,#6426,#6427
)),.UNSPECIFIED.,.F.,.F.,.F.) B_SPLINE_SURFACE_WITH_KNOTS((3,3),(4,2,2,4
    ),(0.,1.),(-4.61E-03,-4.475E-03,-4.415E-03,-4.28E-03),
.UNSPECIFIED.) GEOMETRIC_REPRESENTATION_ITEM() RATIONAL_B_SPLINE_SURFACE
((
    (1.,1.,1.,1.,1.,1.,1.,1.)
    ,(8.485281374239E-02,8.485281374239E-02,8.485281374239E-02
      ,8.485281374239E-02,8.485281374239E-02,8.485281374239E-02
      ,8.485281374239E-02,8.485281374239E-02)
,(1.,1.,1.,1.,1.,1.,1.,1.))) REPRESENTATION_ITEM('') SURFACE() );
#6404 = CARTESIAN_POINT('',(-20.970104997,-11.16008593508,1.73999948862)
  );
#6405 = CARTESIAN_POINT('',(-20.97010499504,-11.11508593508,
    1.739999492554));
#6406 = CARTESIAN_POINT('',(-20.97010499307,-11.07008593508,
    1.739999496488));
#6407 = CARTESIAN_POINT('',(-20.97010499023,-11.00508593508,
    1.739999502171));
#6408 = CARTESIAN_POINT('',(-20.97010498935,-10.98508593508,
    1.739999503919));
#6409 = CARTESIAN_POINT('',(-20.97010498651,-10.92008593508,
    1.739999509601));
#6410 = CARTESIAN_POINT('',(-20.97010498455,-10.87508593508,
    1.739999513535));
#6411 = CARTESIAN_POINT('',(-20.97010498258,-10.83008593508,
    1.739999517469));
#6412 = CARTESIAN_POINT('',(-20.850104997,-11.16008594032,1.739999493865
    ));
#6413 = CARTESIAN_POINT('',(-20.85010499504,-11.11508594032,
    1.739999497799));
#6414 = CARTESIAN_POINT('',(-20.85010499307,-11.07008594032,
    1.739999501733));
#6415 = CARTESIAN_POINT('',(-20.85010499023,-11.00508594032,
    1.739999507416));
#6416 = CARTESIAN_POINT('',(-20.85010498935,-10.98508594032,
    1.739999509164));
#6417 = CARTESIAN_POINT('',(-20.85010498651,-10.92008594032,
    1.739999514847));
#6418 = CARTESIAN_POINT('',(-20.85010498455,-10.87508594032,
    1.739999518781));
#6419 = CARTESIAN_POINT('',(-20.85010498258,-10.83008594032,
    1.739999522715));
#6420 = CARTESIAN_POINT('',(-20.85010499176,-11.16008592983,
    1.619999493865));
#6421 = CARTESIAN_POINT('',(-20.85010498979,-11.11508592983,
    1.619999497799));
#6422 = CARTESIAN_POINT('',(-20.85010498782,-11.07008592983,
    1.619999501733));
#6423 = CARTESIAN_POINT('',(-20.85010498498,-11.00508592983,
    1.619999507416));
#6424 = CARTESIAN_POINT('',(-20.85010498411,-10.98508592983,
    1.619999509164));
#6425 = CARTESIAN_POINT('',(-20.85010498127,-10.92008592983,
    1.619999514847));
#6426 = CARTESIAN_POINT('',(-20.8501049793,-10.87508592983,
    1.619999518781));
#6427 = CARTESIAN_POINT('',(-20.85010497733,-10.83008592983,
    1.619999522715));
#6428 = ADVANCED_FACE('',(#6429),#6477,.T.);
#6429 = FACE_BOUND('',#6430,.T.);
#6430 = EDGE_LOOP('',(#6431,#6462,#6469,#6470));
#6431 = ORIENTED_EDGE('',*,*,#6432,.T.);
#6432 = EDGE_CURVE('',#6433,#6435,#6437,.T.);
#6433 = VERTEX_POINT('',#6434);
#6434 = CARTESIAN_POINT('',(-21.0301049911,-11.02508593246,
    1.739999497799));
#6435 = VERTEX_POINT('',#6436);
#6436 = CARTESIAN_POINT('',(-21.1501049911,-11.14508591672,
    1.619999482063));
#6437 = B_SPLINE_CURVE_WITH_KNOTS('',3,(#6438,#6439,#6440,#6441,#6442,
    #6443,#6444,#6445,#6446,#6447,#6448,#6449,#6450,#6451,#6452,#6453,
    #6454,#6455,#6456,#6457,#6458,#6459,#6460,#6461),.UNSPECIFIED.,.F.,
  .F.,(4,2,2,1,2,2,2,2,2,1,2,2,4),(0.,0.125,0.1875,0.21875,0.234375,0.25
    ,0.5,0.625,0.6875,0.71875,0.734375,0.75,1.),.UNSPECIFIED.);
#6438 = CARTESIAN_POINT('',(-21.0301049911,-11.02508593246,
    1.739999497799));
#6439 = CARTESIAN_POINT('',(-21.03140144117,-11.02638238228,
    1.739999497628));
#6440 = CARTESIAN_POINT('',(-21.03475663295,-11.02933897757,1.7385035167
    ));
#6441 = CARTESIAN_POINT('',(-21.04287753314,-11.03742304801,
    1.732539381151));
#6442 = CARTESIAN_POINT('',(-21.0460991853,-11.04071521728,
    1.729937877408));
#6443 = CARTESIAN_POINT('',(-21.05170369166,-11.04648282317,
    1.725117895461));
#6444 = CARTESIAN_POINT('',(-21.05469895188,-11.04957075455,
    1.722481544169));
#6445 = CARTESIAN_POINT('',(-21.05798372264,-11.05292241025,
    1.719536329984));
#6446 = CARTESIAN_POINT('',(-21.0602379055,-11.0552087287,1.717509781898
    ));
#6447 = CARTESIAN_POINT('',(-21.06222321727,-11.05720409818,
    1.715720618389));
#6448 = CARTESIAN_POINT('',(-21.06843458532,-11.06341642727,
    1.710124287001));
#6449 = CARTESIAN_POINT('',(-21.07964871715,-11.07462974665,
    1.699779916842));
#6450 = CARTESIAN_POINT('',(-21.10009314734,-11.09507403281,
    1.679423242702));
#6451 = CARTESIAN_POINT('',(-21.10598094933,-11.1010675879,1.67325957725
    ));
#6452 = CARTESIAN_POINT('',(-21.11342214021,-11.10849836015,
    1.665460803827));
#6453 = CARTESIAN_POINT('',(-21.11567078515,-11.11072554483,
    1.663092033285));
#6454 = CARTESIAN_POINT('',(-21.11869612454,-11.11371494537,
    1.659880594278));
#6455 = CARTESIAN_POINT('',(-21.12012188723,-11.11512223974,
    1.658359792942));
#6456 = CARTESIAN_POINT('',(-21.1214172894,-11.11640561575,1.65696201368
    ));
#6457 = CARTESIAN_POINT('',(-21.12225192186,-11.11723457271,
    1.656056857319));
#6458 = CARTESIAN_POINT('',(-21.12191552203,-11.11689659392,
    1.656428914751));
#6459 = CARTESIAN_POINT('',(-21.14108436116,-11.13606301279,
    1.635391810225));
#6460 = CARTESIAN_POINT('',(-21.15010499123,-11.1450859169,
    1.622786236609));
#6461 = CARTESIAN_POINT('',(-21.1501049911,-11.14508591672,
    1.619999482063));
#6462 = ORIENTED_EDGE('',*,*,#6463,.F.);
#6463 = EDGE_CURVE('',#6369,#6435,#6464,.T.);
#6464 = B_SPLINE_CURVE_WITH_KNOTS('',3,(#6465,#6466,#6467,#6468),
  .UNSPECIFIED.,.F.,.F.,(4,4),(0.,1.),.PIECEWISE_BEZIER_KNOTS.);
#6465 = CARTESIAN_POINT('',(-20.8501049911,-11.14508592983,
    1.619999495177));
#6466 = CARTESIAN_POINT('',(-20.9501049911,-11.14508592546,
    1.619999490806));
#6467 = CARTESIAN_POINT('',(-21.0501049911,-11.14508592109,
    1.619999486434));
#6468 = CARTESIAN_POINT('',(-21.1501049911,-11.14508591672,
    1.619999482063));
#6469 = ORIENTED_EDGE('',*,*,#6368,.F.);
#6470 = ORIENTED_EDGE('',*,*,#6471,.F.);
#6471 = EDGE_CURVE('',#6433,#6360,#6472,.T.);
#6472 = B_SPLINE_CURVE_WITH_KNOTS('',3,(#6473,#6474,#6475,#6476),
  .UNSPECIFIED.,.F.,.F.,(4,4),(0.,1.),.PIECEWISE_BEZIER_KNOTS.);
#6473 = CARTESIAN_POINT('',(-21.0301049911,-11.02508593246,
    1.739999497799));
#6474 = CARTESIAN_POINT('',(-21.0101049911,-11.02508593333,
    1.739999498674));
#6475 = CARTESIAN_POINT('',(-20.9901049911,-11.0250859342,1.739999499548
    ));
#6476 = CARTESIAN_POINT('',(-20.9701049911,-11.02508593508,
    1.739999500422));
#6477 = ( BOUNDED_SURFACE() B_SPLINE_SURFACE(2,3,(
    (#6478,#6479,#6480,#6481,#6482,#6483,#6484,#6485)
    ,(#6486,#6487,#6488,#6489,#6490,#6491,#6492,#6493)
    ,(#6494,#6495,#6496,#6497,#6498,#6499,#6500,#6501
)),.UNSPECIFIED.,.F.,.F.,.F.) B_SPLINE_SURFACE_WITH_KNOTS((3,3),(4,2,2,4
    ),(0.,1.),(-1.65E-04,-3.E-05,3.E-05,1.65E-04),.UNSPECIFIED.) 
GEOMETRIC_REPRESENTATION_ITEM() RATIONAL_B_SPLINE_SURFACE((
    (1.,1.,1.,1.,1.,1.,1.,1.)
    ,(8.485281374239E-02,8.485281374239E-02,8.485281374239E-02
      ,8.485281374239E-02,8.485281374239E-02,8.485281374239E-02
      ,8.485281374239E-02,8.485281374239E-02)
,(1.,1.,1.,1.,1.,1.,1.,1.))) REPRESENTATION_ITEM('') SURFACE() );
#6478 = CARTESIAN_POINT('',(-21.1651049911,-11.02508592655,
    1.739999491898));
#6479 = CARTESIAN_POINT('',(-21.1201049911,-11.02508592852,
    1.739999493865));
#6480 = CARTESIAN_POINT('',(-21.0751049911,-11.02508593049,
    1.739999495832));
#6481 = CARTESIAN_POINT('',(-21.0101049911,-11.02508593333,
    1.739999498674));
#6482 = CARTESIAN_POINT('',(-20.9901049911,-11.0250859342,1.739999499548
    ));
#6483 = CARTESIAN_POINT('',(-20.9251049911,-11.02508593705,
    1.739999502389));
#6484 = CARTESIAN_POINT('',(-20.8801049911,-11.02508593901,
    1.739999504356));
#6485 = CARTESIAN_POINT('',(-20.8351049911,-11.02508594098,
    1.739999506323));
#6486 = CARTESIAN_POINT('',(-21.16510499635,-11.14508592655,
    1.739999481408));
#6487 = CARTESIAN_POINT('',(-21.12010499635,-11.14508592852,
    1.739999483375));
#6488 = CARTESIAN_POINT('',(-21.07510499635,-11.14508593049,
    1.739999485342));
#6489 = CARTESIAN_POINT('',(-21.01010499635,-11.14508593333,
    1.739999488183));
#6490 = CARTESIAN_POINT('',(-20.99010499635,-11.1450859342,
    1.739999489057));
#6491 = CARTESIAN_POINT('',(-20.92510499635,-11.14508593705,
    1.739999491898));
#6492 = CARTESIAN_POINT('',(-20.88010499635,-11.14508593901,
    1.739999493865));
#6493 = CARTESIAN_POINT('',(-20.83510499635,-11.14508594098,
    1.739999495832));
#6494 = CARTESIAN_POINT('',(-21.1651049911,-11.14508591606,
    1.619999481408));
#6495 = CARTESIAN_POINT('',(-21.1201049911,-11.14508591803,
    1.619999483375));
#6496 = CARTESIAN_POINT('',(-21.0751049911,-11.14508592,1.619999485342)
  );
#6497 = CARTESIAN_POINT('',(-21.0101049911,-11.14508592284,
    1.619999488183));
#6498 = CARTESIAN_POINT('',(-20.9901049911,-11.14508592371,
    1.619999489057));
#6499 = CARTESIAN_POINT('',(-20.9251049911,-11.14508592655,
    1.619999491898));
#6500 = CARTESIAN_POINT('',(-20.8801049911,-11.14508592852,
    1.619999493865));
#6501 = CARTESIAN_POINT('',(-20.8351049911,-11.14508593049,
    1.619999495832));
#6502 = ADVANCED_FACE('',(#6503),#6551,.T.);
#6503 = FACE_BOUND('',#6504,.T.);
#6504 = EDGE_LOOP('',(#6505,#6536,#6543,#6544));
#6505 = ORIENTED_EDGE('',*,*,#6506,.T.);
#6506 = EDGE_CURVE('',#6507,#6509,#6511,.T.);
#6507 = VERTEX_POINT('',#6508);
#6508 = CARTESIAN_POINT('',(-21.15010497799,-10.84508591672,
    1.61999950829));
#6509 = VERTEX_POINT('',#6510);
#6510 = CARTESIAN_POINT('',(-21.03010498848,-10.96508593246,
    1.739999503045));
#6511 = B_SPLINE_CURVE_WITH_KNOTS('',3,(#6512,#6513,#6514,#6515,#6516,
    #6517,#6518,#6519,#6520,#6521,#6522,#6523,#6524,#6525,#6526,#6527,
    #6528,#6529,#6530,#6531,#6532,#6533,#6534,#6535),.UNSPECIFIED.,.F.,
  .F.,(4,2,2,1,2,2,2,2,2,1,2,2,4),(0.,0.125,0.1875,0.21875,0.234375,0.25
    ,0.5,0.625,0.6875,0.71875,0.734375,0.75,1.),.UNSPECIFIED.);
#6512 = CARTESIAN_POINT('',(-21.15010497799,-10.84508591672,
    1.61999950829));
#6513 = CARTESIAN_POINT('',(-21.15010497805,-10.84508591684,
    1.621392651847));
#6514 = CARTESIAN_POINT('',(-21.14784982072,-10.84684296633,
    1.624717831298));
#6515 = CARTESIAN_POINT('',(-21.14108434874,-10.85356987009,
    1.633652453095));
#6516 = CARTESIAN_POINT('',(-21.13826540208,-10.8564792456,
    1.637268764022));
#6517 = CARTESIAN_POINT('',(-21.13319129809,-10.86175516287,
    1.643490475774));
#6518 = CARTESIAN_POINT('',(-21.13044282509,-10.86461708911,
    1.646796660145));
#6519 = CARTESIAN_POINT('',(-21.12737722058,-10.86776328179,
    1.650332875747));
#6520 = CARTESIAN_POINT('',(-21.12526301057,-10.86991602046,
    1.652732619074));
#6521 = CARTESIAN_POINT('',(-21.12343100346,-10.87175986132,
    1.654765644554));
#6522 = CARTESIAN_POINT('',(-21.11683647556,-10.8783550167,
    1.662004498783));
#6523 = CARTESIAN_POINT('',(-21.10788097854,-10.88730985675,
    1.671668679482));
#6524 = CARTESIAN_POINT('',(-21.08597700443,-10.90921394047,
    1.693478885818));
#6525 = CARTESIAN_POINT('',(-21.07976886352,-10.91555836426,
    1.699573757321));
#6526 = CARTESIAN_POINT('',(-21.07209642784,-10.92321405113,
    1.706784192853));
#6527 = CARTESIAN_POINT('',(-21.06981224522,-10.9254701918,1.70887932571
    ));
#6528 = CARTESIAN_POINT('',(-21.06679591522,-10.92844140234,
    1.71161210625));
#6529 = CARTESIAN_POINT('',(-21.0653902362,-10.92982425327,
    1.712876388083));
#6530 = CARTESIAN_POINT('',(-21.06413828615,-10.93106158958,
    1.713999184681));
#6531 = CARTESIAN_POINT('',(-21.06333781478,-10.93185518272,
    1.714717587238));
#6532 = CARTESIAN_POINT('',(-21.06377996156,-10.93141118511,
    1.71431840101));
#6533 = CARTESIAN_POINT('',(-21.04352658387,-10.95166062216,
    1.732559950795));
#6534 = CARTESIAN_POINT('',(-21.03269871786,-10.96249220258,
    1.739999503156));
#6535 = CARTESIAN_POINT('',(-21.03010498848,-10.96508593246,
    1.739999503045));
#6536 = ORIENTED_EDGE('',*,*,#6537,.F.);
#6537 = EDGE_CURVE('',#6331,#6509,#6538,.T.);
#6538 = B_SPLINE_CURVE_WITH_KNOTS('',3,(#6539,#6540,#6541,#6542),
  .UNSPECIFIED.,.F.,.F.,(4,4),(0.,1.),.PIECEWISE_BEZIER_KNOTS.);
#6539 = CARTESIAN_POINT('',(-20.97010498848,-10.96508593508,
    1.739999505667));
#6540 = CARTESIAN_POINT('',(-20.99010498848,-10.9650859342,
    1.739999504793));
#6541 = CARTESIAN_POINT('',(-21.01010498848,-10.96508593333,
    1.739999503919));
#6542 = CARTESIAN_POINT('',(-21.03010498848,-10.96508593246,
    1.739999503045));
#6543 = ORIENTED_EDGE('',*,*,#6328,.F.);
#6544 = ORIENTED_EDGE('',*,*,#6545,.F.);
#6545 = EDGE_CURVE('',#6507,#6329,#6546,.T.);
#6546 = B_SPLINE_CURVE_WITH_KNOTS('',3,(#6547,#6548,#6549,#6550),
  .UNSPECIFIED.,.F.,.F.,(4,4),(0.,1.),.PIECEWISE_BEZIER_KNOTS.);
#6547 = CARTESIAN_POINT('',(-21.15010497799,-10.84508591672,
    1.61999950829));
#6548 = CARTESIAN_POINT('',(-21.05010497799,-10.84508592109,
    1.619999512661));
#6549 = CARTESIAN_POINT('',(-20.95010497799,-10.84508592546,
    1.619999517032));
#6550 = CARTESIAN_POINT('',(-20.85010497799,-10.84508592983,
    1.619999521404));
#6551 = ( BOUNDED_SURFACE() B_SPLINE_SURFACE(2,3,(
    (#6552,#6553,#6554,#6555,#6556,#6557,#6558,#6559)
    ,(#6560,#6561,#6562,#6563,#6564,#6565,#6566,#6567)
    ,(#6568,#6569,#6570,#6571,#6572,#6573,#6574,#6575
)),.UNSPECIFIED.,.F.,.F.,.F.) B_SPLINE_SURFACE_WITH_KNOTS((3,3),(4,2,2,4
    ),(0.,1.),(-1.65E-04,-3.E-05,3.E-05,1.65E-04),.UNSPECIFIED.) 
GEOMETRIC_REPRESENTATION_ITEM() RATIONAL_B_SPLINE_SURFACE((
    (1.,1.,1.,1.,1.,1.,1.,1.)
    ,(8.485281374239E-02,8.485281374239E-02,8.485281374239E-02
      ,8.485281374239E-02,8.485281374239E-02,8.485281374239E-02
      ,8.485281374239E-02,8.485281374239E-02)
,(1.,1.,1.,1.,1.,1.,1.,1.))) REPRESENTATION_ITEM('') SURFACE() );
#6552 = CARTESIAN_POINT('',(-20.83510498848,-10.96508594098,
    1.739999511568));
#6553 = CARTESIAN_POINT('',(-20.88010498848,-10.96508593901,
    1.739999509601));
#6554 = CARTESIAN_POINT('',(-20.92510498848,-10.96508593705,
    1.739999507634));
#6555 = CARTESIAN_POINT('',(-20.99010498848,-10.9650859342,
    1.739999504793));
#6556 = CARTESIAN_POINT('',(-21.01010498848,-10.96508593333,
    1.739999503919));
#6557 = CARTESIAN_POINT('',(-21.07510498848,-10.96508593049,
    1.739999501078));
#6558 = CARTESIAN_POINT('',(-21.12010498848,-10.96508592852,
    1.739999499111));
#6559 = CARTESIAN_POINT('',(-21.16510498848,-10.96508592655,
    1.739999497144));
#6560 = CARTESIAN_POINT('',(-20.83510498324,-10.84508594098,
    1.739999522059));
#6561 = CARTESIAN_POINT('',(-20.88010498324,-10.84508593901,
    1.739999520092));
#6562 = CARTESIAN_POINT('',(-20.92510498324,-10.84508593705,
    1.739999518125));
#6563 = CARTESIAN_POINT('',(-20.99010498324,-10.8450859342,
    1.739999515284));
#6564 = CARTESIAN_POINT('',(-21.01010498324,-10.84508593333,
    1.73999951441));
#6565 = CARTESIAN_POINT('',(-21.07510498324,-10.84508593049,
    1.739999511568));
#6566 = CARTESIAN_POINT('',(-21.12010498324,-10.84508592852,
    1.739999509601));
#6567 = CARTESIAN_POINT('',(-21.16510498324,-10.84508592655,
    1.739999507634));
#6568 = CARTESIAN_POINT('',(-20.83510497799,-10.84508593049,
    1.619999522059));
#6569 = CARTESIAN_POINT('',(-20.88010497799,-10.84508592852,
    1.619999520092));
#6570 = CARTESIAN_POINT('',(-20.92510497799,-10.84508592655,
    1.619999518125));
#6571 = CARTESIAN_POINT('',(-20.99010497799,-10.84508592371,
    1.619999515284));
#6572 = CARTESIAN_POINT('',(-21.01010497799,-10.84508592284,
    1.61999951441));
#6573 = CARTESIAN_POINT('',(-21.07510497799,-10.84508592,1.619999511568)
  );
#6574 = CARTESIAN_POINT('',(-21.12010497799,-10.84508591803,
    1.619999509601));
#6575 = CARTESIAN_POINT('',(-21.16510497799,-10.84508591606,
    1.619999507634));
#6576 = ADVANCED_FACE('',(#6577),#6595,.T.);
#6577 = FACE_BOUND('',#6578,.T.);
#6578 = EDGE_LOOP('',(#6579,#6580,#6587,#6588));
#6579 = ORIENTED_EDGE('',*,*,#6432,.F.);
#6580 = ORIENTED_EDGE('',*,*,#6581,.F.);
#6581 = EDGE_CURVE('',#6509,#6433,#6582,.T.);
#6582 = B_SPLINE_CURVE_WITH_KNOTS('',3,(#6583,#6584,#6585,#6586),
  .UNSPECIFIED.,.F.,.F.,(4,4),(0.,1.),.PIECEWISE_BEZIER_KNOTS.);
#6583 = CARTESIAN_POINT('',(-21.03010498848,-10.96508593246,
    1.739999503045));
#6584 = CARTESIAN_POINT('',(-21.03010498935,-10.98508593246,
    1.739999501296));
#6585 = CARTESIAN_POINT('',(-21.03010499023,-11.00508593246,
    1.739999499548));
#6586 = CARTESIAN_POINT('',(-21.0301049911,-11.02508593246,
    1.739999497799));
#6587 = ORIENTED_EDGE('',*,*,#6506,.F.);
#6588 = ORIENTED_EDGE('',*,*,#6589,.F.);
#6589 = EDGE_CURVE('',#6435,#6507,#6590,.T.);
#6590 = B_SPLINE_CURVE_WITH_KNOTS('',3,(#6591,#6592,#6593,#6594),
  .UNSPECIFIED.,.F.,.F.,(4,4),(0.,1.),.PIECEWISE_BEZIER_KNOTS.);
#6591 = CARTESIAN_POINT('',(-21.1501049911,-11.14508591672,
    1.619999482063));
#6592 = CARTESIAN_POINT('',(-21.15010498673,-11.04508591672,
    1.619999490806));
#6593 = CARTESIAN_POINT('',(-21.15010498236,-10.94508591672,
    1.619999499548));
#6594 = CARTESIAN_POINT('',(-21.15010497799,-10.84508591672,
    1.61999950829));
#6595 = ( BOUNDED_SURFACE() B_SPLINE_SURFACE(2,3,(
    (#6596,#6597,#6598,#6599,#6600,#6601,#6602,#6603)
    ,(#6604,#6605,#6606,#6607,#6608,#6609,#6610,#6611)
    ,(#6612,#6613,#6614,#6615,#6616,#6617,#6618,#6619
)),.UNSPECIFIED.,.F.,.F.,.F.) B_SPLINE_SURFACE_WITH_KNOTS((3,3),(4,2,2,4
    ),(0.,1.),(4.28E-03,4.415E-03,4.475E-03,4.61E-03),.UNSPECIFIED.) 
GEOMETRIC_REPRESENTATION_ITEM() RATIONAL_B_SPLINE_SURFACE((
    (1.,1.,1.,1.,1.,1.,1.,1.)
    ,(8.485281374239E-02,8.485281374239E-02,8.485281374239E-02
      ,8.485281374239E-02,8.485281374239E-02,8.485281374239E-02
      ,8.485281374239E-02,8.485281374239E-02)
,(1.,1.,1.,1.,1.,1.,1.,1.))) REPRESENTATION_ITEM('') SURFACE() );
#6596 = CARTESIAN_POINT('',(-21.03010498258,-10.83008593246,
    1.739999514847));
#6597 = CARTESIAN_POINT('',(-21.03010498455,-10.87508593246,
    1.739999510913));
#6598 = CARTESIAN_POINT('',(-21.03010498651,-10.92008593246,
    1.739999506979));
#6599 = CARTESIAN_POINT('',(-21.03010498935,-10.98508593246,
    1.739999501296));
#6600 = CARTESIAN_POINT('',(-21.03010499023,-11.00508593246,
    1.739999499548));
#6601 = CARTESIAN_POINT('',(-21.03010499307,-11.07008593246,
    1.739999493865));
#6602 = CARTESIAN_POINT('',(-21.03010499504,-11.11508593246,
    1.739999489931));
#6603 = CARTESIAN_POINT('',(-21.030104997,-11.16008593246,1.739999485997
    ));
#6604 = CARTESIAN_POINT('',(-21.15010498258,-10.83008592721,
    1.739999509601));
#6605 = CARTESIAN_POINT('',(-21.15010498455,-10.87508592721,
    1.739999505667));
#6606 = CARTESIAN_POINT('',(-21.15010498651,-10.92008592721,
    1.739999501733));
#6607 = CARTESIAN_POINT('',(-21.15010498935,-10.98508592721,
    1.739999496051));
#6608 = CARTESIAN_POINT('',(-21.15010499023,-11.00508592721,
    1.739999494302));
#6609 = CARTESIAN_POINT('',(-21.15010499307,-11.07008592721,
    1.73999948862));
#6610 = CARTESIAN_POINT('',(-21.15010499504,-11.11508592721,
    1.739999484686));
#6611 = CARTESIAN_POINT('',(-21.150104997,-11.16008592721,1.739999480752
    ));
#6612 = CARTESIAN_POINT('',(-21.15010497733,-10.83008591672,
    1.619999509601));
#6613 = CARTESIAN_POINT('',(-21.1501049793,-10.87508591672,
    1.619999505667));
#6614 = CARTESIAN_POINT('',(-21.15010498127,-10.92008591672,
    1.619999501733));
#6615 = CARTESIAN_POINT('',(-21.15010498411,-10.98508591672,
    1.619999496051));
#6616 = CARTESIAN_POINT('',(-21.15010498498,-11.00508591672,
    1.619999494302));
#6617 = CARTESIAN_POINT('',(-21.15010498782,-11.07008591672,
    1.61999948862));
#6618 = CARTESIAN_POINT('',(-21.15010498979,-11.11508591672,
    1.619999484686));
#6619 = CARTESIAN_POINT('',(-21.15010499176,-11.16008591672,
    1.619999480752));
#6620 = ADVANCED_FACE('',(#6621),#6646,.T.);
#6621 = FACE_BOUND('',#6622,.T.);
#6622 = EDGE_LOOP('',(#6623,#6631,#6632,#6640));
#6623 = ORIENTED_EDGE('',*,*,#6624,.F.);
#6624 = EDGE_CURVE('',#5027,#6625,#6627,.T.);
#6625 = VERTEX_POINT('',#6626);
#6626 = CARTESIAN_POINT('',(-21.15010457453,-4.495085664947,
    -1.259999936576));
#6627 = LINE('',#6628,#6629);
#6628 = CARTESIAN_POINT('',(-21.15010470567,-4.495085927215,
    1.740000063424));
#6629 = VECTOR('',#6630,1.);
#6630 = DIRECTION('',(4.371140912996E-08,8.742273203022E-08,-1.));
#6631 = ORIENTED_EDGE('',*,*,#5065,.T.);
#6632 = ORIENTED_EDGE('',*,*,#6633,.T.);
#6633 = EDGE_CURVE('',#4849,#6634,#6636,.T.);
#6634 = VERTEX_POINT('',#6635);
#6635 = CARTESIAN_POINT('',(-20.85010457453,-4.49508567806,
    -1.259999923462));
#6636 = LINE('',#6637,#6638);
#6637 = CARTESIAN_POINT('',(-20.85010470567,-4.495085940329,
    1.740000076538));
#6638 = VECTOR('',#6639,1.);
#6639 = DIRECTION('',(4.371140912996E-08,8.742273203022E-08,-1.));
#6640 = ORIENTED_EDGE('',*,*,#6641,.F.);
#6641 = EDGE_CURVE('',#6625,#6634,#6642,.T.);
#6642 = LINE('',#6643,#6644);
#6643 = CARTESIAN_POINT('',(-20.55010457453,-4.495085691174,
    -1.259999910349));
#6644 = VECTOR('',#6645,1.);
#6645 = DIRECTION('',(1.,-4.371139210811E-08,4.371140530859E-08));
#6646 = PLANE('',#6647);
#6647 = AXIS2_PLACEMENT_3D('',#6648,#6649,#6650);
#6648 = CARTESIAN_POINT('',(-21.00010470567,-4.495085933772,
    1.740000069981));
#6649 = DIRECTION('',(4.371138828674E-08,1.,8.742273394091E-08));
#6650 = DIRECTION('',(1.,-4.371139210811E-08,4.371140530859E-08));
#6651 = ADVANCED_FACE('',(#6652),#6670,.F.);
#6652 = FACE_BOUND('',#6653,.T.);
#6653 = EDGE_LOOP('',(#6654,#6662,#6663,#6664));
#6654 = ORIENTED_EDGE('',*,*,#6655,.F.);
#6655 = EDGE_CURVE('',#4955,#6656,#6658,.T.);
#6656 = VERTEX_POINT('',#6657);
#6657 = CARTESIAN_POINT('',(-21.15010458765,-4.795085664947,
    -1.259999962802));
#6658 = LINE('',#6659,#6660);
#6659 = CARTESIAN_POINT('',(-21.15010471878,-4.795085927215,
    1.740000037198));
#6660 = VECTOR('',#6661,1.);
#6661 = DIRECTION('',(4.371140912996E-08,8.742273203022E-08,-1.));
#6662 = ORIENTED_EDGE('',*,*,#5109,.T.);
#6663 = ORIENTED_EDGE('',*,*,#6624,.T.);
#6664 = ORIENTED_EDGE('',*,*,#6665,.T.);
#6665 = EDGE_CURVE('',#6625,#6656,#6666,.T.);
#6666 = LINE('',#6667,#6668);
#6667 = CARTESIAN_POINT('',(-21.15010443356,-1.270085664947,
    -1.259999654637));
#6668 = VECTOR('',#6669,1.);
#6669 = DIRECTION('',(-4.371138837709E-08,-1.,-8.742273394091E-08));
#6670 = PLANE('',#6671);
#6671 = AXIS2_PLACEMENT_3D('',#6672,#6673,#6674);
#6672 = CARTESIAN_POINT('',(-21.15010479549,-6.550085927215,
    1.739999883771));
#6673 = DIRECTION('',(1.,-4.371139219846E-08,4.371140530859E-08));
#6674 = DIRECTION('',(-4.371138837709E-08,-1.,-8.742273394091E-08));
#6675 = ADVANCED_FACE('',(#6676),#6694,.F.);
#6676 = FACE_BOUND('',#6677,.T.);
#6677 = EDGE_LOOP('',(#6678,#6686,#6687,#6688));
#6678 = ORIENTED_EDGE('',*,*,#6679,.F.);
#6679 = EDGE_CURVE('',#4889,#6680,#6682,.T.);
#6680 = VERTEX_POINT('',#6681);
#6681 = CARTESIAN_POINT('',(-20.85010458765,-4.79508567806,
    -1.259999949689));
#6682 = LINE('',#6683,#6684);
#6683 = CARTESIAN_POINT('',(-20.85010471878,-4.795085940329,
    1.740000050311));
#6684 = VECTOR('',#6685,1.);
#6685 = DIRECTION('',(4.371140912996E-08,8.742273203022E-08,-1.));
#6686 = ORIENTED_EDGE('',*,*,#4983,.T.);
#6687 = ORIENTED_EDGE('',*,*,#6655,.T.);
#6688 = ORIENTED_EDGE('',*,*,#6689,.T.);
#6689 = EDGE_CURVE('',#6656,#6680,#6690,.T.);
#6690 = LINE('',#6691,#6692);
#6691 = CARTESIAN_POINT('',(-20.55010458765,-4.795085691174,
    -1.259999936576));
#6692 = VECTOR('',#6693,1.);
#6693 = DIRECTION('',(1.,-4.371139283091E-08,4.371140530859E-08));
#6694 = PLANE('',#6695);
#6695 = AXIS2_PLACEMENT_3D('',#6696,#6697,#6698);
#6696 = CARTESIAN_POINT('',(-21.00010471878,-4.795085933772,
    1.740000043754));
#6697 = DIRECTION('',(4.371138900954E-08,1.,8.742273394091E-08));
#6698 = DIRECTION('',(4.371140912996E-08,8.742273203022E-08,-1.));
#6699 = ADVANCED_FACE('',(#6700),#6711,.T.);
#6700 = FACE_BOUND('',#6701,.T.);
#6701 = EDGE_LOOP('',(#6702,#6703,#6704,#6705));
#6702 = ORIENTED_EDGE('',*,*,#6633,.F.);
#6703 = ORIENTED_EDGE('',*,*,#4917,.T.);
#6704 = ORIENTED_EDGE('',*,*,#6679,.T.);
#6705 = ORIENTED_EDGE('',*,*,#6706,.F.);
#6706 = EDGE_CURVE('',#6634,#6680,#6707,.T.);
#6707 = LINE('',#6708,#6709);
#6708 = CARTESIAN_POINT('',(-20.85010443356,-1.27008567806,
    -1.259999641524));
#6709 = VECTOR('',#6710,1.);
#6710 = DIRECTION('',(-4.371138837709E-08,-1.,-8.742273394091E-08));
#6711 = PLANE('',#6712);
#6712 = AXIS2_PLACEMENT_3D('',#6713,#6714,#6715);
#6713 = CARTESIAN_POINT('',(-20.85010479549,-6.550085940329,
    1.739999896884));
#6714 = DIRECTION('',(1.,-4.371139219846E-08,4.371140530859E-08));
#6715 = DIRECTION('',(-4.371138837709E-08,-1.,-8.742273394091E-08));
#6716 = ADVANCED_FACE('',(#6717),#6723,.F.);
#6717 = FACE_BOUND('',#6718,.T.);
#6718 = EDGE_LOOP('',(#6719,#6720,#6721,#6722));
#6719 = ORIENTED_EDGE('',*,*,#4991,.T.);
#6720 = ORIENTED_EDGE('',*,*,#4879,.T.);
#6721 = ORIENTED_EDGE('',*,*,#5057,.T.);
#6722 = ORIENTED_EDGE('',*,*,#5101,.T.);
#6723 = PLANE('',#6724);
#6724 = AXIS2_PLACEMENT_3D('',#6725,#6726,#6727);
#6725 = CARTESIAN_POINT('',(-21.00010479549,-6.550085933772,
    1.739999890327));
#6726 = DIRECTION('',(4.371140912996E-08,8.742273203022E-08,-1.));
#6727 = DIRECTION('',(-4.371138828674E-08,-1.,-8.742273394091E-08));
#6728 = ADVANCED_FACE('',(#6729),#6754,.T.);
#6729 = FACE_BOUND('',#6730,.T.);
#6730 = EDGE_LOOP('',(#6731,#6739,#6740,#6748));
#6731 = ORIENTED_EDGE('',*,*,#6732,.F.);
#6732 = EDGE_CURVE('',#5619,#6733,#6735,.T.);
#6733 = VERTEX_POINT('',#6734);
#6734 = CARTESIAN_POINT('',(-21.15010468556,-7.035085664947,
    -1.260000158629));
#6735 = LINE('',#6736,#6737);
#6736 = CARTESIAN_POINT('',(-21.15010481669,-7.035085927215,
    1.739999841371));
#6737 = VECTOR('',#6738,1.);
#6738 = DIRECTION('',(4.371140912996E-08,8.742273203022E-08,-1.));
#6739 = ORIENTED_EDGE('',*,*,#5657,.T.);
#6740 = ORIENTED_EDGE('',*,*,#6741,.T.);
#6741 = EDGE_CURVE('',#5441,#6742,#6744,.T.);
#6742 = VERTEX_POINT('',#6743);
#6743 = CARTESIAN_POINT('',(-20.85010468556,-7.03508567806,
    -1.260000145516));
#6744 = LINE('',#6745,#6746);
#6745 = CARTESIAN_POINT('',(-20.85010481669,-7.035085940329,
    1.739999854484));
#6746 = VECTOR('',#6747,1.);
#6747 = DIRECTION('',(4.371140912996E-08,8.742273203022E-08,-1.));
#6748 = ORIENTED_EDGE('',*,*,#6749,.F.);
#6749 = EDGE_CURVE('',#6733,#6742,#6750,.T.);
#6750 = LINE('',#6751,#6752);
#6751 = CARTESIAN_POINT('',(-20.55010468556,-7.035085691174,
    -1.260000132402));
#6752 = VECTOR('',#6753,1.);
#6753 = DIRECTION('',(1.,-4.371139174671E-08,4.371140530859E-08));
#6754 = PLANE('',#6755);
#6755 = AXIS2_PLACEMENT_3D('',#6756,#6757,#6758);
#6756 = CARTESIAN_POINT('',(-21.00010481669,-7.035085933772,
    1.739999847927));
#6757 = DIRECTION('',(4.371138792534E-08,1.,8.742273394091E-08));
#6758 = DIRECTION('',(1.,-4.371139174671E-08,4.371140530859E-08));
#6759 = ADVANCED_FACE('',(#6760),#6778,.F.);
#6760 = FACE_BOUND('',#6761,.T.);
#6761 = EDGE_LOOP('',(#6762,#6770,#6771,#6772));
#6762 = ORIENTED_EDGE('',*,*,#6763,.F.);
#6763 = EDGE_CURVE('',#5547,#6764,#6766,.T.);
#6764 = VERTEX_POINT('',#6765);
#6765 = CARTESIAN_POINT('',(-21.15010469867,-7.335085664947,
    -1.260000184856));
#6766 = LINE('',#6767,#6768);
#6767 = CARTESIAN_POINT('',(-21.15010482981,-7.335085927215,
    1.739999815144));
#6768 = VECTOR('',#6769,1.);
#6769 = DIRECTION('',(4.371140912996E-08,8.742273203022E-08,-1.));
#6770 = ORIENTED_EDGE('',*,*,#5701,.T.);
#6771 = ORIENTED_EDGE('',*,*,#6732,.T.);
#6772 = ORIENTED_EDGE('',*,*,#6773,.T.);
#6773 = EDGE_CURVE('',#6733,#6764,#6774,.T.);
#6774 = LINE('',#6775,#6776);
#6775 = CARTESIAN_POINT('',(-21.15010443356,-1.270085664947,
    -1.259999654637));
#6776 = VECTOR('',#6777,1.);
#6777 = DIRECTION('',(-4.371138837709E-08,-1.,-8.742273394091E-08));
#6778 = PLANE('',#6779);
#6779 = AXIS2_PLACEMENT_3D('',#6780,#6781,#6782);
#6780 = CARTESIAN_POINT('',(-21.15010479549,-6.550085927215,
    1.739999883771));
#6781 = DIRECTION('',(1.,-4.371139219846E-08,4.371140530859E-08));
#6782 = DIRECTION('',(-4.371138837709E-08,-1.,-8.742273394091E-08));
#6783 = ADVANCED_FACE('',(#6784),#6802,.F.);
#6784 = FACE_BOUND('',#6785,.T.);
#6785 = EDGE_LOOP('',(#6786,#6794,#6795,#6796));
#6786 = ORIENTED_EDGE('',*,*,#6787,.F.);
#6787 = EDGE_CURVE('',#5481,#6788,#6790,.T.);
#6788 = VERTEX_POINT('',#6789);
#6789 = CARTESIAN_POINT('',(-20.85010469867,-7.33508567806,
    -1.260000171743));
#6790 = LINE('',#6791,#6792);
#6791 = CARTESIAN_POINT('',(-20.85010482981,-7.335085940329,
    1.739999828257));
#6792 = VECTOR('',#6793,1.);
#6793 = DIRECTION('',(4.371140912996E-08,8.742273203022E-08,-1.));
#6794 = ORIENTED_EDGE('',*,*,#5575,.T.);
#6795 = ORIENTED_EDGE('',*,*,#6763,.T.);
#6796 = ORIENTED_EDGE('',*,*,#6797,.T.);
#6797 = EDGE_CURVE('',#6764,#6788,#6798,.T.);
#6798 = LINE('',#6799,#6800);
#6799 = CARTESIAN_POINT('',(-20.55010469867,-7.335085691174,
    -1.260000158629));
#6800 = VECTOR('',#6801,1.);
#6801 = DIRECTION('',(1.,-4.371139283091E-08,4.371140530859E-08));
#6802 = PLANE('',#6803);
#6803 = AXIS2_PLACEMENT_3D('',#6804,#6805,#6806);
#6804 = CARTESIAN_POINT('',(-21.00010482981,-7.335085933772,
    1.739999821701));
#6805 = DIRECTION('',(4.371138900954E-08,1.,8.742273394091E-08));
#6806 = DIRECTION('',(4.371140912996E-08,8.742273203022E-08,-1.));
#6807 = ADVANCED_FACE('',(#6808),#6819,.T.);
#6808 = FACE_BOUND('',#6809,.T.);
#6809 = EDGE_LOOP('',(#6810,#6811,#6812,#6813));
#6810 = ORIENTED_EDGE('',*,*,#6741,.F.);
#6811 = ORIENTED_EDGE('',*,*,#5509,.T.);
#6812 = ORIENTED_EDGE('',*,*,#6787,.T.);
#6813 = ORIENTED_EDGE('',*,*,#6814,.F.);
#6814 = EDGE_CURVE('',#6742,#6788,#6815,.T.);
#6815 = LINE('',#6816,#6817);
#6816 = CARTESIAN_POINT('',(-20.85010443356,-1.27008567806,
    -1.259999641524));
#6817 = VECTOR('',#6818,1.);
#6818 = DIRECTION('',(-4.371138837709E-08,-1.,-8.742273394091E-08));
#6819 = PLANE('',#6820);
#6820 = AXIS2_PLACEMENT_3D('',#6821,#6822,#6823);
#6821 = CARTESIAN_POINT('',(-20.85010479549,-6.550085940329,
    1.739999896884));
#6822 = DIRECTION('',(1.,-4.371139219846E-08,4.371140530859E-08));
#6823 = DIRECTION('',(-4.371138837709E-08,-1.,-8.742273394091E-08));
#6824 = ADVANCED_FACE('',(#6825),#6831,.F.);
#6825 = FACE_BOUND('',#6826,.T.);
#6826 = EDGE_LOOP('',(#6827,#6828,#6829,#6830));
#6827 = ORIENTED_EDGE('',*,*,#5583,.T.);
#6828 = ORIENTED_EDGE('',*,*,#5471,.T.);
#6829 = ORIENTED_EDGE('',*,*,#5649,.T.);
#6830 = ORIENTED_EDGE('',*,*,#5693,.T.);
#6831 = PLANE('',#6832);
#6832 = AXIS2_PLACEMENT_3D('',#6833,#6834,#6835);
#6833 = CARTESIAN_POINT('',(-21.00010479549,-6.550085933772,
    1.739999890327));
#6834 = DIRECTION('',(4.371140912996E-08,8.742273203022E-08,-1.));
#6835 = DIRECTION('',(-4.371138828674E-08,-1.,-8.742273394091E-08));
#6836 = ADVANCED_FACE('',(#6837),#6862,.T.);
#6837 = FACE_BOUND('',#6838,.T.);
#6838 = EDGE_LOOP('',(#6839,#6847,#6848,#6856));
#6839 = ORIENTED_EDGE('',*,*,#6840,.F.);
#6840 = EDGE_CURVE('',#5915,#6841,#6843,.T.);
#6841 = VERTEX_POINT('',#6842);
#6842 = CARTESIAN_POINT('',(-21.15010474107,-8.305085664947,
    -1.260000269656));
#6843 = LINE('',#6844,#6845);
#6844 = CARTESIAN_POINT('',(-21.15010487221,-8.305085927215,
    1.739999730344));
#6845 = VECTOR('',#6846,1.);
#6846 = DIRECTION('',(4.371140912996E-08,8.742273203022E-08,-1.));
#6847 = ORIENTED_EDGE('',*,*,#5953,.T.);
#6848 = ORIENTED_EDGE('',*,*,#6849,.T.);
#6849 = EDGE_CURVE('',#5737,#6850,#6852,.T.);
#6850 = VERTEX_POINT('',#6851);
#6851 = CARTESIAN_POINT('',(-20.85010474107,-8.30508567806,
    -1.260000256543));
#6852 = LINE('',#6853,#6854);
#6853 = CARTESIAN_POINT('',(-20.85010487221,-8.305085940329,
    1.739999743457));
#6854 = VECTOR('',#6855,1.);
#6855 = DIRECTION('',(4.371140912996E-08,8.742273203022E-08,-1.));
#6856 = ORIENTED_EDGE('',*,*,#6857,.F.);
#6857 = EDGE_CURVE('',#6841,#6850,#6858,.T.);
#6858 = LINE('',#6859,#6860);
#6859 = CARTESIAN_POINT('',(-20.55010474107,-8.305085691174,
    -1.260000243429));
#6860 = VECTOR('',#6861,1.);
#6861 = DIRECTION('',(1.,-4.371139138531E-08,4.371140530859E-08));
#6862 = PLANE('',#6863);
#6863 = AXIS2_PLACEMENT_3D('',#6864,#6865,#6866);
#6864 = CARTESIAN_POINT('',(-21.00010487221,-8.305085933772,
    1.739999736901));
#6865 = DIRECTION('',(4.371138756394E-08,1.,8.742273394091E-08));
#6866 = DIRECTION('',(1.,-4.371139138531E-08,4.371140530859E-08));
#6867 = ADVANCED_FACE('',(#6868),#6886,.F.);
#6868 = FACE_BOUND('',#6869,.T.);
#6869 = EDGE_LOOP('',(#6870,#6878,#6879,#6880));
#6870 = ORIENTED_EDGE('',*,*,#6871,.F.);
#6871 = EDGE_CURVE('',#5843,#6872,#6874,.T.);
#6872 = VERTEX_POINT('',#6873);
#6873 = CARTESIAN_POINT('',(-21.15010475419,-8.605085664947,
    -1.260000295883));
#6874 = LINE('',#6875,#6876);
#6875 = CARTESIAN_POINT('',(-21.15010488532,-8.605085927215,
    1.739999704117));
#6876 = VECTOR('',#6877,1.);
#6877 = DIRECTION('',(4.371140912996E-08,8.742273203022E-08,-1.));
#6878 = ORIENTED_EDGE('',*,*,#5997,.T.);
#6879 = ORIENTED_EDGE('',*,*,#6840,.T.);
#6880 = ORIENTED_EDGE('',*,*,#6881,.T.);
#6881 = EDGE_CURVE('',#6841,#6872,#6882,.T.);
#6882 = LINE('',#6883,#6884);
#6883 = CARTESIAN_POINT('',(-21.15010443356,-1.270085664947,
    -1.259999654637));
#6884 = VECTOR('',#6885,1.);
#6885 = DIRECTION('',(-4.371138837709E-08,-1.,-8.742273394091E-08));
#6886 = PLANE('',#6887);
#6887 = AXIS2_PLACEMENT_3D('',#6888,#6889,#6890);
#6888 = CARTESIAN_POINT('',(-21.15010479549,-6.550085927215,
    1.739999883771));
#6889 = DIRECTION('',(1.,-4.371139219846E-08,4.371140530859E-08));
#6890 = DIRECTION('',(-4.371138837709E-08,-1.,-8.742273394091E-08));
#6891 = ADVANCED_FACE('',(#6892),#6910,.F.);
#6892 = FACE_BOUND('',#6893,.T.);
#6893 = EDGE_LOOP('',(#6894,#6902,#6903,#6904));
#6894 = ORIENTED_EDGE('',*,*,#6895,.F.);
#6895 = EDGE_CURVE('',#5777,#6896,#6898,.T.);
#6896 = VERTEX_POINT('',#6897);
#6897 = CARTESIAN_POINT('',(-20.85010475419,-8.60508567806,
    -1.26000028277));
#6898 = LINE('',#6899,#6900);
#6899 = CARTESIAN_POINT('',(-20.85010488532,-8.605085940329,
    1.73999971723));
#6900 = VECTOR('',#6901,1.);
#6901 = DIRECTION('',(4.371140912996E-08,8.742273203022E-08,-1.));
#6902 = ORIENTED_EDGE('',*,*,#5871,.T.);
#6903 = ORIENTED_EDGE('',*,*,#6871,.T.);
#6904 = ORIENTED_EDGE('',*,*,#6905,.T.);
#6905 = EDGE_CURVE('',#6872,#6896,#6906,.T.);
#6906 = LINE('',#6907,#6908);
#6907 = CARTESIAN_POINT('',(-20.55010475419,-8.605085691174,
    -1.260000269656));
#6908 = VECTOR('',#6909,1.);
#6909 = DIRECTION('',(1.,-4.371139210811E-08,4.371140530859E-08));
#6910 = PLANE('',#6911);
#6911 = AXIS2_PLACEMENT_3D('',#6912,#6913,#6914);
#6912 = CARTESIAN_POINT('',(-21.00010488532,-8.605085933772,
    1.739999710674));
#6913 = DIRECTION('',(4.371138828674E-08,1.,8.742273394091E-08));
#6914 = DIRECTION('',(1.,-4.371139210811E-08,4.371140530859E-08));
#6915 = ADVANCED_FACE('',(#6916),#6927,.T.);
#6916 = FACE_BOUND('',#6917,.T.);
#6917 = EDGE_LOOP('',(#6918,#6919,#6920,#6921));
#6918 = ORIENTED_EDGE('',*,*,#6849,.F.);
#6919 = ORIENTED_EDGE('',*,*,#5805,.T.);
#6920 = ORIENTED_EDGE('',*,*,#6895,.T.);
#6921 = ORIENTED_EDGE('',*,*,#6922,.F.);
#6922 = EDGE_CURVE('',#6850,#6896,#6923,.T.);
#6923 = LINE('',#6924,#6925);
#6924 = CARTESIAN_POINT('',(-20.85010443356,-1.27008567806,
    -1.259999641524));
#6925 = VECTOR('',#6926,1.);
#6926 = DIRECTION('',(-4.371138837709E-08,-1.,-8.742273394091E-08));
#6927 = PLANE('',#6928);
#6928 = AXIS2_PLACEMENT_3D('',#6929,#6930,#6931);
#6929 = CARTESIAN_POINT('',(-20.85010479549,-6.550085940329,
    1.739999896884));
#6930 = DIRECTION('',(1.,-4.371139219846E-08,4.371140530859E-08));
#6931 = DIRECTION('',(-4.371138837709E-08,-1.,-8.742273394091E-08));
#6932 = ADVANCED_FACE('',(#6933),#6939,.F.);
#6933 = FACE_BOUND('',#6934,.T.);
#6934 = EDGE_LOOP('',(#6935,#6936,#6937,#6938));
#6935 = ORIENTED_EDGE('',*,*,#5879,.T.);
#6936 = ORIENTED_EDGE('',*,*,#5767,.T.);
#6937 = ORIENTED_EDGE('',*,*,#5945,.T.);
#6938 = ORIENTED_EDGE('',*,*,#5989,.T.);
#6939 = PLANE('',#6940);
#6940 = AXIS2_PLACEMENT_3D('',#6941,#6942,#6943);
#6941 = CARTESIAN_POINT('',(-21.00010479549,-6.550085933772,
    1.739999890327));
#6942 = DIRECTION('',(4.371140912996E-08,8.742273203022E-08,-1.));
#6943 = DIRECTION('',(-4.371138828674E-08,-1.,-8.742273394091E-08));
#6944 = ADVANCED_FACE('',(#6945),#6970,.T.);
#6945 = FACE_BOUND('',#6946,.T.);
#6946 = EDGE_LOOP('',(#6947,#6955,#6956,#6964));
#6947 = ORIENTED_EDGE('',*,*,#6948,.F.);
#6948 = EDGE_CURVE('',#6211,#6949,#6951,.T.);
#6949 = VERTEX_POINT('',#6950);
#6950 = CARTESIAN_POINT('',(-21.15010479659,-9.575085664947,
    -1.260000380683));
#6951 = LINE('',#6952,#6953);
#6952 = CARTESIAN_POINT('',(-21.15010492772,-9.575085927215,
    1.739999619317));
#6953 = VECTOR('',#6954,1.);
#6954 = DIRECTION('',(4.371140912996E-08,8.742273203022E-08,-1.));
#6955 = ORIENTED_EDGE('',*,*,#6249,.T.);
#6956 = ORIENTED_EDGE('',*,*,#6957,.T.);
#6957 = EDGE_CURVE('',#6033,#6958,#6960,.T.);
#6958 = VERTEX_POINT('',#6959);
#6959 = CARTESIAN_POINT('',(-20.85010479659,-9.57508567806,
    -1.26000036757));
#6960 = LINE('',#6961,#6962);
#6961 = CARTESIAN_POINT('',(-20.85010492772,-9.575085940329,
    1.73999963243));
#6962 = VECTOR('',#6963,1.);
#6963 = DIRECTION('',(4.371140912996E-08,8.742273203022E-08,-1.));
#6964 = ORIENTED_EDGE('',*,*,#6965,.F.);
#6965 = EDGE_CURVE('',#6949,#6958,#6966,.T.);
#6966 = LINE('',#6967,#6968);
#6967 = CARTESIAN_POINT('',(-20.55010479659,-9.575085691174,
    -1.260000354456));
#6968 = VECTOR('',#6969,1.);
#6969 = DIRECTION('',(1.,-4.371139210811E-08,4.371140530859E-08));
#6970 = PLANE('',#6971);
#6971 = AXIS2_PLACEMENT_3D('',#6972,#6973,#6974);
#6972 = CARTESIAN_POINT('',(-21.00010492772,-9.575085933772,
    1.739999625874));
#6973 = DIRECTION('',(4.371138828674E-08,1.,8.742273394091E-08));
#6974 = DIRECTION('',(1.,-4.371139210811E-08,4.371140530859E-08));
#6975 = ADVANCED_FACE('',(#6976),#6994,.F.);
#6976 = FACE_BOUND('',#6977,.T.);
#6977 = EDGE_LOOP('',(#6978,#6986,#6987,#6988));
#6978 = ORIENTED_EDGE('',*,*,#6979,.F.);
#6979 = EDGE_CURVE('',#6139,#6980,#6982,.T.);
#6980 = VERTEX_POINT('',#6981);
#6981 = CARTESIAN_POINT('',(-21.1501048097,-9.875085664947,
    -1.26000040691));
#6982 = LINE('',#6983,#6984);
#6983 = CARTESIAN_POINT('',(-21.15010494084,-9.875085927215,
    1.73999959309));
#6984 = VECTOR('',#6985,1.);
#6985 = DIRECTION('',(4.371140912996E-08,8.742273203022E-08,-1.));
#6986 = ORIENTED_EDGE('',*,*,#6293,.T.);
#6987 = ORIENTED_EDGE('',*,*,#6948,.T.);
#6988 = ORIENTED_EDGE('',*,*,#6989,.T.);
#6989 = EDGE_CURVE('',#6949,#6980,#6990,.T.);
#6990 = LINE('',#6991,#6992);
#6991 = CARTESIAN_POINT('',(-21.15010443356,-1.270085664947,
    -1.259999654637));
#6992 = VECTOR('',#6993,1.);
#6993 = DIRECTION('',(-4.371138837709E-08,-1.,-8.742273394091E-08));
#6994 = PLANE('',#6995);
#6995 = AXIS2_PLACEMENT_3D('',#6996,#6997,#6998);
#6996 = CARTESIAN_POINT('',(-21.15010479549,-6.550085927215,
    1.739999883771));
#6997 = DIRECTION('',(1.,-4.371139219846E-08,4.371140530859E-08));
#6998 = DIRECTION('',(-4.371138837709E-08,-1.,-8.742273394091E-08));
#6999 = ADVANCED_FACE('',(#7000),#7018,.F.);
#7000 = FACE_BOUND('',#7001,.T.);
#7001 = EDGE_LOOP('',(#7002,#7010,#7011,#7012));
#7002 = ORIENTED_EDGE('',*,*,#7003,.F.);
#7003 = EDGE_CURVE('',#6073,#7004,#7006,.T.);
#7004 = VERTEX_POINT('',#7005);
#7005 = CARTESIAN_POINT('',(-20.8501048097,-9.87508567806,
    -1.260000393796));
#7006 = LINE('',#7007,#7008);
#7007 = CARTESIAN_POINT('',(-20.85010494084,-9.875085940329,
    1.739999606204));
#7008 = VECTOR('',#7009,1.);
#7009 = DIRECTION('',(4.371140912996E-08,8.742273203022E-08,-1.));
#7010 = ORIENTED_EDGE('',*,*,#6167,.T.);
#7011 = ORIENTED_EDGE('',*,*,#6979,.T.);
#7012 = ORIENTED_EDGE('',*,*,#7013,.T.);
#7013 = EDGE_CURVE('',#6980,#7004,#7014,.T.);
#7014 = LINE('',#7015,#7016);
#7015 = CARTESIAN_POINT('',(-20.5501048097,-9.875085691174,
    -1.260000380683));
#7016 = VECTOR('',#7017,1.);
#7017 = DIRECTION('',(1.,-4.371139210811E-08,4.371140530859E-08));
#7018 = PLANE('',#7019);
#7019 = AXIS2_PLACEMENT_3D('',#7020,#7021,#7022);
#7020 = CARTESIAN_POINT('',(-21.00010494084,-9.875085933772,
    1.739999599647));
#7021 = DIRECTION('',(4.371138828674E-08,1.,8.742273394091E-08));
#7022 = DIRECTION('',(1.,-4.371139210811E-08,4.371140530859E-08));
#7023 = ADVANCED_FACE('',(#7024),#7035,.T.);
#7024 = FACE_BOUND('',#7025,.T.);
#7025 = EDGE_LOOP('',(#7026,#7027,#7028,#7029));
#7026 = ORIENTED_EDGE('',*,*,#6957,.F.);
#7027 = ORIENTED_EDGE('',*,*,#6101,.T.);
#7028 = ORIENTED_EDGE('',*,*,#7003,.T.);
#7029 = ORIENTED_EDGE('',*,*,#7030,.F.);
#7030 = EDGE_CURVE('',#6958,#7004,#7031,.T.);
#7031 = LINE('',#7032,#7033);
#7032 = CARTESIAN_POINT('',(-20.85010443356,-1.27008567806,
    -1.259999641524));
#7033 = VECTOR('',#7034,1.);
#7034 = DIRECTION('',(-4.371138837709E-08,-1.,-8.742273394091E-08));
#7035 = PLANE('',#7036);
#7036 = AXIS2_PLACEMENT_3D('',#7037,#7038,#7039);
#7037 = CARTESIAN_POINT('',(-20.85010479549,-6.550085940329,
    1.739999896884));
#7038 = DIRECTION('',(1.,-4.371139219846E-08,4.371140530859E-08));
#7039 = DIRECTION('',(-4.371138837709E-08,-1.,-8.742273394091E-08));
#7040 = ADVANCED_FACE('',(#7041),#7047,.F.);
#7041 = FACE_BOUND('',#7042,.T.);
#7042 = EDGE_LOOP('',(#7043,#7044,#7045,#7046));
#7043 = ORIENTED_EDGE('',*,*,#6175,.T.);
#7044 = ORIENTED_EDGE('',*,*,#6063,.T.);
#7045 = ORIENTED_EDGE('',*,*,#6241,.T.);
#7046 = ORIENTED_EDGE('',*,*,#6285,.T.);
#7047 = PLANE('',#7048);
#7048 = AXIS2_PLACEMENT_3D('',#7049,#7050,#7051);
#7049 = CARTESIAN_POINT('',(-21.00010479549,-6.550085933772,
    1.739999890327));
#7050 = DIRECTION('',(4.371140912996E-08,8.742273203022E-08,-1.));
#7051 = DIRECTION('',(-4.371138828674E-08,-1.,-8.742273394091E-08));
#7052 = ADVANCED_FACE('',(#7053),#7078,.T.);
#7053 = FACE_BOUND('',#7054,.T.);
#7054 = EDGE_LOOP('',(#7055,#7063,#7064,#7072));
#7055 = ORIENTED_EDGE('',*,*,#7056,.F.);
#7056 = EDGE_CURVE('',#4731,#7057,#7059,.T.);
#7057 = VERTEX_POINT('',#7058);
#7058 = CARTESIAN_POINT('',(-21.15010451902,-3.225085664947,
    -1.259999825549));
#7059 = LINE('',#7060,#7061);
#7060 = CARTESIAN_POINT('',(-21.15010465015,-3.225085927215,
    1.740000174451));
#7061 = VECTOR('',#7062,1.);
#7062 = DIRECTION('',(4.371140912996E-08,8.742273203022E-08,-1.));
#7063 = ORIENTED_EDGE('',*,*,#4769,.T.);
#7064 = ORIENTED_EDGE('',*,*,#7065,.T.);
#7065 = EDGE_CURVE('',#4553,#7066,#7068,.T.);
#7066 = VERTEX_POINT('',#7067);
#7067 = CARTESIAN_POINT('',(-20.85010451902,-3.22508567806,
    -1.259999812435));
#7068 = LINE('',#7069,#7070);
#7069 = CARTESIAN_POINT('',(-20.85010465015,-3.225085940329,
    1.740000187565));
#7070 = VECTOR('',#7071,1.);
#7071 = DIRECTION('',(4.371140912996E-08,8.742273203022E-08,-1.));
#7072 = ORIENTED_EDGE('',*,*,#7073,.F.);
#7073 = EDGE_CURVE('',#7057,#7066,#7074,.T.);
#7074 = LINE('',#7075,#7076);
#7075 = CARTESIAN_POINT('',(-20.55010451902,-3.225085691174,
    -1.259999799322));
#7076 = VECTOR('',#7077,1.);
#7077 = DIRECTION('',(1.,-4.371139210811E-08,4.371140530859E-08));
#7078 = PLANE('',#7079);
#7079 = AXIS2_PLACEMENT_3D('',#7080,#7081,#7082);
#7080 = CARTESIAN_POINT('',(-21.15010465015,-3.225085927215,
    1.740000174451));
#7081 = DIRECTION('',(4.371138828674E-08,1.,8.742273394091E-08));
#7082 = DIRECTION('',(1.,-4.371139210811E-08,4.371140530859E-08));
#7083 = ADVANCED_FACE('',(#7084),#7102,.F.);
#7084 = FACE_BOUND('',#7085,.T.);
#7085 = EDGE_LOOP('',(#7086,#7094,#7095,#7096));
#7086 = ORIENTED_EDGE('',*,*,#7087,.F.);
#7087 = EDGE_CURVE('',#4659,#7088,#7090,.T.);
#7088 = VERTEX_POINT('',#7089);
#7089 = CARTESIAN_POINT('',(-21.15010453213,-3.525085664947,
    -1.259999851775));
#7090 = LINE('',#7091,#7092);
#7091 = CARTESIAN_POINT('',(-21.15010466327,-3.525085927215,
    1.740000148224));
#7092 = VECTOR('',#7093,1.);
#7093 = DIRECTION('',(4.371140912996E-08,8.742273203022E-08,-1.));
#7094 = ORIENTED_EDGE('',*,*,#4813,.T.);
#7095 = ORIENTED_EDGE('',*,*,#7056,.T.);
#7096 = ORIENTED_EDGE('',*,*,#7097,.T.);
#7097 = EDGE_CURVE('',#7057,#7088,#7098,.T.);
#7098 = LINE('',#7099,#7100);
#7099 = CARTESIAN_POINT('',(-21.15010443356,-1.270085664947,
    -1.259999654637));
#7100 = VECTOR('',#7101,1.);
#7101 = DIRECTION('',(-4.371138837709E-08,-1.,-8.742273394091E-08));
#7102 = PLANE('',#7103);
#7103 = AXIS2_PLACEMENT_3D('',#7104,#7105,#7106);
#7104 = CARTESIAN_POINT('',(-21.15010465015,-3.225085927215,
    1.740000174451));
#7105 = DIRECTION('',(1.,-4.371139219846E-08,4.371140530859E-08));
#7106 = DIRECTION('',(-4.371138837709E-08,-1.,-8.742273394091E-08));
#7107 = ADVANCED_FACE('',(#7108),#7126,.F.);
#7108 = FACE_BOUND('',#7109,.T.);
#7109 = EDGE_LOOP('',(#7110,#7118,#7119,#7120));
#7110 = ORIENTED_EDGE('',*,*,#7111,.F.);
#7111 = EDGE_CURVE('',#4593,#7112,#7114,.T.);
#7112 = VERTEX_POINT('',#7113);
#7113 = CARTESIAN_POINT('',(-20.85010453213,-3.52508567806,
    -1.259999838662));
#7114 = LINE('',#7115,#7116);
#7115 = CARTESIAN_POINT('',(-20.85010466327,-3.525085940329,
    1.740000161338));
#7116 = VECTOR('',#7117,1.);
#7117 = DIRECTION('',(4.371140912996E-08,8.742273203022E-08,-1.));
#7118 = ORIENTED_EDGE('',*,*,#4687,.T.);
#7119 = ORIENTED_EDGE('',*,*,#7087,.T.);
#7120 = ORIENTED_EDGE('',*,*,#7121,.T.);
#7121 = EDGE_CURVE('',#7088,#7112,#7122,.T.);
#7122 = LINE('',#7123,#7124);
#7123 = CARTESIAN_POINT('',(-20.55010453213,-3.525085691174,
    -1.259999825549));
#7124 = VECTOR('',#7125,1.);
#7125 = DIRECTION('',(1.,-4.371139210811E-08,4.371140530859E-08));
#7126 = PLANE('',#7127);
#7127 = AXIS2_PLACEMENT_3D('',#7128,#7129,#7130);
#7128 = CARTESIAN_POINT('',(-21.15010466327,-3.525085927215,
    1.740000148224));
#7129 = DIRECTION('',(4.371138828674E-08,1.,8.742273394091E-08));
#7130 = DIRECTION('',(1.,-4.371139210811E-08,4.371140530859E-08));
#7131 = ADVANCED_FACE('',(#7132),#7143,.T.);
#7132 = FACE_BOUND('',#7133,.T.);
#7133 = EDGE_LOOP('',(#7134,#7135,#7136,#7137));
#7134 = ORIENTED_EDGE('',*,*,#7065,.F.);
#7135 = ORIENTED_EDGE('',*,*,#4621,.T.);
#7136 = ORIENTED_EDGE('',*,*,#7111,.T.);
#7137 = ORIENTED_EDGE('',*,*,#7138,.F.);
#7138 = EDGE_CURVE('',#7066,#7112,#7139,.T.);
#7139 = LINE('',#7140,#7141);
#7140 = CARTESIAN_POINT('',(-20.85010443356,-1.27008567806,
    -1.259999641524));
#7141 = VECTOR('',#7142,1.);
#7142 = DIRECTION('',(-4.371138837709E-08,-1.,-8.742273394091E-08));
#7143 = PLANE('',#7144);
#7144 = AXIS2_PLACEMENT_3D('',#7145,#7146,#7147);
#7145 = CARTESIAN_POINT('',(-20.85010465015,-3.225085940329,
    1.740000187565));
#7146 = DIRECTION('',(1.,-4.371139219846E-08,4.371140530859E-08));
#7147 = DIRECTION('',(-4.371138837709E-08,-1.,-8.742273394091E-08));
#7148 = ADVANCED_FACE('',(#7149),#7155,.F.);
#7149 = FACE_BOUND('',#7150,.T.);
#7150 = EDGE_LOOP('',(#7151,#7152,#7153,#7154));
#7151 = ORIENTED_EDGE('',*,*,#4695,.T.);
#7152 = ORIENTED_EDGE('',*,*,#4583,.T.);
#7153 = ORIENTED_EDGE('',*,*,#4761,.T.);
#7154 = ORIENTED_EDGE('',*,*,#4805,.T.);
#7155 = PLANE('',#7156);
#7156 = AXIS2_PLACEMENT_3D('',#7157,#7158,#7159);
#7157 = CARTESIAN_POINT('',(-21.00010479549,-6.550085933772,
    1.739999890327));
#7158 = DIRECTION('',(4.371140912996E-08,8.742273203022E-08,-1.));
#7159 = DIRECTION('',(-4.371138828674E-08,-1.,-8.742273394091E-08));
#7160 = ADVANCED_FACE('',(#7161),#7186,.T.);
#7161 = FACE_BOUND('',#7162,.T.);
#7162 = EDGE_LOOP('',(#7163,#7171,#7172,#7180));
#7163 = ORIENTED_EDGE('',*,*,#7164,.F.);
#7164 = EDGE_CURVE('',#4435,#7165,#7167,.T.);
#7165 = VERTEX_POINT('',#7166);
#7166 = CARTESIAN_POINT('',(-21.15010446351,-1.955085664947,
    -1.259999714522));
#7167 = LINE('',#7168,#7169);
#7168 = CARTESIAN_POINT('',(-21.15010459464,-1.955085927215,
    1.740000285478));
#7169 = VECTOR('',#7170,1.);
#7170 = DIRECTION('',(4.371140912996E-08,8.742273203022E-08,-1.));
#7171 = ORIENTED_EDGE('',*,*,#4473,.T.);
#7172 = ORIENTED_EDGE('',*,*,#7173,.T.);
#7173 = EDGE_CURVE('',#4257,#7174,#7176,.T.);
#7174 = VERTEX_POINT('',#7175);
#7175 = CARTESIAN_POINT('',(-20.85010446351,-1.95508567806,
    -1.259999701408));
#7176 = LINE('',#7177,#7178);
#7177 = CARTESIAN_POINT('',(-20.85010459464,-1.955085940329,
    1.740000298592));
#7178 = VECTOR('',#7179,1.);
#7179 = DIRECTION('',(4.371140912996E-08,8.742273203022E-08,-1.));
#7180 = ORIENTED_EDGE('',*,*,#7181,.F.);
#7181 = EDGE_CURVE('',#7165,#7174,#7182,.T.);
#7182 = LINE('',#7183,#7184);
#7183 = CARTESIAN_POINT('',(-20.55010446351,-1.955085691174,
    -1.259999688295));
#7184 = VECTOR('',#7185,1.);
#7185 = DIRECTION('',(1.,-4.371139210811E-08,4.371140530859E-08));
#7186 = PLANE('',#7187);
#7187 = AXIS2_PLACEMENT_3D('',#7188,#7189,#7190);
#7188 = CARTESIAN_POINT('',(-21.15010459464,-1.955085927215,
    1.740000285478));
#7189 = DIRECTION('',(4.371138828674E-08,1.,8.742273394091E-08));
#7190 = DIRECTION('',(1.,-4.371139210811E-08,4.371140530859E-08));
#7191 = ADVANCED_FACE('',(#7192),#7210,.F.);
#7192 = FACE_BOUND('',#7193,.T.);
#7193 = EDGE_LOOP('',(#7194,#7202,#7203,#7204));
#7194 = ORIENTED_EDGE('',*,*,#7195,.F.);
#7195 = EDGE_CURVE('',#4363,#7196,#7198,.T.);
#7196 = VERTEX_POINT('',#7197);
#7197 = CARTESIAN_POINT('',(-21.15010447662,-2.255085664947,
    -1.259999740749));
#7198 = LINE('',#7199,#7200);
#7199 = CARTESIAN_POINT('',(-21.15010460775,-2.255085927215,
    1.740000259251));
#7200 = VECTOR('',#7201,1.);
#7201 = DIRECTION('',(4.371140912996E-08,8.742273203022E-08,-1.));
#7202 = ORIENTED_EDGE('',*,*,#4517,.T.);
#7203 = ORIENTED_EDGE('',*,*,#7164,.T.);
#7204 = ORIENTED_EDGE('',*,*,#7205,.T.);
#7205 = EDGE_CURVE('',#7165,#7196,#7206,.T.);
#7206 = LINE('',#7207,#7208);
#7207 = CARTESIAN_POINT('',(-21.15010443356,-1.270085664947,
    -1.259999654637));
#7208 = VECTOR('',#7209,1.);
#7209 = DIRECTION('',(-4.371138837709E-08,-1.,-8.742273394091E-08));
#7210 = PLANE('',#7211);
#7211 = AXIS2_PLACEMENT_3D('',#7212,#7213,#7214);
#7212 = CARTESIAN_POINT('',(-21.15010459464,-1.955085927215,
    1.740000285478));
#7213 = DIRECTION('',(1.,-4.371139219846E-08,4.371140530859E-08));
#7214 = DIRECTION('',(-4.371138837709E-08,-1.,-8.742273394091E-08));
#7215 = ADVANCED_FACE('',(#7216),#7234,.F.);
#7216 = FACE_BOUND('',#7217,.T.);
#7217 = EDGE_LOOP('',(#7218,#7226,#7227,#7228));
#7218 = ORIENTED_EDGE('',*,*,#7219,.F.);
#7219 = EDGE_CURVE('',#4297,#7220,#7222,.T.);
#7220 = VERTEX_POINT('',#7221);
#7221 = CARTESIAN_POINT('',(-20.85010447662,-2.25508567806,
    -1.259999727635));
#7222 = LINE('',#7223,#7224);
#7223 = CARTESIAN_POINT('',(-20.85010460775,-2.255085940329,
    1.740000272365));
#7224 = VECTOR('',#7225,1.);
#7225 = DIRECTION('',(4.371140912996E-08,8.742273203022E-08,-1.));
#7226 = ORIENTED_EDGE('',*,*,#4391,.T.);
#7227 = ORIENTED_EDGE('',*,*,#7195,.T.);
#7228 = ORIENTED_EDGE('',*,*,#7229,.T.);
#7229 = EDGE_CURVE('',#7196,#7220,#7230,.T.);
#7230 = LINE('',#7231,#7232);
#7231 = CARTESIAN_POINT('',(-20.55010447662,-2.255085691174,
    -1.259999714522));
#7232 = VECTOR('',#7233,1.);
#7233 = DIRECTION('',(1.,-4.371139499931E-08,4.371140530859E-08));
#7234 = PLANE('',#7235);
#7235 = AXIS2_PLACEMENT_3D('',#7236,#7237,#7238);
#7236 = CARTESIAN_POINT('',(-21.15010460775,-2.255085927215,
    1.740000259251));
#7237 = DIRECTION('',(4.371139117794E-08,1.,8.742273394091E-08));
#7238 = DIRECTION('',(4.371140912996E-08,8.742273203022E-08,-1.));
#7239 = ADVANCED_FACE('',(#7240),#7251,.T.);
#7240 = FACE_BOUND('',#7241,.T.);
#7241 = EDGE_LOOP('',(#7242,#7243,#7244,#7245));
#7242 = ORIENTED_EDGE('',*,*,#7173,.F.);
#7243 = ORIENTED_EDGE('',*,*,#4325,.T.);
#7244 = ORIENTED_EDGE('',*,*,#7219,.T.);
#7245 = ORIENTED_EDGE('',*,*,#7246,.F.);
#7246 = EDGE_CURVE('',#7174,#7220,#7247,.T.);
#7247 = LINE('',#7248,#7249);
#7248 = CARTESIAN_POINT('',(-20.85010443356,-1.27008567806,
    -1.259999641524));
#7249 = VECTOR('',#7250,1.);
#7250 = DIRECTION('',(-4.371138837709E-08,-1.,-8.742273394091E-08));
#7251 = PLANE('',#7252);
#7252 = AXIS2_PLACEMENT_3D('',#7253,#7254,#7255);
#7253 = CARTESIAN_POINT('',(-20.85010459464,-1.955085940329,
    1.740000298592));
#7254 = DIRECTION('',(1.,-4.371139219846E-08,4.371140530859E-08));
#7255 = DIRECTION('',(-4.371138837709E-08,-1.,-8.742273394091E-08));
#7256 = ADVANCED_FACE('',(#7257),#7263,.F.);
#7257 = FACE_BOUND('',#7258,.T.);
#7258 = EDGE_LOOP('',(#7259,#7260,#7261,#7262));
#7259 = ORIENTED_EDGE('',*,*,#4399,.T.);
#7260 = ORIENTED_EDGE('',*,*,#4287,.T.);
#7261 = ORIENTED_EDGE('',*,*,#4465,.T.);
#7262 = ORIENTED_EDGE('',*,*,#4509,.T.);
#7263 = PLANE('',#7264);
#7264 = AXIS2_PLACEMENT_3D('',#7265,#7266,#7267);
#7265 = CARTESIAN_POINT('',(-21.00010479549,-6.550085933772,
    1.739999890327));
#7266 = DIRECTION('',(4.371140912996E-08,8.742273203022E-08,-1.));
#7267 = DIRECTION('',(-4.371138828674E-08,-1.,-8.742273394091E-08));
#7268 = ADVANCED_FACE('',(#7269),#7294,.T.);
#7269 = FACE_BOUND('',#7270,.T.);
#7270 = EDGE_LOOP('',(#7271,#7279,#7280,#7288));
#7271 = ORIENTED_EDGE('',*,*,#7272,.F.);
#7272 = EDGE_CURVE('',#6507,#7273,#7275,.T.);
#7273 = VERTEX_POINT('',#7274);
#7274 = CARTESIAN_POINT('',(-21.1501048521,-10.84508566494,
    -1.26000049171));
#7275 = LINE('',#7276,#7277);
#7276 = CARTESIAN_POINT('',(-21.15010498324,-10.84508592721,
    1.73999950829));
#7277 = VECTOR('',#7278,1.);
#7278 = DIRECTION('',(4.371140912996E-08,8.742273203022E-08,-1.));
#7279 = ORIENTED_EDGE('',*,*,#6545,.T.);
#7280 = ORIENTED_EDGE('',*,*,#7281,.T.);
#7281 = EDGE_CURVE('',#6329,#7282,#7284,.T.);
#7282 = VERTEX_POINT('',#7283);
#7283 = CARTESIAN_POINT('',(-20.8501048521,-10.84508567806,
    -1.260000478596));
#7284 = LINE('',#7285,#7286);
#7285 = CARTESIAN_POINT('',(-20.85010498324,-10.84508594032,
    1.739999521404));
#7286 = VECTOR('',#7287,1.);
#7287 = DIRECTION('',(4.371140912996E-08,8.742273203022E-08,-1.));
#7288 = ORIENTED_EDGE('',*,*,#7289,.F.);
#7289 = EDGE_CURVE('',#7273,#7282,#7290,.T.);
#7290 = LINE('',#7291,#7292);
#7291 = CARTESIAN_POINT('',(-20.5501048521,-10.84508569117,
    -1.260000465483));
#7292 = VECTOR('',#7293,1.);
#7293 = DIRECTION('',(1.,-4.371139210811E-08,4.371140530859E-08));
#7294 = PLANE('',#7295);
#7295 = AXIS2_PLACEMENT_3D('',#7296,#7297,#7298);
#7296 = CARTESIAN_POINT('',(-21.00010498324,-10.84508593377,
    1.739999514847));
#7297 = DIRECTION('',(4.371138828674E-08,1.,8.742273394091E-08));
#7298 = DIRECTION('',(1.,-4.371139210811E-08,4.371140530859E-08));
#7299 = ADVANCED_FACE('',(#7300),#7318,.F.);
#7300 = FACE_BOUND('',#7301,.T.);
#7301 = EDGE_LOOP('',(#7302,#7310,#7311,#7312));
#7302 = ORIENTED_EDGE('',*,*,#7303,.F.);
#7303 = EDGE_CURVE('',#6435,#7304,#7306,.T.);
#7304 = VERTEX_POINT('',#7305);
#7305 = CARTESIAN_POINT('',(-21.15010486521,-11.14508566494,
    -1.260000517937));
#7306 = LINE('',#7307,#7308);
#7307 = CARTESIAN_POINT('',(-21.15010499635,-11.14508592721,
    1.739999482063));
#7308 = VECTOR('',#7309,1.);
#7309 = DIRECTION('',(4.371140912996E-08,8.742273203022E-08,-1.));
#7310 = ORIENTED_EDGE('',*,*,#6589,.T.);
#7311 = ORIENTED_EDGE('',*,*,#7272,.T.);
#7312 = ORIENTED_EDGE('',*,*,#7313,.T.);
#7313 = EDGE_CURVE('',#7273,#7304,#7314,.T.);
#7314 = LINE('',#7315,#7316);
#7315 = CARTESIAN_POINT('',(-21.15010443356,-1.270085664947,
    -1.259999654637));
#7316 = VECTOR('',#7317,1.);
#7317 = DIRECTION('',(-4.371138837709E-08,-1.,-8.742273394091E-08));
#7318 = PLANE('',#7319);
#7319 = AXIS2_PLACEMENT_3D('',#7320,#7321,#7322);
#7320 = CARTESIAN_POINT('',(-21.15010479549,-6.550085927215,
    1.739999883771));
#7321 = DIRECTION('',(1.,-4.371139219846E-08,4.371140530859E-08));
#7322 = DIRECTION('',(-4.371138837709E-08,-1.,-8.742273394091E-08));
#7323 = ADVANCED_FACE('',(#7324),#7342,.F.);
#7324 = FACE_BOUND('',#7325,.T.);
#7325 = EDGE_LOOP('',(#7326,#7334,#7335,#7336));
#7326 = ORIENTED_EDGE('',*,*,#7327,.F.);
#7327 = EDGE_CURVE('',#6369,#7328,#7330,.T.);
#7328 = VERTEX_POINT('',#7329);
#7329 = CARTESIAN_POINT('',(-20.85010486521,-11.14508567806,
    -1.260000504823));
#7330 = LINE('',#7331,#7332);
#7331 = CARTESIAN_POINT('',(-20.85010499635,-11.14508594032,
    1.739999495177));
#7332 = VECTOR('',#7333,1.);
#7333 = DIRECTION('',(4.371140912996E-08,8.742273203022E-08,-1.));
#7334 = ORIENTED_EDGE('',*,*,#6463,.T.);
#7335 = ORIENTED_EDGE('',*,*,#7303,.T.);
#7336 = ORIENTED_EDGE('',*,*,#7337,.T.);
#7337 = EDGE_CURVE('',#7304,#7328,#7338,.T.);
#7338 = LINE('',#7339,#7340);
#7339 = CARTESIAN_POINT('',(-20.55010486521,-11.14508569117,
    -1.26000049171));
#7340 = VECTOR('',#7341,1.);
#7341 = DIRECTION('',(1.,-4.371139210811E-08,4.371140530859E-08));
#7342 = PLANE('',#7343);
#7343 = AXIS2_PLACEMENT_3D('',#7344,#7345,#7346);
#7344 = CARTESIAN_POINT('',(-21.00010499635,-11.14508593377,
    1.73999948862));
#7345 = DIRECTION('',(4.371138828674E-08,1.,8.742273394091E-08));
#7346 = DIRECTION('',(1.,-4.371139210811E-08,4.371140530859E-08));
#7347 = ADVANCED_FACE('',(#7348),#7359,.T.);
#7348 = FACE_BOUND('',#7349,.T.);
#7349 = EDGE_LOOP('',(#7350,#7351,#7352,#7353));
#7350 = ORIENTED_EDGE('',*,*,#7281,.F.);
#7351 = ORIENTED_EDGE('',*,*,#6397,.T.);
#7352 = ORIENTED_EDGE('',*,*,#7327,.T.);
#7353 = ORIENTED_EDGE('',*,*,#7354,.F.);
#7354 = EDGE_CURVE('',#7282,#7328,#7355,.T.);
#7355 = LINE('',#7356,#7357);
#7356 = CARTESIAN_POINT('',(-20.85010443356,-1.27008567806,
    -1.259999641524));
#7357 = VECTOR('',#7358,1.);
#7358 = DIRECTION('',(-4.371138837709E-08,-1.,-8.742273394091E-08));
#7359 = PLANE('',#7360);
#7360 = AXIS2_PLACEMENT_3D('',#7361,#7362,#7363);
#7361 = CARTESIAN_POINT('',(-20.85010479549,-6.550085940329,
    1.739999896884));
#7362 = DIRECTION('',(1.,-4.371139219846E-08,4.371140530859E-08));
#7363 = DIRECTION('',(-4.371138837709E-08,-1.,-8.742273394091E-08));
#7364 = ADVANCED_FACE('',(#7365),#7371,.F.);
#7365 = FACE_BOUND('',#7366,.T.);
#7366 = EDGE_LOOP('',(#7367,#7368,#7369,#7370));
#7367 = ORIENTED_EDGE('',*,*,#6471,.T.);
#7368 = ORIENTED_EDGE('',*,*,#6359,.T.);
#7369 = ORIENTED_EDGE('',*,*,#6537,.T.);
#7370 = ORIENTED_EDGE('',*,*,#6581,.T.);
#7371 = PLANE('',#7372);
#7372 = AXIS2_PLACEMENT_3D('',#7373,#7374,#7375);
#7373 = CARTESIAN_POINT('',(-21.00010479549,-6.550085933772,
    1.739999890327));
#7374 = DIRECTION('',(4.371140912996E-08,8.742273203022E-08,-1.));
#7375 = DIRECTION('',(-4.371138828674E-08,-1.,-8.742273394091E-08));
#7376 = ADVANCED_FACE('',(#7377),#7402,.T.);
#7377 = FACE_BOUND('',#7378,.T.);
#7378 = EDGE_LOOP('',(#7379,#7387,#7388,#7396));
#7379 = ORIENTED_EDGE('',*,*,#7380,.F.);
#7380 = EDGE_CURVE('',#5323,#7381,#7383,.T.);
#7381 = VERTEX_POINT('',#7382);
#7382 = CARTESIAN_POINT('',(-21.15010463005,-5.765085664947,
    -1.260000047602));
#7383 = LINE('',#7384,#7385);
#7384 = CARTESIAN_POINT('',(-21.15010476118,-5.765085927215,
    1.739999952398));
#7385 = VECTOR('',#7386,1.);
#7386 = DIRECTION('',(4.371140912996E-08,8.742273203022E-08,-1.));
#7387 = ORIENTED_EDGE('',*,*,#5361,.T.);
#7388 = ORIENTED_EDGE('',*,*,#7389,.T.);
#7389 = EDGE_CURVE('',#5145,#7390,#7392,.T.);
#7390 = VERTEX_POINT('',#7391);
#7391 = CARTESIAN_POINT('',(-20.85010463005,-5.76508567806,
    -1.260000034489));
#7392 = LINE('',#7393,#7394);
#7393 = CARTESIAN_POINT('',(-20.85010476118,-5.765085940329,
    1.739999965511));
#7394 = VECTOR('',#7395,1.);
#7395 = DIRECTION('',(4.371140912996E-08,8.742273203022E-08,-1.));
#7396 = ORIENTED_EDGE('',*,*,#7397,.F.);
#7397 = EDGE_CURVE('',#7381,#7390,#7398,.T.);
#7398 = LINE('',#7399,#7400);
#7399 = CARTESIAN_POINT('',(-20.55010463005,-5.765085691174,
    -1.260000021376));
#7400 = VECTOR('',#7401,1.);
#7401 = DIRECTION('',(1.,-4.371139174671E-08,4.371140530859E-08));
#7402 = PLANE('',#7403);
#7403 = AXIS2_PLACEMENT_3D('',#7404,#7405,#7406);
#7404 = CARTESIAN_POINT('',(-21.00010476118,-5.765085933772,
    1.739999958954));
#7405 = DIRECTION('',(4.371138792534E-08,1.,8.742273394091E-08));
#7406 = DIRECTION('',(1.,-4.371139174671E-08,4.371140530859E-08));
#7407 = ADVANCED_FACE('',(#7408),#7426,.F.);
#7408 = FACE_BOUND('',#7409,.T.);
#7409 = EDGE_LOOP('',(#7410,#7418,#7419,#7420));
#7410 = ORIENTED_EDGE('',*,*,#7411,.F.);
#7411 = EDGE_CURVE('',#5251,#7412,#7414,.T.);
#7412 = VERTEX_POINT('',#7413);
#7413 = CARTESIAN_POINT('',(-21.15010464316,-6.065085664947,
    -1.260000073829));
#7414 = LINE('',#7415,#7416);
#7415 = CARTESIAN_POINT('',(-21.15010477429,-6.065085927215,
    1.739999926171));
#7416 = VECTOR('',#7417,1.);
#7417 = DIRECTION('',(4.371140912996E-08,8.742273203022E-08,-1.));
#7418 = ORIENTED_EDGE('',*,*,#5405,.T.);
#7419 = ORIENTED_EDGE('',*,*,#7380,.T.);
#7420 = ORIENTED_EDGE('',*,*,#7421,.T.);
#7421 = EDGE_CURVE('',#7381,#7412,#7422,.T.);
#7422 = LINE('',#7423,#7424);
#7423 = CARTESIAN_POINT('',(-21.15010443356,-1.270085664947,
    -1.259999654637));
#7424 = VECTOR('',#7425,1.);
#7425 = DIRECTION('',(-4.371138837709E-08,-1.,-8.742273394091E-08));
#7426 = PLANE('',#7427);
#7427 = AXIS2_PLACEMENT_3D('',#7428,#7429,#7430);
#7428 = CARTESIAN_POINT('',(-21.15010479549,-6.550085927215,
    1.739999883771));
#7429 = DIRECTION('',(1.,-4.371139219846E-08,4.371140530859E-08));
#7430 = DIRECTION('',(-4.371138837709E-08,-1.,-8.742273394091E-08));
#7431 = ADVANCED_FACE('',(#7432),#7450,.F.);
#7432 = FACE_BOUND('',#7433,.T.);
#7433 = EDGE_LOOP('',(#7434,#7442,#7443,#7444));
#7434 = ORIENTED_EDGE('',*,*,#7435,.F.);
#7435 = EDGE_CURVE('',#5185,#7436,#7438,.T.);
#7436 = VERTEX_POINT('',#7437);
#7437 = CARTESIAN_POINT('',(-20.85010464316,-6.06508567806,
    -1.260000060716));
#7438 = LINE('',#7439,#7440);
#7439 = CARTESIAN_POINT('',(-20.85010477429,-6.065085940329,
    1.739999939284));
#7440 = VECTOR('',#7441,1.);
#7441 = DIRECTION('',(4.371140912996E-08,8.742273203022E-08,-1.));
#7442 = ORIENTED_EDGE('',*,*,#5279,.T.);
#7443 = ORIENTED_EDGE('',*,*,#7411,.T.);
#7444 = ORIENTED_EDGE('',*,*,#7445,.T.);
#7445 = EDGE_CURVE('',#7412,#7436,#7446,.T.);
#7446 = LINE('',#7447,#7448);
#7447 = CARTESIAN_POINT('',(-20.55010464316,-6.065085691174,
    -1.260000047602));
#7448 = VECTOR('',#7449,1.);
#7449 = DIRECTION('',(1.,-4.371139265021E-08,4.371140530859E-08));
#7450 = PLANE('',#7451);
#7451 = AXIS2_PLACEMENT_3D('',#7452,#7453,#7454);
#7452 = CARTESIAN_POINT('',(-21.00010477429,-6.065085933772,
    1.739999932727));
#7453 = DIRECTION('',(4.371138882884E-08,1.,8.742273394091E-08));
#7454 = DIRECTION('',(4.371140912996E-08,8.742273203022E-08,-1.));
#7455 = ADVANCED_FACE('',(#7456),#7467,.T.);
#7456 = FACE_BOUND('',#7457,.T.);
#7457 = EDGE_LOOP('',(#7458,#7459,#7460,#7461));
#7458 = ORIENTED_EDGE('',*,*,#7389,.F.);
#7459 = ORIENTED_EDGE('',*,*,#5213,.T.);
#7460 = ORIENTED_EDGE('',*,*,#7435,.T.);
#7461 = ORIENTED_EDGE('',*,*,#7462,.F.);
#7462 = EDGE_CURVE('',#7390,#7436,#7463,.T.);
#7463 = LINE('',#7464,#7465);
#7464 = CARTESIAN_POINT('',(-20.85010443356,-1.27008567806,
    -1.259999641524));
#7465 = VECTOR('',#7466,1.);
#7466 = DIRECTION('',(-4.371138837709E-08,-1.,-8.742273394091E-08));
#7467 = PLANE('',#7468);
#7468 = AXIS2_PLACEMENT_3D('',#7469,#7470,#7471);
#7469 = CARTESIAN_POINT('',(-20.85010479549,-6.550085940329,
    1.739999896884));
#7470 = DIRECTION('',(1.,-4.371139219846E-08,4.371140530859E-08));
#7471 = DIRECTION('',(-4.371138837709E-08,-1.,-8.742273394091E-08));
#7472 = ADVANCED_FACE('',(#7473),#7479,.F.);
#7473 = FACE_BOUND('',#7474,.T.);
#7474 = EDGE_LOOP('',(#7475,#7476,#7477,#7478));
#7475 = ORIENTED_EDGE('',*,*,#5287,.T.);
#7476 = ORIENTED_EDGE('',*,*,#5175,.T.);
#7477 = ORIENTED_EDGE('',*,*,#5353,.T.);
#7478 = ORIENTED_EDGE('',*,*,#5397,.T.);
#7479 = PLANE('',#7480);
#7480 = AXIS2_PLACEMENT_3D('',#7481,#7482,#7483);
#7481 = CARTESIAN_POINT('',(-21.00010479549,-6.550085933772,
    1.739999890327));
#7482 = DIRECTION('',(4.371140912996E-08,8.742273203022E-08,-1.));
#7483 = DIRECTION('',(-4.371138828674E-08,-1.,-8.742273394091E-08));
#7484 = ADVANCED_FACE('',(#7485),#7521,.F.);
#7485 = FACE_BOUND('',#7486,.F.);
#7486 = EDGE_LOOP('',(#7487,#7497,#7506,#7514));
#7487 = ORIENTED_EDGE('',*,*,#7488,.T.);
#7488 = EDGE_CURVE('',#7489,#7491,#7493,.T.);
#7489 = VERTEX_POINT('',#7490);
#7490 = CARTESIAN_POINT('',(-21.40010443575,-1.320085654019,
    -1.259999669936));
#7491 = VERTEX_POINT('',#7492);
#7492 = CARTESIAN_POINT('',(-21.40010489297,-11.78008565401,
    -1.260000584378));
#7493 = LINE('',#7494,#7495);
#7494 = CARTESIAN_POINT('',(-21.40010489516,-11.83008565401,
    -1.260000588749));
#7495 = VECTOR('',#7496,1.);
#7496 = DIRECTION('',(-4.371138828674E-08,-1.,-8.742273394091E-08));
#7497 = ORIENTED_EDGE('',*,*,#7498,.F.);
#7498 = EDGE_CURVE('',#7499,#7491,#7501,.T.);
#7499 = VERTEX_POINT('',#7500);
#7500 = CARTESIAN_POINT('',(-21.45010489516,-11.7800856562,
    -1.210000586564));
#7501 = CIRCLE('',#7502,5.E-02);
#7502 = AXIS2_PLACEMENT_3D('',#7503,#7504,#7505);
#7503 = CARTESIAN_POINT('',(-21.40010489516,-11.78008565839,
    -1.210000584378));
#7504 = DIRECTION('',(-4.371138828674E-08,-1.,-8.742273394091E-08));
#7505 = DIRECTION('',(1.,-4.371139210811E-08,4.371140530859E-08));
#7506 = ORIENTED_EDGE('',*,*,#7507,.T.);
#7507 = EDGE_CURVE('',#7499,#7508,#7510,.T.);
#7508 = VERTEX_POINT('',#7509);
#7509 = CARTESIAN_POINT('',(-21.45010443794,-1.320085656205,
    -1.209999672122));
#7510 = LINE('',#7511,#7512);
#7511 = CARTESIAN_POINT('',(-21.45010443575,-1.270085656205,
    -1.209999667751));
#7512 = VECTOR('',#7513,1.);
#7513 = DIRECTION('',(4.371138828674E-08,1.,8.742273394091E-08));
#7514 = ORIENTED_EDGE('',*,*,#7515,.F.);
#7515 = EDGE_CURVE('',#7489,#7508,#7516,.T.);
#7516 = CIRCLE('',#7517,5.E-02);
#7517 = AXIS2_PLACEMENT_3D('',#7518,#7519,#7520);
#7518 = CARTESIAN_POINT('',(-21.40010443794,-1.32008565839,
    -1.209999669936));
#7519 = DIRECTION('',(4.371138828674E-08,1.,8.742273394091E-08));
#7520 = DIRECTION('',(-1.,4.371139210811E-08,-4.371140530859E-08));
#7521 = CYLINDRICAL_SURFACE('',#7522,5.E-02);
#7522 = AXIS2_PLACEMENT_3D('',#7523,#7524,#7525);
#7523 = CARTESIAN_POINT('',(-21.40010443575,-1.27008565839,
    -1.209999665565));
#7524 = DIRECTION('',(4.371138828674E-08,1.,8.742273394091E-08));
#7525 = DIRECTION('',(1.,-4.371139210811E-08,4.371140530859E-08));
#7526 = ADVANCED_FACE('',(#7527),#7545,.T.);
#7527 = FACE_BOUND('',#7528,.T.);
#7528 = EDGE_LOOP('',(#7529,#7530,#7537,#7538));
#7529 = ORIENTED_EDGE('',*,*,#4131,.T.);
#7530 = ORIENTED_EDGE('',*,*,#7531,.T.);
#7531 = EDGE_CURVE('',#4124,#7491,#7532,.T.);
#7532 = CIRCLE('',#7533,5.E-02);
#7533 = AXIS2_PLACEMENT_3D('',#7534,#7535,#7536);
#7534 = CARTESIAN_POINT('',(-21.40010489079,-11.78008564964,
    -1.310000584378));
#7535 = DIRECTION('',(-1.,4.371139210811E-08,-4.371140530859E-08));
#7536 = DIRECTION('',(4.371138828674E-08,1.,8.742273394091E-08));
#7537 = ORIENTED_EDGE('',*,*,#7498,.F.);
#7538 = ORIENTED_EDGE('',*,*,#7539,.T.);
#7539 = EDGE_CURVE('',#7499,#4132,#7540,.T.);
#7540 = CIRCLE('',#7541,5.E-02);
#7541 = AXIS2_PLACEMENT_3D('',#7542,#7543,#7544);
#7542 = CARTESIAN_POINT('',(-21.50010489516,-11.78008565401,
    -1.210000588749));
#7543 = DIRECTION('',(4.371140912996E-08,8.742273203022E-08,-1.));
#7544 = DIRECTION('',(1.,-4.371139210811E-08,4.371140530859E-08));
#7545 = TOROIDAL_SURFACE('',#7546,0.1,5.E-02);
#7546 = AXIS2_PLACEMENT_3D('',#7547,#7548,#7549);
#7547 = CARTESIAN_POINT('',(-21.40010489516,-11.78008565839,
    -1.210000584378));
#7548 = DIRECTION('',(4.371138828674E-08,1.,8.742273394091E-08));
#7549 = DIRECTION('',(1.,-4.371139210811E-08,4.371140530859E-08));
#7550 = ADVANCED_FACE('',(#7551),#7569,.T.);
#7551 = FACE_BOUND('',#7552,.T.);
#7552 = EDGE_LOOP('',(#7553,#7554,#7561,#7562));
#7553 = ORIENTED_EDGE('',*,*,#4208,.T.);
#7554 = ORIENTED_EDGE('',*,*,#7555,.T.);
#7555 = EDGE_CURVE('',#4201,#7508,#7556,.T.);
#7556 = CIRCLE('',#7557,5.E-02);
#7557 = AXIS2_PLACEMENT_3D('',#7558,#7559,#7560);
#7558 = CARTESIAN_POINT('',(-21.50010443794,-1.320085654019,
    -1.209999674307));
#7559 = DIRECTION('',(4.371140912996E-08,8.742273203022E-08,-1.));
#7560 = DIRECTION('',(1.,-4.371139210811E-08,4.371140530859E-08));
#7561 = ORIENTED_EDGE('',*,*,#7515,.F.);
#7562 = ORIENTED_EDGE('',*,*,#7563,.T.);
#7563 = EDGE_CURVE('',#7489,#4209,#7564,.T.);
#7564 = CIRCLE('',#7565,5.E-02);
#7565 = AXIS2_PLACEMENT_3D('',#7566,#7567,#7568);
#7566 = CARTESIAN_POINT('',(-21.40010443356,-1.320085649648,
    -1.309999669936));
#7567 = DIRECTION('',(-1.,4.371139210811E-08,-4.371140530859E-08));
#7568 = DIRECTION('',(4.371138828674E-08,1.,8.742273394091E-08));
#7569 = TOROIDAL_SURFACE('',#7570,0.1,5.E-02);
#7570 = AXIS2_PLACEMENT_3D('',#7571,#7572,#7573);
#7571 = CARTESIAN_POINT('',(-21.40010443794,-1.32008565839,
    -1.209999669936));
#7572 = DIRECTION('',(-4.371138828674E-08,-1.,-8.742273394091E-08));
#7573 = DIRECTION('',(-1.,4.371139210811E-08,-4.371140530859E-08));
#7574 = ADVANCED_FACE('',(#7575),#7594,.T.);
#7575 = FACE_BOUND('',#7576,.T.);
#7576 = EDGE_LOOP('',(#7577,#7586,#7587,#7588));
#7577 = ORIENTED_EDGE('',*,*,#7578,.T.);
#7578 = EDGE_CURVE('',#7579,#4141,#7581,.T.);
#7579 = VERTEX_POINT('',#7580);
#7580 = CARTESIAN_POINT('',(-21.4501049039,-11.78008567368,
    -1.010000586564));
#7581 = ( BOUNDED_CURVE() B_SPLINE_CURVE(3,(#7582,#7583,#7584,#7585),
.UNSPECIFIED.,.F.,.F.) B_SPLINE_CURVE_WITH_KNOTS((4,4),(0.,
1.570796326795),.PIECEWISE_BEZIER_KNOTS.) CURVE() 
GEOMETRIC_REPRESENTATION_ITEM() RATIONAL_B_SPLINE_CURVE((1.,
0.804737854124,0.804737854124,1.)) REPRESENTATION_ITEM('') );
#7582 = CARTESIAN_POINT('',(-21.4501049039,-11.78008567368,
    -1.010000586564));
#7583 = CARTESIAN_POINT('',(-21.45010490518,-11.80937499557,
    -1.010000589124));
#7584 = CARTESIAN_POINT('',(-21.4708155833,-11.83008567097,
    -1.030711269959));
#7585 = CARTESIAN_POINT('',(-21.5001049039,-11.83008566713,
    -1.06000059312));
#7586 = ORIENTED_EDGE('',*,*,#4140,.F.);
#7587 = ORIENTED_EDGE('',*,*,#7539,.F.);
#7588 = ORIENTED_EDGE('',*,*,#7589,.F.);
#7589 = EDGE_CURVE('',#7579,#7499,#7590,.T.);
#7590 = LINE('',#7591,#7592);
#7591 = CARTESIAN_POINT('',(-21.4501049039,-11.78008567368,
    -1.010000586564));
#7592 = VECTOR('',#7593,1.);
#7593 = DIRECTION('',(4.371140912996E-08,8.742273203022E-08,-1.));
#7594 = CYLINDRICAL_SURFACE('',#7595,5.E-02);
#7595 = AXIS2_PLACEMENT_3D('',#7596,#7597,#7598);
#7596 = CARTESIAN_POINT('',(-21.50010482959,-11.78008552288,
    -2.710000588749));
#7597 = DIRECTION('',(-4.371140912996E-08,-8.742273203022E-08,1.));
#7598 = DIRECTION('',(-1.,4.371139210811E-08,-4.371140530859E-08));
#7599 = ADVANCED_FACE('',(#7600),#7619,.T.);
#7600 = FACE_BOUND('',#7601,.T.);
#7601 = EDGE_LOOP('',(#7602,#7611,#7617,#7618));
#7602 = ORIENTED_EDGE('',*,*,#7603,.T.);
#7603 = EDGE_CURVE('',#4115,#7604,#7606,.T.);
#7604 = VERTEX_POINT('',#7605);
#7605 = CARTESIAN_POINT('',(-20.60010489297,-11.78008568898,
    -1.260000549409));
#7606 = CIRCLE('',#7607,5.E-02);
#7607 = AXIS2_PLACEMENT_3D('',#7608,#7609,#7610);
#7608 = CARTESIAN_POINT('',(-20.60010489079,-11.78008568461,
    -1.310000549409));
#7609 = DIRECTION('',(-1.,4.371139210811E-08,-4.371140530859E-08));
#7610 = DIRECTION('',(-4.371138828674E-08,-1.,-8.742273394091E-08));
#7611 = ORIENTED_EDGE('',*,*,#7612,.F.);
#7612 = EDGE_CURVE('',#7491,#7604,#7613,.T.);
#7613 = LINE('',#7614,#7615);
#7614 = CARTESIAN_POINT('',(-20.55010489297,-11.78008569117,
    -1.260000547223));
#7615 = VECTOR('',#7616,1.);
#7616 = DIRECTION('',(1.,-4.371139210811E-08,4.371140530859E-08));
#7617 = ORIENTED_EDGE('',*,*,#7531,.F.);
#7618 = ORIENTED_EDGE('',*,*,#4123,.F.);
#7619 = CYLINDRICAL_SURFACE('',#7620,5.E-02);
#7620 = AXIS2_PLACEMENT_3D('',#7621,#7622,#7623);
#7621 = CARTESIAN_POINT('',(-21.90010489079,-11.78008562779,
    -1.310000606234));
#7622 = DIRECTION('',(-1.,4.371139210811E-08,-4.371140530859E-08));
#7623 = DIRECTION('',(4.371138828674E-08,1.,8.742273394091E-08));
#7624 = ADVANCED_FACE('',(#7625),#7644,.T.);
#7625 = FACE_BOUND('',#7626,.T.);
#7626 = EDGE_LOOP('',(#7627,#7636,#7637,#7638));
#7627 = ORIENTED_EDGE('',*,*,#7628,.T.);
#7628 = EDGE_CURVE('',#7629,#4218,#7631,.T.);
#7629 = VERTEX_POINT('',#7630);
#7630 = CARTESIAN_POINT('',(-20.60010443575,-1.320085688988,
    -1.259999634967));
#7631 = CIRCLE('',#7632,5.E-02);
#7632 = AXIS2_PLACEMENT_3D('',#7633,#7634,#7635);
#7633 = CARTESIAN_POINT('',(-20.60010443356,-1.320085684617,
    -1.309999634967));
#7634 = DIRECTION('',(-1.,4.371139210811E-08,-4.371140530859E-08));
#7635 = DIRECTION('',(-4.371138828674E-08,-1.,-8.742273394091E-08));
#7636 = ORIENTED_EDGE('',*,*,#4217,.F.);
#7637 = ORIENTED_EDGE('',*,*,#7563,.F.);
#7638 = ORIENTED_EDGE('',*,*,#7639,.F.);
#7639 = EDGE_CURVE('',#7629,#7489,#7640,.T.);
#7640 = LINE('',#7641,#7642);
#7641 = CARTESIAN_POINT('',(-20.55010443575,-1.320085691174,
    -1.259999632782));
#7642 = VECTOR('',#7643,1.);
#7643 = DIRECTION('',(-1.,4.371139210811E-08,-4.371140530859E-08));
#7644 = CYLINDRICAL_SURFACE('',#7645,5.E-02);
#7645 = AXIS2_PLACEMENT_3D('',#7646,#7647,#7648);
#7646 = CARTESIAN_POINT('',(-21.90010443356,-1.320085627792,
    -1.309999691792));
#7647 = DIRECTION('',(1.,-4.371139210811E-08,4.371140530859E-08));
#7648 = DIRECTION('',(-4.371138828674E-08,-1.,-8.742273394091E-08));
#7649 = ADVANCED_FACE('',(#7650),#7669,.T.);
#7650 = FACE_BOUND('',#7651,.T.);
#7651 = EDGE_LOOP('',(#7652,#7661,#7667,#7668));
#7652 = ORIENTED_EDGE('',*,*,#7653,.T.);
#7653 = EDGE_CURVE('',#4193,#7654,#7656,.T.);
#7654 = VERTEX_POINT('',#7655);
#7655 = CARTESIAN_POINT('',(-21.45010444668,-1.320085673689,
    -1.009999672122));
#7656 = ( BOUNDED_CURVE() B_SPLINE_CURVE(3,(#7657,#7658,#7659,#7660),
.UNSPECIFIED.,.F.,.F.) B_SPLINE_CURVE_WITH_KNOTS((4,4),(4.712388980385,
6.28318530718),.PIECEWISE_BEZIER_KNOTS.) CURVE() 
GEOMETRIC_REPRESENTATION_ITEM() RATIONAL_B_SPLINE_CURVE((1.,
0.804737854124,0.804737854124,1.)) REPRESENTATION_ITEM('') );
#7657 = CARTESIAN_POINT('',(-21.50010444231,-1.270085667133,
    -1.059999669936));
#7658 = CARTESIAN_POINT('',(-21.47081512171,-1.270085670973,
    -1.030710346775));
#7659 = CARTESIAN_POINT('',(-21.4501044454,-1.290796351808,
    -1.009999669561));
#7660 = CARTESIAN_POINT('',(-21.45010444668,-1.320085673689,
    -1.009999672122));
#7661 = ORIENTED_EDGE('',*,*,#7662,.F.);
#7662 = EDGE_CURVE('',#7508,#7654,#7663,.T.);
#7663 = LINE('',#7664,#7665);
#7664 = CARTESIAN_POINT('',(-21.45010444668,-1.320085673689,
    -1.009999672122));
#7665 = VECTOR('',#7666,1.);
#7666 = DIRECTION('',(-4.371140912996E-08,-8.742273203022E-08,1.));
#7667 = ORIENTED_EDGE('',*,*,#7555,.F.);
#7668 = ORIENTED_EDGE('',*,*,#4200,.F.);
#7669 = CYLINDRICAL_SURFACE('',#7670,5.E-02);
#7670 = AXIS2_PLACEMENT_3D('',#7671,#7672,#7673);
#7671 = CARTESIAN_POINT('',(-21.50010437237,-1.320085522885,
    -2.709999674307));
#7672 = DIRECTION('',(4.371140912996E-08,8.742273203022E-08,-1.));
#7673 = DIRECTION('',(1.,-4.371139210811E-08,4.371140530859E-08));
#7674 = ADVANCED_FACE('',(#7675),#7694,.T.);
#7675 = FACE_BOUND('',#7676,.T.);
#7676 = EDGE_LOOP('',(#7677,#7686,#7687,#7688));
#7677 = ORIENTED_EDGE('',*,*,#7678,.T.);
#7678 = EDGE_CURVE('',#7679,#3920,#7681,.T.);
#7679 = VERTEX_POINT('',#7680);
#7680 = CARTESIAN_POINT('',(-21.8501049039,-11.7800856562,
    -1.010000604048));
#7681 = CIRCLE('',#7682,5.E-02);
#7682 = AXIS2_PLACEMENT_3D('',#7683,#7684,#7685);
#7683 = CARTESIAN_POINT('',(-21.85010490171,-11.78008565183,
    -1.060000604048));
#7684 = DIRECTION('',(1.,-4.371139210811E-08,4.371140530859E-08));
#7685 = DIRECTION('',(4.371138828674E-08,1.,8.742273394091E-08));
#7686 = ORIENTED_EDGE('',*,*,#4148,.F.);
#7687 = ORIENTED_EDGE('',*,*,#7578,.F.);
#7688 = ORIENTED_EDGE('',*,*,#7689,.F.);
#7689 = EDGE_CURVE('',#7679,#7579,#7690,.T.);
#7690 = LINE('',#7691,#7692);
#7691 = CARTESIAN_POINT('',(-21.0001049039,-11.78008569335,
    -1.010000566893));
#7692 = VECTOR('',#7693,1.);
#7693 = DIRECTION('',(1.,-4.371139210811E-08,4.371140530859E-08));
#7694 = CYLINDRICAL_SURFACE('',#7695,5.E-02);
#7695 = AXIS2_PLACEMENT_3D('',#7696,#7697,#7698);
#7696 = CARTESIAN_POINT('',(-21.90010490171,-11.78008564964,
    -1.060000606234));
#7697 = DIRECTION('',(-1.,4.371139210811E-08,-4.371140530859E-08));
#7698 = DIRECTION('',(4.371138828674E-08,1.,8.742273394091E-08));
#7699 = ADVANCED_FACE('',(#7700),#7720,.T.);
#7700 = FACE_BOUND('',#7701,.T.);
#7701 = EDGE_LOOP('',(#7702,#7711,#7718,#7719));
#7702 = ORIENTED_EDGE('',*,*,#7703,.T.);
#7703 = EDGE_CURVE('',#4107,#7704,#7706,.T.);
#7704 = VERTEX_POINT('',#7705);
#7705 = CARTESIAN_POINT('',(-20.55010489516,-11.78008569554,
    -1.210000547223));
#7706 = CIRCLE('',#7707,5.E-02);
#7707 = AXIS2_PLACEMENT_3D('',#7708,#7709,#7710);
#7708 = CARTESIAN_POINT('',(-20.50010489516,-11.78008569773,
    -1.210000545038));
#7709 = DIRECTION('',(4.371140912996E-08,8.742273203022E-08,-1.));
#7710 = DIRECTION('',(1.,-4.371139210811E-08,4.371140530859E-08));
#7711 = ORIENTED_EDGE('',*,*,#7712,.T.);
#7712 = EDGE_CURVE('',#7704,#7604,#7713,.T.);
#7713 = CIRCLE('',#7714,5.E-02);
#7714 = AXIS2_PLACEMENT_3D('',#7715,#7716,#7717);
#7715 = CARTESIAN_POINT('',(-20.60010489516,-11.78008569335,
    -1.210000549409));
#7716 = DIRECTION('',(4.371138828674E-08,1.,8.742273394091E-08));
#7717 = DIRECTION('',(1.,-4.371139210811E-08,4.371140530859E-08));
#7718 = ORIENTED_EDGE('',*,*,#7603,.F.);
#7719 = ORIENTED_EDGE('',*,*,#4114,.T.);
#7720 = TOROIDAL_SURFACE('',#7721,0.1,5.E-02);
#7721 = AXIS2_PLACEMENT_3D('',#7722,#7723,#7724);
#7722 = CARTESIAN_POINT('',(-20.60010489516,-11.78008569335,
    -1.210000549409));
#7723 = DIRECTION('',(4.371138828674E-08,1.,8.742273394091E-08));
#7724 = DIRECTION('',(1.,-4.371139210811E-08,4.371140530859E-08));
#7725 = ADVANCED_FACE('',(#7726),#7746,.T.);
#7726 = FACE_BOUND('',#7727,.T.);
#7727 = EDGE_LOOP('',(#7728,#7737,#7738,#7739));
#7728 = ORIENTED_EDGE('',*,*,#7729,.T.);
#7729 = EDGE_CURVE('',#7730,#4226,#7732,.T.);
#7730 = VERTEX_POINT('',#7731);
#7731 = CARTESIAN_POINT('',(-20.55010443794,-1.320085695545,
    -1.209999632782));
#7732 = CIRCLE('',#7733,5.E-02);
#7733 = AXIS2_PLACEMENT_3D('',#7734,#7735,#7736);
#7734 = CARTESIAN_POINT('',(-20.50010443794,-1.320085697731,
    -1.209999630596));
#7735 = DIRECTION('',(4.371140912996E-08,8.742273203022E-08,-1.));
#7736 = DIRECTION('',(1.,-4.371139210811E-08,4.371140530859E-08));
#7737 = ORIENTED_EDGE('',*,*,#4225,.T.);
#7738 = ORIENTED_EDGE('',*,*,#7628,.F.);
#7739 = ORIENTED_EDGE('',*,*,#7740,.T.);
#7740 = EDGE_CURVE('',#7629,#7730,#7741,.T.);
#7741 = CIRCLE('',#7742,5.E-02);
#7742 = AXIS2_PLACEMENT_3D('',#7743,#7744,#7745);
#7743 = CARTESIAN_POINT('',(-20.60010443794,-1.320085693359,
    -1.209999634967));
#7744 = DIRECTION('',(-4.371138828674E-08,-1.,-8.742273394091E-08));
#7745 = DIRECTION('',(-1.,4.371139210811E-08,-4.371140530859E-08));
#7746 = TOROIDAL_SURFACE('',#7747,0.1,5.E-02);
#7747 = AXIS2_PLACEMENT_3D('',#7748,#7749,#7750);
#7748 = CARTESIAN_POINT('',(-20.60010443794,-1.320085693359,
    -1.209999634967));
#7749 = DIRECTION('',(-4.371138828674E-08,-1.,-8.742273394091E-08));
#7750 = DIRECTION('',(-1.,4.371139210811E-08,-4.371140530859E-08));
#7751 = ADVANCED_FACE('',(#7752),#7771,.T.);
#7752 = FACE_BOUND('',#7753,.T.);
#7753 = EDGE_LOOP('',(#7754,#7763,#7769,#7770));
#7754 = ORIENTED_EDGE('',*,*,#7755,.T.);
#7755 = EDGE_CURVE('',#3945,#7756,#7758,.T.);
#7756 = VERTEX_POINT('',#7757);
#7757 = CARTESIAN_POINT('',(-21.85010444668,-1.320085656205,
    -1.009999689606));
#7758 = CIRCLE('',#7759,5.E-02);
#7759 = AXIS2_PLACEMENT_3D('',#7760,#7761,#7762);
#7760 = CARTESIAN_POINT('',(-21.85010444449,-1.320085651834,
    -1.059999689606));
#7761 = DIRECTION('',(1.,-4.371139210811E-08,4.371140530859E-08));
#7762 = DIRECTION('',(4.371138828674E-08,1.,8.742273570274E-08));
#7763 = ORIENTED_EDGE('',*,*,#7764,.F.);
#7764 = EDGE_CURVE('',#7654,#7756,#7765,.T.);
#7765 = LINE('',#7766,#7767);
#7766 = CARTESIAN_POINT('',(-21.00010444668,-1.320085693359,
    -1.009999652452));
#7767 = VECTOR('',#7768,1.);
#7768 = DIRECTION('',(-1.,4.371139210811E-08,-4.371140530859E-08));
#7769 = ORIENTED_EDGE('',*,*,#7653,.F.);
#7770 = ORIENTED_EDGE('',*,*,#4192,.F.);
#7771 = CYLINDRICAL_SURFACE('',#7772,5.E-02);
#7772 = AXIS2_PLACEMENT_3D('',#7773,#7774,#7775);
#7773 = CARTESIAN_POINT('',(-21.90010444449,-1.320085649648,
    -1.059999691792));
#7774 = DIRECTION('',(1.,-4.371139210811E-08,4.371140530859E-08));
#7775 = DIRECTION('',(-4.371138828674E-08,-1.,-8.742273394091E-08));
#7776 = ADVANCED_FACE('',(#7777),#7788,.T.);
#7777 = FACE_BOUND('',#7778,.T.);
#7778 = EDGE_LOOP('',(#7779,#7786,#7787));
#7779 = ORIENTED_EDGE('',*,*,#7780,.T.);
#7780 = EDGE_CURVE('',#7679,#3903,#7781,.T.);
#7781 = CIRCLE('',#7782,5.E-02);
#7782 = AXIS2_PLACEMENT_3D('',#7783,#7784,#7785);
#7783 = CARTESIAN_POINT('',(-21.85010490171,-11.78008565183,
    -1.060000604048));
#7784 = DIRECTION('',(-4.371138828674E-08,-1.,-8.742273394091E-08));
#7785 = DIRECTION('',(-1.,4.371139210811E-08,-4.371140530859E-08));
#7786 = ORIENTED_EDGE('',*,*,#3927,.T.);
#7787 = ORIENTED_EDGE('',*,*,#7678,.F.);
#7788 = SPHERICAL_SURFACE('',#7789,5.E-02);
#7789 = AXIS2_PLACEMENT_3D('',#7790,#7791,#7792);
#7790 = CARTESIAN_POINT('',(-21.85010490171,-11.78008565183,
    -1.060000604048));
#7791 = DIRECTION('',(-1.,4.371139210811E-08,-4.371140530859E-08));
#7792 = DIRECTION('',(-4.371138828674E-08,-1.,-8.742273394091E-08));
#7793 = ADVANCED_FACE('',(#7794),#7813,.T.);
#7794 = FACE_BOUND('',#7795,.T.);
#7795 = EDGE_LOOP('',(#7796,#7805,#7811,#7812));
#7796 = ORIENTED_EDGE('',*,*,#7797,.T.);
#7797 = EDGE_CURVE('',#4099,#7798,#7800,.T.);
#7798 = VERTEX_POINT('',#7799);
#7799 = CARTESIAN_POINT('',(-20.5501049039,-11.78008571302,
    -1.010000547223));
#7800 = ( BOUNDED_CURVE() B_SPLINE_CURVE(3,(#7801,#7802,#7803,#7804),
.UNSPECIFIED.,.F.,.F.) B_SPLINE_CURVE_WITH_KNOTS((4,4),(4.712388980385,
6.28318530718),.PIECEWISE_BEZIER_KNOTS.) CURVE() 
GEOMETRIC_REPRESENTATION_ITEM() RATIONAL_B_SPLINE_CURVE((1.,
0.804737854124,0.804737854124,1.)) REPRESENTATION_ITEM('') );
#7801 = CARTESIAN_POINT('',(-20.5001049039,-11.83008571084,
    -1.060000549409));
#7802 = CARTESIAN_POINT('',(-20.52939422706,-11.83008571212,
    -1.030711228808));
#7803 = CARTESIAN_POINT('',(-20.55010490518,-11.80937503491,
    -1.010000549784));
#7804 = CARTESIAN_POINT('',(-20.5501049039,-11.78008571302,
    -1.010000547223));
#7805 = ORIENTED_EDGE('',*,*,#7806,.F.);
#7806 = EDGE_CURVE('',#7704,#7798,#7807,.T.);
#7807 = LINE('',#7808,#7809);
#7808 = CARTESIAN_POINT('',(-20.5501049039,-11.78008571302,
    -1.010000547223));
#7809 = VECTOR('',#7810,1.);
#7810 = DIRECTION('',(-4.371140912996E-08,-8.742273203022E-08,1.));
#7811 = ORIENTED_EDGE('',*,*,#7703,.F.);
#7812 = ORIENTED_EDGE('',*,*,#4106,.F.);
#7813 = CYLINDRICAL_SURFACE('',#7814,5.E-02);
#7814 = AXIS2_PLACEMENT_3D('',#7815,#7816,#7817);
#7815 = CARTESIAN_POINT('',(-20.50010482959,-11.78008556659,
    -2.710000545038));
#7816 = DIRECTION('',(4.371140912996E-08,8.742273203022E-08,-1.));
#7817 = DIRECTION('',(1.,-4.371139210811E-08,4.371140530859E-08));
#7818 = ADVANCED_FACE('',(#7819),#7835,.F.);
#7819 = FACE_BOUND('',#7820,.F.);
#7820 = EDGE_LOOP('',(#7821,#7827,#7828,#7834));
#7821 = ORIENTED_EDGE('',*,*,#7822,.T.);
#7822 = EDGE_CURVE('',#7604,#7629,#7823,.T.);
#7823 = LINE('',#7824,#7825);
#7824 = CARTESIAN_POINT('',(-20.60010443356,-1.270085688988,
    -1.259999630596));
#7825 = VECTOR('',#7826,1.);
#7826 = DIRECTION('',(4.371138828674E-08,1.,8.742273394091E-08));
#7827 = ORIENTED_EDGE('',*,*,#7740,.T.);
#7828 = ORIENTED_EDGE('',*,*,#7829,.T.);
#7829 = EDGE_CURVE('',#7730,#7704,#7830,.T.);
#7830 = LINE('',#7831,#7832);
#7831 = CARTESIAN_POINT('',(-20.55010489734,-11.83008569554,
    -1.210000551594));
#7832 = VECTOR('',#7833,1.);
#7833 = DIRECTION('',(-4.371138828674E-08,-1.,-8.742273394091E-08));
#7834 = ORIENTED_EDGE('',*,*,#7712,.T.);
#7835 = CYLINDRICAL_SURFACE('',#7836,5.E-02);
#7836 = AXIS2_PLACEMENT_3D('',#7837,#7838,#7839);
#7837 = CARTESIAN_POINT('',(-20.60010443575,-1.270085693359,
    -1.209999630596));
#7838 = DIRECTION('',(4.371138828674E-08,1.,8.742273394091E-08));
#7839 = DIRECTION('',(1.,-4.371139210811E-08,4.371140530859E-08));
#7840 = ADVANCED_FACE('',(#7841),#7860,.T.);
#7841 = FACE_BOUND('',#7842,.T.);
#7842 = EDGE_LOOP('',(#7843,#7852,#7853,#7854));
#7843 = ORIENTED_EDGE('',*,*,#7844,.T.);
#7844 = EDGE_CURVE('',#7845,#4235,#7847,.T.);
#7845 = VERTEX_POINT('',#7846);
#7846 = CARTESIAN_POINT('',(-20.55010444668,-1.32008571303,
    -1.009999632782));
#7847 = ( BOUNDED_CURVE() B_SPLINE_CURVE(3,(#7848,#7849,#7850,#7851),
.UNSPECIFIED.,.F.,.F.) B_SPLINE_CURVE_WITH_KNOTS((4,4),(0.,
1.570796326795),.PIECEWISE_BEZIER_KNOTS.) CURVE() 
GEOMETRIC_REPRESENTATION_ITEM() RATIONAL_B_SPLINE_CURVE((1.,
0.804737854124,0.804737854124,1.)) REPRESENTATION_ITEM('') );
#7848 = CARTESIAN_POINT('',(-20.55010444668,-1.32008571303,
    -1.009999632782));
#7849 = CARTESIAN_POINT('',(-20.5501044454,-1.290796391148,
    -1.009999630221));
#7850 = CARTESIAN_POINT('',(-20.52939376547,-1.270085712124,
    -1.030710305624));
#7851 = CARTESIAN_POINT('',(-20.50010444231,-1.270085710844,
    -1.059999626225));
#7852 = ORIENTED_EDGE('',*,*,#4234,.F.);
#7853 = ORIENTED_EDGE('',*,*,#7729,.F.);
#7854 = ORIENTED_EDGE('',*,*,#7855,.F.);
#7855 = EDGE_CURVE('',#7845,#7730,#7856,.T.);
#7856 = LINE('',#7857,#7858);
#7857 = CARTESIAN_POINT('',(-20.55010444668,-1.32008571303,
    -1.009999632782));
#7858 = VECTOR('',#7859,1.);
#7859 = DIRECTION('',(4.371140912996E-08,8.742273203022E-08,-1.));
#7860 = CYLINDRICAL_SURFACE('',#7861,5.E-02);
#7861 = AXIS2_PLACEMENT_3D('',#7862,#7863,#7864);
#7862 = CARTESIAN_POINT('',(-20.50010437237,-1.320085566596,
    -2.709999630596));
#7863 = DIRECTION('',(-4.371140912996E-08,-8.742273203022E-08,1.));
#7864 = DIRECTION('',(-1.,4.371139210811E-08,-4.371140530859E-08));
#7865 = ADVANCED_FACE('',(#7866),#7877,.T.);
#7866 = FACE_BOUND('',#7867,.T.);
#7867 = EDGE_LOOP('',(#7868,#7869,#7876));
#7868 = ORIENTED_EDGE('',*,*,#3969,.T.);
#7869 = ORIENTED_EDGE('',*,*,#7870,.T.);
#7870 = EDGE_CURVE('',#3962,#7756,#7871,.T.);
#7871 = CIRCLE('',#7872,5.E-02);
#7872 = AXIS2_PLACEMENT_3D('',#7873,#7874,#7875);
#7873 = CARTESIAN_POINT('',(-21.85010444449,-1.320085651834,
    -1.059999689606));
#7874 = DIRECTION('',(4.371138828674E-08,1.,8.742273394091E-08));
#7875 = DIRECTION('',(1.,-4.371139210811E-08,4.371140530859E-08));
#7876 = ORIENTED_EDGE('',*,*,#7755,.F.);
#7877 = SPHERICAL_SURFACE('',#7878,5.E-02);
#7878 = AXIS2_PLACEMENT_3D('',#7879,#7880,#7881);
#7879 = CARTESIAN_POINT('',(-21.85010444449,-1.320085651834,
    -1.059999689606));
#7880 = DIRECTION('',(-1.,4.371139210811E-08,-4.371140530859E-08));
#7881 = DIRECTION('',(-4.371138828674E-08,-1.,-8.742273394091E-08));
#7882 = ADVANCED_FACE('',(#7883),#7894,.T.);
#7883 = FACE_BOUND('',#7884,.T.);
#7884 = EDGE_LOOP('',(#7885,#7886,#7887,#7888));
#7885 = ORIENTED_EDGE('',*,*,#7870,.F.);
#7886 = ORIENTED_EDGE('',*,*,#4076,.F.);
#7887 = ORIENTED_EDGE('',*,*,#7780,.F.);
#7888 = ORIENTED_EDGE('',*,*,#7889,.F.);
#7889 = EDGE_CURVE('',#7756,#7679,#7890,.T.);
#7890 = LINE('',#7891,#7892);
#7891 = CARTESIAN_POINT('',(-21.85010467529,-6.550085656205,
    -1.010000146827));
#7892 = VECTOR('',#7893,1.);
#7893 = DIRECTION('',(-4.371138828674E-08,-1.,-8.742273394091E-08));
#7894 = CYLINDRICAL_SURFACE('',#7895,5.E-02);
#7895 = AXIS2_PLACEMENT_3D('',#7896,#7897,#7898);
#7896 = CARTESIAN_POINT('',(-21.85010444231,-1.270085651834,
    -1.059999685235));
#7897 = DIRECTION('',(4.371138828674E-08,1.,8.742273394091E-08));
#7898 = DIRECTION('',(1.,-4.371139210811E-08,4.371140530859E-08));
#7899 = ADVANCED_FACE('',(#7900),#7919,.T.);
#7900 = FACE_BOUND('',#7901,.T.);
#7901 = EDGE_LOOP('',(#7902,#7911,#7917,#7918));
#7902 = ORIENTED_EDGE('',*,*,#7903,.T.);
#7903 = EDGE_CURVE('',#3987,#7904,#7906,.T.);
#7904 = VERTEX_POINT('',#7905);
#7905 = CARTESIAN_POINT('',(-20.1501049039,-11.78008573051,
    -1.010000529739));
#7906 = CIRCLE('',#7907,5.E-02);
#7907 = AXIS2_PLACEMENT_3D('',#7908,#7909,#7910);
#7908 = CARTESIAN_POINT('',(-20.15010490171,-11.78008572614,
    -1.060000529739));
#7909 = DIRECTION('',(-1.,4.371139644492E-08,-4.371140530859E-08));
#7910 = DIRECTION('',(-4.371139262355E-08,-1.,-8.742273217908E-08));
#7911 = ORIENTED_EDGE('',*,*,#7912,.F.);
#7912 = EDGE_CURVE('',#7798,#7904,#7913,.T.);
#7913 = LINE('',#7914,#7915);
#7914 = CARTESIAN_POINT('',(-21.0001049039,-11.78008569335,
    -1.010000566893));
#7915 = VECTOR('',#7916,1.);
#7916 = DIRECTION('',(1.,-4.371139210811E-08,4.371140530859E-08));
#7917 = ORIENTED_EDGE('',*,*,#7797,.F.);
#7918 = ORIENTED_EDGE('',*,*,#4098,.F.);
#7919 = CYLINDRICAL_SURFACE('',#7920,5.E-02);
#7920 = AXIS2_PLACEMENT_3D('',#7921,#7922,#7923);
#7921 = CARTESIAN_POINT('',(-21.90010490171,-11.78008564964,
    -1.060000606234));
#7922 = DIRECTION('',(-1.,4.371139210811E-08,-4.371140530859E-08));
#7923 = DIRECTION('',(4.371138828674E-08,1.,8.742273394091E-08));
#7924 = ADVANCED_FACE('',(#7925),#7944,.T.);
#7925 = FACE_BOUND('',#7926,.T.);
#7926 = EDGE_LOOP('',(#7927,#7936,#7937,#7938));
#7927 = ORIENTED_EDGE('',*,*,#7928,.T.);
#7928 = EDGE_CURVE('',#7929,#4046,#7931,.T.);
#7929 = VERTEX_POINT('',#7930);
#7930 = CARTESIAN_POINT('',(-20.15010444668,-1.320085730514,
    -1.009999615297));
#7931 = CIRCLE('',#7932,5.E-02);
#7932 = AXIS2_PLACEMENT_3D('',#7933,#7934,#7935);
#7933 = CARTESIAN_POINT('',(-20.15010444449,-1.320085726143,
    -1.059999615297));
#7934 = DIRECTION('',(-1.,4.371139210811E-08,-4.371140530859E-08));
#7935 = DIRECTION('',(-4.371138828674E-08,-1.,-8.742273394091E-08));
#7936 = ORIENTED_EDGE('',*,*,#4242,.F.);
#7937 = ORIENTED_EDGE('',*,*,#7844,.F.);
#7938 = ORIENTED_EDGE('',*,*,#7939,.F.);
#7939 = EDGE_CURVE('',#7929,#7845,#7940,.T.);
#7940 = LINE('',#7941,#7942);
#7941 = CARTESIAN_POINT('',(-21.00010444668,-1.320085693359,
    -1.009999652452));
#7942 = VECTOR('',#7943,1.);
#7943 = DIRECTION('',(-1.,4.371139210811E-08,-4.371140530859E-08));
#7944 = CYLINDRICAL_SURFACE('',#7945,5.E-02);
#7945 = AXIS2_PLACEMENT_3D('',#7946,#7947,#7948);
#7946 = CARTESIAN_POINT('',(-21.90010444449,-1.320085649648,
    -1.059999691792));
#7947 = DIRECTION('',(1.,-4.371139210811E-08,4.371140530859E-08));
#7948 = DIRECTION('',(-4.371138828674E-08,-1.,-8.742273394091E-08));
#7949 = ADVANCED_FACE('',(#7950),#7961,.T.);
#7950 = FACE_BOUND('',#7951,.T.);
#7951 = EDGE_LOOP('',(#7952,#7953,#7960));
#7952 = ORIENTED_EDGE('',*,*,#4011,.T.);
#7953 = ORIENTED_EDGE('',*,*,#7954,.T.);
#7954 = EDGE_CURVE('',#4004,#7904,#7955,.T.);
#7955 = CIRCLE('',#7956,5.E-02);
#7956 = AXIS2_PLACEMENT_3D('',#7957,#7958,#7959);
#7957 = CARTESIAN_POINT('',(-20.15010490171,-11.78008572614,
    -1.060000529739));
#7958 = DIRECTION('',(-4.371138828674E-08,-1.,-8.742273394091E-08));
#7959 = DIRECTION('',(-1.,4.371139210811E-08,-4.371140530859E-08));
#7960 = ORIENTED_EDGE('',*,*,#7903,.F.);
#7961 = SPHERICAL_SURFACE('',#7962,5.E-02);
#7962 = AXIS2_PLACEMENT_3D('',#7963,#7964,#7965);
#7963 = CARTESIAN_POINT('',(-20.15010490171,-11.78008572614,
    -1.060000529739));
#7964 = DIRECTION('',(-1.,4.371139210811E-08,-4.371140530859E-08));
#7965 = DIRECTION('',(-4.371138828674E-08,-1.,-8.742273394091E-08));
#7966 = ADVANCED_FACE('',(#7967),#7978,.T.);
#7967 = FACE_BOUND('',#7968,.T.);
#7968 = EDGE_LOOP('',(#7969,#7976,#7977));
#7969 = ORIENTED_EDGE('',*,*,#7970,.T.);
#7970 = EDGE_CURVE('',#7929,#4029,#7971,.T.);
#7971 = CIRCLE('',#7972,5.E-02);
#7972 = AXIS2_PLACEMENT_3D('',#7973,#7974,#7975);
#7973 = CARTESIAN_POINT('',(-20.15010444449,-1.320085726143,
    -1.059999615297));
#7974 = DIRECTION('',(4.371138828674E-08,1.,8.742273394091E-08));
#7975 = DIRECTION('',(1.,-4.371139210811E-08,4.371140530859E-08));
#7976 = ORIENTED_EDGE('',*,*,#4053,.T.);
#7977 = ORIENTED_EDGE('',*,*,#7928,.F.);
#7978 = SPHERICAL_SURFACE('',#7979,5.E-02);
#7979 = AXIS2_PLACEMENT_3D('',#7980,#7981,#7982);
#7980 = CARTESIAN_POINT('',(-20.15010444449,-1.320085726143,
    -1.059999615297));
#7981 = DIRECTION('',(-1.,4.371139210811E-08,-4.371140530859E-08));
#7982 = DIRECTION('',(-4.371138828674E-08,-1.,-8.742273394091E-08));
#7983 = ADVANCED_FACE('',(#7984),#7995,.T.);
#7984 = FACE_BOUND('',#7985,.T.);
#7985 = EDGE_LOOP('',(#7986,#7987,#7988,#7989));
#7986 = ORIENTED_EDGE('',*,*,#7954,.F.);
#7987 = ORIENTED_EDGE('',*,*,#4170,.F.);
#7988 = ORIENTED_EDGE('',*,*,#7970,.F.);
#7989 = ORIENTED_EDGE('',*,*,#7990,.F.);
#7990 = EDGE_CURVE('',#7904,#7929,#7991,.T.);
#7991 = LINE('',#7992,#7993);
#7992 = CARTESIAN_POINT('',(-20.15010467529,-6.550085730514,
    -1.010000072518));
#7993 = VECTOR('',#7994,1.);
#7994 = DIRECTION('',(4.371138827647E-08,1.,8.742273394091E-08));
#7995 = CYLINDRICAL_SURFACE('',#7996,5.E-02);
#7996 = AXIS2_PLACEMENT_3D('',#7997,#7998,#7999);
#7997 = CARTESIAN_POINT('',(-20.15010444231,-1.270085726143,
    -1.059999610926));
#7998 = DIRECTION('',(-4.371138828674E-08,-1.,-8.742273394091E-08));
#7999 = DIRECTION('',(-1.,4.371139210811E-08,-4.371140530859E-08));
#8000 = ADVANCED_FACE('',(#8001),#8012,.F.);
#8001 = FACE_BOUND('',#8002,.T.);
#8002 = EDGE_LOOP('',(#8003,#8004,#8005,#8011));
#8003 = ORIENTED_EDGE('',*,*,#7507,.T.);
#8004 = ORIENTED_EDGE('',*,*,#7662,.T.);
#8005 = ORIENTED_EDGE('',*,*,#8006,.T.);
#8006 = EDGE_CURVE('',#7654,#7579,#8007,.T.);
#8007 = LINE('',#8008,#8009);
#8008 = CARTESIAN_POINT('',(-21.45010444449,-1.270085673689,
    -1.009999667751));
#8009 = VECTOR('',#8010,1.);
#8010 = DIRECTION('',(-4.371138828674E-08,-1.,-8.742273394091E-08));
#8011 = ORIENTED_EDGE('',*,*,#7589,.T.);
#8012 = PLANE('',#8013);
#8013 = AXIS2_PLACEMENT_3D('',#8014,#8015,#8016);
#8014 = CARTESIAN_POINT('',(-21.45010444449,-1.270085673689,
    -1.009999667751));
#8015 = DIRECTION('',(-1.,4.371139210811E-08,-4.371140530859E-08));
#8016 = DIRECTION('',(-4.371140912996E-08,-8.742273203022E-08,1.));
#8017 = ADVANCED_FACE('',(#8018),#8029,.F.);
#8018 = FACE_BOUND('',#8019,.T.);
#8019 = EDGE_LOOP('',(#8020,#8026,#8027,#8028));
#8020 = ORIENTED_EDGE('',*,*,#8021,.F.);
#8021 = EDGE_CURVE('',#7845,#7798,#8022,.T.);
#8022 = LINE('',#8023,#8024);
#8023 = CARTESIAN_POINT('',(-20.55010444449,-1.27008571303,
    -1.00999962841));
#8024 = VECTOR('',#8025,1.);
#8025 = DIRECTION('',(-4.371138828674E-08,-1.,-8.742273394091E-08));
#8026 = ORIENTED_EDGE('',*,*,#7855,.T.);
#8027 = ORIENTED_EDGE('',*,*,#7829,.T.);
#8028 = ORIENTED_EDGE('',*,*,#7806,.T.);
#8029 = PLANE('',#8030);
#8030 = AXIS2_PLACEMENT_3D('',#8031,#8032,#8033);
#8031 = CARTESIAN_POINT('',(-20.55010444449,-1.27008571303,
    -1.00999962841));
#8032 = DIRECTION('',(1.,-4.371139210811E-08,4.371140530859E-08));
#8033 = DIRECTION('',(-4.371138828674E-08,-1.,-8.742273394091E-08));
#8034 = ADVANCED_FACE('',(#8035,#8041,#8047,#8053,#8059,#8065,#8071,
    #8077,#8083),#8089,.F.);
#8035 = FACE_BOUND('',#8036,.T.);
#8036 = EDGE_LOOP('',(#8037,#8038,#8039,#8040));
#8037 = ORIENTED_EDGE('',*,*,#7421,.F.);
#8038 = ORIENTED_EDGE('',*,*,#7397,.T.);
#8039 = ORIENTED_EDGE('',*,*,#7462,.T.);
#8040 = ORIENTED_EDGE('',*,*,#7445,.F.);
#8041 = FACE_BOUND('',#8042,.T.);
#8042 = EDGE_LOOP('',(#8043,#8044,#8045,#8046));
#8043 = ORIENTED_EDGE('',*,*,#7313,.F.);
#8044 = ORIENTED_EDGE('',*,*,#7289,.T.);
#8045 = ORIENTED_EDGE('',*,*,#7354,.T.);
#8046 = ORIENTED_EDGE('',*,*,#7337,.F.);
#8047 = FACE_BOUND('',#8048,.T.);
#8048 = EDGE_LOOP('',(#8049,#8050,#8051,#8052));
#8049 = ORIENTED_EDGE('',*,*,#7205,.F.);
#8050 = ORIENTED_EDGE('',*,*,#7181,.T.);
#8051 = ORIENTED_EDGE('',*,*,#7246,.T.);
#8052 = ORIENTED_EDGE('',*,*,#7229,.F.);
#8053 = FACE_BOUND('',#8054,.T.);
#8054 = EDGE_LOOP('',(#8055,#8056,#8057,#8058));
#8055 = ORIENTED_EDGE('',*,*,#7097,.F.);
#8056 = ORIENTED_EDGE('',*,*,#7073,.T.);
#8057 = ORIENTED_EDGE('',*,*,#7138,.T.);
#8058 = ORIENTED_EDGE('',*,*,#7121,.F.);
#8059 = FACE_BOUND('',#8060,.T.);
#8060 = EDGE_LOOP('',(#8061,#8062,#8063,#8064));
#8061 = ORIENTED_EDGE('',*,*,#6989,.F.);
#8062 = ORIENTED_EDGE('',*,*,#6965,.T.);
#8063 = ORIENTED_EDGE('',*,*,#7030,.T.);
#8064 = ORIENTED_EDGE('',*,*,#7013,.F.);
#8065 = FACE_BOUND('',#8066,.T.);
#8066 = EDGE_LOOP('',(#8067,#8068,#8069,#8070));
#8067 = ORIENTED_EDGE('',*,*,#6881,.F.);
#8068 = ORIENTED_EDGE('',*,*,#6857,.T.);
#8069 = ORIENTED_EDGE('',*,*,#6922,.T.);
#8070 = ORIENTED_EDGE('',*,*,#6905,.F.);
#8071 = FACE_BOUND('',#8072,.T.);
#8072 = EDGE_LOOP('',(#8073,#8074,#8075,#8076));
#8073 = ORIENTED_EDGE('',*,*,#6773,.F.);
#8074 = ORIENTED_EDGE('',*,*,#6749,.T.);
#8075 = ORIENTED_EDGE('',*,*,#6814,.T.);
#8076 = ORIENTED_EDGE('',*,*,#6797,.F.);
#8077 = FACE_BOUND('',#8078,.T.);
#8078 = EDGE_LOOP('',(#8079,#8080,#8081,#8082));
#8079 = ORIENTED_EDGE('',*,*,#6665,.F.);
#8080 = ORIENTED_EDGE('',*,*,#6641,.T.);
#8081 = ORIENTED_EDGE('',*,*,#6706,.T.);
#8082 = ORIENTED_EDGE('',*,*,#6689,.F.);
#8083 = FACE_BOUND('',#8084,.T.);
#8084 = EDGE_LOOP('',(#8085,#8086,#8087,#8088));
#8085 = ORIENTED_EDGE('',*,*,#7822,.T.);
#8086 = ORIENTED_EDGE('',*,*,#7639,.T.);
#8087 = ORIENTED_EDGE('',*,*,#7488,.T.);
#8088 = ORIENTED_EDGE('',*,*,#7612,.T.);
#8089 = PLANE('',#8090);
#8090 = AXIS2_PLACEMENT_3D('',#8091,#8092,#8093);
#8091 = CARTESIAN_POINT('',(-20.55010443356,-1.270085691174,
    -1.25999962841));
#8092 = DIRECTION('',(4.371140912996E-08,8.742273203022E-08,-1.));
#8093 = DIRECTION('',(-4.371138828674E-08,-1.,-8.742273394091E-08));
#8094 = ADVANCED_FACE('',(#8095),#8101,.F.);
#8095 = FACE_BOUND('',#8096,.T.);
#8096 = EDGE_LOOP('',(#8097,#8098,#8099,#8100));
#8097 = ORIENTED_EDGE('',*,*,#8006,.F.);
#8098 = ORIENTED_EDGE('',*,*,#7764,.T.);
#8099 = ORIENTED_EDGE('',*,*,#7889,.T.);
#8100 = ORIENTED_EDGE('',*,*,#7689,.T.);
#8101 = PLANE('',#8102);
#8102 = AXIS2_PLACEMENT_3D('',#8103,#8104,#8105);
#8103 = CARTESIAN_POINT('',(-21.00010467529,-6.550085693359,
    -1.010000109673));
#8104 = DIRECTION('',(4.371140912996E-08,8.742273203022E-08,-1.));
#8105 = DIRECTION('',(-4.371138828674E-08,-1.,-8.742273394091E-08));
#8106 = ADVANCED_FACE('',(#8107),#8113,.F.);
#8107 = FACE_BOUND('',#8108,.T.);
#8108 = EDGE_LOOP('',(#8109,#8110,#8111,#8112));
#8109 = ORIENTED_EDGE('',*,*,#7990,.T.);
#8110 = ORIENTED_EDGE('',*,*,#7939,.T.);
#8111 = ORIENTED_EDGE('',*,*,#8021,.T.);
#8112 = ORIENTED_EDGE('',*,*,#7912,.T.);
#8113 = PLANE('',#8114);
#8114 = AXIS2_PLACEMENT_3D('',#8115,#8116,#8117);
#8115 = CARTESIAN_POINT('',(-21.00010467529,-6.550085693359,
    -1.010000109673));
#8116 = DIRECTION('',(4.371140912996E-08,8.742273203022E-08,-1.));
#8117 = DIRECTION('',(-4.371138828674E-08,-1.,-8.742273394091E-08));
#8118 = ADVANCED_FACE('',(#8119,#8153,#8187,#8221,#8255,#8289,#8323,
    #8357,#8391),#8425,.T.);
#8119 = FACE_BOUND('',#8120,.T.);
#8120 = EDGE_LOOP('',(#8121,#8131,#8139,#8147));
#8121 = ORIENTED_EDGE('',*,*,#8122,.T.);
#8122 = EDGE_CURVE('',#8123,#8125,#8127,.T.);
#8123 = VERTEX_POINT('',#8124);
#8124 = CARTESIAN_POINT('',(-21.85010486019,-11.78008556878,
    -2.010000604048));
#8125 = VERTEX_POINT('',#8126);
#8126 = CARTESIAN_POINT('',(-21.85010440297,-1.320085568782,
    -2.009999689606));
#8127 = LINE('',#8128,#8129);
#8128 = CARTESIAN_POINT('',(-21.85010440297,-1.320085568782,
    -2.009999689606));
#8129 = VECTOR('',#8130,1.);
#8130 = DIRECTION('',(4.371138828674E-08,1.,8.742273394091E-08));
#8131 = ORIENTED_EDGE('',*,*,#8132,.T.);
#8132 = EDGE_CURVE('',#8125,#8133,#8135,.T.);
#8133 = VERTEX_POINT('',#8134);
#8134 = CARTESIAN_POINT('',(-20.15010440297,-1.320085643091,
    -2.009999615297));
#8135 = LINE('',#8136,#8137);
#8136 = CARTESIAN_POINT('',(-20.15010440297,-1.320085643091,
    -2.009999615297));
#8137 = VECTOR('',#8138,1.);
#8138 = DIRECTION('',(1.,-4.371139210811E-08,4.371140530859E-08));
#8139 = ORIENTED_EDGE('',*,*,#8140,.T.);
#8140 = EDGE_CURVE('',#8133,#8141,#8143,.T.);
#8141 = VERTEX_POINT('',#8142);
#8142 = CARTESIAN_POINT('',(-20.15010486019,-11.78008564309,
    -2.010000529739));
#8143 = LINE('',#8144,#8145);
#8144 = CARTESIAN_POINT('',(-20.15010486019,-11.78008564309,
    -2.010000529739));
#8145 = VECTOR('',#8146,1.);
#8146 = DIRECTION('',(-4.371138827647E-08,-1.,-8.742273394091E-08));
#8147 = ORIENTED_EDGE('',*,*,#8148,.T.);
#8148 = EDGE_CURVE('',#8141,#8123,#8149,.T.);
#8149 = LINE('',#8150,#8151);
#8150 = CARTESIAN_POINT('',(-21.85010486019,-11.78008556878,
    -2.010000604048));
#8151 = VECTOR('',#8152,1.);
#8152 = DIRECTION('',(-1.,4.371139210811E-08,-4.371140530859E-08));
#8153 = FACE_BOUND('',#8154,.T.);
#8154 = EDGE_LOOP('',(#8155,#8165,#8173,#8181));
#8155 = ORIENTED_EDGE('',*,*,#8156,.F.);
#8156 = EDGE_CURVE('',#8157,#8159,#8161,.T.);
#8157 = VERTEX_POINT('',#8158);
#8158 = CARTESIAN_POINT('',(-21.15010444384,-2.25508559938,
    -2.009999740749));
#8159 = VERTEX_POINT('',#8160);
#8160 = CARTESIAN_POINT('',(-21.15010443072,-1.95508559938,
    -2.009999714522));
#8161 = LINE('',#8162,#8163);
#8162 = CARTESIAN_POINT('',(-21.15010443072,-1.95508559938,
    -2.009999714522));
#8163 = VECTOR('',#8164,1.);
#8164 = DIRECTION('',(4.371138828674E-08,1.,8.742273394091E-08));
#8165 = ORIENTED_EDGE('',*,*,#8166,.F.);
#8166 = EDGE_CURVE('',#8167,#8157,#8169,.T.);
#8167 = VERTEX_POINT('',#8168);
#8168 = CARTESIAN_POINT('',(-20.85010444384,-2.255085612493,
    -2.009999727635));
#8169 = LINE('',#8170,#8171);
#8170 = CARTESIAN_POINT('',(-21.15010444384,-2.25508559938,
    -2.009999740749));
#8171 = VECTOR('',#8172,1.);
#8172 = DIRECTION('',(-1.,4.371139210811E-08,-4.371140530859E-08));
#8173 = ORIENTED_EDGE('',*,*,#8174,.F.);
#8174 = EDGE_CURVE('',#8175,#8167,#8177,.T.);
#8175 = VERTEX_POINT('',#8176);
#8176 = CARTESIAN_POINT('',(-20.85010443072,-1.955085612493,
    -2.009999701408));
#8177 = LINE('',#8178,#8179);
#8178 = CARTESIAN_POINT('',(-20.85010443072,-1.955085612493,
    -2.009999701408));
#8179 = VECTOR('',#8180,1.);
#8180 = DIRECTION('',(-4.371138828674E-08,-1.,-8.742273394091E-08));
#8181 = ORIENTED_EDGE('',*,*,#8182,.F.);
#8182 = EDGE_CURVE('',#8159,#8175,#8183,.T.);
#8183 = LINE('',#8184,#8185);
#8184 = CARTESIAN_POINT('',(-21.15010443072,-1.95508559938,
    -2.009999714522));
#8185 = VECTOR('',#8186,1.);
#8186 = DIRECTION('',(1.,-4.371139210811E-08,4.371140530859E-08));
#8187 = FACE_BOUND('',#8188,.T.);
#8188 = EDGE_LOOP('',(#8189,#8199,#8207,#8215));
#8189 = ORIENTED_EDGE('',*,*,#8190,.F.);
#8190 = EDGE_CURVE('',#8191,#8193,#8195,.T.);
#8191 = VERTEX_POINT('',#8192);
#8192 = CARTESIAN_POINT('',(-21.15010449935,-3.52508559938,
    -2.009999851775));
#8193 = VERTEX_POINT('',#8194);
#8194 = CARTESIAN_POINT('',(-21.15010448624,-3.22508559938,
    -2.009999825549));
#8195 = LINE('',#8196,#8197);
#8196 = CARTESIAN_POINT('',(-21.15010448624,-3.22508559938,
    -2.009999825549));
#8197 = VECTOR('',#8198,1.);
#8198 = DIRECTION('',(4.371138828674E-08,1.,8.742273394091E-08));
#8199 = ORIENTED_EDGE('',*,*,#8200,.F.);
#8200 = EDGE_CURVE('',#8201,#8191,#8203,.T.);
#8201 = VERTEX_POINT('',#8202);
#8202 = CARTESIAN_POINT('',(-20.85010449935,-3.525085612493,
    -2.009999838662));
#8203 = LINE('',#8204,#8205);
#8204 = CARTESIAN_POINT('',(-21.15010449935,-3.52508559938,
    -2.009999851775));
#8205 = VECTOR('',#8206,1.);
#8206 = DIRECTION('',(-1.,4.371139210811E-08,-4.371140530859E-08));
#8207 = ORIENTED_EDGE('',*,*,#8208,.F.);
#8208 = EDGE_CURVE('',#8209,#8201,#8211,.T.);
#8209 = VERTEX_POINT('',#8210);
#8210 = CARTESIAN_POINT('',(-20.85010448624,-3.225085612493,
    -2.009999812435));
#8211 = LINE('',#8212,#8213);
#8212 = CARTESIAN_POINT('',(-20.85010448624,-3.225085612493,
    -2.009999812435));
#8213 = VECTOR('',#8214,1.);
#8214 = DIRECTION('',(-4.371138828674E-08,-1.,-8.742273394091E-08));
#8215 = ORIENTED_EDGE('',*,*,#8216,.F.);
#8216 = EDGE_CURVE('',#8193,#8209,#8217,.T.);
#8217 = LINE('',#8218,#8219);
#8218 = CARTESIAN_POINT('',(-21.15010448624,-3.22508559938,
    -2.009999825549));
#8219 = VECTOR('',#8220,1.);
#8220 = DIRECTION('',(1.,-4.371139210811E-08,4.371140530859E-08));
#8221 = FACE_BOUND('',#8222,.T.);
#8222 = EDGE_LOOP('',(#8223,#8233,#8241,#8249));
#8223 = ORIENTED_EDGE('',*,*,#8224,.F.);
#8224 = EDGE_CURVE('',#8225,#8227,#8229,.T.);
#8225 = VERTEX_POINT('',#8226);
#8226 = CARTESIAN_POINT('',(-21.15010455486,-4.79508559938,
    -2.009999962802));
#8227 = VERTEX_POINT('',#8228);
#8228 = CARTESIAN_POINT('',(-21.15010454175,-4.49508559938,
    -2.009999936576));
#8229 = LINE('',#8230,#8231);
#8230 = CARTESIAN_POINT('',(-21.15010454175,-4.49508559938,
    -2.009999936576));
#8231 = VECTOR('',#8232,1.);
#8232 = DIRECTION('',(4.371138828674E-08,1.,8.742273394091E-08));
#8233 = ORIENTED_EDGE('',*,*,#8234,.F.);
#8234 = EDGE_CURVE('',#8235,#8225,#8237,.T.);
#8235 = VERTEX_POINT('',#8236);
#8236 = CARTESIAN_POINT('',(-20.85010455486,-4.795085612493,
    -2.009999949689));
#8237 = LINE('',#8238,#8239);
#8238 = CARTESIAN_POINT('',(-21.15010455486,-4.79508559938,
    -2.009999962802));
#8239 = VECTOR('',#8240,1.);
#8240 = DIRECTION('',(-1.,4.371139210811E-08,-4.371140530859E-08));
#8241 = ORIENTED_EDGE('',*,*,#8242,.F.);
#8242 = EDGE_CURVE('',#8243,#8235,#8245,.T.);
#8243 = VERTEX_POINT('',#8244);
#8244 = CARTESIAN_POINT('',(-20.85010454175,-4.495085612493,
    -2.009999923462));
#8245 = LINE('',#8246,#8247);
#8246 = CARTESIAN_POINT('',(-20.85010454175,-4.495085612493,
    -2.009999923462));
#8247 = VECTOR('',#8248,1.);
#8248 = DIRECTION('',(-4.371138828674E-08,-1.,-8.742273394091E-08));
#8249 = ORIENTED_EDGE('',*,*,#8250,.F.);
#8250 = EDGE_CURVE('',#8227,#8243,#8251,.T.);
#8251 = LINE('',#8252,#8253);
#8252 = CARTESIAN_POINT('',(-21.15010454175,-4.49508559938,
    -2.009999936576));
#8253 = VECTOR('',#8254,1.);
#8254 = DIRECTION('',(1.,-4.371139210811E-08,4.371140530859E-08));
#8255 = FACE_BOUND('',#8256,.T.);
#8256 = EDGE_LOOP('',(#8257,#8267,#8275,#8283));
#8257 = ORIENTED_EDGE('',*,*,#8258,.F.);
#8258 = EDGE_CURVE('',#8259,#8261,#8263,.T.);
#8259 = VERTEX_POINT('',#8260);
#8260 = CARTESIAN_POINT('',(-21.15010461038,-6.06508559938,
    -2.010000073829));
#8261 = VERTEX_POINT('',#8262);
#8262 = CARTESIAN_POINT('',(-21.15010459726,-5.76508559938,
    -2.010000047602));
#8263 = LINE('',#8264,#8265);
#8264 = CARTESIAN_POINT('',(-21.15010459726,-5.76508559938,
    -2.010000047602));
#8265 = VECTOR('',#8266,1.);
#8266 = DIRECTION('',(4.371138828674E-08,1.,8.742273394091E-08));
#8267 = ORIENTED_EDGE('',*,*,#8268,.F.);
#8268 = EDGE_CURVE('',#8269,#8259,#8271,.T.);
#8269 = VERTEX_POINT('',#8270);
#8270 = CARTESIAN_POINT('',(-20.85010461038,-6.065085612493,
    -2.010000060716));
#8271 = LINE('',#8272,#8273);
#8272 = CARTESIAN_POINT('',(-21.15010461038,-6.06508559938,
    -2.010000073829));
#8273 = VECTOR('',#8274,1.);
#8274 = DIRECTION('',(-1.,4.371139210811E-08,-4.371140530859E-08));
#8275 = ORIENTED_EDGE('',*,*,#8276,.F.);
#8276 = EDGE_CURVE('',#8277,#8269,#8279,.T.);
#8277 = VERTEX_POINT('',#8278);
#8278 = CARTESIAN_POINT('',(-20.85010459726,-5.765085612493,
    -2.010000034489));
#8279 = LINE('',#8280,#8281);
#8280 = CARTESIAN_POINT('',(-20.85010459726,-5.765085612493,
    -2.010000034489));
#8281 = VECTOR('',#8282,1.);
#8282 = DIRECTION('',(-4.371138828674E-08,-1.,-8.742273394091E-08));
#8283 = ORIENTED_EDGE('',*,*,#8284,.F.);
#8284 = EDGE_CURVE('',#8261,#8277,#8285,.T.);
#8285 = LINE('',#8286,#8287);
#8286 = CARTESIAN_POINT('',(-21.15010459726,-5.76508559938,
    -2.010000047602));
#8287 = VECTOR('',#8288,1.);
#8288 = DIRECTION('',(1.,-4.371139210811E-08,4.371140530859E-08));
#8289 = FACE_BOUND('',#8290,.T.);
#8290 = EDGE_LOOP('',(#8291,#8301,#8309,#8317));
#8291 = ORIENTED_EDGE('',*,*,#8292,.F.);
#8292 = EDGE_CURVE('',#8293,#8295,#8297,.T.);
#8293 = VERTEX_POINT('',#8294);
#8294 = CARTESIAN_POINT('',(-21.15010466589,-7.33508559938,
    -2.010000184856));
#8295 = VERTEX_POINT('',#8296);
#8296 = CARTESIAN_POINT('',(-21.15010465278,-7.03508559938,
    -2.010000158629));
#8297 = LINE('',#8298,#8299);
#8298 = CARTESIAN_POINT('',(-21.15010465278,-7.03508559938,
    -2.010000158629));
#8299 = VECTOR('',#8300,1.);
#8300 = DIRECTION('',(4.371138828674E-08,1.,8.742273394091E-08));
#8301 = ORIENTED_EDGE('',*,*,#8302,.F.);
#8302 = EDGE_CURVE('',#8303,#8293,#8305,.T.);
#8303 = VERTEX_POINT('',#8304);
#8304 = CARTESIAN_POINT('',(-20.85010466589,-7.335085612493,
    -2.010000171743));
#8305 = LINE('',#8306,#8307);
#8306 = CARTESIAN_POINT('',(-21.15010466589,-7.33508559938,
    -2.010000184856));
#8307 = VECTOR('',#8308,1.);
#8308 = DIRECTION('',(-1.,4.371139210811E-08,-4.371140530859E-08));
#8309 = ORIENTED_EDGE('',*,*,#8310,.F.);
#8310 = EDGE_CURVE('',#8311,#8303,#8313,.T.);
#8311 = VERTEX_POINT('',#8312);
#8312 = CARTESIAN_POINT('',(-20.85010465278,-7.035085612493,
    -2.010000145516));
#8313 = LINE('',#8314,#8315);
#8314 = CARTESIAN_POINT('',(-20.85010465278,-7.035085612493,
    -2.010000145516));
#8315 = VECTOR('',#8316,1.);
#8316 = DIRECTION('',(-4.371138828674E-08,-1.,-8.742273394091E-08));
#8317 = ORIENTED_EDGE('',*,*,#8318,.F.);
#8318 = EDGE_CURVE('',#8295,#8311,#8319,.T.);
#8319 = LINE('',#8320,#8321);
#8320 = CARTESIAN_POINT('',(-21.15010465278,-7.03508559938,
    -2.010000158629));
#8321 = VECTOR('',#8322,1.);
#8322 = DIRECTION('',(1.,-4.371139210811E-08,4.371140530859E-08));
#8323 = FACE_BOUND('',#8324,.T.);
#8324 = EDGE_LOOP('',(#8325,#8335,#8343,#8351));
#8325 = ORIENTED_EDGE('',*,*,#8326,.F.);
#8326 = EDGE_CURVE('',#8327,#8329,#8331,.T.);
#8327 = VERTEX_POINT('',#8328);
#8328 = CARTESIAN_POINT('',(-21.1501047214,-8.60508559938,
    -2.010000295883));
#8329 = VERTEX_POINT('',#8330);
#8330 = CARTESIAN_POINT('',(-21.15010470829,-8.30508559938,
    -2.010000269656));
#8331 = LINE('',#8332,#8333);
#8332 = CARTESIAN_POINT('',(-21.15010470829,-8.30508559938,
    -2.010000269656));
#8333 = VECTOR('',#8334,1.);
#8334 = DIRECTION('',(4.371138828674E-08,1.,8.742273394091E-08));
#8335 = ORIENTED_EDGE('',*,*,#8336,.F.);
#8336 = EDGE_CURVE('',#8337,#8327,#8339,.T.);
#8337 = VERTEX_POINT('',#8338);
#8338 = CARTESIAN_POINT('',(-20.8501047214,-8.605085612493,
    -2.01000028277));
#8339 = LINE('',#8340,#8341);
#8340 = CARTESIAN_POINT('',(-21.1501047214,-8.60508559938,
    -2.010000295883));
#8341 = VECTOR('',#8342,1.);
#8342 = DIRECTION('',(-1.,4.371139210811E-08,-4.371140530859E-08));
#8343 = ORIENTED_EDGE('',*,*,#8344,.F.);
#8344 = EDGE_CURVE('',#8345,#8337,#8347,.T.);
#8345 = VERTEX_POINT('',#8346);
#8346 = CARTESIAN_POINT('',(-20.85010470829,-8.305085612493,
    -2.010000256543));
#8347 = LINE('',#8348,#8349);
#8348 = CARTESIAN_POINT('',(-20.85010470829,-8.305085612493,
    -2.010000256543));
#8349 = VECTOR('',#8350,1.);
#8350 = DIRECTION('',(-4.371138828674E-08,-1.,-8.742273394091E-08));
#8351 = ORIENTED_EDGE('',*,*,#8352,.F.);
#8352 = EDGE_CURVE('',#8329,#8345,#8353,.T.);
#8353 = LINE('',#8354,#8355);
#8354 = CARTESIAN_POINT('',(-21.15010470829,-8.30508559938,
    -2.010000269656));
#8355 = VECTOR('',#8356,1.);
#8356 = DIRECTION('',(1.,-4.371139210811E-08,4.371140530859E-08));
#8357 = FACE_BOUND('',#8358,.T.);
#8358 = EDGE_LOOP('',(#8359,#8369,#8377,#8385));
#8359 = ORIENTED_EDGE('',*,*,#8360,.F.);
#8360 = EDGE_CURVE('',#8361,#8363,#8365,.T.);
#8361 = VERTEX_POINT('',#8362);
#8362 = CARTESIAN_POINT('',(-21.15010477692,-9.87508559938,
    -2.01000040691));
#8363 = VERTEX_POINT('',#8364);
#8364 = CARTESIAN_POINT('',(-21.1501047638,-9.57508559938,
    -2.010000380683));
#8365 = LINE('',#8366,#8367);
#8366 = CARTESIAN_POINT('',(-21.1501047638,-9.57508559938,
    -2.010000380683));
#8367 = VECTOR('',#8368,1.);
#8368 = DIRECTION('',(4.371138828674E-08,1.,8.742273394091E-08));
#8369 = ORIENTED_EDGE('',*,*,#8370,.F.);
#8370 = EDGE_CURVE('',#8371,#8361,#8373,.T.);
#8371 = VERTEX_POINT('',#8372);
#8372 = CARTESIAN_POINT('',(-20.85010477692,-9.875085612493,
    -2.010000393796));
#8373 = LINE('',#8374,#8375);
#8374 = CARTESIAN_POINT('',(-21.15010477692,-9.87508559938,
    -2.01000040691));
#8375 = VECTOR('',#8376,1.);
#8376 = DIRECTION('',(-1.,4.371139210811E-08,-4.371140530859E-08));
#8377 = ORIENTED_EDGE('',*,*,#8378,.F.);
#8378 = EDGE_CURVE('',#8379,#8371,#8381,.T.);
#8379 = VERTEX_POINT('',#8380);
#8380 = CARTESIAN_POINT('',(-20.8501047638,-9.575085612493,
    -2.01000036757));
#8381 = LINE('',#8382,#8383);
#8382 = CARTESIAN_POINT('',(-20.8501047638,-9.575085612493,
    -2.01000036757));
#8383 = VECTOR('',#8384,1.);
#8384 = DIRECTION('',(-4.371138828674E-08,-1.,-8.742273394091E-08));
#8385 = ORIENTED_EDGE('',*,*,#8386,.F.);
#8386 = EDGE_CURVE('',#8363,#8379,#8387,.T.);
#8387 = LINE('',#8388,#8389);
#8388 = CARTESIAN_POINT('',(-21.1501047638,-9.57508559938,
    -2.010000380683));
#8389 = VECTOR('',#8390,1.);
#8390 = DIRECTION('',(1.,-4.371139210811E-08,4.371140530859E-08));
#8391 = FACE_BOUND('',#8392,.T.);
#8392 = EDGE_LOOP('',(#8393,#8403,#8411,#8419));
#8393 = ORIENTED_EDGE('',*,*,#8394,.F.);
#8394 = EDGE_CURVE('',#8395,#8397,#8399,.T.);
#8395 = VERTEX_POINT('',#8396);
#8396 = CARTESIAN_POINT('',(-21.15010483243,-11.14508559938,
    -2.010000517937));
#8397 = VERTEX_POINT('',#8398);
#8398 = CARTESIAN_POINT('',(-21.15010481932,-10.84508559938,
    -2.01000049171));
#8399 = LINE('',#8400,#8401);
#8400 = CARTESIAN_POINT('',(-21.15010481932,-10.84508559938,
    -2.01000049171));
#8401 = VECTOR('',#8402,1.);
#8402 = DIRECTION('',(4.371138828674E-08,1.,8.742273394091E-08));
#8403 = ORIENTED_EDGE('',*,*,#8404,.F.);
#8404 = EDGE_CURVE('',#8405,#8395,#8407,.T.);
#8405 = VERTEX_POINT('',#8406);
#8406 = CARTESIAN_POINT('',(-20.85010483243,-11.14508561249,
    -2.010000504823));
#8407 = LINE('',#8408,#8409);
#8408 = CARTESIAN_POINT('',(-21.15010483243,-11.14508559938,
    -2.010000517937));
#8409 = VECTOR('',#8410,1.);
#8410 = DIRECTION('',(-1.,4.371139210811E-08,-4.371140530859E-08));
#8411 = ORIENTED_EDGE('',*,*,#8412,.F.);
#8412 = EDGE_CURVE('',#8413,#8405,#8415,.T.);
#8413 = VERTEX_POINT('',#8414);
#8414 = CARTESIAN_POINT('',(-20.85010481932,-10.84508561249,
    -2.010000478596));
#8415 = LINE('',#8416,#8417);
#8416 = CARTESIAN_POINT('',(-20.85010481932,-10.84508561249,
    -2.010000478596));
#8417 = VECTOR('',#8418,1.);
#8418 = DIRECTION('',(-4.371138828674E-08,-1.,-8.742273394091E-08));
#8419 = ORIENTED_EDGE('',*,*,#8420,.F.);
#8420 = EDGE_CURVE('',#8397,#8413,#8421,.T.);
#8421 = LINE('',#8422,#8423);
#8422 = CARTESIAN_POINT('',(-21.15010481932,-10.84508559938,
    -2.01000049171));
#8423 = VECTOR('',#8424,1.);
#8424 = DIRECTION('',(1.,-4.371139210811E-08,4.371140530859E-08));
#8425 = PLANE('',#8426);
#8426 = AXIS2_PLACEMENT_3D('',#8427,#8428,#8429);
#8427 = CARTESIAN_POINT('',(-21.00010463158,-6.550085605937,
    -2.010000109673));
#8428 = DIRECTION('',(4.371140912996E-08,8.742273203022E-08,-1.));
#8429 = DIRECTION('',(1.,-4.371139210811E-08,4.371140530859E-08));
#8430 = ADVANCED_FACE('',(#8431),#8469,.T.);
#8431 = FACE_BOUND('',#8432,.T.);
#8432 = EDGE_LOOP('',(#8433,#8444,#8453,#8462));
#8433 = ORIENTED_EDGE('',*,*,#8434,.T.);
#8434 = EDGE_CURVE('',#8435,#8437,#8439,.T.);
#8435 = VERTEX_POINT('',#8436);
#8436 = CARTESIAN_POINT('',(-20.97010445433,-5.94508530564,
    -5.46000005547));
#8437 = VERTEX_POINT('',#8438);
#8438 = CARTESIAN_POINT('',(-21.03010445433,-5.945085303017,
    -5.460000058093));
#8439 = B_SPLINE_CURVE_WITH_KNOTS('',3,(#8440,#8441,#8442,#8443),
  .UNSPECIFIED.,.F.,.F.,(4,4),(0.,1.),.PIECEWISE_BEZIER_KNOTS.);
#8440 = CARTESIAN_POINT('',(-20.97010445433,-5.94508530564,
    -5.46000005547));
#8441 = CARTESIAN_POINT('',(-20.99010445433,-5.945085304765,
    -5.460000056345));
#8442 = CARTESIAN_POINT('',(-21.01010445433,-5.945085303891,
    -5.460000057219));
#8443 = CARTESIAN_POINT('',(-21.03010445433,-5.945085303017,
    -5.460000058093));
#8444 = ORIENTED_EDGE('',*,*,#8445,.T.);
#8445 = EDGE_CURVE('',#8437,#8446,#8448,.T.);
#8446 = VERTEX_POINT('',#8447);
#8447 = CARTESIAN_POINT('',(-21.0301044517,-5.885085303017,
    -5.460000052848));
#8448 = B_SPLINE_CURVE_WITH_KNOTS('',3,(#8449,#8450,#8451,#8452),
  .UNSPECIFIED.,.F.,.F.,(4,4),(0.,1.),.PIECEWISE_BEZIER_KNOTS.);
#8449 = CARTESIAN_POINT('',(-21.03010445433,-5.945085303017,
    -5.460000058093));
#8450 = CARTESIAN_POINT('',(-21.03010445345,-5.925085303017,
    -5.460000056345));
#8451 = CARTESIAN_POINT('',(-21.03010445258,-5.905085303017,
    -5.460000054596));
#8452 = CARTESIAN_POINT('',(-21.0301044517,-5.885085303017,
    -5.460000052848));
#8453 = ORIENTED_EDGE('',*,*,#8454,.T.);
#8454 = EDGE_CURVE('',#8446,#8455,#8457,.T.);
#8455 = VERTEX_POINT('',#8456);
#8456 = CARTESIAN_POINT('',(-20.9701044517,-5.88508530564,
    -5.460000050225));
#8457 = B_SPLINE_CURVE_WITH_KNOTS('',3,(#8458,#8459,#8460,#8461),
  .UNSPECIFIED.,.F.,.F.,(4,4),(0.,1.),.PIECEWISE_BEZIER_KNOTS.);
#8458 = CARTESIAN_POINT('',(-21.0301044517,-5.885085303017,
    -5.460000052848));
#8459 = CARTESIAN_POINT('',(-21.0101044517,-5.885085303891,
    -5.460000051974));
#8460 = CARTESIAN_POINT('',(-20.9901044517,-5.885085304765,
    -5.460000051099));
#8461 = CARTESIAN_POINT('',(-20.9701044517,-5.88508530564,
    -5.460000050225));
#8462 = ORIENTED_EDGE('',*,*,#8463,.T.);
#8463 = EDGE_CURVE('',#8455,#8435,#8464,.T.);
#8464 = B_SPLINE_CURVE_WITH_KNOTS('',3,(#8465,#8466,#8467,#8468),
  .UNSPECIFIED.,.F.,.F.,(4,4),(0.,1.),.PIECEWISE_BEZIER_KNOTS.);
#8465 = CARTESIAN_POINT('',(-20.9701044517,-5.88508530564,
    -5.460000050225));
#8466 = CARTESIAN_POINT('',(-20.97010445258,-5.90508530564,
    -5.460000051974));
#8467 = CARTESIAN_POINT('',(-20.97010445345,-5.92508530564,
    -5.460000053722));
#8468 = CARTESIAN_POINT('',(-20.97010445433,-5.94508530564,
    -5.46000005547));
#8469 = PLANE('',#8470);
#8470 = AXIS2_PLACEMENT_3D('',#8471,#8472,#8473);
#8471 = CARTESIAN_POINT('',(-21.00010448077,-6.550085304328,
    -5.460000109673));
#8472 = DIRECTION('',(4.371140912996E-08,8.742273203022E-08,-1.));
#8473 = DIRECTION('',(-4.371138828674E-08,-1.,-8.742273394091E-08));
#8474 = ADVANCED_FACE('',(#8475),#8543,.T.);
#8475 = FACE_BOUND('',#8476,.T.);
#8476 = EDGE_LOOP('',(#8477,#8506,#8507,#8536));
#8477 = ORIENTED_EDGE('',*,*,#8478,.F.);
#8478 = EDGE_CURVE('',#8435,#8479,#8481,.T.);
#8479 = VERTEX_POINT('',#8480);
#8480 = CARTESIAN_POINT('',(-20.85010446482,-6.065085321376,
    -5.340000060716));
#8481 = B_SPLINE_CURVE_WITH_KNOTS('',3,(#8482,#8483,#8484,#8485,#8486,
    #8487,#8488,#8489,#8490,#8491,#8492,#8493,#8494,#8495,#8496,#8497,
    #8498,#8499,#8500,#8501,#8502,#8503,#8504,#8505),.UNSPECIFIED.,.F.,
  .F.,(4,2,2,1,2,2,2,2,2,1,2,2,4),(0.,0.125,0.1875,0.21875,0.234375,0.25
    ,0.5,0.625,0.6875,0.71875,0.734375,0.75,1.),.UNSPECIFIED.);
#8482 = CARTESIAN_POINT('',(-20.97010445433,-5.94508530564,
    -5.46000005547));
#8483 = CARTESIAN_POINT('',(-20.96880800437,-5.946381755579,
    -5.460000055526));
#8484 = CARTESIAN_POINT('',(-20.96545281285,-5.949338351423,
    -5.458504075114));
#8485 = CARTESIAN_POINT('',(-20.95733191336,-5.957422423621,
    -5.452539940977));
#8486 = CARTESIAN_POINT('',(-20.9541102615,-5.960714593625,
    -5.449938437809));
#8487 = CARTESIAN_POINT('',(-20.94850575564,-5.966482200842,
    -5.445118456871));
#8488 = CARTESIAN_POINT('',(-20.94551049569,-5.969570132944,
    -5.44248210612));
#8489 = CARTESIAN_POINT('',(-20.94222572522,-5.972921789451,
    -5.439536892521));
#8490 = CARTESIAN_POINT('',(-20.93997154257,-5.975208108449,
    -5.437510344835));
#8491 = CARTESIAN_POINT('',(-20.93798623096,-5.977203478415,
    -5.435721181676));
#8492 = CARTESIAN_POINT('',(-20.93177486346,-5.983415809028,
    -5.430124851374));
#8493 = CARTESIAN_POINT('',(-20.92056073262,-5.994629131185,
    -5.419780483184));
#8494 = CARTESIAN_POINT('',(-20.90011630421,-6.015073422707,
    -5.399423812606));
#8495 = CARTESIAN_POINT('',(-20.89422850274,-6.021066979397,
    -5.393260148199));
#8496 = CARTESIAN_POINT('',(-20.88678731251,-6.028497753654,
    -5.385461376077));
#8497 = CARTESIAN_POINT('',(-20.88453866776,-6.030724938949,
    -5.383092605924));
#8498 = CARTESIAN_POINT('',(-20.88151332864,-6.033714340315,
    -5.379881167442));
#8499 = CARTESIAN_POINT('',(-20.88008756607,-6.035121635075,
    -5.378360366353));
#8500 = CARTESIAN_POINT('',(-20.87879216401,-6.036405011436,
    -5.376962587316));
#8501 = CARTESIAN_POINT('',(-20.87795753163,-6.037233968627,
    -5.376057431101));
#8502 = CARTESIAN_POINT('',(-20.87829393143,-6.036895989741,
    -5.376429488474));
#8503 = CARTESIAN_POINT('',(-20.85912509397,-6.056062413963,
    -5.355392387299));
#8504 = CARTESIAN_POINT('',(-20.8501044647,-6.06508532107,
    -5.342786815262));
#8505 = CARTESIAN_POINT('',(-20.85010446482,-6.065085321376,
    -5.340000060716));
#8506 = ORIENTED_EDGE('',*,*,#8463,.F.);
#8507 = ORIENTED_EDGE('',*,*,#8508,.F.);
#8508 = EDGE_CURVE('',#8509,#8455,#8511,.T.);
#8509 = VERTEX_POINT('',#8510);
#8510 = CARTESIAN_POINT('',(-20.8501044517,-5.765085321376,
    -5.340000034489));
#8511 = B_SPLINE_CURVE_WITH_KNOTS('',3,(#8512,#8513,#8514,#8515,#8516,
    #8517,#8518,#8519,#8520,#8521,#8522,#8523,#8524,#8525,#8526,#8527,
    #8528,#8529,#8530,#8531,#8532,#8533,#8534,#8535),.UNSPECIFIED.,.F.,
  .F.,(4,2,2,1,2,2,2,2,2,1,2,2,4),(0.,0.125,0.1875,0.21875,0.234375,0.25
    ,0.5,0.625,0.6875,0.71875,0.734375,0.75,1.),.UNSPECIFIED.);
#8512 = CARTESIAN_POINT('',(-20.8501044517,-5.765085321376,
    -5.340000034489));
#8513 = CARTESIAN_POINT('',(-20.85010445164,-5.765085321255,
    -5.341393178045));
#8514 = CARTESIAN_POINT('',(-20.85235960913,-5.766842369962,
    -5.344718357803));
#8515 = CARTESIAN_POINT('',(-20.8591250817,-5.773569271572,
    -5.353652980776));
#8516 = CARTESIAN_POINT('',(-20.86194402861,-5.7764786462,-5.35726929221
    ));
#8517 = CARTESIAN_POINT('',(-20.86701813307,-5.781754561934,
    -5.363491004886));
#8518 = CARTESIAN_POINT('',(-20.86976660632,-5.784616487365,
    -5.366797189758));
#8519 = CARTESIAN_POINT('',(-20.8728322111,-5.787762679158,
    -5.37033340591));
#8520 = CARTESIAN_POINT('',(-20.8749464213,-5.789915417225,
    -5.372733149614));
#8521 = CARTESIAN_POINT('',(-20.87677842857,-5.791759257564,
    -5.374766175417));
#8522 = CARTESIAN_POINT('',(-20.88337295703,-5.798354411095,
    -5.382005030791));
#8523 = CARTESIAN_POINT('',(-20.89232845485,-5.807309248679,
    -5.39166921306));
#8524 = CARTESIAN_POINT('',(-20.91423243087,-5.829213326671,
    -5.413479423231));
#8525 = CARTESIAN_POINT('',(-20.92044057234,-5.835557748851,
    -5.419574295843));
#8526 = CARTESIAN_POINT('',(-20.92811300869,-5.843213433798,
    -5.426784732714));
#8527 = CARTESIAN_POINT('',(-20.9303971915,-5.8454695739,-5.428879865966
    ));
#8528 = CARTESIAN_POINT('',(-20.93341352176,-5.848440783694,
    -5.431612647024));
#8529 = CARTESIAN_POINT('',(-20.9348192009,-5.849823634277,
    -5.432876929099));
#8530 = CARTESIAN_POINT('',(-20.93607115106,-5.851060970288,
    -5.433999725913));
#8531 = CARTESIAN_POINT('',(-20.9368716225,-5.851854563231,
    -5.434718128608));
#8532 = CARTESIAN_POINT('',(-20.93642947568,-5.85141056573,
    -5.434318942303));
#8533 = CARTESIAN_POINT('',(-20.95668285515,-5.871659997819,
    -5.452560495628));
#8534 = CARTESIAN_POINT('',(-20.9675107221,-5.88249157599,
    -5.460000049883));
#8535 = CARTESIAN_POINT('',(-20.9701044517,-5.88508530564,
    -5.460000050225));
#8536 = ORIENTED_EDGE('',*,*,#8537,.F.);
#8537 = EDGE_CURVE('',#8479,#8509,#8538,.T.);
#8538 = B_SPLINE_CURVE_WITH_KNOTS('',3,(#8539,#8540,#8541,#8542),
  .UNSPECIFIED.,.F.,.F.,(4,4),(0.,1.),.PIECEWISE_BEZIER_KNOTS.);
#8539 = CARTESIAN_POINT('',(-20.85010446482,-6.065085321376,
    -5.340000060716));
#8540 = CARTESIAN_POINT('',(-20.85010446045,-5.965085321376,
    -5.340000051974));
#8541 = CARTESIAN_POINT('',(-20.85010445608,-5.865085321376,
    -5.340000043231));
#8542 = CARTESIAN_POINT('',(-20.8501044517,-5.765085321376,
    -5.340000034489));
#8543 = ( BOUNDED_SURFACE() B_SPLINE_SURFACE(2,3,(
    (#8544,#8545,#8546,#8547,#8548,#8549,#8550,#8551)
    ,(#8552,#8553,#8554,#8555,#8556,#8557,#8558,#8559)
    ,(#8560,#8561,#8562,#8563,#8564,#8565,#8566,#8567
)),.UNSPECIFIED.,.F.,.F.,.F.) B_SPLINE_SURFACE_WITH_KNOTS((3,3),(4,2,2,4
    ),(0.,1.),(-8.E-04,-6.65E-04,-6.05E-04,-4.7E-04),.UNSPECIFIED.) 
GEOMETRIC_REPRESENTATION_ITEM() RATIONAL_B_SPLINE_SURFACE((
    (1.,1.,1.,1.,1.,1.,1.,1.)
    ,(8.485281374239E-02,8.485281374239E-02,8.485281374239E-02
      ,8.485281374239E-02,8.485281374239E-02,8.485281374239E-02
      ,8.485281374239E-02,8.485281374239E-02)
,(1.,1.,1.,1.,1.,1.,1.,1.))) REPRESENTATION_ITEM('') SURFACE() );
#8544 = CARTESIAN_POINT('',(-20.9701044458,-5.75008530564,
    -5.460000038423));
#8545 = CARTESIAN_POINT('',(-20.97010444777,-5.79508530564,
    -5.460000042357));
#8546 = CARTESIAN_POINT('',(-20.97010444974,-5.84008530564,
    -5.460000046291));
#8547 = CARTESIAN_POINT('',(-20.97010445258,-5.90508530564,
    -5.460000051974));
#8548 = CARTESIAN_POINT('',(-20.97010445345,-5.92508530564,
    -5.460000053722));
#8549 = CARTESIAN_POINT('',(-20.97010445629,-5.99008530564,
    -5.460000059404));
#8550 = CARTESIAN_POINT('',(-20.97010445826,-6.03508530564,
    -5.460000063338));
#8551 = CARTESIAN_POINT('',(-20.97010446023,-6.08008530564,
    -5.460000067272));
#8552 = CARTESIAN_POINT('',(-20.8501044458,-5.750085310885,
    -5.460000033178));
#8553 = CARTESIAN_POINT('',(-20.85010444777,-5.795085310885,
    -5.460000037112));
#8554 = CARTESIAN_POINT('',(-20.85010444974,-5.840085310885,
    -5.460000041046));
#8555 = CARTESIAN_POINT('',(-20.85010445258,-5.905085310885,
    -5.460000046728));
#8556 = CARTESIAN_POINT('',(-20.85010445345,-5.925085310885,
    -5.460000048477));
#8557 = CARTESIAN_POINT('',(-20.85010445629,-5.990085310885,
    -5.460000054159));
#8558 = CARTESIAN_POINT('',(-20.85010445826,-6.035085310885,
    -5.460000058093));
#8559 = CARTESIAN_POINT('',(-20.85010446023,-6.080085310885,
    -5.460000062027));
#8560 = CARTESIAN_POINT('',(-20.85010445105,-5.750085321376,
    -5.340000033178));
#8561 = CARTESIAN_POINT('',(-20.85010445302,-5.795085321376,
    -5.340000037112));
#8562 = CARTESIAN_POINT('',(-20.85010445498,-5.840085321376,
    -5.340000041046));
#8563 = CARTESIAN_POINT('',(-20.85010445782,-5.905085321376,
    -5.340000046728));
#8564 = CARTESIAN_POINT('',(-20.8501044587,-5.925085321376,
    -5.340000048477));
#8565 = CARTESIAN_POINT('',(-20.85010446154,-5.990085321376,
    -5.340000054159));
#8566 = CARTESIAN_POINT('',(-20.85010446351,-6.035085321376,
    -5.340000058093));
#8567 = CARTESIAN_POINT('',(-20.85010446547,-6.080085321376,
    -5.340000062027));
#8568 = ADVANCED_FACE('',(#8569),#8609,.T.);
#8569 = FACE_BOUND('',#8570,.T.);
#8570 = EDGE_LOOP('',(#8571,#8572,#8581,#8608));
#8571 = ORIENTED_EDGE('',*,*,#8478,.T.);
#8572 = ORIENTED_EDGE('',*,*,#8573,.F.);
#8573 = EDGE_CURVE('',#8574,#8479,#8576,.T.);
#8574 = VERTEX_POINT('',#8575);
#8575 = CARTESIAN_POINT('',(-21.15010446482,-6.065085308262,
    -5.340000073829));
#8576 = B_SPLINE_CURVE_WITH_KNOTS('',3,(#8577,#8578,#8579,#8580),
  .UNSPECIFIED.,.F.,.F.,(4,4),(0.,1.),.PIECEWISE_BEZIER_KNOTS.);
#8577 = CARTESIAN_POINT('',(-21.15010446482,-6.065085308262,
    -5.340000073829));
#8578 = CARTESIAN_POINT('',(-21.05010446482,-6.065085312633,
    -5.340000069458));
#8579 = CARTESIAN_POINT('',(-20.95010446482,-6.065085317005,
    -5.340000065087));
#8580 = CARTESIAN_POINT('',(-20.85010446482,-6.065085321376,
    -5.340000060716));
#8581 = ORIENTED_EDGE('',*,*,#8582,.F.);
#8582 = EDGE_CURVE('',#8437,#8574,#8583,.T.);
#8583 = B_SPLINE_CURVE_WITH_KNOTS('',3,(#8584,#8585,#8586,#8587,#8588,
    #8589,#8590,#8591,#8592,#8593,#8594,#8595,#8596,#8597,#8598,#8599,
    #8600,#8601,#8602,#8603,#8604,#8605,#8606,#8607),.UNSPECIFIED.,.F.,
  .F.,(4,2,2,1,2,2,2,2,2,1,2,2,4),(0.,0.125,0.1875,0.21875,0.234375,0.25
    ,0.5,0.625,0.6875,0.71875,0.734375,0.75,1.),.UNSPECIFIED.);
#8584 = CARTESIAN_POINT('',(-21.03010445433,-5.945085303017,
    -5.460000058093));
#8585 = CARTESIAN_POINT('',(-21.03140090427,-5.946381752975,
    -5.460000058262));
#8586 = CARTESIAN_POINT('',(-21.03435750004,-5.949736944685,
    -5.458504078162));
#8587 = CARTESIAN_POINT('',(-21.04244157198,-5.957857844957,
    -5.452539944737));
#8588 = CARTESIAN_POINT('',(-21.04573374187,-5.961079497166,
    -5.449938441848));
#8589 = CARTESIAN_POINT('',(-21.05150134888,-5.966684003658,
    -5.445118461392));
#8590 = CARTESIAN_POINT('',(-21.05458928086,-5.969679263948,
    -5.442482110899));
#8591 = CARTESIAN_POINT('',(-21.05794093724,-5.972964034805,
    -5.439536897584));
#8592 = CARTESIAN_POINT('',(-21.06022725615,-5.975218217724,
    -5.437510350093));
#8593 = CARTESIAN_POINT('',(-21.06222262604,-5.977203529563,
    -5.435721187107));
#8594 = CARTESIAN_POINT('',(-21.06843495641,-5.983414897798,
    -5.430124857347));
#8595 = CARTESIAN_POINT('',(-21.07964827812,-5.994629030005,
    -5.419780490133));
#8596 = CARTESIAN_POINT('',(-21.10009256874,-6.015073461079,
    -5.399423821349));
#8597 = CARTESIAN_POINT('',(-21.10608612516,-6.020961263353,
    -5.393260157454));
#8598 = CARTESIAN_POINT('',(-21.11351689908,-6.028402454605,
    -5.385461385982));
#8599 = CARTESIAN_POINT('',(-21.11574408427,-6.030651099663,
    -5.383092616027));
#8600 = CARTESIAN_POINT('',(-21.1187334855,-6.033676439211,
    -5.37988117781));
#8601 = CARTESIAN_POINT('',(-21.12014078019,-6.035102201975,
    -5.378360376846));
#8602 = CARTESIAN_POINT('',(-21.12142415649,-6.036397604225,
    -5.376962597922));
#8603 = CARTESIAN_POINT('',(-21.12225311365,-6.037232236721,
    -5.37605744178));
#8604 = CARTESIAN_POINT('',(-21.12191513478,-6.036895836877,
    -5.376429499123));
#8605 = CARTESIAN_POINT('',(-21.14108155808,-6.056064677092,
    -5.355392399622));
#8606 = CARTESIAN_POINT('',(-21.15010446463,-6.065085308019,
    -5.342786828375));
#8607 = CARTESIAN_POINT('',(-21.15010446482,-6.065085308262,
    -5.340000073829));
#8608 = ORIENTED_EDGE('',*,*,#8434,.F.);
#8609 = ( BOUNDED_SURFACE() B_SPLINE_SURFACE(2,3,(
    (#8610,#8611,#8612,#8613,#8614,#8615,#8616,#8617)
    ,(#8618,#8619,#8620,#8621,#8622,#8623,#8624,#8625)
    ,(#8626,#8627,#8628,#8629,#8630,#8631,#8632,#8633
)),.UNSPECIFIED.,.F.,.F.,.F.) B_SPLINE_SURFACE_WITH_KNOTS((3,3),(4,2,2,4
    ),(0.,1.),(-1.65E-04,-3.E-05,3.E-05,1.65E-04),.UNSPECIFIED.) 
GEOMETRIC_REPRESENTATION_ITEM() RATIONAL_B_SPLINE_SURFACE((
    (1.,1.,1.,1.,1.,1.,1.,1.)
    ,(8.485281374239E-02,8.485281374239E-02,8.485281374239E-02
      ,8.485281374239E-02,8.485281374239E-02,8.485281374239E-02
      ,8.485281374239E-02,8.485281374239E-02)
,(1.,1.,1.,1.,1.,1.,1.,1.))) REPRESENTATION_ITEM('') SURFACE() );
#8610 = CARTESIAN_POINT('',(-20.83510445433,-5.945085311541,
    -5.460000049569));
#8611 = CARTESIAN_POINT('',(-20.88010445433,-5.945085309574,
    -5.460000051536));
#8612 = CARTESIAN_POINT('',(-20.92510445433,-5.945085307607,
    -5.460000053503));
#8613 = CARTESIAN_POINT('',(-20.99010445433,-5.945085304765,
    -5.460000056345));
#8614 = CARTESIAN_POINT('',(-21.01010445433,-5.945085303891,
    -5.460000057219));
#8615 = CARTESIAN_POINT('',(-21.07510445433,-5.94508530105,
    -5.46000006006));
#8616 = CARTESIAN_POINT('',(-21.12010445433,-5.945085299083,
    -5.460000062027));
#8617 = CARTESIAN_POINT('',(-21.16510445433,-5.945085297116,
    -5.460000063994));
#8618 = CARTESIAN_POINT('',(-20.83510445957,-6.065085311541,
    -5.46000006006));
#8619 = CARTESIAN_POINT('',(-20.88010445957,-6.065085309574,
    -5.460000062027));
#8620 = CARTESIAN_POINT('',(-20.92510445957,-6.065085307607,
    -5.460000063994));
#8621 = CARTESIAN_POINT('',(-20.99010445957,-6.065085304765,
    -5.460000066835));
#8622 = CARTESIAN_POINT('',(-21.01010445957,-6.065085303891,
    -5.46000006771));
#8623 = CARTESIAN_POINT('',(-21.07510445957,-6.06508530105,
    -5.460000070551));
#8624 = CARTESIAN_POINT('',(-21.12010445957,-6.065085299083,
    -5.460000072518));
#8625 = CARTESIAN_POINT('',(-21.16510445957,-6.065085297116,
    -5.460000074485));
#8626 = CARTESIAN_POINT('',(-20.83510446482,-6.065085322031,
    -5.34000006006));
#8627 = CARTESIAN_POINT('',(-20.88010446482,-6.065085320064,
    -5.340000062027));
#8628 = CARTESIAN_POINT('',(-20.92510446482,-6.065085318097,
    -5.340000063994));
#8629 = CARTESIAN_POINT('',(-20.99010446482,-6.065085315256,
    -5.340000066835));
#8630 = CARTESIAN_POINT('',(-21.01010446482,-6.065085314382,
    -5.34000006771));
#8631 = CARTESIAN_POINT('',(-21.07510446482,-6.065085311541,
    -5.340000070551));
#8632 = CARTESIAN_POINT('',(-21.12010446482,-6.065085309574,
    -5.340000072518));
#8633 = CARTESIAN_POINT('',(-21.16510446482,-6.065085307607,
    -5.340000074485));
#8634 = ADVANCED_FACE('',(#8635),#8675,.T.);
#8635 = FACE_BOUND('',#8636,.T.);
#8636 = EDGE_LOOP('',(#8637,#8666,#8667,#8668));
#8637 = ORIENTED_EDGE('',*,*,#8638,.T.);
#8638 = EDGE_CURVE('',#8639,#8446,#8641,.T.);
#8639 = VERTEX_POINT('',#8640);
#8640 = CARTESIAN_POINT('',(-21.1501044517,-5.765085308262,
    -5.340000047602));
#8641 = B_SPLINE_CURVE_WITH_KNOTS('',3,(#8642,#8643,#8644,#8645,#8646,
    #8647,#8648,#8649,#8650,#8651,#8652,#8653,#8654,#8655,#8656,#8657,
    #8658,#8659,#8660,#8661,#8662,#8663,#8664,#8665),.UNSPECIFIED.,.F.,
  .F.,(4,2,2,1,2,2,2,2,2,1,2,2,4),(0.,0.125,0.1875,0.21875,0.234375,0.25
    ,0.5,0.625,0.6875,0.71875,0.734375,0.75,1.),.UNSPECIFIED.);
#8642 = CARTESIAN_POINT('',(-21.1501044517,-5.765085308262,
    -5.340000047602));
#8643 = CARTESIAN_POINT('',(-21.15010445164,-5.76508530814,
    -5.341393191159));
#8644 = CARTESIAN_POINT('',(-21.1483474025,-5.767340465481,
    -5.344718370785));
#8645 = CARTESIAN_POINT('',(-21.14162049972,-5.774105937658,
    -5.353652993171));
#8646 = CARTESIAN_POINT('',(-21.13871112462,-5.776924884412,
    -5.357269304348));
#8647 = CARTESIAN_POINT('',(-21.13343520807,-5.781998988597,
    -5.363491016553));
#8648 = CARTESIAN_POINT('',(-21.1305732822,-5.784747461703,
    -5.366797201169));
#8649 = CARTESIAN_POINT('',(-21.12742708994,-5.787813066332,
    -5.370333417043));
#8650 = CARTESIAN_POINT('',(-21.12527435156,-5.789927276424,
    -5.372733160557));
#8651 = CARTESIAN_POINT('',(-21.12343051096,-5.791759283604,
    -5.374766186199));
#8652 = CARTESIAN_POINT('',(-21.11683535648,-5.798353811752,
    -5.382005040995));
#8653 = CARTESIAN_POINT('',(-21.10788051763,-5.80730930914,
    -5.391669222478));
#8654 = CARTESIAN_POINT('',(-21.08597643677,-5.829213284222,
    -5.41347943074));
#8655 = CARTESIAN_POINT('',(-21.07963201379,-5.835421425418,
    -5.419574302793));
#8656 = CARTESIAN_POINT('',(-21.0719763279,-5.843093861459,
    -5.426784738995));
#8657 = CARTESIAN_POINT('',(-21.06972018752,-5.84537804418,
    -5.42887987205));
#8658 = CARTESIAN_POINT('',(-21.06674897737,-5.848394374319,
    -5.43161265285));
#8659 = CARTESIAN_POINT('',(-21.06536612662,-5.849800053403,
    -5.432876934804));
#8660 = CARTESIAN_POINT('',(-21.06412879046,-5.851052003508,
    -5.43399973151));
#8661 = CARTESIAN_POINT('',(-21.06333519743,-5.851852474916,
    -5.434718134136));
#8662 = CARTESIAN_POINT('',(-21.06377919498,-5.851410328116,
    -5.434318947869));
#8663 = CARTESIAN_POINT('',(-21.0435297605,-5.871663706784,
    -5.452560499426));
#8664 = CARTESIAN_POINT('',(-21.03269818135,-5.882491573412,
    -5.460000052732));
#8665 = CARTESIAN_POINT('',(-21.0301044517,-5.885085303017,
    -5.460000052848));
#8666 = ORIENTED_EDGE('',*,*,#8445,.F.);
#8667 = ORIENTED_EDGE('',*,*,#8582,.T.);
#8668 = ORIENTED_EDGE('',*,*,#8669,.F.);
#8669 = EDGE_CURVE('',#8639,#8574,#8670,.T.);
#8670 = B_SPLINE_CURVE_WITH_KNOTS('',3,(#8671,#8672,#8673,#8674),
  .UNSPECIFIED.,.F.,.F.,(4,4),(0.,1.),.PIECEWISE_BEZIER_KNOTS.);
#8671 = CARTESIAN_POINT('',(-21.1501044517,-5.765085308262,
    -5.340000047602));
#8672 = CARTESIAN_POINT('',(-21.15010445608,-5.865085308262,
    -5.340000056345));
#8673 = CARTESIAN_POINT('',(-21.15010446045,-5.965085308262,
    -5.340000065087));
#8674 = CARTESIAN_POINT('',(-21.15010446482,-6.065085308262,
    -5.340000073829));
#8675 = ( BOUNDED_SURFACE() B_SPLINE_SURFACE(2,3,(
    (#8676,#8677,#8678,#8679,#8680,#8681,#8682,#8683)
    ,(#8684,#8685,#8686,#8687,#8688,#8689,#8690,#8691)
    ,(#8692,#8693,#8694,#8695,#8696,#8697,#8698,#8699
)),.UNSPECIFIED.,.F.,.F.,.F.) B_SPLINE_SURFACE_WITH_KNOTS((3,3),(4,2,2,4
    ),(0.,1.),(4.7E-04,6.05E-04,6.65E-04,8.E-04),.UNSPECIFIED.) 
GEOMETRIC_REPRESENTATION_ITEM() RATIONAL_B_SPLINE_SURFACE((
    (1.,1.,1.,1.,1.,1.,1.,1.)
    ,(8.485281374239E-02,8.485281374239E-02,8.485281374239E-02
      ,8.485281374239E-02,8.485281374239E-02,8.485281374239E-02
      ,8.485281374239E-02,8.485281374239E-02)
,(1.,1.,1.,1.,1.,1.,1.,1.))) REPRESENTATION_ITEM('') SURFACE() );
#8676 = CARTESIAN_POINT('',(-21.03010446023,-6.080085303017,
    -5.460000069895));
#8677 = CARTESIAN_POINT('',(-21.03010445826,-6.035085303017,
    -5.460000065961));
#8678 = CARTESIAN_POINT('',(-21.03010445629,-5.990085303017,
    -5.460000062027));
#8679 = CARTESIAN_POINT('',(-21.03010445345,-5.925085303017,
    -5.460000056345));
#8680 = CARTESIAN_POINT('',(-21.03010445258,-5.905085303017,
    -5.460000054596));
#8681 = CARTESIAN_POINT('',(-21.03010444974,-5.840085303017,
    -5.460000048914));
#8682 = CARTESIAN_POINT('',(-21.03010444777,-5.795085303017,
    -5.46000004498));
#8683 = CARTESIAN_POINT('',(-21.0301044458,-5.750085303017,
    -5.460000041046));
#8684 = CARTESIAN_POINT('',(-21.15010446023,-6.080085297772,
    -5.460000075141));
#8685 = CARTESIAN_POINT('',(-21.15010445826,-6.035085297772,
    -5.460000071207));
#8686 = CARTESIAN_POINT('',(-21.15010445629,-5.990085297772,
    -5.460000067273));
#8687 = CARTESIAN_POINT('',(-21.15010445345,-5.925085297772,
    -5.46000006159));
#8688 = CARTESIAN_POINT('',(-21.15010445258,-5.905085297772,
    -5.460000059842));
#8689 = CARTESIAN_POINT('',(-21.15010444974,-5.840085297772,
    -5.460000054159));
#8690 = CARTESIAN_POINT('',(-21.15010444777,-5.795085297772,
    -5.460000050225));
#8691 = CARTESIAN_POINT('',(-21.1501044458,-5.750085297772,
    -5.460000046291));
#8692 = CARTESIAN_POINT('',(-21.15010446547,-6.080085308262,
    -5.340000075141));
#8693 = CARTESIAN_POINT('',(-21.15010446351,-6.035085308262,
    -5.340000071207));
#8694 = CARTESIAN_POINT('',(-21.15010446154,-5.990085308262,
    -5.340000067273));
#8695 = CARTESIAN_POINT('',(-21.1501044587,-5.925085308262,
    -5.34000006159));
#8696 = CARTESIAN_POINT('',(-21.15010445782,-5.905085308262,
    -5.340000059842));
#8697 = CARTESIAN_POINT('',(-21.15010445498,-5.840085308262,
    -5.340000054159));
#8698 = CARTESIAN_POINT('',(-21.15010445302,-5.795085308262,
    -5.340000050225));
#8699 = CARTESIAN_POINT('',(-21.15010445105,-5.750085308262,
    -5.340000046291));
#8700 = ADVANCED_FACE('',(#8701),#8713,.T.);
#8701 = FACE_BOUND('',#8702,.T.);
#8702 = EDGE_LOOP('',(#8703,#8704,#8705,#8706));
#8703 = ORIENTED_EDGE('',*,*,#8508,.T.);
#8704 = ORIENTED_EDGE('',*,*,#8454,.F.);
#8705 = ORIENTED_EDGE('',*,*,#8638,.F.);
#8706 = ORIENTED_EDGE('',*,*,#8707,.F.);
#8707 = EDGE_CURVE('',#8509,#8639,#8708,.T.);
#8708 = B_SPLINE_CURVE_WITH_KNOTS('',3,(#8709,#8710,#8711,#8712),
  .UNSPECIFIED.,.F.,.F.,(4,4),(0.,1.),.PIECEWISE_BEZIER_KNOTS.);
#8709 = CARTESIAN_POINT('',(-20.8501044517,-5.765085321376,
    -5.340000034489));
#8710 = CARTESIAN_POINT('',(-20.9501044517,-5.765085317005,
    -5.34000003886));
#8711 = CARTESIAN_POINT('',(-21.0501044517,-5.765085312633,
    -5.340000043231));
#8712 = CARTESIAN_POINT('',(-21.1501044517,-5.765085308262,
    -5.340000047602));
#8713 = ( BOUNDED_SURFACE() B_SPLINE_SURFACE(2,3,(
    (#8714,#8715,#8716,#8717,#8718,#8719,#8720,#8721)
    ,(#8722,#8723,#8724,#8725,#8726,#8727,#8728,#8729)
    ,(#8730,#8731,#8732,#8733,#8734,#8735,#8736,#8737
)),.UNSPECIFIED.,.F.,.F.,.F.) B_SPLINE_SURFACE_WITH_KNOTS((3,3),(4,2,2,4
    ),(0.,1.),(-1.65E-04,-3.E-05,3.E-05,1.65E-04),.UNSPECIFIED.) 
GEOMETRIC_REPRESENTATION_ITEM() RATIONAL_B_SPLINE_SURFACE((
    (1.,1.,1.,1.,1.,1.,1.,1.)
    ,(8.485281374239E-02,8.485281374239E-02,8.485281374239E-02
      ,8.485281374239E-02,8.485281374239E-02,8.485281374239E-02
      ,8.485281374239E-02,8.485281374239E-02)
,(1.,1.,1.,1.,1.,1.,1.,1.))) REPRESENTATION_ITEM('') SURFACE() );
#8714 = CARTESIAN_POINT('',(-21.1651044517,-5.885085297116,
    -5.460000058749));
#8715 = CARTESIAN_POINT('',(-21.1201044517,-5.885085299083,
    -5.460000056782));
#8716 = CARTESIAN_POINT('',(-21.0751044517,-5.88508530105,
    -5.460000054815));
#8717 = CARTESIAN_POINT('',(-21.0101044517,-5.885085303891,
    -5.460000051974));
#8718 = CARTESIAN_POINT('',(-20.9901044517,-5.885085304765,
    -5.460000051099));
#8719 = CARTESIAN_POINT('',(-20.9251044517,-5.885085307607,
    -5.460000048258));
#8720 = CARTESIAN_POINT('',(-20.8801044517,-5.885085309574,
    -5.460000046291));
#8721 = CARTESIAN_POINT('',(-20.8351044517,-5.885085311541,
    -5.460000044324));
#8722 = CARTESIAN_POINT('',(-21.16510444646,-5.765085297116,
    -5.460000048258));
#8723 = CARTESIAN_POINT('',(-21.12010444646,-5.765085299083,
    -5.460000046291));
#8724 = CARTESIAN_POINT('',(-21.07510444646,-5.76508530105,
    -5.460000044324));
#8725 = CARTESIAN_POINT('',(-21.01010444646,-5.765085303891,
    -5.460000041483));
#8726 = CARTESIAN_POINT('',(-20.99010444646,-5.765085304765,
    -5.460000040609));
#8727 = CARTESIAN_POINT('',(-20.92510444646,-5.765085307607,
    -5.460000037767));
#8728 = CARTESIAN_POINT('',(-20.88010444646,-5.765085309574,
    -5.4600000358));
#8729 = CARTESIAN_POINT('',(-20.83510444646,-5.765085311541,
    -5.460000033833));
#8730 = CARTESIAN_POINT('',(-21.1651044517,-5.765085307607,
    -5.340000048258));
#8731 = CARTESIAN_POINT('',(-21.1201044517,-5.765085309574,
    -5.340000046291));
#8732 = CARTESIAN_POINT('',(-21.0751044517,-5.765085311541,
    -5.340000044324));
#8733 = CARTESIAN_POINT('',(-21.0101044517,-5.765085314382,
    -5.340000041483));
#8734 = CARTESIAN_POINT('',(-20.9901044517,-5.765085315256,
    -5.340000040609));
#8735 = CARTESIAN_POINT('',(-20.9251044517,-5.765085318097,
    -5.340000037767));
#8736 = CARTESIAN_POINT('',(-20.8801044517,-5.765085320064,-5.3400000358
    ));
#8737 = CARTESIAN_POINT('',(-20.8351044517,-5.765085322031,
    -5.340000033833));
#8738 = ADVANCED_FACE('',(#8739),#8755,.T.);
#8739 = FACE_BOUND('',#8740,.T.);
#8740 = EDGE_LOOP('',(#8741,#8747,#8748,#8754));
#8741 = ORIENTED_EDGE('',*,*,#8742,.T.);
#8742 = EDGE_CURVE('',#8277,#8509,#8743,.T.);
#8743 = LINE('',#8744,#8745);
#8744 = CARTESIAN_POINT('',(-20.85010476118,-5.765085940329,
    1.739999965511));
#8745 = VECTOR('',#8746,1.);
#8746 = DIRECTION('',(4.371140912996E-08,8.742273203022E-08,-1.));
#8747 = ORIENTED_EDGE('',*,*,#8707,.T.);
#8748 = ORIENTED_EDGE('',*,*,#8749,.F.);
#8749 = EDGE_CURVE('',#8261,#8639,#8750,.T.);
#8750 = LINE('',#8751,#8752);
#8751 = CARTESIAN_POINT('',(-21.15010476118,-5.765085927215,
    1.739999952398));
#8752 = VECTOR('',#8753,1.);
#8753 = DIRECTION('',(4.371140912996E-08,8.742273203022E-08,-1.));
#8754 = ORIENTED_EDGE('',*,*,#8284,.T.);
#8755 = PLANE('',#8756);
#8756 = AXIS2_PLACEMENT_3D('',#8757,#8758,#8759);
#8757 = CARTESIAN_POINT('',(-21.00010476118,-5.765085933772,
    1.739999958954));
#8758 = DIRECTION('',(4.371138792534E-08,1.,8.742273394091E-08));
#8759 = DIRECTION('',(1.,-4.371139174671E-08,4.371140530859E-08));
#8760 = ADVANCED_FACE('',(#8761),#8772,.F.);
#8761 = FACE_BOUND('',#8762,.T.);
#8762 = EDGE_LOOP('',(#8763,#8764,#8765,#8771));
#8763 = ORIENTED_EDGE('',*,*,#8749,.T.);
#8764 = ORIENTED_EDGE('',*,*,#8669,.T.);
#8765 = ORIENTED_EDGE('',*,*,#8766,.F.);
#8766 = EDGE_CURVE('',#8259,#8574,#8767,.T.);
#8767 = LINE('',#8768,#8769);
#8768 = CARTESIAN_POINT('',(-21.15010477429,-6.065085927215,
    1.739999926171));
#8769 = VECTOR('',#8770,1.);
#8770 = DIRECTION('',(4.371140912996E-08,8.742273203022E-08,-1.));
#8771 = ORIENTED_EDGE('',*,*,#8258,.T.);
#8772 = PLANE('',#8773);
#8773 = AXIS2_PLACEMENT_3D('',#8774,#8775,#8776);
#8774 = CARTESIAN_POINT('',(-21.15010479549,-6.550085927215,
    1.739999883771));
#8775 = DIRECTION('',(1.,-4.371139219846E-08,4.371140530859E-08));
#8776 = DIRECTION('',(-4.371138837709E-08,-1.,-8.742273394091E-08));
#8777 = ADVANCED_FACE('',(#8778),#8789,.F.);
#8778 = FACE_BOUND('',#8779,.T.);
#8779 = EDGE_LOOP('',(#8780,#8781,#8782,#8788));
#8780 = ORIENTED_EDGE('',*,*,#8766,.T.);
#8781 = ORIENTED_EDGE('',*,*,#8573,.T.);
#8782 = ORIENTED_EDGE('',*,*,#8783,.F.);
#8783 = EDGE_CURVE('',#8269,#8479,#8784,.T.);
#8784 = LINE('',#8785,#8786);
#8785 = CARTESIAN_POINT('',(-20.85010477429,-6.065085940329,
    1.739999939284));
#8786 = VECTOR('',#8787,1.);
#8787 = DIRECTION('',(4.371140912996E-08,8.742273203022E-08,-1.));
#8788 = ORIENTED_EDGE('',*,*,#8268,.T.);
#8789 = PLANE('',#8790);
#8790 = AXIS2_PLACEMENT_3D('',#8791,#8792,#8793);
#8791 = CARTESIAN_POINT('',(-21.00010477429,-6.065085933772,
    1.739999932727));
#8792 = DIRECTION('',(4.371138882884E-08,1.,8.742273394091E-08));
#8793 = DIRECTION('',(4.371140912996E-08,8.742273203022E-08,-1.));
#8794 = ADVANCED_FACE('',(#8795),#8801,.T.);
#8795 = FACE_BOUND('',#8796,.T.);
#8796 = EDGE_LOOP('',(#8797,#8798,#8799,#8800));
#8797 = ORIENTED_EDGE('',*,*,#8783,.T.);
#8798 = ORIENTED_EDGE('',*,*,#8537,.T.);
#8799 = ORIENTED_EDGE('',*,*,#8742,.F.);
#8800 = ORIENTED_EDGE('',*,*,#8276,.T.);
#8801 = PLANE('',#8802);
#8802 = AXIS2_PLACEMENT_3D('',#8803,#8804,#8805);
#8803 = CARTESIAN_POINT('',(-20.85010479549,-6.550085940329,
    1.739999896884));
#8804 = DIRECTION('',(1.,-4.371139219846E-08,4.371140530859E-08));
#8805 = DIRECTION('',(-4.371138837709E-08,-1.,-8.742273394091E-08));
#8806 = ADVANCED_FACE('',(#8807),#8845,.T.);
#8807 = FACE_BOUND('',#8808,.T.);
#8808 = EDGE_LOOP('',(#8809,#8820,#8829,#8838));
#8809 = ORIENTED_EDGE('',*,*,#8810,.T.);
#8810 = EDGE_CURVE('',#8811,#8813,#8815,.T.);
#8811 = VERTEX_POINT('',#8812);
#8812 = CARTESIAN_POINT('',(-20.97010467638,-11.02508530564,
    -5.460000499578));
#8813 = VERTEX_POINT('',#8814);
#8814 = CARTESIAN_POINT('',(-21.03010467638,-11.02508530301,
    -5.460000502201));
#8815 = B_SPLINE_CURVE_WITH_KNOTS('',3,(#8816,#8817,#8818,#8819),
  .UNSPECIFIED.,.F.,.F.,(4,4),(0.,1.),.PIECEWISE_BEZIER_KNOTS.);
#8816 = CARTESIAN_POINT('',(-20.97010467638,-11.02508530564,
    -5.460000499578));
#8817 = CARTESIAN_POINT('',(-20.99010467638,-11.02508530476,
    -5.460000500452));
#8818 = CARTESIAN_POINT('',(-21.01010467638,-11.02508530389,
    -5.460000501326));
#8819 = CARTESIAN_POINT('',(-21.03010467638,-11.02508530301,
    -5.460000502201));
#8820 = ORIENTED_EDGE('',*,*,#8821,.T.);
#8821 = EDGE_CURVE('',#8813,#8822,#8824,.T.);
#8822 = VERTEX_POINT('',#8823);
#8823 = CARTESIAN_POINT('',(-21.03010467376,-10.96508530301,
    -5.460000496955));
#8824 = B_SPLINE_CURVE_WITH_KNOTS('',3,(#8825,#8826,#8827,#8828),
  .UNSPECIFIED.,.F.,.F.,(4,4),(0.,1.),.PIECEWISE_BEZIER_KNOTS.);
#8825 = CARTESIAN_POINT('',(-21.03010467638,-11.02508530301,
    -5.460000502201));
#8826 = CARTESIAN_POINT('',(-21.03010467551,-11.00508530301,
    -5.460000500452));
#8827 = CARTESIAN_POINT('',(-21.03010467463,-10.98508530301,
    -5.460000498704));
#8828 = CARTESIAN_POINT('',(-21.03010467376,-10.96508530301,
    -5.460000496955));
#8829 = ORIENTED_EDGE('',*,*,#8830,.T.);
#8830 = EDGE_CURVE('',#8822,#8831,#8833,.T.);
#8831 = VERTEX_POINT('',#8832);
#8832 = CARTESIAN_POINT('',(-20.97010467376,-10.96508530564,
    -5.460000494333));
#8833 = B_SPLINE_CURVE_WITH_KNOTS('',3,(#8834,#8835,#8836,#8837),
  .UNSPECIFIED.,.F.,.F.,(4,4),(0.,1.),.PIECEWISE_BEZIER_KNOTS.);
#8834 = CARTESIAN_POINT('',(-21.03010467376,-10.96508530301,
    -5.460000496955));
#8835 = CARTESIAN_POINT('',(-21.01010467376,-10.96508530389,
    -5.460000496081));
#8836 = CARTESIAN_POINT('',(-20.99010467376,-10.96508530476,
    -5.460000495207));
#8837 = CARTESIAN_POINT('',(-20.97010467376,-10.96508530564,
    -5.460000494333));
#8838 = ORIENTED_EDGE('',*,*,#8839,.T.);
#8839 = EDGE_CURVE('',#8831,#8811,#8840,.T.);
#8840 = B_SPLINE_CURVE_WITH_KNOTS('',3,(#8841,#8842,#8843,#8844),
  .UNSPECIFIED.,.F.,.F.,(4,4),(0.,1.),.PIECEWISE_BEZIER_KNOTS.);
#8841 = CARTESIAN_POINT('',(-20.97010467376,-10.96508530564,
    -5.460000494333));
#8842 = CARTESIAN_POINT('',(-20.97010467463,-10.98508530564,
    -5.460000496081));
#8843 = CARTESIAN_POINT('',(-20.97010467551,-11.00508530564,
    -5.460000497829));
#8844 = CARTESIAN_POINT('',(-20.97010467638,-11.02508530564,
    -5.460000499578));
#8845 = PLANE('',#8846);
#8846 = AXIS2_PLACEMENT_3D('',#8847,#8848,#8849);
#8847 = CARTESIAN_POINT('',(-21.00010448077,-6.550085304328,
    -5.460000109673));
#8848 = DIRECTION('',(4.371140912996E-08,8.742273203022E-08,-1.));
#8849 = DIRECTION('',(-4.371138828674E-08,-1.,-8.742273394091E-08));
#8850 = ADVANCED_FACE('',(#8851),#8919,.T.);
#8851 = FACE_BOUND('',#8852,.T.);
#8852 = EDGE_LOOP('',(#8853,#8882,#8883,#8912));
#8853 = ORIENTED_EDGE('',*,*,#8854,.F.);
#8854 = EDGE_CURVE('',#8811,#8855,#8857,.T.);
#8855 = VERTEX_POINT('',#8856);
#8856 = CARTESIAN_POINT('',(-20.85010468687,-11.14508532137,
    -5.340000504823));
#8857 = B_SPLINE_CURVE_WITH_KNOTS('',3,(#8858,#8859,#8860,#8861,#8862,
    #8863,#8864,#8865,#8866,#8867,#8868,#8869,#8870,#8871,#8872,#8873,
    #8874,#8875,#8876,#8877,#8878,#8879,#8880,#8881),.UNSPECIFIED.,.F.,
  .F.,(4,2,2,1,2,2,2,2,2,1,2,2,4),(0.,0.125,0.1875,0.21875,0.234375,0.25
    ,0.5,0.625,0.6875,0.71875,0.734375,0.75,1.),.UNSPECIFIED.);
#8858 = CARTESIAN_POINT('',(-20.97010467638,-11.02508530564,
    -5.460000499578));
#8859 = CARTESIAN_POINT('',(-20.96880822642,-11.02638175557,
    -5.460000499634));
#8860 = CARTESIAN_POINT('',(-20.96545303491,-11.02933835142,
    -5.458504519222));
#8861 = CARTESIAN_POINT('',(-20.95733213542,-11.03742242362,
    -5.452540385085));
#8862 = CARTESIAN_POINT('',(-20.95411048355,-11.04071459362,
    -5.449938881917));
#8863 = CARTESIAN_POINT('',(-20.94850597769,-11.04648220084,
    -5.445118900979));
#8864 = CARTESIAN_POINT('',(-20.94551071775,-11.04957013294,
    -5.442482550228));
#8865 = CARTESIAN_POINT('',(-20.94222594728,-11.05292178945,
    -5.439537336629));
#8866 = CARTESIAN_POINT('',(-20.93997176462,-11.05520810844,
    -5.437510788943));
#8867 = CARTESIAN_POINT('',(-20.93798645302,-11.05720347841,
    -5.435721625784));
#8868 = CARTESIAN_POINT('',(-20.93177508552,-11.06341580902,
    -5.430125295482));
#8869 = CARTESIAN_POINT('',(-20.92056095467,-11.07462913118,
    -5.419780927287));
#8870 = CARTESIAN_POINT('',(-20.90011652626,-11.0950734227,
    -5.399424256715));
#8871 = CARTESIAN_POINT('',(-20.8942287248,-11.10106697939,
    -5.39326059231));
#8872 = CARTESIAN_POINT('',(-20.88678753457,-11.10849775365,
    -5.385461820187));
#8873 = CARTESIAN_POINT('',(-20.88453888982,-11.11072493894,
    -5.383093050034));
#8874 = CARTESIAN_POINT('',(-20.88151355069,-11.11371434031,
    -5.379881611551));
#8875 = CARTESIAN_POINT('',(-20.88008778813,-11.11512163507,
    -5.378360810462));
#8876 = CARTESIAN_POINT('',(-20.87879238606,-11.11640501143,
    -5.376963031424));
#8877 = CARTESIAN_POINT('',(-20.87795775368,-11.11723396862,
    -5.376057875209));
#8878 = CARTESIAN_POINT('',(-20.87829415348,-11.11689598974,
    -5.376429932582));
#8879 = CARTESIAN_POINT('',(-20.85912531602,-11.13606241396,
    -5.355392831407));
#8880 = CARTESIAN_POINT('',(-20.85010468675,-11.14508532107,
    -5.342787259369));
#8881 = CARTESIAN_POINT('',(-20.85010468687,-11.14508532137,
    -5.340000504823));
#8882 = ORIENTED_EDGE('',*,*,#8839,.F.);
#8883 = ORIENTED_EDGE('',*,*,#8884,.F.);
#8884 = EDGE_CURVE('',#8885,#8831,#8887,.T.);
#8885 = VERTEX_POINT('',#8886);
#8886 = CARTESIAN_POINT('',(-20.85010467376,-10.84508532137,
    -5.340000478596));
#8887 = B_SPLINE_CURVE_WITH_KNOTS('',3,(#8888,#8889,#8890,#8891,#8892,
    #8893,#8894,#8895,#8896,#8897,#8898,#8899,#8900,#8901,#8902,#8903,
    #8904,#8905,#8906,#8907,#8908,#8909,#8910,#8911),.UNSPECIFIED.,.F.,
  .F.,(4,2,2,1,2,2,2,2,2,1,2,2,4),(0.,0.125,0.1875,0.21875,0.234375,0.25
    ,0.5,0.625,0.6875,0.71875,0.734375,0.75,1.),.UNSPECIFIED.);
#8888 = CARTESIAN_POINT('',(-20.85010467376,-10.84508532137,
    -5.340000478596));
#8889 = CARTESIAN_POINT('',(-20.8501046737,-10.84508532125,
    -5.341393622153));
#8890 = CARTESIAN_POINT('',(-20.85235983118,-10.84684236996,
    -5.344718801911));
#8891 = CARTESIAN_POINT('',(-20.85912530375,-10.85356927157,
    -5.353653424885));
#8892 = CARTESIAN_POINT('',(-20.86194425066,-10.8564786462,
    -5.357269736319));
#8893 = CARTESIAN_POINT('',(-20.86701835512,-10.86175456193,
    -5.363491448995));
#8894 = CARTESIAN_POINT('',(-20.86976682837,-10.86461648736,
    -5.366797633866));
#8895 = CARTESIAN_POINT('',(-20.87283243315,-10.86776267915,
    -5.370333850018));
#8896 = CARTESIAN_POINT('',(-20.87494664335,-10.86991541722,
    -5.372733593722));
#8897 = CARTESIAN_POINT('',(-20.87677865062,-10.87175925756,
    -5.374766619525));
#8898 = CARTESIAN_POINT('',(-20.88337317909,-10.8783544111,
    -5.382005474905));
#8899 = CARTESIAN_POINT('',(-20.8923286769,-10.88730924868,
    -5.391669657173));
#8900 = CARTESIAN_POINT('',(-20.91423265293,-10.90921332666,
    -5.413479867336));
#8901 = CARTESIAN_POINT('',(-20.92044079439,-10.91555774884,
    -5.419574739947));
#8902 = CARTESIAN_POINT('',(-20.92811323074,-10.92321343379,
    -5.426785176818));
#8903 = CARTESIAN_POINT('',(-20.93039741356,-10.92546957389,
    -5.42888031007));
#8904 = CARTESIAN_POINT('',(-20.93341374382,-10.92844078369,
    -5.43161309113));
#8905 = CARTESIAN_POINT('',(-20.93481942296,-10.92982363427,
    -5.432877373205));
#8906 = CARTESIAN_POINT('',(-20.93607137311,-10.93106097028,
    -5.434000170019));
#8907 = CARTESIAN_POINT('',(-20.93687184455,-10.93185456323,
    -5.434718572715));
#8908 = CARTESIAN_POINT('',(-20.93642969773,-10.93141056573,
    -5.43431938641));
#8909 = CARTESIAN_POINT('',(-20.9566830772,-10.95165999781,
    -5.452560939735));
#8910 = CARTESIAN_POINT('',(-20.96751094415,-10.96249157599,
    -5.46000049399));
#8911 = CARTESIAN_POINT('',(-20.97010467376,-10.96508530564,
    -5.460000494333));
#8912 = ORIENTED_EDGE('',*,*,#8913,.F.);
#8913 = EDGE_CURVE('',#8855,#8885,#8914,.T.);
#8914 = B_SPLINE_CURVE_WITH_KNOTS('',3,(#8915,#8916,#8917,#8918),
  .UNSPECIFIED.,.F.,.F.,(4,4),(0.,1.),.PIECEWISE_BEZIER_KNOTS.);
#8915 = CARTESIAN_POINT('',(-20.85010468687,-11.14508532137,
    -5.340000504823));
#8916 = CARTESIAN_POINT('',(-20.8501046825,-11.04508532137,
    -5.340000496081));
#8917 = CARTESIAN_POINT('',(-20.85010467813,-10.94508532137,
    -5.340000487339));
#8918 = CARTESIAN_POINT('',(-20.85010467376,-10.84508532137,
    -5.340000478596));
#8919 = ( BOUNDED_SURFACE() B_SPLINE_SURFACE(2,3,(
    (#8920,#8921,#8922,#8923,#8924,#8925,#8926,#8927)
    ,(#8928,#8929,#8930,#8931,#8932,#8933,#8934,#8935)
    ,(#8936,#8937,#8938,#8939,#8940,#8941,#8942,#8943
)),.UNSPECIFIED.,.F.,.F.,.F.) B_SPLINE_SURFACE_WITH_KNOTS((3,3),(4,2,2,4
    ),(0.,1.),(4.28E-03,4.415E-03,4.475E-03,4.61E-03),.UNSPECIFIED.) 
GEOMETRIC_REPRESENTATION_ITEM() RATIONAL_B_SPLINE_SURFACE((
    (1.,1.,1.,1.,1.,1.,1.,1.)
    ,(8.485281374239E-02,8.485281374239E-02,8.485281374239E-02
      ,8.485281374239E-02,8.485281374239E-02,8.485281374239E-02
      ,8.485281374239E-02,8.485281374239E-02)
,(1.,1.,1.,1.,1.,1.,1.,1.))) REPRESENTATION_ITEM('') SURFACE() );
#8920 = CARTESIAN_POINT('',(-20.97010466786,-10.83008530564,
    -5.46000048253));
#8921 = CARTESIAN_POINT('',(-20.97010466982,-10.87508530564,
    -5.460000486465));
#8922 = CARTESIAN_POINT('',(-20.97010467179,-10.92008530564,
    -5.460000490399));
#8923 = CARTESIAN_POINT('',(-20.97010467463,-10.98508530564,
    -5.460000496081));
#8924 = CARTESIAN_POINT('',(-20.97010467551,-11.00508530564,
    -5.460000497829));
#8925 = CARTESIAN_POINT('',(-20.97010467835,-11.07008530564,
    -5.460000503512));
#8926 = CARTESIAN_POINT('',(-20.97010468032,-11.11508530564,
    -5.460000507446));
#8927 = CARTESIAN_POINT('',(-20.97010468228,-11.16008530564,
    -5.46000051138));
#8928 = CARTESIAN_POINT('',(-20.85010466786,-10.83008531088,
    -5.460000477285));
#8929 = CARTESIAN_POINT('',(-20.85010466982,-10.87508531088,
    -5.460000481219));
#8930 = CARTESIAN_POINT('',(-20.85010467179,-10.92008531088,
    -5.460000485153));
#8931 = CARTESIAN_POINT('',(-20.85010467463,-10.98508531088,
    -5.460000490836));
#8932 = CARTESIAN_POINT('',(-20.85010467551,-11.00508531088,
    -5.460000492584));
#8933 = CARTESIAN_POINT('',(-20.85010467835,-11.07008531088,
    -5.460000498267));
#8934 = CARTESIAN_POINT('',(-20.85010468032,-11.11508531088,
    -5.460000502201));
#8935 = CARTESIAN_POINT('',(-20.85010468228,-11.16008531088,
    -5.460000506135));
#8936 = CARTESIAN_POINT('',(-20.8501046731,-10.83008532137,
    -5.340000477285));
#8937 = CARTESIAN_POINT('',(-20.85010467507,-10.87508532137,
    -5.340000481219));
#8938 = CARTESIAN_POINT('',(-20.85010467704,-10.92008532137,
    -5.340000485153));
#8939 = CARTESIAN_POINT('',(-20.85010467988,-10.98508532137,
    -5.340000490836));
#8940 = CARTESIAN_POINT('',(-20.85010468075,-11.00508532137,
    -5.340000492584));
#8941 = CARTESIAN_POINT('',(-20.85010468359,-11.07008532137,
    -5.340000498267));
#8942 = CARTESIAN_POINT('',(-20.85010468556,-11.11508532137,
    -5.340000502201));
#8943 = CARTESIAN_POINT('',(-20.85010468753,-11.16008532137,
    -5.340000506135));
#8944 = ADVANCED_FACE('',(#8945),#8985,.T.);
#8945 = FACE_BOUND('',#8946,.T.);
#8946 = EDGE_LOOP('',(#8947,#8948,#8957,#8984));
#8947 = ORIENTED_EDGE('',*,*,#8854,.T.);
#8948 = ORIENTED_EDGE('',*,*,#8949,.F.);
#8949 = EDGE_CURVE('',#8950,#8855,#8952,.T.);
#8950 = VERTEX_POINT('',#8951);
#8951 = CARTESIAN_POINT('',(-21.15010468687,-11.14508530826,
    -5.340000517937));
#8952 = B_SPLINE_CURVE_WITH_KNOTS('',3,(#8953,#8954,#8955,#8956),
  .UNSPECIFIED.,.F.,.F.,(4,4),(0.,1.),.PIECEWISE_BEZIER_KNOTS.);
#8953 = CARTESIAN_POINT('',(-21.15010468687,-11.14508530826,
    -5.340000517937));
#8954 = CARTESIAN_POINT('',(-21.05010468687,-11.14508531263,
    -5.340000513566));
#8955 = CARTESIAN_POINT('',(-20.95010468687,-11.145085317,
    -5.340000509194));
#8956 = CARTESIAN_POINT('',(-20.85010468687,-11.14508532137,
    -5.340000504823));
#8957 = ORIENTED_EDGE('',*,*,#8958,.F.);
#8958 = EDGE_CURVE('',#8813,#8950,#8959,.T.);
#8959 = B_SPLINE_CURVE_WITH_KNOTS('',3,(#8960,#8961,#8962,#8963,#8964,
    #8965,#8966,#8967,#8968,#8969,#8970,#8971,#8972,#8973,#8974,#8975,
    #8976,#8977,#8978,#8979,#8980,#8981,#8982,#8983),.UNSPECIFIED.,.F.,
  .F.,(4,2,2,1,2,2,2,2,2,1,2,2,4),(0.,0.125,0.1875,0.21875,0.234375,0.25
    ,0.5,0.625,0.6875,0.71875,0.734375,0.75,1.),.UNSPECIFIED.);
#8960 = CARTESIAN_POINT('',(-21.03010467638,-11.02508530301,
    -5.460000502201));
#8961 = CARTESIAN_POINT('',(-21.03140112632,-11.02638175297,
    -5.46000050237));
#8962 = CARTESIAN_POINT('',(-21.0343577221,-11.02973694468,
    -5.45850452227));
#8963 = CARTESIAN_POINT('',(-21.04244179403,-11.03785784495,
    -5.452540388846));
#8964 = CARTESIAN_POINT('',(-21.04573396392,-11.04107949716,
    -5.449938885957));
#8965 = CARTESIAN_POINT('',(-21.05150157093,-11.04668400365,
    -5.445118905501));
#8966 = CARTESIAN_POINT('',(-21.05458950292,-11.04967926394,
    -5.442482555007));
#8967 = CARTESIAN_POINT('',(-21.0579411593,-11.0529640348,
    -5.439537341692));
#8968 = CARTESIAN_POINT('',(-21.06022747821,-11.05521821772,
    -5.437510794201));
#8969 = CARTESIAN_POINT('',(-21.0622228481,-11.05720352956,
    -5.435721631214));
#8970 = CARTESIAN_POINT('',(-21.06843517845,-11.06341489778,
    -5.430125301464));
#8971 = CARTESIAN_POINT('',(-21.07964850017,-11.07462903,-5.41978093424)
  );
#8972 = CARTESIAN_POINT('',(-21.1000927908,-11.09507346107,
    -5.399424265457));
#8973 = CARTESIAN_POINT('',(-21.10608634722,-11.10096126335,
    -5.393260601562));
#8974 = CARTESIAN_POINT('',(-21.11351712113,-11.1084024546,
    -5.38546183009));
#8975 = CARTESIAN_POINT('',(-21.11574430633,-11.11065109966,
    -5.383093060134));
#8976 = CARTESIAN_POINT('',(-21.11873370755,-11.11367643921,
    -5.379881621917));
#8977 = CARTESIAN_POINT('',(-21.12014100225,-11.11510220197,
    -5.378360820953));
#8978 = CARTESIAN_POINT('',(-21.12142437855,-11.11639760422,
    -5.37696304203));
#8979 = CARTESIAN_POINT('',(-21.1222533357,-11.11723223672,
    -5.376057885888));
#8980 = CARTESIAN_POINT('',(-21.12191535683,-11.11689583687,
    -5.376429943231));
#8981 = CARTESIAN_POINT('',(-21.14108178013,-11.13606467709,
    -5.355392843733));
#8982 = CARTESIAN_POINT('',(-21.15010468669,-11.14508530801,
    -5.342787272483));
#8983 = CARTESIAN_POINT('',(-21.15010468687,-11.14508530826,
    -5.340000517937));
#8984 = ORIENTED_EDGE('',*,*,#8810,.F.);
#8985 = ( BOUNDED_SURFACE() B_SPLINE_SURFACE(2,3,(
    (#8986,#8987,#8988,#8989,#8990,#8991,#8992,#8993)
    ,(#8994,#8995,#8996,#8997,#8998,#8999,#9000,#9001)
    ,(#9002,#9003,#9004,#9005,#9006,#9007,#9008,#9009
)),.UNSPECIFIED.,.F.,.F.,.F.) B_SPLINE_SURFACE_WITH_KNOTS((3,3),(4,2,2,4
    ),(0.,1.),(-1.65E-04,-3.E-05,3.E-05,1.65E-04),.UNSPECIFIED.) 
GEOMETRIC_REPRESENTATION_ITEM() RATIONAL_B_SPLINE_SURFACE((
    (1.,1.,1.,1.,1.,1.,1.,1.)
    ,(8.485281374239E-02,8.485281374239E-02,8.485281374239E-02
      ,8.485281374239E-02,8.485281374239E-02,8.485281374239E-02
      ,8.485281374239E-02,8.485281374239E-02)
,(1.,1.,1.,1.,1.,1.,1.,1.))) REPRESENTATION_ITEM('') SURFACE() );
#8986 = CARTESIAN_POINT('',(-20.83510467638,-11.02508531154,
    -5.460000493677));
#8987 = CARTESIAN_POINT('',(-20.88010467638,-11.02508530957,
    -5.460000495644));
#8988 = CARTESIAN_POINT('',(-20.92510467638,-11.0250853076,
    -5.460000497611));
#8989 = CARTESIAN_POINT('',(-20.99010467638,-11.02508530476,
    -5.460000500452));
#8990 = CARTESIAN_POINT('',(-21.01010467638,-11.02508530389,
    -5.460000501326));
#8991 = CARTESIAN_POINT('',(-21.07510467638,-11.02508530105,
    -5.460000504168));
#8992 = CARTESIAN_POINT('',(-21.12010467638,-11.02508529908,
    -5.460000506135));
#8993 = CARTESIAN_POINT('',(-21.16510467638,-11.02508529711,
    -5.460000508102));
#8994 = CARTESIAN_POINT('',(-20.83510468163,-11.14508531154,
    -5.460000504168));
#8995 = CARTESIAN_POINT('',(-20.88010468163,-11.14508530957,
    -5.460000506135));
#8996 = CARTESIAN_POINT('',(-20.92510468163,-11.1450853076,
    -5.460000508102));
#8997 = CARTESIAN_POINT('',(-20.99010468163,-11.14508530476,
    -5.460000510943));
#8998 = CARTESIAN_POINT('',(-21.01010468163,-11.14508530389,
    -5.460000511817));
#8999 = CARTESIAN_POINT('',(-21.07510468163,-11.14508530105,
    -5.460000514658));
#9000 = CARTESIAN_POINT('',(-21.12010468163,-11.14508529908,
    -5.460000516625));
#9001 = CARTESIAN_POINT('',(-21.16510468163,-11.14508529711,
    -5.460000518592));
#9002 = CARTESIAN_POINT('',(-20.83510468687,-11.14508532203,
    -5.340000504168));
#9003 = CARTESIAN_POINT('',(-20.88010468687,-11.14508532006,
    -5.340000506135));
#9004 = CARTESIAN_POINT('',(-20.92510468687,-11.14508531809,
    -5.340000508102));
#9005 = CARTESIAN_POINT('',(-20.99010468687,-11.14508531525,
    -5.340000510943));
#9006 = CARTESIAN_POINT('',(-21.01010468687,-11.14508531438,
    -5.340000511817));
#9007 = CARTESIAN_POINT('',(-21.07510468687,-11.14508531154,
    -5.340000514658));
#9008 = CARTESIAN_POINT('',(-21.12010468687,-11.14508530957,
    -5.340000516625));
#9009 = CARTESIAN_POINT('',(-21.16510468687,-11.1450853076,
    -5.340000518592));
#9010 = ADVANCED_FACE('',(#9011),#9051,.T.);
#9011 = FACE_BOUND('',#9012,.T.);
#9012 = EDGE_LOOP('',(#9013,#9042,#9043,#9044));
#9013 = ORIENTED_EDGE('',*,*,#9014,.T.);
#9014 = EDGE_CURVE('',#9015,#8822,#9017,.T.);
#9015 = VERTEX_POINT('',#9016);
#9016 = CARTESIAN_POINT('',(-21.15010467376,-10.84508530826,
    -5.34000049171));
#9017 = B_SPLINE_CURVE_WITH_KNOTS('',3,(#9018,#9019,#9020,#9021,#9022,
    #9023,#9024,#9025,#9026,#9027,#9028,#9029,#9030,#9031,#9032,#9033,
    #9034,#9035,#9036,#9037,#9038,#9039,#9040,#9041),.UNSPECIFIED.,.F.,
  .F.,(4,2,2,1,2,2,2,2,2,1,2,2,4),(0.,0.125,0.1875,0.21875,0.234375,0.25
    ,0.5,0.625,0.6875,0.71875,0.734375,0.75,1.),.UNSPECIFIED.);
#9018 = CARTESIAN_POINT('',(-21.15010467376,-10.84508530826,
    -5.34000049171));
#9019 = CARTESIAN_POINT('',(-21.1501046737,-10.84508530814,
    -5.341393635266));
#9020 = CARTESIAN_POINT('',(-21.14834762455,-10.84734046548,
    -5.344718814893));
#9021 = CARTESIAN_POINT('',(-21.14162072177,-10.85410593765,
    -5.353653437279));
#9022 = CARTESIAN_POINT('',(-21.13871134667,-10.85692488441,
    -5.357269748456));
#9023 = CARTESIAN_POINT('',(-21.13343543012,-10.86199898859,
    -5.363491460661));
#9024 = CARTESIAN_POINT('',(-21.13057350425,-10.8647474617,
    -5.366797645278));
#9025 = CARTESIAN_POINT('',(-21.127427312,-10.86781306633,
    -5.370333861151));
#9026 = CARTESIAN_POINT('',(-21.12527457362,-10.86992727642,
    -5.372733604665));
#9027 = CARTESIAN_POINT('',(-21.12343073301,-10.8717592836,
    -5.374766630307));
#9028 = CARTESIAN_POINT('',(-21.11683557853,-10.87835381175,
    -5.382005485103));
#9029 = CARTESIAN_POINT('',(-21.10788073968,-10.88730930914,
    -5.391669666585));
#9030 = CARTESIAN_POINT('',(-21.08597665882,-10.90921328422,
    -5.413479874848));
#9031 = CARTESIAN_POINT('',(-21.07963223584,-10.91542142541,
    -5.419574746901));
#9032 = CARTESIAN_POINT('',(-21.07197654995,-10.92309386145,
    -5.426785183103));
#9033 = CARTESIAN_POINT('',(-21.06972040958,-10.92537804418,
    -5.428880316158));
#9034 = CARTESIAN_POINT('',(-21.06674919942,-10.92839437431,
    -5.431613096958));
#9035 = CARTESIAN_POINT('',(-21.06536634868,-10.9298000534,
    -5.432877378912));
#9036 = CARTESIAN_POINT('',(-21.06412901252,-10.9310520035,
    -5.434000175618));
#9037 = CARTESIAN_POINT('',(-21.06333541948,-10.93185247491,
    -5.434718578244));
#9038 = CARTESIAN_POINT('',(-21.06377941704,-10.93141032811,
    -5.434319391977));
#9039 = CARTESIAN_POINT('',(-21.04352998255,-10.95166370678,
    -5.452560943532));
#9040 = CARTESIAN_POINT('',(-21.03269840341,-10.96249157341,
    -5.46000049684));
#9041 = CARTESIAN_POINT('',(-21.03010467376,-10.96508530301,
    -5.460000496955));
#9042 = ORIENTED_EDGE('',*,*,#8821,.F.);
#9043 = ORIENTED_EDGE('',*,*,#8958,.T.);
#9044 = ORIENTED_EDGE('',*,*,#9045,.F.);
#9045 = EDGE_CURVE('',#9015,#8950,#9046,.T.);
#9046 = B_SPLINE_CURVE_WITH_KNOTS('',3,(#9047,#9048,#9049,#9050),
  .UNSPECIFIED.,.F.,.F.,(4,4),(0.,1.),.PIECEWISE_BEZIER_KNOTS.);
#9047 = CARTESIAN_POINT('',(-21.15010467376,-10.84508530826,
    -5.34000049171));
#9048 = CARTESIAN_POINT('',(-21.15010467813,-10.94508530826,
    -5.340000500452));
#9049 = CARTESIAN_POINT('',(-21.1501046825,-11.04508530826,
    -5.340000509194));
#9050 = CARTESIAN_POINT('',(-21.15010468687,-11.14508530826,
    -5.340000517937));
#9051 = ( BOUNDED_SURFACE() B_SPLINE_SURFACE(2,3,(
    (#9052,#9053,#9054,#9055,#9056,#9057,#9058,#9059)
    ,(#9060,#9061,#9062,#9063,#9064,#9065,#9066,#9067)
    ,(#9068,#9069,#9070,#9071,#9072,#9073,#9074,#9075
)),.UNSPECIFIED.,.F.,.F.,.F.) B_SPLINE_SURFACE_WITH_KNOTS((3,3),(4,2,2,4
    ),(0.,1.),(-4.61E-03,-4.475E-03,-4.415E-03,-4.28E-03),
.UNSPECIFIED.) GEOMETRIC_REPRESENTATION_ITEM() RATIONAL_B_SPLINE_SURFACE
((
    (1.,1.,1.,1.,1.,1.,1.,1.)
    ,(8.485281374239E-02,8.485281374239E-02,8.485281374239E-02
      ,8.485281374239E-02,8.485281374239E-02,8.485281374239E-02
      ,8.485281374239E-02,8.485281374239E-02)
,(1.,1.,1.,1.,1.,1.,1.,1.))) REPRESENTATION_ITEM('') SURFACE() );
#9052 = CARTESIAN_POINT('',(-21.03010468228,-11.16008530301,
    -5.460000514003));
#9053 = CARTESIAN_POINT('',(-21.03010468032,-11.11508530301,
    -5.460000510069));
#9054 = CARTESIAN_POINT('',(-21.03010467835,-11.07008530301,
    -5.460000506135));
#9055 = CARTESIAN_POINT('',(-21.03010467551,-11.00508530301,
    -5.460000500452));
#9056 = CARTESIAN_POINT('',(-21.03010467463,-10.98508530301,
    -5.460000498704));
#9057 = CARTESIAN_POINT('',(-21.03010467179,-10.92008530301,
    -5.460000493021));
#9058 = CARTESIAN_POINT('',(-21.03010466982,-10.87508530301,
    -5.460000489087));
#9059 = CARTESIAN_POINT('',(-21.03010466786,-10.83008530301,
    -5.460000485153));
#9060 = CARTESIAN_POINT('',(-21.15010468228,-11.16008529777,
    -5.460000519248));
#9061 = CARTESIAN_POINT('',(-21.15010468032,-11.11508529777,
    -5.460000515314));
#9062 = CARTESIAN_POINT('',(-21.15010467835,-11.07008529777,
    -5.46000051138));
#9063 = CARTESIAN_POINT('',(-21.15010467551,-11.00508529777,
    -5.460000505698));
#9064 = CARTESIAN_POINT('',(-21.15010467463,-10.98508529777,
    -5.460000503949));
#9065 = CARTESIAN_POINT('',(-21.15010467179,-10.92008529777,
    -5.460000498267));
#9066 = CARTESIAN_POINT('',(-21.15010466982,-10.87508529777,
    -5.460000494333));
#9067 = CARTESIAN_POINT('',(-21.15010466786,-10.83008529777,
    -5.460000490399));
#9068 = CARTESIAN_POINT('',(-21.15010468753,-11.16008530826,
    -5.340000519248));
#9069 = CARTESIAN_POINT('',(-21.15010468556,-11.11508530826,
    -5.340000515314));
#9070 = CARTESIAN_POINT('',(-21.15010468359,-11.07008530826,
    -5.34000051138));
#9071 = CARTESIAN_POINT('',(-21.15010468075,-11.00508530826,
    -5.340000505698));
#9072 = CARTESIAN_POINT('',(-21.15010467988,-10.98508530826,
    -5.340000503949));
#9073 = CARTESIAN_POINT('',(-21.15010467704,-10.92008530826,
    -5.340000498267));
#9074 = CARTESIAN_POINT('',(-21.15010467507,-10.87508530826,
    -5.340000494333));
#9075 = CARTESIAN_POINT('',(-21.1501046731,-10.83008530826,
    -5.340000490399));
#9076 = ADVANCED_FACE('',(#9077),#9089,.T.);
#9077 = FACE_BOUND('',#9078,.T.);
#9078 = EDGE_LOOP('',(#9079,#9080,#9081,#9082));
#9079 = ORIENTED_EDGE('',*,*,#8884,.T.);
#9080 = ORIENTED_EDGE('',*,*,#8830,.F.);
#9081 = ORIENTED_EDGE('',*,*,#9014,.F.);
#9082 = ORIENTED_EDGE('',*,*,#9083,.F.);
#9083 = EDGE_CURVE('',#8885,#9015,#9084,.T.);
#9084 = B_SPLINE_CURVE_WITH_KNOTS('',3,(#9085,#9086,#9087,#9088),
  .UNSPECIFIED.,.F.,.F.,(4,4),(0.,1.),.PIECEWISE_BEZIER_KNOTS.);
#9085 = CARTESIAN_POINT('',(-20.85010467376,-10.84508532137,
    -5.340000478596));
#9086 = CARTESIAN_POINT('',(-20.95010467376,-10.845085317,
    -5.340000482968));
#9087 = CARTESIAN_POINT('',(-21.05010467376,-10.84508531263,
    -5.340000487339));
#9088 = CARTESIAN_POINT('',(-21.15010467376,-10.84508530826,
    -5.34000049171));
#9089 = ( BOUNDED_SURFACE() B_SPLINE_SURFACE(2,3,(
    (#9090,#9091,#9092,#9093,#9094,#9095,#9096,#9097)
    ,(#9098,#9099,#9100,#9101,#9102,#9103,#9104,#9105)
    ,(#9106,#9107,#9108,#9109,#9110,#9111,#9112,#9113
)),.UNSPECIFIED.,.F.,.F.,.F.) B_SPLINE_SURFACE_WITH_KNOTS((3,3),(4,2,2,4
    ),(0.,1.),(-1.65E-04,-3.E-05,3.E-05,1.65E-04),.UNSPECIFIED.) 
GEOMETRIC_REPRESENTATION_ITEM() RATIONAL_B_SPLINE_SURFACE((
    (1.,1.,1.,1.,1.,1.,1.,1.)
    ,(8.485281374239E-02,8.485281374239E-02,8.485281374239E-02
      ,8.485281374239E-02,8.485281374239E-02,8.485281374239E-02
      ,8.485281374239E-02,8.485281374239E-02)
,(1.,1.,1.,1.,1.,1.,1.,1.))) REPRESENTATION_ITEM('') SURFACE() );
#9090 = CARTESIAN_POINT('',(-21.16510467376,-10.96508529711,
    -5.460000502856));
#9091 = CARTESIAN_POINT('',(-21.12010467376,-10.96508529908,
    -5.460000500889));
#9092 = CARTESIAN_POINT('',(-21.07510467376,-10.96508530105,
    -5.460000498922));
#9093 = CARTESIAN_POINT('',(-21.01010467376,-10.96508530389,
    -5.460000496081));
#9094 = CARTESIAN_POINT('',(-20.99010467376,-10.96508530476,
    -5.460000495207));
#9095 = CARTESIAN_POINT('',(-20.92510467376,-10.9650853076,
    -5.460000492366));
#9096 = CARTESIAN_POINT('',(-20.88010467376,-10.96508530957,
    -5.460000490399));
#9097 = CARTESIAN_POINT('',(-20.83510467376,-10.96508531154,
    -5.460000488432));
#9098 = CARTESIAN_POINT('',(-21.16510466851,-10.84508529711,
    -5.460000492366));
#9099 = CARTESIAN_POINT('',(-21.12010466851,-10.84508529908,
    -5.460000490399));
#9100 = CARTESIAN_POINT('',(-21.07510466851,-10.84508530105,
    -5.460000488432));
#9101 = CARTESIAN_POINT('',(-21.01010466851,-10.84508530389,
    -5.46000048559));
#9102 = CARTESIAN_POINT('',(-20.99010466851,-10.84508530476,
    -5.460000484716));
#9103 = CARTESIAN_POINT('',(-20.92510466851,-10.8450853076,
    -5.460000481875));
#9104 = CARTESIAN_POINT('',(-20.88010466851,-10.84508530957,
    -5.460000479908));
#9105 = CARTESIAN_POINT('',(-20.83510466851,-10.84508531154,
    -5.460000477941));
#9106 = CARTESIAN_POINT('',(-21.16510467376,-10.8450853076,
    -5.340000492366));
#9107 = CARTESIAN_POINT('',(-21.12010467376,-10.84508530957,
    -5.340000490399));
#9108 = CARTESIAN_POINT('',(-21.07510467376,-10.84508531154,
    -5.340000488432));
#9109 = CARTESIAN_POINT('',(-21.01010467376,-10.84508531438,
    -5.34000048559));
#9110 = CARTESIAN_POINT('',(-20.99010467376,-10.84508531525,
    -5.340000484716));
#9111 = CARTESIAN_POINT('',(-20.92510467376,-10.84508531809,
    -5.340000481875));
#9112 = CARTESIAN_POINT('',(-20.88010467376,-10.84508532006,
    -5.340000479908));
#9113 = CARTESIAN_POINT('',(-20.83510467376,-10.84508532203,
    -5.340000477941));
#9114 = ADVANCED_FACE('',(#9115),#9131,.T.);
#9115 = FACE_BOUND('',#9116,.T.);
#9116 = EDGE_LOOP('',(#9117,#9123,#9124,#9130));
#9117 = ORIENTED_EDGE('',*,*,#9118,.T.);
#9118 = EDGE_CURVE('',#8413,#8885,#9119,.T.);
#9119 = LINE('',#9120,#9121);
#9120 = CARTESIAN_POINT('',(-20.85010498324,-10.84508594032,
    1.739999521404));
#9121 = VECTOR('',#9122,1.);
#9122 = DIRECTION('',(4.371140912996E-08,8.742273203022E-08,-1.));
#9123 = ORIENTED_EDGE('',*,*,#9083,.T.);
#9124 = ORIENTED_EDGE('',*,*,#9125,.F.);
#9125 = EDGE_CURVE('',#8397,#9015,#9126,.T.);
#9126 = LINE('',#9127,#9128);
#9127 = CARTESIAN_POINT('',(-21.15010498324,-10.84508592721,
    1.73999950829));
#9128 = VECTOR('',#9129,1.);
#9129 = DIRECTION('',(4.371140912996E-08,8.742273203022E-08,-1.));
#9130 = ORIENTED_EDGE('',*,*,#8420,.T.);
#9131 = PLANE('',#9132);
#9132 = AXIS2_PLACEMENT_3D('',#9133,#9134,#9135);
#9133 = CARTESIAN_POINT('',(-21.00010498324,-10.84508593377,
    1.739999514847));
#9134 = DIRECTION('',(4.371138828674E-08,1.,8.742273394091E-08));
#9135 = DIRECTION('',(1.,-4.371139210811E-08,4.371140530859E-08));
#9136 = ADVANCED_FACE('',(#9137),#9148,.F.);
#9137 = FACE_BOUND('',#9138,.T.);
#9138 = EDGE_LOOP('',(#9139,#9140,#9141,#9147));
#9139 = ORIENTED_EDGE('',*,*,#9125,.T.);
#9140 = ORIENTED_EDGE('',*,*,#9045,.T.);
#9141 = ORIENTED_EDGE('',*,*,#9142,.F.);
#9142 = EDGE_CURVE('',#8395,#8950,#9143,.T.);
#9143 = LINE('',#9144,#9145);
#9144 = CARTESIAN_POINT('',(-21.15010499635,-11.14508592721,
    1.739999482063));
#9145 = VECTOR('',#9146,1.);
#9146 = DIRECTION('',(4.371140912996E-08,8.742273203022E-08,-1.));
#9147 = ORIENTED_EDGE('',*,*,#8394,.T.);
#9148 = PLANE('',#9149);
#9149 = AXIS2_PLACEMENT_3D('',#9150,#9151,#9152);
#9150 = CARTESIAN_POINT('',(-21.15010479549,-6.550085927215,
    1.739999883771));
#9151 = DIRECTION('',(1.,-4.371139219846E-08,4.371140530859E-08));
#9152 = DIRECTION('',(-4.371138837709E-08,-1.,-8.742273394091E-08));
#9153 = ADVANCED_FACE('',(#9154),#9165,.F.);
#9154 = FACE_BOUND('',#9155,.T.);
#9155 = EDGE_LOOP('',(#9156,#9157,#9158,#9164));
#9156 = ORIENTED_EDGE('',*,*,#9142,.T.);
#9157 = ORIENTED_EDGE('',*,*,#8949,.T.);
#9158 = ORIENTED_EDGE('',*,*,#9159,.F.);
#9159 = EDGE_CURVE('',#8405,#8855,#9160,.T.);
#9160 = LINE('',#9161,#9162);
#9161 = CARTESIAN_POINT('',(-20.85010499635,-11.14508594032,
    1.739999495177));
#9162 = VECTOR('',#9163,1.);
#9163 = DIRECTION('',(4.371140912996E-08,8.742273203022E-08,-1.));
#9164 = ORIENTED_EDGE('',*,*,#8404,.T.);
#9165 = PLANE('',#9166);
#9166 = AXIS2_PLACEMENT_3D('',#9167,#9168,#9169);
#9167 = CARTESIAN_POINT('',(-21.00010499635,-11.14508593377,
    1.73999948862));
#9168 = DIRECTION('',(4.371138828674E-08,1.,8.742273394091E-08));
#9169 = DIRECTION('',(1.,-4.371139210811E-08,4.371140530859E-08));
#9170 = ADVANCED_FACE('',(#9171),#9177,.T.);
#9171 = FACE_BOUND('',#9172,.T.);
#9172 = EDGE_LOOP('',(#9173,#9174,#9175,#9176));
#9173 = ORIENTED_EDGE('',*,*,#9159,.T.);
#9174 = ORIENTED_EDGE('',*,*,#8913,.T.);
#9175 = ORIENTED_EDGE('',*,*,#9118,.F.);
#9176 = ORIENTED_EDGE('',*,*,#8412,.T.);
#9177 = PLANE('',#9178);
#9178 = AXIS2_PLACEMENT_3D('',#9179,#9180,#9181);
#9179 = CARTESIAN_POINT('',(-20.85010479549,-6.550085940329,
    1.739999896884));
#9180 = DIRECTION('',(1.,-4.371139219846E-08,4.371140530859E-08));
#9181 = DIRECTION('',(-4.371138837709E-08,-1.,-8.742273394091E-08));
#9182 = ADVANCED_FACE('',(#9183),#9221,.T.);
#9183 = FACE_BOUND('',#9184,.T.);
#9184 = EDGE_LOOP('',(#9185,#9196,#9205,#9214));
#9185 = ORIENTED_EDGE('',*,*,#9186,.T.);
#9186 = EDGE_CURVE('',#9187,#9189,#9191,.T.);
#9187 = VERTEX_POINT('',#9188);
#9188 = CARTESIAN_POINT('',(-20.97010428779,-2.13508530564,
    -5.45999972239));
#9189 = VERTEX_POINT('',#9190);
#9190 = CARTESIAN_POINT('',(-21.03010428779,-2.135085303017,
    -5.459999725012));
#9191 = B_SPLINE_CURVE_WITH_KNOTS('',3,(#9192,#9193,#9194,#9195),
  .UNSPECIFIED.,.F.,.F.,(4,4),(0.,1.),.PIECEWISE_BEZIER_KNOTS.);
#9192 = CARTESIAN_POINT('',(-20.97010428779,-2.13508530564,
    -5.45999972239));
#9193 = CARTESIAN_POINT('',(-20.99010428779,-2.135085304765,
    -5.459999723264));
#9194 = CARTESIAN_POINT('',(-21.01010428779,-2.135085303891,
    -5.459999724138));
#9195 = CARTESIAN_POINT('',(-21.03010428779,-2.135085303017,
    -5.459999725012));
#9196 = ORIENTED_EDGE('',*,*,#9197,.T.);
#9197 = EDGE_CURVE('',#9189,#9198,#9200,.T.);
#9198 = VERTEX_POINT('',#9199);
#9199 = CARTESIAN_POINT('',(-21.03010428516,-2.075085303017,
    -5.459999719767));
#9200 = B_SPLINE_CURVE_WITH_KNOTS('',3,(#9201,#9202,#9203,#9204),
  .UNSPECIFIED.,.F.,.F.,(4,4),(0.,1.),.PIECEWISE_BEZIER_KNOTS.);
#9201 = CARTESIAN_POINT('',(-21.03010428779,-2.135085303017,
    -5.459999725012));
#9202 = CARTESIAN_POINT('',(-21.03010428691,-2.115085303017,
    -5.459999723264));
#9203 = CARTESIAN_POINT('',(-21.03010428604,-2.095085303017,
    -5.459999721516));
#9204 = CARTESIAN_POINT('',(-21.03010428516,-2.075085303017,
    -5.459999719767));
#9205 = ORIENTED_EDGE('',*,*,#9206,.T.);
#9206 = EDGE_CURVE('',#9198,#9207,#9209,.T.);
#9207 = VERTEX_POINT('',#9208);
#9208 = CARTESIAN_POINT('',(-20.97010428516,-2.07508530564,
    -5.459999717144));
#9209 = B_SPLINE_CURVE_WITH_KNOTS('',3,(#9210,#9211,#9212,#9213),
  .UNSPECIFIED.,.F.,.F.,(4,4),(0.,1.),.PIECEWISE_BEZIER_KNOTS.);
#9210 = CARTESIAN_POINT('',(-21.03010428516,-2.075085303017,
    -5.459999719767));
#9211 = CARTESIAN_POINT('',(-21.01010428516,-2.075085303891,
    -5.459999718893));
#9212 = CARTESIAN_POINT('',(-20.99010428516,-2.075085304765,
    -5.459999718019));
#9213 = CARTESIAN_POINT('',(-20.97010428516,-2.07508530564,
    -5.459999717144));
#9214 = ORIENTED_EDGE('',*,*,#9215,.T.);
#9215 = EDGE_CURVE('',#9207,#9187,#9216,.T.);
#9216 = B_SPLINE_CURVE_WITH_KNOTS('',3,(#9217,#9218,#9219,#9220),
  .UNSPECIFIED.,.F.,.F.,(4,4),(0.,1.),.PIECEWISE_BEZIER_KNOTS.);
#9217 = CARTESIAN_POINT('',(-20.97010428516,-2.07508530564,
    -5.459999717144));
#9218 = CARTESIAN_POINT('',(-20.97010428604,-2.09508530564,
    -5.459999718893));
#9219 = CARTESIAN_POINT('',(-20.97010428691,-2.11508530564,
    -5.459999720641));
#9220 = CARTESIAN_POINT('',(-20.97010428779,-2.13508530564,
    -5.45999972239));
#9221 = PLANE('',#9222);
#9222 = AXIS2_PLACEMENT_3D('',#9223,#9224,#9225);
#9223 = CARTESIAN_POINT('',(-21.00010448077,-6.550085304328,
    -5.460000109673));
#9224 = DIRECTION('',(4.371140912996E-08,8.742273203022E-08,-1.));
#9225 = DIRECTION('',(-4.371138828674E-08,-1.,-8.742273394091E-08));
#9226 = ADVANCED_FACE('',(#9227),#9295,.T.);
#9227 = FACE_BOUND('',#9228,.T.);
#9228 = EDGE_LOOP('',(#9229,#9258,#9259,#9288));
#9229 = ORIENTED_EDGE('',*,*,#9230,.F.);
#9230 = EDGE_CURVE('',#9187,#9231,#9233,.T.);
#9231 = VERTEX_POINT('',#9232);
#9232 = CARTESIAN_POINT('',(-20.85010429828,-2.255085321376,
    -5.339999727635));
#9233 = B_SPLINE_CURVE_WITH_KNOTS('',3,(#9234,#9235,#9236,#9237,#9238,
    #9239,#9240,#9241,#9242,#9243,#9244,#9245,#9246,#9247,#9248,#9249,
    #9250,#9251,#9252,#9253,#9254,#9255,#9256,#9257),.UNSPECIFIED.,.F.,
  .F.,(4,2,2,1,2,2,2,2,2,1,2,2,4),(0.,0.125,0.1875,0.21875,0.234375,0.25
    ,0.5,0.625,0.6875,0.71875,0.734375,0.75,1.),.UNSPECIFIED.);
#9234 = CARTESIAN_POINT('',(-20.97010428779,-2.13508530564,
    -5.45999972239));
#9235 = CARTESIAN_POINT('',(-20.96880783783,-2.136381755579,
    -5.459999722446));
#9236 = CARTESIAN_POINT('',(-20.96545264631,-2.139338351422,
    -5.458503742034));
#9237 = CARTESIAN_POINT('',(-20.95733174682,-2.14742242362,
    -5.452539607897));
#9238 = CARTESIAN_POINT('',(-20.95411009496,-2.150714593624,
    -5.449938104729));
#9239 = CARTESIAN_POINT('',(-20.9485055891,-2.156482200841,
    -5.445118123791));
#9240 = CARTESIAN_POINT('',(-20.94551032915,-2.159570132944,
    -5.44248177304));
#9241 = CARTESIAN_POINT('',(-20.94222555868,-2.162921789451,
    -5.439536559441));
#9242 = CARTESIAN_POINT('',(-20.93997137603,-2.165208108448,
    -5.437510011754));
#9243 = CARTESIAN_POINT('',(-20.93798606442,-2.167203478415,
    -5.435720848596));
#9244 = CARTESIAN_POINT('',(-20.93177469692,-2.173415809032,
    -5.43012451829));
#9245 = CARTESIAN_POINT('',(-20.92056056607,-2.184629131194,
    -5.419780150094));
#9246 = CARTESIAN_POINT('',(-20.90011613767,-2.205073422703,
    -5.39942347953));
#9247 = CARTESIAN_POINT('',(-20.89422833621,-2.21106697939,
    -5.393259815126));
#9248 = CARTESIAN_POINT('',(-20.88678714598,-2.218497753647,
    -5.385461043003));
#9249 = CARTESIAN_POINT('',(-20.88453850123,-2.220724938943,
    -5.383092272849));
#9250 = CARTESIAN_POINT('',(-20.8815131621,-2.223714340311,
    -5.379880834365));
#9251 = CARTESIAN_POINT('',(-20.88008739954,-2.225121635072,
    -5.378360033276));
#9252 = CARTESIAN_POINT('',(-20.87879199747,-2.226405011435,
    -5.376962254237));
#9253 = CARTESIAN_POINT('',(-20.87795736509,-2.227233968626,
    -5.376057098022));
#9254 = CARTESIAN_POINT('',(-20.87829376489,-2.226895989742,
    -5.376429155394));
#9255 = CARTESIAN_POINT('',(-20.85912492743,-2.246062413961,
    -5.35539205422));
#9256 = CARTESIAN_POINT('',(-20.85010429816,-2.25508532107,
    -5.342786482181));
#9257 = CARTESIAN_POINT('',(-20.85010429828,-2.255085321376,
    -5.339999727635));
#9258 = ORIENTED_EDGE('',*,*,#9215,.F.);
#9259 = ORIENTED_EDGE('',*,*,#9260,.F.);
#9260 = EDGE_CURVE('',#9261,#9207,#9263,.T.);
#9261 = VERTEX_POINT('',#9262);
#9262 = CARTESIAN_POINT('',(-20.85010428516,-1.955085321376,
    -5.339999701408));
#9263 = B_SPLINE_CURVE_WITH_KNOTS('',3,(#9264,#9265,#9266,#9267,#9268,
    #9269,#9270,#9271,#9272,#9273,#9274,#9275,#9276,#9277,#9278,#9279,
    #9280,#9281,#9282,#9283,#9284,#9285,#9286,#9287),.UNSPECIFIED.,.F.,
  .F.,(4,2,2,1,2,2,2,2,2,1,2,2,4),(0.,0.125,0.1875,0.21875,0.234375,0.25
    ,0.5,0.625,0.6875,0.71875,0.734375,0.75,1.),.UNSPECIFIED.);
#9264 = CARTESIAN_POINT('',(-20.85010428516,-1.955085321376,
    -5.339999701408));
#9265 = CARTESIAN_POINT('',(-20.8501042851,-1.955085321255,
    -5.341392844965));
#9266 = CARTESIAN_POINT('',(-20.85235944259,-1.956842369962,
    -5.344718024722));
#9267 = CARTESIAN_POINT('',(-20.85912491516,-1.963569271572,
    -5.353652647695));
#9268 = CARTESIAN_POINT('',(-20.86194386207,-1.9664786462,
    -5.357268959129));
#9269 = CARTESIAN_POINT('',(-20.86701796653,-1.971754561933,
    -5.363490671805));
#9270 = CARTESIAN_POINT('',(-20.86976643978,-1.974616487365,
    -5.366796856677));
#9271 = CARTESIAN_POINT('',(-20.87283204456,-1.977762679158,
    -5.370333072829));
#9272 = CARTESIAN_POINT('',(-20.87494625476,-1.979915417225,
    -5.372732816533));
#9273 = CARTESIAN_POINT('',(-20.87677826203,-1.981759257564,
    -5.374765842337));
#9274 = CARTESIAN_POINT('',(-20.88337279049,-1.988354411098,
    -5.382004697713));
#9275 = CARTESIAN_POINT('',(-20.89232828831,-1.997309248684,
    -5.391668879984));
#9276 = CARTESIAN_POINT('',(-20.91423226433,-2.019213326669,
    -5.413479090148));
#9277 = CARTESIAN_POINT('',(-20.92044040579,-2.025557748847,
    -5.41957396276));
#9278 = CARTESIAN_POINT('',(-20.92811284215,-2.033213433795,
    -5.42678439963));
#9279 = CARTESIAN_POINT('',(-20.93039702496,-2.035469573897,
    -5.428879532883));
#9280 = CARTESIAN_POINT('',(-20.93341335522,-2.038440783692,
    -5.431612313942));
#9281 = CARTESIAN_POINT('',(-20.93481903436,-2.039823634276,
    -5.432876596017));
#9282 = CARTESIAN_POINT('',(-20.93607098452,-2.041060970287,
    -5.433999392831));
#9283 = CARTESIAN_POINT('',(-20.93687145596,-2.04185456323,
    -5.434717795527));
#9284 = CARTESIAN_POINT('',(-20.93642930914,-2.04141056573,
    -5.434318609222));
#9285 = CARTESIAN_POINT('',(-20.95668268861,-2.06165999782,
    -5.452560162548));
#9286 = CARTESIAN_POINT('',(-20.96751055556,-2.07249157599,
    -5.459999716802));
#9287 = CARTESIAN_POINT('',(-20.97010428516,-2.07508530564,
    -5.459999717144));
#9288 = ORIENTED_EDGE('',*,*,#9289,.F.);
#9289 = EDGE_CURVE('',#9231,#9261,#9290,.T.);
#9290 = B_SPLINE_CURVE_WITH_KNOTS('',3,(#9291,#9292,#9293,#9294),
  .UNSPECIFIED.,.F.,.F.,(4,4),(0.,1.),.PIECEWISE_BEZIER_KNOTS.);
#9291 = CARTESIAN_POINT('',(-20.85010429828,-2.255085321376,
    -5.339999727635));
#9292 = CARTESIAN_POINT('',(-20.85010429391,-2.155085321376,
    -5.339999718893));
#9293 = CARTESIAN_POINT('',(-20.85010428954,-2.055085321376,
    -5.339999710151));
#9294 = CARTESIAN_POINT('',(-20.85010428516,-1.955085321376,
    -5.339999701408));
#9295 = ( BOUNDED_SURFACE() B_SPLINE_SURFACE(2,3,(
    (#9296,#9297,#9298,#9299,#9300,#9301,#9302,#9303)
    ,(#9304,#9305,#9306,#9307,#9308,#9309,#9310,#9311)
    ,(#9312,#9313,#9314,#9315,#9316,#9317,#9318,#9319
)),.UNSPECIFIED.,.F.,.F.,.F.) B_SPLINE_SURFACE_WITH_KNOTS((3,3),(4,2,2,4
    ),(0.,1.),(-4.61E-03,-4.475E-03,-4.415E-03,-4.28E-03),
.UNSPECIFIED.) GEOMETRIC_REPRESENTATION_ITEM() RATIONAL_B_SPLINE_SURFACE
((
    (1.,1.,1.,1.,1.,1.,1.,1.)
    ,(8.485281374239E-02,8.485281374239E-02,8.485281374239E-02
      ,8.485281374239E-02,8.485281374239E-02,8.485281374239E-02
      ,8.485281374239E-02,8.485281374239E-02)
,(1.,1.,1.,1.,1.,1.,1.,1.))) REPRESENTATION_ITEM('') SURFACE() );
#9296 = CARTESIAN_POINT('',(-20.97010427926,-1.94008530564,
    -5.459999705342));
#9297 = CARTESIAN_POINT('',(-20.97010428123,-1.98508530564,
    -5.459999709276));
#9298 = CARTESIAN_POINT('',(-20.9701042832,-2.03008530564,-5.45999971321
    ));
#9299 = CARTESIAN_POINT('',(-20.97010428604,-2.09508530564,
    -5.459999718893));
#9300 = CARTESIAN_POINT('',(-20.97010428691,-2.11508530564,
    -5.459999720641));
#9301 = CARTESIAN_POINT('',(-20.97010428975,-2.18008530564,
    -5.459999726324));
#9302 = CARTESIAN_POINT('',(-20.97010429172,-2.22508530564,
    -5.459999730258));
#9303 = CARTESIAN_POINT('',(-20.97010429369,-2.27008530564,
    -5.459999734192));
#9304 = CARTESIAN_POINT('',(-20.85010427926,-1.940085310885,
    -5.459999700097));
#9305 = CARTESIAN_POINT('',(-20.85010428123,-1.985085310885,
    -5.459999704031));
#9306 = CARTESIAN_POINT('',(-20.8501042832,-2.030085310885,
    -5.459999707965));
#9307 = CARTESIAN_POINT('',(-20.85010428604,-2.095085310885,
    -5.459999713648));
#9308 = CARTESIAN_POINT('',(-20.85010428691,-2.115085310885,
    -5.459999715396));
#9309 = CARTESIAN_POINT('',(-20.85010428975,-2.180085310885,
    -5.459999721078));
#9310 = CARTESIAN_POINT('',(-20.85010429172,-2.225085310885,
    -5.459999725012));
#9311 = CARTESIAN_POINT('',(-20.85010429369,-2.270085310885,
    -5.459999728947));
#9312 = CARTESIAN_POINT('',(-20.85010428451,-1.940085321376,
    -5.339999700097));
#9313 = CARTESIAN_POINT('',(-20.85010428648,-1.985085321376,
    -5.339999704031));
#9314 = CARTESIAN_POINT('',(-20.85010428844,-2.030085321376,
    -5.339999707965));
#9315 = CARTESIAN_POINT('',(-20.85010429128,-2.095085321376,
    -5.339999713648));
#9316 = CARTESIAN_POINT('',(-20.85010429216,-2.115085321376,
    -5.339999715396));
#9317 = CARTESIAN_POINT('',(-20.850104295,-2.180085321376,
    -5.339999721078));
#9318 = CARTESIAN_POINT('',(-20.85010429697,-2.225085321376,
    -5.339999725012));
#9319 = CARTESIAN_POINT('',(-20.85010429893,-2.270085321376,
    -5.339999728947));
#9320 = ADVANCED_FACE('',(#9321),#9361,.T.);
#9321 = FACE_BOUND('',#9322,.T.);
#9322 = EDGE_LOOP('',(#9323,#9324,#9333,#9360));
#9323 = ORIENTED_EDGE('',*,*,#9230,.T.);
#9324 = ORIENTED_EDGE('',*,*,#9325,.F.);
#9325 = EDGE_CURVE('',#9326,#9231,#9328,.T.);
#9326 = VERTEX_POINT('',#9327);
#9327 = CARTESIAN_POINT('',(-21.15010429828,-2.255085308262,
    -5.339999740749));
#9328 = B_SPLINE_CURVE_WITH_KNOTS('',3,(#9329,#9330,#9331,#9332),
  .UNSPECIFIED.,.F.,.F.,(4,4),(0.,1.),.PIECEWISE_BEZIER_KNOTS.);
#9329 = CARTESIAN_POINT('',(-21.15010429828,-2.255085308262,
    -5.339999740749));
#9330 = CARTESIAN_POINT('',(-21.05010429828,-2.255085312633,
    -5.339999736377));
#9331 = CARTESIAN_POINT('',(-20.95010429828,-2.255085317005,
    -5.339999732006));
#9332 = CARTESIAN_POINT('',(-20.85010429828,-2.255085321376,
    -5.339999727635));
#9333 = ORIENTED_EDGE('',*,*,#9334,.F.);
#9334 = EDGE_CURVE('',#9189,#9326,#9335,.T.);
#9335 = B_SPLINE_CURVE_WITH_KNOTS('',3,(#9336,#9337,#9338,#9339,#9340,
    #9341,#9342,#9343,#9344,#9345,#9346,#9347,#9348,#9349,#9350,#9351,
    #9352,#9353,#9354,#9355,#9356,#9357,#9358,#9359),.UNSPECIFIED.,.F.,
  .F.,(4,2,2,1,2,2,2,2,2,1,2,2,4),(0.,0.125,0.1875,0.21875,0.234375,0.25
    ,0.5,0.625,0.6875,0.71875,0.734375,0.75,1.),.UNSPECIFIED.);
#9336 = CARTESIAN_POINT('',(-21.03010428779,-2.135085303017,
    -5.459999725012));
#9337 = CARTESIAN_POINT('',(-21.03140073773,-2.136381752975,
    -5.459999725182));
#9338 = CARTESIAN_POINT('',(-21.03435733351,-2.139736944685,
    -5.45850374508));
#9339 = CARTESIAN_POINT('',(-21.04244140544,-2.147857844958,
    -5.452539611654));
#9340 = CARTESIAN_POINT('',(-21.04573357533,-2.151079497166,
    -5.449938108765));
#9341 = CARTESIAN_POINT('',(-21.05150118234,-2.156684003658,
    -5.44511812831));
#9342 = CARTESIAN_POINT('',(-21.05458911433,-2.159679263949,
    -5.442481777816));
#9343 = CARTESIAN_POINT('',(-21.0579407707,-2.162964034805,
    -5.439536564502));
#9344 = CARTESIAN_POINT('',(-21.06022708961,-2.165218217724,
    -5.437510017012));
#9345 = CARTESIAN_POINT('',(-21.0622224595,-2.167203529563,
    -5.435720854026));
#9346 = CARTESIAN_POINT('',(-21.06843478988,-2.173414897805,
    -5.430124524262));
#9347 = CARTESIAN_POINT('',(-21.07964811158,-2.184629030002,
    -5.419780157055));
#9348 = CARTESIAN_POINT('',(-21.10009240221,-2.20507346108,
    -5.399423488267));
#9349 = CARTESIAN_POINT('',(-21.10608595863,-2.210961263354,
    -5.393259824371));
#9350 = CARTESIAN_POINT('',(-21.11351673254,-2.218402454607,
    -5.385461052899));
#9351 = CARTESIAN_POINT('',(-21.11574391773,-2.220651099665,
    -5.383092282944));
#9352 = CARTESIAN_POINT('',(-21.11873331896,-2.223676439212,
    -5.379880844728));
#9353 = CARTESIAN_POINT('',(-21.12014061365,-2.225102201976,
    -5.378360043764));
#9354 = CARTESIAN_POINT('',(-21.12142398995,-2.226397604225,
    -5.376962264841));
#9355 = CARTESIAN_POINT('',(-21.1222529471,-2.227232236721,
    -5.376057108699));
#9356 = CARTESIAN_POINT('',(-21.12191496824,-2.226895836877,
    -5.376429166043));
#9357 = CARTESIAN_POINT('',(-21.14108139154,-2.246064677092,
    -5.355392066542));
#9358 = CARTESIAN_POINT('',(-21.15010429809,-2.255085308019,
    -5.342786495294));
#9359 = CARTESIAN_POINT('',(-21.15010429828,-2.255085308262,
    -5.339999740749));
#9360 = ORIENTED_EDGE('',*,*,#9186,.F.);
#9361 = ( BOUNDED_SURFACE() B_SPLINE_SURFACE(2,3,(
    (#9362,#9363,#9364,#9365,#9366,#9367,#9368,#9369)
    ,(#9370,#9371,#9372,#9373,#9374,#9375,#9376,#9377)
    ,(#9378,#9379,#9380,#9381,#9382,#9383,#9384,#9385
)),.UNSPECIFIED.,.F.,.F.,.F.) B_SPLINE_SURFACE_WITH_KNOTS((3,3),(4,2,2,4
    ),(0.,1.),(-3.15E-04,-1.8E-04,-1.2E-04,1.5E-05),.UNSPECIFIED.) 
GEOMETRIC_REPRESENTATION_ITEM() RATIONAL_B_SPLINE_SURFACE((
    (1.,1.,1.,1.,1.,1.,1.,1.)
    ,(8.485281374239E-02,8.485281374239E-02,8.485281374239E-02
      ,8.485281374239E-02,8.485281374239E-02,8.485281374239E-02
      ,8.485281374239E-02,8.485281374239E-02)
,(1.,1.,1.,1.,1.,1.,1.,1.))) REPRESENTATION_ITEM('') SURFACE() );
#9362 = CARTESIAN_POINT('',(-20.83510428779,-2.135085311541,
    -5.459999716489));
#9363 = CARTESIAN_POINT('',(-20.88010428779,-2.135085309574,
    -5.459999718456));
#9364 = CARTESIAN_POINT('',(-20.92510428779,-2.135085307607,
    -5.459999720423));
#9365 = CARTESIAN_POINT('',(-20.99010428779,-2.135085304765,
    -5.459999723264));
#9366 = CARTESIAN_POINT('',(-21.01010428779,-2.135085303891,
    -5.459999724138));
#9367 = CARTESIAN_POINT('',(-21.07510428779,-2.13508530105,
    -5.45999972698));
#9368 = CARTESIAN_POINT('',(-21.12010428779,-2.135085299083,
    -5.459999728947));
#9369 = CARTESIAN_POINT('',(-21.16510428779,-2.135085297116,
    -5.459999730914));
#9370 = CARTESIAN_POINT('',(-20.83510429303,-2.255085311541,
    -5.45999972698));
#9371 = CARTESIAN_POINT('',(-20.88010429303,-2.255085309574,
    -5.459999728947));
#9372 = CARTESIAN_POINT('',(-20.92510429303,-2.255085307607,
    -5.459999730914));
#9373 = CARTESIAN_POINT('',(-20.99010429303,-2.255085304765,
    -5.459999733755));
#9374 = CARTESIAN_POINT('',(-21.01010429303,-2.255085303891,
    -5.459999734629));
#9375 = CARTESIAN_POINT('',(-21.07510429303,-2.25508530105,
    -5.45999973747));
#9376 = CARTESIAN_POINT('',(-21.12010429303,-2.255085299083,
    -5.459999739437));
#9377 = CARTESIAN_POINT('',(-21.16510429303,-2.255085297116,
    -5.459999741404));
#9378 = CARTESIAN_POINT('',(-20.83510429828,-2.255085322031,
    -5.33999972698));
#9379 = CARTESIAN_POINT('',(-20.88010429828,-2.255085320064,
    -5.339999728947));
#9380 = CARTESIAN_POINT('',(-20.92510429828,-2.255085318097,
    -5.339999730914));
#9381 = CARTESIAN_POINT('',(-20.99010429828,-2.255085315256,
    -5.339999733755));
#9382 = CARTESIAN_POINT('',(-21.01010429828,-2.255085314382,
    -5.339999734629));
#9383 = CARTESIAN_POINT('',(-21.07510429828,-2.255085311541,
    -5.33999973747));
#9384 = CARTESIAN_POINT('',(-21.12010429828,-2.255085309574,
    -5.339999739437));
#9385 = CARTESIAN_POINT('',(-21.16510429828,-2.255085307607,
    -5.339999741404));
#9386 = ADVANCED_FACE('',(#9387),#9427,.T.);
#9387 = FACE_BOUND('',#9388,.T.);
#9388 = EDGE_LOOP('',(#9389,#9418,#9419,#9420));
#9389 = ORIENTED_EDGE('',*,*,#9390,.T.);
#9390 = EDGE_CURVE('',#9391,#9198,#9393,.T.);
#9391 = VERTEX_POINT('',#9392);
#9392 = CARTESIAN_POINT('',(-21.15010428516,-1.955085308262,
    -5.339999714522));
#9393 = B_SPLINE_CURVE_WITH_KNOTS('',3,(#9394,#9395,#9396,#9397,#9398,
    #9399,#9400,#9401,#9402,#9403,#9404,#9405,#9406,#9407,#9408,#9409,
    #9410,#9411,#9412,#9413,#9414,#9415,#9416,#9417),.UNSPECIFIED.,.F.,
  .F.,(4,2,2,1,2,2,2,2,2,1,2,2,4),(0.,0.125,0.1875,0.21875,0.234375,0.25
    ,0.5,0.625,0.6875,0.71875,0.734375,0.75,1.),.UNSPECIFIED.);
#9394 = CARTESIAN_POINT('',(-21.15010428516,-1.955085308262,
    -5.339999714522));
#9395 = CARTESIAN_POINT('',(-21.1501042851,-1.95508530814,
    -5.341392858078));
#9396 = CARTESIAN_POINT('',(-21.14834723596,-1.957340465481,
    -5.344718037704));
#9397 = CARTESIAN_POINT('',(-21.14162033318,-1.964105937658,
    -5.353652660091));
#9398 = CARTESIAN_POINT('',(-21.13871095807,-1.966924884412,
    -5.357268971268));
#9399 = CARTESIAN_POINT('',(-21.13343504153,-1.971998988597,
    -5.363490683473));
#9400 = CARTESIAN_POINT('',(-21.13057311566,-1.974747461703,
    -5.366796868089));
#9401 = CARTESIAN_POINT('',(-21.1274269234,-1.977813066332,
    -5.370333083962));
#9402 = CARTESIAN_POINT('',(-21.12527418502,-1.979927276424,
    -5.372732827477));
#9403 = CARTESIAN_POINT('',(-21.12343034442,-1.981759283603,
    -5.374765853118));
#9404 = CARTESIAN_POINT('',(-21.11683518993,-1.988353811763,
    -5.382004707926));
#9405 = CARTESIAN_POINT('',(-21.10788035107,-1.997309309158,
    -5.391668889417));
#9406 = CARTESIAN_POINT('',(-21.08597627024,-2.019213284214,
    -5.41347909765));
#9407 = CARTESIAN_POINT('',(-21.07963184727,-2.025421425405,
    -5.419573969698));
#9408 = CARTESIAN_POINT('',(-21.07197616137,-2.033093861445,
    -5.426784405901));
#9409 = CARTESIAN_POINT('',(-21.069720021,-2.035378044168,
    -5.428879538958));
#9410 = CARTESIAN_POINT('',(-21.06674881084,-2.03839437431,
    -5.431612319761));
#9411 = CARTESIAN_POINT('',(-21.06536596009,-2.039800053396,
    -5.432876601718));
#9412 = CARTESIAN_POINT('',(-21.06412862393,-2.041052003504,
    -5.433999398426));
#9413 = CARTESIAN_POINT('',(-21.06333503089,-2.041852474914,
    -5.434717801054));
#9414 = CARTESIAN_POINT('',(-21.06377902844,-2.041410328116,
    -5.434318614789));
#9415 = CARTESIAN_POINT('',(-21.04352959396,-2.061663706784,
    -5.452560166343));
#9416 = CARTESIAN_POINT('',(-21.03269801481,-2.072491573412,
    -5.459999719652));
#9417 = CARTESIAN_POINT('',(-21.03010428516,-2.075085303017,
    -5.459999719767));
#9418 = ORIENTED_EDGE('',*,*,#9197,.F.);
#9419 = ORIENTED_EDGE('',*,*,#9334,.T.);
#9420 = ORIENTED_EDGE('',*,*,#9421,.F.);
#9421 = EDGE_CURVE('',#9391,#9326,#9422,.T.);
#9422 = B_SPLINE_CURVE_WITH_KNOTS('',3,(#9423,#9424,#9425,#9426),
  .UNSPECIFIED.,.F.,.F.,(4,4),(0.,1.),.PIECEWISE_BEZIER_KNOTS.);
#9423 = CARTESIAN_POINT('',(-21.15010428516,-1.955085308262,
    -5.339999714522));
#9424 = CARTESIAN_POINT('',(-21.15010428954,-2.055085308262,
    -5.339999723264));
#9425 = CARTESIAN_POINT('',(-21.15010429391,-2.155085308262,
    -5.339999732006));
#9426 = CARTESIAN_POINT('',(-21.15010429828,-2.255085308262,
    -5.339999740749));
#9427 = ( BOUNDED_SURFACE() B_SPLINE_SURFACE(2,3,(
    (#9428,#9429,#9430,#9431,#9432,#9433,#9434,#9435)
    ,(#9436,#9437,#9438,#9439,#9440,#9441,#9442,#9443)
    ,(#9444,#9445,#9446,#9447,#9448,#9449,#9450,#9451
)),.UNSPECIFIED.,.F.,.F.,.F.) B_SPLINE_SURFACE_WITH_KNOTS((3,3),(4,2,2,4
    ),(0.,1.),(-3.15E-04,-1.8E-04,-1.2E-04,1.5E-05),.UNSPECIFIED.) 
GEOMETRIC_REPRESENTATION_ITEM() RATIONAL_B_SPLINE_SURFACE((
    (1.,1.,1.,1.,1.,1.,1.,1.)
    ,(8.485281374239E-02,8.485281374239E-02,8.485281374239E-02
      ,8.485281374239E-02,8.485281374239E-02,8.485281374239E-02
      ,8.485281374239E-02,8.485281374239E-02)
,(1.,1.,1.,1.,1.,1.,1.,1.))) REPRESENTATION_ITEM('') SURFACE() );
#9428 = CARTESIAN_POINT('',(-21.03010429369,-2.270085303017,
    -5.459999736815));
#9429 = CARTESIAN_POINT('',(-21.03010429172,-2.225085303017,
    -5.459999732881));
#9430 = CARTESIAN_POINT('',(-21.03010428975,-2.180085303017,
    -5.459999728947));
#9431 = CARTESIAN_POINT('',(-21.03010428691,-2.115085303017,
    -5.459999723264));
#9432 = CARTESIAN_POINT('',(-21.03010428604,-2.095085303017,
    -5.459999721516));
#9433 = CARTESIAN_POINT('',(-21.0301042832,-2.030085303017,
    -5.459999715833));
#9434 = CARTESIAN_POINT('',(-21.03010428123,-1.985085303017,
    -5.459999711899));
#9435 = CARTESIAN_POINT('',(-21.03010427926,-1.940085303017,
    -5.459999707965));
#9436 = CARTESIAN_POINT('',(-21.15010429369,-2.270085297772,
    -5.45999974206));
#9437 = CARTESIAN_POINT('',(-21.15010429172,-2.225085297772,
    -5.459999738126));
#9438 = CARTESIAN_POINT('',(-21.15010428975,-2.180085297772,
    -5.459999734192));
#9439 = CARTESIAN_POINT('',(-21.15010428691,-2.115085297772,
    -5.459999728509));
#9440 = CARTESIAN_POINT('',(-21.15010428604,-2.095085297772,
    -5.459999726761));
#9441 = CARTESIAN_POINT('',(-21.1501042832,-2.030085297772,
    -5.459999721078));
#9442 = CARTESIAN_POINT('',(-21.15010428123,-1.985085297772,
    -5.459999717144));
#9443 = CARTESIAN_POINT('',(-21.15010427926,-1.940085297772,
    -5.45999971321));
#9444 = CARTESIAN_POINT('',(-21.15010429893,-2.270085308262,
    -5.33999974206));
#9445 = CARTESIAN_POINT('',(-21.15010429697,-2.225085308262,
    -5.339999738126));
#9446 = CARTESIAN_POINT('',(-21.150104295,-2.180085308262,
    -5.339999734192));
#9447 = CARTESIAN_POINT('',(-21.15010429216,-2.115085308262,
    -5.339999728509));
#9448 = CARTESIAN_POINT('',(-21.15010429128,-2.095085308262,
    -5.339999726761));
#9449 = CARTESIAN_POINT('',(-21.15010428844,-2.030085308262,
    -5.339999721078));
#9450 = CARTESIAN_POINT('',(-21.15010428648,-1.985085308262,
    -5.339999717144));
#9451 = CARTESIAN_POINT('',(-21.15010428451,-1.940085308262,
    -5.33999971321));
#9452 = ADVANCED_FACE('',(#9453),#9465,.T.);
#9453 = FACE_BOUND('',#9454,.T.);
#9454 = EDGE_LOOP('',(#9455,#9456,#9457,#9458));
#9455 = ORIENTED_EDGE('',*,*,#9260,.T.);
#9456 = ORIENTED_EDGE('',*,*,#9206,.F.);
#9457 = ORIENTED_EDGE('',*,*,#9390,.F.);
#9458 = ORIENTED_EDGE('',*,*,#9459,.F.);
#9459 = EDGE_CURVE('',#9261,#9391,#9460,.T.);
#9460 = B_SPLINE_CURVE_WITH_KNOTS('',3,(#9461,#9462,#9463,#9464),
  .UNSPECIFIED.,.F.,.F.,(4,4),(0.,1.),.PIECEWISE_BEZIER_KNOTS.);
#9461 = CARTESIAN_POINT('',(-20.85010428516,-1.955085321376,
    -5.339999701408));
#9462 = CARTESIAN_POINT('',(-20.95010428516,-1.955085317005,
    -5.339999705779));
#9463 = CARTESIAN_POINT('',(-21.05010428516,-1.955085312633,
    -5.339999710151));
#9464 = CARTESIAN_POINT('',(-21.15010428516,-1.955085308262,
    -5.339999714522));
#9465 = ( BOUNDED_SURFACE() B_SPLINE_SURFACE(2,3,(
    (#9466,#9467,#9468,#9469,#9470,#9471,#9472,#9473)
    ,(#9474,#9475,#9476,#9477,#9478,#9479,#9480,#9481)
    ,(#9482,#9483,#9484,#9485,#9486,#9487,#9488,#9489
)),.UNSPECIFIED.,.F.,.F.,.F.) B_SPLINE_SURFACE_WITH_KNOTS((3,3),(4,2,2,4
    ),(0.,1.),(-1.65E-04,-2.999999999997E-05,3.000000000003E-05,1.65E-04
),.UNSPECIFIED.) GEOMETRIC_REPRESENTATION_ITEM() 
RATIONAL_B_SPLINE_SURFACE((
    (1.,1.,1.,1.,1.,1.,1.,1.)
    ,(8.485281374239E-02,8.485281374239E-02,8.485281374239E-02
      ,8.485281374239E-02,8.485281374239E-02,8.485281374239E-02
      ,8.485281374239E-02,8.485281374239E-02)
,(1.,1.,1.,1.,1.,1.,1.,1.))) REPRESENTATION_ITEM('') SURFACE() );
#9466 = CARTESIAN_POINT('',(-21.16510428516,-2.075085297116,
    -5.459999725668));
#9467 = CARTESIAN_POINT('',(-21.12010428516,-2.075085299083,
    -5.459999723701));
#9468 = CARTESIAN_POINT('',(-21.07510428516,-2.07508530105,
    -5.459999721734));
#9469 = CARTESIAN_POINT('',(-21.01010428516,-2.075085303891,
    -5.459999718893));
#9470 = CARTESIAN_POINT('',(-20.99010428516,-2.075085304765,
    -5.459999718019));
#9471 = CARTESIAN_POINT('',(-20.92510428516,-2.075085307607,
    -5.459999715177));
#9472 = CARTESIAN_POINT('',(-20.88010428516,-2.075085309574,
    -5.45999971321));
#9473 = CARTESIAN_POINT('',(-20.83510428516,-2.075085311541,
    -5.459999711243));
#9474 = CARTESIAN_POINT('',(-21.16510427992,-1.955085297116,
    -5.459999715177));
#9475 = CARTESIAN_POINT('',(-21.12010427992,-1.955085299083,
    -5.45999971321));
#9476 = CARTESIAN_POINT('',(-21.07510427992,-1.95508530105,
    -5.459999711243));
#9477 = CARTESIAN_POINT('',(-21.01010427992,-1.955085303891,
    -5.459999708402));
#9478 = CARTESIAN_POINT('',(-20.99010427992,-1.955085304765,
    -5.459999707528));
#9479 = CARTESIAN_POINT('',(-20.92510427992,-1.955085307607,
    -5.459999704687));
#9480 = CARTESIAN_POINT('',(-20.88010427992,-1.955085309574,
    -5.45999970272));
#9481 = CARTESIAN_POINT('',(-20.83510427992,-1.955085311541,
    -5.459999700753));
#9482 = CARTESIAN_POINT('',(-21.16510428516,-1.955085307607,
    -5.339999715177));
#9483 = CARTESIAN_POINT('',(-21.12010428516,-1.955085309574,
    -5.33999971321));
#9484 = CARTESIAN_POINT('',(-21.07510428516,-1.955085311541,
    -5.339999711243));
#9485 = CARTESIAN_POINT('',(-21.01010428516,-1.955085314382,
    -5.339999708402));
#9486 = CARTESIAN_POINT('',(-20.99010428516,-1.955085315256,
    -5.339999707528));
#9487 = CARTESIAN_POINT('',(-20.92510428516,-1.955085318097,
    -5.339999704687));
#9488 = CARTESIAN_POINT('',(-20.88010428516,-1.955085320064,
    -5.33999970272));
#9489 = CARTESIAN_POINT('',(-20.83510428516,-1.955085322031,
    -5.339999700753));
#9490 = ADVANCED_FACE('',(#9491),#9507,.T.);
#9491 = FACE_BOUND('',#9492,.T.);
#9492 = EDGE_LOOP('',(#9493,#9499,#9500,#9506));
#9493 = ORIENTED_EDGE('',*,*,#9494,.T.);
#9494 = EDGE_CURVE('',#8175,#9261,#9495,.T.);
#9495 = LINE('',#9496,#9497);
#9496 = CARTESIAN_POINT('',(-20.85010459464,-1.955085940329,
    1.740000298592));
#9497 = VECTOR('',#9498,1.);
#9498 = DIRECTION('',(4.371140912996E-08,8.742273203022E-08,-1.));
#9499 = ORIENTED_EDGE('',*,*,#9459,.T.);
#9500 = ORIENTED_EDGE('',*,*,#9501,.F.);
#9501 = EDGE_CURVE('',#8159,#9391,#9502,.T.);
#9502 = LINE('',#9503,#9504);
#9503 = CARTESIAN_POINT('',(-21.15010459464,-1.955085927215,
    1.740000285478));
#9504 = VECTOR('',#9505,1.);
#9505 = DIRECTION('',(4.371140912996E-08,8.742273203022E-08,-1.));
#9506 = ORIENTED_EDGE('',*,*,#8182,.T.);
#9507 = PLANE('',#9508);
#9508 = AXIS2_PLACEMENT_3D('',#9509,#9510,#9511);
#9509 = CARTESIAN_POINT('',(-21.15010459464,-1.955085927215,
    1.740000285478));
#9510 = DIRECTION('',(4.371138828674E-08,1.,8.742273394091E-08));
#9511 = DIRECTION('',(1.,-4.371139210811E-08,4.371140530859E-08));
#9512 = ADVANCED_FACE('',(#9513),#9524,.F.);
#9513 = FACE_BOUND('',#9514,.T.);
#9514 = EDGE_LOOP('',(#9515,#9516,#9517,#9523));
#9515 = ORIENTED_EDGE('',*,*,#9501,.T.);
#9516 = ORIENTED_EDGE('',*,*,#9421,.T.);
#9517 = ORIENTED_EDGE('',*,*,#9518,.F.);
#9518 = EDGE_CURVE('',#8157,#9326,#9519,.T.);
#9519 = LINE('',#9520,#9521);
#9520 = CARTESIAN_POINT('',(-21.15010460775,-2.255085927215,
    1.740000259251));
#9521 = VECTOR('',#9522,1.);
#9522 = DIRECTION('',(4.371140912996E-08,8.742273203022E-08,-1.));
#9523 = ORIENTED_EDGE('',*,*,#8156,.T.);
#9524 = PLANE('',#9525);
#9525 = AXIS2_PLACEMENT_3D('',#9526,#9527,#9528);
#9526 = CARTESIAN_POINT('',(-21.15010459464,-1.955085927215,
    1.740000285478));
#9527 = DIRECTION('',(1.,-4.371139219846E-08,4.371140530859E-08));
#9528 = DIRECTION('',(-4.371138837709E-08,-1.,-8.742273394091E-08));
#9529 = ADVANCED_FACE('',(#9530),#9541,.F.);
#9530 = FACE_BOUND('',#9531,.T.);
#9531 = EDGE_LOOP('',(#9532,#9533,#9534,#9540));
#9532 = ORIENTED_EDGE('',*,*,#9518,.T.);
#9533 = ORIENTED_EDGE('',*,*,#9325,.T.);
#9534 = ORIENTED_EDGE('',*,*,#9535,.F.);
#9535 = EDGE_CURVE('',#8167,#9231,#9536,.T.);
#9536 = LINE('',#9537,#9538);
#9537 = CARTESIAN_POINT('',(-20.85010460775,-2.255085940329,
    1.740000272365));
#9538 = VECTOR('',#9539,1.);
#9539 = DIRECTION('',(4.371140912996E-08,8.742273203022E-08,-1.));
#9540 = ORIENTED_EDGE('',*,*,#8166,.T.);
#9541 = PLANE('',#9542);
#9542 = AXIS2_PLACEMENT_3D('',#9543,#9544,#9545);
#9543 = CARTESIAN_POINT('',(-21.15010460775,-2.255085927215,
    1.740000259251));
#9544 = DIRECTION('',(4.371139117794E-08,1.,8.742273394091E-08));
#9545 = DIRECTION('',(4.371140912996E-08,8.742273203022E-08,-1.));
#9546 = ADVANCED_FACE('',(#9547),#9553,.T.);
#9547 = FACE_BOUND('',#9548,.T.);
#9548 = EDGE_LOOP('',(#9549,#9550,#9551,#9552));
#9549 = ORIENTED_EDGE('',*,*,#9535,.T.);
#9550 = ORIENTED_EDGE('',*,*,#9289,.T.);
#9551 = ORIENTED_EDGE('',*,*,#9494,.F.);
#9552 = ORIENTED_EDGE('',*,*,#8174,.T.);
#9553 = PLANE('',#9554);
#9554 = AXIS2_PLACEMENT_3D('',#9555,#9556,#9557);
#9555 = CARTESIAN_POINT('',(-20.85010459464,-1.955085940329,
    1.740000298592));
#9556 = DIRECTION('',(1.,-4.371139219846E-08,4.371140530859E-08));
#9557 = DIRECTION('',(-4.371138837709E-08,-1.,-8.742273394091E-08));
#9558 = ADVANCED_FACE('',(#9559),#9597,.T.);
#9559 = FACE_BOUND('',#9560,.T.);
#9560 = EDGE_LOOP('',(#9561,#9572,#9581,#9590));
#9561 = ORIENTED_EDGE('',*,*,#9562,.T.);
#9562 = EDGE_CURVE('',#9563,#9565,#9567,.T.);
#9563 = VERTEX_POINT('',#9564);
#9564 = CARTESIAN_POINT('',(-20.9701043433,-3.40508530564,
    -5.459999833417));
#9565 = VERTEX_POINT('',#9566);
#9566 = CARTESIAN_POINT('',(-21.0301043433,-3.405085303017,
    -5.459999836039));
#9567 = B_SPLINE_CURVE_WITH_KNOTS('',3,(#9568,#9569,#9570,#9571),
  .UNSPECIFIED.,.F.,.F.,(4,4),(0.,1.),.PIECEWISE_BEZIER_KNOTS.);
#9568 = CARTESIAN_POINT('',(-20.9701043433,-3.40508530564,
    -5.459999833417));
#9569 = CARTESIAN_POINT('',(-20.9901043433,-3.405085304765,
    -5.459999834291));
#9570 = CARTESIAN_POINT('',(-21.0101043433,-3.405085303891,
    -5.459999835165));
#9571 = CARTESIAN_POINT('',(-21.0301043433,-3.405085303017,
    -5.459999836039));
#9572 = ORIENTED_EDGE('',*,*,#9573,.T.);
#9573 = EDGE_CURVE('',#9565,#9574,#9576,.T.);
#9574 = VERTEX_POINT('',#9575);
#9575 = CARTESIAN_POINT('',(-21.03010434068,-3.345085303017,
    -5.459999830794));
#9576 = B_SPLINE_CURVE_WITH_KNOTS('',3,(#9577,#9578,#9579,#9580),
  .UNSPECIFIED.,.F.,.F.,(4,4),(0.,1.),.PIECEWISE_BEZIER_KNOTS.);
#9577 = CARTESIAN_POINT('',(-21.0301043433,-3.405085303017,
    -5.459999836039));
#9578 = CARTESIAN_POINT('',(-21.03010434243,-3.385085303017,
    -5.459999834291));
#9579 = CARTESIAN_POINT('',(-21.03010434155,-3.365085303017,
    -5.459999832542));
#9580 = CARTESIAN_POINT('',(-21.03010434068,-3.345085303017,
    -5.459999830794));
#9581 = ORIENTED_EDGE('',*,*,#9582,.T.);
#9582 = EDGE_CURVE('',#9574,#9583,#9585,.T.);
#9583 = VERTEX_POINT('',#9584);
#9584 = CARTESIAN_POINT('',(-20.97010434068,-3.34508530564,
    -5.459999828171));
#9585 = B_SPLINE_CURVE_WITH_KNOTS('',3,(#9586,#9587,#9588,#9589),
  .UNSPECIFIED.,.F.,.F.,(4,4),(0.,1.),.PIECEWISE_BEZIER_KNOTS.);
#9586 = CARTESIAN_POINT('',(-21.03010434068,-3.345085303017,
    -5.459999830794));
#9587 = CARTESIAN_POINT('',(-21.01010434068,-3.345085303891,
    -5.45999982992));
#9588 = CARTESIAN_POINT('',(-20.99010434068,-3.345085304765,
    -5.459999829046));
#9589 = CARTESIAN_POINT('',(-20.97010434068,-3.34508530564,
    -5.459999828171));
#9590 = ORIENTED_EDGE('',*,*,#9591,.T.);
#9591 = EDGE_CURVE('',#9583,#9563,#9592,.T.);
#9592 = B_SPLINE_CURVE_WITH_KNOTS('',3,(#9593,#9594,#9595,#9596),
  .UNSPECIFIED.,.F.,.F.,(4,4),(0.,1.),.PIECEWISE_BEZIER_KNOTS.);
#9593 = CARTESIAN_POINT('',(-20.97010434068,-3.34508530564,
    -5.459999828171));
#9594 = CARTESIAN_POINT('',(-20.97010434155,-3.36508530564,
    -5.45999982992));
#9595 = CARTESIAN_POINT('',(-20.97010434243,-3.38508530564,
    -5.459999831668));
#9596 = CARTESIAN_POINT('',(-20.9701043433,-3.40508530564,
    -5.459999833417));
#9597 = PLANE('',#9598);
#9598 = AXIS2_PLACEMENT_3D('',#9599,#9600,#9601);
#9599 = CARTESIAN_POINT('',(-21.00010448077,-6.550085304328,
    -5.460000109673));
#9600 = DIRECTION('',(4.371140912996E-08,8.742273203022E-08,-1.));
#9601 = DIRECTION('',(-4.371138828674E-08,-1.,-8.742273394091E-08));
#9602 = ADVANCED_FACE('',(#9603),#9671,.T.);
#9603 = FACE_BOUND('',#9604,.T.);
#9604 = EDGE_LOOP('',(#9605,#9634,#9635,#9664));
#9605 = ORIENTED_EDGE('',*,*,#9606,.F.);
#9606 = EDGE_CURVE('',#9563,#9607,#9609,.T.);
#9607 = VERTEX_POINT('',#9608);
#9608 = CARTESIAN_POINT('',(-20.85010435379,-3.525085321376,
    -5.339999838662));
#9609 = B_SPLINE_CURVE_WITH_KNOTS('',3,(#9610,#9611,#9612,#9613,#9614,
    #9615,#9616,#9617,#9618,#9619,#9620,#9621,#9622,#9623,#9624,#9625,
    #9626,#9627,#9628,#9629,#9630,#9631,#9632,#9633),.UNSPECIFIED.,.F.,
  .F.,(4,2,2,1,2,2,2,2,2,1,2,2,4),(0.,0.125,0.1875,0.21875,0.234375,0.25
    ,0.5,0.625,0.6875,0.71875,0.734375,0.75,1.),.UNSPECIFIED.);
#9610 = CARTESIAN_POINT('',(-20.9701043433,-3.40508530564,
    -5.459999833417));
#9611 = CARTESIAN_POINT('',(-20.96880789334,-3.406381755579,
    -5.459999833472));
#9612 = CARTESIAN_POINT('',(-20.96545270183,-3.409338351422,
    -5.458503853061));
#9613 = CARTESIAN_POINT('',(-20.95733180234,-3.41742242362,
    -5.452539718924));
#9614 = CARTESIAN_POINT('',(-20.95411015047,-3.420714593623,
    -5.449938215757));
#9615 = CARTESIAN_POINT('',(-20.94850564461,-3.42648220084,
    -5.445118234819));
#9616 = CARTESIAN_POINT('',(-20.94551038467,-3.429570132943,
    -5.442481884067));
#9617 = CARTESIAN_POINT('',(-20.9422256142,-3.432921789451,
    -5.439536670468));
#9618 = CARTESIAN_POINT('',(-20.93997143154,-3.435208108448,
    -5.437510122782));
#9619 = CARTESIAN_POINT('',(-20.93798611994,-3.437203478415,
    -5.435720959622));
#9620 = CARTESIAN_POINT('',(-20.93177475244,-3.443415809027,
    -5.430124629322));
#9621 = CARTESIAN_POINT('',(-20.92056062159,-3.45462913119,
    -5.419780261125));
#9622 = CARTESIAN_POINT('',(-20.90011619318,-3.475073422705,
    -5.399423590554));
#9623 = CARTESIAN_POINT('',(-20.89422839172,-3.481066979393,
    -5.393259926149));
#9624 = CARTESIAN_POINT('',(-20.88678720149,-3.48849775365,
    -5.385461154027));
#9625 = CARTESIAN_POINT('',(-20.88453855674,-3.490724938946,
    -5.383092383874));
#9626 = CARTESIAN_POINT('',(-20.88151321761,-3.493714340313,
    -5.37988094539));
#9627 = CARTESIAN_POINT('',(-20.88008745505,-3.495121635073,
    -5.378360144301));
#9628 = CARTESIAN_POINT('',(-20.87879205298,-3.496405011435,
    -5.376962365263));
#9629 = CARTESIAN_POINT('',(-20.8779574206,-3.497233968626,
    -5.376057209048));
#9630 = CARTESIAN_POINT('',(-20.8782938204,-3.496895989742,
    -5.376429266421));
#9631 = CARTESIAN_POINT('',(-20.85912498294,-3.516062413962,
    -5.355392165246));
#9632 = CARTESIAN_POINT('',(-20.85010435367,-3.52508532107,
    -5.342786593208));
#9633 = CARTESIAN_POINT('',(-20.85010435379,-3.525085321376,
    -5.339999838662));
#9634 = ORIENTED_EDGE('',*,*,#9591,.F.);
#9635 = ORIENTED_EDGE('',*,*,#9636,.F.);
#9636 = EDGE_CURVE('',#9637,#9583,#9639,.T.);
#9637 = VERTEX_POINT('',#9638);
#9638 = CARTESIAN_POINT('',(-20.85010434068,-3.225085321376,
    -5.339999812435));
#9639 = B_SPLINE_CURVE_WITH_KNOTS('',3,(#9640,#9641,#9642,#9643,#9644,
    #9645,#9646,#9647,#9648,#9649,#9650,#9651,#9652,#9653,#9654,#9655,
    #9656,#9657,#9658,#9659,#9660,#9661,#9662,#9663),.UNSPECIFIED.,.F.,
  .F.,(4,2,2,1,2,2,2,2,2,1,2,2,4),(0.,0.125,0.1875,0.21875,0.234375,0.25
    ,0.5,0.625,0.6875,0.71875,0.734375,0.75,1.),.UNSPECIFIED.);
#9640 = CARTESIAN_POINT('',(-20.85010434068,-3.225085321376,
    -5.339999812435));
#9641 = CARTESIAN_POINT('',(-20.85010434062,-3.225085321255,
    -5.341392955992));
#9642 = CARTESIAN_POINT('',(-20.8523594981,-3.226842369962,
    -5.344718135749));
#9643 = CARTESIAN_POINT('',(-20.85912497067,-3.233569271572,
    -5.353652758722));
#9644 = CARTESIAN_POINT('',(-20.86194391758,-3.2364786462,
    -5.357269070157));
#9645 = CARTESIAN_POINT('',(-20.86701802204,-3.241754561934,
    -5.363490782833));
#9646 = CARTESIAN_POINT('',(-20.86976649529,-3.244616487365,
    -5.366796967704));
#9647 = CARTESIAN_POINT('',(-20.87283210007,-3.247762679159,
    -5.370333183856));
#9648 = CARTESIAN_POINT('',(-20.87494631027,-3.249915417225,
    -5.37273292756));
#9649 = CARTESIAN_POINT('',(-20.87677831754,-3.251759257564,
    -5.374765953364));
#9650 = CARTESIAN_POINT('',(-20.88337284601,-3.258354411099,
    -5.382004808741));
#9651 = CARTESIAN_POINT('',(-20.89232834382,-3.267309248682,
    -5.391668991009));
#9652 = CARTESIAN_POINT('',(-20.91423231985,-3.28921332667,
    -5.413479201176));
#9653 = CARTESIAN_POINT('',(-20.92044046131,-3.295557748849,
    -5.419574073788));
#9654 = CARTESIAN_POINT('',(-20.92811289766,-3.303213433797,
    -5.426784510659));
#9655 = CARTESIAN_POINT('',(-20.93039708048,-3.305469573898,
    -5.428879643911));
#9656 = CARTESIAN_POINT('',(-20.93341341074,-3.308440783693,
    -5.43161242497));
#9657 = CARTESIAN_POINT('',(-20.93481908988,-3.309823634276,
    -5.432876707044));
#9658 = CARTESIAN_POINT('',(-20.93607104003,-3.311060970288,
    -5.433999503859));
#9659 = CARTESIAN_POINT('',(-20.93687151147,-3.31185456323,
    -5.434717906554));
#9660 = CARTESIAN_POINT('',(-20.93642936465,-3.31141056573,
    -5.434318720249));
#9661 = CARTESIAN_POINT('',(-20.95668274412,-3.33165999782,
    -5.452560273575));
#9662 = CARTESIAN_POINT('',(-20.96751061107,-3.342491575991,
    -5.459999827829));
#9663 = CARTESIAN_POINT('',(-20.97010434068,-3.34508530564,
    -5.459999828171));
#9664 = ORIENTED_EDGE('',*,*,#9665,.F.);
#9665 = EDGE_CURVE('',#9607,#9637,#9666,.T.);
#9666 = B_SPLINE_CURVE_WITH_KNOTS('',3,(#9667,#9668,#9669,#9670),
  .UNSPECIFIED.,.F.,.F.,(4,4),(0.,1.),.PIECEWISE_BEZIER_KNOTS.);
#9667 = CARTESIAN_POINT('',(-20.85010435379,-3.525085321376,
    -5.339999838662));
#9668 = CARTESIAN_POINT('',(-20.85010434942,-3.425085321376,
    -5.33999982992));
#9669 = CARTESIAN_POINT('',(-20.85010434505,-3.325085321376,
    -5.339999821177));
#9670 = CARTESIAN_POINT('',(-20.85010434068,-3.225085321376,
    -5.339999812435));
#9671 = ( BOUNDED_SURFACE() B_SPLINE_SURFACE(2,3,(
    (#9672,#9673,#9674,#9675,#9676,#9677,#9678,#9679)
    ,(#9680,#9681,#9682,#9683,#9684,#9685,#9686,#9687)
    ,(#9688,#9689,#9690,#9691,#9692,#9693,#9694,#9695
)),.UNSPECIFIED.,.F.,.F.,.F.) B_SPLINE_SURFACE_WITH_KNOTS((3,3),(4,2,2,4
    ),(0.,1.),(-3.34E-03,-3.205E-03,-3.145E-03,-3.01E-03),
.UNSPECIFIED.) GEOMETRIC_REPRESENTATION_ITEM() RATIONAL_B_SPLINE_SURFACE
((
    (1.,1.,1.,1.,1.,1.,1.,1.)
    ,(8.485281374239E-02,8.485281374239E-02,8.485281374239E-02
      ,8.485281374239E-02,8.485281374239E-02,8.485281374239E-02
      ,8.485281374239E-02,8.485281374239E-02)
,(1.,1.,1.,1.,1.,1.,1.,1.))) REPRESENTATION_ITEM('') SURFACE() );
#9672 = CARTESIAN_POINT('',(-20.97010433478,-3.21008530564,
    -5.459999816369));
#9673 = CARTESIAN_POINT('',(-20.97010433674,-3.25508530564,
    -5.459999820303));
#9674 = CARTESIAN_POINT('',(-20.97010433871,-3.30008530564,
    -5.459999824237));
#9675 = CARTESIAN_POINT('',(-20.97010434155,-3.36508530564,
    -5.45999982992));
#9676 = CARTESIAN_POINT('',(-20.97010434243,-3.38508530564,
    -5.459999831668));
#9677 = CARTESIAN_POINT('',(-20.97010434527,-3.45008530564,
    -5.459999837351));
#9678 = CARTESIAN_POINT('',(-20.97010434723,-3.49508530564,
    -5.459999841285));
#9679 = CARTESIAN_POINT('',(-20.9701043492,-3.54008530564,
    -5.459999845219));
#9680 = CARTESIAN_POINT('',(-20.85010433478,-3.210085310885,
    -5.459999811124));
#9681 = CARTESIAN_POINT('',(-20.85010433674,-3.255085310885,
    -5.459999815058));
#9682 = CARTESIAN_POINT('',(-20.85010433871,-3.300085310885,
    -5.459999818992));
#9683 = CARTESIAN_POINT('',(-20.85010434155,-3.365085310885,
    -5.459999824674));
#9684 = CARTESIAN_POINT('',(-20.85010434243,-3.385085310885,
    -5.459999826423));
#9685 = CARTESIAN_POINT('',(-20.85010434527,-3.450085310885,
    -5.459999832105));
#9686 = CARTESIAN_POINT('',(-20.85010434723,-3.495085310885,
    -5.459999836039));
#9687 = CARTESIAN_POINT('',(-20.8501043492,-3.540085310885,
    -5.459999839973));
#9688 = CARTESIAN_POINT('',(-20.85010434002,-3.210085321376,
    -5.339999811124));
#9689 = CARTESIAN_POINT('',(-20.85010434199,-3.255085321376,
    -5.339999815058));
#9690 = CARTESIAN_POINT('',(-20.85010434396,-3.300085321376,
    -5.339999818992));
#9691 = CARTESIAN_POINT('',(-20.8501043468,-3.365085321376,
    -5.339999824674));
#9692 = CARTESIAN_POINT('',(-20.85010434767,-3.385085321376,
    -5.339999826423));
#9693 = CARTESIAN_POINT('',(-20.85010435051,-3.450085321376,
    -5.339999832105));
#9694 = CARTESIAN_POINT('',(-20.85010435248,-3.495085321376,
    -5.339999836039));
#9695 = CARTESIAN_POINT('',(-20.85010435445,-3.540085321376,
    -5.339999839973));
#9696 = ADVANCED_FACE('',(#9697),#9737,.T.);
#9697 = FACE_BOUND('',#9698,.T.);
#9698 = EDGE_LOOP('',(#9699,#9700,#9709,#9736));
#9699 = ORIENTED_EDGE('',*,*,#9606,.T.);
#9700 = ORIENTED_EDGE('',*,*,#9701,.F.);
#9701 = EDGE_CURVE('',#9702,#9607,#9704,.T.);
#9702 = VERTEX_POINT('',#9703);
#9703 = CARTESIAN_POINT('',(-21.15010435379,-3.525085308262,
    -5.339999851775));
#9704 = B_SPLINE_CURVE_WITH_KNOTS('',3,(#9705,#9706,#9707,#9708),
  .UNSPECIFIED.,.F.,.F.,(4,4),(0.,1.),.PIECEWISE_BEZIER_KNOTS.);
#9705 = CARTESIAN_POINT('',(-21.15010435379,-3.525085308262,
    -5.339999851775));
#9706 = CARTESIAN_POINT('',(-21.05010435379,-3.525085312633,
    -5.339999847404));
#9707 = CARTESIAN_POINT('',(-20.95010435379,-3.525085317005,
    -5.339999843033));
#9708 = CARTESIAN_POINT('',(-20.85010435379,-3.525085321376,
    -5.339999838662));
#9709 = ORIENTED_EDGE('',*,*,#9710,.F.);
#9710 = EDGE_CURVE('',#9565,#9702,#9711,.T.);
#9711 = B_SPLINE_CURVE_WITH_KNOTS('',3,(#9712,#9713,#9714,#9715,#9716,
    #9717,#9718,#9719,#9720,#9721,#9722,#9723,#9724,#9725,#9726,#9727,
    #9728,#9729,#9730,#9731,#9732,#9733,#9734,#9735),.UNSPECIFIED.,.F.,
  .F.,(4,2,2,1,2,2,2,2,2,1,2,2,4),(0.,0.125,0.1875,0.21875,0.234375,0.25
    ,0.5,0.625,0.6875,0.71875,0.734375,0.75,1.),.UNSPECIFIED.);
#9712 = CARTESIAN_POINT('',(-21.0301043433,-3.405085303017,
    -5.459999836039));
#9713 = CARTESIAN_POINT('',(-21.03140079324,-3.406381752975,
    -5.459999836208));
#9714 = CARTESIAN_POINT('',(-21.03435738902,-3.409736944686,
    -5.458503856107));
#9715 = CARTESIAN_POINT('',(-21.04244146096,-3.417857844958,
    -5.452539722681));
#9716 = CARTESIAN_POINT('',(-21.04573363085,-3.421079497166,
    -5.449938219792));
#9717 = CARTESIAN_POINT('',(-21.05150123785,-3.426684003658,
    -5.445118239336));
#9718 = CARTESIAN_POINT('',(-21.05458916984,-3.429679263949,
    -5.442481888843));
#9719 = CARTESIAN_POINT('',(-21.05794082622,-3.432964034805,
    -5.439536675529));
#9720 = CARTESIAN_POINT('',(-21.06022714513,-3.435218217724,
    -5.437510128038));
#9721 = CARTESIAN_POINT('',(-21.06222251501,-3.437203529563,
    -5.435720965053));
#9722 = CARTESIAN_POINT('',(-21.06843484539,-3.443414897802,
    -5.430124635291));
#9723 = CARTESIAN_POINT('',(-21.07964816709,-3.45462903,-5.419780268084)
  );
#9724 = CARTESIAN_POINT('',(-21.10009245772,-3.475073461081,
    -5.399423599293));
#9725 = CARTESIAN_POINT('',(-21.10608601414,-3.480961263356,
    -5.393259935397));
#9726 = CARTESIAN_POINT('',(-21.11351678806,-3.488402454608,
    -5.385461163925));
#9727 = CARTESIAN_POINT('',(-21.11574397325,-3.490651099666,
    -5.38309239397));
#9728 = CARTESIAN_POINT('',(-21.11873337447,-3.493676439213,
    -5.379880955753));
#9729 = CARTESIAN_POINT('',(-21.12014066917,-3.495102201977,
    -5.37836015479));
#9730 = CARTESIAN_POINT('',(-21.12142404547,-3.496397604226,
    -5.376962375867));
#9731 = CARTESIAN_POINT('',(-21.12225300262,-3.497232236722,
    -5.376057219726));
#9732 = CARTESIAN_POINT('',(-21.12191502375,-3.496895836877,
    -5.37642927707));
#9733 = CARTESIAN_POINT('',(-21.14108144705,-3.516064677092,
    -5.355392177569));
#9734 = CARTESIAN_POINT('',(-21.15010435361,-3.525085308019,
    -5.342786606321));
#9735 = CARTESIAN_POINT('',(-21.15010435379,-3.525085308262,
    -5.339999851775));
#9736 = ORIENTED_EDGE('',*,*,#9562,.F.);
#9737 = ( BOUNDED_SURFACE() B_SPLINE_SURFACE(2,3,(
    (#9738,#9739,#9740,#9741,#9742,#9743,#9744,#9745)
    ,(#9746,#9747,#9748,#9749,#9750,#9751,#9752,#9753)
    ,(#9754,#9755,#9756,#9757,#9758,#9759,#9760,#9761
)),.UNSPECIFIED.,.F.,.F.,.F.) B_SPLINE_SURFACE_WITH_KNOTS((3,3),(4,2,2,4
    ),(0.,1.),(-3.15E-04,-1.8E-04,-1.2E-04,1.5E-05),.UNSPECIFIED.) 
GEOMETRIC_REPRESENTATION_ITEM() RATIONAL_B_SPLINE_SURFACE((
    (1.,1.,1.,1.,1.,1.,1.,1.)
    ,(8.485281374239E-02,8.485281374239E-02,8.485281374239E-02
      ,8.485281374239E-02,8.485281374239E-02,8.485281374239E-02
      ,8.485281374239E-02,8.485281374239E-02)
,(1.,1.,1.,1.,1.,1.,1.,1.))) REPRESENTATION_ITEM('') SURFACE() );
#9738 = CARTESIAN_POINT('',(-20.8351043433,-3.405085311541,
    -5.459999827516));
#9739 = CARTESIAN_POINT('',(-20.8801043433,-3.405085309574,
    -5.459999829483));
#9740 = CARTESIAN_POINT('',(-20.9251043433,-3.405085307607,
    -5.45999983145));
#9741 = CARTESIAN_POINT('',(-20.9901043433,-3.405085304765,
    -5.459999834291));
#9742 = CARTESIAN_POINT('',(-21.0101043433,-3.405085303891,
    -5.459999835165));
#9743 = CARTESIAN_POINT('',(-21.0751043433,-3.40508530105,
    -5.459999838006));
#9744 = CARTESIAN_POINT('',(-21.1201043433,-3.405085299083,
    -5.459999839973));
#9745 = CARTESIAN_POINT('',(-21.1651043433,-3.405085297116,
    -5.45999984194));
#9746 = CARTESIAN_POINT('',(-20.83510434855,-3.525085311541,
    -5.459999838006));
#9747 = CARTESIAN_POINT('',(-20.88010434855,-3.525085309574,
    -5.459999839973));
#9748 = CARTESIAN_POINT('',(-20.92510434855,-3.525085307607,
    -5.45999984194));
#9749 = CARTESIAN_POINT('',(-20.99010434855,-3.525085304765,
    -5.459999844782));
#9750 = CARTESIAN_POINT('',(-21.01010434855,-3.525085303891,
    -5.459999845656));
#9751 = CARTESIAN_POINT('',(-21.07510434855,-3.52508530105,
    -5.459999848497));
#9752 = CARTESIAN_POINT('',(-21.12010434855,-3.525085299083,
    -5.459999850464));
#9753 = CARTESIAN_POINT('',(-21.16510434855,-3.525085297116,
    -5.459999852431));
#9754 = CARTESIAN_POINT('',(-20.83510435379,-3.525085322031,
    -5.339999838006));
#9755 = CARTESIAN_POINT('',(-20.88010435379,-3.525085320064,
    -5.339999839973));
#9756 = CARTESIAN_POINT('',(-20.92510435379,-3.525085318097,
    -5.33999984194));
#9757 = CARTESIAN_POINT('',(-20.99010435379,-3.525085315256,
    -5.339999844782));
#9758 = CARTESIAN_POINT('',(-21.01010435379,-3.525085314382,
    -5.339999845656));
#9759 = CARTESIAN_POINT('',(-21.07510435379,-3.525085311541,
    -5.339999848497));
#9760 = CARTESIAN_POINT('',(-21.12010435379,-3.525085309574,
    -5.339999850464));
#9761 = CARTESIAN_POINT('',(-21.16510435379,-3.525085307607,
    -5.339999852431));
#9762 = ADVANCED_FACE('',(#9763),#9803,.T.);
#9763 = FACE_BOUND('',#9764,.T.);
#9764 = EDGE_LOOP('',(#9765,#9794,#9795,#9796));
#9765 = ORIENTED_EDGE('',*,*,#9766,.T.);
#9766 = EDGE_CURVE('',#9767,#9574,#9769,.T.);
#9767 = VERTEX_POINT('',#9768);
#9768 = CARTESIAN_POINT('',(-21.15010434068,-3.225085308262,
    -5.339999825549));
#9769 = B_SPLINE_CURVE_WITH_KNOTS('',3,(#9770,#9771,#9772,#9773,#9774,
    #9775,#9776,#9777,#9778,#9779,#9780,#9781,#9782,#9783,#9784,#9785,
    #9786,#9787,#9788,#9789,#9790,#9791,#9792,#9793),.UNSPECIFIED.,.F.,
  .F.,(4,2,2,1,2,2,2,2,2,1,2,2,4),(0.,0.125,0.1875,0.21875,0.234375,0.25
    ,0.5,0.625,0.6875,0.71875,0.734375,0.75,1.),.UNSPECIFIED.);
#9770 = CARTESIAN_POINT('',(-21.15010434068,-3.225085308262,
    -5.339999825549));
#9771 = CARTESIAN_POINT('',(-21.15010434062,-3.22508530814,
    -5.341392969105));
#9772 = CARTESIAN_POINT('',(-21.14834729147,-3.227340465481,
    -5.344718148731));
#9773 = CARTESIAN_POINT('',(-21.14162038869,-3.234105937658,
    -5.353652771118));
#9774 = CARTESIAN_POINT('',(-21.13871101359,-3.236924884412,
    -5.357269082294));
#9775 = CARTESIAN_POINT('',(-21.13343509704,-3.241998988597,
    -5.3634907945));
#9776 = CARTESIAN_POINT('',(-21.13057317117,-3.244747461703,
    -5.366796979116));
#9777 = CARTESIAN_POINT('',(-21.12742697892,-3.247813066332,
    -5.370333194989));
#9778 = CARTESIAN_POINT('',(-21.12527424054,-3.249927276424,
    -5.372732938504));
#9779 = CARTESIAN_POINT('',(-21.12343039993,-3.251759283604,
    -5.374765964145));
#9780 = CARTESIAN_POINT('',(-21.11683524545,-3.258353811757,
    -5.382004818946));
#9781 = CARTESIAN_POINT('',(-21.1078804066,-3.267309309147,
    -5.391669000431));
#9782 = CARTESIAN_POINT('',(-21.08597632575,-3.289213284219,
    -5.413479208683));
#9783 = CARTESIAN_POINT('',(-21.07963190277,-3.295421425413,
    -5.419574080734));
#9784 = CARTESIAN_POINT('',(-21.07197621688,-3.303093861454,
    -5.426784516936));
#9785 = CARTESIAN_POINT('',(-21.0697200765,-3.305378044175,
    -5.428879649992));
#9786 = CARTESIAN_POINT('',(-21.06674886635,-3.308394374316,
    -5.431612430793));
#9787 = CARTESIAN_POINT('',(-21.0653660156,-3.309800053401,
    -5.432876712748));
#9788 = CARTESIAN_POINT('',(-21.06412867944,-3.311052003507,
    -5.433999509455));
#9789 = CARTESIAN_POINT('',(-21.0633350864,-3.311852474916,
    -5.434717912082));
#9790 = CARTESIAN_POINT('',(-21.06377908396,-3.311410328116,
    -5.434318725815));
#9791 = CARTESIAN_POINT('',(-21.04352964947,-3.331663706783,
    -5.452560277371));
#9792 = CARTESIAN_POINT('',(-21.03269807033,-3.342491573412,
    -5.459999830679));
#9793 = CARTESIAN_POINT('',(-21.03010434068,-3.345085303017,
    -5.459999830794));
#9794 = ORIENTED_EDGE('',*,*,#9573,.F.);
#9795 = ORIENTED_EDGE('',*,*,#9710,.T.);
#9796 = ORIENTED_EDGE('',*,*,#9797,.F.);
#9797 = EDGE_CURVE('',#9767,#9702,#9798,.T.);
#9798 = B_SPLINE_CURVE_WITH_KNOTS('',3,(#9799,#9800,#9801,#9802),
  .UNSPECIFIED.,.F.,.F.,(4,4),(0.,1.),.PIECEWISE_BEZIER_KNOTS.);
#9799 = CARTESIAN_POINT('',(-21.15010434068,-3.225085308262,
    -5.339999825549));
#9800 = CARTESIAN_POINT('',(-21.15010434505,-3.325085308262,
    -5.339999834291));
#9801 = CARTESIAN_POINT('',(-21.15010434942,-3.425085308262,
    -5.339999843033));
#9802 = CARTESIAN_POINT('',(-21.15010435379,-3.525085308262,
    -5.339999851775));
#9803 = ( BOUNDED_SURFACE() B_SPLINE_SURFACE(2,3,(
    (#9804,#9805,#9806,#9807,#9808,#9809,#9810,#9811)
    ,(#9812,#9813,#9814,#9815,#9816,#9817,#9818,#9819)
    ,(#9820,#9821,#9822,#9823,#9824,#9825,#9826,#9827
)),.UNSPECIFIED.,.F.,.F.,.F.) B_SPLINE_SURFACE_WITH_KNOTS((3,3),(4,2,2,4
    ),(0.,1.),(-3.15E-04,-1.8E-04,-1.2E-04,1.5E-05),.UNSPECIFIED.) 
GEOMETRIC_REPRESENTATION_ITEM() RATIONAL_B_SPLINE_SURFACE((
    (1.,1.,1.,1.,1.,1.,1.,1.)
    ,(8.485281374239E-02,8.485281374239E-02,8.485281374239E-02
      ,8.485281374239E-02,8.485281374239E-02,8.485281374239E-02
      ,8.485281374239E-02,8.485281374239E-02)
,(1.,1.,1.,1.,1.,1.,1.,1.))) REPRESENTATION_ITEM('') SURFACE() );
#9804 = CARTESIAN_POINT('',(-21.0301043492,-3.540085303017,
    -5.459999847841));
#9805 = CARTESIAN_POINT('',(-21.03010434723,-3.495085303017,
    -5.459999843907));
#9806 = CARTESIAN_POINT('',(-21.03010434527,-3.450085303017,
    -5.459999839973));
#9807 = CARTESIAN_POINT('',(-21.03010434243,-3.385085303017,
    -5.459999834291));
#9808 = CARTESIAN_POINT('',(-21.03010434155,-3.365085303017,
    -5.459999832542));
#9809 = CARTESIAN_POINT('',(-21.03010433871,-3.300085303017,
    -5.45999982686));
#9810 = CARTESIAN_POINT('',(-21.03010433674,-3.255085303017,
    -5.459999822926));
#9811 = CARTESIAN_POINT('',(-21.03010433478,-3.210085303017,
    -5.459999818992));
#9812 = CARTESIAN_POINT('',(-21.1501043492,-3.540085297772,
    -5.459999853087));
#9813 = CARTESIAN_POINT('',(-21.15010434723,-3.495085297772,
    -5.459999849153));
#9814 = CARTESIAN_POINT('',(-21.15010434527,-3.450085297772,
    -5.459999845219));
#9815 = CARTESIAN_POINT('',(-21.15010434243,-3.385085297772,
    -5.459999839536));
#9816 = CARTESIAN_POINT('',(-21.15010434155,-3.365085297772,
    -5.459999837788));
#9817 = CARTESIAN_POINT('',(-21.15010433871,-3.300085297772,
    -5.459999832105));
#9818 = CARTESIAN_POINT('',(-21.15010433674,-3.255085297772,
    -5.459999828171));
#9819 = CARTESIAN_POINT('',(-21.15010433478,-3.210085297772,
    -5.459999824237));
#9820 = CARTESIAN_POINT('',(-21.15010435445,-3.540085308262,
    -5.339999853087));
#9821 = CARTESIAN_POINT('',(-21.15010435248,-3.495085308262,
    -5.339999849153));
#9822 = CARTESIAN_POINT('',(-21.15010435051,-3.450085308262,
    -5.339999845219));
#9823 = CARTESIAN_POINT('',(-21.15010434767,-3.385085308262,
    -5.339999839536));
#9824 = CARTESIAN_POINT('',(-21.1501043468,-3.365085308262,
    -5.339999837788));
#9825 = CARTESIAN_POINT('',(-21.15010434396,-3.300085308262,
    -5.339999832105));
#9826 = CARTESIAN_POINT('',(-21.15010434199,-3.255085308262,
    -5.339999828171));
#9827 = CARTESIAN_POINT('',(-21.15010434002,-3.210085308262,
    -5.339999824237));
#9828 = ADVANCED_FACE('',(#9829),#9841,.T.);
#9829 = FACE_BOUND('',#9830,.T.);
#9830 = EDGE_LOOP('',(#9831,#9832,#9833,#9834));
#9831 = ORIENTED_EDGE('',*,*,#9636,.T.);
#9832 = ORIENTED_EDGE('',*,*,#9582,.F.);
#9833 = ORIENTED_EDGE('',*,*,#9766,.F.);
#9834 = ORIENTED_EDGE('',*,*,#9835,.F.);
#9835 = EDGE_CURVE('',#9637,#9767,#9836,.T.);
#9836 = B_SPLINE_CURVE_WITH_KNOTS('',3,(#9837,#9838,#9839,#9840),
  .UNSPECIFIED.,.F.,.F.,(4,4),(0.,1.),.PIECEWISE_BEZIER_KNOTS.);
#9837 = CARTESIAN_POINT('',(-20.85010434068,-3.225085321376,
    -5.339999812435));
#9838 = CARTESIAN_POINT('',(-20.95010434068,-3.225085317005,
    -5.339999816806));
#9839 = CARTESIAN_POINT('',(-21.05010434068,-3.225085312633,
    -5.339999821178));
#9840 = CARTESIAN_POINT('',(-21.15010434068,-3.225085308262,
    -5.339999825549));
#9841 = ( BOUNDED_SURFACE() B_SPLINE_SURFACE(2,3,(
    (#9842,#9843,#9844,#9845,#9846,#9847,#9848,#9849)
    ,(#9850,#9851,#9852,#9853,#9854,#9855,#9856,#9857)
    ,(#9858,#9859,#9860,#9861,#9862,#9863,#9864,#9865
)),.UNSPECIFIED.,.F.,.F.,.F.) B_SPLINE_SURFACE_WITH_KNOTS((3,3),(4,2,2,4
    ),(0.,1.),(-1.65E-04,-2.999999999997E-05,3.000000000003E-05,1.65E-04
),.UNSPECIFIED.) GEOMETRIC_REPRESENTATION_ITEM() 
RATIONAL_B_SPLINE_SURFACE((
    (1.,1.,1.,1.,1.,1.,1.,1.)
    ,(8.485281374239E-02,8.485281374239E-02,8.485281374239E-02
      ,8.485281374239E-02,8.485281374239E-02,8.485281374239E-02
      ,8.485281374239E-02,8.485281374239E-02)
,(1.,1.,1.,1.,1.,1.,1.,1.))) REPRESENTATION_ITEM('') SURFACE() );
#9842 = CARTESIAN_POINT('',(-21.16510434068,-3.345085297116,
    -5.459999836695));
#9843 = CARTESIAN_POINT('',(-21.12010434068,-3.345085299083,
    -5.459999834728));
#9844 = CARTESIAN_POINT('',(-21.07510434068,-3.34508530105,
    -5.459999832761));
#9845 = CARTESIAN_POINT('',(-21.01010434068,-3.345085303891,
    -5.45999982992));
#9846 = CARTESIAN_POINT('',(-20.99010434068,-3.345085304765,
    -5.459999829046));
#9847 = CARTESIAN_POINT('',(-20.92510434068,-3.345085307607,
    -5.459999826204));
#9848 = CARTESIAN_POINT('',(-20.88010434068,-3.345085309574,
    -5.459999824237));
#9849 = CARTESIAN_POINT('',(-20.83510434068,-3.345085311541,
    -5.45999982227));
#9850 = CARTESIAN_POINT('',(-21.16510433543,-3.225085297116,
    -5.459999826204));
#9851 = CARTESIAN_POINT('',(-21.12010433543,-3.225085299083,
    -5.459999824237));
#9852 = CARTESIAN_POINT('',(-21.07510433543,-3.22508530105,
    -5.45999982227));
#9853 = CARTESIAN_POINT('',(-21.01010433543,-3.225085303891,
    -5.459999819429));
#9854 = CARTESIAN_POINT('',(-20.99010433543,-3.225085304765,
    -5.459999818555));
#9855 = CARTESIAN_POINT('',(-20.92510433543,-3.225085307607,
    -5.459999815714));
#9856 = CARTESIAN_POINT('',(-20.88010433543,-3.225085309574,
    -5.459999813747));
#9857 = CARTESIAN_POINT('',(-20.83510433543,-3.225085311541,
    -5.45999981178));
#9858 = CARTESIAN_POINT('',(-21.16510434068,-3.225085307607,
    -5.339999826204));
#9859 = CARTESIAN_POINT('',(-21.12010434068,-3.225085309574,
    -5.339999824237));
#9860 = CARTESIAN_POINT('',(-21.07510434068,-3.225085311541,
    -5.33999982227));
#9861 = CARTESIAN_POINT('',(-21.01010434068,-3.225085314382,
    -5.339999819429));
#9862 = CARTESIAN_POINT('',(-20.99010434068,-3.225085315256,
    -5.339999818555));
#9863 = CARTESIAN_POINT('',(-20.92510434068,-3.225085318097,
    -5.339999815714));
#9864 = CARTESIAN_POINT('',(-20.88010434068,-3.225085320064,
    -5.339999813747));
#9865 = CARTESIAN_POINT('',(-20.83510434068,-3.225085322031,
    -5.33999981178));
#9866 = ADVANCED_FACE('',(#9867),#9883,.T.);
#9867 = FACE_BOUND('',#9868,.T.);
#9868 = EDGE_LOOP('',(#9869,#9875,#9876,#9882));
#9869 = ORIENTED_EDGE('',*,*,#9870,.T.);
#9870 = EDGE_CURVE('',#8209,#9637,#9871,.T.);
#9871 = LINE('',#9872,#9873);
#9872 = CARTESIAN_POINT('',(-20.85010465015,-3.225085940329,
    1.740000187565));
#9873 = VECTOR('',#9874,1.);
#9874 = DIRECTION('',(4.371140912996E-08,8.742273203022E-08,-1.));
#9875 = ORIENTED_EDGE('',*,*,#9835,.T.);
#9876 = ORIENTED_EDGE('',*,*,#9877,.F.);
#9877 = EDGE_CURVE('',#8193,#9767,#9878,.T.);
#9878 = LINE('',#9879,#9880);
#9879 = CARTESIAN_POINT('',(-21.15010465015,-3.225085927215,
    1.740000174451));
#9880 = VECTOR('',#9881,1.);
#9881 = DIRECTION('',(4.371140912996E-08,8.742273203022E-08,-1.));
#9882 = ORIENTED_EDGE('',*,*,#8216,.T.);
#9883 = PLANE('',#9884);
#9884 = AXIS2_PLACEMENT_3D('',#9885,#9886,#9887);
#9885 = CARTESIAN_POINT('',(-21.15010465015,-3.225085927215,
    1.740000174451));
#9886 = DIRECTION('',(4.371138828674E-08,1.,8.742273394091E-08));
#9887 = DIRECTION('',(1.,-4.371139210811E-08,4.371140530859E-08));
#9888 = ADVANCED_FACE('',(#9889),#9900,.F.);
#9889 = FACE_BOUND('',#9890,.T.);
#9890 = EDGE_LOOP('',(#9891,#9892,#9893,#9899));
#9891 = ORIENTED_EDGE('',*,*,#9877,.T.);
#9892 = ORIENTED_EDGE('',*,*,#9797,.T.);
#9893 = ORIENTED_EDGE('',*,*,#9894,.F.);
#9894 = EDGE_CURVE('',#8191,#9702,#9895,.T.);
#9895 = LINE('',#9896,#9897);
#9896 = CARTESIAN_POINT('',(-21.15010466327,-3.525085927215,
    1.740000148224));
#9897 = VECTOR('',#9898,1.);
#9898 = DIRECTION('',(4.371140912996E-08,8.742273203022E-08,-1.));
#9899 = ORIENTED_EDGE('',*,*,#8190,.T.);
#9900 = PLANE('',#9901);
#9901 = AXIS2_PLACEMENT_3D('',#9902,#9903,#9904);
#9902 = CARTESIAN_POINT('',(-21.15010465015,-3.225085927215,
    1.740000174451));
#9903 = DIRECTION('',(1.,-4.371139219846E-08,4.371140530859E-08));
#9904 = DIRECTION('',(-4.371138837709E-08,-1.,-8.742273394091E-08));
#9905 = ADVANCED_FACE('',(#9906),#9917,.F.);
#9906 = FACE_BOUND('',#9907,.T.);
#9907 = EDGE_LOOP('',(#9908,#9909,#9910,#9916));
#9908 = ORIENTED_EDGE('',*,*,#9894,.T.);
#9909 = ORIENTED_EDGE('',*,*,#9701,.T.);
#9910 = ORIENTED_EDGE('',*,*,#9911,.F.);
#9911 = EDGE_CURVE('',#8201,#9607,#9912,.T.);
#9912 = LINE('',#9913,#9914);
#9913 = CARTESIAN_POINT('',(-20.85010466327,-3.525085940329,
    1.740000161338));
#9914 = VECTOR('',#9915,1.);
#9915 = DIRECTION('',(4.371140912996E-08,8.742273203022E-08,-1.));
#9916 = ORIENTED_EDGE('',*,*,#8200,.T.);
#9917 = PLANE('',#9918);
#9918 = AXIS2_PLACEMENT_3D('',#9919,#9920,#9921);
#9919 = CARTESIAN_POINT('',(-21.15010466327,-3.525085927215,
    1.740000148224));
#9920 = DIRECTION('',(4.371138828674E-08,1.,8.742273394091E-08));
#9921 = DIRECTION('',(1.,-4.371139210811E-08,4.371140530859E-08));
#9922 = ADVANCED_FACE('',(#9923),#9929,.T.);
#9923 = FACE_BOUND('',#9924,.T.);
#9924 = EDGE_LOOP('',(#9925,#9926,#9927,#9928));
#9925 = ORIENTED_EDGE('',*,*,#9911,.T.);
#9926 = ORIENTED_EDGE('',*,*,#9665,.T.);
#9927 = ORIENTED_EDGE('',*,*,#9870,.F.);
#9928 = ORIENTED_EDGE('',*,*,#8208,.T.);
#9929 = PLANE('',#9930);
#9930 = AXIS2_PLACEMENT_3D('',#9931,#9932,#9933);
#9931 = CARTESIAN_POINT('',(-20.85010465015,-3.225085940329,
    1.740000187565));
#9932 = DIRECTION('',(1.,-4.371139219846E-08,4.371140530859E-08));
#9933 = DIRECTION('',(-4.371138837709E-08,-1.,-8.742273394091E-08));
#9934 = ADVANCED_FACE('',(#9935),#9973,.T.);
#9935 = FACE_BOUND('',#9936,.T.);
#9936 = EDGE_LOOP('',(#9937,#9948,#9957,#9966));
#9937 = ORIENTED_EDGE('',*,*,#9938,.T.);
#9938 = EDGE_CURVE('',#9939,#9941,#9943,.T.);
#9939 = VERTEX_POINT('',#9940);
#9940 = CARTESIAN_POINT('',(-20.97010462087,-9.75508530564,
    -5.460000388551));
#9941 = VERTEX_POINT('',#9942);
#9942 = CARTESIAN_POINT('',(-21.03010462087,-9.755085303017,
    -5.460000391174));
#9943 = B_SPLINE_CURVE_WITH_KNOTS('',3,(#9944,#9945,#9946,#9947),
  .UNSPECIFIED.,.F.,.F.,(4,4),(0.,1.),.PIECEWISE_BEZIER_KNOTS.);
#9944 = CARTESIAN_POINT('',(-20.97010462087,-9.75508530564,
    -5.460000388551));
#9945 = CARTESIAN_POINT('',(-20.99010462087,-9.755085304765,
    -5.460000389425));
#9946 = CARTESIAN_POINT('',(-21.01010462087,-9.755085303891,
    -5.4600003903));
#9947 = CARTESIAN_POINT('',(-21.03010462087,-9.755085303017,
    -5.460000391174));
#9948 = ORIENTED_EDGE('',*,*,#9949,.T.);
#9949 = EDGE_CURVE('',#9941,#9950,#9952,.T.);
#9950 = VERTEX_POINT('',#9951);
#9951 = CARTESIAN_POINT('',(-21.03010461825,-9.695085303017,
    -5.460000385928));
#9952 = B_SPLINE_CURVE_WITH_KNOTS('',3,(#9953,#9954,#9955,#9956),
  .UNSPECIFIED.,.F.,.F.,(4,4),(0.,1.),.PIECEWISE_BEZIER_KNOTS.);
#9953 = CARTESIAN_POINT('',(-21.03010462087,-9.755085303017,
    -5.460000391174));
#9954 = CARTESIAN_POINT('',(-21.03010461999,-9.735085303017,
    -5.460000389425));
#9955 = CARTESIAN_POINT('',(-21.03010461912,-9.715085303017,
    -5.460000387677));
#9956 = CARTESIAN_POINT('',(-21.03010461825,-9.695085303017,
    -5.460000385928));
#9957 = ORIENTED_EDGE('',*,*,#9958,.T.);
#9958 = EDGE_CURVE('',#9950,#9959,#9961,.T.);
#9959 = VERTEX_POINT('',#9960);
#9960 = CARTESIAN_POINT('',(-20.97010461825,-9.69508530564,
    -5.460000383306));
#9961 = B_SPLINE_CURVE_WITH_KNOTS('',3,(#9962,#9963,#9964,#9965),
  .UNSPECIFIED.,.F.,.F.,(4,4),(0.,1.),.PIECEWISE_BEZIER_KNOTS.);
#9962 = CARTESIAN_POINT('',(-21.03010461825,-9.695085303017,
    -5.460000385928));
#9963 = CARTESIAN_POINT('',(-21.01010461825,-9.695085303891,
    -5.460000385054));
#9964 = CARTESIAN_POINT('',(-20.99010461825,-9.695085304765,
    -5.46000038418));
#9965 = CARTESIAN_POINT('',(-20.97010461825,-9.69508530564,
    -5.460000383306));
#9966 = ORIENTED_EDGE('',*,*,#9967,.T.);
#9967 = EDGE_CURVE('',#9959,#9939,#9968,.T.);
#9968 = B_SPLINE_CURVE_WITH_KNOTS('',3,(#9969,#9970,#9971,#9972),
  .UNSPECIFIED.,.F.,.F.,(4,4),(0.,1.),.PIECEWISE_BEZIER_KNOTS.);
#9969 = CARTESIAN_POINT('',(-20.97010461825,-9.69508530564,
    -5.460000383306));
#9970 = CARTESIAN_POINT('',(-20.97010461912,-9.71508530564,
    -5.460000385054));
#9971 = CARTESIAN_POINT('',(-20.97010461999,-9.73508530564,
    -5.460000386803));
#9972 = CARTESIAN_POINT('',(-20.97010462087,-9.75508530564,
    -5.460000388551));
#9973 = PLANE('',#9974);
#9974 = AXIS2_PLACEMENT_3D('',#9975,#9976,#9977);
#9975 = CARTESIAN_POINT('',(-21.00010448077,-6.550085304328,
    -5.460000109673));
#9976 = DIRECTION('',(4.371140912996E-08,8.742273203022E-08,-1.));
#9977 = DIRECTION('',(-4.371138828674E-08,-1.,-8.742273394091E-08));
#9978 = ADVANCED_FACE('',(#9979),#10047,.T.);
#9979 = FACE_BOUND('',#9980,.T.);
#9980 = EDGE_LOOP('',(#9981,#10010,#10011,#10040));
#9981 = ORIENTED_EDGE('',*,*,#9982,.F.);
#9982 = EDGE_CURVE('',#9939,#9983,#9985,.T.);
#9983 = VERTEX_POINT('',#9984);
#9984 = CARTESIAN_POINT('',(-20.85010463136,-9.875085321376,
    -5.340000393796));
#9985 = B_SPLINE_CURVE_WITH_KNOTS('',3,(#9986,#9987,#9988,#9989,#9990,
    #9991,#9992,#9993,#9994,#9995,#9996,#9997,#9998,#9999,#10000,#10001,
    #10002,#10003,#10004,#10005,#10006,#10007,#10008,#10009),
  .UNSPECIFIED.,.F.,.F.,(4,2,2,1,2,2,2,2,2,1,2,2,4),(0.,0.125,0.1875,
    0.21875,0.234375,0.25,0.5,0.625,0.6875,0.71875,0.734375,0.75,1.),
  .UNSPECIFIED.);
#9986 = CARTESIAN_POINT('',(-20.97010462087,-9.75508530564,
    -5.460000388551));
#9987 = CARTESIAN_POINT('',(-20.96880817091,-9.756381755579,
    -5.460000388607));
#9988 = CARTESIAN_POINT('',(-20.9654529794,-9.759338351423,
    -5.458504408195));
#9989 = CARTESIAN_POINT('',(-20.95733207991,-9.767422423621,
    -5.452540274058));
#9990 = CARTESIAN_POINT('',(-20.95411042804,-9.770714593624,
    -5.44993877089));
#9991 = CARTESIAN_POINT('',(-20.94850592218,-9.776482200841,
    -5.445118789952));
#9992 = CARTESIAN_POINT('',(-20.94551066223,-9.779570132944,
    -5.442482439201));
#9993 = CARTESIAN_POINT('',(-20.94222589176,-9.782921789451,
    -5.439537225602));
#9994 = CARTESIAN_POINT('',(-20.93997170911,-9.785208108448,
    -5.437510677916));
#9995 = CARTESIAN_POINT('',(-20.9379863975,-9.787203478415,
    -5.435721514757));
#9996 = CARTESIAN_POINT('',(-20.93177503001,-9.793415809023,
    -5.43012518446));
#9997 = CARTESIAN_POINT('',(-20.92056089916,-9.804629131181,
    -5.419780816268));
#9998 = CARTESIAN_POINT('',(-20.90011647075,-9.825073422709,
    -5.399424145685));
#9999 = CARTESIAN_POINT('',(-20.89422866928,-9.831066979399,
    -5.393260481277));
#10000 = CARTESIAN_POINT('',(-20.88678747905,-9.838497753656,
    -5.385461709155));
#10001 = CARTESIAN_POINT('',(-20.8845388343,-9.840724938951,
    -5.383092939002));
#10002 = CARTESIAN_POINT('',(-20.88151349518,-9.843714340317,
    -5.379881500521));
#10003 = CARTESIAN_POINT('',(-20.88008773261,-9.845121635076,
    -5.378360699432));
#10004 = CARTESIAN_POINT('',(-20.87879233055,-9.846405011437,
    -5.376962920396));
#10005 = CARTESIAN_POINT('',(-20.87795769817,-9.847233968627,
    -5.376057764182));
#10006 = CARTESIAN_POINT('',(-20.87829409797,-9.846895989741,
    -5.376429821555));
#10007 = CARTESIAN_POINT('',(-20.85912526051,-9.866062413963,
    -5.355392720379));
#10008 = CARTESIAN_POINT('',(-20.85010463124,-9.87508532107,
    -5.342787148342));
#10009 = CARTESIAN_POINT('',(-20.85010463136,-9.875085321376,
    -5.340000393796));
#10010 = ORIENTED_EDGE('',*,*,#9967,.F.);
#10011 = ORIENTED_EDGE('',*,*,#10012,.F.);
#10012 = EDGE_CURVE('',#10013,#9959,#10015,.T.);
#10013 = VERTEX_POINT('',#10014);
#10014 = CARTESIAN_POINT('',(-20.85010461825,-9.575085321376,
    -5.34000036757));
#10015 = B_SPLINE_CURVE_WITH_KNOTS('',3,(#10016,#10017,#10018,#10019,
    #10020,#10021,#10022,#10023,#10024,#10025,#10026,#10027,#10028,
    #10029,#10030,#10031,#10032,#10033,#10034,#10035,#10036,#10037,
    #10038,#10039),.UNSPECIFIED.,.F.,.F.,(4,2,2,1,2,2,2,2,2,1,2,2,4),(0.
    ,0.125,0.1875,0.21875,0.234375,0.25,0.5,0.625,0.6875,0.71875,
    0.734375,0.75,1.),.UNSPECIFIED.);
#10016 = CARTESIAN_POINT('',(-20.85010461825,-9.575085321376,
    -5.34000036757));
#10017 = CARTESIAN_POINT('',(-20.85010461818,-9.575085321255,
    -5.341393511126));
#10018 = CARTESIAN_POINT('',(-20.85235977567,-9.576842369962,
    -5.344718690884));
#10019 = CARTESIAN_POINT('',(-20.85912524824,-9.583569271572,
    -5.353653313856));
#10020 = CARTESIAN_POINT('',(-20.86194419515,-9.5864786462,
    -5.357269625291));
#10021 = CARTESIAN_POINT('',(-20.86701829961,-9.591754561934,
    -5.363491337967));
#10022 = CARTESIAN_POINT('',(-20.86976677286,-9.594616487365,
    -5.366797522838));
#10023 = CARTESIAN_POINT('',(-20.87283237764,-9.597762679158,
    -5.37033373899));
#10024 = CARTESIAN_POINT('',(-20.87494658784,-9.599915417225,
    -5.372733482695));
#10025 = CARTESIAN_POINT('',(-20.87677859511,-9.601759257564,
    -5.374766508498));
#10026 = CARTESIAN_POINT('',(-20.88337312357,-9.608354411098,
    -5.382005363874));
#10027 = CARTESIAN_POINT('',(-20.89232862139,-9.617309248687,
    -5.391669546148));
#10028 = CARTESIAN_POINT('',(-20.91423259741,-9.639213326667,
    -5.413479756308));
#10029 = CARTESIAN_POINT('',(-20.92044073887,-9.645557748845,
    -5.419574628919));
#10030 = CARTESIAN_POINT('',(-20.92811317523,-9.653213433793,
    -5.42678506579));
#10031 = CARTESIAN_POINT('',(-20.93039735804,-9.655469573895,
    -5.428880199042));
#10032 = CARTESIAN_POINT('',(-20.9334136883,-9.658440783691,
    -5.431612980102));
#10033 = CARTESIAN_POINT('',(-20.93481936744,-9.659823634275,
    -5.432877262177));
#10034 = CARTESIAN_POINT('',(-20.9360713176,-9.661060970287,
    -5.434000058992));
#10035 = CARTESIAN_POINT('',(-20.93687178904,-9.66185456323,
    -5.434718461688));
#10036 = CARTESIAN_POINT('',(-20.93642964222,-9.66141056573,
    -5.434319275383));
#10037 = CARTESIAN_POINT('',(-20.95668302169,-9.681659997817,
    -5.452560828707));
#10038 = CARTESIAN_POINT('',(-20.96751088864,-9.69249157599,
    -5.460000382964));
#10039 = CARTESIAN_POINT('',(-20.97010461825,-9.69508530564,
    -5.460000383306));
#10040 = ORIENTED_EDGE('',*,*,#10041,.F.);
#10041 = EDGE_CURVE('',#9983,#10013,#10042,.T.);
#10042 = B_SPLINE_CURVE_WITH_KNOTS('',3,(#10043,#10044,#10045,#10046),
  .UNSPECIFIED.,.F.,.F.,(4,4),(0.,1.),.PIECEWISE_BEZIER_KNOTS.);
#10043 = CARTESIAN_POINT('',(-20.85010463136,-9.875085321376,
    -5.340000393796));
#10044 = CARTESIAN_POINT('',(-20.85010462699,-9.775085321376,
    -5.340000385054));
#10045 = CARTESIAN_POINT('',(-20.85010462262,-9.675085321376,
    -5.340000376312));
#10046 = CARTESIAN_POINT('',(-20.85010461825,-9.575085321376,
    -5.34000036757));
#10047 = ( BOUNDED_SURFACE() B_SPLINE_SURFACE(2,3,(
    (#10048,#10049,#10050,#10051,#10052,#10053,#10054,#10055)
    ,(#10056,#10057,#10058,#10059,#10060,#10061,#10062,#10063)
    ,(#10064,#10065,#10066,#10067,#10068,#10069,#10070,#10071
)),.UNSPECIFIED.,.F.,.F.,.F.) B_SPLINE_SURFACE_WITH_KNOTS((3,3),(4,2,2,4
    ),(0.,1.),(3.01E-03,3.145E-03,3.205E-03,3.34E-03),.UNSPECIFIED.) 
GEOMETRIC_REPRESENTATION_ITEM() RATIONAL_B_SPLINE_SURFACE((
    (1.,1.,1.,1.,1.,1.,1.,1.)
    ,(8.485281374239E-02,8.485281374239E-02,8.485281374239E-02
      ,8.485281374239E-02,8.485281374239E-02,8.485281374239E-02
      ,8.485281374239E-02,8.485281374239E-02)
,(1.,1.,1.,1.,1.,1.,1.,1.))) REPRESENTATION_ITEM('') SURFACE() );
#10048 = CARTESIAN_POINT('',(-20.97010461234,-9.56008530564,
    -5.460000371504));
#10049 = CARTESIAN_POINT('',(-20.97010461431,-9.60508530564,
    -5.460000375438));
#10050 = CARTESIAN_POINT('',(-20.97010461628,-9.65008530564,
    -5.460000379372));
#10051 = CARTESIAN_POINT('',(-20.97010461912,-9.71508530564,
    -5.460000385054));
#10052 = CARTESIAN_POINT('',(-20.97010461999,-9.73508530564,
    -5.460000386803));
#10053 = CARTESIAN_POINT('',(-20.97010462283,-9.80008530564,
    -5.460000392485));
#10054 = CARTESIAN_POINT('',(-20.9701046248,-9.84508530564,
    -5.460000396419));
#10055 = CARTESIAN_POINT('',(-20.97010462677,-9.89008530564,
    -5.460000400353));
#10056 = CARTESIAN_POINT('',(-20.85010461234,-9.560085310885,
    -5.460000366258));
#10057 = CARTESIAN_POINT('',(-20.85010461431,-9.605085310885,
    -5.460000370192));
#10058 = CARTESIAN_POINT('',(-20.85010461628,-9.650085310885,
    -5.460000374126));
#10059 = CARTESIAN_POINT('',(-20.85010461912,-9.715085310885,
    -5.460000379809));
#10060 = CARTESIAN_POINT('',(-20.85010461999,-9.735085310885,
    -5.460000381557));
#10061 = CARTESIAN_POINT('',(-20.85010462283,-9.800085310885,
    -5.46000038724));
#10062 = CARTESIAN_POINT('',(-20.8501046248,-9.845085310885,
    -5.460000391174));
#10063 = CARTESIAN_POINT('',(-20.85010462677,-9.890085310885,
    -5.460000395108));
#10064 = CARTESIAN_POINT('',(-20.85010461759,-9.560085321376,
    -5.340000366258));
#10065 = CARTESIAN_POINT('',(-20.85010461956,-9.605085321376,
    -5.340000370192));
#10066 = CARTESIAN_POINT('',(-20.85010462152,-9.650085321376,
    -5.340000374126));
#10067 = CARTESIAN_POINT('',(-20.85010462436,-9.715085321376,
    -5.340000379809));
#10068 = CARTESIAN_POINT('',(-20.85010462524,-9.735085321376,
    -5.340000381557));
#10069 = CARTESIAN_POINT('',(-20.85010462808,-9.800085321376,
    -5.34000038724));
#10070 = CARTESIAN_POINT('',(-20.85010463005,-9.845085321376,
    -5.340000391174));
#10071 = CARTESIAN_POINT('',(-20.85010463201,-9.890085321376,
    -5.340000395108));
#10072 = ADVANCED_FACE('',(#10073),#10113,.T.);
#10073 = FACE_BOUND('',#10074,.T.);
#10074 = EDGE_LOOP('',(#10075,#10076,#10085,#10112));
#10075 = ORIENTED_EDGE('',*,*,#9982,.T.);
#10076 = ORIENTED_EDGE('',*,*,#10077,.F.);
#10077 = EDGE_CURVE('',#10078,#9983,#10080,.T.);
#10078 = VERTEX_POINT('',#10079);
#10079 = CARTESIAN_POINT('',(-21.15010463136,-9.875085308262,
    -5.34000040691));
#10080 = B_SPLINE_CURVE_WITH_KNOTS('',3,(#10081,#10082,#10083,#10084),
  .UNSPECIFIED.,.F.,.F.,(4,4),(0.,1.),.PIECEWISE_BEZIER_KNOTS.);
#10081 = CARTESIAN_POINT('',(-21.15010463136,-9.875085308262,
    -5.34000040691));
#10082 = CARTESIAN_POINT('',(-21.05010463136,-9.875085312633,
    -5.340000402539));
#10083 = CARTESIAN_POINT('',(-20.95010463136,-9.875085317005,
    -5.340000398168));
#10084 = CARTESIAN_POINT('',(-20.85010463136,-9.875085321376,
    -5.340000393796));
#10085 = ORIENTED_EDGE('',*,*,#10086,.F.);
#10086 = EDGE_CURVE('',#9941,#10078,#10087,.T.);
#10087 = B_SPLINE_CURVE_WITH_KNOTS('',3,(#10088,#10089,#10090,#10091,
    #10092,#10093,#10094,#10095,#10096,#10097,#10098,#10099,#10100,
    #10101,#10102,#10103,#10104,#10105,#10106,#10107,#10108,#10109,
    #10110,#10111),.UNSPECIFIED.,.F.,.F.,(4,2,2,1,2,2,2,2,2,1,2,2,4),(0.
    ,0.125,0.1875,0.21875,0.234375,0.25,0.5,0.625,0.6875,0.71875,
    0.734375,0.75,1.),.UNSPECIFIED.);
#10088 = CARTESIAN_POINT('',(-21.03010462087,-9.755085303017,
    -5.460000391174));
#10089 = CARTESIAN_POINT('',(-21.03140107081,-9.756381752975,
    -5.460000391343));
#10090 = CARTESIAN_POINT('',(-21.03435766658,-9.759736944685,
    -5.458504411242));
#10091 = CARTESIAN_POINT('',(-21.04244173852,-9.767857844957,
    -5.452540277817));
#10092 = CARTESIAN_POINT('',(-21.04573390841,-9.771079497166,
    -5.449938774928));
#10093 = CARTESIAN_POINT('',(-21.05150151542,-9.776684003658,
    -5.445118794473));
#10094 = CARTESIAN_POINT('',(-21.05458944741,-9.779679263948,
    -5.442482443979));
#10095 = CARTESIAN_POINT('',(-21.05794110378,-9.782964034805,
    -5.439537230664));
#10096 = CARTESIAN_POINT('',(-21.06022742269,-9.785218217724,
    -5.437510683173));
#10097 = CARTESIAN_POINT('',(-21.06222279258,-9.787203529563,
    -5.435721520187));
#10098 = CARTESIAN_POINT('',(-21.06843512295,-9.793414897799,
    -5.430125190427));
#10099 = CARTESIAN_POINT('',(-21.07964844466,-9.804629030009,
    -5.419780823209));
#10100 = CARTESIAN_POINT('',(-21.10009273528,-9.825073461077,
    -5.399424154432));
#10101 = CARTESIAN_POINT('',(-21.1060862917,-9.830961263349,
    -5.393260490538));
#10102 = CARTESIAN_POINT('',(-21.11351706562,-9.838402454601,
    -5.385461719066));
#10103 = CARTESIAN_POINT('',(-21.11574425081,-9.84065109966,
    -5.383092949111));
#10104 = CARTESIAN_POINT('',(-21.11873365204,-9.843676439209,
    -5.379881510892));
#10105 = CARTESIAN_POINT('',(-21.12014094673,-9.845102201973,
    -5.378360709928));
#10106 = CARTESIAN_POINT('',(-21.12142432303,-9.846397604224,
    -5.376962931004));
#10107 = CARTESIAN_POINT('',(-21.12225328018,-9.847232236721,
    -5.376057774861));
#10108 = CARTESIAN_POINT('',(-21.12191530132,-9.846895836876,
    -5.376429832204));
#10109 = CARTESIAN_POINT('',(-21.14108172462,-9.866064677092,
    -5.355392732707));
#10110 = CARTESIAN_POINT('',(-21.15010463117,-9.875085308019,
    -5.342787161456));
#10111 = CARTESIAN_POINT('',(-21.15010463136,-9.875085308262,
    -5.34000040691));
#10112 = ORIENTED_EDGE('',*,*,#9938,.F.);
#10113 = ( BOUNDED_SURFACE() B_SPLINE_SURFACE(2,3,(
    (#10114,#10115,#10116,#10117,#10118,#10119,#10120,#10121)
    ,(#10122,#10123,#10124,#10125,#10126,#10127,#10128,#10129)
    ,(#10130,#10131,#10132,#10133,#10134,#10135,#10136,#10137
)),.UNSPECIFIED.,.F.,.F.,.F.) B_SPLINE_SURFACE_WITH_KNOTS((3,3),(4,2,2,4
    ),(0.,1.),(-1.65E-04,-3.E-05,3.E-05,1.65E-04),.UNSPECIFIED.) 
GEOMETRIC_REPRESENTATION_ITEM() RATIONAL_B_SPLINE_SURFACE((
    (1.,1.,1.,1.,1.,1.,1.,1.)
    ,(8.485281374239E-02,8.485281374239E-02,8.485281374239E-02
      ,8.485281374239E-02,8.485281374239E-02,8.485281374239E-02
      ,8.485281374239E-02,8.485281374239E-02)
,(1.,1.,1.,1.,1.,1.,1.,1.))) REPRESENTATION_ITEM('') SURFACE() );
#10114 = CARTESIAN_POINT('',(-20.83510462087,-9.755085311541,
    -5.46000038265));
#10115 = CARTESIAN_POINT('',(-20.88010462087,-9.755085309574,
    -5.460000384617));
#10116 = CARTESIAN_POINT('',(-20.92510462087,-9.755085307607,
    -5.460000386584));
#10117 = CARTESIAN_POINT('',(-20.99010462087,-9.755085304765,
    -5.460000389425));
#10118 = CARTESIAN_POINT('',(-21.01010462087,-9.755085303891,
    -5.4600003903));
#10119 = CARTESIAN_POINT('',(-21.07510462087,-9.75508530105,
    -5.460000393141));
#10120 = CARTESIAN_POINT('',(-21.12010462087,-9.755085299083,
    -5.460000395108));
#10121 = CARTESIAN_POINT('',(-21.16510462087,-9.755085297116,
    -5.460000397075));
#10122 = CARTESIAN_POINT('',(-20.83510462611,-9.875085311541,
    -5.460000393141));
#10123 = CARTESIAN_POINT('',(-20.88010462611,-9.875085309574,
    -5.460000395108));
#10124 = CARTESIAN_POINT('',(-20.92510462611,-9.875085307607,
    -5.460000397075));
#10125 = CARTESIAN_POINT('',(-20.99010462611,-9.875085304765,
    -5.460000399916));
#10126 = CARTESIAN_POINT('',(-21.01010462611,-9.875085303891,
    -5.46000040079));
#10127 = CARTESIAN_POINT('',(-21.07510462611,-9.87508530105,
    -5.460000403631));
#10128 = CARTESIAN_POINT('',(-21.12010462611,-9.875085299083,
    -5.460000405598));
#10129 = CARTESIAN_POINT('',(-21.16510462611,-9.875085297116,
    -5.460000407565));
#10130 = CARTESIAN_POINT('',(-20.83510463136,-9.875085322031,
    -5.340000393141));
#10131 = CARTESIAN_POINT('',(-20.88010463136,-9.875085320064,
    -5.340000395108));
#10132 = CARTESIAN_POINT('',(-20.92510463136,-9.875085318097,
    -5.340000397075));
#10133 = CARTESIAN_POINT('',(-20.99010463136,-9.875085315256,
    -5.340000399916));
#10134 = CARTESIAN_POINT('',(-21.01010463136,-9.875085314382,
    -5.34000040079));
#10135 = CARTESIAN_POINT('',(-21.07510463136,-9.875085311541,
    -5.340000403631));
#10136 = CARTESIAN_POINT('',(-21.12010463136,-9.875085309574,
    -5.340000405598));
#10137 = CARTESIAN_POINT('',(-21.16510463136,-9.875085307607,
    -5.340000407565));
#10138 = ADVANCED_FACE('',(#10139),#10179,.T.);
#10139 = FACE_BOUND('',#10140,.T.);
#10140 = EDGE_LOOP('',(#10141,#10170,#10171,#10172));
#10141 = ORIENTED_EDGE('',*,*,#10142,.T.);
#10142 = EDGE_CURVE('',#10143,#9950,#10145,.T.);
#10143 = VERTEX_POINT('',#10144);
#10144 = CARTESIAN_POINT('',(-21.15010461825,-9.575085308262,
    -5.340000380683));
#10145 = B_SPLINE_CURVE_WITH_KNOTS('',3,(#10146,#10147,#10148,#10149,
    #10150,#10151,#10152,#10153,#10154,#10155,#10156,#10157,#10158,
    #10159,#10160,#10161,#10162,#10163,#10164,#10165,#10166,#10167,
    #10168,#10169),.UNSPECIFIED.,.F.,.F.,(4,2,2,1,2,2,2,2,2,1,2,2,4),(0.
    ,0.125,0.1875,0.21875,0.234375,0.25,0.5,0.625,0.6875,0.71875,
    0.734375,0.75,1.),.UNSPECIFIED.);
#10146 = CARTESIAN_POINT('',(-21.15010461825,-9.575085308262,
    -5.340000380683));
#10147 = CARTESIAN_POINT('',(-21.15010461818,-9.57508530814,
    -5.341393524239));
#10148 = CARTESIAN_POINT('',(-21.14834756904,-9.577340465481,
    -5.344718703865));
#10149 = CARTESIAN_POINT('',(-21.14162066626,-9.584105937658,
    -5.353653326251));
#10150 = CARTESIAN_POINT('',(-21.13871129116,-9.586924884412,
    -5.357269637427));
#10151 = CARTESIAN_POINT('',(-21.13343537461,-9.591998988597,
    -5.363491349633));
#10152 = CARTESIAN_POINT('',(-21.13057344874,-9.594747461703,
    -5.36679753425));
#10153 = CARTESIAN_POINT('',(-21.12742725648,-9.597813066332,
    -5.370333750123));
#10154 = CARTESIAN_POINT('',(-21.1252745181,-9.599927276424,
    -5.372733493638));
#10155 = CARTESIAN_POINT('',(-21.1234306775,-9.601759283604,
    -5.37476651928));
#10156 = CARTESIAN_POINT('',(-21.11683552302,-9.608353811752,
    -5.382005374076));
#10157 = CARTESIAN_POINT('',(-21.10788068417,-9.617309309142,
    -5.391669555561));
#10158 = CARTESIAN_POINT('',(-21.08597660331,-9.639213284221,
    -5.41347976382));
#10159 = CARTESIAN_POINT('',(-21.07963218033,-9.645421425416,
    -5.419574635872));
#10160 = CARTESIAN_POINT('',(-21.07197649444,-9.653093861457,
    -5.426785072074));
#10161 = CARTESIAN_POINT('',(-21.06972035407,-9.655378044178,
    -5.428880205129));
#10162 = CARTESIAN_POINT('',(-21.06674914391,-9.658394374318,
    -5.43161298593));
#10163 = CARTESIAN_POINT('',(-21.06536629316,-9.659800053402,
    -5.432877267884));
#10164 = CARTESIAN_POINT('',(-21.06412895701,-9.661052003508,
    -5.43400006459));
#10165 = CARTESIAN_POINT('',(-21.06333536397,-9.661852474916,
    -5.434718467217));
#10166 = CARTESIAN_POINT('',(-21.06377936152,-9.661410328116,
    -5.43431928095));
#10167 = CARTESIAN_POINT('',(-21.04352992704,-9.681663706784,
    -5.452560832507));
#10168 = CARTESIAN_POINT('',(-21.03269834789,-9.692491573412,
    -5.460000385813));
#10169 = CARTESIAN_POINT('',(-21.03010461825,-9.695085303017,
    -5.460000385928));
#10170 = ORIENTED_EDGE('',*,*,#9949,.F.);
#10171 = ORIENTED_EDGE('',*,*,#10086,.T.);
#10172 = ORIENTED_EDGE('',*,*,#10173,.F.);
#10173 = EDGE_CURVE('',#10143,#10078,#10174,.T.);
#10174 = B_SPLINE_CURVE_WITH_KNOTS('',3,(#10175,#10176,#10177,#10178),
  .UNSPECIFIED.,.F.,.F.,(4,4),(0.,1.),.PIECEWISE_BEZIER_KNOTS.);
#10175 = CARTESIAN_POINT('',(-21.15010461825,-9.575085308262,
    -5.340000380683));
#10176 = CARTESIAN_POINT('',(-21.15010462262,-9.675085308262,
    -5.340000389425));
#10177 = CARTESIAN_POINT('',(-21.15010462699,-9.775085308262,
    -5.340000398168));
#10178 = CARTESIAN_POINT('',(-21.15010463136,-9.875085308262,
    -5.34000040691));
#10179 = ( BOUNDED_SURFACE() B_SPLINE_SURFACE(2,3,(
    (#10180,#10181,#10182,#10183,#10184,#10185,#10186,#10187)
    ,(#10188,#10189,#10190,#10191,#10192,#10193,#10194,#10195)
    ,(#10196,#10197,#10198,#10199,#10200,#10201,#10202,#10203
)),.UNSPECIFIED.,.F.,.F.,.F.) B_SPLINE_SURFACE_WITH_KNOTS((3,3),(4,2,2,4
    ),(0.,1.),(-3.34E-03,-3.205E-03,-3.145E-03,-3.01E-03),
.UNSPECIFIED.) GEOMETRIC_REPRESENTATION_ITEM() RATIONAL_B_SPLINE_SURFACE
((
    (1.,1.,1.,1.,1.,1.,1.,1.)
    ,(8.485281374239E-02,8.485281374239E-02,8.485281374239E-02
      ,8.485281374239E-02,8.485281374239E-02,8.485281374239E-02
      ,8.485281374239E-02,8.485281374239E-02)
,(1.,1.,1.,1.,1.,1.,1.,1.))) REPRESENTATION_ITEM('') SURFACE() );
#10180 = CARTESIAN_POINT('',(-21.03010462677,-9.890085303017,
    -5.460000402976));
#10181 = CARTESIAN_POINT('',(-21.0301046248,-9.845085303017,
    -5.460000399042));
#10182 = CARTESIAN_POINT('',(-21.03010462283,-9.800085303017,
    -5.460000395108));
#10183 = CARTESIAN_POINT('',(-21.03010461999,-9.735085303017,
    -5.460000389425));
#10184 = CARTESIAN_POINT('',(-21.03010461912,-9.715085303017,
    -5.460000387677));
#10185 = CARTESIAN_POINT('',(-21.03010461628,-9.650085303017,
    -5.460000381994));
#10186 = CARTESIAN_POINT('',(-21.03010461431,-9.605085303017,
    -5.46000037806));
#10187 = CARTESIAN_POINT('',(-21.03010461234,-9.560085303017,
    -5.460000374126));
#10188 = CARTESIAN_POINT('',(-21.15010462677,-9.890085297771,
    -5.460000408221));
#10189 = CARTESIAN_POINT('',(-21.1501046248,-9.845085297771,
    -5.460000404287));
#10190 = CARTESIAN_POINT('',(-21.15010462283,-9.800085297771,
    -5.460000400353));
#10191 = CARTESIAN_POINT('',(-21.15010461999,-9.735085297771,
    -5.460000394671));
#10192 = CARTESIAN_POINT('',(-21.15010461912,-9.715085297771,
    -5.460000392922));
#10193 = CARTESIAN_POINT('',(-21.15010461628,-9.650085297771,
    -5.46000038724));
#10194 = CARTESIAN_POINT('',(-21.15010461431,-9.605085297771,
    -5.460000383306));
#10195 = CARTESIAN_POINT('',(-21.15010461234,-9.560085297771,
    -5.460000379372));
#10196 = CARTESIAN_POINT('',(-21.15010463201,-9.890085308262,
    -5.340000408221));
#10197 = CARTESIAN_POINT('',(-21.15010463005,-9.845085308262,
    -5.340000404287));
#10198 = CARTESIAN_POINT('',(-21.15010462808,-9.800085308262,
    -5.340000400353));
#10199 = CARTESIAN_POINT('',(-21.15010462524,-9.735085308262,
    -5.340000394671));
#10200 = CARTESIAN_POINT('',(-21.15010462436,-9.715085308262,
    -5.340000392922));
#10201 = CARTESIAN_POINT('',(-21.15010462152,-9.650085308262,
    -5.34000038724));
#10202 = CARTESIAN_POINT('',(-21.15010461956,-9.605085308262,
    -5.340000383306));
#10203 = CARTESIAN_POINT('',(-21.15010461759,-9.560085308262,
    -5.340000379372));
#10204 = ADVANCED_FACE('',(#10205),#10217,.T.);
#10205 = FACE_BOUND('',#10206,.T.);
#10206 = EDGE_LOOP('',(#10207,#10208,#10209,#10210));
#10207 = ORIENTED_EDGE('',*,*,#10012,.T.);
#10208 = ORIENTED_EDGE('',*,*,#9958,.F.);
#10209 = ORIENTED_EDGE('',*,*,#10142,.F.);
#10210 = ORIENTED_EDGE('',*,*,#10211,.F.);
#10211 = EDGE_CURVE('',#10013,#10143,#10212,.T.);
#10212 = B_SPLINE_CURVE_WITH_KNOTS('',3,(#10213,#10214,#10215,#10216),
  .UNSPECIFIED.,.F.,.F.,(4,4),(0.,1.),.PIECEWISE_BEZIER_KNOTS.);
#10213 = CARTESIAN_POINT('',(-20.85010461825,-9.575085321376,
    -5.34000036757));
#10214 = CARTESIAN_POINT('',(-20.95010461825,-9.575085317005,
    -5.340000371941));
#10215 = CARTESIAN_POINT('',(-21.05010461825,-9.575085312633,
    -5.340000376312));
#10216 = CARTESIAN_POINT('',(-21.15010461825,-9.575085308262,
    -5.340000380683));
#10217 = ( BOUNDED_SURFACE() B_SPLINE_SURFACE(2,3,(
    (#10218,#10219,#10220,#10221,#10222,#10223,#10224,#10225)
    ,(#10226,#10227,#10228,#10229,#10230,#10231,#10232,#10233)
    ,(#10234,#10235,#10236,#10237,#10238,#10239,#10240,#10241
)),.UNSPECIFIED.,.F.,.F.,.F.) B_SPLINE_SURFACE_WITH_KNOTS((3,3),(4,2,2,4
    ),(0.,1.),(-1.65E-04,-3.E-05,3.E-05,1.65E-04),.UNSPECIFIED.) 
GEOMETRIC_REPRESENTATION_ITEM() RATIONAL_B_SPLINE_SURFACE((
    (1.,1.,1.,1.,1.,1.,1.,1.)
    ,(8.485281374239E-02,8.485281374239E-02,8.485281374239E-02
      ,8.485281374239E-02,8.485281374239E-02,8.485281374239E-02
      ,8.485281374239E-02,8.485281374239E-02)
,(1.,1.,1.,1.,1.,1.,1.,1.))) REPRESENTATION_ITEM('') SURFACE() );
#10218 = CARTESIAN_POINT('',(-21.16510461825,-9.695085297116,
    -5.460000391829));
#10219 = CARTESIAN_POINT('',(-21.12010461825,-9.695085299083,
    -5.460000389862));
#10220 = CARTESIAN_POINT('',(-21.07510461825,-9.69508530105,
    -5.460000387895));
#10221 = CARTESIAN_POINT('',(-21.01010461825,-9.695085303891,
    -5.460000385054));
#10222 = CARTESIAN_POINT('',(-20.99010461825,-9.695085304765,
    -5.46000038418));
#10223 = CARTESIAN_POINT('',(-20.92510461825,-9.695085307607,
    -5.460000381339));
#10224 = CARTESIAN_POINT('',(-20.88010461825,-9.695085309574,
    -5.460000379372));
#10225 = CARTESIAN_POINT('',(-20.83510461825,-9.695085311541,
    -5.460000377405));
#10226 = CARTESIAN_POINT('',(-21.165104613,-9.575085297116,
    -5.460000381339));
#10227 = CARTESIAN_POINT('',(-21.120104613,-9.575085299083,
    -5.460000379372));
#10228 = CARTESIAN_POINT('',(-21.075104613,-9.57508530105,
    -5.460000377405));
#10229 = CARTESIAN_POINT('',(-21.010104613,-9.575085303891,
    -5.460000374563));
#10230 = CARTESIAN_POINT('',(-20.990104613,-9.575085304765,
    -5.460000373689));
#10231 = CARTESIAN_POINT('',(-20.925104613,-9.575085307607,
    -5.460000370848));
#10232 = CARTESIAN_POINT('',(-20.880104613,-9.575085309574,
    -5.460000368881));
#10233 = CARTESIAN_POINT('',(-20.835104613,-9.575085311541,
    -5.460000366914));
#10234 = CARTESIAN_POINT('',(-21.16510461825,-9.575085307607,
    -5.340000381339));
#10235 = CARTESIAN_POINT('',(-21.12010461825,-9.575085309574,
    -5.340000379372));
#10236 = CARTESIAN_POINT('',(-21.07510461825,-9.575085311541,
    -5.340000377405));
#10237 = CARTESIAN_POINT('',(-21.01010461825,-9.575085314382,
    -5.340000374563));
#10238 = CARTESIAN_POINT('',(-20.99010461825,-9.575085315256,
    -5.340000373689));
#10239 = CARTESIAN_POINT('',(-20.92510461825,-9.575085318097,
    -5.340000370848));
#10240 = CARTESIAN_POINT('',(-20.88010461825,-9.575085320064,
    -5.340000368881));
#10241 = CARTESIAN_POINT('',(-20.83510461825,-9.575085322031,
    -5.340000366914));
#10242 = ADVANCED_FACE('',(#10243),#10259,.T.);
#10243 = FACE_BOUND('',#10244,.T.);
#10244 = EDGE_LOOP('',(#10245,#10251,#10252,#10258));
#10245 = ORIENTED_EDGE('',*,*,#10246,.T.);
#10246 = EDGE_CURVE('',#8379,#10013,#10247,.T.);
#10247 = LINE('',#10248,#10249);
#10248 = CARTESIAN_POINT('',(-20.85010492772,-9.575085940329,
    1.73999963243));
#10249 = VECTOR('',#10250,1.);
#10250 = DIRECTION('',(4.371140912996E-08,8.742273203022E-08,-1.));
#10251 = ORIENTED_EDGE('',*,*,#10211,.T.);
#10252 = ORIENTED_EDGE('',*,*,#10253,.F.);
#10253 = EDGE_CURVE('',#8363,#10143,#10254,.T.);
#10254 = LINE('',#10255,#10256);
#10255 = CARTESIAN_POINT('',(-21.15010492772,-9.575085927215,
    1.739999619317));
#10256 = VECTOR('',#10257,1.);
#10257 = DIRECTION('',(4.371140912996E-08,8.742273203022E-08,-1.));
#10258 = ORIENTED_EDGE('',*,*,#8386,.T.);
#10259 = PLANE('',#10260);
#10260 = AXIS2_PLACEMENT_3D('',#10261,#10262,#10263);
#10261 = CARTESIAN_POINT('',(-21.00010492772,-9.575085933772,
    1.739999625874));
#10262 = DIRECTION('',(4.371138828674E-08,1.,8.742273394091E-08));
#10263 = DIRECTION('',(1.,-4.371139210811E-08,4.371140530859E-08));
#10264 = ADVANCED_FACE('',(#10265),#10276,.F.);
#10265 = FACE_BOUND('',#10266,.T.);
#10266 = EDGE_LOOP('',(#10267,#10268,#10269,#10275));
#10267 = ORIENTED_EDGE('',*,*,#10253,.T.);
#10268 = ORIENTED_EDGE('',*,*,#10173,.T.);
#10269 = ORIENTED_EDGE('',*,*,#10270,.F.);
#10270 = EDGE_CURVE('',#8361,#10078,#10271,.T.);
#10271 = LINE('',#10272,#10273);
#10272 = CARTESIAN_POINT('',(-21.15010494084,-9.875085927215,
    1.73999959309));
#10273 = VECTOR('',#10274,1.);
#10274 = DIRECTION('',(4.371140912996E-08,8.742273203022E-08,-1.));
#10275 = ORIENTED_EDGE('',*,*,#8360,.T.);
#10276 = PLANE('',#10277);
#10277 = AXIS2_PLACEMENT_3D('',#10278,#10279,#10280);
#10278 = CARTESIAN_POINT('',(-21.15010479549,-6.550085927215,
    1.739999883771));
#10279 = DIRECTION('',(1.,-4.371139219846E-08,4.371140530859E-08));
#10280 = DIRECTION('',(-4.371138837709E-08,-1.,-8.742273394091E-08));
#10281 = ADVANCED_FACE('',(#10282),#10293,.F.);
#10282 = FACE_BOUND('',#10283,.T.);
#10283 = EDGE_LOOP('',(#10284,#10285,#10286,#10292));
#10284 = ORIENTED_EDGE('',*,*,#10270,.T.);
#10285 = ORIENTED_EDGE('',*,*,#10077,.T.);
#10286 = ORIENTED_EDGE('',*,*,#10287,.F.);
#10287 = EDGE_CURVE('',#8371,#9983,#10288,.T.);
#10288 = LINE('',#10289,#10290);
#10289 = CARTESIAN_POINT('',(-20.85010494084,-9.875085940329,
    1.739999606204));
#10290 = VECTOR('',#10291,1.);
#10291 = DIRECTION('',(4.371140912996E-08,8.742273203022E-08,-1.));
#10292 = ORIENTED_EDGE('',*,*,#8370,.T.);
#10293 = PLANE('',#10294);
#10294 = AXIS2_PLACEMENT_3D('',#10295,#10296,#10297);
#10295 = CARTESIAN_POINT('',(-21.00010494084,-9.875085933772,
    1.739999599647));
#10296 = DIRECTION('',(4.371138828674E-08,1.,8.742273394091E-08));
#10297 = DIRECTION('',(1.,-4.371139210811E-08,4.371140530859E-08));
#10298 = ADVANCED_FACE('',(#10299),#10305,.T.);
#10299 = FACE_BOUND('',#10300,.T.);
#10300 = EDGE_LOOP('',(#10301,#10302,#10303,#10304));
#10301 = ORIENTED_EDGE('',*,*,#10287,.T.);
#10302 = ORIENTED_EDGE('',*,*,#10041,.T.);
#10303 = ORIENTED_EDGE('',*,*,#10246,.F.);
#10304 = ORIENTED_EDGE('',*,*,#8378,.T.);
#10305 = PLANE('',#10306);
#10306 = AXIS2_PLACEMENT_3D('',#10307,#10308,#10309);
#10307 = CARTESIAN_POINT('',(-20.85010479549,-6.550085940329,
    1.739999896884));
#10308 = DIRECTION('',(1.,-4.371139219846E-08,4.371140530859E-08));
#10309 = DIRECTION('',(-4.371138837709E-08,-1.,-8.742273394091E-08));
#10310 = ADVANCED_FACE('',(#10311),#10349,.T.);
#10311 = FACE_BOUND('',#10312,.T.);
#10312 = EDGE_LOOP('',(#10313,#10324,#10333,#10342));
#10313 = ORIENTED_EDGE('',*,*,#10314,.T.);
#10314 = EDGE_CURVE('',#10315,#10317,#10319,.T.);
#10315 = VERTEX_POINT('',#10316);
#10316 = CARTESIAN_POINT('',(-20.97010456535,-8.48508530564,
    -5.460000277524));
#10317 = VERTEX_POINT('',#10318);
#10318 = CARTESIAN_POINT('',(-21.03010456535,-8.485085303017,
    -5.460000280147));
#10319 = B_SPLINE_CURVE_WITH_KNOTS('',3,(#10320,#10321,#10322,#10323),
  .UNSPECIFIED.,.F.,.F.,(4,4),(0.,1.),.PIECEWISE_BEZIER_KNOTS.);
#10320 = CARTESIAN_POINT('',(-20.97010456535,-8.48508530564,
    -5.460000277524));
#10321 = CARTESIAN_POINT('',(-20.99010456535,-8.485085304765,
    -5.460000278398));
#10322 = CARTESIAN_POINT('',(-21.01010456535,-8.485085303891,
    -5.460000279273));
#10323 = CARTESIAN_POINT('',(-21.03010456535,-8.485085303017,
    -5.460000280147));
#10324 = ORIENTED_EDGE('',*,*,#10325,.T.);
#10325 = EDGE_CURVE('',#10317,#10326,#10328,.T.);
#10326 = VERTEX_POINT('',#10327);
#10327 = CARTESIAN_POINT('',(-21.03010456273,-8.425085303017,
    -5.460000274901));
#10328 = B_SPLINE_CURVE_WITH_KNOTS('',3,(#10329,#10330,#10331,#10332),
  .UNSPECIFIED.,.F.,.F.,(4,4),(0.,1.),.PIECEWISE_BEZIER_KNOTS.);
#10329 = CARTESIAN_POINT('',(-21.03010456535,-8.485085303017,
    -5.460000280147));
#10330 = CARTESIAN_POINT('',(-21.03010456448,-8.465085303017,
    -5.460000278398));
#10331 = CARTESIAN_POINT('',(-21.03010456361,-8.445085303017,
    -5.46000027665));
#10332 = CARTESIAN_POINT('',(-21.03010456273,-8.425085303017,
    -5.460000274901));
#10333 = ORIENTED_EDGE('',*,*,#10334,.T.);
#10334 = EDGE_CURVE('',#10326,#10335,#10337,.T.);
#10335 = VERTEX_POINT('',#10336);
#10336 = CARTESIAN_POINT('',(-20.97010456273,-8.42508530564,
    -5.460000272279));
#10337 = B_SPLINE_CURVE_WITH_KNOTS('',3,(#10338,#10339,#10340,#10341),
  .UNSPECIFIED.,.F.,.F.,(4,4),(0.,1.),.PIECEWISE_BEZIER_KNOTS.);
#10338 = CARTESIAN_POINT('',(-21.03010456273,-8.425085303017,
    -5.460000274901));
#10339 = CARTESIAN_POINT('',(-21.01010456273,-8.425085303891,
    -5.460000274027));
#10340 = CARTESIAN_POINT('',(-20.99010456273,-8.425085304765,
    -5.460000273153));
#10341 = CARTESIAN_POINT('',(-20.97010456273,-8.42508530564,
    -5.460000272279));
#10342 = ORIENTED_EDGE('',*,*,#10343,.T.);
#10343 = EDGE_CURVE('',#10335,#10315,#10344,.T.);
#10344 = B_SPLINE_CURVE_WITH_KNOTS('',3,(#10345,#10346,#10347,#10348),
  .UNSPECIFIED.,.F.,.F.,(4,4),(0.,1.),.PIECEWISE_BEZIER_KNOTS.);
#10345 = CARTESIAN_POINT('',(-20.97010456273,-8.42508530564,
    -5.460000272279));
#10346 = CARTESIAN_POINT('',(-20.97010456361,-8.44508530564,
    -5.460000274027));
#10347 = CARTESIAN_POINT('',(-20.97010456448,-8.46508530564,
    -5.460000275776));
#10348 = CARTESIAN_POINT('',(-20.97010456535,-8.48508530564,
    -5.460000277524));
#10349 = PLANE('',#10350);
#10350 = AXIS2_PLACEMENT_3D('',#10351,#10352,#10353);
#10351 = CARTESIAN_POINT('',(-21.00010448077,-6.550085304328,
    -5.460000109673));
#10352 = DIRECTION('',(4.371140912996E-08,8.742273203022E-08,-1.));
#10353 = DIRECTION('',(-4.371138828674E-08,-1.,-8.742273394091E-08));
#10354 = ADVANCED_FACE('',(#10355),#10423,.T.);
#10355 = FACE_BOUND('',#10356,.T.);
#10356 = EDGE_LOOP('',(#10357,#10386,#10387,#10416));
#10357 = ORIENTED_EDGE('',*,*,#10358,.F.);
#10358 = EDGE_CURVE('',#10315,#10359,#10361,.T.);
#10359 = VERTEX_POINT('',#10360);
#10360 = CARTESIAN_POINT('',(-20.85010457584,-8.605085321376,
    -5.34000028277));
#10361 = B_SPLINE_CURVE_WITH_KNOTS('',3,(#10362,#10363,#10364,#10365,
    #10366,#10367,#10368,#10369,#10370,#10371,#10372,#10373,#10374,
    #10375,#10376,#10377,#10378,#10379,#10380,#10381,#10382,#10383,
    #10384,#10385),.UNSPECIFIED.,.F.,.F.,(4,2,2,1,2,2,2,2,2,1,2,2,4),(0.
    ,0.125,0.1875,0.21875,0.234375,0.25,0.5,0.625,0.6875,0.71875,
    0.734375,0.75,1.),.UNSPECIFIED.);
#10362 = CARTESIAN_POINT('',(-20.97010456535,-8.48508530564,
    -5.460000277524));
#10363 = CARTESIAN_POINT('',(-20.9688081154,-8.486381755579,
    -5.46000027758));
#10364 = CARTESIAN_POINT('',(-20.96545292388,-8.489338351421,
    -5.458504297169));
#10365 = CARTESIAN_POINT('',(-20.95733202439,-8.497422423619,
    -5.452540163033));
#10366 = CARTESIAN_POINT('',(-20.95411037252,-8.500714593622,
    -5.449938659865));
#10367 = CARTESIAN_POINT('',(-20.94850586666,-8.506482200839,
    -5.445118678927));
#10368 = CARTESIAN_POINT('',(-20.94551060672,-8.509570132942,
    -5.442482328175));
#10369 = CARTESIAN_POINT('',(-20.94222583625,-8.51292178945,
    -5.439537114576));
#10370 = CARTESIAN_POINT('',(-20.9399716536,-8.515208108448,
    -5.437510566889));
#10371 = CARTESIAN_POINT('',(-20.93798634199,-8.517203478415,
    -5.43572140373));
#10372 = CARTESIAN_POINT('',(-20.93177497449,-8.523415809025,
    -5.430125073431));
#10373 = CARTESIAN_POINT('',(-20.92056084364,-8.534629131191,
    -5.419780705231));
#10374 = CARTESIAN_POINT('',(-20.90011641524,-8.555073422704,
    -5.399424034663));
#10375 = CARTESIAN_POINT('',(-20.89422861377,-8.561066979392,
    -5.393260370258));
#10376 = CARTESIAN_POINT('',(-20.88678742354,-8.568497753649,
    -5.385461598135));
#10377 = CARTESIAN_POINT('',(-20.88453877879,-8.570724938945,
    -5.383092827982));
#10378 = CARTESIAN_POINT('',(-20.88151343967,-8.573714340313,
    -5.379881389498));
#10379 = CARTESIAN_POINT('',(-20.8800876771,-8.575121635073,
    -5.378360588409));
#10380 = CARTESIAN_POINT('',(-20.87879227504,-8.576405011435,
    -5.376962809371));
#10381 = CARTESIAN_POINT('',(-20.87795764266,-8.577233968626,
    -5.376057653156));
#10382 = CARTESIAN_POINT('',(-20.87829404245,-8.576895989742,
    -5.376429710528));
#10383 = CARTESIAN_POINT('',(-20.859125205,-8.596062413961,
    -5.355392609354));
#10384 = CARTESIAN_POINT('',(-20.85010457572,-8.60508532107,
    -5.342787037316));
#10385 = CARTESIAN_POINT('',(-20.85010457584,-8.605085321376,
    -5.34000028277));
#10386 = ORIENTED_EDGE('',*,*,#10343,.F.);
#10387 = ORIENTED_EDGE('',*,*,#10388,.F.);
#10388 = EDGE_CURVE('',#10389,#10335,#10391,.T.);
#10389 = VERTEX_POINT('',#10390);
#10390 = CARTESIAN_POINT('',(-20.85010456273,-8.305085321376,
    -5.340000256543));
#10391 = B_SPLINE_CURVE_WITH_KNOTS('',3,(#10392,#10393,#10394,#10395,
    #10396,#10397,#10398,#10399,#10400,#10401,#10402,#10403,#10404,
    #10405,#10406,#10407,#10408,#10409,#10410,#10411,#10412,#10413,
    #10414,#10415),.UNSPECIFIED.,.F.,.F.,(4,2,2,1,2,2,2,2,2,1,2,2,4),(0.
    ,0.125,0.1875,0.21875,0.234375,0.25,0.5,0.625,0.6875,0.71875,
    0.734375,0.75,1.),.UNSPECIFIED.);
#10392 = CARTESIAN_POINT('',(-20.85010456273,-8.305085321376,
    -5.340000256543));
#10393 = CARTESIAN_POINT('',(-20.85010456267,-8.305085321255,
    -5.341393400099));
#10394 = CARTESIAN_POINT('',(-20.85235972016,-8.306842369962,
    -5.344718579856));
#10395 = CARTESIAN_POINT('',(-20.85912519272,-8.313569271572,
    -5.353653202829));
#10396 = CARTESIAN_POINT('',(-20.86194413964,-8.3164786462,
    -5.357269514264));
#10397 = CARTESIAN_POINT('',(-20.86701824409,-8.321754561933,
    -5.36349122694));
#10398 = CARTESIAN_POINT('',(-20.86976671734,-8.324616487365,
    -5.366797411811));
#10399 = CARTESIAN_POINT('',(-20.87283232213,-8.327762679158,
    -5.370333627963));
#10400 = CARTESIAN_POINT('',(-20.87494653232,-8.329915417225,
    -5.372733371668));
#10401 = CARTESIAN_POINT('',(-20.87677853959,-8.331759257564,
    -5.374766397471));
#10402 = CARTESIAN_POINT('',(-20.88337306806,-8.338354411095,
    -5.382005252844));
#10403 = CARTESIAN_POINT('',(-20.89232856587,-8.347309248678,
    -5.391669435113));
#10404 = CARTESIAN_POINT('',(-20.9142325419,-8.369213326672,
    -5.413479645285));
#10405 = CARTESIAN_POINT('',(-20.92044068336,-8.375557748852,
    -5.419574517898));
#10406 = CARTESIAN_POINT('',(-20.92811311972,-8.383213433799,
    -5.426784954768));
#10407 = CARTESIAN_POINT('',(-20.93039730253,-8.3854695739,
    -5.42888008802));
#10408 = CARTESIAN_POINT('',(-20.93341363279,-8.388440783695,
    -5.431612869078));
#10409 = CARTESIAN_POINT('',(-20.93481931193,-8.389823634278,
    -5.432877151153));
#10410 = CARTESIAN_POINT('',(-20.93607126209,-8.391060970289,
    -5.433999947967));
#10411 = CARTESIAN_POINT('',(-20.93687173353,-8.391854563231,
    -5.434718350662));
#10412 = CARTESIAN_POINT('',(-20.93642958671,-8.39141056573,
    -5.434319164356));
#10413 = CARTESIAN_POINT('',(-20.95668296617,-8.411659997821,
    -5.452560717683));
#10414 = CARTESIAN_POINT('',(-20.96751083313,-8.422491575991,
    -5.460000271937));
#10415 = CARTESIAN_POINT('',(-20.97010456273,-8.42508530564,
    -5.460000272279));
#10416 = ORIENTED_EDGE('',*,*,#10417,.F.);
#10417 = EDGE_CURVE('',#10359,#10389,#10418,.T.);
#10418 = B_SPLINE_CURVE_WITH_KNOTS('',3,(#10419,#10420,#10421,#10422),
  .UNSPECIFIED.,.F.,.F.,(4,4),(0.,1.),.PIECEWISE_BEZIER_KNOTS.);
#10419 = CARTESIAN_POINT('',(-20.85010457584,-8.605085321376,
    -5.34000028277));
#10420 = CARTESIAN_POINT('',(-20.85010457147,-8.505085321376,
    -5.340000274027));
#10421 = CARTESIAN_POINT('',(-20.8501045671,-8.405085321376,
    -5.340000265285));
#10422 = CARTESIAN_POINT('',(-20.85010456273,-8.305085321376,
    -5.340000256543));
#10423 = ( BOUNDED_SURFACE() B_SPLINE_SURFACE(2,3,(
    (#10424,#10425,#10426,#10427,#10428,#10429,#10430,#10431)
    ,(#10432,#10433,#10434,#10435,#10436,#10437,#10438,#10439)
    ,(#10440,#10441,#10442,#10443,#10444,#10445,#10446,#10447
)),.UNSPECIFIED.,.F.,.F.,.F.) B_SPLINE_SURFACE_WITH_KNOTS((3,3),(4,2,2,4
    ),(0.,1.),(1.74E-03,1.875E-03,1.935E-03,2.07E-03),.UNSPECIFIED.) 
GEOMETRIC_REPRESENTATION_ITEM() RATIONAL_B_SPLINE_SURFACE((
    (1.,1.,1.,1.,1.,1.,1.,1.)
    ,(8.485281374239E-02,8.485281374239E-02,8.485281374239E-02
      ,8.485281374239E-02,8.485281374239E-02,8.485281374239E-02
      ,8.485281374239E-02,8.485281374239E-02)
,(1.,1.,1.,1.,1.,1.,1.,1.))) REPRESENTATION_ITEM('') SURFACE() );
#10424 = CARTESIAN_POINT('',(-20.97010455683,-8.29008530564,
    -5.460000260477));
#10425 = CARTESIAN_POINT('',(-20.9701045588,-8.33508530564,
    -5.460000264411));
#10426 = CARTESIAN_POINT('',(-20.97010456076,-8.38008530564,
    -5.460000268345));
#10427 = CARTESIAN_POINT('',(-20.97010456361,-8.44508530564,
    -5.460000274027));
#10428 = CARTESIAN_POINT('',(-20.97010456448,-8.46508530564,
    -5.460000275776));
#10429 = CARTESIAN_POINT('',(-20.97010456732,-8.53008530564,
    -5.460000281458));
#10430 = CARTESIAN_POINT('',(-20.97010456929,-8.57508530564,
    -5.460000285392));
#10431 = CARTESIAN_POINT('',(-20.97010457126,-8.62008530564,
    -5.460000289326));
#10432 = CARTESIAN_POINT('',(-20.85010455683,-8.290085310885,
    -5.460000255231));
#10433 = CARTESIAN_POINT('',(-20.8501045588,-8.335085310885,
    -5.460000259165));
#10434 = CARTESIAN_POINT('',(-20.85010456076,-8.380085310885,
    -5.460000263099));
#10435 = CARTESIAN_POINT('',(-20.85010456361,-8.445085310885,
    -5.460000268782));
#10436 = CARTESIAN_POINT('',(-20.85010456448,-8.465085310885,
    -5.46000027053));
#10437 = CARTESIAN_POINT('',(-20.85010456732,-8.530085310885,
    -5.460000276213));
#10438 = CARTESIAN_POINT('',(-20.85010456929,-8.575085310885,
    -5.460000280147));
#10439 = CARTESIAN_POINT('',(-20.85010457126,-8.620085310885,
    -5.460000284081));
#10440 = CARTESIAN_POINT('',(-20.85010456208,-8.290085321376,
    -5.340000255231));
#10441 = CARTESIAN_POINT('',(-20.85010456404,-8.335085321376,
    -5.340000259165));
#10442 = CARTESIAN_POINT('',(-20.85010456601,-8.380085321376,
    -5.340000263099));
#10443 = CARTESIAN_POINT('',(-20.85010456885,-8.445085321376,
    -5.340000268782));
#10444 = CARTESIAN_POINT('',(-20.85010456973,-8.465085321376,
    -5.34000027053));
#10445 = CARTESIAN_POINT('',(-20.85010457257,-8.530085321376,
    -5.340000276213));
#10446 = CARTESIAN_POINT('',(-20.85010457453,-8.575085321376,
    -5.340000280147));
#10447 = CARTESIAN_POINT('',(-20.8501045765,-8.620085321376,
    -5.340000284081));
#10448 = ADVANCED_FACE('',(#10449),#10489,.T.);
#10449 = FACE_BOUND('',#10450,.T.);
#10450 = EDGE_LOOP('',(#10451,#10452,#10461,#10488));
#10451 = ORIENTED_EDGE('',*,*,#10358,.T.);
#10452 = ORIENTED_EDGE('',*,*,#10453,.F.);
#10453 = EDGE_CURVE('',#10454,#10359,#10456,.T.);
#10454 = VERTEX_POINT('',#10455);
#10455 = CARTESIAN_POINT('',(-21.15010457584,-8.605085308262,
    -5.340000295883));
#10456 = B_SPLINE_CURVE_WITH_KNOTS('',3,(#10457,#10458,#10459,#10460),
  .UNSPECIFIED.,.F.,.F.,(4,4),(0.,1.),.PIECEWISE_BEZIER_KNOTS.);
#10457 = CARTESIAN_POINT('',(-21.15010457584,-8.605085308262,
    -5.340000295883));
#10458 = CARTESIAN_POINT('',(-21.05010457584,-8.605085312633,
    -5.340000291512));
#10459 = CARTESIAN_POINT('',(-20.95010457584,-8.605085317005,
    -5.340000287141));
#10460 = CARTESIAN_POINT('',(-20.85010457584,-8.605085321376,
    -5.34000028277));
#10461 = ORIENTED_EDGE('',*,*,#10462,.F.);
#10462 = EDGE_CURVE('',#10317,#10454,#10463,.T.);
#10463 = B_SPLINE_CURVE_WITH_KNOTS('',3,(#10464,#10465,#10466,#10467,
    #10468,#10469,#10470,#10471,#10472,#10473,#10474,#10475,#10476,
    #10477,#10478,#10479,#10480,#10481,#10482,#10483,#10484,#10485,
    #10486,#10487),.UNSPECIFIED.,.F.,.F.,(4,2,2,1,2,2,2,2,2,1,2,2,4),(0.
    ,0.125,0.1875,0.21875,0.234375,0.25,0.5,0.625,0.6875,0.71875,
    0.734375,0.75,1.),.UNSPECIFIED.);
#10464 = CARTESIAN_POINT('',(-21.03010456535,-8.485085303017,
    -5.460000280147));
#10465 = CARTESIAN_POINT('',(-21.03140101529,-8.486381752975,
    -5.460000280316));
#10466 = CARTESIAN_POINT('',(-21.03435761107,-8.489736944685,
    -5.458504300215));
#10467 = CARTESIAN_POINT('',(-21.04244168301,-8.497857844957,
    -5.45254016679));
#10468 = CARTESIAN_POINT('',(-21.0457338529,-8.501079497166,
    -5.449938663901));
#10469 = CARTESIAN_POINT('',(-21.0515014599,-8.506684003658,
    -5.445118683446));
#10470 = CARTESIAN_POINT('',(-21.05458939189,-8.509679263948,
    -5.442482332952));
#10471 = CARTESIAN_POINT('',(-21.05794104827,-8.512964034805,
    -5.439537119637));
#10472 = CARTESIAN_POINT('',(-21.06022736718,-8.515218217724,
    -5.437510572146));
#10473 = CARTESIAN_POINT('',(-21.06222273707,-8.517203529563,
    -5.435721409161));
#10474 = CARTESIAN_POINT('',(-21.06843506744,-8.523414897799,
    -5.430125079401));
#10475 = CARTESIAN_POINT('',(-21.07964838915,-8.534629030009,
    -5.419780712182));
#10476 = CARTESIAN_POINT('',(-21.10009267977,-8.555073461077,
    -5.399424043405));
#10477 = CARTESIAN_POINT('',(-21.10608623619,-8.560961263349,
    -5.393260379511));
#10478 = CARTESIAN_POINT('',(-21.1135170101,-8.568402454601,
    -5.385461608039));
#10479 = CARTESIAN_POINT('',(-21.1157441953,-8.57065109966,
    -5.383092838083));
#10480 = CARTESIAN_POINT('',(-21.11873359652,-8.573676439209,
    -5.379881399865));
#10481 = CARTESIAN_POINT('',(-21.12014089122,-8.575102201973,
    -5.378360598901));
#10482 = CARTESIAN_POINT('',(-21.12142426752,-8.576397604224,
    -5.376962819977));
#10483 = CARTESIAN_POINT('',(-21.12225322467,-8.577232236721,
    -5.376057663834));
#10484 = CARTESIAN_POINT('',(-21.1219152458,-8.576895836877,
    -5.376429721177));
#10485 = CARTESIAN_POINT('',(-21.1410816691,-8.596064677092,
    -5.35539262168));
#10486 = CARTESIAN_POINT('',(-21.15010457566,-8.605085308019,
    -5.342787050429));
#10487 = CARTESIAN_POINT('',(-21.15010457584,-8.605085308262,
    -5.340000295883));
#10488 = ORIENTED_EDGE('',*,*,#10314,.F.);
#10489 = ( BOUNDED_SURFACE() B_SPLINE_SURFACE(2,3,(
    (#10490,#10491,#10492,#10493,#10494,#10495,#10496,#10497)
    ,(#10498,#10499,#10500,#10501,#10502,#10503,#10504,#10505)
    ,(#10506,#10507,#10508,#10509,#10510,#10511,#10512,#10513
)),.UNSPECIFIED.,.F.,.F.,.F.) B_SPLINE_SURFACE_WITH_KNOTS((3,3),(4,2,2,4
    ),(0.,1.),(-1.65E-04,-3.E-05,3.E-05,1.65E-04),.UNSPECIFIED.) 
GEOMETRIC_REPRESENTATION_ITEM() RATIONAL_B_SPLINE_SURFACE((
    (1.,1.,1.,1.,1.,1.,1.,1.)
    ,(8.485281374239E-02,8.485281374239E-02,8.485281374239E-02
      ,8.485281374239E-02,8.485281374239E-02,8.485281374239E-02
      ,8.485281374239E-02,8.485281374239E-02)
,(1.,1.,1.,1.,1.,1.,1.,1.))) REPRESENTATION_ITEM('') SURFACE() );
#10490 = CARTESIAN_POINT('',(-20.83510456535,-8.485085311541,
    -5.460000271623));
#10491 = CARTESIAN_POINT('',(-20.88010456535,-8.485085309574,
    -5.46000027359));
#10492 = CARTESIAN_POINT('',(-20.92510456535,-8.485085307607,
    -5.460000275557));
#10493 = CARTESIAN_POINT('',(-20.99010456535,-8.485085304765,
    -5.460000278398));
#10494 = CARTESIAN_POINT('',(-21.01010456535,-8.485085303891,
    -5.460000279273));
#10495 = CARTESIAN_POINT('',(-21.07510456535,-8.48508530105,
    -5.460000282114));
#10496 = CARTESIAN_POINT('',(-21.12010456535,-8.485085299083,
    -5.460000284081));
#10497 = CARTESIAN_POINT('',(-21.16510456535,-8.485085297116,
    -5.460000286048));
#10498 = CARTESIAN_POINT('',(-20.8351045706,-8.605085311541,
    -5.460000282114));
#10499 = CARTESIAN_POINT('',(-20.8801045706,-8.605085309574,
    -5.460000284081));
#10500 = CARTESIAN_POINT('',(-20.9251045706,-8.605085307607,
    -5.460000286048));
#10501 = CARTESIAN_POINT('',(-20.9901045706,-8.605085304765,
    -5.460000288889));
#10502 = CARTESIAN_POINT('',(-21.0101045706,-8.605085303891,
    -5.460000289763));
#10503 = CARTESIAN_POINT('',(-21.0751045706,-8.60508530105,
    -5.460000292605));
#10504 = CARTESIAN_POINT('',(-21.1201045706,-8.605085299083,
    -5.460000294572));
#10505 = CARTESIAN_POINT('',(-21.1651045706,-8.605085297116,
    -5.460000296539));
#10506 = CARTESIAN_POINT('',(-20.83510457584,-8.605085322031,
    -5.340000282114));
#10507 = CARTESIAN_POINT('',(-20.88010457584,-8.605085320064,
    -5.340000284081));
#10508 = CARTESIAN_POINT('',(-20.92510457584,-8.605085318097,
    -5.340000286048));
#10509 = CARTESIAN_POINT('',(-20.99010457584,-8.605085315256,
    -5.340000288889));
#10510 = CARTESIAN_POINT('',(-21.01010457584,-8.605085314382,
    -5.340000289763));
#10511 = CARTESIAN_POINT('',(-21.07510457584,-8.605085311541,
    -5.340000292605));
#10512 = CARTESIAN_POINT('',(-21.12010457584,-8.605085309574,
    -5.340000294572));
#10513 = CARTESIAN_POINT('',(-21.16510457584,-8.605085307607,
    -5.340000296539));
#10514 = ADVANCED_FACE('',(#10515),#10555,.T.);
#10515 = FACE_BOUND('',#10516,.T.);
#10516 = EDGE_LOOP('',(#10517,#10546,#10547,#10548));
#10517 = ORIENTED_EDGE('',*,*,#10518,.T.);
#10518 = EDGE_CURVE('',#10519,#10326,#10521,.T.);
#10519 = VERTEX_POINT('',#10520);
#10520 = CARTESIAN_POINT('',(-21.15010456273,-8.305085308262,
    -5.340000269656));
#10521 = B_SPLINE_CURVE_WITH_KNOTS('',3,(#10522,#10523,#10524,#10525,
    #10526,#10527,#10528,#10529,#10530,#10531,#10532,#10533,#10534,
    #10535,#10536,#10537,#10538,#10539,#10540,#10541,#10542,#10543,
    #10544,#10545),.UNSPECIFIED.,.F.,.F.,(4,2,2,1,2,2,2,2,2,1,2,2,4),(0.
    ,0.125,0.1875,0.21875,0.234375,0.25,0.5,0.625,0.6875,0.71875,
    0.734375,0.75,1.),.UNSPECIFIED.);
#10522 = CARTESIAN_POINT('',(-21.15010456273,-8.305085308262,
    -5.340000269656));
#10523 = CARTESIAN_POINT('',(-21.15010456267,-8.30508530814,
    -5.341393413212));
#10524 = CARTESIAN_POINT('',(-21.14834751353,-8.307340465481,
    -5.344718592838));
#10525 = CARTESIAN_POINT('',(-21.14162061074,-8.314105937658,
    -5.353653215225));
#10526 = CARTESIAN_POINT('',(-21.13871123564,-8.316924884412,
    -5.357269526401));
#10527 = CARTESIAN_POINT('',(-21.13343531909,-8.321998988597,
    -5.363491238607));
#10528 = CARTESIAN_POINT('',(-21.13057339323,-8.324747461703,
    -5.366797423223));
#10529 = CARTESIAN_POINT('',(-21.12742720097,-8.327813066332,
    -5.370333639096));
#10530 = CARTESIAN_POINT('',(-21.12527446259,-8.329927276424,
    -5.372733382611));
#10531 = CARTESIAN_POINT('',(-21.12343062198,-8.331759283604,
    -5.374766408253));
#10532 = CARTESIAN_POINT('',(-21.11683546751,-8.33835381175,
    -5.382005263047));
#10533 = CARTESIAN_POINT('',(-21.10788062866,-8.347309309141,
    -5.391669444532));
#10534 = CARTESIAN_POINT('',(-21.0859765478,-8.369213284222,
    -5.413479652794));
#10535 = CARTESIAN_POINT('',(-21.07963212482,-8.375421425417,
    -5.419574524846));
#10536 = CARTESIAN_POINT('',(-21.07197643893,-8.383093861458,
    -5.426784961048));
#10537 = CARTESIAN_POINT('',(-21.06972029855,-8.385378044179,
    -5.428880094104));
#10538 = CARTESIAN_POINT('',(-21.0667490884,-8.388394374319,
    -5.431612874904));
#10539 = CARTESIAN_POINT('',(-21.06536623765,-8.389800053403,
    -5.432877156858));
#10540 = CARTESIAN_POINT('',(-21.06412890149,-8.391052003508,
    -5.433999953564));
#10541 = CARTESIAN_POINT('',(-21.06333530846,-8.391852474916,
    -5.43471835619));
#10542 = CARTESIAN_POINT('',(-21.06377930601,-8.391410328116,
    -5.434319169923));
#10543 = CARTESIAN_POINT('',(-21.04352987153,-8.411663706783,
    -5.452560721479));
#10544 = CARTESIAN_POINT('',(-21.03269829238,-8.422491573412,
    -5.460000274786));
#10545 = CARTESIAN_POINT('',(-21.03010456273,-8.425085303017,
    -5.460000274901));
#10546 = ORIENTED_EDGE('',*,*,#10325,.F.);
#10547 = ORIENTED_EDGE('',*,*,#10462,.T.);
#10548 = ORIENTED_EDGE('',*,*,#10549,.F.);
#10549 = EDGE_CURVE('',#10519,#10454,#10550,.T.);
#10550 = B_SPLINE_CURVE_WITH_KNOTS('',3,(#10551,#10552,#10553,#10554),
  .UNSPECIFIED.,.F.,.F.,(4,4),(0.,1.),.PIECEWISE_BEZIER_KNOTS.);
#10551 = CARTESIAN_POINT('',(-21.15010456273,-8.305085308262,
    -5.340000269656));
#10552 = CARTESIAN_POINT('',(-21.1501045671,-8.405085308262,
    -5.340000278398));
#10553 = CARTESIAN_POINT('',(-21.15010457147,-8.505085308262,
    -5.340000287141));
#10554 = CARTESIAN_POINT('',(-21.15010457584,-8.605085308262,
    -5.340000295883));
#10555 = ( BOUNDED_SURFACE() B_SPLINE_SURFACE(2,3,(
    (#10556,#10557,#10558,#10559,#10560,#10561,#10562,#10563)
    ,(#10564,#10565,#10566,#10567,#10568,#10569,#10570,#10571)
    ,(#10572,#10573,#10574,#10575,#10576,#10577,#10578,#10579
)),.UNSPECIFIED.,.F.,.F.,.F.) B_SPLINE_SURFACE_WITH_KNOTS((3,3),(4,2,2,4
    ),(0.,1.),(-2.07E-03,-1.935E-03,-1.875E-03,-1.74E-03),
.UNSPECIFIED.) GEOMETRIC_REPRESENTATION_ITEM() RATIONAL_B_SPLINE_SURFACE
((
    (1.,1.,1.,1.,1.,1.,1.,1.)
    ,(8.485281374239E-02,8.485281374239E-02,8.485281374239E-02
      ,8.485281374239E-02,8.485281374239E-02,8.485281374239E-02
      ,8.485281374239E-02,8.485281374239E-02)
,(1.,1.,1.,1.,1.,1.,1.,1.))) REPRESENTATION_ITEM('') SURFACE() );
#10556 = CARTESIAN_POINT('',(-21.03010457126,-8.620085303017,
    -5.460000291949));
#10557 = CARTESIAN_POINT('',(-21.03010456929,-8.575085303017,
    -5.460000288015));
#10558 = CARTESIAN_POINT('',(-21.03010456732,-8.530085303017,
    -5.460000284081));
#10559 = CARTESIAN_POINT('',(-21.03010456448,-8.465085303017,
    -5.460000278398));
#10560 = CARTESIAN_POINT('',(-21.03010456361,-8.445085303017,
    -5.46000027665));
#10561 = CARTESIAN_POINT('',(-21.03010456076,-8.380085303017,
    -5.460000270967));
#10562 = CARTESIAN_POINT('',(-21.0301045588,-8.335085303017,
    -5.460000267033));
#10563 = CARTESIAN_POINT('',(-21.03010455683,-8.290085303017,
    -5.460000263099));
#10564 = CARTESIAN_POINT('',(-21.15010457126,-8.620085297771,
    -5.460000297194));
#10565 = CARTESIAN_POINT('',(-21.15010456929,-8.575085297771,
    -5.46000029326));
#10566 = CARTESIAN_POINT('',(-21.15010456732,-8.530085297772,
    -5.460000289326));
#10567 = CARTESIAN_POINT('',(-21.15010456448,-8.465085297771,
    -5.460000283644));
#10568 = CARTESIAN_POINT('',(-21.15010456361,-8.445085297772,
    -5.460000281895));
#10569 = CARTESIAN_POINT('',(-21.15010456076,-8.380085297771,
    -5.460000276213));
#10570 = CARTESIAN_POINT('',(-21.1501045588,-8.335085297772,
    -5.460000272279));
#10571 = CARTESIAN_POINT('',(-21.15010455683,-8.290085297772,
    -5.460000268345));
#10572 = CARTESIAN_POINT('',(-21.1501045765,-8.620085308262,
    -5.340000297194));
#10573 = CARTESIAN_POINT('',(-21.15010457453,-8.575085308262,
    -5.34000029326));
#10574 = CARTESIAN_POINT('',(-21.15010457257,-8.530085308262,
    -5.340000289326));
#10575 = CARTESIAN_POINT('',(-21.15010456973,-8.465085308262,
    -5.340000283644));
#10576 = CARTESIAN_POINT('',(-21.15010456885,-8.445085308262,
    -5.340000281895));
#10577 = CARTESIAN_POINT('',(-21.15010456601,-8.380085308262,
    -5.340000276213));
#10578 = CARTESIAN_POINT('',(-21.15010456404,-8.335085308262,
    -5.340000272279));
#10579 = CARTESIAN_POINT('',(-21.15010456208,-8.290085308262,
    -5.340000268345));
#10580 = ADVANCED_FACE('',(#10581),#10593,.T.);
#10581 = FACE_BOUND('',#10582,.T.);
#10582 = EDGE_LOOP('',(#10583,#10584,#10585,#10586));
#10583 = ORIENTED_EDGE('',*,*,#10388,.T.);
#10584 = ORIENTED_EDGE('',*,*,#10334,.F.);
#10585 = ORIENTED_EDGE('',*,*,#10518,.F.);
#10586 = ORIENTED_EDGE('',*,*,#10587,.F.);
#10587 = EDGE_CURVE('',#10389,#10519,#10588,.T.);
#10588 = B_SPLINE_CURVE_WITH_KNOTS('',3,(#10589,#10590,#10591,#10592),
  .UNSPECIFIED.,.F.,.F.,(4,4),(0.,1.),.PIECEWISE_BEZIER_KNOTS.);
#10589 = CARTESIAN_POINT('',(-20.85010456273,-8.305085321376,
    -5.340000256543));
#10590 = CARTESIAN_POINT('',(-20.95010456273,-8.305085317005,
    -5.340000260914));
#10591 = CARTESIAN_POINT('',(-21.05010456273,-8.305085312633,
    -5.340000265285));
#10592 = CARTESIAN_POINT('',(-21.15010456273,-8.305085308262,
    -5.340000269656));
#10593 = ( BOUNDED_SURFACE() B_SPLINE_SURFACE(2,3,(
    (#10594,#10595,#10596,#10597,#10598,#10599,#10600,#10601)
    ,(#10602,#10603,#10604,#10605,#10606,#10607,#10608,#10609)
    ,(#10610,#10611,#10612,#10613,#10614,#10615,#10616,#10617
)),.UNSPECIFIED.,.F.,.F.,.F.) B_SPLINE_SURFACE_WITH_KNOTS((3,3),(4,2,2,4
    ),(0.,1.),(-1.65E-04,-3.E-05,3.E-05,1.65E-04),.UNSPECIFIED.) 
GEOMETRIC_REPRESENTATION_ITEM() RATIONAL_B_SPLINE_SURFACE((
    (1.,1.,1.,1.,1.,1.,1.,1.)
    ,(8.485281374239E-02,8.485281374239E-02,8.485281374239E-02
      ,8.485281374239E-02,8.485281374239E-02,8.485281374239E-02
      ,8.485281374239E-02,8.485281374239E-02)
,(1.,1.,1.,1.,1.,1.,1.,1.))) REPRESENTATION_ITEM('') SURFACE() );
#10594 = CARTESIAN_POINT('',(-21.16510456273,-8.425085297116,
    -5.460000280803));
#10595 = CARTESIAN_POINT('',(-21.12010456273,-8.425085299083,
    -5.460000278836));
#10596 = CARTESIAN_POINT('',(-21.07510456273,-8.42508530105,
    -5.460000276869));
#10597 = CARTESIAN_POINT('',(-21.01010456273,-8.425085303891,
    -5.460000274027));
#10598 = CARTESIAN_POINT('',(-20.99010456273,-8.425085304765,
    -5.460000273153));
#10599 = CARTESIAN_POINT('',(-20.92510456273,-8.425085307607,
    -5.460000270312));
#10600 = CARTESIAN_POINT('',(-20.88010456273,-8.425085309574,
    -5.460000268345));
#10601 = CARTESIAN_POINT('',(-20.83510456273,-8.425085311541,
    -5.460000266378));
#10602 = CARTESIAN_POINT('',(-21.16510455749,-8.305085297116,
    -5.460000270312));
#10603 = CARTESIAN_POINT('',(-21.12010455749,-8.305085299083,
    -5.460000268345));
#10604 = CARTESIAN_POINT('',(-21.07510455749,-8.30508530105,
    -5.460000266378));
#10605 = CARTESIAN_POINT('',(-21.01010455749,-8.305085303891,
    -5.460000263537));
#10606 = CARTESIAN_POINT('',(-20.99010455749,-8.305085304765,
    -5.460000262662));
#10607 = CARTESIAN_POINT('',(-20.92510455749,-8.305085307607,
    -5.460000259821));
#10608 = CARTESIAN_POINT('',(-20.88010455749,-8.305085309574,
    -5.460000257854));
#10609 = CARTESIAN_POINT('',(-20.83510455749,-8.305085311541,
    -5.460000255887));
#10610 = CARTESIAN_POINT('',(-21.16510456273,-8.305085307607,
    -5.340000270312));
#10611 = CARTESIAN_POINT('',(-21.12010456273,-8.305085309574,
    -5.340000268345));
#10612 = CARTESIAN_POINT('',(-21.07510456273,-8.305085311541,
    -5.340000266378));
#10613 = CARTESIAN_POINT('',(-21.01010456273,-8.305085314382,
    -5.340000263537));
#10614 = CARTESIAN_POINT('',(-20.99010456273,-8.305085315256,
    -5.340000262662));
#10615 = CARTESIAN_POINT('',(-20.92510456273,-8.305085318097,
    -5.340000259821));
#10616 = CARTESIAN_POINT('',(-20.88010456273,-8.305085320064,
    -5.340000257854));
#10617 = CARTESIAN_POINT('',(-20.83510456273,-8.305085322031,
    -5.340000255887));
#10618 = ADVANCED_FACE('',(#10619),#10635,.T.);
#10619 = FACE_BOUND('',#10620,.T.);
#10620 = EDGE_LOOP('',(#10621,#10627,#10628,#10634));
#10621 = ORIENTED_EDGE('',*,*,#10622,.T.);
#10622 = EDGE_CURVE('',#8345,#10389,#10623,.T.);
#10623 = LINE('',#10624,#10625);
#10624 = CARTESIAN_POINT('',(-20.85010487221,-8.305085940329,
    1.739999743457));
#10625 = VECTOR('',#10626,1.);
#10626 = DIRECTION('',(4.371140912996E-08,8.742273203022E-08,-1.));
#10627 = ORIENTED_EDGE('',*,*,#10587,.T.);
#10628 = ORIENTED_EDGE('',*,*,#10629,.F.);
#10629 = EDGE_CURVE('',#8329,#10519,#10630,.T.);
#10630 = LINE('',#10631,#10632);
#10631 = CARTESIAN_POINT('',(-21.15010487221,-8.305085927215,
    1.739999730344));
#10632 = VECTOR('',#10633,1.);
#10633 = DIRECTION('',(4.371140912996E-08,8.742273203022E-08,-1.));
#10634 = ORIENTED_EDGE('',*,*,#8352,.T.);
#10635 = PLANE('',#10636);
#10636 = AXIS2_PLACEMENT_3D('',#10637,#10638,#10639);
#10637 = CARTESIAN_POINT('',(-21.00010487221,-8.305085933772,
    1.739999736901));
#10638 = DIRECTION('',(4.371138756394E-08,1.,8.742273394091E-08));
#10639 = DIRECTION('',(1.,-4.371139138531E-08,4.371140530859E-08));
#10640 = ADVANCED_FACE('',(#10641),#10652,.F.);
#10641 = FACE_BOUND('',#10642,.T.);
#10642 = EDGE_LOOP('',(#10643,#10644,#10645,#10651));
#10643 = ORIENTED_EDGE('',*,*,#10629,.T.);
#10644 = ORIENTED_EDGE('',*,*,#10549,.T.);
#10645 = ORIENTED_EDGE('',*,*,#10646,.F.);
#10646 = EDGE_CURVE('',#8327,#10454,#10647,.T.);
#10647 = LINE('',#10648,#10649);
#10648 = CARTESIAN_POINT('',(-21.15010488532,-8.605085927215,
    1.739999704117));
#10649 = VECTOR('',#10650,1.);
#10650 = DIRECTION('',(4.371140912996E-08,8.742273203022E-08,-1.));
#10651 = ORIENTED_EDGE('',*,*,#8326,.T.);
#10652 = PLANE('',#10653);
#10653 = AXIS2_PLACEMENT_3D('',#10654,#10655,#10656);
#10654 = CARTESIAN_POINT('',(-21.15010479549,-6.550085927215,
    1.739999883771));
#10655 = DIRECTION('',(1.,-4.371139219846E-08,4.371140530859E-08));
#10656 = DIRECTION('',(-4.371138837709E-08,-1.,-8.742273394091E-08));
#10657 = ADVANCED_FACE('',(#10658),#10669,.F.);
#10658 = FACE_BOUND('',#10659,.T.);
#10659 = EDGE_LOOP('',(#10660,#10661,#10662,#10668));
#10660 = ORIENTED_EDGE('',*,*,#10646,.T.);
#10661 = ORIENTED_EDGE('',*,*,#10453,.T.);
#10662 = ORIENTED_EDGE('',*,*,#10663,.F.);
#10663 = EDGE_CURVE('',#8337,#10359,#10664,.T.);
#10664 = LINE('',#10665,#10666);
#10665 = CARTESIAN_POINT('',(-20.85010488532,-8.605085940329,
    1.73999971723));
#10666 = VECTOR('',#10667,1.);
#10667 = DIRECTION('',(4.371140912996E-08,8.742273203022E-08,-1.));
#10668 = ORIENTED_EDGE('',*,*,#8336,.T.);
#10669 = PLANE('',#10670);
#10670 = AXIS2_PLACEMENT_3D('',#10671,#10672,#10673);
#10671 = CARTESIAN_POINT('',(-21.00010488532,-8.605085933772,
    1.739999710674));
#10672 = DIRECTION('',(4.371138828674E-08,1.,8.742273394091E-08));
#10673 = DIRECTION('',(1.,-4.371139210811E-08,4.371140530859E-08));
#10674 = ADVANCED_FACE('',(#10675),#10681,.T.);
#10675 = FACE_BOUND('',#10676,.T.);
#10676 = EDGE_LOOP('',(#10677,#10678,#10679,#10680));
#10677 = ORIENTED_EDGE('',*,*,#10663,.T.);
#10678 = ORIENTED_EDGE('',*,*,#10417,.T.);
#10679 = ORIENTED_EDGE('',*,*,#10622,.F.);
#10680 = ORIENTED_EDGE('',*,*,#8344,.T.);
#10681 = PLANE('',#10682);
#10682 = AXIS2_PLACEMENT_3D('',#10683,#10684,#10685);
#10683 = CARTESIAN_POINT('',(-20.85010479549,-6.550085940329,
    1.739999896884));
#10684 = DIRECTION('',(1.,-4.371139219846E-08,4.371140530859E-08));
#10685 = DIRECTION('',(-4.371138837709E-08,-1.,-8.742273394091E-08));
#10686 = ADVANCED_FACE('',(#10687),#10725,.T.);
#10687 = FACE_BOUND('',#10688,.T.);
#10688 = EDGE_LOOP('',(#10689,#10700,#10709,#10718));
#10689 = ORIENTED_EDGE('',*,*,#10690,.T.);
#10690 = EDGE_CURVE('',#10691,#10693,#10695,.T.);
#10691 = VERTEX_POINT('',#10692);
#10692 = CARTESIAN_POINT('',(-20.97010450984,-7.21508530564,
    -5.460000166497));
#10693 = VERTEX_POINT('',#10694);
#10694 = CARTESIAN_POINT('',(-21.03010450984,-7.215085303017,
    -5.46000016912));
#10695 = B_SPLINE_CURVE_WITH_KNOTS('',3,(#10696,#10697,#10698,#10699),
  .UNSPECIFIED.,.F.,.F.,(4,4),(0.,1.),.PIECEWISE_BEZIER_KNOTS.);
#10696 = CARTESIAN_POINT('',(-20.97010450984,-7.21508530564,
    -5.460000166497));
#10697 = CARTESIAN_POINT('',(-20.99010450984,-7.215085304765,
    -5.460000167372));
#10698 = CARTESIAN_POINT('',(-21.01010450984,-7.215085303891,
    -5.460000168246));
#10699 = CARTESIAN_POINT('',(-21.03010450984,-7.215085303017,
    -5.46000016912));
#10700 = ORIENTED_EDGE('',*,*,#10701,.T.);
#10701 = EDGE_CURVE('',#10693,#10702,#10704,.T.);
#10702 = VERTEX_POINT('',#10703);
#10703 = CARTESIAN_POINT('',(-21.03010450722,-7.155085303017,
    -5.460000163875));
#10704 = B_SPLINE_CURVE_WITH_KNOTS('',3,(#10705,#10706,#10707,#10708),
  .UNSPECIFIED.,.F.,.F.,(4,4),(0.,1.),.PIECEWISE_BEZIER_KNOTS.);
#10705 = CARTESIAN_POINT('',(-21.03010450984,-7.215085303017,
    -5.46000016912));
#10706 = CARTESIAN_POINT('',(-21.03010450897,-7.195085303017,
    -5.460000167372));
#10707 = CARTESIAN_POINT('',(-21.03010450809,-7.175085303017,
    -5.460000165623));
#10708 = CARTESIAN_POINT('',(-21.03010450722,-7.155085303017,
    -5.460000163875));
#10709 = ORIENTED_EDGE('',*,*,#10710,.T.);
#10710 = EDGE_CURVE('',#10702,#10711,#10713,.T.);
#10711 = VERTEX_POINT('',#10712);
#10712 = CARTESIAN_POINT('',(-20.97010450722,-7.15508530564,
    -5.460000161252));
#10713 = B_SPLINE_CURVE_WITH_KNOTS('',3,(#10714,#10715,#10716,#10717),
  .UNSPECIFIED.,.F.,.F.,(4,4),(0.,1.),.PIECEWISE_BEZIER_KNOTS.);
#10714 = CARTESIAN_POINT('',(-21.03010450722,-7.155085303017,
    -5.460000163875));
#10715 = CARTESIAN_POINT('',(-21.01010450722,-7.155085303891,
    -5.460000163));
#10716 = CARTESIAN_POINT('',(-20.99010450722,-7.155085304765,
    -5.460000162126));
#10717 = CARTESIAN_POINT('',(-20.97010450722,-7.15508530564,
    -5.460000161252));
#10718 = ORIENTED_EDGE('',*,*,#10719,.T.);
#10719 = EDGE_CURVE('',#10711,#10691,#10720,.T.);
#10720 = B_SPLINE_CURVE_WITH_KNOTS('',3,(#10721,#10722,#10723,#10724),
  .UNSPECIFIED.,.F.,.F.,(4,4),(0.,1.),.PIECEWISE_BEZIER_KNOTS.);
#10721 = CARTESIAN_POINT('',(-20.97010450722,-7.15508530564,
    -5.460000161252));
#10722 = CARTESIAN_POINT('',(-20.97010450809,-7.17508530564,-5.460000163
    ));
#10723 = CARTESIAN_POINT('',(-20.97010450897,-7.19508530564,
    -5.460000164749));
#10724 = CARTESIAN_POINT('',(-20.97010450984,-7.21508530564,
    -5.460000166497));
#10725 = PLANE('',#10726);
#10726 = AXIS2_PLACEMENT_3D('',#10727,#10728,#10729);
#10727 = CARTESIAN_POINT('',(-21.00010448077,-6.550085304328,
    -5.460000109673));
#10728 = DIRECTION('',(4.371140912996E-08,8.742273203022E-08,-1.));
#10729 = DIRECTION('',(-4.371138828674E-08,-1.,-8.742273394091E-08));
#10730 = ADVANCED_FACE('',(#10731),#10799,.T.);
#10731 = FACE_BOUND('',#10732,.T.);
#10732 = EDGE_LOOP('',(#10733,#10762,#10763,#10792));
#10733 = ORIENTED_EDGE('',*,*,#10734,.F.);
#10734 = EDGE_CURVE('',#10691,#10735,#10737,.T.);
#10735 = VERTEX_POINT('',#10736);
#10736 = CARTESIAN_POINT('',(-20.85010452033,-7.335085321376,
    -5.340000171743));
#10737 = B_SPLINE_CURVE_WITH_KNOTS('',3,(#10738,#10739,#10740,#10741,
    #10742,#10743,#10744,#10745,#10746,#10747,#10748,#10749,#10750,
    #10751,#10752,#10753,#10754,#10755,#10756,#10757,#10758,#10759,
    #10760,#10761),.UNSPECIFIED.,.F.,.F.,(4,2,2,1,2,2,2,2,2,1,2,2,4),(0.
    ,0.125,0.1875,0.21875,0.234375,0.25,0.5,0.625,0.6875,0.71875,
    0.734375,0.75,1.),.UNSPECIFIED.);
#10738 = CARTESIAN_POINT('',(-20.97010450984,-7.21508530564,
    -5.460000166497));
#10739 = CARTESIAN_POINT('',(-20.96880805988,-7.216381755579,
    -5.460000166553));
#10740 = CARTESIAN_POINT('',(-20.96545286837,-7.219338351422,
    -5.458504186142));
#10741 = CARTESIAN_POINT('',(-20.95733196888,-7.227422423619,
    -5.452540052006));
#10742 = CARTESIAN_POINT('',(-20.95411031701,-7.230714593622,
    -5.449938548838));
#10743 = CARTESIAN_POINT('',(-20.94850581115,-7.23648220084,
    -5.4451185679));
#10744 = CARTESIAN_POINT('',(-20.94551055121,-7.239570132942,
    -5.442482217148));
#10745 = CARTESIAN_POINT('',(-20.94222578074,-7.24292178945,
    -5.439537003549));
#10746 = CARTESIAN_POINT('',(-20.93997159808,-7.245208108448,
    -5.437510455862));
#10747 = CARTESIAN_POINT('',(-20.93798628648,-7.247203478415,
    -5.435721292703));
#10748 = CARTESIAN_POINT('',(-20.93177491898,-7.253415809024,
    -5.430124962405));
#10749 = CARTESIAN_POINT('',(-20.92056078813,-7.264629131189,
    -5.419780594206));
#10750 = CARTESIAN_POINT('',(-20.90011635972,-7.285073422705,
    -5.399423923635));
#10751 = CARTESIAN_POINT('',(-20.89422855826,-7.291066979394,
    -5.39326025923));
#10752 = CARTESIAN_POINT('',(-20.88678736803,-7.298497753651,
    -5.385461487107));
#10753 = CARTESIAN_POINT('',(-20.88453872328,-7.300724938946,
    -5.383092716954));
#10754 = CARTESIAN_POINT('',(-20.88151338415,-7.303714340313,
    -5.379881278471));
#10755 = CARTESIAN_POINT('',(-20.88008762159,-7.305121635073,
    -5.378360477381));
#10756 = CARTESIAN_POINT('',(-20.87879221952,-7.306405011435,
    -5.376962698344));
#10757 = CARTESIAN_POINT('',(-20.87795758714,-7.307233968627,
    -5.376057542129));
#10758 = CARTESIAN_POINT('',(-20.87829398694,-7.306895989742,
    -5.376429599501));
#10759 = CARTESIAN_POINT('',(-20.85912514948,-7.326062413961,
    -5.355392498327));
#10760 = CARTESIAN_POINT('',(-20.85010452021,-7.33508532107,
    -5.342786926289));
#10761 = CARTESIAN_POINT('',(-20.85010452033,-7.335085321376,
    -5.340000171743));
#10762 = ORIENTED_EDGE('',*,*,#10719,.F.);
#10763 = ORIENTED_EDGE('',*,*,#10764,.F.);
#10764 = EDGE_CURVE('',#10765,#10711,#10767,.T.);
#10765 = VERTEX_POINT('',#10766);
#10766 = CARTESIAN_POINT('',(-20.85010450722,-7.035085321376,
    -5.340000145516));
#10767 = B_SPLINE_CURVE_WITH_KNOTS('',3,(#10768,#10769,#10770,#10771,
    #10772,#10773,#10774,#10775,#10776,#10777,#10778,#10779,#10780,
    #10781,#10782,#10783,#10784,#10785,#10786,#10787,#10788,#10789,
    #10790,#10791),.UNSPECIFIED.,.F.,.F.,(4,2,2,1,2,2,2,2,2,1,2,2,4),(0.
    ,0.125,0.1875,0.21875,0.234375,0.25,0.5,0.625,0.6875,0.71875,
    0.734375,0.75,1.),.UNSPECIFIED.);
#10768 = CARTESIAN_POINT('',(-20.85010450722,-7.035085321376,
    -5.340000145516));
#10769 = CARTESIAN_POINT('',(-20.85010450716,-7.035085321255,
    -5.341393289072));
#10770 = CARTESIAN_POINT('',(-20.85235966464,-7.036842369962,
    -5.34471846883));
#10771 = CARTESIAN_POINT('',(-20.85912513721,-7.043569271572,
    -5.353653091802));
#10772 = CARTESIAN_POINT('',(-20.86194408412,-7.0464786462,
    -5.357269403237));
#10773 = CARTESIAN_POINT('',(-20.86701818858,-7.051754561934,
    -5.363491115913));
#10774 = CARTESIAN_POINT('',(-20.86976666183,-7.054616487365,
    -5.366797300784));
#10775 = CARTESIAN_POINT('',(-20.87283226661,-7.057762679158,
    -5.370333516936));
#10776 = CARTESIAN_POINT('',(-20.87494647681,-7.059915417225,
    -5.372733260641));
#10777 = CARTESIAN_POINT('',(-20.87677848408,-7.061759257564,
    -5.374766286444));
#10778 = CARTESIAN_POINT('',(-20.88337301255,-7.068354411097,
    -5.382005141819));
#10779 = CARTESIAN_POINT('',(-20.89232851036,-7.077309248681,
    -5.391669324088));
#10780 = CARTESIAN_POINT('',(-20.91423248639,-7.09921332667,
    -5.413479534257));
#10781 = CARTESIAN_POINT('',(-20.92044062785,-7.10555774885,
    -5.419574406869));
#10782 = CARTESIAN_POINT('',(-20.9281130642,-7.113213433798,
    -5.42678484374));
#10783 = CARTESIAN_POINT('',(-20.93039724702,-7.115469573899,
    -5.428879976992));
#10784 = CARTESIAN_POINT('',(-20.93341357728,-7.118440783694,
    -5.431612758051));
#10785 = CARTESIAN_POINT('',(-20.93481925642,-7.119823634277,
    -5.432877040125));
#10786 = CARTESIAN_POINT('',(-20.93607120657,-7.121060970288,
    -5.433999836939));
#10787 = CARTESIAN_POINT('',(-20.93687167801,-7.12185456323,
    -5.434718239635));
#10788 = CARTESIAN_POINT('',(-20.93642953119,-7.12141056573,
    -5.434319053329));
#10789 = CARTESIAN_POINT('',(-20.95668291066,-7.14165999782,
    -5.452560606656));
#10790 = CARTESIAN_POINT('',(-20.96751077761,-7.152491575991,
    -5.46000016091));
#10791 = CARTESIAN_POINT('',(-20.97010450722,-7.15508530564,
    -5.460000161252));
#10792 = ORIENTED_EDGE('',*,*,#10793,.F.);
#10793 = EDGE_CURVE('',#10735,#10765,#10794,.T.);
#10794 = B_SPLINE_CURVE_WITH_KNOTS('',3,(#10795,#10796,#10797,#10798),
  .UNSPECIFIED.,.F.,.F.,(4,4),(0.,1.),.PIECEWISE_BEZIER_KNOTS.);
#10795 = CARTESIAN_POINT('',(-20.85010452033,-7.335085321376,
    -5.340000171743));
#10796 = CARTESIAN_POINT('',(-20.85010451596,-7.235085321376,
    -5.340000163));
#10797 = CARTESIAN_POINT('',(-20.85010451159,-7.135085321376,
    -5.340000154258));
#10798 = CARTESIAN_POINT('',(-20.85010450722,-7.035085321376,
    -5.340000145516));
#10799 = ( BOUNDED_SURFACE() B_SPLINE_SURFACE(2,3,(
    (#10800,#10801,#10802,#10803,#10804,#10805,#10806,#10807)
    ,(#10808,#10809,#10810,#10811,#10812,#10813,#10814,#10815)
    ,(#10816,#10817,#10818,#10819,#10820,#10821,#10822,#10823
)),.UNSPECIFIED.,.F.,.F.,.F.) B_SPLINE_SURFACE_WITH_KNOTS((3,3),(4,2,2,4
    ),(0.,1.),(4.7E-04,6.05E-04,6.65E-04,8.E-04),.UNSPECIFIED.) 
GEOMETRIC_REPRESENTATION_ITEM() RATIONAL_B_SPLINE_SURFACE((
    (1.,1.,1.,1.,1.,1.,1.,1.)
    ,(8.485281374239E-02,8.485281374239E-02,8.485281374239E-02
      ,8.485281374239E-02,8.485281374239E-02,8.485281374239E-02
      ,8.485281374239E-02,8.485281374239E-02)
,(1.,1.,1.,1.,1.,1.,1.,1.))) REPRESENTATION_ITEM('') SURFACE() );
#10800 = CARTESIAN_POINT('',(-20.97010450132,-7.02008530564,
    -5.46000014945));
#10801 = CARTESIAN_POINT('',(-20.97010450328,-7.06508530564,
    -5.460000153384));
#10802 = CARTESIAN_POINT('',(-20.97010450525,-7.11008530564,
    -5.460000157318));
#10803 = CARTESIAN_POINT('',(-20.97010450809,-7.17508530564,-5.460000163
    ));
#10804 = CARTESIAN_POINT('',(-20.97010450897,-7.19508530564,
    -5.460000164749));
#10805 = CARTESIAN_POINT('',(-20.97010451181,-7.26008530564,
    -5.460000170431));
#10806 = CARTESIAN_POINT('',(-20.97010451377,-7.30508530564,
    -5.460000174365));
#10807 = CARTESIAN_POINT('',(-20.97010451574,-7.35008530564,
    -5.460000178299));
#10808 = CARTESIAN_POINT('',(-20.85010450132,-7.020085310885,
    -5.460000144205));
#10809 = CARTESIAN_POINT('',(-20.85010450328,-7.065085310885,
    -5.460000148139));
#10810 = CARTESIAN_POINT('',(-20.85010450525,-7.110085310885,
    -5.460000152073));
#10811 = CARTESIAN_POINT('',(-20.85010450809,-7.175085310885,
    -5.460000157755));
#10812 = CARTESIAN_POINT('',(-20.85010450897,-7.195085310885,
    -5.460000159503));
#10813 = CARTESIAN_POINT('',(-20.85010451181,-7.260085310885,
    -5.460000165186));
#10814 = CARTESIAN_POINT('',(-20.85010451377,-7.305085310885,
    -5.46000016912));
#10815 = CARTESIAN_POINT('',(-20.85010451574,-7.350085310885,
    -5.460000173054));
#10816 = CARTESIAN_POINT('',(-20.85010450656,-7.020085321376,
    -5.340000144205));
#10817 = CARTESIAN_POINT('',(-20.85010450853,-7.065085321376,
    -5.340000148139));
#10818 = CARTESIAN_POINT('',(-20.8501045105,-7.110085321376,
    -5.340000152073));
#10819 = CARTESIAN_POINT('',(-20.85010451334,-7.175085321376,
    -5.340000157755));
#10820 = CARTESIAN_POINT('',(-20.85010451421,-7.195085321376,
    -5.340000159503));
#10821 = CARTESIAN_POINT('',(-20.85010451705,-7.260085321376,
    -5.340000165186));
#10822 = CARTESIAN_POINT('',(-20.85010451902,-7.305085321376,
    -5.34000016912));
#10823 = CARTESIAN_POINT('',(-20.85010452099,-7.350085321376,
    -5.340000173054));
#10824 = ADVANCED_FACE('',(#10825),#10865,.T.);
#10825 = FACE_BOUND('',#10826,.T.);
#10826 = EDGE_LOOP('',(#10827,#10828,#10837,#10864));
#10827 = ORIENTED_EDGE('',*,*,#10734,.T.);
#10828 = ORIENTED_EDGE('',*,*,#10829,.F.);
#10829 = EDGE_CURVE('',#10830,#10735,#10832,.T.);
#10830 = VERTEX_POINT('',#10831);
#10831 = CARTESIAN_POINT('',(-21.15010452033,-7.335085308262,
    -5.340000184856));
#10832 = B_SPLINE_CURVE_WITH_KNOTS('',3,(#10833,#10834,#10835,#10836),
  .UNSPECIFIED.,.F.,.F.,(4,4),(0.,1.),.PIECEWISE_BEZIER_KNOTS.);
#10833 = CARTESIAN_POINT('',(-21.15010452033,-7.335085308262,
    -5.340000184856));
#10834 = CARTESIAN_POINT('',(-21.05010452033,-7.335085312633,
    -5.340000180485));
#10835 = CARTESIAN_POINT('',(-20.95010452033,-7.335085317005,
    -5.340000176114));
#10836 = CARTESIAN_POINT('',(-20.85010452033,-7.335085321376,
    -5.340000171743));
#10837 = ORIENTED_EDGE('',*,*,#10838,.F.);
#10838 = EDGE_CURVE('',#10693,#10830,#10839,.T.);
#10839 = B_SPLINE_CURVE_WITH_KNOTS('',3,(#10840,#10841,#10842,#10843,
    #10844,#10845,#10846,#10847,#10848,#10849,#10850,#10851,#10852,
    #10853,#10854,#10855,#10856,#10857,#10858,#10859,#10860,#10861,
    #10862,#10863),.UNSPECIFIED.,.F.,.F.,(4,2,2,1,2,2,2,2,2,1,2,2,4),(0.
    ,0.125,0.1875,0.21875,0.234375,0.25,0.5,0.625,0.6875,0.71875,
    0.734375,0.75,1.),.UNSPECIFIED.);
#10840 = CARTESIAN_POINT('',(-21.03010450984,-7.215085303017,
    -5.46000016912));
#10841 = CARTESIAN_POINT('',(-21.03140095978,-7.216381752975,
    -5.460000169289));
#10842 = CARTESIAN_POINT('',(-21.03435755556,-7.219736944685,
    -5.458504189189));
#10843 = CARTESIAN_POINT('',(-21.04244162749,-7.227857844957,
    -5.452540055764));
#10844 = CARTESIAN_POINT('',(-21.04573379738,-7.231079497165,
    -5.449938552875));
#10845 = CARTESIAN_POINT('',(-21.05150140439,-7.236684003658,
    -5.445118572419));
#10846 = CARTESIAN_POINT('',(-21.05458933638,-7.239679263948,
    -5.442482221926));
#10847 = CARTESIAN_POINT('',(-21.05794099276,-7.242964034805,
    -5.43953700861));
#10848 = CARTESIAN_POINT('',(-21.06022731167,-7.245218217724,
    -5.43751046112));
#10849 = CARTESIAN_POINT('',(-21.06222268156,-7.247203529563,
    -5.435721298133));
#10850 = CARTESIAN_POINT('',(-21.06843501192,-7.253414897794,
    -5.430124968377));
#10851 = CARTESIAN_POINT('',(-21.07964833363,-7.264629030004,
    -5.419780601161));
#10852 = CARTESIAN_POINT('',(-21.10009262426,-7.285073461079,
    -5.399423932376));
#10853 = CARTESIAN_POINT('',(-21.10608618068,-7.290961263353,
    -5.39326026848));
#10854 = CARTESIAN_POINT('',(-21.11351695459,-7.298402454605,
    -5.385461497009));
#10855 = CARTESIAN_POINT('',(-21.11574413979,-7.300651099663,
    -5.383092727053));
#10856 = CARTESIAN_POINT('',(-21.11873354101,-7.303676439211,
    -5.379881288836));
#10857 = CARTESIAN_POINT('',(-21.12014083571,-7.305102201975,
    -5.378360487873));
#10858 = CARTESIAN_POINT('',(-21.12142421201,-7.306397604225,
    -5.376962708949));
#10859 = CARTESIAN_POINT('',(-21.12225316916,-7.307232236721,
    -5.376057552807));
#10860 = CARTESIAN_POINT('',(-21.12191519029,-7.306895836877,
    -5.37642961015));
#10861 = CARTESIAN_POINT('',(-21.14108161359,-7.326064677092,
    -5.355392510651));
#10862 = CARTESIAN_POINT('',(-21.15010452015,-7.335085308019,
    -5.342786939402));
#10863 = CARTESIAN_POINT('',(-21.15010452033,-7.335085308262,
    -5.340000184856));
#10864 = ORIENTED_EDGE('',*,*,#10690,.F.);
#10865 = ( BOUNDED_SURFACE() B_SPLINE_SURFACE(2,3,(
    (#10866,#10867,#10868,#10869,#10870,#10871,#10872,#10873)
    ,(#10874,#10875,#10876,#10877,#10878,#10879,#10880,#10881)
    ,(#10882,#10883,#10884,#10885,#10886,#10887,#10888,#10889
)),.UNSPECIFIED.,.F.,.F.,.F.) B_SPLINE_SURFACE_WITH_KNOTS((3,3),(4,2,2,4
    ),(0.,1.),(-1.65E-04,-3.E-05,3.E-05,1.65E-04),.UNSPECIFIED.) 
GEOMETRIC_REPRESENTATION_ITEM() RATIONAL_B_SPLINE_SURFACE((
    (1.,1.,1.,1.,1.,1.,1.,1.)
    ,(8.485281374239E-02,8.485281374239E-02,8.485281374239E-02
      ,8.485281374239E-02,8.485281374239E-02,8.485281374239E-02
      ,8.485281374239E-02,8.485281374239E-02)
,(1.,1.,1.,1.,1.,1.,1.,1.))) REPRESENTATION_ITEM('') SURFACE() );
#10866 = CARTESIAN_POINT('',(-20.83510450984,-7.215085311541,
    -5.460000160596));
#10867 = CARTESIAN_POINT('',(-20.88010450984,-7.215085309574,
    -5.460000162563));
#10868 = CARTESIAN_POINT('',(-20.92510450984,-7.215085307607,
    -5.46000016453));
#10869 = CARTESIAN_POINT('',(-20.99010450984,-7.215085304765,
    -5.460000167372));
#10870 = CARTESIAN_POINT('',(-21.01010450984,-7.215085303891,
    -5.460000168246));
#10871 = CARTESIAN_POINT('',(-21.07510450984,-7.21508530105,
    -5.460000171087));
#10872 = CARTESIAN_POINT('',(-21.12010450984,-7.215085299083,
    -5.460000173054));
#10873 = CARTESIAN_POINT('',(-21.16510450984,-7.215085297116,
    -5.460000175021));
#10874 = CARTESIAN_POINT('',(-20.83510451509,-7.335085311541,
    -5.460000171087));
#10875 = CARTESIAN_POINT('',(-20.88010451509,-7.335085309574,
    -5.460000173054));
#10876 = CARTESIAN_POINT('',(-20.92510451509,-7.335085307607,
    -5.460000175021));
#10877 = CARTESIAN_POINT('',(-20.99010451509,-7.335085304765,
    -5.460000177862));
#10878 = CARTESIAN_POINT('',(-21.01010451509,-7.335085303891,
    -5.460000178736));
#10879 = CARTESIAN_POINT('',(-21.07510451509,-7.33508530105,
    -5.460000181578));
#10880 = CARTESIAN_POINT('',(-21.12010451509,-7.335085299083,
    -5.460000183545));
#10881 = CARTESIAN_POINT('',(-21.16510451509,-7.335085297116,
    -5.460000185512));
#10882 = CARTESIAN_POINT('',(-20.83510452033,-7.335085322031,
    -5.340000171087));
#10883 = CARTESIAN_POINT('',(-20.88010452033,-7.335085320064,
    -5.340000173054));
#10884 = CARTESIAN_POINT('',(-20.92510452033,-7.335085318097,
    -5.340000175021));
#10885 = CARTESIAN_POINT('',(-20.99010452033,-7.335085315256,
    -5.340000177862));
#10886 = CARTESIAN_POINT('',(-21.01010452033,-7.335085314382,
    -5.340000178736));
#10887 = CARTESIAN_POINT('',(-21.07510452033,-7.335085311541,
    -5.340000181578));
#10888 = CARTESIAN_POINT('',(-21.12010452033,-7.335085309574,
    -5.340000183545));
#10889 = CARTESIAN_POINT('',(-21.16510452033,-7.335085307607,
    -5.340000185512));
#10890 = ADVANCED_FACE('',(#10891),#10931,.T.);
#10891 = FACE_BOUND('',#10892,.T.);
#10892 = EDGE_LOOP('',(#10893,#10922,#10923,#10924));
#10893 = ORIENTED_EDGE('',*,*,#10894,.T.);
#10894 = EDGE_CURVE('',#10895,#10702,#10897,.T.);
#10895 = VERTEX_POINT('',#10896);
#10896 = CARTESIAN_POINT('',(-21.15010450722,-7.035085308262,
    -5.340000158629));
#10897 = B_SPLINE_CURVE_WITH_KNOTS('',3,(#10898,#10899,#10900,#10901,
    #10902,#10903,#10904,#10905,#10906,#10907,#10908,#10909,#10910,
    #10911,#10912,#10913,#10914,#10915,#10916,#10917,#10918,#10919,
    #10920,#10921),.UNSPECIFIED.,.F.,.F.,(4,2,2,1,2,2,2,2,2,1,2,2,4),(0.
    ,0.125,0.1875,0.21875,0.234375,0.25,0.5,0.625,0.6875,0.71875,
    0.734375,0.75,1.),.UNSPECIFIED.);
#10898 = CARTESIAN_POINT('',(-21.15010450722,-7.035085308262,
    -5.340000158629));
#10899 = CARTESIAN_POINT('',(-21.15010450716,-7.03508530814,
    -5.341393302186));
#10900 = CARTESIAN_POINT('',(-21.14834745801,-7.037340465481,
    -5.344718481811));
#10901 = CARTESIAN_POINT('',(-21.14162055523,-7.044105937658,
    -5.353653104198));
#10902 = CARTESIAN_POINT('',(-21.13871118013,-7.046924884412,
    -5.357269415374));
#10903 = CARTESIAN_POINT('',(-21.13343526358,-7.051998988597,
    -5.36349112758));
#10904 = CARTESIAN_POINT('',(-21.13057333771,-7.054747461703,
    -5.366797312196));
#10905 = CARTESIAN_POINT('',(-21.12742714546,-7.057813066332,
    -5.37033352807));
#10906 = CARTESIAN_POINT('',(-21.12527440708,-7.059927276424,
    -5.372733271584));
#10907 = CARTESIAN_POINT('',(-21.12343056647,-7.061759283604,
    -5.374766297226));
#10908 = CARTESIAN_POINT('',(-21.11683541199,-7.068353811749,
    -5.382005152019));
#10909 = CARTESIAN_POINT('',(-21.10788057314,-7.077309309139,
    -5.391669333503));
#10910 = CARTESIAN_POINT('',(-21.08597649228,-7.099213284223,
    -5.413479541768));
#10911 = CARTESIAN_POINT('',(-21.0796320693,-7.105421425419,
    -5.419574413821));
#10912 = CARTESIAN_POINT('',(-21.07197638341,-7.113093861459,
    -5.426784850023));
#10913 = CARTESIAN_POINT('',(-21.06972024304,-7.11537804418,
    -5.428879983078));
#10914 = CARTESIAN_POINT('',(-21.06674903288,-7.11839437432,
    -5.431612763878));
#10915 = CARTESIAN_POINT('',(-21.06536618214,-7.119800053404,
    -5.432877045832));
#10916 = CARTESIAN_POINT('',(-21.06412884598,-7.121052003509,
    -5.433999842538));
#10917 = CARTESIAN_POINT('',(-21.06333525294,-7.121852474917,
    -5.434718245163));
#10918 = CARTESIAN_POINT('',(-21.0637792505,-7.121410328116,
    -5.434319058896));
#10919 = CARTESIAN_POINT('',(-21.04352981601,-7.141663706783,
    -5.452560610452));
#10920 = CARTESIAN_POINT('',(-21.03269823687,-7.152491573412,
    -5.460000163759));
#10921 = CARTESIAN_POINT('',(-21.03010450722,-7.155085303017,
    -5.460000163875));
#10922 = ORIENTED_EDGE('',*,*,#10701,.F.);
#10923 = ORIENTED_EDGE('',*,*,#10838,.T.);
#10924 = ORIENTED_EDGE('',*,*,#10925,.F.);
#10925 = EDGE_CURVE('',#10895,#10830,#10926,.T.);
#10926 = B_SPLINE_CURVE_WITH_KNOTS('',3,(#10927,#10928,#10929,#10930),
  .UNSPECIFIED.,.F.,.F.,(4,4),(0.,1.),.PIECEWISE_BEZIER_KNOTS.);
#10927 = CARTESIAN_POINT('',(-21.15010450722,-7.035085308262,
    -5.340000158629));
#10928 = CARTESIAN_POINT('',(-21.15010451159,-7.135085308262,
    -5.340000167372));
#10929 = CARTESIAN_POINT('',(-21.15010451596,-7.235085308262,
    -5.340000176114));
#10930 = CARTESIAN_POINT('',(-21.15010452033,-7.335085308262,
    -5.340000184856));
#10931 = ( BOUNDED_SURFACE() B_SPLINE_SURFACE(2,3,(
    (#10932,#10933,#10934,#10935,#10936,#10937,#10938,#10939)
    ,(#10940,#10941,#10942,#10943,#10944,#10945,#10946,#10947)
    ,(#10948,#10949,#10950,#10951,#10952,#10953,#10954,#10955
)),.UNSPECIFIED.,.F.,.F.,.F.) B_SPLINE_SURFACE_WITH_KNOTS((3,3),(4,2,2,4
    ),(0.,1.),(-8.E-04,-6.65E-04,-6.05E-04,-4.7E-04),.UNSPECIFIED.) 
GEOMETRIC_REPRESENTATION_ITEM() RATIONAL_B_SPLINE_SURFACE((
    (1.,1.,1.,1.,1.,1.,1.,1.)
    ,(8.485281374239E-02,8.485281374239E-02,8.485281374239E-02
      ,8.485281374239E-02,8.485281374239E-02,8.485281374239E-02
      ,8.485281374239E-02,8.485281374239E-02)
,(1.,1.,1.,1.,1.,1.,1.,1.))) REPRESENTATION_ITEM('') SURFACE() );
#10932 = CARTESIAN_POINT('',(-21.03010451574,-7.350085303017,
    -5.460000180922));
#10933 = CARTESIAN_POINT('',(-21.03010451377,-7.305085303017,
    -5.460000176988));
#10934 = CARTESIAN_POINT('',(-21.03010451181,-7.260085303017,
    -5.460000173054));
#10935 = CARTESIAN_POINT('',(-21.03010450897,-7.195085303017,
    -5.460000167372));
#10936 = CARTESIAN_POINT('',(-21.03010450809,-7.175085303017,
    -5.460000165623));
#10937 = CARTESIAN_POINT('',(-21.03010450525,-7.110085303017,
    -5.460000159941));
#10938 = CARTESIAN_POINT('',(-21.03010450328,-7.065085303017,
    -5.460000156007));
#10939 = CARTESIAN_POINT('',(-21.03010450132,-7.020085303017,
    -5.460000152073));
#10940 = CARTESIAN_POINT('',(-21.15010451574,-7.350085297772,
    -5.460000186167));
#10941 = CARTESIAN_POINT('',(-21.15010451377,-7.305085297772,
    -5.460000182233));
#10942 = CARTESIAN_POINT('',(-21.15010451181,-7.260085297772,
    -5.460000178299));
#10943 = CARTESIAN_POINT('',(-21.15010450897,-7.195085297772,
    -5.460000172617));
#10944 = CARTESIAN_POINT('',(-21.15010450809,-7.175085297772,
    -5.460000170868));
#10945 = CARTESIAN_POINT('',(-21.15010450525,-7.110085297772,
    -5.460000165186));
#10946 = CARTESIAN_POINT('',(-21.15010450328,-7.065085297772,
    -5.460000161252));
#10947 = CARTESIAN_POINT('',(-21.15010450132,-7.020085297772,
    -5.460000157318));
#10948 = CARTESIAN_POINT('',(-21.15010452099,-7.350085308262,
    -5.340000186167));
#10949 = CARTESIAN_POINT('',(-21.15010451902,-7.305085308262,
    -5.340000182233));
#10950 = CARTESIAN_POINT('',(-21.15010451705,-7.260085308262,
    -5.340000178299));
#10951 = CARTESIAN_POINT('',(-21.15010451421,-7.195085308262,
    -5.340000172617));
#10952 = CARTESIAN_POINT('',(-21.15010451334,-7.175085308262,
    -5.340000170868));
#10953 = CARTESIAN_POINT('',(-21.1501045105,-7.110085308262,
    -5.340000165186));
#10954 = CARTESIAN_POINT('',(-21.15010450853,-7.065085308262,
    -5.340000161252));
#10955 = CARTESIAN_POINT('',(-21.15010450656,-7.020085308262,
    -5.340000157318));
#10956 = ADVANCED_FACE('',(#10957),#10969,.T.);
#10957 = FACE_BOUND('',#10958,.T.);
#10958 = EDGE_LOOP('',(#10959,#10960,#10961,#10962));
#10959 = ORIENTED_EDGE('',*,*,#10764,.T.);
#10960 = ORIENTED_EDGE('',*,*,#10710,.F.);
#10961 = ORIENTED_EDGE('',*,*,#10894,.F.);
#10962 = ORIENTED_EDGE('',*,*,#10963,.F.);
#10963 = EDGE_CURVE('',#10765,#10895,#10964,.T.);
#10964 = B_SPLINE_CURVE_WITH_KNOTS('',3,(#10965,#10966,#10967,#10968),
  .UNSPECIFIED.,.F.,.F.,(4,4),(0.,1.),.PIECEWISE_BEZIER_KNOTS.);
#10965 = CARTESIAN_POINT('',(-20.85010450722,-7.035085321376,
    -5.340000145516));
#10966 = CARTESIAN_POINT('',(-20.95010450722,-7.035085317005,
    -5.340000149887));
#10967 = CARTESIAN_POINT('',(-21.05010450722,-7.035085312633,
    -5.340000154258));
#10968 = CARTESIAN_POINT('',(-21.15010450722,-7.035085308262,
    -5.340000158629));
#10969 = ( BOUNDED_SURFACE() B_SPLINE_SURFACE(2,3,(
    (#10970,#10971,#10972,#10973,#10974,#10975,#10976,#10977)
    ,(#10978,#10979,#10980,#10981,#10982,#10983,#10984,#10985)
    ,(#10986,#10987,#10988,#10989,#10990,#10991,#10992,#10993
)),.UNSPECIFIED.,.F.,.F.,.F.) B_SPLINE_SURFACE_WITH_KNOTS((3,3),(4,2,2,4
    ),(0.,1.),(-1.65E-04,-3.E-05,3.E-05,1.65E-04),.UNSPECIFIED.) 
GEOMETRIC_REPRESENTATION_ITEM() RATIONAL_B_SPLINE_SURFACE((
    (1.,1.,1.,1.,1.,1.,1.,1.)
    ,(8.485281374239E-02,8.485281374239E-02,8.485281374239E-02
      ,8.485281374239E-02,8.485281374239E-02,8.485281374239E-02
      ,8.485281374239E-02,8.485281374239E-02)
,(1.,1.,1.,1.,1.,1.,1.,1.))) REPRESENTATION_ITEM('') SURFACE() );
#10970 = CARTESIAN_POINT('',(-21.16510450722,-7.155085297116,
    -5.460000169776));
#10971 = CARTESIAN_POINT('',(-21.12010450722,-7.155085299083,
    -5.460000167809));
#10972 = CARTESIAN_POINT('',(-21.07510450722,-7.15508530105,
    -5.460000165842));
#10973 = CARTESIAN_POINT('',(-21.01010450722,-7.155085303891,
    -5.460000163));
#10974 = CARTESIAN_POINT('',(-20.99010450722,-7.155085304765,
    -5.460000162126));
#10975 = CARTESIAN_POINT('',(-20.92510450722,-7.155085307607,
    -5.460000159285));
#10976 = CARTESIAN_POINT('',(-20.88010450722,-7.155085309574,
    -5.460000157318));
#10977 = CARTESIAN_POINT('',(-20.83510450722,-7.155085311541,
    -5.460000155351));
#10978 = CARTESIAN_POINT('',(-21.16510450197,-7.035085297116,
    -5.460000159285));
#10979 = CARTESIAN_POINT('',(-21.12010450197,-7.035085299083,
    -5.460000157318));
#10980 = CARTESIAN_POINT('',(-21.07510450197,-7.03508530105,
    -5.460000155351));
#10981 = CARTESIAN_POINT('',(-21.01010450197,-7.035085303891,
    -5.46000015251));
#10982 = CARTESIAN_POINT('',(-20.99010450197,-7.035085304765,
    -5.460000151635));
#10983 = CARTESIAN_POINT('',(-20.92510450197,-7.035085307607,
    -5.460000148794));
#10984 = CARTESIAN_POINT('',(-20.88010450197,-7.035085309574,
    -5.460000146827));
#10985 = CARTESIAN_POINT('',(-20.83510450197,-7.035085311541,
    -5.46000014486));
#10986 = CARTESIAN_POINT('',(-21.16510450722,-7.035085307607,
    -5.340000159285));
#10987 = CARTESIAN_POINT('',(-21.12010450722,-7.035085309574,
    -5.340000157318));
#10988 = CARTESIAN_POINT('',(-21.07510450722,-7.035085311541,
    -5.340000155351));
#10989 = CARTESIAN_POINT('',(-21.01010450722,-7.035085314382,
    -5.34000015251));
#10990 = CARTESIAN_POINT('',(-20.99010450722,-7.035085315256,
    -5.340000151635));
#10991 = CARTESIAN_POINT('',(-20.92510450722,-7.035085318097,
    -5.340000148794));
#10992 = CARTESIAN_POINT('',(-20.88010450722,-7.035085320064,
    -5.340000146827));
#10993 = CARTESIAN_POINT('',(-20.83510450722,-7.035085322031,
    -5.34000014486));
#10994 = ADVANCED_FACE('',(#10995),#11011,.T.);
#10995 = FACE_BOUND('',#10996,.T.);
#10996 = EDGE_LOOP('',(#10997,#11003,#11004,#11010));
#10997 = ORIENTED_EDGE('',*,*,#10998,.T.);
#10998 = EDGE_CURVE('',#8311,#10765,#10999,.T.);
#10999 = LINE('',#11000,#11001);
#11000 = CARTESIAN_POINT('',(-20.85010481669,-7.035085940329,
    1.739999854484));
#11001 = VECTOR('',#11002,1.);
#11002 = DIRECTION('',(4.371140912996E-08,8.742273203022E-08,-1.));
#11003 = ORIENTED_EDGE('',*,*,#10963,.T.);
#11004 = ORIENTED_EDGE('',*,*,#11005,.F.);
#11005 = EDGE_CURVE('',#8295,#10895,#11006,.T.);
#11006 = LINE('',#11007,#11008);
#11007 = CARTESIAN_POINT('',(-21.15010481669,-7.035085927215,
    1.739999841371));
#11008 = VECTOR('',#11009,1.);
#11009 = DIRECTION('',(4.371140912996E-08,8.742273203022E-08,-1.));
#11010 = ORIENTED_EDGE('',*,*,#8318,.T.);
#11011 = PLANE('',#11012);
#11012 = AXIS2_PLACEMENT_3D('',#11013,#11014,#11015);
#11013 = CARTESIAN_POINT('',(-21.00010481669,-7.035085933772,
    1.739999847927));
#11014 = DIRECTION('',(4.371138792534E-08,1.,8.742273394091E-08));
#11015 = DIRECTION('',(1.,-4.371139174671E-08,4.371140530859E-08));
#11016 = ADVANCED_FACE('',(#11017),#11028,.F.);
#11017 = FACE_BOUND('',#11018,.T.);
#11018 = EDGE_LOOP('',(#11019,#11020,#11021,#11027));
#11019 = ORIENTED_EDGE('',*,*,#11005,.T.);
#11020 = ORIENTED_EDGE('',*,*,#10925,.T.);
#11021 = ORIENTED_EDGE('',*,*,#11022,.F.);
#11022 = EDGE_CURVE('',#8293,#10830,#11023,.T.);
#11023 = LINE('',#11024,#11025);
#11024 = CARTESIAN_POINT('',(-21.15010482981,-7.335085927215,
    1.739999815144));
#11025 = VECTOR('',#11026,1.);
#11026 = DIRECTION('',(4.371140912996E-08,8.742273203022E-08,-1.));
#11027 = ORIENTED_EDGE('',*,*,#8292,.T.);
#11028 = PLANE('',#11029);
#11029 = AXIS2_PLACEMENT_3D('',#11030,#11031,#11032);
#11030 = CARTESIAN_POINT('',(-21.15010479549,-6.550085927215,
    1.739999883771));
#11031 = DIRECTION('',(1.,-4.371139219846E-08,4.371140530859E-08));
#11032 = DIRECTION('',(-4.371138837709E-08,-1.,-8.742273394091E-08));
#11033 = ADVANCED_FACE('',(#11034),#11045,.F.);
#11034 = FACE_BOUND('',#11035,.T.);
#11035 = EDGE_LOOP('',(#11036,#11037,#11038,#11044));
#11036 = ORIENTED_EDGE('',*,*,#11022,.T.);
#11037 = ORIENTED_EDGE('',*,*,#10829,.T.);
#11038 = ORIENTED_EDGE('',*,*,#11039,.F.);
#11039 = EDGE_CURVE('',#8303,#10735,#11040,.T.);
#11040 = LINE('',#11041,#11042);
#11041 = CARTESIAN_POINT('',(-20.85010482981,-7.335085940329,
    1.739999828257));
#11042 = VECTOR('',#11043,1.);
#11043 = DIRECTION('',(4.371140912996E-08,8.742273203022E-08,-1.));
#11044 = ORIENTED_EDGE('',*,*,#8302,.T.);
#11045 = PLANE('',#11046);
#11046 = AXIS2_PLACEMENT_3D('',#11047,#11048,#11049);
#11047 = CARTESIAN_POINT('',(-21.00010482981,-7.335085933772,
    1.739999821701));
#11048 = DIRECTION('',(4.371138900954E-08,1.,8.742273394091E-08));
#11049 = DIRECTION('',(4.371140912996E-08,8.742273203022E-08,-1.));
#11050 = ADVANCED_FACE('',(#11051),#11057,.T.);
#11051 = FACE_BOUND('',#11052,.T.);
#11052 = EDGE_LOOP('',(#11053,#11054,#11055,#11056));
#11053 = ORIENTED_EDGE('',*,*,#11039,.T.);
#11054 = ORIENTED_EDGE('',*,*,#10793,.T.);
#11055 = ORIENTED_EDGE('',*,*,#10998,.F.);
#11056 = ORIENTED_EDGE('',*,*,#8310,.T.);
#11057 = PLANE('',#11058);
#11058 = AXIS2_PLACEMENT_3D('',#11059,#11060,#11061);
#11059 = CARTESIAN_POINT('',(-20.85010479549,-6.550085940329,
    1.739999896884));
#11060 = DIRECTION('',(1.,-4.371139219846E-08,4.371140530859E-08));
#11061 = DIRECTION('',(-4.371138837709E-08,-1.,-8.742273394091E-08));
#11062 = ADVANCED_FACE('',(#11063),#11101,.T.);
#11063 = FACE_BOUND('',#11064,.T.);
#11064 = EDGE_LOOP('',(#11065,#11076,#11085,#11094));
#11065 = ORIENTED_EDGE('',*,*,#11066,.T.);
#11066 = EDGE_CURVE('',#11067,#11069,#11071,.T.);
#11067 = VERTEX_POINT('',#11068);
#11068 = CARTESIAN_POINT('',(-20.97010439881,-4.67508530564,
    -5.459999944444));
#11069 = VERTEX_POINT('',#11070);
#11070 = CARTESIAN_POINT('',(-21.03010439881,-4.675085303017,
    -5.459999947066));
#11071 = B_SPLINE_CURVE_WITH_KNOTS('',3,(#11072,#11073,#11074,#11075),
  .UNSPECIFIED.,.F.,.F.,(4,4),(0.,1.),.PIECEWISE_BEZIER_KNOTS.);
#11072 = CARTESIAN_POINT('',(-20.97010439881,-4.67508530564,
    -5.459999944444));
#11073 = CARTESIAN_POINT('',(-20.99010439881,-4.675085304765,
    -5.459999945318));
#11074 = CARTESIAN_POINT('',(-21.01010439881,-4.675085303891,
    -5.459999946192));
#11075 = CARTESIAN_POINT('',(-21.03010439881,-4.675085303017,
    -5.459999947066));
#11076 = ORIENTED_EDGE('',*,*,#11077,.T.);
#11077 = EDGE_CURVE('',#11069,#11078,#11080,.T.);
#11078 = VERTEX_POINT('',#11079);
#11079 = CARTESIAN_POINT('',(-21.03010439619,-4.615085303017,
    -5.459999941821));
#11080 = B_SPLINE_CURVE_WITH_KNOTS('',3,(#11081,#11082,#11083,#11084),
  .UNSPECIFIED.,.F.,.F.,(4,4),(0.,1.),.PIECEWISE_BEZIER_KNOTS.);
#11081 = CARTESIAN_POINT('',(-21.03010439881,-4.675085303017,
    -5.459999947066));
#11082 = CARTESIAN_POINT('',(-21.03010439794,-4.655085303017,
    -5.459999945318));
#11083 = CARTESIAN_POINT('',(-21.03010439707,-4.635085303017,
    -5.459999943569));
#11084 = CARTESIAN_POINT('',(-21.03010439619,-4.615085303017,
    -5.459999941821));
#11085 = ORIENTED_EDGE('',*,*,#11086,.T.);
#11086 = EDGE_CURVE('',#11078,#11087,#11089,.T.);
#11087 = VERTEX_POINT('',#11088);
#11088 = CARTESIAN_POINT('',(-20.97010439619,-4.61508530564,
    -5.459999939198));
#11089 = B_SPLINE_CURVE_WITH_KNOTS('',3,(#11090,#11091,#11092,#11093),
  .UNSPECIFIED.,.F.,.F.,(4,4),(0.,1.),.PIECEWISE_BEZIER_KNOTS.);
#11090 = CARTESIAN_POINT('',(-21.03010439619,-4.615085303017,
    -5.459999941821));
#11091 = CARTESIAN_POINT('',(-21.01010439619,-4.615085303891,
    -5.459999940947));
#11092 = CARTESIAN_POINT('',(-20.99010439619,-4.615085304765,
    -5.459999940072));
#11093 = CARTESIAN_POINT('',(-20.97010439619,-4.61508530564,
    -5.459999939198));
#11094 = ORIENTED_EDGE('',*,*,#11095,.T.);
#11095 = EDGE_CURVE('',#11087,#11067,#11096,.T.);
#11096 = B_SPLINE_CURVE_WITH_KNOTS('',3,(#11097,#11098,#11099,#11100),
  .UNSPECIFIED.,.F.,.F.,(4,4),(0.,1.),.PIECEWISE_BEZIER_KNOTS.);
#11097 = CARTESIAN_POINT('',(-20.97010439619,-4.61508530564,
    -5.459999939198));
#11098 = CARTESIAN_POINT('',(-20.97010439707,-4.63508530564,
    -5.459999940947));
#11099 = CARTESIAN_POINT('',(-20.97010439794,-4.65508530564,
    -5.459999942695));
#11100 = CARTESIAN_POINT('',(-20.97010439881,-4.67508530564,
    -5.459999944444));
#11101 = PLANE('',#11102);
#11102 = AXIS2_PLACEMENT_3D('',#11103,#11104,#11105);
#11103 = CARTESIAN_POINT('',(-21.00010448077,-6.550085304328,
    -5.460000109673));
#11104 = DIRECTION('',(4.371140912996E-08,8.742273203022E-08,-1.));
#11105 = DIRECTION('',(-4.371138828674E-08,-1.,-8.742273394091E-08));
#11106 = ADVANCED_FACE('',(#11107),#11175,.T.);
#11107 = FACE_BOUND('',#11108,.T.);
#11108 = EDGE_LOOP('',(#11109,#11138,#11139,#11168));
#11109 = ORIENTED_EDGE('',*,*,#11110,.F.);
#11110 = EDGE_CURVE('',#11067,#11111,#11113,.T.);
#11111 = VERTEX_POINT('',#11112);
#11112 = CARTESIAN_POINT('',(-20.8501044093,-4.795085321376,
    -5.339999949689));
#11113 = B_SPLINE_CURVE_WITH_KNOTS('',3,(#11114,#11115,#11116,#11117,
    #11118,#11119,#11120,#11121,#11122,#11123,#11124,#11125,#11126,
    #11127,#11128,#11129,#11130,#11131,#11132,#11133,#11134,#11135,
    #11136,#11137),.UNSPECIFIED.,.F.,.F.,(4,2,2,1,2,2,2,2,2,1,2,2,4),(0.
    ,0.125,0.1875,0.21875,0.234375,0.25,0.5,0.625,0.6875,0.71875,
    0.734375,0.75,1.),.UNSPECIFIED.);
#11114 = CARTESIAN_POINT('',(-20.97010439881,-4.67508530564,
    -5.459999944444));
#11115 = CARTESIAN_POINT('',(-20.96880794886,-4.676381755579,
    -5.459999944499));
#11116 = CARTESIAN_POINT('',(-20.96545275734,-4.679338351424,
    -5.458503964087));
#11117 = CARTESIAN_POINT('',(-20.95733185785,-4.687422423622,
    -5.452539829949));
#11118 = CARTESIAN_POINT('',(-20.95411020598,-4.690714593626,
    -5.449938326781));
#11119 = CARTESIAN_POINT('',(-20.94850570012,-4.696482200843,
    -5.445118345843));
#11120 = CARTESIAN_POINT('',(-20.94551044018,-4.699570132945,
    -5.442481995092));
#11121 = CARTESIAN_POINT('',(-20.94222566971,-4.702921789452,
    -5.439536781494));
#11122 = CARTESIAN_POINT('',(-20.93997148706,-4.705208108449,
    -5.437510233808));
#11123 = CARTESIAN_POINT('',(-20.93798617545,-4.707203478414,
    -5.43572107065));
#11124 = CARTESIAN_POINT('',(-20.93177480793,-4.713415809048,
    -5.430124740329));
#11125 = CARTESIAN_POINT('',(-20.92056067709,-4.724629131199,
    -5.419780372143));
#11126 = CARTESIAN_POINT('',(-20.9001162487,-4.7450734227,
    -5.399423701586));
#11127 = CARTESIAN_POINT('',(-20.89422844724,-4.751066979387,
    -5.393260037183));
#11128 = CARTESIAN_POINT('',(-20.88678725701,-4.758497753644,
    -5.38546126506));
#11129 = CARTESIAN_POINT('',(-20.88453861226,-4.760724938941,
    -5.383092494906));
#11130 = CARTESIAN_POINT('',(-20.88151327313,-4.763714340309,
    -5.379881056421));
#11131 = CARTESIAN_POINT('',(-20.88008751056,-4.765121635071,
    -5.378360255331));
#11132 = CARTESIAN_POINT('',(-20.8787921085,-4.766405011434,
    -5.376962476292));
#11133 = CARTESIAN_POINT('',(-20.87795747612,-4.767233968626,
    -5.376057320076));
#11134 = CARTESIAN_POINT('',(-20.87829387591,-4.766895989741,
    -5.376429377448));
#11135 = CARTESIAN_POINT('',(-20.85912503846,-4.786062413963,
    -5.355392276271));
#11136 = CARTESIAN_POINT('',(-20.85010440918,-4.79508532107,
    -5.342786704235));
#11137 = CARTESIAN_POINT('',(-20.8501044093,-4.795085321376,
    -5.339999949689));
#11138 = ORIENTED_EDGE('',*,*,#11095,.F.);
#11139 = ORIENTED_EDGE('',*,*,#11140,.F.);
#11140 = EDGE_CURVE('',#11141,#11087,#11143,.T.);
#11141 = VERTEX_POINT('',#11142);
#11142 = CARTESIAN_POINT('',(-20.85010439619,-4.495085321376,
    -5.339999923462));
#11143 = B_SPLINE_CURVE_WITH_KNOTS('',3,(#11144,#11145,#11146,#11147,
    #11148,#11149,#11150,#11151,#11152,#11153,#11154,#11155,#11156,
    #11157,#11158,#11159,#11160,#11161,#11162,#11163,#11164,#11165,
    #11166,#11167),.UNSPECIFIED.,.F.,.F.,(4,2,2,1,2,2,2,2,2,1,2,2,4),(0.
    ,0.125,0.1875,0.21875,0.234375,0.25,0.5,0.625,0.6875,0.71875,
    0.734375,0.75,1.),.UNSPECIFIED.);
#11144 = CARTESIAN_POINT('',(-20.85010439619,-4.495085321376,
    -5.339999923462));
#11145 = CARTESIAN_POINT('',(-20.85010439613,-4.495085321255,
    -5.341393067019));
#11146 = CARTESIAN_POINT('',(-20.85235955362,-4.496842369962,
    -5.344718246777));
#11147 = CARTESIAN_POINT('',(-20.85912502618,-4.503569271573,
    -5.35365286975));
#11148 = CARTESIAN_POINT('',(-20.8619439731,-4.506478646201,
    -5.357269181185));
#11149 = CARTESIAN_POINT('',(-20.86701807755,-4.511754561935,
    -5.36349089386));
#11150 = CARTESIAN_POINT('',(-20.8697665508,-4.514616487366,
    -5.366797078732));
#11151 = CARTESIAN_POINT('',(-20.87283215559,-4.517762679159,
    -5.370333294883));
#11152 = CARTESIAN_POINT('',(-20.87494636578,-4.519915417225,
    -5.372733038587));
#11153 = CARTESIAN_POINT('',(-20.87677837305,-4.521759257564,
    -5.37476606439));
#11154 = CARTESIAN_POINT('',(-20.88337290152,-4.5283544111,
    -5.382004919769));
#11155 = CARTESIAN_POINT('',(-20.89232839933,-4.53730924868,
    -5.391669102034));
#11156 = CARTESIAN_POINT('',(-20.91423237536,-4.559213326671,
    -5.413479312204));
#11157 = CARTESIAN_POINT('',(-20.92044051682,-4.565557748851,
    -5.419574184816));
#11158 = CARTESIAN_POINT('',(-20.92811295318,-4.573213433798,
    -5.426784621687));
#11159 = CARTESIAN_POINT('',(-20.93039713599,-4.575469573899,
    -5.428879754939));
#11160 = CARTESIAN_POINT('',(-20.93341346625,-4.578440783694,
    -5.431612535997));
#11161 = CARTESIAN_POINT('',(-20.93481914539,-4.579823634277,
    -5.432876818072));
#11162 = CARTESIAN_POINT('',(-20.93607109555,-4.581060970288,
    -5.433999614886));
#11163 = CARTESIAN_POINT('',(-20.93687156699,-4.581854563231,
    -5.434718017581));
#11164 = CARTESIAN_POINT('',(-20.93642942017,-4.58141056573,
    -5.434318831276));
#11165 = CARTESIAN_POINT('',(-20.95668279963,-4.601659997821,
    -5.452560384603));
#11166 = CARTESIAN_POINT('',(-20.96751066659,-4.612491575991,
    -5.459999938856));
#11167 = CARTESIAN_POINT('',(-20.97010439619,-4.61508530564,
    -5.459999939198));
#11168 = ORIENTED_EDGE('',*,*,#11169,.F.);
#11169 = EDGE_CURVE('',#11111,#11141,#11170,.T.);
#11170 = B_SPLINE_CURVE_WITH_KNOTS('',3,(#11171,#11172,#11173,#11174),
  .UNSPECIFIED.,.F.,.F.,(4,4),(0.,1.),.PIECEWISE_BEZIER_KNOTS.);
#11171 = CARTESIAN_POINT('',(-20.8501044093,-4.795085321376,
    -5.339999949689));
#11172 = CARTESIAN_POINT('',(-20.85010440493,-4.695085321376,
    -5.339999940947));
#11173 = CARTESIAN_POINT('',(-20.85010440056,-4.595085321376,
    -5.339999932204));
#11174 = CARTESIAN_POINT('',(-20.85010439619,-4.495085321376,
    -5.339999923462));
#11175 = ( BOUNDED_SURFACE() B_SPLINE_SURFACE(2,3,(
    (#11176,#11177,#11178,#11179,#11180,#11181,#11182,#11183)
    ,(#11184,#11185,#11186,#11187,#11188,#11189,#11190,#11191)
    ,(#11192,#11193,#11194,#11195,#11196,#11197,#11198,#11199
)),.UNSPECIFIED.,.F.,.F.,.F.) B_SPLINE_SURFACE_WITH_KNOTS((3,3),(4,2,2,4
    ),(0.,1.),(-2.07E-03,-1.935E-03,-1.875E-03,-1.74E-03),
.UNSPECIFIED.) GEOMETRIC_REPRESENTATION_ITEM() RATIONAL_B_SPLINE_SURFACE
((
    (1.,1.,1.,1.,1.,1.,1.,1.)
    ,(8.485281374239E-02,8.485281374239E-02,8.485281374239E-02
      ,8.485281374239E-02,8.485281374239E-02,8.485281374239E-02
      ,8.485281374239E-02,8.485281374239E-02)
,(1.,1.,1.,1.,1.,1.,1.,1.))) REPRESENTATION_ITEM('') SURFACE() );
#11176 = CARTESIAN_POINT('',(-20.97010439029,-4.48008530564,
    -5.459999927396));
#11177 = CARTESIAN_POINT('',(-20.97010439226,-4.52508530564,
    -5.45999993133));
#11178 = CARTESIAN_POINT('',(-20.97010439422,-4.57008530564,
    -5.459999935264));
#11179 = CARTESIAN_POINT('',(-20.97010439707,-4.63508530564,
    -5.459999940947));
#11180 = CARTESIAN_POINT('',(-20.97010439794,-4.65508530564,
    -5.459999942695));
#11181 = CARTESIAN_POINT('',(-20.97010440078,-4.72008530564,
    -5.459999948378));
#11182 = CARTESIAN_POINT('',(-20.97010440275,-4.76508530564,
    -5.459999952312));
#11183 = CARTESIAN_POINT('',(-20.97010440471,-4.81008530564,
    -5.459999956246));
#11184 = CARTESIAN_POINT('',(-20.85010439029,-4.480085310885,
    -5.459999922151));
#11185 = CARTESIAN_POINT('',(-20.85010439226,-4.525085310885,
    -5.459999926085));
#11186 = CARTESIAN_POINT('',(-20.85010439422,-4.570085310885,
    -5.459999930019));
#11187 = CARTESIAN_POINT('',(-20.85010439707,-4.635085310885,
    -5.459999935701));
#11188 = CARTESIAN_POINT('',(-20.85010439794,-4.655085310885,
    -5.45999993745));
#11189 = CARTESIAN_POINT('',(-20.85010440078,-4.720085310885,
    -5.459999943132));
#11190 = CARTESIAN_POINT('',(-20.85010440275,-4.765085310885,
    -5.459999947066));
#11191 = CARTESIAN_POINT('',(-20.85010440471,-4.810085310885,
    -5.459999951));
#11192 = CARTESIAN_POINT('',(-20.85010439554,-4.480085321376,
    -5.339999922151));
#11193 = CARTESIAN_POINT('',(-20.8501043975,-4.525085321376,
    -5.339999926085));
#11194 = CARTESIAN_POINT('',(-20.85010439947,-4.570085321376,
    -5.339999930019));
#11195 = CARTESIAN_POINT('',(-20.85010440231,-4.635085321376,
    -5.339999935701));
#11196 = CARTESIAN_POINT('',(-20.85010440318,-4.655085321376,
    -5.33999993745));
#11197 = CARTESIAN_POINT('',(-20.85010440603,-4.720085321376,
    -5.339999943132));
#11198 = CARTESIAN_POINT('',(-20.85010440799,-4.765085321376,
    -5.339999947066));
#11199 = CARTESIAN_POINT('',(-20.85010440996,-4.810085321376,
    -5.339999951));
#11200 = ADVANCED_FACE('',(#11201),#11241,.T.);
#11201 = FACE_BOUND('',#11202,.T.);
#11202 = EDGE_LOOP('',(#11203,#11204,#11213,#11240));
#11203 = ORIENTED_EDGE('',*,*,#11110,.T.);
#11204 = ORIENTED_EDGE('',*,*,#11205,.F.);
#11205 = EDGE_CURVE('',#11206,#11111,#11208,.T.);
#11206 = VERTEX_POINT('',#11207);
#11207 = CARTESIAN_POINT('',(-21.1501044093,-4.795085308262,
    -5.339999962802));
#11208 = B_SPLINE_CURVE_WITH_KNOTS('',3,(#11209,#11210,#11211,#11212),
  .UNSPECIFIED.,.F.,.F.,(4,4),(0.,1.),.PIECEWISE_BEZIER_KNOTS.);
#11209 = CARTESIAN_POINT('',(-21.1501044093,-4.795085308262,
    -5.339999962802));
#11210 = CARTESIAN_POINT('',(-21.0501044093,-4.795085312633,
    -5.339999958431));
#11211 = CARTESIAN_POINT('',(-20.9501044093,-4.795085317005,
    -5.33999995406));
#11212 = CARTESIAN_POINT('',(-20.8501044093,-4.795085321376,
    -5.339999949689));
#11213 = ORIENTED_EDGE('',*,*,#11214,.F.);
#11214 = EDGE_CURVE('',#11069,#11206,#11215,.T.);
#11215 = B_SPLINE_CURVE_WITH_KNOTS('',3,(#11216,#11217,#11218,#11219,
    #11220,#11221,#11222,#11223,#11224,#11225,#11226,#11227,#11228,
    #11229,#11230,#11231,#11232,#11233,#11234,#11235,#11236,#11237,
    #11238,#11239),.UNSPECIFIED.,.F.,.F.,(4,2,2,1,2,2,2,2,2,1,2,2,4),(0.
    ,0.125,0.1875,0.21875,0.234375,0.25,0.5,0.625,0.6875,0.71875,
    0.734375,0.75,1.),.UNSPECIFIED.);
#11216 = CARTESIAN_POINT('',(-21.03010439881,-4.675085303017,
    -5.459999947066));
#11217 = CARTESIAN_POINT('',(-21.03140084875,-4.676381752975,
    -5.459999947235));
#11218 = CARTESIAN_POINT('',(-21.03435744453,-4.679736944685,
    -5.458503967134));
#11219 = CARTESIAN_POINT('',(-21.04244151647,-4.687857844957,
    -5.452539833709));
#11220 = CARTESIAN_POINT('',(-21.04573368636,-4.691079497166,
    -5.44993833082));
#11221 = CARTESIAN_POINT('',(-21.05150129336,-4.696684003658,
    -5.445118350365));
#11222 = CARTESIAN_POINT('',(-21.05458922535,-4.699679263948,
    -5.442481999871));
#11223 = CARTESIAN_POINT('',(-21.05794088173,-4.702964034805,
    -5.439536786556));
#11224 = CARTESIAN_POINT('',(-21.06022720064,-4.705218217724,
    -5.437510239066));
#11225 = CARTESIAN_POINT('',(-21.06222257053,-4.707203529563,
    -5.43572107608));
#11226 = CARTESIAN_POINT('',(-21.0684349009,-4.713414897804,
    -5.430124746316));
#11227 = CARTESIAN_POINT('',(-21.07964822261,-4.72462903001,
    -5.419780379101));
#11228 = CARTESIAN_POINT('',(-21.10009251323,-4.745073461077,
    -5.399423710325));
#11229 = CARTESIAN_POINT('',(-21.10608606965,-4.750961263349,
    -5.393260046431));
#11230 = CARTESIAN_POINT('',(-21.11351684356,-4.758402454601,
    -5.385461274959));
#11231 = CARTESIAN_POINT('',(-21.11574402876,-4.76065109966,
    -5.383092505003));
#11232 = CARTESIAN_POINT('',(-21.11873342998,-4.763676439209,
    -5.379881066785));
#11233 = CARTESIAN_POINT('',(-21.12014072468,-4.765102201973,
    -5.378360265821));
#11234 = CARTESIAN_POINT('',(-21.12142410098,-4.766397604224,
    -5.376962486896));
#11235 = CARTESIAN_POINT('',(-21.12225305813,-4.767232236721,
    -5.376057330754));
#11236 = CARTESIAN_POINT('',(-21.12191507926,-4.766895836877,
    -5.376429388096));
#11237 = CARTESIAN_POINT('',(-21.14108150256,-4.786064677092,
    -5.355392288599));
#11238 = CARTESIAN_POINT('',(-21.15010440912,-4.795085308019,
    -5.342786717349));
#11239 = CARTESIAN_POINT('',(-21.1501044093,-4.795085308262,
    -5.339999962802));
#11240 = ORIENTED_EDGE('',*,*,#11066,.F.);
#11241 = ( BOUNDED_SURFACE() B_SPLINE_SURFACE(2,3,(
    (#11242,#11243,#11244,#11245,#11246,#11247,#11248,#11249)
    ,(#11250,#11251,#11252,#11253,#11254,#11255,#11256,#11257)
    ,(#11258,#11259,#11260,#11261,#11262,#11263,#11264,#11265
)),.UNSPECIFIED.,.F.,.F.,.F.) B_SPLINE_SURFACE_WITH_KNOTS((3,3),(4,2,2,4
    ),(0.,1.),(-1.65E-04,-3.000000000002E-05,2.999999999998E-05,1.65E-04
),.UNSPECIFIED.) GEOMETRIC_REPRESENTATION_ITEM() 
RATIONAL_B_SPLINE_SURFACE((
    (1.,1.,1.,1.,1.,1.,1.,1.)
    ,(8.485281374239E-02,8.485281374239E-02,8.485281374239E-02
      ,8.485281374239E-02,8.485281374239E-02,8.485281374239E-02
      ,8.485281374239E-02,8.485281374239E-02)
,(1.,1.,1.,1.,1.,1.,1.,1.))) REPRESENTATION_ITEM('') SURFACE() );
#11242 = CARTESIAN_POINT('',(-20.83510439881,-4.675085311541,
    -5.459999938543));
#11243 = CARTESIAN_POINT('',(-20.88010439881,-4.675085309574,
    -5.45999994051));
#11244 = CARTESIAN_POINT('',(-20.92510439881,-4.675085307607,
    -5.459999942477));
#11245 = CARTESIAN_POINT('',(-20.99010439881,-4.675085304765,
    -5.459999945318));
#11246 = CARTESIAN_POINT('',(-21.01010439881,-4.675085303891,
    -5.459999946192));
#11247 = CARTESIAN_POINT('',(-21.07510439881,-4.67508530105,
    -5.459999949033));
#11248 = CARTESIAN_POINT('',(-21.12010439881,-4.675085299083,
    -5.459999951));
#11249 = CARTESIAN_POINT('',(-21.16510439881,-4.675085297116,
    -5.459999952967));
#11250 = CARTESIAN_POINT('',(-20.83510440406,-4.795085311541,
    -5.459999949033));
#11251 = CARTESIAN_POINT('',(-20.88010440406,-4.795085309574,
    -5.459999951));
#11252 = CARTESIAN_POINT('',(-20.92510440406,-4.795085307607,
    -5.459999952967));
#11253 = CARTESIAN_POINT('',(-20.99010440406,-4.795085304765,
    -5.459999955809));
#11254 = CARTESIAN_POINT('',(-21.01010440406,-4.795085303891,
    -5.459999956683));
#11255 = CARTESIAN_POINT('',(-21.07510440406,-4.79508530105,
    -5.459999959524));
#11256 = CARTESIAN_POINT('',(-21.12010440406,-4.795085299083,
    -5.459999961491));
#11257 = CARTESIAN_POINT('',(-21.16510440406,-4.795085297116,
    -5.459999963458));
#11258 = CARTESIAN_POINT('',(-20.8351044093,-4.795085322031,
    -5.339999949033));
#11259 = CARTESIAN_POINT('',(-20.8801044093,-4.795085320064,-5.339999951
    ));
#11260 = CARTESIAN_POINT('',(-20.9251044093,-4.795085318097,
    -5.339999952967));
#11261 = CARTESIAN_POINT('',(-20.9901044093,-4.795085315256,
    -5.339999955809));
#11262 = CARTESIAN_POINT('',(-21.0101044093,-4.795085314382,
    -5.339999956683));
#11263 = CARTESIAN_POINT('',(-21.0751044093,-4.795085311541,
    -5.339999959524));
#11264 = CARTESIAN_POINT('',(-21.1201044093,-4.795085309574,
    -5.339999961491));
#11265 = CARTESIAN_POINT('',(-21.1651044093,-4.795085307607,
    -5.339999963458));
#11266 = ADVANCED_FACE('',(#11267),#11307,.T.);
#11267 = FACE_BOUND('',#11268,.T.);
#11268 = EDGE_LOOP('',(#11269,#11298,#11299,#11300));
#11269 = ORIENTED_EDGE('',*,*,#11270,.T.);
#11270 = EDGE_CURVE('',#11271,#11078,#11273,.T.);
#11271 = VERTEX_POINT('',#11272);
#11272 = CARTESIAN_POINT('',(-21.15010439619,-4.495085308262,
    -5.339999936576));
#11273 = B_SPLINE_CURVE_WITH_KNOTS('',3,(#11274,#11275,#11276,#11277,
    #11278,#11279,#11280,#11281,#11282,#11283,#11284,#11285,#11286,
    #11287,#11288,#11289,#11290,#11291,#11292,#11293,#11294,#11295,
    #11296,#11297),.UNSPECIFIED.,.F.,.F.,(4,2,2,1,2,2,2,2,2,1,2,2,4),(0.
    ,0.125,0.1875,0.21875,0.234375,0.25,0.5,0.625,0.6875,0.71875,
    0.734375,0.75,1.),.UNSPECIFIED.);
#11274 = CARTESIAN_POINT('',(-21.15010439619,-4.495085308262,
    -5.339999936576));
#11275 = CARTESIAN_POINT('',(-21.15010439613,-4.49508530814,
    -5.341393080132));
#11276 = CARTESIAN_POINT('',(-21.14834734699,-4.497340465481,
    -5.344718259757));
#11277 = CARTESIAN_POINT('',(-21.14162044421,-4.504105937658,
    -5.353652882143));
#11278 = CARTESIAN_POINT('',(-21.1387110691,-4.506924884412,
    -5.357269193319));
#11279 = CARTESIAN_POINT('',(-21.13343515255,-4.511998988597,
    -5.363490905525));
#11280 = CARTESIAN_POINT('',(-21.13057322669,-4.514747461703,
    -5.366797090142));
#11281 = CARTESIAN_POINT('',(-21.12742703443,-4.517813066332,
    -5.370333306015));
#11282 = CARTESIAN_POINT('',(-21.12527429605,-4.519927276424,
    -5.37273304953));
#11283 = CARTESIAN_POINT('',(-21.12343045544,-4.521759283604,
    -5.374766075172));
#11284 = CARTESIAN_POINT('',(-21.11683530096,-4.528353811754,
    -5.382004929971));
#11285 = CARTESIAN_POINT('',(-21.10788046211,-4.537309309148,
    -5.39166911146));
#11286 = CARTESIAN_POINT('',(-21.08597638126,-4.559213284219,
    -5.413479319709));
#11287 = CARTESIAN_POINT('',(-21.07963195828,-4.565421425412,
    -5.41957419176));
#11288 = CARTESIAN_POINT('',(-21.07197627239,-4.573093861453,
    -5.426784627962));
#11289 = CARTESIAN_POINT('',(-21.06972013202,-4.575378044175,
    -5.428879761018));
#11290 = CARTESIAN_POINT('',(-21.06674892186,-4.578394374315,
    -5.43161254182));
#11291 = CARTESIAN_POINT('',(-21.06536607111,-4.5798000534,
    -5.432876823775));
#11292 = CARTESIAN_POINT('',(-21.06412873495,-4.581052003507,
    -5.433999620482));
#11293 = CARTESIAN_POINT('',(-21.06333514192,-4.581852474916,
    -5.434718023109));
#11294 = CARTESIAN_POINT('',(-21.06377913947,-4.581410328116,
    -5.434318836842));
#11295 = CARTESIAN_POINT('',(-21.04352970499,-4.601663706784,
    -5.452560388399));
#11296 = CARTESIAN_POINT('',(-21.03269812584,-4.612491573412,
    -5.459999941706));
#11297 = CARTESIAN_POINT('',(-21.03010439619,-4.615085303017,
    -5.459999941821));
#11298 = ORIENTED_EDGE('',*,*,#11077,.F.);
#11299 = ORIENTED_EDGE('',*,*,#11214,.T.);
#11300 = ORIENTED_EDGE('',*,*,#11301,.F.);
#11301 = EDGE_CURVE('',#11271,#11206,#11302,.T.);
#11302 = B_SPLINE_CURVE_WITH_KNOTS('',3,(#11303,#11304,#11305,#11306),
  .UNSPECIFIED.,.F.,.F.,(4,4),(0.,1.),.PIECEWISE_BEZIER_KNOTS.);
#11303 = CARTESIAN_POINT('',(-21.15010439619,-4.495085308262,
    -5.339999936576));
#11304 = CARTESIAN_POINT('',(-21.15010440056,-4.595085308262,
    -5.339999945318));
#11305 = CARTESIAN_POINT('',(-21.15010440493,-4.695085308262,
    -5.33999995406));
#11306 = CARTESIAN_POINT('',(-21.1501044093,-4.795085308262,
    -5.339999962802));
#11307 = ( BOUNDED_SURFACE() B_SPLINE_SURFACE(2,3,(
    (#11308,#11309,#11310,#11311,#11312,#11313,#11314,#11315)
    ,(#11316,#11317,#11318,#11319,#11320,#11321,#11322,#11323)
    ,(#11324,#11325,#11326,#11327,#11328,#11329,#11330,#11331
)),.UNSPECIFIED.,.F.,.F.,.F.) B_SPLINE_SURFACE_WITH_KNOTS((3,3),(4,2,2,4
    ),(0.,1.),(1.74E-03,1.875E-03,1.935E-03,2.07E-03),.UNSPECIFIED.) 
GEOMETRIC_REPRESENTATION_ITEM() RATIONAL_B_SPLINE_SURFACE((
    (1.,1.,1.,1.,1.,1.,1.,1.)
    ,(8.485281374239E-02,8.485281374239E-02,8.485281374239E-02
      ,8.485281374239E-02,8.485281374239E-02,8.485281374239E-02
      ,8.485281374239E-02,8.485281374239E-02)
,(1.,1.,1.,1.,1.,1.,1.,1.))) REPRESENTATION_ITEM('') SURFACE() );
#11308 = CARTESIAN_POINT('',(-21.03010440471,-4.810085303017,
    -5.459999958868));
#11309 = CARTESIAN_POINT('',(-21.03010440275,-4.765085303017,
    -5.459999954934));
#11310 = CARTESIAN_POINT('',(-21.03010440078,-4.720085303017,
    -5.459999951));
#11311 = CARTESIAN_POINT('',(-21.03010439794,-4.655085303017,
    -5.459999945318));
#11312 = CARTESIAN_POINT('',(-21.03010439707,-4.635085303017,
    -5.459999943569));
#11313 = CARTESIAN_POINT('',(-21.03010439422,-4.570085303017,
    -5.459999937887));
#11314 = CARTESIAN_POINT('',(-21.03010439226,-4.525085303017,
    -5.459999933953));
#11315 = CARTESIAN_POINT('',(-21.03010439029,-4.480085303017,
    -5.459999930019));
#11316 = CARTESIAN_POINT('',(-21.15010440471,-4.810085297772,
    -5.459999964114));
#11317 = CARTESIAN_POINT('',(-21.15010440275,-4.765085297772,
    -5.45999996018));
#11318 = CARTESIAN_POINT('',(-21.15010440078,-4.720085297772,
    -5.459999956246));
#11319 = CARTESIAN_POINT('',(-21.15010439794,-4.655085297772,
    -5.459999950563));
#11320 = CARTESIAN_POINT('',(-21.15010439707,-4.635085297772,
    -5.459999948815));
#11321 = CARTESIAN_POINT('',(-21.15010439422,-4.570085297772,
    -5.459999943132));
#11322 = CARTESIAN_POINT('',(-21.15010439226,-4.525085297772,
    -5.459999939198));
#11323 = CARTESIAN_POINT('',(-21.15010439029,-4.480085297772,
    -5.459999935264));
#11324 = CARTESIAN_POINT('',(-21.15010440996,-4.810085308262,
    -5.339999964114));
#11325 = CARTESIAN_POINT('',(-21.15010440799,-4.765085308262,
    -5.33999996018));
#11326 = CARTESIAN_POINT('',(-21.15010440603,-4.720085308262,
    -5.339999956246));
#11327 = CARTESIAN_POINT('',(-21.15010440318,-4.655085308262,
    -5.339999950563));
#11328 = CARTESIAN_POINT('',(-21.15010440231,-4.635085308262,
    -5.339999948815));
#11329 = CARTESIAN_POINT('',(-21.15010439947,-4.570085308262,
    -5.339999943132));
#11330 = CARTESIAN_POINT('',(-21.1501043975,-4.525085308262,
    -5.339999939198));
#11331 = CARTESIAN_POINT('',(-21.15010439554,-4.480085308262,
    -5.339999935264));
#11332 = ADVANCED_FACE('',(#11333),#11345,.T.);
#11333 = FACE_BOUND('',#11334,.T.);
#11334 = EDGE_LOOP('',(#11335,#11336,#11337,#11338));
#11335 = ORIENTED_EDGE('',*,*,#11140,.T.);
#11336 = ORIENTED_EDGE('',*,*,#11086,.F.);
#11337 = ORIENTED_EDGE('',*,*,#11270,.F.);
#11338 = ORIENTED_EDGE('',*,*,#11339,.F.);
#11339 = EDGE_CURVE('',#11141,#11271,#11340,.T.);
#11340 = B_SPLINE_CURVE_WITH_KNOTS('',3,(#11341,#11342,#11343,#11344),
  .UNSPECIFIED.,.F.,.F.,(4,4),(0.,1.),.PIECEWISE_BEZIER_KNOTS.);
#11341 = CARTESIAN_POINT('',(-20.85010439619,-4.495085321376,
    -5.339999923462));
#11342 = CARTESIAN_POINT('',(-20.95010439619,-4.495085317005,
    -5.339999927833));
#11343 = CARTESIAN_POINT('',(-21.05010439619,-4.495085312633,
    -5.339999932204));
#11344 = CARTESIAN_POINT('',(-21.15010439619,-4.495085308262,
    -5.339999936576));
#11345 = ( BOUNDED_SURFACE() B_SPLINE_SURFACE(2,3,(
    (#11346,#11347,#11348,#11349,#11350,#11351,#11352,#11353)
    ,(#11354,#11355,#11356,#11357,#11358,#11359,#11360,#11361)
    ,(#11362,#11363,#11364,#11365,#11366,#11367,#11368,#11369
)),.UNSPECIFIED.,.F.,.F.,.F.) B_SPLINE_SURFACE_WITH_KNOTS((3,3),(4,2,2,4
    ),(0.,1.),(-1.65E-04,-2.999999999998E-05,3.000000000002E-05,1.65E-04
),.UNSPECIFIED.) GEOMETRIC_REPRESENTATION_ITEM() 
RATIONAL_B_SPLINE_SURFACE((
    (1.,1.,1.,1.,1.,1.,1.,1.)
    ,(8.485281374239E-02,8.485281374239E-02,8.485281374239E-02
      ,8.485281374239E-02,8.485281374239E-02,8.485281374239E-02
      ,8.485281374239E-02,8.485281374239E-02)
,(1.,1.,1.,1.,1.,1.,1.,1.))) REPRESENTATION_ITEM('') SURFACE() );
#11346 = CARTESIAN_POINT('',(-21.16510439619,-4.615085297116,
    -5.459999947722));
#11347 = CARTESIAN_POINT('',(-21.12010439619,-4.615085299083,
    -5.459999945755));
#11348 = CARTESIAN_POINT('',(-21.07510439619,-4.61508530105,
    -5.459999943788));
#11349 = CARTESIAN_POINT('',(-21.01010439619,-4.615085303891,
    -5.459999940947));
#11350 = CARTESIAN_POINT('',(-20.99010439619,-4.615085304765,
    -5.459999940072));
#11351 = CARTESIAN_POINT('',(-20.92510439619,-4.615085307607,
    -5.459999937231));
#11352 = CARTESIAN_POINT('',(-20.88010439619,-4.615085309574,
    -5.459999935264));
#11353 = CARTESIAN_POINT('',(-20.83510439619,-4.615085311541,
    -5.459999933297));
#11354 = CARTESIAN_POINT('',(-21.16510439095,-4.495085297116,
    -5.459999937231));
#11355 = CARTESIAN_POINT('',(-21.12010439095,-4.495085299083,
    -5.459999935264));
#11356 = CARTESIAN_POINT('',(-21.07510439095,-4.49508530105,
    -5.459999933297));
#11357 = CARTESIAN_POINT('',(-21.01010439095,-4.495085303891,
    -5.459999930456));
#11358 = CARTESIAN_POINT('',(-20.99010439095,-4.495085304765,
    -5.459999929582));
#11359 = CARTESIAN_POINT('',(-20.92510439095,-4.495085307607,
    -5.45999992674));
#11360 = CARTESIAN_POINT('',(-20.88010439095,-4.495085309574,
    -5.459999924773));
#11361 = CARTESIAN_POINT('',(-20.83510439095,-4.495085311541,
    -5.459999922806));
#11362 = CARTESIAN_POINT('',(-21.16510439619,-4.495085307607,
    -5.339999937231));
#11363 = CARTESIAN_POINT('',(-21.12010439619,-4.495085309574,
    -5.339999935264));
#11364 = CARTESIAN_POINT('',(-21.07510439619,-4.495085311541,
    -5.339999933297));
#11365 = CARTESIAN_POINT('',(-21.01010439619,-4.495085314382,
    -5.339999930456));
#11366 = CARTESIAN_POINT('',(-20.99010439619,-4.495085315256,
    -5.339999929582));
#11367 = CARTESIAN_POINT('',(-20.92510439619,-4.495085318097,
    -5.33999992674));
#11368 = CARTESIAN_POINT('',(-20.88010439619,-4.495085320064,
    -5.339999924773));
#11369 = CARTESIAN_POINT('',(-20.83510439619,-4.495085322031,
    -5.339999922806));
#11370 = ADVANCED_FACE('',(#11371),#11387,.T.);
#11371 = FACE_BOUND('',#11372,.T.);
#11372 = EDGE_LOOP('',(#11373,#11379,#11380,#11386));
#11373 = ORIENTED_EDGE('',*,*,#11374,.T.);
#11374 = EDGE_CURVE('',#8243,#11141,#11375,.T.);
#11375 = LINE('',#11376,#11377);
#11376 = CARTESIAN_POINT('',(-20.85010470567,-4.495085940329,
    1.740000076538));
#11377 = VECTOR('',#11378,1.);
#11378 = DIRECTION('',(4.371140912996E-08,8.742273203022E-08,-1.));
#11379 = ORIENTED_EDGE('',*,*,#11339,.T.);
#11380 = ORIENTED_EDGE('',*,*,#11381,.F.);
#11381 = EDGE_CURVE('',#8227,#11271,#11382,.T.);
#11382 = LINE('',#11383,#11384);
#11383 = CARTESIAN_POINT('',(-21.15010470567,-4.495085927215,
    1.740000063424));
#11384 = VECTOR('',#11385,1.);
#11385 = DIRECTION('',(4.371140912996E-08,8.742273203022E-08,-1.));
#11386 = ORIENTED_EDGE('',*,*,#8250,.T.);
#11387 = PLANE('',#11388);
#11388 = AXIS2_PLACEMENT_3D('',#11389,#11390,#11391);
#11389 = CARTESIAN_POINT('',(-21.00010470567,-4.495085933772,
    1.740000069981));
#11390 = DIRECTION('',(4.371138828674E-08,1.,8.742273394091E-08));
#11391 = DIRECTION('',(1.,-4.371139210811E-08,4.371140530859E-08));
#11392 = ADVANCED_FACE('',(#11393),#11404,.F.);
#11393 = FACE_BOUND('',#11394,.T.);
#11394 = EDGE_LOOP('',(#11395,#11396,#11397,#11403));
#11395 = ORIENTED_EDGE('',*,*,#11381,.T.);
#11396 = ORIENTED_EDGE('',*,*,#11301,.T.);
#11397 = ORIENTED_EDGE('',*,*,#11398,.F.);
#11398 = EDGE_CURVE('',#8225,#11206,#11399,.T.);
#11399 = LINE('',#11400,#11401);
#11400 = CARTESIAN_POINT('',(-21.15010471878,-4.795085927215,
    1.740000037198));
#11401 = VECTOR('',#11402,1.);
#11402 = DIRECTION('',(4.371140912996E-08,8.742273203022E-08,-1.));
#11403 = ORIENTED_EDGE('',*,*,#8224,.T.);
#11404 = PLANE('',#11405);
#11405 = AXIS2_PLACEMENT_3D('',#11406,#11407,#11408);
#11406 = CARTESIAN_POINT('',(-21.15010479549,-6.550085927215,
    1.739999883771));
#11407 = DIRECTION('',(1.,-4.371139219846E-08,4.371140530859E-08));
#11408 = DIRECTION('',(-4.371138837709E-08,-1.,-8.742273394091E-08));
#11409 = ADVANCED_FACE('',(#11410),#11421,.F.);
#11410 = FACE_BOUND('',#11411,.T.);
#11411 = EDGE_LOOP('',(#11412,#11413,#11414,#11420));
#11412 = ORIENTED_EDGE('',*,*,#11398,.T.);
#11413 = ORIENTED_EDGE('',*,*,#11205,.T.);
#11414 = ORIENTED_EDGE('',*,*,#11415,.F.);
#11415 = EDGE_CURVE('',#8235,#11111,#11416,.T.);
#11416 = LINE('',#11417,#11418);
#11417 = CARTESIAN_POINT('',(-20.85010471878,-4.795085940329,
    1.740000050311));
#11418 = VECTOR('',#11419,1.);
#11419 = DIRECTION('',(4.371140912996E-08,8.742273203022E-08,-1.));
#11420 = ORIENTED_EDGE('',*,*,#8234,.T.);
#11421 = PLANE('',#11422);
#11422 = AXIS2_PLACEMENT_3D('',#11423,#11424,#11425);
#11423 = CARTESIAN_POINT('',(-21.00010471878,-4.795085933772,
    1.740000043754));
#11424 = DIRECTION('',(4.371138900954E-08,1.,8.742273394091E-08));
#11425 = DIRECTION('',(4.371140912996E-08,8.742273203022E-08,-1.));
#11426 = ADVANCED_FACE('',(#11427),#11433,.T.);
#11427 = FACE_BOUND('',#11428,.T.);
#11428 = EDGE_LOOP('',(#11429,#11430,#11431,#11432));
#11429 = ORIENTED_EDGE('',*,*,#11415,.T.);
#11430 = ORIENTED_EDGE('',*,*,#11169,.T.);
#11431 = ORIENTED_EDGE('',*,*,#11374,.F.);
#11432 = ORIENTED_EDGE('',*,*,#8242,.T.);
#11433 = PLANE('',#11434);
#11434 = AXIS2_PLACEMENT_3D('',#11435,#11436,#11437);
#11435 = CARTESIAN_POINT('',(-20.85010479549,-6.550085940329,
    1.739999896884));
#11436 = DIRECTION('',(1.,-4.371139219846E-08,4.371140530859E-08));
#11437 = DIRECTION('',(-4.371138837709E-08,-1.,-8.742273394091E-08));
#11438 = ADVANCED_FACE('',(#11439),#11456,.T.);
#11439 = FACE_BOUND('',#11440,.T.);
#11440 = EDGE_LOOP('',(#11441,#11448,#11455));
#11441 = ORIENTED_EDGE('',*,*,#11442,.F.);
#11442 = EDGE_CURVE('',#8123,#3901,#11443,.T.);
#11443 = CIRCLE('',#11444,5.E-02);
#11444 = AXIS2_PLACEMENT_3D('',#11445,#11446,#11447);
#11445 = CARTESIAN_POINT('',(-21.85010486237,-11.78008557315,
    -1.960000604048));
#11446 = DIRECTION('',(4.371138828674E-08,1.,8.742273394091E-08));
#11447 = DIRECTION('',(1.,-4.371139210811E-08,4.371140530859E-08));
#11448 = ORIENTED_EDGE('',*,*,#11449,.F.);
#11449 = EDGE_CURVE('',#3911,#8123,#11450,.T.);
#11450 = CIRCLE('',#11451,5.E-02);
#11451 = AXIS2_PLACEMENT_3D('',#11452,#11453,#11454);
#11452 = CARTESIAN_POINT('',(-21.85010486237,-11.78008557315,
    -1.960000604048));
#11453 = DIRECTION('',(1.,-4.371139210811E-08,4.371140530859E-08));
#11454 = DIRECTION('',(-4.371138828674E-08,-1.,-8.742273394091E-08));
#11455 = ORIENTED_EDGE('',*,*,#3910,.F.);
#11456 = SPHERICAL_SURFACE('',#11457,5.E-02);
#11457 = AXIS2_PLACEMENT_3D('',#11458,#11459,#11460);
#11458 = CARTESIAN_POINT('',(-21.85010486237,-11.78008557315,
    -1.960000604048));
#11459 = DIRECTION('',(-4.371138828674E-08,-1.,-8.742273394091E-08));
#11460 = DIRECTION('',(1.,-4.371139210811E-08,4.371140530859E-08));
#11461 = ADVANCED_FACE('',(#11462),#11474,.T.);
#11462 = FACE_BOUND('',#11463,.T.);
#11463 = EDGE_LOOP('',(#11464,#11465,#11466,#11473));
#11464 = ORIENTED_EDGE('',*,*,#11449,.T.);
#11465 = ORIENTED_EDGE('',*,*,#8148,.F.);
#11466 = ORIENTED_EDGE('',*,*,#11467,.F.);
#11467 = EDGE_CURVE('',#3985,#8141,#11468,.T.);
#11468 = CIRCLE('',#11469,5.E-02);
#11469 = AXIS2_PLACEMENT_3D('',#11470,#11471,#11472);
#11470 = CARTESIAN_POINT('',(-20.15010486237,-11.78008564746,
    -1.960000529739));
#11471 = DIRECTION('',(1.,-4.371139210811E-08,4.371140530859E-08));
#11472 = DIRECTION('',(-4.371138828674E-08,-1.,-8.742273394091E-08));
#11473 = ORIENTED_EDGE('',*,*,#4091,.F.);
#11474 = CYLINDRICAL_SURFACE('',#11475,5.E-02);
#11475 = AXIS2_PLACEMENT_3D('',#11476,#11477,#11478);
#11476 = CARTESIAN_POINT('',(-21.00010486237,-11.7800856103,
    -1.960000566893));
#11477 = DIRECTION('',(1.,-4.371139210811E-08,4.371140530859E-08));
#11478 = DIRECTION('',(-4.371138828674E-08,-1.,-8.742273394091E-08));
#11479 = ADVANCED_FACE('',(#11480),#11492,.T.);
#11480 = FACE_BOUND('',#11481,.T.);
#11481 = EDGE_LOOP('',(#11482,#11483,#11484,#11491));
#11482 = ORIENTED_EDGE('',*,*,#11442,.T.);
#11483 = ORIENTED_EDGE('',*,*,#4069,.F.);
#11484 = ORIENTED_EDGE('',*,*,#11485,.F.);
#11485 = EDGE_CURVE('',#8125,#3953,#11486,.T.);
#11486 = CIRCLE('',#11487,5.E-02);
#11487 = AXIS2_PLACEMENT_3D('',#11488,#11489,#11490);
#11488 = CARTESIAN_POINT('',(-21.85010440515,-1.320085573153,
    -1.959999689606));
#11489 = DIRECTION('',(4.371138828674E-08,1.,8.742273394091E-08));
#11490 = DIRECTION('',(1.,-4.371139210811E-08,4.371140530859E-08));
#11491 = ORIENTED_EDGE('',*,*,#8122,.F.);
#11492 = CYLINDRICAL_SURFACE('',#11493,5.E-02);
#11493 = AXIS2_PLACEMENT_3D('',#11494,#11495,#11496);
#11494 = CARTESIAN_POINT('',(-21.85010463376,-6.550085573153,
    -1.960000146827));
#11495 = DIRECTION('',(-4.371138828674E-08,-1.,-8.742273394091E-08));
#11496 = DIRECTION('',(-1.,4.371139210811E-08,-4.371140530859E-08));
#11497 = ADVANCED_FACE('',(#11498),#11509,.T.);
#11498 = FACE_BOUND('',#11499,.T.);
#11499 = EDGE_LOOP('',(#11500,#11501,#11502));
#11500 = ORIENTED_EDGE('',*,*,#3994,.F.);
#11501 = ORIENTED_EDGE('',*,*,#11467,.T.);
#11502 = ORIENTED_EDGE('',*,*,#11503,.F.);
#11503 = EDGE_CURVE('',#3995,#8141,#11504,.T.);
#11504 = CIRCLE('',#11505,5.E-02);
#11505 = AXIS2_PLACEMENT_3D('',#11506,#11507,#11508);
#11506 = CARTESIAN_POINT('',(-20.15010486237,-11.78008564746,
    -1.960000529739));
#11507 = DIRECTION('',(4.371138828674E-08,1.,8.742273394091E-08));
#11508 = DIRECTION('',(1.,-4.371139210811E-08,4.371140530859E-08));
#11509 = SPHERICAL_SURFACE('',#11510,5.E-02);
#11510 = AXIS2_PLACEMENT_3D('',#11511,#11512,#11513);
#11511 = CARTESIAN_POINT('',(-20.15010486237,-11.78008564746,
    -1.960000529739));
#11512 = DIRECTION('',(-4.371138828674E-08,-1.,-8.742273394091E-08));
#11513 = DIRECTION('',(1.,-4.371139210811E-08,4.371140530859E-08));
#11514 = ADVANCED_FACE('',(#11515),#11526,.T.);
#11515 = FACE_BOUND('',#11516,.T.);
#11516 = EDGE_LOOP('',(#11517,#11518,#11519));
#11517 = ORIENTED_EDGE('',*,*,#11485,.T.);
#11518 = ORIENTED_EDGE('',*,*,#3952,.F.);
#11519 = ORIENTED_EDGE('',*,*,#11520,.F.);
#11520 = EDGE_CURVE('',#8125,#3943,#11521,.T.);
#11521 = CIRCLE('',#11522,5.E-02);
#11522 = AXIS2_PLACEMENT_3D('',#11523,#11524,#11525);
#11523 = CARTESIAN_POINT('',(-21.85010440515,-1.320085573153,
    -1.959999689606));
#11524 = DIRECTION('',(1.,-4.371139210811E-08,4.371140530859E-08));
#11525 = DIRECTION('',(-4.371138828674E-08,-1.,-8.742273394091E-08));
#11526 = SPHERICAL_SURFACE('',#11527,5.E-02);
#11527 = AXIS2_PLACEMENT_3D('',#11528,#11529,#11530);
#11528 = CARTESIAN_POINT('',(-21.85010440515,-1.320085573153,
    -1.959999689606));
#11529 = DIRECTION('',(-4.371138828674E-08,-1.,-8.742273394091E-08));
#11530 = DIRECTION('',(1.,-4.371139210811E-08,4.371140530859E-08));
#11531 = ADVANCED_FACE('',(#11532),#11544,.T.);
#11532 = FACE_BOUND('',#11533,.T.);
#11533 = EDGE_LOOP('',(#11534,#11535,#11536,#11543));
#11534 = ORIENTED_EDGE('',*,*,#11503,.T.);
#11535 = ORIENTED_EDGE('',*,*,#8140,.F.);
#11536 = ORIENTED_EDGE('',*,*,#11537,.F.);
#11537 = EDGE_CURVE('',#4027,#8133,#11538,.T.);
#11538 = CIRCLE('',#11539,5.E-02);
#11539 = AXIS2_PLACEMENT_3D('',#11540,#11541,#11542);
#11540 = CARTESIAN_POINT('',(-20.15010440515,-1.320085647462,
    -1.959999615297));
#11541 = DIRECTION('',(4.371138828674E-08,1.,8.742273394091E-08));
#11542 = DIRECTION('',(1.,-4.371139210811E-08,4.371140530859E-08));
#11543 = ORIENTED_EDGE('',*,*,#4163,.F.);
#11544 = CYLINDRICAL_SURFACE('',#11545,5.E-02);
#11545 = AXIS2_PLACEMENT_3D('',#11546,#11547,#11548);
#11546 = CARTESIAN_POINT('',(-20.15010463376,-6.550085647462,
    -1.960000072518));
#11547 = DIRECTION('',(4.371138827647E-08,1.,8.742273394091E-08));
#11548 = DIRECTION('',(1.,-4.371139209784E-08,4.371140530859E-08));
#11549 = ADVANCED_FACE('',(#11550),#11562,.T.);
#11550 = FACE_BOUND('',#11551,.T.);
#11551 = EDGE_LOOP('',(#11552,#11553,#11554,#11561));
#11552 = ORIENTED_EDGE('',*,*,#11520,.T.);
#11553 = ORIENTED_EDGE('',*,*,#4185,.F.);
#11554 = ORIENTED_EDGE('',*,*,#11555,.F.);
#11555 = EDGE_CURVE('',#8133,#4037,#11556,.T.);
#11556 = CIRCLE('',#11557,5.E-02);
#11557 = AXIS2_PLACEMENT_3D('',#11558,#11559,#11560);
#11558 = CARTESIAN_POINT('',(-20.15010440515,-1.320085647462,
    -1.959999615297));
#11559 = DIRECTION('',(1.,-4.371139210811E-08,4.371140530859E-08));
#11560 = DIRECTION('',(-4.371138828674E-08,-1.,-8.742273394091E-08));
#11561 = ORIENTED_EDGE('',*,*,#8132,.F.);
#11562 = CYLINDRICAL_SURFACE('',#11563,5.E-02);
#11563 = AXIS2_PLACEMENT_3D('',#11564,#11565,#11566);
#11564 = CARTESIAN_POINT('',(-21.00010440515,-1.320085610308,
    -1.959999652452));
#11565 = DIRECTION('',(-1.,4.371139210811E-08,-4.371140530859E-08));
#11566 = DIRECTION('',(4.371138828674E-08,1.,8.742273394091E-08));
#11567 = ADVANCED_FACE('',(#11568),#11573,.T.);
#11568 = FACE_BOUND('',#11569,.T.);
#11569 = EDGE_LOOP('',(#11570,#11571,#11572));
#11570 = ORIENTED_EDGE('',*,*,#4036,.F.);
#11571 = ORIENTED_EDGE('',*,*,#11537,.T.);
#11572 = ORIENTED_EDGE('',*,*,#11555,.T.);
#11573 = SPHERICAL_SURFACE('',#11574,5.E-02);
#11574 = AXIS2_PLACEMENT_3D('',#11575,#11576,#11577);
#11575 = CARTESIAN_POINT('',(-20.15010440515,-1.320085647462,
    -1.959999615297));
#11576 = DIRECTION('',(-4.371138828674E-08,-1.,-8.742273394091E-08));
#11577 = DIRECTION('',(1.,-4.371139210811E-08,4.371140530859E-08));
#11578 = ( GEOMETRIC_REPRESENTATION_CONTEXT(3) 
GLOBAL_UNCERTAINTY_ASSIGNED_CONTEXT((#11582)) 
GLOBAL_UNIT_ASSIGNED_CONTEXT((#11579,#11580,#11581)) 
REPRESENTATION_CONTEXT('Context #1',
  '3D Context with UNIT and UNCERTAINTY') );
#11579 = ( LENGTH_UNIT() NAMED_UNIT(*) SI_UNIT(.MILLI.,.METRE.) );
#11580 = ( NAMED_UNIT(*) PLANE_ANGLE_UNIT() SI_UNIT($,.RADIAN.) );
#11581 = ( NAMED_UNIT(*) SI_UNIT($,.STERADIAN.) SOLID_ANGLE_UNIT() );
#11582 = UNCERTAINTY_MEASURE_WITH_UNIT(LENGTH_MEASURE(1.E-04),#11579,
  'distance_accuracy_value','confusion accuracy');
#11583 = PRODUCT_RELATED_PRODUCT_CATEGORY('part',$,(#3890));
#11584 = MECHANICAL_DESIGN_GEOMETRIC_PRESENTATION_REPRESENTATION('',(
    #11585,#11593,#11601,#11608,#11615,#11622,#11629,#11636,#11643,
    #11650,#11657,#11664,#11671,#11678,#11685,#11692,#11699,#11706,
    #11713,#11720,#11727,#11734,#11741,#11748,#11755,#11762,#11769,
    #11776,#11783,#11790,#11797,#11804,#11811,#11818,#11825,#11832,
    #11839,#11846,#11853,#11860,#11867,#11874,#11881,#11888,#11895,
    #11902,#11909,#11916,#11923,#11930,#11937,#11944,#11951,#11958,
    #11965,#11972,#11979,#11986,#11993,#12000,#12007,#12014,#12021,
    #12028,#12035,#12042,#12049,#12056,#12063,#12070,#12077,#12084,
    #12091,#12098,#12105,#12112,#12119,#12126,#12133,#12140,#12147,
    #12154,#12161,#12168,#12175,#12182,#12189,#12196,#12203,#12210,
    #12217,#12224,#12231,#12238,#12245,#12252,#12259,#12266,#12273,
    #12280,#12287,#12294,#12301,#12308,#12315,#12322,#12329,#12336,
    #12343,#12350,#12357,#12364,#12371,#12378,#12385,#12392,#12399,
    #12406,#12413,#12420,#12427,#12434,#12441,#12448,#12455,#12462,
    #12469,#12476,#12483,#12490,#12497,#12504,#12511,#12518,#12525,
    #12532,#12539,#12546,#12553,#12560,#12567,#12574,#12581,#12588,
    #12595,#12602,#12609,#12616,#12623,#12630,#12637,#12644,#12651,
    #12658,#12665,#12672,#12679,#12686,#12693,#12700,#12707,#12714,
    #12721,#12728,#12735,#12742,#12749,#12756,#12763,#12770,#12777,
    #12784,#12791,#12798,#12805,#12812,#12819,#12826,#12833,#12840,
    #12847,#12854,#12861,#12868,#12875,#12882,#12889,#12896,#12903),
  #11578);
#11585 = STYLED_ITEM('color',(#11586),#3894);
#11586 = PRESENTATION_STYLE_ASSIGNMENT((#11587));
#11587 = SURFACE_STYLE_USAGE(.BOTH.,#11588);
#11588 = SURFACE_SIDE_STYLE('',(#11589));
#11589 = SURFACE_STYLE_FILL_AREA(#11590);
#11590 = FILL_AREA_STYLE('',(#11591));
#11591 = FILL_AREA_STYLE_COLOUR('',#11592);
#11592 = COLOUR_RGB('',0.866666664203,0.909803911811,1.);
#11593 = OVER_RIDING_STYLED_ITEM('overriding color',(#11594),#3896,
  #11585);
#11594 = PRESENTATION_STYLE_ASSIGNMENT((#11595));
#11595 = SURFACE_STYLE_USAGE(.BOTH.,#11596);
#11596 = SURFACE_SIDE_STYLE('',(#11597));
#11597 = SURFACE_STYLE_FILL_AREA(#11598);
#11598 = FILL_AREA_STYLE('',(#11599));
#11599 = FILL_AREA_STYLE_COLOUR('',#11600);
#11600 = COLOUR_RGB('',0.298039221799,0.298039221799,0.298039221799);
#11601 = OVER_RIDING_STYLED_ITEM('overriding color',(#11602),#3938,
  #11585);
#11602 = PRESENTATION_STYLE_ASSIGNMENT((#11603));
#11603 = SURFACE_STYLE_USAGE(.BOTH.,#11604);
#11604 = SURFACE_SIDE_STYLE('',(#11605));
#11605 = SURFACE_STYLE_FILL_AREA(#11606);
#11606 = FILL_AREA_STYLE('',(#11607));
#11607 = FILL_AREA_STYLE_COLOUR('',#11600);
#11608 = OVER_RIDING_STYLED_ITEM('overriding color',(#11609),#3980,
  #11585);
#11609 = PRESENTATION_STYLE_ASSIGNMENT((#11610));
#11610 = SURFACE_STYLE_USAGE(.BOTH.,#11611);
#11611 = SURFACE_SIDE_STYLE('',(#11612));
#11612 = SURFACE_STYLE_FILL_AREA(#11613);
#11613 = FILL_AREA_STYLE('',(#11614));
#11614 = FILL_AREA_STYLE_COLOUR('',#11600);
#11615 = OVER_RIDING_STYLED_ITEM('overriding color',(#11616),#4022,
  #11585);
#11616 = PRESENTATION_STYLE_ASSIGNMENT((#11617));
#11617 = SURFACE_STYLE_USAGE(.BOTH.,#11618);
#11618 = SURFACE_SIDE_STYLE('',(#11619));
#11619 = SURFACE_STYLE_FILL_AREA(#11620);
#11620 = FILL_AREA_STYLE('',(#11621));
#11621 = FILL_AREA_STYLE_COLOUR('',#11600);
#11622 = OVER_RIDING_STYLED_ITEM('overriding color',(#11623),#4064,
  #11585);
#11623 = PRESENTATION_STYLE_ASSIGNMENT((#11624));
#11624 = SURFACE_STYLE_USAGE(.BOTH.,#11625);
#11625 = SURFACE_SIDE_STYLE('',(#11626));
#11626 = SURFACE_STYLE_FILL_AREA(#11627);
#11627 = FILL_AREA_STYLE('',(#11628));
#11628 = FILL_AREA_STYLE_COLOUR('',#11600);
#11629 = OVER_RIDING_STYLED_ITEM('overriding color',(#11630),#4086,
  #11585);
#11630 = PRESENTATION_STYLE_ASSIGNMENT((#11631));
#11631 = SURFACE_STYLE_USAGE(.BOTH.,#11632);
#11632 = SURFACE_SIDE_STYLE('',(#11633));
#11633 = SURFACE_STYLE_FILL_AREA(#11634);
#11634 = FILL_AREA_STYLE('',(#11635));
#11635 = FILL_AREA_STYLE_COLOUR('',#11600);
#11636 = OVER_RIDING_STYLED_ITEM('overriding color',(#11637),#4158,
  #11585);
#11637 = PRESENTATION_STYLE_ASSIGNMENT((#11638));
#11638 = SURFACE_STYLE_USAGE(.BOTH.,#11639);
#11639 = SURFACE_SIDE_STYLE('',(#11640));
#11640 = SURFACE_STYLE_FILL_AREA(#11641);
#11641 = FILL_AREA_STYLE('',(#11642));
#11642 = FILL_AREA_STYLE_COLOUR('',#11600);
#11643 = OVER_RIDING_STYLED_ITEM('overriding color',(#11644),#4180,
  #11585);
#11644 = PRESENTATION_STYLE_ASSIGNMENT((#11645));
#11645 = SURFACE_STYLE_USAGE(.BOTH.,#11646);
#11646 = SURFACE_SIDE_STYLE('',(#11647));
#11647 = SURFACE_STYLE_FILL_AREA(#11648);
#11648 = FILL_AREA_STYLE('',(#11649));
#11649 = FILL_AREA_STYLE_COLOUR('',#11600);
#11650 = OVER_RIDING_STYLED_ITEM('overriding color',(#11651),#4252,
  #11585);
#11651 = PRESENTATION_STYLE_ASSIGNMENT((#11652));
#11652 = SURFACE_STYLE_USAGE(.BOTH.,#11653);
#11653 = SURFACE_SIDE_STYLE('',(#11654));
#11654 = SURFACE_STYLE_FILL_AREA(#11655);
#11655 = FILL_AREA_STYLE('',(#11656));
#11656 = FILL_AREA_STYLE_COLOUR('',#11592);
#11657 = OVER_RIDING_STYLED_ITEM('overriding color',(#11658),#4356,
  #11585);
#11658 = PRESENTATION_STYLE_ASSIGNMENT((#11659));
#11659 = SURFACE_STYLE_USAGE(.BOTH.,#11660);
#11660 = SURFACE_SIDE_STYLE('',(#11661));
#11661 = SURFACE_STYLE_FILL_AREA(#11662);
#11662 = FILL_AREA_STYLE('',(#11663));
#11663 = FILL_AREA_STYLE_COLOUR('',#11592);
#11664 = OVER_RIDING_STYLED_ITEM('overriding color',(#11665),#4430,
  #11585);
#11665 = PRESENTATION_STYLE_ASSIGNMENT((#11666));
#11666 = SURFACE_STYLE_USAGE(.BOTH.,#11667);
#11667 = SURFACE_SIDE_STYLE('',(#11668));
#11668 = SURFACE_STYLE_FILL_AREA(#11669);
#11669 = FILL_AREA_STYLE('',(#11670));
#11670 = FILL_AREA_STYLE_COLOUR('',#11592);
#11671 = OVER_RIDING_STYLED_ITEM('overriding color',(#11672),#4504,
  #11585);
#11672 = PRESENTATION_STYLE_ASSIGNMENT((#11673));
#11673 = SURFACE_STYLE_USAGE(.BOTH.,#11674);
#11674 = SURFACE_SIDE_STYLE('',(#11675));
#11675 = SURFACE_STYLE_FILL_AREA(#11676);
#11676 = FILL_AREA_STYLE('',(#11677));
#11677 = FILL_AREA_STYLE_COLOUR('',#11592);
#11678 = OVER_RIDING_STYLED_ITEM('overriding color',(#11679),#4548,
  #11585);
#11679 = PRESENTATION_STYLE_ASSIGNMENT((#11680));
#11680 = SURFACE_STYLE_USAGE(.BOTH.,#11681);
#11681 = SURFACE_SIDE_STYLE('',(#11682));
#11682 = SURFACE_STYLE_FILL_AREA(#11683);
#11683 = FILL_AREA_STYLE('',(#11684));
#11684 = FILL_AREA_STYLE_COLOUR('',#11592);
#11685 = OVER_RIDING_STYLED_ITEM('overriding color',(#11686),#4652,
  #11585);
#11686 = PRESENTATION_STYLE_ASSIGNMENT((#11687));
#11687 = SURFACE_STYLE_USAGE(.BOTH.,#11688);
#11688 = SURFACE_SIDE_STYLE('',(#11689));
#11689 = SURFACE_STYLE_FILL_AREA(#11690);
#11690 = FILL_AREA_STYLE('',(#11691));
#11691 = FILL_AREA_STYLE_COLOUR('',#11592);
#11692 = OVER_RIDING_STYLED_ITEM('overriding color',(#11693),#4726,
  #11585);
#11693 = PRESENTATION_STYLE_ASSIGNMENT((#11694));
#11694 = SURFACE_STYLE_USAGE(.BOTH.,#11695);
#11695 = SURFACE_SIDE_STYLE('',(#11696));
#11696 = SURFACE_STYLE_FILL_AREA(#11697);
#11697 = FILL_AREA_STYLE('',(#11698));
#11698 = FILL_AREA_STYLE_COLOUR('',#11592);
#11699 = OVER_RIDING_STYLED_ITEM('overriding color',(#11700),#4800,
  #11585);
#11700 = PRESENTATION_STYLE_ASSIGNMENT((#11701));
#11701 = SURFACE_STYLE_USAGE(.BOTH.,#11702);
#11702 = SURFACE_SIDE_STYLE('',(#11703));
#11703 = SURFACE_STYLE_FILL_AREA(#11704);
#11704 = FILL_AREA_STYLE('',(#11705));
#11705 = FILL_AREA_STYLE_COLOUR('',#11592);
#11706 = OVER_RIDING_STYLED_ITEM('overriding color',(#11707),#4844,
  #11585);
#11707 = PRESENTATION_STYLE_ASSIGNMENT((#11708));
#11708 = SURFACE_STYLE_USAGE(.BOTH.,#11709);
#11709 = SURFACE_SIDE_STYLE('',(#11710));
#11710 = SURFACE_STYLE_FILL_AREA(#11711);
#11711 = FILL_AREA_STYLE('',(#11712));
#11712 = FILL_AREA_STYLE_COLOUR('',#11592);
#11713 = OVER_RIDING_STYLED_ITEM('overriding color',(#11714),#4948,
  #11585);
#11714 = PRESENTATION_STYLE_ASSIGNMENT((#11715));
#11715 = SURFACE_STYLE_USAGE(.BOTH.,#11716);
#11716 = SURFACE_SIDE_STYLE('',(#11717));
#11717 = SURFACE_STYLE_FILL_AREA(#11718);
#11718 = FILL_AREA_STYLE('',(#11719));
#11719 = FILL_AREA_STYLE_COLOUR('',#11592);
#11720 = OVER_RIDING_STYLED_ITEM('overriding color',(#11721),#5022,
  #11585);
#11721 = PRESENTATION_STYLE_ASSIGNMENT((#11722));
#11722 = SURFACE_STYLE_USAGE(.BOTH.,#11723);
#11723 = SURFACE_SIDE_STYLE('',(#11724));
#11724 = SURFACE_STYLE_FILL_AREA(#11725);
#11725 = FILL_AREA_STYLE('',(#11726));
#11726 = FILL_AREA_STYLE_COLOUR('',#11592);
#11727 = OVER_RIDING_STYLED_ITEM('overriding color',(#11728),#5096,
  #11585);
#11728 = PRESENTATION_STYLE_ASSIGNMENT((#11729));
#11729 = SURFACE_STYLE_USAGE(.BOTH.,#11730);
#11730 = SURFACE_SIDE_STYLE('',(#11731));
#11731 = SURFACE_STYLE_FILL_AREA(#11732);
#11732 = FILL_AREA_STYLE('',(#11733));
#11733 = FILL_AREA_STYLE_COLOUR('',#11592);
#11734 = OVER_RIDING_STYLED_ITEM('overriding color',(#11735),#5140,
  #11585);
#11735 = PRESENTATION_STYLE_ASSIGNMENT((#11736));
#11736 = SURFACE_STYLE_USAGE(.BOTH.,#11737);
#11737 = SURFACE_SIDE_STYLE('',(#11738));
#11738 = SURFACE_STYLE_FILL_AREA(#11739);
#11739 = FILL_AREA_STYLE('',(#11740));
#11740 = FILL_AREA_STYLE_COLOUR('',#11592);
#11741 = OVER_RIDING_STYLED_ITEM('overriding color',(#11742),#5244,
  #11585);
#11742 = PRESENTATION_STYLE_ASSIGNMENT((#11743));
#11743 = SURFACE_STYLE_USAGE(.BOTH.,#11744);
#11744 = SURFACE_SIDE_STYLE('',(#11745));
#11745 = SURFACE_STYLE_FILL_AREA(#11746);
#11746 = FILL_AREA_STYLE('',(#11747));
#11747 = FILL_AREA_STYLE_COLOUR('',#11592);
#11748 = OVER_RIDING_STYLED_ITEM('overriding color',(#11749),#5318,
  #11585);
#11749 = PRESENTATION_STYLE_ASSIGNMENT((#11750));
#11750 = SURFACE_STYLE_USAGE(.BOTH.,#11751);
#11751 = SURFACE_SIDE_STYLE('',(#11752));
#11752 = SURFACE_STYLE_FILL_AREA(#11753);
#11753 = FILL_AREA_STYLE('',(#11754));
#11754 = FILL_AREA_STYLE_COLOUR('',#11592);
#11755 = OVER_RIDING_STYLED_ITEM('overriding color',(#11756),#5392,
  #11585);
#11756 = PRESENTATION_STYLE_ASSIGNMENT((#11757));
#11757 = SURFACE_STYLE_USAGE(.BOTH.,#11758);
#11758 = SURFACE_SIDE_STYLE('',(#11759));
#11759 = SURFACE_STYLE_FILL_AREA(#11760);
#11760 = FILL_AREA_STYLE('',(#11761));
#11761 = FILL_AREA_STYLE_COLOUR('',#11592);
#11762 = OVER_RIDING_STYLED_ITEM('overriding color',(#11763),#5436,
  #11585);
#11763 = PRESENTATION_STYLE_ASSIGNMENT((#11764));
#11764 = SURFACE_STYLE_USAGE(.BOTH.,#11765);
#11765 = SURFACE_SIDE_STYLE('',(#11766));
#11766 = SURFACE_STYLE_FILL_AREA(#11767);
#11767 = FILL_AREA_STYLE('',(#11768));
#11768 = FILL_AREA_STYLE_COLOUR('',#11592);
#11769 = OVER_RIDING_STYLED_ITEM('overriding color',(#11770),#5540,
  #11585);
#11770 = PRESENTATION_STYLE_ASSIGNMENT((#11771));
#11771 = SURFACE_STYLE_USAGE(.BOTH.,#11772);
#11772 = SURFACE_SIDE_STYLE('',(#11773));
#11773 = SURFACE_STYLE_FILL_AREA(#11774);
#11774 = FILL_AREA_STYLE('',(#11775));
#11775 = FILL_AREA_STYLE_COLOUR('',#11592);
#11776 = OVER_RIDING_STYLED_ITEM('overriding color',(#11777),#5614,
  #11585);
#11777 = PRESENTATION_STYLE_ASSIGNMENT((#11778));
#11778 = SURFACE_STYLE_USAGE(.BOTH.,#11779);
#11779 = SURFACE_SIDE_STYLE('',(#11780));
#11780 = SURFACE_STYLE_FILL_AREA(#11781);
#11781 = FILL_AREA_STYLE('',(#11782));
#11782 = FILL_AREA_STYLE_COLOUR('',#11592);
#11783 = OVER_RIDING_STYLED_ITEM('overriding color',(#11784),#5688,
  #11585);
#11784 = PRESENTATION_STYLE_ASSIGNMENT((#11785));
#11785 = SURFACE_STYLE_USAGE(.BOTH.,#11786);
#11786 = SURFACE_SIDE_STYLE('',(#11787));
#11787 = SURFACE_STYLE_FILL_AREA(#11788);
#11788 = FILL_AREA_STYLE('',(#11789));
#11789 = FILL_AREA_STYLE_COLOUR('',#11592);
#11790 = OVER_RIDING_STYLED_ITEM('overriding color',(#11791),#5732,
  #11585);
#11791 = PRESENTATION_STYLE_ASSIGNMENT((#11792));
#11792 = SURFACE_STYLE_USAGE(.BOTH.,#11793);
#11793 = SURFACE_SIDE_STYLE('',(#11794));
#11794 = SURFACE_STYLE_FILL_AREA(#11795);
#11795 = FILL_AREA_STYLE('',(#11796));
#11796 = FILL_AREA_STYLE_COLOUR('',#11592);
#11797 = OVER_RIDING_STYLED_ITEM('overriding color',(#11798),#5836,
  #11585);
#11798 = PRESENTATION_STYLE_ASSIGNMENT((#11799));
#11799 = SURFACE_STYLE_USAGE(.BOTH.,#11800);
#11800 = SURFACE_SIDE_STYLE('',(#11801));
#11801 = SURFACE_STYLE_FILL_AREA(#11802);
#11802 = FILL_AREA_STYLE('',(#11803));
#11803 = FILL_AREA_STYLE_COLOUR('',#11592);
#11804 = OVER_RIDING_STYLED_ITEM('overriding color',(#11805),#5910,
  #11585);
#11805 = PRESENTATION_STYLE_ASSIGNMENT((#11806));
#11806 = SURFACE_STYLE_USAGE(.BOTH.,#11807);
#11807 = SURFACE_SIDE_STYLE('',(#11808));
#11808 = SURFACE_STYLE_FILL_AREA(#11809);
#11809 = FILL_AREA_STYLE('',(#11810));
#11810 = FILL_AREA_STYLE_COLOUR('',#11592);
#11811 = OVER_RIDING_STYLED_ITEM('overriding color',(#11812),#5984,
  #11585);
#11812 = PRESENTATION_STYLE_ASSIGNMENT((#11813));
#11813 = SURFACE_STYLE_USAGE(.BOTH.,#11814);
#11814 = SURFACE_SIDE_STYLE('',(#11815));
#11815 = SURFACE_STYLE_FILL_AREA(#11816);
#11816 = FILL_AREA_STYLE('',(#11817));
#11817 = FILL_AREA_STYLE_COLOUR('',#11592);
#11818 = OVER_RIDING_STYLED_ITEM('overriding color',(#11819),#6028,
  #11585);
#11819 = PRESENTATION_STYLE_ASSIGNMENT((#11820));
#11820 = SURFACE_STYLE_USAGE(.BOTH.,#11821);
#11821 = SURFACE_SIDE_STYLE('',(#11822));
#11822 = SURFACE_STYLE_FILL_AREA(#11823);
#11823 = FILL_AREA_STYLE('',(#11824));
#11824 = FILL_AREA_STYLE_COLOUR('',#11592);
#11825 = OVER_RIDING_STYLED_ITEM('overriding color',(#11826),#6132,
  #11585);
#11826 = PRESENTATION_STYLE_ASSIGNMENT((#11827));
#11827 = SURFACE_STYLE_USAGE(.BOTH.,#11828);
#11828 = SURFACE_SIDE_STYLE('',(#11829));
#11829 = SURFACE_STYLE_FILL_AREA(#11830);
#11830 = FILL_AREA_STYLE('',(#11831));
#11831 = FILL_AREA_STYLE_COLOUR('',#11592);
#11832 = OVER_RIDING_STYLED_ITEM('overriding color',(#11833),#6206,
  #11585);
#11833 = PRESENTATION_STYLE_ASSIGNMENT((#11834));
#11834 = SURFACE_STYLE_USAGE(.BOTH.,#11835);
#11835 = SURFACE_SIDE_STYLE('',(#11836));
#11836 = SURFACE_STYLE_FILL_AREA(#11837);
#11837 = FILL_AREA_STYLE('',(#11838));
#11838 = FILL_AREA_STYLE_COLOUR('',#11592);
#11839 = OVER_RIDING_STYLED_ITEM('overriding color',(#11840),#6280,
  #11585);
#11840 = PRESENTATION_STYLE_ASSIGNMENT((#11841));
#11841 = SURFACE_STYLE_USAGE(.BOTH.,#11842);
#11842 = SURFACE_SIDE_STYLE('',(#11843));
#11843 = SURFACE_STYLE_FILL_AREA(#11844);
#11844 = FILL_AREA_STYLE('',(#11845));
#11845 = FILL_AREA_STYLE_COLOUR('',#11592);
#11846 = OVER_RIDING_STYLED_ITEM('overriding color',(#11847),#6324,
  #11585);
#11847 = PRESENTATION_STYLE_ASSIGNMENT((#11848));
#11848 = SURFACE_STYLE_USAGE(.BOTH.,#11849);
#11849 = SURFACE_SIDE_STYLE('',(#11850));
#11850 = SURFACE_STYLE_FILL_AREA(#11851);
#11851 = FILL_AREA_STYLE('',(#11852));
#11852 = FILL_AREA_STYLE_COLOUR('',#11592);
#11853 = OVER_RIDING_STYLED_ITEM('overriding color',(#11854),#6428,
  #11585);
#11854 = PRESENTATION_STYLE_ASSIGNMENT((#11855));
#11855 = SURFACE_STYLE_USAGE(.BOTH.,#11856);
#11856 = SURFACE_SIDE_STYLE('',(#11857));
#11857 = SURFACE_STYLE_FILL_AREA(#11858);
#11858 = FILL_AREA_STYLE('',(#11859));
#11859 = FILL_AREA_STYLE_COLOUR('',#11592);
#11860 = OVER_RIDING_STYLED_ITEM('overriding color',(#11861),#6502,
  #11585);
#11861 = PRESENTATION_STYLE_ASSIGNMENT((#11862));
#11862 = SURFACE_STYLE_USAGE(.BOTH.,#11863);
#11863 = SURFACE_SIDE_STYLE('',(#11864));
#11864 = SURFACE_STYLE_FILL_AREA(#11865);
#11865 = FILL_AREA_STYLE('',(#11866));
#11866 = FILL_AREA_STYLE_COLOUR('',#11592);
#11867 = OVER_RIDING_STYLED_ITEM('overriding color',(#11868),#6576,
  #11585);
#11868 = PRESENTATION_STYLE_ASSIGNMENT((#11869));
#11869 = SURFACE_STYLE_USAGE(.BOTH.,#11870);
#11870 = SURFACE_SIDE_STYLE('',(#11871));
#11871 = SURFACE_STYLE_FILL_AREA(#11872);
#11872 = FILL_AREA_STYLE('',(#11873));
#11873 = FILL_AREA_STYLE_COLOUR('',#11592);
#11874 = OVER_RIDING_STYLED_ITEM('overriding color',(#11875),#6620,
  #11585);
#11875 = PRESENTATION_STYLE_ASSIGNMENT((#11876));
#11876 = SURFACE_STYLE_USAGE(.BOTH.,#11877);
#11877 = SURFACE_SIDE_STYLE('',(#11878));
#11878 = SURFACE_STYLE_FILL_AREA(#11879);
#11879 = FILL_AREA_STYLE('',(#11880));
#11880 = FILL_AREA_STYLE_COLOUR('',#11592);
#11881 = OVER_RIDING_STYLED_ITEM('overriding color',(#11882),#6651,
  #11585);
#11882 = PRESENTATION_STYLE_ASSIGNMENT((#11883));
#11883 = SURFACE_STYLE_USAGE(.BOTH.,#11884);
#11884 = SURFACE_SIDE_STYLE('',(#11885));
#11885 = SURFACE_STYLE_FILL_AREA(#11886);
#11886 = FILL_AREA_STYLE('',(#11887));
#11887 = FILL_AREA_STYLE_COLOUR('',#11592);
#11888 = OVER_RIDING_STYLED_ITEM('overriding color',(#11889),#6675,
  #11585);
#11889 = PRESENTATION_STYLE_ASSIGNMENT((#11890));
#11890 = SURFACE_STYLE_USAGE(.BOTH.,#11891);
#11891 = SURFACE_SIDE_STYLE('',(#11892));
#11892 = SURFACE_STYLE_FILL_AREA(#11893);
#11893 = FILL_AREA_STYLE('',(#11894));
#11894 = FILL_AREA_STYLE_COLOUR('',#11592);
#11895 = OVER_RIDING_STYLED_ITEM('overriding color',(#11896),#6699,
  #11585);
#11896 = PRESENTATION_STYLE_ASSIGNMENT((#11897));
#11897 = SURFACE_STYLE_USAGE(.BOTH.,#11898);
#11898 = SURFACE_SIDE_STYLE('',(#11899));
#11899 = SURFACE_STYLE_FILL_AREA(#11900);
#11900 = FILL_AREA_STYLE('',(#11901));
#11901 = FILL_AREA_STYLE_COLOUR('',#11592);
#11902 = OVER_RIDING_STYLED_ITEM('overriding color',(#11903),#6716,
  #11585);
#11903 = PRESENTATION_STYLE_ASSIGNMENT((#11904));
#11904 = SURFACE_STYLE_USAGE(.BOTH.,#11905);
#11905 = SURFACE_SIDE_STYLE('',(#11906));
#11906 = SURFACE_STYLE_FILL_AREA(#11907);
#11907 = FILL_AREA_STYLE('',(#11908));
#11908 = FILL_AREA_STYLE_COLOUR('',#11592);
#11909 = OVER_RIDING_STYLED_ITEM('overriding color',(#11910),#6728,
  #11585);
#11910 = PRESENTATION_STYLE_ASSIGNMENT((#11911));
#11911 = SURFACE_STYLE_USAGE(.BOTH.,#11912);
#11912 = SURFACE_SIDE_STYLE('',(#11913));
#11913 = SURFACE_STYLE_FILL_AREA(#11914);
#11914 = FILL_AREA_STYLE('',(#11915));
#11915 = FILL_AREA_STYLE_COLOUR('',#11592);
#11916 = OVER_RIDING_STYLED_ITEM('overriding color',(#11917),#6759,
  #11585);
#11917 = PRESENTATION_STYLE_ASSIGNMENT((#11918));
#11918 = SURFACE_STYLE_USAGE(.BOTH.,#11919);
#11919 = SURFACE_SIDE_STYLE('',(#11920));
#11920 = SURFACE_STYLE_FILL_AREA(#11921);
#11921 = FILL_AREA_STYLE('',(#11922));
#11922 = FILL_AREA_STYLE_COLOUR('',#11592);
#11923 = OVER_RIDING_STYLED_ITEM('overriding color',(#11924),#6783,
  #11585);
#11924 = PRESENTATION_STYLE_ASSIGNMENT((#11925));
#11925 = SURFACE_STYLE_USAGE(.BOTH.,#11926);
#11926 = SURFACE_SIDE_STYLE('',(#11927));
#11927 = SURFACE_STYLE_FILL_AREA(#11928);
#11928 = FILL_AREA_STYLE('',(#11929));
#11929 = FILL_AREA_STYLE_COLOUR('',#11592);
#11930 = OVER_RIDING_STYLED_ITEM('overriding color',(#11931),#6807,
  #11585);
#11931 = PRESENTATION_STYLE_ASSIGNMENT((#11932));
#11932 = SURFACE_STYLE_USAGE(.BOTH.,#11933);
#11933 = SURFACE_SIDE_STYLE('',(#11934));
#11934 = SURFACE_STYLE_FILL_AREA(#11935);
#11935 = FILL_AREA_STYLE('',(#11936));
#11936 = FILL_AREA_STYLE_COLOUR('',#11592);
#11937 = OVER_RIDING_STYLED_ITEM('overriding color',(#11938),#6824,
  #11585);
#11938 = PRESENTATION_STYLE_ASSIGNMENT((#11939));
#11939 = SURFACE_STYLE_USAGE(.BOTH.,#11940);
#11940 = SURFACE_SIDE_STYLE('',(#11941));
#11941 = SURFACE_STYLE_FILL_AREA(#11942);
#11942 = FILL_AREA_STYLE('',(#11943));
#11943 = FILL_AREA_STYLE_COLOUR('',#11592);
#11944 = OVER_RIDING_STYLED_ITEM('overriding color',(#11945),#6836,
  #11585);
#11945 = PRESENTATION_STYLE_ASSIGNMENT((#11946));
#11946 = SURFACE_STYLE_USAGE(.BOTH.,#11947);
#11947 = SURFACE_SIDE_STYLE('',(#11948));
#11948 = SURFACE_STYLE_FILL_AREA(#11949);
#11949 = FILL_AREA_STYLE('',(#11950));
#11950 = FILL_AREA_STYLE_COLOUR('',#11592);
#11951 = OVER_RIDING_STYLED_ITEM('overriding color',(#11952),#6867,
  #11585);
#11952 = PRESENTATION_STYLE_ASSIGNMENT((#11953));
#11953 = SURFACE_STYLE_USAGE(.BOTH.,#11954);
#11954 = SURFACE_SIDE_STYLE('',(#11955));
#11955 = SURFACE_STYLE_FILL_AREA(#11956);
#11956 = FILL_AREA_STYLE('',(#11957));
#11957 = FILL_AREA_STYLE_COLOUR('',#11592);
#11958 = OVER_RIDING_STYLED_ITEM('overriding color',(#11959),#6891,
  #11585);
#11959 = PRESENTATION_STYLE_ASSIGNMENT((#11960));
#11960 = SURFACE_STYLE_USAGE(.BOTH.,#11961);
#11961 = SURFACE_SIDE_STYLE('',(#11962));
#11962 = SURFACE_STYLE_FILL_AREA(#11963);
#11963 = FILL_AREA_STYLE('',(#11964));
#11964 = FILL_AREA_STYLE_COLOUR('',#11592);
#11965 = OVER_RIDING_STYLED_ITEM('overriding color',(#11966),#6915,
  #11585);
#11966 = PRESENTATION_STYLE_ASSIGNMENT((#11967));
#11967 = SURFACE_STYLE_USAGE(.BOTH.,#11968);
#11968 = SURFACE_SIDE_STYLE('',(#11969));
#11969 = SURFACE_STYLE_FILL_AREA(#11970);
#11970 = FILL_AREA_STYLE('',(#11971));
#11971 = FILL_AREA_STYLE_COLOUR('',#11592);
#11972 = OVER_RIDING_STYLED_ITEM('overriding color',(#11973),#6932,
  #11585);
#11973 = PRESENTATION_STYLE_ASSIGNMENT((#11974));
#11974 = SURFACE_STYLE_USAGE(.BOTH.,#11975);
#11975 = SURFACE_SIDE_STYLE('',(#11976));
#11976 = SURFACE_STYLE_FILL_AREA(#11977);
#11977 = FILL_AREA_STYLE('',(#11978));
#11978 = FILL_AREA_STYLE_COLOUR('',#11592);
#11979 = OVER_RIDING_STYLED_ITEM('overriding color',(#11980),#6944,
  #11585);
#11980 = PRESENTATION_STYLE_ASSIGNMENT((#11981));
#11981 = SURFACE_STYLE_USAGE(.BOTH.,#11982);
#11982 = SURFACE_SIDE_STYLE('',(#11983));
#11983 = SURFACE_STYLE_FILL_AREA(#11984);
#11984 = FILL_AREA_STYLE('',(#11985));
#11985 = FILL_AREA_STYLE_COLOUR('',#11592);
#11986 = OVER_RIDING_STYLED_ITEM('overriding color',(#11987),#6975,
  #11585);
#11987 = PRESENTATION_STYLE_ASSIGNMENT((#11988));
#11988 = SURFACE_STYLE_USAGE(.BOTH.,#11989);
#11989 = SURFACE_SIDE_STYLE('',(#11990));
#11990 = SURFACE_STYLE_FILL_AREA(#11991);
#11991 = FILL_AREA_STYLE('',(#11992));
#11992 = FILL_AREA_STYLE_COLOUR('',#11592);
#11993 = OVER_RIDING_STYLED_ITEM('overriding color',(#11994),#6999,
  #11585);
#11994 = PRESENTATION_STYLE_ASSIGNMENT((#11995));
#11995 = SURFACE_STYLE_USAGE(.BOTH.,#11996);
#11996 = SURFACE_SIDE_STYLE('',(#11997));
#11997 = SURFACE_STYLE_FILL_AREA(#11998);
#11998 = FILL_AREA_STYLE('',(#11999));
#11999 = FILL_AREA_STYLE_COLOUR('',#11592);
#12000 = OVER_RIDING_STYLED_ITEM('overriding color',(#12001),#7023,
  #11585);
#12001 = PRESENTATION_STYLE_ASSIGNMENT((#12002));
#12002 = SURFACE_STYLE_USAGE(.BOTH.,#12003);
#12003 = SURFACE_SIDE_STYLE('',(#12004));
#12004 = SURFACE_STYLE_FILL_AREA(#12005);
#12005 = FILL_AREA_STYLE('',(#12006));
#12006 = FILL_AREA_STYLE_COLOUR('',#11592);
#12007 = OVER_RIDING_STYLED_ITEM('overriding color',(#12008),#7040,
  #11585);
#12008 = PRESENTATION_STYLE_ASSIGNMENT((#12009));
#12009 = SURFACE_STYLE_USAGE(.BOTH.,#12010);
#12010 = SURFACE_SIDE_STYLE('',(#12011));
#12011 = SURFACE_STYLE_FILL_AREA(#12012);
#12012 = FILL_AREA_STYLE('',(#12013));
#12013 = FILL_AREA_STYLE_COLOUR('',#11592);
#12014 = OVER_RIDING_STYLED_ITEM('overriding color',(#12015),#7052,
  #11585);
#12015 = PRESENTATION_STYLE_ASSIGNMENT((#12016));
#12016 = SURFACE_STYLE_USAGE(.BOTH.,#12017);
#12017 = SURFACE_SIDE_STYLE('',(#12018));
#12018 = SURFACE_STYLE_FILL_AREA(#12019);
#12019 = FILL_AREA_STYLE('',(#12020));
#12020 = FILL_AREA_STYLE_COLOUR('',#11592);
#12021 = OVER_RIDING_STYLED_ITEM('overriding color',(#12022),#7083,
  #11585);
#12022 = PRESENTATION_STYLE_ASSIGNMENT((#12023));
#12023 = SURFACE_STYLE_USAGE(.BOTH.,#12024);
#12024 = SURFACE_SIDE_STYLE('',(#12025));
#12025 = SURFACE_STYLE_FILL_AREA(#12026);
#12026 = FILL_AREA_STYLE('',(#12027));
#12027 = FILL_AREA_STYLE_COLOUR('',#11592);
#12028 = OVER_RIDING_STYLED_ITEM('overriding color',(#12029),#7107,
  #11585);
#12029 = PRESENTATION_STYLE_ASSIGNMENT((#12030));
#12030 = SURFACE_STYLE_USAGE(.BOTH.,#12031);
#12031 = SURFACE_SIDE_STYLE('',(#12032));
#12032 = SURFACE_STYLE_FILL_AREA(#12033);
#12033 = FILL_AREA_STYLE('',(#12034));
#12034 = FILL_AREA_STYLE_COLOUR('',#11592);
#12035 = OVER_RIDING_STYLED_ITEM('overriding color',(#12036),#7131,
  #11585);
#12036 = PRESENTATION_STYLE_ASSIGNMENT((#12037));
#12037 = SURFACE_STYLE_USAGE(.BOTH.,#12038);
#12038 = SURFACE_SIDE_STYLE('',(#12039));
#12039 = SURFACE_STYLE_FILL_AREA(#12040);
#12040 = FILL_AREA_STYLE('',(#12041));
#12041 = FILL_AREA_STYLE_COLOUR('',#11592);
#12042 = OVER_RIDING_STYLED_ITEM('overriding color',(#12043),#7148,
  #11585);
#12043 = PRESENTATION_STYLE_ASSIGNMENT((#12044));
#12044 = SURFACE_STYLE_USAGE(.BOTH.,#12045);
#12045 = SURFACE_SIDE_STYLE('',(#12046));
#12046 = SURFACE_STYLE_FILL_AREA(#12047);
#12047 = FILL_AREA_STYLE('',(#12048));
#12048 = FILL_AREA_STYLE_COLOUR('',#11592);
#12049 = OVER_RIDING_STYLED_ITEM('overriding color',(#12050),#7160,
  #11585);
#12050 = PRESENTATION_STYLE_ASSIGNMENT((#12051));
#12051 = SURFACE_STYLE_USAGE(.BOTH.,#12052);
#12052 = SURFACE_SIDE_STYLE('',(#12053));
#12053 = SURFACE_STYLE_FILL_AREA(#12054);
#12054 = FILL_AREA_STYLE('',(#12055));
#12055 = FILL_AREA_STYLE_COLOUR('',#11592);
#12056 = OVER_RIDING_STYLED_ITEM('overriding color',(#12057),#7191,
  #11585);
#12057 = PRESENTATION_STYLE_ASSIGNMENT((#12058));
#12058 = SURFACE_STYLE_USAGE(.BOTH.,#12059);
#12059 = SURFACE_SIDE_STYLE('',(#12060));
#12060 = SURFACE_STYLE_FILL_AREA(#12061);
#12061 = FILL_AREA_STYLE('',(#12062));
#12062 = FILL_AREA_STYLE_COLOUR('',#11592);
#12063 = OVER_RIDING_STYLED_ITEM('overriding color',(#12064),#7215,
  #11585);
#12064 = PRESENTATION_STYLE_ASSIGNMENT((#12065));
#12065 = SURFACE_STYLE_USAGE(.BOTH.,#12066);
#12066 = SURFACE_SIDE_STYLE('',(#12067));
#12067 = SURFACE_STYLE_FILL_AREA(#12068);
#12068 = FILL_AREA_STYLE('',(#12069));
#12069 = FILL_AREA_STYLE_COLOUR('',#11592);
#12070 = OVER_RIDING_STYLED_ITEM('overriding color',(#12071),#7239,
  #11585);
#12071 = PRESENTATION_STYLE_ASSIGNMENT((#12072));
#12072 = SURFACE_STYLE_USAGE(.BOTH.,#12073);
#12073 = SURFACE_SIDE_STYLE('',(#12074));
#12074 = SURFACE_STYLE_FILL_AREA(#12075);
#12075 = FILL_AREA_STYLE('',(#12076));
#12076 = FILL_AREA_STYLE_COLOUR('',#11592);
#12077 = OVER_RIDING_STYLED_ITEM('overriding color',(#12078),#7256,
  #11585);
#12078 = PRESENTATION_STYLE_ASSIGNMENT((#12079));
#12079 = SURFACE_STYLE_USAGE(.BOTH.,#12080);
#12080 = SURFACE_SIDE_STYLE('',(#12081));
#12081 = SURFACE_STYLE_FILL_AREA(#12082);
#12082 = FILL_AREA_STYLE('',(#12083));
#12083 = FILL_AREA_STYLE_COLOUR('',#11592);
#12084 = OVER_RIDING_STYLED_ITEM('overriding color',(#12085),#7268,
  #11585);
#12085 = PRESENTATION_STYLE_ASSIGNMENT((#12086));
#12086 = SURFACE_STYLE_USAGE(.BOTH.,#12087);
#12087 = SURFACE_SIDE_STYLE('',(#12088));
#12088 = SURFACE_STYLE_FILL_AREA(#12089);
#12089 = FILL_AREA_STYLE('',(#12090));
#12090 = FILL_AREA_STYLE_COLOUR('',#11592);
#12091 = OVER_RIDING_STYLED_ITEM('overriding color',(#12092),#7299,
  #11585);
#12092 = PRESENTATION_STYLE_ASSIGNMENT((#12093));
#12093 = SURFACE_STYLE_USAGE(.BOTH.,#12094);
#12094 = SURFACE_SIDE_STYLE('',(#12095));
#12095 = SURFACE_STYLE_FILL_AREA(#12096);
#12096 = FILL_AREA_STYLE('',(#12097));
#12097 = FILL_AREA_STYLE_COLOUR('',#11592);
#12098 = OVER_RIDING_STYLED_ITEM('overriding color',(#12099),#7323,
  #11585);
#12099 = PRESENTATION_STYLE_ASSIGNMENT((#12100));
#12100 = SURFACE_STYLE_USAGE(.BOTH.,#12101);
#12101 = SURFACE_SIDE_STYLE('',(#12102));
#12102 = SURFACE_STYLE_FILL_AREA(#12103);
#12103 = FILL_AREA_STYLE('',(#12104));
#12104 = FILL_AREA_STYLE_COLOUR('',#11592);
#12105 = OVER_RIDING_STYLED_ITEM('overriding color',(#12106),#7347,
  #11585);
#12106 = PRESENTATION_STYLE_ASSIGNMENT((#12107));
#12107 = SURFACE_STYLE_USAGE(.BOTH.,#12108);
#12108 = SURFACE_SIDE_STYLE('',(#12109));
#12109 = SURFACE_STYLE_FILL_AREA(#12110);
#12110 = FILL_AREA_STYLE('',(#12111));
#12111 = FILL_AREA_STYLE_COLOUR('',#11592);
#12112 = OVER_RIDING_STYLED_ITEM('overriding color',(#12113),#7364,
  #11585);
#12113 = PRESENTATION_STYLE_ASSIGNMENT((#12114));
#12114 = SURFACE_STYLE_USAGE(.BOTH.,#12115);
#12115 = SURFACE_SIDE_STYLE('',(#12116));
#12116 = SURFACE_STYLE_FILL_AREA(#12117);
#12117 = FILL_AREA_STYLE('',(#12118));
#12118 = FILL_AREA_STYLE_COLOUR('',#11592);
#12119 = OVER_RIDING_STYLED_ITEM('overriding color',(#12120),#7376,
  #11585);
#12120 = PRESENTATION_STYLE_ASSIGNMENT((#12121));
#12121 = SURFACE_STYLE_USAGE(.BOTH.,#12122);
#12122 = SURFACE_SIDE_STYLE('',(#12123));
#12123 = SURFACE_STYLE_FILL_AREA(#12124);
#12124 = FILL_AREA_STYLE('',(#12125));
#12125 = FILL_AREA_STYLE_COLOUR('',#11592);
#12126 = OVER_RIDING_STYLED_ITEM('overriding color',(#12127),#7407,
  #11585);
#12127 = PRESENTATION_STYLE_ASSIGNMENT((#12128));
#12128 = SURFACE_STYLE_USAGE(.BOTH.,#12129);
#12129 = SURFACE_SIDE_STYLE('',(#12130));
#12130 = SURFACE_STYLE_FILL_AREA(#12131);
#12131 = FILL_AREA_STYLE('',(#12132));
#12132 = FILL_AREA_STYLE_COLOUR('',#11592);
#12133 = OVER_RIDING_STYLED_ITEM('overriding color',(#12134),#7431,
  #11585);
#12134 = PRESENTATION_STYLE_ASSIGNMENT((#12135));
#12135 = SURFACE_STYLE_USAGE(.BOTH.,#12136);
#12136 = SURFACE_SIDE_STYLE('',(#12137));
#12137 = SURFACE_STYLE_FILL_AREA(#12138);
#12138 = FILL_AREA_STYLE('',(#12139));
#12139 = FILL_AREA_STYLE_COLOUR('',#11592);
#12140 = OVER_RIDING_STYLED_ITEM('overriding color',(#12141),#7455,
  #11585);
#12141 = PRESENTATION_STYLE_ASSIGNMENT((#12142));
#12142 = SURFACE_STYLE_USAGE(.BOTH.,#12143);
#12143 = SURFACE_SIDE_STYLE('',(#12144));
#12144 = SURFACE_STYLE_FILL_AREA(#12145);
#12145 = FILL_AREA_STYLE('',(#12146));
#12146 = FILL_AREA_STYLE_COLOUR('',#11592);
#12147 = OVER_RIDING_STYLED_ITEM('overriding color',(#12148),#7472,
  #11585);
#12148 = PRESENTATION_STYLE_ASSIGNMENT((#12149));
#12149 = SURFACE_STYLE_USAGE(.BOTH.,#12150);
#12150 = SURFACE_SIDE_STYLE('',(#12151));
#12151 = SURFACE_STYLE_FILL_AREA(#12152);
#12152 = FILL_AREA_STYLE('',(#12153));
#12153 = FILL_AREA_STYLE_COLOUR('',#11592);
#12154 = OVER_RIDING_STYLED_ITEM('overriding color',(#12155),#7484,
  #11585);
#12155 = PRESENTATION_STYLE_ASSIGNMENT((#12156));
#12156 = SURFACE_STYLE_USAGE(.BOTH.,#12157);
#12157 = SURFACE_SIDE_STYLE('',(#12158));
#12158 = SURFACE_STYLE_FILL_AREA(#12159);
#12159 = FILL_AREA_STYLE('',(#12160));
#12160 = FILL_AREA_STYLE_COLOUR('',#11600);
#12161 = OVER_RIDING_STYLED_ITEM('overriding color',(#12162),#7526,
  #11585);
#12162 = PRESENTATION_STYLE_ASSIGNMENT((#12163));
#12163 = SURFACE_STYLE_USAGE(.BOTH.,#12164);
#12164 = SURFACE_SIDE_STYLE('',(#12165));
#12165 = SURFACE_STYLE_FILL_AREA(#12166);
#12166 = FILL_AREA_STYLE('',(#12167));
#12167 = FILL_AREA_STYLE_COLOUR('',#11600);
#12168 = OVER_RIDING_STYLED_ITEM('overriding color',(#12169),#7550,
  #11585);
#12169 = PRESENTATION_STYLE_ASSIGNMENT((#12170));
#12170 = SURFACE_STYLE_USAGE(.BOTH.,#12171);
#12171 = SURFACE_SIDE_STYLE('',(#12172));
#12172 = SURFACE_STYLE_FILL_AREA(#12173);
#12173 = FILL_AREA_STYLE('',(#12174));
#12174 = FILL_AREA_STYLE_COLOUR('',#11600);
#12175 = OVER_RIDING_STYLED_ITEM('overriding color',(#12176),#7574,
  #11585);
#12176 = PRESENTATION_STYLE_ASSIGNMENT((#12177));
#12177 = SURFACE_STYLE_USAGE(.BOTH.,#12178);
#12178 = SURFACE_SIDE_STYLE('',(#12179));
#12179 = SURFACE_STYLE_FILL_AREA(#12180);
#12180 = FILL_AREA_STYLE('',(#12181));
#12181 = FILL_AREA_STYLE_COLOUR('',#11600);
#12182 = OVER_RIDING_STYLED_ITEM('overriding color',(#12183),#7599,
  #11585);
#12183 = PRESENTATION_STYLE_ASSIGNMENT((#12184));
#12184 = SURFACE_STYLE_USAGE(.BOTH.,#12185);
#12185 = SURFACE_SIDE_STYLE('',(#12186));
#12186 = SURFACE_STYLE_FILL_AREA(#12187);
#12187 = FILL_AREA_STYLE('',(#12188));
#12188 = FILL_AREA_STYLE_COLOUR('',#11600);
#12189 = OVER_RIDING_STYLED_ITEM('overriding color',(#12190),#7624,
  #11585);
#12190 = PRESENTATION_STYLE_ASSIGNMENT((#12191));
#12191 = SURFACE_STYLE_USAGE(.BOTH.,#12192);
#12192 = SURFACE_SIDE_STYLE('',(#12193));
#12193 = SURFACE_STYLE_FILL_AREA(#12194);
#12194 = FILL_AREA_STYLE('',(#12195));
#12195 = FILL_AREA_STYLE_COLOUR('',#11600);
#12196 = OVER_RIDING_STYLED_ITEM('overriding color',(#12197),#7649,
  #11585);
#12197 = PRESENTATION_STYLE_ASSIGNMENT((#12198));
#12198 = SURFACE_STYLE_USAGE(.BOTH.,#12199);
#12199 = SURFACE_SIDE_STYLE('',(#12200));
#12200 = SURFACE_STYLE_FILL_AREA(#12201);
#12201 = FILL_AREA_STYLE('',(#12202));
#12202 = FILL_AREA_STYLE_COLOUR('',#11600);
#12203 = OVER_RIDING_STYLED_ITEM('overriding color',(#12204),#7674,
  #11585);
#12204 = PRESENTATION_STYLE_ASSIGNMENT((#12205));
#12205 = SURFACE_STYLE_USAGE(.BOTH.,#12206);
#12206 = SURFACE_SIDE_STYLE('',(#12207));
#12207 = SURFACE_STYLE_FILL_AREA(#12208);
#12208 = FILL_AREA_STYLE('',(#12209));
#12209 = FILL_AREA_STYLE_COLOUR('',#11600);
#12210 = OVER_RIDING_STYLED_ITEM('overriding color',(#12211),#7699,
  #11585);
#12211 = PRESENTATION_STYLE_ASSIGNMENT((#12212));
#12212 = SURFACE_STYLE_USAGE(.BOTH.,#12213);
#12213 = SURFACE_SIDE_STYLE('',(#12214));
#12214 = SURFACE_STYLE_FILL_AREA(#12215);
#12215 = FILL_AREA_STYLE('',(#12216));
#12216 = FILL_AREA_STYLE_COLOUR('',#11600);
#12217 = OVER_RIDING_STYLED_ITEM('overriding color',(#12218),#7725,
  #11585);
#12218 = PRESENTATION_STYLE_ASSIGNMENT((#12219));
#12219 = SURFACE_STYLE_USAGE(.BOTH.,#12220);
#12220 = SURFACE_SIDE_STYLE('',(#12221));
#12221 = SURFACE_STYLE_FILL_AREA(#12222);
#12222 = FILL_AREA_STYLE('',(#12223));
#12223 = FILL_AREA_STYLE_COLOUR('',#11600);
#12224 = OVER_RIDING_STYLED_ITEM('overriding color',(#12225),#7751,
  #11585);
#12225 = PRESENTATION_STYLE_ASSIGNMENT((#12226));
#12226 = SURFACE_STYLE_USAGE(.BOTH.,#12227);
#12227 = SURFACE_SIDE_STYLE('',(#12228));
#12228 = SURFACE_STYLE_FILL_AREA(#12229);
#12229 = FILL_AREA_STYLE('',(#12230));
#12230 = FILL_AREA_STYLE_COLOUR('',#11600);
#12231 = OVER_RIDING_STYLED_ITEM('overriding color',(#12232),#7776,
  #11585);
#12232 = PRESENTATION_STYLE_ASSIGNMENT((#12233));
#12233 = SURFACE_STYLE_USAGE(.BOTH.,#12234);
#12234 = SURFACE_SIDE_STYLE('',(#12235));
#12235 = SURFACE_STYLE_FILL_AREA(#12236);
#12236 = FILL_AREA_STYLE('',(#12237));
#12237 = FILL_AREA_STYLE_COLOUR('',#11600);
#12238 = OVER_RIDING_STYLED_ITEM('overriding color',(#12239),#7793,
  #11585);
#12239 = PRESENTATION_STYLE_ASSIGNMENT((#12240));
#12240 = SURFACE_STYLE_USAGE(.BOTH.,#12241);
#12241 = SURFACE_SIDE_STYLE('',(#12242));
#12242 = SURFACE_STYLE_FILL_AREA(#12243);
#12243 = FILL_AREA_STYLE('',(#12244));
#12244 = FILL_AREA_STYLE_COLOUR('',#11600);
#12245 = OVER_RIDING_STYLED_ITEM('overriding color',(#12246),#7818,
  #11585);
#12246 = PRESENTATION_STYLE_ASSIGNMENT((#12247));
#12247 = SURFACE_STYLE_USAGE(.BOTH.,#12248);
#12248 = SURFACE_SIDE_STYLE('',(#12249));
#12249 = SURFACE_STYLE_FILL_AREA(#12250);
#12250 = FILL_AREA_STYLE('',(#12251));
#12251 = FILL_AREA_STYLE_COLOUR('',#11600);
#12252 = OVER_RIDING_STYLED_ITEM('overriding color',(#12253),#7840,
  #11585);
#12253 = PRESENTATION_STYLE_ASSIGNMENT((#12254));
#12254 = SURFACE_STYLE_USAGE(.BOTH.,#12255);
#12255 = SURFACE_SIDE_STYLE('',(#12256));
#12256 = SURFACE_STYLE_FILL_AREA(#12257);
#12257 = FILL_AREA_STYLE('',(#12258));
#12258 = FILL_AREA_STYLE_COLOUR('',#11600);
#12259 = OVER_RIDING_STYLED_ITEM('overriding color',(#12260),#7865,
  #11585);
#12260 = PRESENTATION_STYLE_ASSIGNMENT((#12261));
#12261 = SURFACE_STYLE_USAGE(.BOTH.,#12262);
#12262 = SURFACE_SIDE_STYLE('',(#12263));
#12263 = SURFACE_STYLE_FILL_AREA(#12264);
#12264 = FILL_AREA_STYLE('',(#12265));
#12265 = FILL_AREA_STYLE_COLOUR('',#11600);
#12266 = OVER_RIDING_STYLED_ITEM('overriding color',(#12267),#7882,
  #11585);
#12267 = PRESENTATION_STYLE_ASSIGNMENT((#12268));
#12268 = SURFACE_STYLE_USAGE(.BOTH.,#12269);
#12269 = SURFACE_SIDE_STYLE('',(#12270));
#12270 = SURFACE_STYLE_FILL_AREA(#12271);
#12271 = FILL_AREA_STYLE('',(#12272));
#12272 = FILL_AREA_STYLE_COLOUR('',#11600);
#12273 = OVER_RIDING_STYLED_ITEM('overriding color',(#12274),#7899,
  #11585);
#12274 = PRESENTATION_STYLE_ASSIGNMENT((#12275));
#12275 = SURFACE_STYLE_USAGE(.BOTH.,#12276);
#12276 = SURFACE_SIDE_STYLE('',(#12277));
#12277 = SURFACE_STYLE_FILL_AREA(#12278);
#12278 = FILL_AREA_STYLE('',(#12279));
#12279 = FILL_AREA_STYLE_COLOUR('',#11600);
#12280 = OVER_RIDING_STYLED_ITEM('overriding color',(#12281),#7924,
  #11585);
#12281 = PRESENTATION_STYLE_ASSIGNMENT((#12282));
#12282 = SURFACE_STYLE_USAGE(.BOTH.,#12283);
#12283 = SURFACE_SIDE_STYLE('',(#12284));
#12284 = SURFACE_STYLE_FILL_AREA(#12285);
#12285 = FILL_AREA_STYLE('',(#12286));
#12286 = FILL_AREA_STYLE_COLOUR('',#11600);
#12287 = OVER_RIDING_STYLED_ITEM('overriding color',(#12288),#7949,
  #11585);
#12288 = PRESENTATION_STYLE_ASSIGNMENT((#12289));
#12289 = SURFACE_STYLE_USAGE(.BOTH.,#12290);
#12290 = SURFACE_SIDE_STYLE('',(#12291));
#12291 = SURFACE_STYLE_FILL_AREA(#12292);
#12292 = FILL_AREA_STYLE('',(#12293));
#12293 = FILL_AREA_STYLE_COLOUR('',#11600);
#12294 = OVER_RIDING_STYLED_ITEM('overriding color',(#12295),#7966,
  #11585);
#12295 = PRESENTATION_STYLE_ASSIGNMENT((#12296));
#12296 = SURFACE_STYLE_USAGE(.BOTH.,#12297);
#12297 = SURFACE_SIDE_STYLE('',(#12298));
#12298 = SURFACE_STYLE_FILL_AREA(#12299);
#12299 = FILL_AREA_STYLE('',(#12300));
#12300 = FILL_AREA_STYLE_COLOUR('',#11600);
#12301 = OVER_RIDING_STYLED_ITEM('overriding color',(#12302),#7983,
  #11585);
#12302 = PRESENTATION_STYLE_ASSIGNMENT((#12303));
#12303 = SURFACE_STYLE_USAGE(.BOTH.,#12304);
#12304 = SURFACE_SIDE_STYLE('',(#12305));
#12305 = SURFACE_STYLE_FILL_AREA(#12306);
#12306 = FILL_AREA_STYLE('',(#12307));
#12307 = FILL_AREA_STYLE_COLOUR('',#11600);
#12308 = OVER_RIDING_STYLED_ITEM('overriding color',(#12309),#8000,
  #11585);
#12309 = PRESENTATION_STYLE_ASSIGNMENT((#12310));
#12310 = SURFACE_STYLE_USAGE(.BOTH.,#12311);
#12311 = SURFACE_SIDE_STYLE('',(#12312));
#12312 = SURFACE_STYLE_FILL_AREA(#12313);
#12313 = FILL_AREA_STYLE('',(#12314));
#12314 = FILL_AREA_STYLE_COLOUR('',#11600);
#12315 = OVER_RIDING_STYLED_ITEM('overriding color',(#12316),#8017,
  #11585);
#12316 = PRESENTATION_STYLE_ASSIGNMENT((#12317));
#12317 = SURFACE_STYLE_USAGE(.BOTH.,#12318);
#12318 = SURFACE_SIDE_STYLE('',(#12319));
#12319 = SURFACE_STYLE_FILL_AREA(#12320);
#12320 = FILL_AREA_STYLE('',(#12321));
#12321 = FILL_AREA_STYLE_COLOUR('',#11600);
#12322 = OVER_RIDING_STYLED_ITEM('overriding color',(#12323),#8034,
  #11585);
#12323 = PRESENTATION_STYLE_ASSIGNMENT((#12324));
#12324 = SURFACE_STYLE_USAGE(.BOTH.,#12325);
#12325 = SURFACE_SIDE_STYLE('',(#12326));
#12326 = SURFACE_STYLE_FILL_AREA(#12327);
#12327 = FILL_AREA_STYLE('',(#12328));
#12328 = FILL_AREA_STYLE_COLOUR('',#11600);
#12329 = OVER_RIDING_STYLED_ITEM('overriding color',(#12330),#8094,
  #11585);
#12330 = PRESENTATION_STYLE_ASSIGNMENT((#12331));
#12331 = SURFACE_STYLE_USAGE(.BOTH.,#12332);
#12332 = SURFACE_SIDE_STYLE('',(#12333));
#12333 = SURFACE_STYLE_FILL_AREA(#12334);
#12334 = FILL_AREA_STYLE('',(#12335));
#12335 = FILL_AREA_STYLE_COLOUR('',#11600);
#12336 = OVER_RIDING_STYLED_ITEM('overriding color',(#12337),#8106,
  #11585);
#12337 = PRESENTATION_STYLE_ASSIGNMENT((#12338));
#12338 = SURFACE_STYLE_USAGE(.BOTH.,#12339);
#12339 = SURFACE_SIDE_STYLE('',(#12340));
#12340 = SURFACE_STYLE_FILL_AREA(#12341);
#12341 = FILL_AREA_STYLE('',(#12342));
#12342 = FILL_AREA_STYLE_COLOUR('',#11600);
#12343 = OVER_RIDING_STYLED_ITEM('overriding color',(#12344),#8118,
  #11585);
#12344 = PRESENTATION_STYLE_ASSIGNMENT((#12345));
#12345 = SURFACE_STYLE_USAGE(.BOTH.,#12346);
#12346 = SURFACE_SIDE_STYLE('',(#12347));
#12347 = SURFACE_STYLE_FILL_AREA(#12348);
#12348 = FILL_AREA_STYLE('',(#12349));
#12349 = FILL_AREA_STYLE_COLOUR('',#11600);
#12350 = OVER_RIDING_STYLED_ITEM('overriding color',(#12351),#8430,
  #11585);
#12351 = PRESENTATION_STYLE_ASSIGNMENT((#12352));
#12352 = SURFACE_STYLE_USAGE(.BOTH.,#12353);
#12353 = SURFACE_SIDE_STYLE('',(#12354));
#12354 = SURFACE_STYLE_FILL_AREA(#12355);
#12355 = FILL_AREA_STYLE('',(#12356));
#12356 = FILL_AREA_STYLE_COLOUR('',#11592);
#12357 = OVER_RIDING_STYLED_ITEM('overriding color',(#12358),#8474,
  #11585);
#12358 = PRESENTATION_STYLE_ASSIGNMENT((#12359));
#12359 = SURFACE_STYLE_USAGE(.BOTH.,#12360);
#12360 = SURFACE_SIDE_STYLE('',(#12361));
#12361 = SURFACE_STYLE_FILL_AREA(#12362);
#12362 = FILL_AREA_STYLE('',(#12363));
#12363 = FILL_AREA_STYLE_COLOUR('',#11592);
#12364 = OVER_RIDING_STYLED_ITEM('overriding color',(#12365),#8568,
  #11585);
#12365 = PRESENTATION_STYLE_ASSIGNMENT((#12366));
#12366 = SURFACE_STYLE_USAGE(.BOTH.,#12367);
#12367 = SURFACE_SIDE_STYLE('',(#12368));
#12368 = SURFACE_STYLE_FILL_AREA(#12369);
#12369 = FILL_AREA_STYLE('',(#12370));
#12370 = FILL_AREA_STYLE_COLOUR('',#11592);
#12371 = OVER_RIDING_STYLED_ITEM('overriding color',(#12372),#8634,
  #11585);
#12372 = PRESENTATION_STYLE_ASSIGNMENT((#12373));
#12373 = SURFACE_STYLE_USAGE(.BOTH.,#12374);
#12374 = SURFACE_SIDE_STYLE('',(#12375));
#12375 = SURFACE_STYLE_FILL_AREA(#12376);
#12376 = FILL_AREA_STYLE('',(#12377));
#12377 = FILL_AREA_STYLE_COLOUR('',#11592);
#12378 = OVER_RIDING_STYLED_ITEM('overriding color',(#12379),#8700,
  #11585);
#12379 = PRESENTATION_STYLE_ASSIGNMENT((#12380));
#12380 = SURFACE_STYLE_USAGE(.BOTH.,#12381);
#12381 = SURFACE_SIDE_STYLE('',(#12382));
#12382 = SURFACE_STYLE_FILL_AREA(#12383);
#12383 = FILL_AREA_STYLE('',(#12384));
#12384 = FILL_AREA_STYLE_COLOUR('',#11592);
#12385 = OVER_RIDING_STYLED_ITEM('overriding color',(#12386),#8738,
  #11585);
#12386 = PRESENTATION_STYLE_ASSIGNMENT((#12387));
#12387 = SURFACE_STYLE_USAGE(.BOTH.,#12388);
#12388 = SURFACE_SIDE_STYLE('',(#12389));
#12389 = SURFACE_STYLE_FILL_AREA(#12390);
#12390 = FILL_AREA_STYLE('',(#12391));
#12391 = FILL_AREA_STYLE_COLOUR('',#11592);
#12392 = OVER_RIDING_STYLED_ITEM('overriding color',(#12393),#8760,
  #11585);
#12393 = PRESENTATION_STYLE_ASSIGNMENT((#12394));
#12394 = SURFACE_STYLE_USAGE(.BOTH.,#12395);
#12395 = SURFACE_SIDE_STYLE('',(#12396));
#12396 = SURFACE_STYLE_FILL_AREA(#12397);
#12397 = FILL_AREA_STYLE('',(#12398));
#12398 = FILL_AREA_STYLE_COLOUR('',#11592);
#12399 = OVER_RIDING_STYLED_ITEM('overriding color',(#12400),#8777,
  #11585);
#12400 = PRESENTATION_STYLE_ASSIGNMENT((#12401));
#12401 = SURFACE_STYLE_USAGE(.BOTH.,#12402);
#12402 = SURFACE_SIDE_STYLE('',(#12403));
#12403 = SURFACE_STYLE_FILL_AREA(#12404);
#12404 = FILL_AREA_STYLE('',(#12405));
#12405 = FILL_AREA_STYLE_COLOUR('',#11592);
#12406 = OVER_RIDING_STYLED_ITEM('overriding color',(#12407),#8794,
  #11585);
#12407 = PRESENTATION_STYLE_ASSIGNMENT((#12408));
#12408 = SURFACE_STYLE_USAGE(.BOTH.,#12409);
#12409 = SURFACE_SIDE_STYLE('',(#12410));
#12410 = SURFACE_STYLE_FILL_AREA(#12411);
#12411 = FILL_AREA_STYLE('',(#12412));
#12412 = FILL_AREA_STYLE_COLOUR('',#11592);
#12413 = OVER_RIDING_STYLED_ITEM('overriding color',(#12414),#8806,
  #11585);
#12414 = PRESENTATION_STYLE_ASSIGNMENT((#12415));
#12415 = SURFACE_STYLE_USAGE(.BOTH.,#12416);
#12416 = SURFACE_SIDE_STYLE('',(#12417));
#12417 = SURFACE_STYLE_FILL_AREA(#12418);
#12418 = FILL_AREA_STYLE('',(#12419));
#12419 = FILL_AREA_STYLE_COLOUR('',#11592);
#12420 = OVER_RIDING_STYLED_ITEM('overriding color',(#12421),#8850,
  #11585);
#12421 = PRESENTATION_STYLE_ASSIGNMENT((#12422));
#12422 = SURFACE_STYLE_USAGE(.BOTH.,#12423);
#12423 = SURFACE_SIDE_STYLE('',(#12424));
#12424 = SURFACE_STYLE_FILL_AREA(#12425);
#12425 = FILL_AREA_STYLE('',(#12426));
#12426 = FILL_AREA_STYLE_COLOUR('',#11592);
#12427 = OVER_RIDING_STYLED_ITEM('overriding color',(#12428),#8944,
  #11585);
#12428 = PRESENTATION_STYLE_ASSIGNMENT((#12429));
#12429 = SURFACE_STYLE_USAGE(.BOTH.,#12430);
#12430 = SURFACE_SIDE_STYLE('',(#12431));
#12431 = SURFACE_STYLE_FILL_AREA(#12432);
#12432 = FILL_AREA_STYLE('',(#12433));
#12433 = FILL_AREA_STYLE_COLOUR('',#11592);
#12434 = OVER_RIDING_STYLED_ITEM('overriding color',(#12435),#9010,
  #11585);
#12435 = PRESENTATION_STYLE_ASSIGNMENT((#12436));
#12436 = SURFACE_STYLE_USAGE(.BOTH.,#12437);
#12437 = SURFACE_SIDE_STYLE('',(#12438));
#12438 = SURFACE_STYLE_FILL_AREA(#12439);
#12439 = FILL_AREA_STYLE('',(#12440));
#12440 = FILL_AREA_STYLE_COLOUR('',#11592);
#12441 = OVER_RIDING_STYLED_ITEM('overriding color',(#12442),#9076,
  #11585);
#12442 = PRESENTATION_STYLE_ASSIGNMENT((#12443));
#12443 = SURFACE_STYLE_USAGE(.BOTH.,#12444);
#12444 = SURFACE_SIDE_STYLE('',(#12445));
#12445 = SURFACE_STYLE_FILL_AREA(#12446);
#12446 = FILL_AREA_STYLE('',(#12447));
#12447 = FILL_AREA_STYLE_COLOUR('',#11592);
#12448 = OVER_RIDING_STYLED_ITEM('overriding color',(#12449),#9114,
  #11585);
#12449 = PRESENTATION_STYLE_ASSIGNMENT((#12450));
#12450 = SURFACE_STYLE_USAGE(.BOTH.,#12451);
#12451 = SURFACE_SIDE_STYLE('',(#12452));
#12452 = SURFACE_STYLE_FILL_AREA(#12453);
#12453 = FILL_AREA_STYLE('',(#12454));
#12454 = FILL_AREA_STYLE_COLOUR('',#11592);
#12455 = OVER_RIDING_STYLED_ITEM('overriding color',(#12456),#9136,
  #11585);
#12456 = PRESENTATION_STYLE_ASSIGNMENT((#12457));
#12457 = SURFACE_STYLE_USAGE(.BOTH.,#12458);
#12458 = SURFACE_SIDE_STYLE('',(#12459));
#12459 = SURFACE_STYLE_FILL_AREA(#12460);
#12460 = FILL_AREA_STYLE('',(#12461));
#12461 = FILL_AREA_STYLE_COLOUR('',#11592);
#12462 = OVER_RIDING_STYLED_ITEM('overriding color',(#12463),#9153,
  #11585);
#12463 = PRESENTATION_STYLE_ASSIGNMENT((#12464));
#12464 = SURFACE_STYLE_USAGE(.BOTH.,#12465);
#12465 = SURFACE_SIDE_STYLE('',(#12466));
#12466 = SURFACE_STYLE_FILL_AREA(#12467);
#12467 = FILL_AREA_STYLE('',(#12468));
#12468 = FILL_AREA_STYLE_COLOUR('',#11592);
#12469 = OVER_RIDING_STYLED_ITEM('overriding color',(#12470),#9170,
  #11585);
#12470 = PRESENTATION_STYLE_ASSIGNMENT((#12471));
#12471 = SURFACE_STYLE_USAGE(.BOTH.,#12472);
#12472 = SURFACE_SIDE_STYLE('',(#12473));
#12473 = SURFACE_STYLE_FILL_AREA(#12474);
#12474 = FILL_AREA_STYLE('',(#12475));
#12475 = FILL_AREA_STYLE_COLOUR('',#11592);
#12476 = OVER_RIDING_STYLED_ITEM('overriding color',(#12477),#9182,
  #11585);
#12477 = PRESENTATION_STYLE_ASSIGNMENT((#12478));
#12478 = SURFACE_STYLE_USAGE(.BOTH.,#12479);
#12479 = SURFACE_SIDE_STYLE('',(#12480));
#12480 = SURFACE_STYLE_FILL_AREA(#12481);
#12481 = FILL_AREA_STYLE('',(#12482));
#12482 = FILL_AREA_STYLE_COLOUR('',#11592);
#12483 = OVER_RIDING_STYLED_ITEM('overriding color',(#12484),#9226,
  #11585);
#12484 = PRESENTATION_STYLE_ASSIGNMENT((#12485));
#12485 = SURFACE_STYLE_USAGE(.BOTH.,#12486);
#12486 = SURFACE_SIDE_STYLE('',(#12487));
#12487 = SURFACE_STYLE_FILL_AREA(#12488);
#12488 = FILL_AREA_STYLE('',(#12489));
#12489 = FILL_AREA_STYLE_COLOUR('',#11592);
#12490 = OVER_RIDING_STYLED_ITEM('overriding color',(#12491),#9320,
  #11585);
#12491 = PRESENTATION_STYLE_ASSIGNMENT((#12492));
#12492 = SURFACE_STYLE_USAGE(.BOTH.,#12493);
#12493 = SURFACE_SIDE_STYLE('',(#12494));
#12494 = SURFACE_STYLE_FILL_AREA(#12495);
#12495 = FILL_AREA_STYLE('',(#12496));
#12496 = FILL_AREA_STYLE_COLOUR('',#11592);
#12497 = OVER_RIDING_STYLED_ITEM('overriding color',(#12498),#9386,
  #11585);
#12498 = PRESENTATION_STYLE_ASSIGNMENT((#12499));
#12499 = SURFACE_STYLE_USAGE(.BOTH.,#12500);
#12500 = SURFACE_SIDE_STYLE('',(#12501));
#12501 = SURFACE_STYLE_FILL_AREA(#12502);
#12502 = FILL_AREA_STYLE('',(#12503));
#12503 = FILL_AREA_STYLE_COLOUR('',#11592);
#12504 = OVER_RIDING_STYLED_ITEM('overriding color',(#12505),#9452,
  #11585);
#12505 = PRESENTATION_STYLE_ASSIGNMENT((#12506));
#12506 = SURFACE_STYLE_USAGE(.BOTH.,#12507);
#12507 = SURFACE_SIDE_STYLE('',(#12508));
#12508 = SURFACE_STYLE_FILL_AREA(#12509);
#12509 = FILL_AREA_STYLE('',(#12510));
#12510 = FILL_AREA_STYLE_COLOUR('',#11592);
#12511 = OVER_RIDING_STYLED_ITEM('overriding color',(#12512),#9490,
  #11585);
#12512 = PRESENTATION_STYLE_ASSIGNMENT((#12513));
#12513 = SURFACE_STYLE_USAGE(.BOTH.,#12514);
#12514 = SURFACE_SIDE_STYLE('',(#12515));
#12515 = SURFACE_STYLE_FILL_AREA(#12516);
#12516 = FILL_AREA_STYLE('',(#12517));
#12517 = FILL_AREA_STYLE_COLOUR('',#11592);
#12518 = OVER_RIDING_STYLED_ITEM('overriding color',(#12519),#9512,
  #11585);
#12519 = PRESENTATION_STYLE_ASSIGNMENT((#12520));
#12520 = SURFACE_STYLE_USAGE(.BOTH.,#12521);
#12521 = SURFACE_SIDE_STYLE('',(#12522));
#12522 = SURFACE_STYLE_FILL_AREA(#12523);
#12523 = FILL_AREA_STYLE('',(#12524));
#12524 = FILL_AREA_STYLE_COLOUR('',#11592);
#12525 = OVER_RIDING_STYLED_ITEM('overriding color',(#12526),#9529,
  #11585);
#12526 = PRESENTATION_STYLE_ASSIGNMENT((#12527));
#12527 = SURFACE_STYLE_USAGE(.BOTH.,#12528);
#12528 = SURFACE_SIDE_STYLE('',(#12529));
#12529 = SURFACE_STYLE_FILL_AREA(#12530);
#12530 = FILL_AREA_STYLE('',(#12531));
#12531 = FILL_AREA_STYLE_COLOUR('',#11592);
#12532 = OVER_RIDING_STYLED_ITEM('overriding color',(#12533),#9546,
  #11585);
#12533 = PRESENTATION_STYLE_ASSIGNMENT((#12534));
#12534 = SURFACE_STYLE_USAGE(.BOTH.,#12535);
#12535 = SURFACE_SIDE_STYLE('',(#12536));
#12536 = SURFACE_STYLE_FILL_AREA(#12537);
#12537 = FILL_AREA_STYLE('',(#12538));
#12538 = FILL_AREA_STYLE_COLOUR('',#11592);
#12539 = OVER_RIDING_STYLED_ITEM('overriding color',(#12540),#9558,
  #11585);
#12540 = PRESENTATION_STYLE_ASSIGNMENT((#12541));
#12541 = SURFACE_STYLE_USAGE(.BOTH.,#12542);
#12542 = SURFACE_SIDE_STYLE('',(#12543));
#12543 = SURFACE_STYLE_FILL_AREA(#12544);
#12544 = FILL_AREA_STYLE('',(#12545));
#12545 = FILL_AREA_STYLE_COLOUR('',#11592);
#12546 = OVER_RIDING_STYLED_ITEM('overriding color',(#12547),#9602,
  #11585);
#12547 = PRESENTATION_STYLE_ASSIGNMENT((#12548));
#12548 = SURFACE_STYLE_USAGE(.BOTH.,#12549);
#12549 = SURFACE_SIDE_STYLE('',(#12550));
#12550 = SURFACE_STYLE_FILL_AREA(#12551);
#12551 = FILL_AREA_STYLE('',(#12552));
#12552 = FILL_AREA_STYLE_COLOUR('',#11592);
#12553 = OVER_RIDING_STYLED_ITEM('overriding color',(#12554),#9696,
  #11585);
#12554 = PRESENTATION_STYLE_ASSIGNMENT((#12555));
#12555 = SURFACE_STYLE_USAGE(.BOTH.,#12556);
#12556 = SURFACE_SIDE_STYLE('',(#12557));
#12557 = SURFACE_STYLE_FILL_AREA(#12558);
#12558 = FILL_AREA_STYLE('',(#12559));
#12559 = FILL_AREA_STYLE_COLOUR('',#11592);
#12560 = OVER_RIDING_STYLED_ITEM('overriding color',(#12561),#9762,
  #11585);
#12561 = PRESENTATION_STYLE_ASSIGNMENT((#12562));
#12562 = SURFACE_STYLE_USAGE(.BOTH.,#12563);
#12563 = SURFACE_SIDE_STYLE('',(#12564));
#12564 = SURFACE_STYLE_FILL_AREA(#12565);
#12565 = FILL_AREA_STYLE('',(#12566));
#12566 = FILL_AREA_STYLE_COLOUR('',#11592);
#12567 = OVER_RIDING_STYLED_ITEM('overriding color',(#12568),#9828,
  #11585);
#12568 = PRESENTATION_STYLE_ASSIGNMENT((#12569));
#12569 = SURFACE_STYLE_USAGE(.BOTH.,#12570);
#12570 = SURFACE_SIDE_STYLE('',(#12571));
#12571 = SURFACE_STYLE_FILL_AREA(#12572);
#12572 = FILL_AREA_STYLE('',(#12573));
#12573 = FILL_AREA_STYLE_COLOUR('',#11592);
#12574 = OVER_RIDING_STYLED_ITEM('overriding color',(#12575),#9866,
  #11585);
#12575 = PRESENTATION_STYLE_ASSIGNMENT((#12576));
#12576 = SURFACE_STYLE_USAGE(.BOTH.,#12577);
#12577 = SURFACE_SIDE_STYLE('',(#12578));
#12578 = SURFACE_STYLE_FILL_AREA(#12579);
#12579 = FILL_AREA_STYLE('',(#12580));
#12580 = FILL_AREA_STYLE_COLOUR('',#11592);
#12581 = OVER_RIDING_STYLED_ITEM('overriding color',(#12582),#9888,
  #11585);
#12582 = PRESENTATION_STYLE_ASSIGNMENT((#12583));
#12583 = SURFACE_STYLE_USAGE(.BOTH.,#12584);
#12584 = SURFACE_SIDE_STYLE('',(#12585));
#12585 = SURFACE_STYLE_FILL_AREA(#12586);
#12586 = FILL_AREA_STYLE('',(#12587));
#12587 = FILL_AREA_STYLE_COLOUR('',#11592);
#12588 = OVER_RIDING_STYLED_ITEM('overriding color',(#12589),#9905,
  #11585);
#12589 = PRESENTATION_STYLE_ASSIGNMENT((#12590));
#12590 = SURFACE_STYLE_USAGE(.BOTH.,#12591);
#12591 = SURFACE_SIDE_STYLE('',(#12592));
#12592 = SURFACE_STYLE_FILL_AREA(#12593);
#12593 = FILL_AREA_STYLE('',(#12594));
#12594 = FILL_AREA_STYLE_COLOUR('',#11592);
#12595 = OVER_RIDING_STYLED_ITEM('overriding color',(#12596),#9922,
  #11585);
#12596 = PRESENTATION_STYLE_ASSIGNMENT((#12597));
#12597 = SURFACE_STYLE_USAGE(.BOTH.,#12598);
#12598 = SURFACE_SIDE_STYLE('',(#12599));
#12599 = SURFACE_STYLE_FILL_AREA(#12600);
#12600 = FILL_AREA_STYLE('',(#12601));
#12601 = FILL_AREA_STYLE_COLOUR('',#11592);
#12602 = OVER_RIDING_STYLED_ITEM('overriding color',(#12603),#9934,
  #11585);
#12603 = PRESENTATION_STYLE_ASSIGNMENT((#12604));
#12604 = SURFACE_STYLE_USAGE(.BOTH.,#12605);
#12605 = SURFACE_SIDE_STYLE('',(#12606));
#12606 = SURFACE_STYLE_FILL_AREA(#12607);
#12607 = FILL_AREA_STYLE('',(#12608));
#12608 = FILL_AREA_STYLE_COLOUR('',#11592);
#12609 = OVER_RIDING_STYLED_ITEM('overriding color',(#12610),#9978,
  #11585);
#12610 = PRESENTATION_STYLE_ASSIGNMENT((#12611));
#12611 = SURFACE_STYLE_USAGE(.BOTH.,#12612);
#12612 = SURFACE_SIDE_STYLE('',(#12613));
#12613 = SURFACE_STYLE_FILL_AREA(#12614);
#12614 = FILL_AREA_STYLE('',(#12615));
#12615 = FILL_AREA_STYLE_COLOUR('',#11592);
#12616 = OVER_RIDING_STYLED_ITEM('overriding color',(#12617),#10072,
  #11585);
#12617 = PRESENTATION_STYLE_ASSIGNMENT((#12618));
#12618 = SURFACE_STYLE_USAGE(.BOTH.,#12619);
#12619 = SURFACE_SIDE_STYLE('',(#12620));
#12620 = SURFACE_STYLE_FILL_AREA(#12621);
#12621 = FILL_AREA_STYLE('',(#12622));
#12622 = FILL_AREA_STYLE_COLOUR('',#11592);
#12623 = OVER_RIDING_STYLED_ITEM('overriding color',(#12624),#10138,
  #11585);
#12624 = PRESENTATION_STYLE_ASSIGNMENT((#12625));
#12625 = SURFACE_STYLE_USAGE(.BOTH.,#12626);
#12626 = SURFACE_SIDE_STYLE('',(#12627));
#12627 = SURFACE_STYLE_FILL_AREA(#12628);
#12628 = FILL_AREA_STYLE('',(#12629));
#12629 = FILL_AREA_STYLE_COLOUR('',#11592);
#12630 = OVER_RIDING_STYLED_ITEM('overriding color',(#12631),#10204,
  #11585);
#12631 = PRESENTATION_STYLE_ASSIGNMENT((#12632));
#12632 = SURFACE_STYLE_USAGE(.BOTH.,#12633);
#12633 = SURFACE_SIDE_STYLE('',(#12634));
#12634 = SURFACE_STYLE_FILL_AREA(#12635);
#12635 = FILL_AREA_STYLE('',(#12636));
#12636 = FILL_AREA_STYLE_COLOUR('',#11592);
#12637 = OVER_RIDING_STYLED_ITEM('overriding color',(#12638),#10242,
  #11585);
#12638 = PRESENTATION_STYLE_ASSIGNMENT((#12639));
#12639 = SURFACE_STYLE_USAGE(.BOTH.,#12640);
#12640 = SURFACE_SIDE_STYLE('',(#12641));
#12641 = SURFACE_STYLE_FILL_AREA(#12642);
#12642 = FILL_AREA_STYLE('',(#12643));
#12643 = FILL_AREA_STYLE_COLOUR('',#11592);
#12644 = OVER_RIDING_STYLED_ITEM('overriding color',(#12645),#10264,
  #11585);
#12645 = PRESENTATION_STYLE_ASSIGNMENT((#12646));
#12646 = SURFACE_STYLE_USAGE(.BOTH.,#12647);
#12647 = SURFACE_SIDE_STYLE('',(#12648));
#12648 = SURFACE_STYLE_FILL_AREA(#12649);
#12649 = FILL_AREA_STYLE('',(#12650));
#12650 = FILL_AREA_STYLE_COLOUR('',#11592);
#12651 = OVER_RIDING_STYLED_ITEM('overriding color',(#12652),#10281,
  #11585);
#12652 = PRESENTATION_STYLE_ASSIGNMENT((#12653));
#12653 = SURFACE_STYLE_USAGE(.BOTH.,#12654);
#12654 = SURFACE_SIDE_STYLE('',(#12655));
#12655 = SURFACE_STYLE_FILL_AREA(#12656);
#12656 = FILL_AREA_STYLE('',(#12657));
#12657 = FILL_AREA_STYLE_COLOUR('',#11592);
#12658 = OVER_RIDING_STYLED_ITEM('overriding color',(#12659),#10298,
  #11585);
#12659 = PRESENTATION_STYLE_ASSIGNMENT((#12660));
#12660 = SURFACE_STYLE_USAGE(.BOTH.,#12661);
#12661 = SURFACE_SIDE_STYLE('',(#12662));
#12662 = SURFACE_STYLE_FILL_AREA(#12663);
#12663 = FILL_AREA_STYLE('',(#12664));
#12664 = FILL_AREA_STYLE_COLOUR('',#11592);
#12665 = OVER_RIDING_STYLED_ITEM('overriding color',(#12666),#10310,
  #11585);
#12666 = PRESENTATION_STYLE_ASSIGNMENT((#12667));
#12667 = SURFACE_STYLE_USAGE(.BOTH.,#12668);
#12668 = SURFACE_SIDE_STYLE('',(#12669));
#12669 = SURFACE_STYLE_FILL_AREA(#12670);
#12670 = FILL_AREA_STYLE('',(#12671));
#12671 = FILL_AREA_STYLE_COLOUR('',#11592);
#12672 = OVER_RIDING_STYLED_ITEM('overriding color',(#12673),#10354,
  #11585);
#12673 = PRESENTATION_STYLE_ASSIGNMENT((#12674));
#12674 = SURFACE_STYLE_USAGE(.BOTH.,#12675);
#12675 = SURFACE_SIDE_STYLE('',(#12676));
#12676 = SURFACE_STYLE_FILL_AREA(#12677);
#12677 = FILL_AREA_STYLE('',(#12678));
#12678 = FILL_AREA_STYLE_COLOUR('',#11592);
#12679 = OVER_RIDING_STYLED_ITEM('overriding color',(#12680),#10448,
  #11585);
#12680 = PRESENTATION_STYLE_ASSIGNMENT((#12681));
#12681 = SURFACE_STYLE_USAGE(.BOTH.,#12682);
#12682 = SURFACE_SIDE_STYLE('',(#12683));
#12683 = SURFACE_STYLE_FILL_AREA(#12684);
#12684 = FILL_AREA_STYLE('',(#12685));
#12685 = FILL_AREA_STYLE_COLOUR('',#11592);
#12686 = OVER_RIDING_STYLED_ITEM('overriding color',(#12687),#10514,
  #11585);
#12687 = PRESENTATION_STYLE_ASSIGNMENT((#12688));
#12688 = SURFACE_STYLE_USAGE(.BOTH.,#12689);
#12689 = SURFACE_SIDE_STYLE('',(#12690));
#12690 = SURFACE_STYLE_FILL_AREA(#12691);
#12691 = FILL_AREA_STYLE('',(#12692));
#12692 = FILL_AREA_STYLE_COLOUR('',#11592);
#12693 = OVER_RIDING_STYLED_ITEM('overriding color',(#12694),#10580,
  #11585);
#12694 = PRESENTATION_STYLE_ASSIGNMENT((#12695));
#12695 = SURFACE_STYLE_USAGE(.BOTH.,#12696);
#12696 = SURFACE_SIDE_STYLE('',(#12697));
#12697 = SURFACE_STYLE_FILL_AREA(#12698);
#12698 = FILL_AREA_STYLE('',(#12699));
#12699 = FILL_AREA_STYLE_COLOUR('',#11592);
#12700 = OVER_RIDING_STYLED_ITEM('overriding color',(#12701),#10618,
  #11585);
#12701 = PRESENTATION_STYLE_ASSIGNMENT((#12702));
#12702 = SURFACE_STYLE_USAGE(.BOTH.,#12703);
#12703 = SURFACE_SIDE_STYLE('',(#12704));
#12704 = SURFACE_STYLE_FILL_AREA(#12705);
#12705 = FILL_AREA_STYLE('',(#12706));
#12706 = FILL_AREA_STYLE_COLOUR('',#11592);
#12707 = OVER_RIDING_STYLED_ITEM('overriding color',(#12708),#10640,
  #11585);
#12708 = PRESENTATION_STYLE_ASSIGNMENT((#12709));
#12709 = SURFACE_STYLE_USAGE(.BOTH.,#12710);
#12710 = SURFACE_SIDE_STYLE('',(#12711));
#12711 = SURFACE_STYLE_FILL_AREA(#12712);
#12712 = FILL_AREA_STYLE('',(#12713));
#12713 = FILL_AREA_STYLE_COLOUR('',#11592);
#12714 = OVER_RIDING_STYLED_ITEM('overriding color',(#12715),#10657,
  #11585);
#12715 = PRESENTATION_STYLE_ASSIGNMENT((#12716));
#12716 = SURFACE_STYLE_USAGE(.BOTH.,#12717);
#12717 = SURFACE_SIDE_STYLE('',(#12718));
#12718 = SURFACE_STYLE_FILL_AREA(#12719);
#12719 = FILL_AREA_STYLE('',(#12720));
#12720 = FILL_AREA_STYLE_COLOUR('',#11592);
#12721 = OVER_RIDING_STYLED_ITEM('overriding color',(#12722),#10674,
  #11585);
#12722 = PRESENTATION_STYLE_ASSIGNMENT((#12723));
#12723 = SURFACE_STYLE_USAGE(.BOTH.,#12724);
#12724 = SURFACE_SIDE_STYLE('',(#12725));
#12725 = SURFACE_STYLE_FILL_AREA(#12726);
#12726 = FILL_AREA_STYLE('',(#12727));
#12727 = FILL_AREA_STYLE_COLOUR('',#11592);
#12728 = OVER_RIDING_STYLED_ITEM('overriding color',(#12729),#10686,
  #11585);
#12729 = PRESENTATION_STYLE_ASSIGNMENT((#12730));
#12730 = SURFACE_STYLE_USAGE(.BOTH.,#12731);
#12731 = SURFACE_SIDE_STYLE('',(#12732));
#12732 = SURFACE_STYLE_FILL_AREA(#12733);
#12733 = FILL_AREA_STYLE('',(#12734));
#12734 = FILL_AREA_STYLE_COLOUR('',#11592);
#12735 = OVER_RIDING_STYLED_ITEM('overriding color',(#12736),#10730,
  #11585);
#12736 = PRESENTATION_STYLE_ASSIGNMENT((#12737));
#12737 = SURFACE_STYLE_USAGE(.BOTH.,#12738);
#12738 = SURFACE_SIDE_STYLE('',(#12739));
#12739 = SURFACE_STYLE_FILL_AREA(#12740);
#12740 = FILL_AREA_STYLE('',(#12741));
#12741 = FILL_AREA_STYLE_COLOUR('',#11592);
#12742 = OVER_RIDING_STYLED_ITEM('overriding color',(#12743),#10824,
  #11585);
#12743 = PRESENTATION_STYLE_ASSIGNMENT((#12744));
#12744 = SURFACE_STYLE_USAGE(.BOTH.,#12745);
#12745 = SURFACE_SIDE_STYLE('',(#12746));
#12746 = SURFACE_STYLE_FILL_AREA(#12747);
#12747 = FILL_AREA_STYLE('',(#12748));
#12748 = FILL_AREA_STYLE_COLOUR('',#11592);
#12749 = OVER_RIDING_STYLED_ITEM('overriding color',(#12750),#10890,
  #11585);
#12750 = PRESENTATION_STYLE_ASSIGNMENT((#12751));
#12751 = SURFACE_STYLE_USAGE(.BOTH.,#12752);
#12752 = SURFACE_SIDE_STYLE('',(#12753));
#12753 = SURFACE_STYLE_FILL_AREA(#12754);
#12754 = FILL_AREA_STYLE('',(#12755));
#12755 = FILL_AREA_STYLE_COLOUR('',#11592);
#12756 = OVER_RIDING_STYLED_ITEM('overriding color',(#12757),#10956,
  #11585);
#12757 = PRESENTATION_STYLE_ASSIGNMENT((#12758));
#12758 = SURFACE_STYLE_USAGE(.BOTH.,#12759);
#12759 = SURFACE_SIDE_STYLE('',(#12760));
#12760 = SURFACE_STYLE_FILL_AREA(#12761);
#12761 = FILL_AREA_STYLE('',(#12762));
#12762 = FILL_AREA_STYLE_COLOUR('',#11592);
#12763 = OVER_RIDING_STYLED_ITEM('overriding color',(#12764),#10994,
  #11585);
#12764 = PRESENTATION_STYLE_ASSIGNMENT((#12765));
#12765 = SURFACE_STYLE_USAGE(.BOTH.,#12766);
#12766 = SURFACE_SIDE_STYLE('',(#12767));
#12767 = SURFACE_STYLE_FILL_AREA(#12768);
#12768 = FILL_AREA_STYLE('',(#12769));
#12769 = FILL_AREA_STYLE_COLOUR('',#11592);
#12770 = OVER_RIDING_STYLED_ITEM('overriding color',(#12771),#11016,
  #11585);
#12771 = PRESENTATION_STYLE_ASSIGNMENT((#12772));
#12772 = SURFACE_STYLE_USAGE(.BOTH.,#12773);
#12773 = SURFACE_SIDE_STYLE('',(#12774));
#12774 = SURFACE_STYLE_FILL_AREA(#12775);
#12775 = FILL_AREA_STYLE('',(#12776));
#12776 = FILL_AREA_STYLE_COLOUR('',#11592);
#12777 = OVER_RIDING_STYLED_ITEM('overriding color',(#12778),#11033,
  #11585);
#12778 = PRESENTATION_STYLE_ASSIGNMENT((#12779));
#12779 = SURFACE_STYLE_USAGE(.BOTH.,#12780);
#12780 = SURFACE_SIDE_STYLE('',(#12781));
#12781 = SURFACE_STYLE_FILL_AREA(#12782);
#12782 = FILL_AREA_STYLE('',(#12783));
#12783 = FILL_AREA_STYLE_COLOUR('',#11592);
#12784 = OVER_RIDING_STYLED_ITEM('overriding color',(#12785),#11050,
  #11585);
#12785 = PRESENTATION_STYLE_ASSIGNMENT((#12786));
#12786 = SURFACE_STYLE_USAGE(.BOTH.,#12787);
#12787 = SURFACE_SIDE_STYLE('',(#12788));
#12788 = SURFACE_STYLE_FILL_AREA(#12789);
#12789 = FILL_AREA_STYLE('',(#12790));
#12790 = FILL_AREA_STYLE_COLOUR('',#11592);
#12791 = OVER_RIDING_STYLED_ITEM('overriding color',(#12792),#11062,
  #11585);
#12792 = PRESENTATION_STYLE_ASSIGNMENT((#12793));
#12793 = SURFACE_STYLE_USAGE(.BOTH.,#12794);
#12794 = SURFACE_SIDE_STYLE('',(#12795));
#12795 = SURFACE_STYLE_FILL_AREA(#12796);
#12796 = FILL_AREA_STYLE('',(#12797));
#12797 = FILL_AREA_STYLE_COLOUR('',#11592);
#12798 = OVER_RIDING_STYLED_ITEM('overriding color',(#12799),#11106,
  #11585);
#12799 = PRESENTATION_STYLE_ASSIGNMENT((#12800));
#12800 = SURFACE_STYLE_USAGE(.BOTH.,#12801);
#12801 = SURFACE_SIDE_STYLE('',(#12802));
#12802 = SURFACE_STYLE_FILL_AREA(#12803);
#12803 = FILL_AREA_STYLE('',(#12804));
#12804 = FILL_AREA_STYLE_COLOUR('',#11592);
#12805 = OVER_RIDING_STYLED_ITEM('overriding color',(#12806),#11200,
  #11585);
#12806 = PRESENTATION_STYLE_ASSIGNMENT((#12807));
#12807 = SURFACE_STYLE_USAGE(.BOTH.,#12808);
#12808 = SURFACE_SIDE_STYLE('',(#12809));
#12809 = SURFACE_STYLE_FILL_AREA(#12810);
#12810 = FILL_AREA_STYLE('',(#12811));
#12811 = FILL_AREA_STYLE_COLOUR('',#11592);
#12812 = OVER_RIDING_STYLED_ITEM('overriding color',(#12813),#11266,
  #11585);
#12813 = PRESENTATION_STYLE_ASSIGNMENT((#12814));
#12814 = SURFACE_STYLE_USAGE(.BOTH.,#12815);
#12815 = SURFACE_SIDE_STYLE('',(#12816));
#12816 = SURFACE_STYLE_FILL_AREA(#12817);
#12817 = FILL_AREA_STYLE('',(#12818));
#12818 = FILL_AREA_STYLE_COLOUR('',#11592);
#12819 = OVER_RIDING_STYLED_ITEM('overriding color',(#12820),#11332,
  #11585);
#12820 = PRESENTATION_STYLE_ASSIGNMENT((#12821));
#12821 = SURFACE_STYLE_USAGE(.BOTH.,#12822);
#12822 = SURFACE_SIDE_STYLE('',(#12823));
#12823 = SURFACE_STYLE_FILL_AREA(#12824);
#12824 = FILL_AREA_STYLE('',(#12825));
#12825 = FILL_AREA_STYLE_COLOUR('',#11592);
#12826 = OVER_RIDING_STYLED_ITEM('overriding color',(#12827),#11370,
  #11585);
#12827 = PRESENTATION_STYLE_ASSIGNMENT((#12828));
#12828 = SURFACE_STYLE_USAGE(.BOTH.,#12829);
#12829 = SURFACE_SIDE_STYLE('',(#12830));
#12830 = SURFACE_STYLE_FILL_AREA(#12831);
#12831 = FILL_AREA_STYLE('',(#12832));
#12832 = FILL_AREA_STYLE_COLOUR('',#11592);
#12833 = OVER_RIDING_STYLED_ITEM('overriding color',(#12834),#11392,
  #11585);
#12834 = PRESENTATION_STYLE_ASSIGNMENT((#12835));
#12835 = SURFACE_STYLE_USAGE(.BOTH.,#12836);
#12836 = SURFACE_SIDE_STYLE('',(#12837));
#12837 = SURFACE_STYLE_FILL_AREA(#12838);
#12838 = FILL_AREA_STYLE('',(#12839));
#12839 = FILL_AREA_STYLE_COLOUR('',#11592);
#12840 = OVER_RIDING_STYLED_ITEM('overriding color',(#12841),#11409,
  #11585);
#12841 = PRESENTATION_STYLE_ASSIGNMENT((#12842));
#12842 = SURFACE_STYLE_USAGE(.BOTH.,#12843);
#12843 = SURFACE_SIDE_STYLE('',(#12844));
#12844 = SURFACE_STYLE_FILL_AREA(#12845);
#12845 = FILL_AREA_STYLE('',(#12846));
#12846 = FILL_AREA_STYLE_COLOUR('',#11592);
#12847 = OVER_RIDING_STYLED_ITEM('overriding color',(#12848),#11426,
  #11585);
#12848 = PRESENTATION_STYLE_ASSIGNMENT((#12849));
#12849 = SURFACE_STYLE_USAGE(.BOTH.,#12850);
#12850 = SURFACE_SIDE_STYLE('',(#12851));
#12851 = SURFACE_STYLE_FILL_AREA(#12852);
#12852 = FILL_AREA_STYLE('',(#12853));
#12853 = FILL_AREA_STYLE_COLOUR('',#11592);
#12854 = OVER_RIDING_STYLED_ITEM('overriding color',(#12855),#11438,
  #11585);
#12855 = PRESENTATION_STYLE_ASSIGNMENT((#12856));
#12856 = SURFACE_STYLE_USAGE(.BOTH.,#12857);
#12857 = SURFACE_SIDE_STYLE('',(#12858));
#12858 = SURFACE_STYLE_FILL_AREA(#12859);
#12859 = FILL_AREA_STYLE('',(#12860));
#12860 = FILL_AREA_STYLE_COLOUR('',#11600);
#12861 = OVER_RIDING_STYLED_ITEM('overriding color',(#12862),#11461,
  #11585);
#12862 = PRESENTATION_STYLE_ASSIGNMENT((#12863));
#12863 = SURFACE_STYLE_USAGE(.BOTH.,#12864);
#12864 = SURFACE_SIDE_STYLE('',(#12865));
#12865 = SURFACE_STYLE_FILL_AREA(#12866);
#12866 = FILL_AREA_STYLE('',(#12867));
#12867 = FILL_AREA_STYLE_COLOUR('',#11600);
#12868 = OVER_RIDING_STYLED_ITEM('overriding color',(#12869),#11479,
  #11585);
#12869 = PRESENTATION_STYLE_ASSIGNMENT((#12870));
#12870 = SURFACE_STYLE_USAGE(.BOTH.,#12871);
#12871 = SURFACE_SIDE_STYLE('',(#12872));
#12872 = SURFACE_STYLE_FILL_AREA(#12873);
#12873 = FILL_AREA_STYLE('',(#12874));
#12874 = FILL_AREA_STYLE_COLOUR('',#11600);
#12875 = OVER_RIDING_STYLED_ITEM('overriding color',(#12876),#11497,
  #11585);
#12876 = PRESENTATION_STYLE_ASSIGNMENT((#12877));
#12877 = SURFACE_STYLE_USAGE(.BOTH.,#12878);
#12878 = SURFACE_SIDE_STYLE('',(#12879));
#12879 = SURFACE_STYLE_FILL_AREA(#12880);
#12880 = FILL_AREA_STYLE('',(#12881));
#12881 = FILL_AREA_STYLE_COLOUR('',#11600);
#12882 = OVER_RIDING_STYLED_ITEM('overriding color',(#12883),#11514,
  #11585);
#12883 = PRESENTATION_STYLE_ASSIGNMENT((#12884));
#12884 = SURFACE_STYLE_USAGE(.BOTH.,#12885);
#12885 = SURFACE_SIDE_STYLE('',(#12886));
#12886 = SURFACE_STYLE_FILL_AREA(#12887);
#12887 = FILL_AREA_STYLE('',(#12888));
#12888 = FILL_AREA_STYLE_COLOUR('',#11600);
#12889 = OVER_RIDING_STYLED_ITEM('overriding color',(#12890),#11531,
  #11585);
#12890 = PRESENTATION_STYLE_ASSIGNMENT((#12891));
#12891 = SURFACE_STYLE_USAGE(.BOTH.,#12892);
#12892 = SURFACE_SIDE_STYLE('',(#12893));
#12893 = SURFACE_STYLE_FILL_AREA(#12894);
#12894 = FILL_AREA_STYLE('',(#12895));
#12895 = FILL_AREA_STYLE_COLOUR('',#11600);
#12896 = OVER_RIDING_STYLED_ITEM('overriding color',(#12897),#11549,
  #11585);
#12897 = PRESENTATION_STYLE_ASSIGNMENT((#12898));
#12898 = SURFACE_STYLE_USAGE(.BOTH.,#12899);
#12899 = SURFACE_SIDE_STYLE('',(#12900));
#12900 = SURFACE_STYLE_FILL_AREA(#12901);
#12901 = FILL_AREA_STYLE('',(#12902));
#12902 = FILL_AREA_STYLE_COLOUR('',#11600);
#12903 = OVER_RIDING_STYLED_ITEM('overriding color',(#12904),#11567,
  #11585);
#12904 = PRESENTATION_STYLE_ASSIGNMENT((#12905));
#12905 = SURFACE_STYLE_USAGE(.BOTH.,#12906);
#12906 = SURFACE_SIDE_STYLE('',(#12907));
#12907 = SURFACE_STYLE_FILL_AREA(#12908);
#12908 = FILL_AREA_STYLE('',(#12909));
#12909 = FILL_AREA_STYLE_COLOUR('',#11600);
#12910 = MECHANICAL_DESIGN_GEOMETRIC_PRESENTATION_REPRESENTATION('',(
    #12911,#12919,#12926,#12933,#12941,#12948,#12955,#12962,#12969,
    #12976,#12984,#12991,#12998,#13005,#13012,#13019,#13026,#13033,
    #13040,#13047,#13054,#13061,#13068,#13075,#13082,#13089,#13096,
    #13103,#13110,#13117,#13124,#13131,#13138,#13145,#13152,#13159,
    #13166,#13173,#13180,#13187,#13194,#13201,#13208,#13215,#13222,
    #13229,#13236,#13243,#13250,#13257,#13264,#13271,#13278,#13285,
    #13292,#13299,#13306,#13313,#13320,#13327,#13334,#13341,#13348,
    #13355,#13362,#13369,#13376,#13383,#13390,#13397,#13404,#13411,
    #13418,#13425,#13432),#3880);
#12911 = STYLED_ITEM('color',(#12912),#1557);
#12912 = PRESENTATION_STYLE_ASSIGNMENT((#12913));
#12913 = SURFACE_STYLE_USAGE(.BOTH.,#12914);
#12914 = SURFACE_SIDE_STYLE('',(#12915));
#12915 = SURFACE_STYLE_FILL_AREA(#12916);
#12916 = FILL_AREA_STYLE('',(#12917));
#12917 = FILL_AREA_STYLE_COLOUR('',#12918);
#12918 = COLOUR_RGB('',0.262745099612,0.282352937581,0.301960791261);
#12919 = OVER_RIDING_STYLED_ITEM('overriding color',(#12920),#1559,
  #12911);
#12920 = PRESENTATION_STYLE_ASSIGNMENT((#12921));
#12921 = SURFACE_STYLE_USAGE(.BOTH.,#12922);
#12922 = SURFACE_SIDE_STYLE('',(#12923));
#12923 = SURFACE_STYLE_FILL_AREA(#12924);
#12924 = FILL_AREA_STYLE('',(#12925));
#12925 = FILL_AREA_STYLE_COLOUR('',#12918);
#12926 = OVER_RIDING_STYLED_ITEM('overriding color',(#12927),#1601,
  #12911);
#12927 = PRESENTATION_STYLE_ASSIGNMENT((#12928));
#12928 = SURFACE_STYLE_USAGE(.BOTH.,#12929);
#12929 = SURFACE_SIDE_STYLE('',(#12930));
#12930 = SURFACE_STYLE_FILL_AREA(#12931);
#12931 = FILL_AREA_STYLE('',(#12932));
#12932 = FILL_AREA_STYLE_COLOUR('',#12918);
#12933 = OVER_RIDING_STYLED_ITEM('overriding color',(#12934),#1643,
  #12911);
#12934 = PRESENTATION_STYLE_ASSIGNMENT((#12935));
#12935 = SURFACE_STYLE_USAGE(.BOTH.,#12936);
#12936 = SURFACE_SIDE_STYLE('',(#12937));
#12937 = SURFACE_STYLE_FILL_AREA(#12938);
#12938 = FILL_AREA_STYLE('',(#12939));
#12939 = FILL_AREA_STYLE_COLOUR('',#12940);
#12940 = COLOUR_RGB('',0.811764696686,0.858823514405,0.898039222556);
#12941 = OVER_RIDING_STYLED_ITEM('overriding color',(#12942),#1685,
  #12911);
#12942 = PRESENTATION_STYLE_ASSIGNMENT((#12943));
#12943 = SURFACE_STYLE_USAGE(.BOTH.,#12944);
#12944 = SURFACE_SIDE_STYLE('',(#12945));
#12945 = SURFACE_STYLE_FILL_AREA(#12946);
#12946 = FILL_AREA_STYLE('',(#12947));
#12947 = FILL_AREA_STYLE_COLOUR('',#12940);
#12948 = OVER_RIDING_STYLED_ITEM('overriding color',(#12949),#1727,
  #12911);
#12949 = PRESENTATION_STYLE_ASSIGNMENT((#12950));
#12950 = SURFACE_STYLE_USAGE(.BOTH.,#12951);
#12951 = SURFACE_SIDE_STYLE('',(#12952));
#12952 = SURFACE_STYLE_FILL_AREA(#12953);
#12953 = FILL_AREA_STYLE('',(#12954));
#12954 = FILL_AREA_STYLE_COLOUR('',#12940);
#12955 = OVER_RIDING_STYLED_ITEM('overriding color',(#12956),#1769,
  #12911);
#12956 = PRESENTATION_STYLE_ASSIGNMENT((#12957));
#12957 = SURFACE_STYLE_USAGE(.BOTH.,#12958);
#12958 = SURFACE_SIDE_STYLE('',(#12959));
#12959 = SURFACE_STYLE_FILL_AREA(#12960);
#12960 = FILL_AREA_STYLE('',(#12961));
#12961 = FILL_AREA_STYLE_COLOUR('',#12940);
#12962 = OVER_RIDING_STYLED_ITEM('overriding color',(#12963),#1811,
  #12911);
#12963 = PRESENTATION_STYLE_ASSIGNMENT((#12964));
#12964 = SURFACE_STYLE_USAGE(.BOTH.,#12965);
#12965 = SURFACE_SIDE_STYLE('',(#12966));
#12966 = SURFACE_STYLE_FILL_AREA(#12967);
#12967 = FILL_AREA_STYLE('',(#12968));
#12968 = FILL_AREA_STYLE_COLOUR('',#12940);
#12969 = OVER_RIDING_STYLED_ITEM('overriding color',(#12970),#1853,
  #12911);
#12970 = PRESENTATION_STYLE_ASSIGNMENT((#12971));
#12971 = SURFACE_STYLE_USAGE(.BOTH.,#12972);
#12972 = SURFACE_SIDE_STYLE('',(#12973));
#12973 = SURFACE_STYLE_FILL_AREA(#12974);
#12974 = FILL_AREA_STYLE('',(#12975));
#12975 = FILL_AREA_STYLE_COLOUR('',#12940);
#12976 = OVER_RIDING_STYLED_ITEM('overriding color',(#12977),#1895,
  #12911);
#12977 = PRESENTATION_STYLE_ASSIGNMENT((#12978));
#12978 = SURFACE_STYLE_USAGE(.BOTH.,#12979);
#12979 = SURFACE_SIDE_STYLE('',(#12980));
#12980 = SURFACE_STYLE_FILL_AREA(#12981);
#12981 = FILL_AREA_STYLE('',(#12982));
#12982 = FILL_AREA_STYLE_COLOUR('',#12983);
#12983 = DRAUGHTING_PRE_DEFINED_COLOUR('white');
#12984 = OVER_RIDING_STYLED_ITEM('overriding color',(#12985),#1937,
  #12911);
#12985 = PRESENTATION_STYLE_ASSIGNMENT((#12986));
#12986 = SURFACE_STYLE_USAGE(.BOTH.,#12987);
#12987 = SURFACE_SIDE_STYLE('',(#12988));
#12988 = SURFACE_STYLE_FILL_AREA(#12989);
#12989 = FILL_AREA_STYLE('',(#12990));
#12990 = FILL_AREA_STYLE_COLOUR('',#12983);
#12991 = OVER_RIDING_STYLED_ITEM('overriding color',(#12992),#1977,
  #12911);
#12992 = PRESENTATION_STYLE_ASSIGNMENT((#12993));
#12993 = SURFACE_STYLE_USAGE(.BOTH.,#12994);
#12994 = SURFACE_SIDE_STYLE('',(#12995));
#12995 = SURFACE_STYLE_FILL_AREA(#12996);
#12996 = FILL_AREA_STYLE('',(#12997));
#12997 = FILL_AREA_STYLE_COLOUR('',#12983);
#12998 = OVER_RIDING_STYLED_ITEM('overriding color',(#12999),#2002,
  #12911);
#12999 = PRESENTATION_STYLE_ASSIGNMENT((#13000));
#13000 = SURFACE_STYLE_USAGE(.BOTH.,#13001);
#13001 = SURFACE_SIDE_STYLE('',(#13002));
#13002 = SURFACE_STYLE_FILL_AREA(#13003);
#13003 = FILL_AREA_STYLE('',(#13004));
#13004 = FILL_AREA_STYLE_COLOUR('',#12983);
#13005 = OVER_RIDING_STYLED_ITEM('overriding color',(#13006),#2026,
  #12911);
#13006 = PRESENTATION_STYLE_ASSIGNMENT((#13007));
#13007 = SURFACE_STYLE_USAGE(.BOTH.,#13008);
#13008 = SURFACE_SIDE_STYLE('',(#13009));
#13009 = SURFACE_STYLE_FILL_AREA(#13010);
#13010 = FILL_AREA_STYLE('',(#13011));
#13011 = FILL_AREA_STYLE_COLOUR('',#12983);
#13012 = OVER_RIDING_STYLED_ITEM('overriding color',(#13013),#2051,
  #12911);
#13013 = PRESENTATION_STYLE_ASSIGNMENT((#13014));
#13014 = SURFACE_STYLE_USAGE(.BOTH.,#13015);
#13015 = SURFACE_SIDE_STYLE('',(#13016));
#13016 = SURFACE_STYLE_FILL_AREA(#13017);
#13017 = FILL_AREA_STYLE('',(#13018));
#13018 = FILL_AREA_STYLE_COLOUR('',#12983);
#13019 = OVER_RIDING_STYLED_ITEM('overriding color',(#13020),#2068,
  #12911);
#13020 = PRESENTATION_STYLE_ASSIGNMENT((#13021));
#13021 = SURFACE_STYLE_USAGE(.BOTH.,#13022);
#13022 = SURFACE_SIDE_STYLE('',(#13023));
#13023 = SURFACE_STYLE_FILL_AREA(#13024);
#13024 = FILL_AREA_STYLE('',(#13025));
#13025 = FILL_AREA_STYLE_COLOUR('',#12940);
#13026 = OVER_RIDING_STYLED_ITEM('overriding color',(#13027),#2101,
  #12911);
#13027 = PRESENTATION_STYLE_ASSIGNMENT((#13028));
#13028 = SURFACE_STYLE_USAGE(.BOTH.,#13029);
#13029 = SURFACE_SIDE_STYLE('',(#13030));
#13030 = SURFACE_STYLE_FILL_AREA(#13031);
#13031 = FILL_AREA_STYLE('',(#13032));
#13032 = FILL_AREA_STYLE_COLOUR('',#12940);
#13033 = OVER_RIDING_STYLED_ITEM('overriding color',(#13034),#2123,
  #12911);
#13034 = PRESENTATION_STYLE_ASSIGNMENT((#13035));
#13035 = SURFACE_STYLE_USAGE(.BOTH.,#13036);
#13036 = SURFACE_SIDE_STYLE('',(#13037));
#13037 = SURFACE_STYLE_FILL_AREA(#13038);
#13038 = FILL_AREA_STYLE('',(#13039));
#13039 = FILL_AREA_STYLE_COLOUR('',#12940);
#13040 = OVER_RIDING_STYLED_ITEM('overriding color',(#13041),#2166,
  #12911);
#13041 = PRESENTATION_STYLE_ASSIGNMENT((#13042));
#13042 = SURFACE_STYLE_USAGE(.BOTH.,#13043);
#13043 = SURFACE_SIDE_STYLE('',(#13044));
#13044 = SURFACE_STYLE_FILL_AREA(#13045);
#13045 = FILL_AREA_STYLE('',(#13046));
#13046 = FILL_AREA_STYLE_COLOUR('',#12940);
#13047 = OVER_RIDING_STYLED_ITEM('overriding color',(#13048),#2191,
  #12911);
#13048 = PRESENTATION_STYLE_ASSIGNMENT((#13049));
#13049 = SURFACE_STYLE_USAGE(.BOTH.,#13050);
#13050 = SURFACE_SIDE_STYLE('',(#13051));
#13051 = SURFACE_STYLE_FILL_AREA(#13052);
#13052 = FILL_AREA_STYLE('',(#13053));
#13053 = FILL_AREA_STYLE_COLOUR('',#12940);
#13054 = OVER_RIDING_STYLED_ITEM('overriding color',(#13055),#2226,
  #12911);
#13055 = PRESENTATION_STYLE_ASSIGNMENT((#13056));
#13056 = SURFACE_STYLE_USAGE(.BOTH.,#13057);
#13057 = SURFACE_SIDE_STYLE('',(#13058));
#13058 = SURFACE_STYLE_FILL_AREA(#13059);
#13059 = FILL_AREA_STYLE('',(#13060));
#13060 = FILL_AREA_STYLE_COLOUR('',#12940);
#13061 = OVER_RIDING_STYLED_ITEM('overriding color',(#13062),#2243,
  #12911);
#13062 = PRESENTATION_STYLE_ASSIGNMENT((#13063));
#13063 = SURFACE_STYLE_USAGE(.BOTH.,#13064);
#13064 = SURFACE_SIDE_STYLE('',(#13065));
#13065 = SURFACE_STYLE_FILL_AREA(#13066);
#13066 = FILL_AREA_STYLE('',(#13067));
#13067 = FILL_AREA_STYLE_COLOUR('',#12940);
#13068 = OVER_RIDING_STYLED_ITEM('overriding color',(#13069),#2260,
  #12911);
#13069 = PRESENTATION_STYLE_ASSIGNMENT((#13070));
#13070 = SURFACE_STYLE_USAGE(.BOTH.,#13071);
#13071 = SURFACE_SIDE_STYLE('',(#13072));
#13072 = SURFACE_STYLE_FILL_AREA(#13073);
#13073 = FILL_AREA_STYLE('',(#13074));
#13074 = FILL_AREA_STYLE_COLOUR('',#12940);
#13075 = OVER_RIDING_STYLED_ITEM('overriding color',(#13076),#2293,
  #12911);
#13076 = PRESENTATION_STYLE_ASSIGNMENT((#13077));
#13077 = SURFACE_STYLE_USAGE(.BOTH.,#13078);
#13078 = SURFACE_SIDE_STYLE('',(#13079));
#13079 = SURFACE_STYLE_FILL_AREA(#13080);
#13080 = FILL_AREA_STYLE('',(#13081));
#13081 = FILL_AREA_STYLE_COLOUR('',#12940);
#13082 = OVER_RIDING_STYLED_ITEM('overriding color',(#13083),#2315,
  #12911);
#13083 = PRESENTATION_STYLE_ASSIGNMENT((#13084));
#13084 = SURFACE_STYLE_USAGE(.BOTH.,#13085);
#13085 = SURFACE_SIDE_STYLE('',(#13086));
#13086 = SURFACE_STYLE_FILL_AREA(#13087);
#13087 = FILL_AREA_STYLE('',(#13088));
#13088 = FILL_AREA_STYLE_COLOUR('',#12940);
#13089 = OVER_RIDING_STYLED_ITEM('overriding color',(#13090),#2358,
  #12911);
#13090 = PRESENTATION_STYLE_ASSIGNMENT((#13091));
#13091 = SURFACE_STYLE_USAGE(.BOTH.,#13092);
#13092 = SURFACE_SIDE_STYLE('',(#13093));
#13093 = SURFACE_STYLE_FILL_AREA(#13094);
#13094 = FILL_AREA_STYLE('',(#13095));
#13095 = FILL_AREA_STYLE_COLOUR('',#12940);
#13096 = OVER_RIDING_STYLED_ITEM('overriding color',(#13097),#2383,
  #12911);
#13097 = PRESENTATION_STYLE_ASSIGNMENT((#13098));
#13098 = SURFACE_STYLE_USAGE(.BOTH.,#13099);
#13099 = SURFACE_SIDE_STYLE('',(#13100));
#13100 = SURFACE_STYLE_FILL_AREA(#13101);
#13101 = FILL_AREA_STYLE('',(#13102));
#13102 = FILL_AREA_STYLE_COLOUR('',#12940);
#13103 = OVER_RIDING_STYLED_ITEM('overriding color',(#13104),#2418,
  #12911);
#13104 = PRESENTATION_STYLE_ASSIGNMENT((#13105));
#13105 = SURFACE_STYLE_USAGE(.BOTH.,#13106);
#13106 = SURFACE_SIDE_STYLE('',(#13107));
#13107 = SURFACE_STYLE_FILL_AREA(#13108);
#13108 = FILL_AREA_STYLE('',(#13109));
#13109 = FILL_AREA_STYLE_COLOUR('',#12940);
#13110 = OVER_RIDING_STYLED_ITEM('overriding color',(#13111),#2435,
  #12911);
#13111 = PRESENTATION_STYLE_ASSIGNMENT((#13112));
#13112 = SURFACE_STYLE_USAGE(.BOTH.,#13113);
#13113 = SURFACE_SIDE_STYLE('',(#13114));
#13114 = SURFACE_STYLE_FILL_AREA(#13115);
#13115 = FILL_AREA_STYLE('',(#13116));
#13116 = FILL_AREA_STYLE_COLOUR('',#12940);
#13117 = OVER_RIDING_STYLED_ITEM('overriding color',(#13118),#2452,
  #12911);
#13118 = PRESENTATION_STYLE_ASSIGNMENT((#13119));
#13119 = SURFACE_STYLE_USAGE(.BOTH.,#13120);
#13120 = SURFACE_SIDE_STYLE('',(#13121));
#13121 = SURFACE_STYLE_FILL_AREA(#13122);
#13122 = FILL_AREA_STYLE('',(#13123));
#13123 = FILL_AREA_STYLE_COLOUR('',#12940);
#13124 = OVER_RIDING_STYLED_ITEM('overriding color',(#13125),#2485,
  #12911);
#13125 = PRESENTATION_STYLE_ASSIGNMENT((#13126));
#13126 = SURFACE_STYLE_USAGE(.BOTH.,#13127);
#13127 = SURFACE_SIDE_STYLE('',(#13128));
#13128 = SURFACE_STYLE_FILL_AREA(#13129);
#13129 = FILL_AREA_STYLE('',(#13130));
#13130 = FILL_AREA_STYLE_COLOUR('',#12940);
#13131 = OVER_RIDING_STYLED_ITEM('overriding color',(#13132),#2533,
  #12911);
#13132 = PRESENTATION_STYLE_ASSIGNMENT((#13133));
#13133 = SURFACE_STYLE_USAGE(.BOTH.,#13134);
#13134 = SURFACE_SIDE_STYLE('',(#13135));
#13135 = SURFACE_STYLE_FILL_AREA(#13136);
#13136 = FILL_AREA_STYLE('',(#13137));
#13137 = FILL_AREA_STYLE_COLOUR('',#12940);
#13138 = OVER_RIDING_STYLED_ITEM('overriding color',(#13139),#2550,
  #12911);
#13139 = PRESENTATION_STYLE_ASSIGNMENT((#13140));
#13140 = SURFACE_STYLE_USAGE(.BOTH.,#13141);
#13141 = SURFACE_SIDE_STYLE('',(#13142));
#13142 = SURFACE_STYLE_FILL_AREA(#13143);
#13143 = FILL_AREA_STYLE('',(#13144));
#13144 = FILL_AREA_STYLE_COLOUR('',#12940);
#13145 = OVER_RIDING_STYLED_ITEM('overriding color',(#13146),#2575,
  #12911);
#13146 = PRESENTATION_STYLE_ASSIGNMENT((#13147));
#13147 = SURFACE_STYLE_USAGE(.BOTH.,#13148);
#13148 = SURFACE_SIDE_STYLE('',(#13149));
#13149 = SURFACE_STYLE_FILL_AREA(#13150);
#13150 = FILL_AREA_STYLE('',(#13151));
#13151 = FILL_AREA_STYLE_COLOUR('',#12940);
#13152 = OVER_RIDING_STYLED_ITEM('overriding color',(#13153),#2599,
  #12911);
#13153 = PRESENTATION_STYLE_ASSIGNMENT((#13154));
#13154 = SURFACE_STYLE_USAGE(.BOTH.,#13155);
#13155 = SURFACE_SIDE_STYLE('',(#13156));
#13156 = SURFACE_STYLE_FILL_AREA(#13157);
#13157 = FILL_AREA_STYLE('',(#13158));
#13158 = FILL_AREA_STYLE_COLOUR('',#12940);
#13159 = OVER_RIDING_STYLED_ITEM('overriding color',(#13160),#2627,
  #12911);
#13160 = PRESENTATION_STYLE_ASSIGNMENT((#13161));
#13161 = SURFACE_STYLE_USAGE(.BOTH.,#13162);
#13162 = SURFACE_SIDE_STYLE('',(#13163));
#13163 = SURFACE_STYLE_FILL_AREA(#13164);
#13164 = FILL_AREA_STYLE('',(#13165));
#13165 = FILL_AREA_STYLE_COLOUR('',#12940);
#13166 = OVER_RIDING_STYLED_ITEM('overriding color',(#13167),#2644,
  #12911);
#13167 = PRESENTATION_STYLE_ASSIGNMENT((#13168));
#13168 = SURFACE_STYLE_USAGE(.BOTH.,#13169);
#13169 = SURFACE_SIDE_STYLE('',(#13170));
#13170 = SURFACE_STYLE_FILL_AREA(#13171);
#13171 = FILL_AREA_STYLE('',(#13172));
#13172 = FILL_AREA_STYLE_COLOUR('',#12918);
#13173 = OVER_RIDING_STYLED_ITEM('overriding color',(#13174),#2684,
  #12911);
#13174 = PRESENTATION_STYLE_ASSIGNMENT((#13175));
#13175 = SURFACE_STYLE_USAGE(.BOTH.,#13176);
#13176 = SURFACE_SIDE_STYLE('',(#13177));
#13177 = SURFACE_STYLE_FILL_AREA(#13178);
#13178 = FILL_AREA_STYLE('',(#13179));
#13179 = FILL_AREA_STYLE_COLOUR('',#12918);
#13180 = OVER_RIDING_STYLED_ITEM('overriding color',(#13181),#2715,
  #12911);
#13181 = PRESENTATION_STYLE_ASSIGNMENT((#13182));
#13182 = SURFACE_STYLE_USAGE(.BOTH.,#13183);
#13183 = SURFACE_SIDE_STYLE('',(#13184));
#13184 = SURFACE_STYLE_FILL_AREA(#13185);
#13185 = FILL_AREA_STYLE('',(#13186));
#13186 = FILL_AREA_STYLE_COLOUR('',#12918);
#13187 = OVER_RIDING_STYLED_ITEM('overriding color',(#13188),#2755,
  #12911);
#13188 = PRESENTATION_STYLE_ASSIGNMENT((#13189));
#13189 = SURFACE_STYLE_USAGE(.BOTH.,#13190);
#13190 = SURFACE_SIDE_STYLE('',(#13191));
#13191 = SURFACE_STYLE_FILL_AREA(#13192);
#13192 = FILL_AREA_STYLE('',(#13193));
#13193 = FILL_AREA_STYLE_COLOUR('',#12918);
#13194 = OVER_RIDING_STYLED_ITEM('overriding color',(#13195),#2786,
  #12911);
#13195 = PRESENTATION_STYLE_ASSIGNMENT((#13196));
#13196 = SURFACE_STYLE_USAGE(.BOTH.,#13197);
#13197 = SURFACE_SIDE_STYLE('',(#13198));
#13198 = SURFACE_STYLE_FILL_AREA(#13199);
#13199 = FILL_AREA_STYLE('',(#13200));
#13200 = FILL_AREA_STYLE_COLOUR('',#12918);
#13201 = OVER_RIDING_STYLED_ITEM('overriding color',(#13202),#2826,
  #12911);
#13202 = PRESENTATION_STYLE_ASSIGNMENT((#13203));
#13203 = SURFACE_STYLE_USAGE(.BOTH.,#13204);
#13204 = SURFACE_SIDE_STYLE('',(#13205));
#13205 = SURFACE_STYLE_FILL_AREA(#13206);
#13206 = FILL_AREA_STYLE('',(#13207));
#13207 = FILL_AREA_STYLE_COLOUR('',#12918);
#13208 = OVER_RIDING_STYLED_ITEM('overriding color',(#13209),#2857,
  #12911);
#13209 = PRESENTATION_STYLE_ASSIGNMENT((#13210));
#13210 = SURFACE_STYLE_USAGE(.BOTH.,#13211);
#13211 = SURFACE_SIDE_STYLE('',(#13212));
#13212 = SURFACE_STYLE_FILL_AREA(#13213);
#13213 = FILL_AREA_STYLE('',(#13214));
#13214 = FILL_AREA_STYLE_COLOUR('',#12918);
#13215 = OVER_RIDING_STYLED_ITEM('overriding color',(#13216),#2897,
  #12911);
#13216 = PRESENTATION_STYLE_ASSIGNMENT((#13217));
#13217 = SURFACE_STYLE_USAGE(.BOTH.,#13218);
#13218 = SURFACE_SIDE_STYLE('',(#13219));
#13219 = SURFACE_STYLE_FILL_AREA(#13220);
#13220 = FILL_AREA_STYLE('',(#13221));
#13221 = FILL_AREA_STYLE_COLOUR('',#12918);
#13222 = OVER_RIDING_STYLED_ITEM('overriding color',(#13223),#2928,
  #12911);
#13223 = PRESENTATION_STYLE_ASSIGNMENT((#13224));
#13224 = SURFACE_STYLE_USAGE(.BOTH.,#13225);
#13225 = SURFACE_SIDE_STYLE('',(#13226));
#13226 = SURFACE_STYLE_FILL_AREA(#13227);
#13227 = FILL_AREA_STYLE('',(#13228));
#13228 = FILL_AREA_STYLE_COLOUR('',#12918);
#13229 = OVER_RIDING_STYLED_ITEM('overriding color',(#13230),#2968,
  #12911);
#13230 = PRESENTATION_STYLE_ASSIGNMENT((#13231));
#13231 = SURFACE_STYLE_USAGE(.BOTH.,#13232);
#13232 = SURFACE_SIDE_STYLE('',(#13233));
#13233 = SURFACE_STYLE_FILL_AREA(#13234);
#13234 = FILL_AREA_STYLE('',(#13235));
#13235 = FILL_AREA_STYLE_COLOUR('',#12918);
#13236 = OVER_RIDING_STYLED_ITEM('overriding color',(#13237),#2999,
  #12911);
#13237 = PRESENTATION_STYLE_ASSIGNMENT((#13238));
#13238 = SURFACE_STYLE_USAGE(.BOTH.,#13239);
#13239 = SURFACE_SIDE_STYLE('',(#13240));
#13240 = SURFACE_STYLE_FILL_AREA(#13241);
#13241 = FILL_AREA_STYLE('',(#13242));
#13242 = FILL_AREA_STYLE_COLOUR('',#12918);
#13243 = OVER_RIDING_STYLED_ITEM('overriding color',(#13244),#3039,
  #12911);
#13244 = PRESENTATION_STYLE_ASSIGNMENT((#13245));
#13245 = SURFACE_STYLE_USAGE(.BOTH.,#13246);
#13246 = SURFACE_SIDE_STYLE('',(#13247));
#13247 = SURFACE_STYLE_FILL_AREA(#13248);
#13248 = FILL_AREA_STYLE('',(#13249));
#13249 = FILL_AREA_STYLE_COLOUR('',#12918);
#13250 = OVER_RIDING_STYLED_ITEM('overriding color',(#13251),#3070,
  #12911);
#13251 = PRESENTATION_STYLE_ASSIGNMENT((#13252));
#13252 = SURFACE_STYLE_USAGE(.BOTH.,#13253);
#13253 = SURFACE_SIDE_STYLE('',(#13254));
#13254 = SURFACE_STYLE_FILL_AREA(#13255);
#13255 = FILL_AREA_STYLE('',(#13256));
#13256 = FILL_AREA_STYLE_COLOUR('',#12918);
#13257 = OVER_RIDING_STYLED_ITEM('overriding color',(#13258),#3094,
  #12911);
#13258 = PRESENTATION_STYLE_ASSIGNMENT((#13259));
#13259 = SURFACE_STYLE_USAGE(.BOTH.,#13260);
#13260 = SURFACE_SIDE_STYLE('',(#13261));
#13261 = SURFACE_STYLE_FILL_AREA(#13262);
#13262 = FILL_AREA_STYLE('',(#13263));
#13263 = FILL_AREA_STYLE_COLOUR('',#12918);
#13264 = OVER_RIDING_STYLED_ITEM('overriding color',(#13265),#3118,
  #12911);
#13265 = PRESENTATION_STYLE_ASSIGNMENT((#13266));
#13266 = SURFACE_STYLE_USAGE(.BOTH.,#13267);
#13267 = SURFACE_SIDE_STYLE('',(#13268));
#13268 = SURFACE_STYLE_FILL_AREA(#13269);
#13269 = FILL_AREA_STYLE('',(#13270));
#13270 = FILL_AREA_STYLE_COLOUR('',#12918);
#13271 = OVER_RIDING_STYLED_ITEM('overriding color',(#13272),#3158,
  #12911);
#13272 = PRESENTATION_STYLE_ASSIGNMENT((#13273));
#13273 = SURFACE_STYLE_USAGE(.BOTH.,#13274);
#13274 = SURFACE_SIDE_STYLE('',(#13275));
#13275 = SURFACE_STYLE_FILL_AREA(#13276);
#13276 = FILL_AREA_STYLE('',(#13277));
#13277 = FILL_AREA_STYLE_COLOUR('',#12918);
#13278 = OVER_RIDING_STYLED_ITEM('overriding color',(#13279),#3189,
  #12911);
#13279 = PRESENTATION_STYLE_ASSIGNMENT((#13280));
#13280 = SURFACE_STYLE_USAGE(.BOTH.,#13281);
#13281 = SURFACE_SIDE_STYLE('',(#13282));
#13282 = SURFACE_STYLE_FILL_AREA(#13283);
#13283 = FILL_AREA_STYLE('',(#13284));
#13284 = FILL_AREA_STYLE_COLOUR('',#12918);
#13285 = OVER_RIDING_STYLED_ITEM('overriding color',(#13286),#3220,
  #12911);
#13286 = PRESENTATION_STYLE_ASSIGNMENT((#13287));
#13287 = SURFACE_STYLE_USAGE(.BOTH.,#13288);
#13288 = SURFACE_SIDE_STYLE('',(#13289));
#13289 = SURFACE_STYLE_FILL_AREA(#13290);
#13290 = FILL_AREA_STYLE('',(#13291));
#13291 = FILL_AREA_STYLE_COLOUR('',#12918);
#13292 = OVER_RIDING_STYLED_ITEM('overriding color',(#13293),#3242,
  #12911);
#13293 = PRESENTATION_STYLE_ASSIGNMENT((#13294));
#13294 = SURFACE_STYLE_USAGE(.BOTH.,#13295);
#13295 = SURFACE_SIDE_STYLE('',(#13296));
#13296 = SURFACE_STYLE_FILL_AREA(#13297);
#13297 = FILL_AREA_STYLE('',(#13298));
#13298 = FILL_AREA_STYLE_COLOUR('',#12918);
#13299 = OVER_RIDING_STYLED_ITEM('overriding color',(#13300),#3254,
  #12911);
#13300 = PRESENTATION_STYLE_ASSIGNMENT((#13301));
#13301 = SURFACE_STYLE_USAGE(.BOTH.,#13302);
#13302 = SURFACE_SIDE_STYLE('',(#13303));
#13303 = SURFACE_STYLE_FILL_AREA(#13304);
#13304 = FILL_AREA_STYLE('',(#13305));
#13305 = FILL_AREA_STYLE_COLOUR('',#12918);
#13306 = OVER_RIDING_STYLED_ITEM('overriding color',(#13307),#3294,
  #12911);
#13307 = PRESENTATION_STYLE_ASSIGNMENT((#13308));
#13308 = SURFACE_STYLE_USAGE(.BOTH.,#13309);
#13309 = SURFACE_SIDE_STYLE('',(#13310));
#13310 = SURFACE_STYLE_FILL_AREA(#13311);
#13311 = FILL_AREA_STYLE('',(#13312));
#13312 = FILL_AREA_STYLE_COLOUR('',#12918);
#13313 = OVER_RIDING_STYLED_ITEM('overriding color',(#13314),#3334,
  #12911);
#13314 = PRESENTATION_STYLE_ASSIGNMENT((#13315));
#13315 = SURFACE_STYLE_USAGE(.BOTH.,#13316);
#13316 = SURFACE_SIDE_STYLE('',(#13317));
#13317 = SURFACE_STYLE_FILL_AREA(#13318);
#13318 = FILL_AREA_STYLE('',(#13319));
#13319 = FILL_AREA_STYLE_COLOUR('',#12918);
#13320 = OVER_RIDING_STYLED_ITEM('overriding color',(#13321),#3365,
  #12911);
#13321 = PRESENTATION_STYLE_ASSIGNMENT((#13322));
#13322 = SURFACE_STYLE_USAGE(.BOTH.,#13323);
#13323 = SURFACE_SIDE_STYLE('',(#13324));
#13324 = SURFACE_STYLE_FILL_AREA(#13325);
#13325 = FILL_AREA_STYLE('',(#13326));
#13326 = FILL_AREA_STYLE_COLOUR('',#12918);
#13327 = OVER_RIDING_STYLED_ITEM('overriding color',(#13328),#3396,
  #12911);
#13328 = PRESENTATION_STYLE_ASSIGNMENT((#13329));
#13329 = SURFACE_STYLE_USAGE(.BOTH.,#13330);
#13330 = SURFACE_SIDE_STYLE('',(#13331));
#13331 = SURFACE_STYLE_FILL_AREA(#13332);
#13332 = FILL_AREA_STYLE('',(#13333));
#13333 = FILL_AREA_STYLE_COLOUR('',#12918);
#13334 = OVER_RIDING_STYLED_ITEM('overriding color',(#13335),#3413,
  #12911);
#13335 = PRESENTATION_STYLE_ASSIGNMENT((#13336));
#13336 = SURFACE_STYLE_USAGE(.BOTH.,#13337);
#13337 = SURFACE_SIDE_STYLE('',(#13338));
#13338 = SURFACE_STYLE_FILL_AREA(#13339);
#13339 = FILL_AREA_STYLE('',(#13340));
#13340 = FILL_AREA_STYLE_COLOUR('',#12918);
#13341 = OVER_RIDING_STYLED_ITEM('overriding color',(#13342),#3444,
  #12911);
#13342 = PRESENTATION_STYLE_ASSIGNMENT((#13343));
#13343 = SURFACE_STYLE_USAGE(.BOTH.,#13344);
#13344 = SURFACE_SIDE_STYLE('',(#13345));
#13345 = SURFACE_STYLE_FILL_AREA(#13346);
#13346 = FILL_AREA_STYLE('',(#13347));
#13347 = FILL_AREA_STYLE_COLOUR('',#12918);
#13348 = OVER_RIDING_STYLED_ITEM('overriding color',(#13349),#3475,
  #12911);
#13349 = PRESENTATION_STYLE_ASSIGNMENT((#13350));
#13350 = SURFACE_STYLE_USAGE(.BOTH.,#13351);
#13351 = SURFACE_SIDE_STYLE('',(#13352));
#13352 = SURFACE_STYLE_FILL_AREA(#13353);
#13353 = FILL_AREA_STYLE('',(#13354));
#13354 = FILL_AREA_STYLE_COLOUR('',#12918);
#13355 = OVER_RIDING_STYLED_ITEM('overriding color',(#13356),#3492,
  #12911);
#13356 = PRESENTATION_STYLE_ASSIGNMENT((#13357));
#13357 = SURFACE_STYLE_USAGE(.BOTH.,#13358);
#13358 = SURFACE_SIDE_STYLE('',(#13359));
#13359 = SURFACE_STYLE_FILL_AREA(#13360);
#13360 = FILL_AREA_STYLE('',(#13361));
#13361 = FILL_AREA_STYLE_COLOUR('',#12918);
#13362 = OVER_RIDING_STYLED_ITEM('overriding color',(#13363),#3523,
  #12911);
#13363 = PRESENTATION_STYLE_ASSIGNMENT((#13364));
#13364 = SURFACE_STYLE_USAGE(.BOTH.,#13365);
#13365 = SURFACE_SIDE_STYLE('',(#13366));
#13366 = SURFACE_STYLE_FILL_AREA(#13367);
#13367 = FILL_AREA_STYLE('',(#13368));
#13368 = FILL_AREA_STYLE_COLOUR('',#12918);
#13369 = OVER_RIDING_STYLED_ITEM('overriding color',(#13370),#3545,
  #12911);
#13370 = PRESENTATION_STYLE_ASSIGNMENT((#13371));
#13371 = SURFACE_STYLE_USAGE(.BOTH.,#13372);
#13372 = SURFACE_SIDE_STYLE('',(#13373));
#13373 = SURFACE_STYLE_FILL_AREA(#13374);
#13374 = FILL_AREA_STYLE('',(#13375));
#13375 = FILL_AREA_STYLE_COLOUR('',#12918);
#13376 = OVER_RIDING_STYLED_ITEM('overriding color',(#13377),#3573,
  #12911);
#13377 = PRESENTATION_STYLE_ASSIGNMENT((#13378));
#13378 = SURFACE_STYLE_USAGE(.BOTH.,#13379);
#13379 = SURFACE_SIDE_STYLE('',(#13380));
#13380 = SURFACE_STYLE_FILL_AREA(#13381);
#13381 = FILL_AREA_STYLE('',(#13382));
#13382 = FILL_AREA_STYLE_COLOUR('',#12918);
#13383 = OVER_RIDING_STYLED_ITEM('overriding color',(#13384),#3595,
  #12911);
#13384 = PRESENTATION_STYLE_ASSIGNMENT((#13385));
#13385 = SURFACE_STYLE_USAGE(.BOTH.,#13386);
#13386 = SURFACE_SIDE_STYLE('',(#13387));
#13387 = SURFACE_STYLE_FILL_AREA(#13388);
#13388 = FILL_AREA_STYLE('',(#13389));
#13389 = FILL_AREA_STYLE_COLOUR('',#12918);
#13390 = OVER_RIDING_STYLED_ITEM('overriding color',(#13391),#3626,
  #12911);
#13391 = PRESENTATION_STYLE_ASSIGNMENT((#13392));
#13392 = SURFACE_STYLE_USAGE(.BOTH.,#13393);
#13393 = SURFACE_SIDE_STYLE('',(#13394));
#13394 = SURFACE_STYLE_FILL_AREA(#13395);
#13395 = FILL_AREA_STYLE('',(#13396));
#13396 = FILL_AREA_STYLE_COLOUR('',#12918);
#13397 = OVER_RIDING_STYLED_ITEM('overriding color',(#13398),#3666,
  #12911);
#13398 = PRESENTATION_STYLE_ASSIGNMENT((#13399));
#13399 = SURFACE_STYLE_USAGE(.BOTH.,#13400);
#13400 = SURFACE_SIDE_STYLE('',(#13401));
#13401 = SURFACE_STYLE_FILL_AREA(#13402);
#13402 = FILL_AREA_STYLE('',(#13403));
#13403 = FILL_AREA_STYLE_COLOUR('',#12918);
#13404 = OVER_RIDING_STYLED_ITEM('overriding color',(#13405),#3726,
  #12911);
#13405 = PRESENTATION_STYLE_ASSIGNMENT((#13406));
#13406 = SURFACE_STYLE_USAGE(.BOTH.,#13407);
#13407 = SURFACE_SIDE_STYLE('',(#13408));
#13408 = SURFACE_STYLE_FILL_AREA(#13409);
#13409 = FILL_AREA_STYLE('',(#13410));
#13410 = FILL_AREA_STYLE_COLOUR('',#12918);
#13411 = OVER_RIDING_STYLED_ITEM('overriding color',(#13412),#3759,
  #12911);
#13412 = PRESENTATION_STYLE_ASSIGNMENT((#13413));
#13413 = SURFACE_STYLE_USAGE(.BOTH.,#13414);
#13414 = SURFACE_SIDE_STYLE('',(#13415));
#13415 = SURFACE_STYLE_FILL_AREA(#13416);
#13416 = FILL_AREA_STYLE('',(#13417));
#13417 = FILL_AREA_STYLE_COLOUR('',#12918);
#13418 = OVER_RIDING_STYLED_ITEM('overriding color',(#13419),#3812,
  #12911);
#13419 = PRESENTATION_STYLE_ASSIGNMENT((#13420));
#13420 = SURFACE_STYLE_USAGE(.BOTH.,#13421);
#13421 = SURFACE_SIDE_STYLE('',(#13422));
#13422 = SURFACE_STYLE_FILL_AREA(#13423);
#13423 = FILL_AREA_STYLE('',(#13424));
#13424 = FILL_AREA_STYLE_COLOUR('',#12918);
#13425 = OVER_RIDING_STYLED_ITEM('overriding color',(#13426),#3830,
  #12911);
#13426 = PRESENTATION_STYLE_ASSIGNMENT((#13427));
#13427 = SURFACE_STYLE_USAGE(.BOTH.,#13428);
#13428 = SURFACE_SIDE_STYLE('',(#13429));
#13429 = SURFACE_STYLE_FILL_AREA(#13430);
#13430 = FILL_AREA_STYLE('',(#13431));
#13431 = FILL_AREA_STYLE_COLOUR('',#12918);
#13432 = OVER_RIDING_STYLED_ITEM('overriding color',(#13433),#3848,
  #12911);
#13433 = PRESENTATION_STYLE_ASSIGNMENT((#13434));
#13434 = SURFACE_STYLE_USAGE(.BOTH.,#13435);
#13435 = SURFACE_SIDE_STYLE('',(#13436));
#13436 = SURFACE_STYLE_FILL_AREA(#13437);
#13437 = FILL_AREA_STYLE('',(#13438));
#13438 = FILL_AREA_STYLE_COLOUR('',#12918);
#13439 = MECHANICAL_DESIGN_GEOMETRIC_PRESENTATION_REPRESENTATION('',(
    #13440),#1543);
#13440 = STYLED_ITEM('color',(#13441),#15);
#13441 = PRESENTATION_STYLE_ASSIGNMENT((#13442));
#13442 = SURFACE_STYLE_USAGE(.BOTH.,#13443);
#13443 = SURFACE_SIDE_STYLE('',(#13444));
#13444 = SURFACE_STYLE_FILL_AREA(#13445);
#13445 = FILL_AREA_STYLE('',(#13446));
#13446 = FILL_AREA_STYLE_COLOUR('',#13447);
#13447 = COLOUR_RGB('',0.,0.501960785193,0.);
ENDSEC;
END-ISO-10303-21;
