ISO-10303-21;
HEADER;
FILE_DESCRIPTION(('Open CASCADE Model'),'2;1');
FILE_NAME('Open CASCADE Shape Model','2026-05-07T11:13:39',('Author'),(
    'Open CASCADE'),'Open CASCADE STEP processor 7.5','Open CASCADE 7.5'
  ,'Unknown');
FILE_SCHEMA(('AUTOMOTIVE_DESIGN { 1 0 10303 214 1 1 1 1 }'));
ENDSEC;
DATA;
#1 = APPLICATION_PROTOCOL_DEFINITION('international standard',
  'automotive_design',2000,#2);
#2 = APPLICATION_CONTEXT(
  'core data for automotive mechanical design processes');
#3 = SHAPE_DEFINITION_REPRESENTATION(#4,#10);
#4 = PRODUCT_DEFINITION_SHAPE('','',#5);
#5 = PRODUCT_DEFINITION('design','',#6,#9);
#6 = PRODUCT_DEFINITION_FORMATION('','',#7);
#7 = PRODUCT('Open CASCADE STEP translator 7.5 17',
  'Open CASCADE STEP translator 7.5 17','',(#8));
#8 = PRODUCT_CONTEXT('',#2,'mechanical');
#9 = PRODUCT_DEFINITION_CONTEXT('part definition',#2,'design');
#10 = ADVANCED_BREP_SHAPE_REPRESENTATION('',(#11,#15),#1154);
#11 = AXIS2_PLACEMENT_3D('',#12,#13,#14);
#12 = CARTESIAN_POINT('',(0.,0.,0.));
#13 = DIRECTION('',(0.,0.,1.));
#14 = DIRECTION('',(1.,0.,-0.));
#15 = MANIFOLD_SOLID_BREP('',#16);
#16 = CLOSED_SHELL('',(#17,#59,#90,#123,#154,#187,#218,#251,#273,#306,
    #339,#372,#405,#438,#480,#511,#544,#566,#608,#639,#672,#694,#727,
    #760,#793,#826,#868,#899,#932,#954,#987,#1020,#1087));
#17 = ADVANCED_FACE('',(#18),#54,.T.);
#18 = FACE_BOUND('',#19,.F.);
#19 = EDGE_LOOP('',(#20,#30,#39,#47));
#20 = ORIENTED_EDGE('',*,*,#21,.T.);
#21 = EDGE_CURVE('',#22,#24,#26,.T.);
#22 = VERTEX_POINT('',#23);
#23 = CARTESIAN_POINT('',(-12.,1.,-1.60143952));
#24 = VERTEX_POINT('',#25);
#25 = CARTESIAN_POINT('',(-12.,1.,0.));
#26 = LINE('',#27,#28);
#27 = CARTESIAN_POINT('',(-12.,1.,-1.60143952));
#28 = VECTOR('',#29,1.);
#29 = DIRECTION('',(0.,0.,1.));
#30 = ORIENTED_EDGE('',*,*,#31,.T.);
#31 = EDGE_CURVE('',#24,#32,#34,.T.);
#32 = VERTEX_POINT('',#33);
#33 = CARTESIAN_POINT('',(-11.,-3.330669073875E-16,0.));
#34 = CIRCLE('',#35,1.000364800791);
#35 = AXIS2_PLACEMENT_3D('',#36,#37,#38);
#36 = CARTESIAN_POINT('',(-10.9996352657,1.0003647343,0.));
#37 = DIRECTION('',(0.,0.,1.));
#38 = DIRECTION('',(-0.999999933533,-3.646012926758E-04,0.));
#39 = ORIENTED_EDGE('',*,*,#40,.F.);
#40 = EDGE_CURVE('',#41,#32,#43,.T.);
#41 = VERTEX_POINT('',#42);
#42 = CARTESIAN_POINT('',(-11.,-3.330669073875E-16,-1.60143952));
#43 = LINE('',#44,#45);
#44 = CARTESIAN_POINT('',(-11.,-3.330669073875E-16,-1.60143952));
#45 = VECTOR('',#46,1.);
#46 = DIRECTION('',(0.,0.,1.));
#47 = ORIENTED_EDGE('',*,*,#48,.F.);
#48 = EDGE_CURVE('',#22,#41,#49,.T.);
#49 = CIRCLE('',#50,1.000364800791);
#50 = AXIS2_PLACEMENT_3D('',#51,#52,#53);
#51 = CARTESIAN_POINT('',(-10.9996352657,1.0003647343,-1.60143952));
#52 = DIRECTION('',(0.,0.,1.));
#53 = DIRECTION('',(-0.999999933533,-3.646012926758E-04,0.));
#54 = CYLINDRICAL_SURFACE('',#55,1.000364800791);
#55 = AXIS2_PLACEMENT_3D('',#56,#57,#58);
#56 = CARTESIAN_POINT('',(-10.9996352657,1.0003647343,-1.60143952));
#57 = DIRECTION('',(-0.,-0.,-1.));
#58 = DIRECTION('',(-0.999999933533,-3.646012926758E-04,0.));
#59 = ADVANCED_FACE('',(#60),#85,.F.);
#60 = FACE_BOUND('',#61,.F.);
#61 = EDGE_LOOP('',(#62,#63,#71,#79));
#62 = ORIENTED_EDGE('',*,*,#40,.T.);
#63 = ORIENTED_EDGE('',*,*,#64,.T.);
#64 = EDGE_CURVE('',#32,#65,#67,.T.);
#65 = VERTEX_POINT('',#66);
#66 = CARTESIAN_POINT('',(11.,-2.22044604925E-16,0.));
#67 = LINE('',#68,#69);
#68 = CARTESIAN_POINT('',(-11.,0.,0.));
#69 = VECTOR('',#70,1.);
#70 = DIRECTION('',(1.,0.,0.));
#71 = ORIENTED_EDGE('',*,*,#72,.F.);
#72 = EDGE_CURVE('',#73,#65,#75,.T.);
#73 = VERTEX_POINT('',#74);
#74 = CARTESIAN_POINT('',(11.,-2.22044604925E-16,-1.60143952));
#75 = LINE('',#76,#77);
#76 = CARTESIAN_POINT('',(11.,-2.22044604925E-16,-1.60143952));
#77 = VECTOR('',#78,1.);
#78 = DIRECTION('',(0.,0.,1.));
#79 = ORIENTED_EDGE('',*,*,#80,.F.);
#80 = EDGE_CURVE('',#41,#73,#81,.T.);
#81 = LINE('',#82,#83);
#82 = CARTESIAN_POINT('',(-11.,0.,-1.60143952));
#83 = VECTOR('',#84,1.);
#84 = DIRECTION('',(1.,0.,0.));
#85 = PLANE('',#86);
#86 = AXIS2_PLACEMENT_3D('',#87,#88,#89);
#87 = CARTESIAN_POINT('',(-11.,0.,-1.60143952));
#88 = DIRECTION('',(0.,1.,0.));
#89 = DIRECTION('',(1.,0.,0.));
#90 = ADVANCED_FACE('',(#91),#118,.T.);
#91 = FACE_BOUND('',#92,.F.);
#92 = EDGE_LOOP('',(#93,#94,#103,#111));
#93 = ORIENTED_EDGE('',*,*,#72,.T.);
#94 = ORIENTED_EDGE('',*,*,#95,.T.);
#95 = EDGE_CURVE('',#65,#96,#98,.T.);
#96 = VERTEX_POINT('',#97);
#97 = CARTESIAN_POINT('',(12.,1.,0.));
#98 = CIRCLE('',#99,1.000364800791);
#99 = AXIS2_PLACEMENT_3D('',#100,#101,#102);
#100 = CARTESIAN_POINT('',(10.9996352657,1.0003647343,0.));
#101 = DIRECTION('',(0.,0.,1.));
#102 = DIRECTION('',(3.646012926767E-04,-0.999999933533,0.));
#103 = ORIENTED_EDGE('',*,*,#104,.F.);
#104 = EDGE_CURVE('',#105,#96,#107,.T.);
#105 = VERTEX_POINT('',#106);
#106 = CARTESIAN_POINT('',(12.,1.,-1.60143952));
#107 = LINE('',#108,#109);
#108 = CARTESIAN_POINT('',(12.,1.,-1.60143952));
#109 = VECTOR('',#110,1.);
#110 = DIRECTION('',(0.,0.,1.));
#111 = ORIENTED_EDGE('',*,*,#112,.F.);
#112 = EDGE_CURVE('',#73,#105,#113,.T.);
#113 = CIRCLE('',#114,1.000364800791);
#114 = AXIS2_PLACEMENT_3D('',#115,#116,#117);
#115 = CARTESIAN_POINT('',(10.9996352657,1.0003647343,-1.60143952));
#116 = DIRECTION('',(0.,0.,1.));
#117 = DIRECTION('',(3.646012926767E-04,-0.999999933533,0.));
#118 = CYLINDRICAL_SURFACE('',#119,1.000364800791);
#119 = AXIS2_PLACEMENT_3D('',#120,#121,#122);
#120 = CARTESIAN_POINT('',(10.9996352657,1.0003647343,-1.60143952));
#121 = DIRECTION('',(-0.,-0.,-1.));
#122 = DIRECTION('',(3.646012926767E-04,-0.999999933533,0.));
#123 = ADVANCED_FACE('',(#124),#149,.F.);
#124 = FACE_BOUND('',#125,.F.);
#125 = EDGE_LOOP('',(#126,#127,#135,#143));
#126 = ORIENTED_EDGE('',*,*,#104,.T.);
#127 = ORIENTED_EDGE('',*,*,#128,.T.);
#128 = EDGE_CURVE('',#96,#129,#131,.T.);
#129 = VERTEX_POINT('',#130);
#130 = CARTESIAN_POINT('',(12.,19.6,0.));
#131 = LINE('',#132,#133);
#132 = CARTESIAN_POINT('',(12.,1.,0.));
#133 = VECTOR('',#134,1.);
#134 = DIRECTION('',(0.,1.,0.));
#135 = ORIENTED_EDGE('',*,*,#136,.F.);
#136 = EDGE_CURVE('',#137,#129,#139,.T.);
#137 = VERTEX_POINT('',#138);
#138 = CARTESIAN_POINT('',(12.,19.6,-1.60143952));
#139 = LINE('',#140,#141);
#140 = CARTESIAN_POINT('',(12.,19.6,-1.60143952));
#141 = VECTOR('',#142,1.);
#142 = DIRECTION('',(0.,0.,1.));
#143 = ORIENTED_EDGE('',*,*,#144,.F.);
#144 = EDGE_CURVE('',#105,#137,#145,.T.);
#145 = LINE('',#146,#147);
#146 = CARTESIAN_POINT('',(12.,1.,-1.60143952));
#147 = VECTOR('',#148,1.);
#148 = DIRECTION('',(0.,1.,0.));
#149 = PLANE('',#150);
#150 = AXIS2_PLACEMENT_3D('',#151,#152,#153);
#151 = CARTESIAN_POINT('',(12.,1.,-1.60143952));
#152 = DIRECTION('',(-1.,0.,0.));
#153 = DIRECTION('',(0.,1.,0.));
#154 = ADVANCED_FACE('',(#155),#182,.T.);
#155 = FACE_BOUND('',#156,.F.);
#156 = EDGE_LOOP('',(#157,#158,#167,#175));
#157 = ORIENTED_EDGE('',*,*,#136,.T.);
#158 = ORIENTED_EDGE('',*,*,#159,.T.);
#159 = EDGE_CURVE('',#129,#160,#162,.T.);
#160 = VERTEX_POINT('',#161);
#161 = CARTESIAN_POINT('',(11.,20.6,0.));
#162 = CIRCLE('',#163,1.000364800791);
#163 = AXIS2_PLACEMENT_3D('',#164,#165,#166);
#164 = CARTESIAN_POINT('',(10.9996352657,19.5996352657,0.));
#165 = DIRECTION('',(0.,0.,1.));
#166 = DIRECTION('',(0.999999933533,3.646012926838E-04,-0.));
#167 = ORIENTED_EDGE('',*,*,#168,.F.);
#168 = EDGE_CURVE('',#169,#160,#171,.T.);
#169 = VERTEX_POINT('',#170);
#170 = CARTESIAN_POINT('',(11.,20.6,-1.60143952));
#171 = LINE('',#172,#173);
#172 = CARTESIAN_POINT('',(11.,20.6,-1.60143952));
#173 = VECTOR('',#174,1.);
#174 = DIRECTION('',(0.,0.,1.));
#175 = ORIENTED_EDGE('',*,*,#176,.F.);
#176 = EDGE_CURVE('',#137,#169,#177,.T.);
#177 = CIRCLE('',#178,1.000364800791);
#178 = AXIS2_PLACEMENT_3D('',#179,#180,#181);
#179 = CARTESIAN_POINT('',(10.9996352657,19.5996352657,-1.60143952));
#180 = DIRECTION('',(0.,0.,1.));
#181 = DIRECTION('',(0.999999933533,3.646012926838E-04,-0.));
#182 = CYLINDRICAL_SURFACE('',#183,1.000364800791);
#183 = AXIS2_PLACEMENT_3D('',#184,#185,#186);
#184 = CARTESIAN_POINT('',(10.9996352657,19.5996352657,-1.60143952));
#185 = DIRECTION('',(-0.,-0.,-1.));
#186 = DIRECTION('',(0.999999933533,3.646012926838E-04,-0.));
#187 = ADVANCED_FACE('',(#188),#213,.F.);
#188 = FACE_BOUND('',#189,.F.);
#189 = EDGE_LOOP('',(#190,#191,#199,#207));
#190 = ORIENTED_EDGE('',*,*,#168,.T.);
#191 = ORIENTED_EDGE('',*,*,#192,.T.);
#192 = EDGE_CURVE('',#160,#193,#195,.T.);
#193 = VERTEX_POINT('',#194);
#194 = CARTESIAN_POINT('',(-11.,20.6,0.));
#195 = LINE('',#196,#197);
#196 = CARTESIAN_POINT('',(11.,20.6,0.));
#197 = VECTOR('',#198,1.);
#198 = DIRECTION('',(-1.,0.,0.));
#199 = ORIENTED_EDGE('',*,*,#200,.F.);
#200 = EDGE_CURVE('',#201,#193,#203,.T.);
#201 = VERTEX_POINT('',#202);
#202 = CARTESIAN_POINT('',(-11.,20.6,-1.60143952));
#203 = LINE('',#204,#205);
#204 = CARTESIAN_POINT('',(-11.,20.6,-1.60143952));
#205 = VECTOR('',#206,1.);
#206 = DIRECTION('',(0.,0.,1.));
#207 = ORIENTED_EDGE('',*,*,#208,.F.);
#208 = EDGE_CURVE('',#169,#201,#209,.T.);
#209 = LINE('',#210,#211);
#210 = CARTESIAN_POINT('',(11.,20.6,-1.60143952));
#211 = VECTOR('',#212,1.);
#212 = DIRECTION('',(-1.,0.,0.));
#213 = PLANE('',#214);
#214 = AXIS2_PLACEMENT_3D('',#215,#216,#217);
#215 = CARTESIAN_POINT('',(11.,20.6,-1.60143952));
#216 = DIRECTION('',(0.,-1.,0.));
#217 = DIRECTION('',(-1.,0.,0.));
#218 = ADVANCED_FACE('',(#219),#246,.T.);
#219 = FACE_BOUND('',#220,.F.);
#220 = EDGE_LOOP('',(#221,#222,#231,#239));
#221 = ORIENTED_EDGE('',*,*,#200,.T.);
#222 = ORIENTED_EDGE('',*,*,#223,.T.);
#223 = EDGE_CURVE('',#193,#224,#226,.T.);
#224 = VERTEX_POINT('',#225);
#225 = CARTESIAN_POINT('',(-12.,19.6,0.));
#226 = CIRCLE('',#227,1.000364800791);
#227 = AXIS2_PLACEMENT_3D('',#228,#229,#230);
#228 = CARTESIAN_POINT('',(-10.9996352657,19.5996352657,0.));
#229 = DIRECTION('',(0.,0.,1.));
#230 = DIRECTION('',(-3.646012926802E-04,0.999999933533,0.));
#231 = ORIENTED_EDGE('',*,*,#232,.F.);
#232 = EDGE_CURVE('',#233,#224,#235,.T.);
#233 = VERTEX_POINT('',#234);
#234 = CARTESIAN_POINT('',(-12.,19.6,-1.60143952));
#235 = LINE('',#236,#237);
#236 = CARTESIAN_POINT('',(-12.,19.6,-1.60143952));
#237 = VECTOR('',#238,1.);
#238 = DIRECTION('',(0.,0.,1.));
#239 = ORIENTED_EDGE('',*,*,#240,.F.);
#240 = EDGE_CURVE('',#201,#233,#241,.T.);
#241 = CIRCLE('',#242,1.000364800791);
#242 = AXIS2_PLACEMENT_3D('',#243,#244,#245);
#243 = CARTESIAN_POINT('',(-10.9996352657,19.5996352657,-1.60143952));
#244 = DIRECTION('',(0.,0.,1.));
#245 = DIRECTION('',(-3.646012926802E-04,0.999999933533,0.));
#246 = CYLINDRICAL_SURFACE('',#247,1.000364800791);
#247 = AXIS2_PLACEMENT_3D('',#248,#249,#250);
#248 = CARTESIAN_POINT('',(-10.9996352657,19.5996352657,-1.60143952));
#249 = DIRECTION('',(-0.,-0.,-1.));
#250 = DIRECTION('',(-3.646012926802E-04,0.999999933533,0.));
#251 = ADVANCED_FACE('',(#252),#268,.F.);
#252 = FACE_BOUND('',#253,.F.);
#253 = EDGE_LOOP('',(#254,#255,#261,#262));
#254 = ORIENTED_EDGE('',*,*,#232,.T.);
#255 = ORIENTED_EDGE('',*,*,#256,.T.);
#256 = EDGE_CURVE('',#224,#24,#257,.T.);
#257 = LINE('',#258,#259);
#258 = CARTESIAN_POINT('',(-12.,19.6,0.));
#259 = VECTOR('',#260,1.);
#260 = DIRECTION('',(0.,-1.,0.));
#261 = ORIENTED_EDGE('',*,*,#21,.F.);
#262 = ORIENTED_EDGE('',*,*,#263,.F.);
#263 = EDGE_CURVE('',#233,#22,#264,.T.);
#264 = LINE('',#265,#266);
#265 = CARTESIAN_POINT('',(-12.,19.6,-1.60143952));
#266 = VECTOR('',#267,1.);
#267 = DIRECTION('',(0.,-1.,0.));
#268 = PLANE('',#269);
#269 = AXIS2_PLACEMENT_3D('',#270,#271,#272);
#270 = CARTESIAN_POINT('',(-12.,19.6,-1.60143952));
#271 = DIRECTION('',(1.,0.,-0.));
#272 = DIRECTION('',(0.,-1.,0.));
#273 = ADVANCED_FACE('',(#274),#301,.F.);
#274 = FACE_BOUND('',#275,.T.);
#275 = EDGE_LOOP('',(#276,#286,#293,#294));
#276 = ORIENTED_EDGE('',*,*,#277,.T.);
#277 = EDGE_CURVE('',#278,#280,#282,.T.);
#278 = VERTEX_POINT('',#279);
#279 = CARTESIAN_POINT('',(-9.75,1.7,-1.60143952));
#280 = VERTEX_POINT('',#281);
#281 = CARTESIAN_POINT('',(-9.75,1.7,0.));
#282 = LINE('',#283,#284);
#283 = CARTESIAN_POINT('',(-9.75,1.7,-1.60143952));
#284 = VECTOR('',#285,1.);
#285 = DIRECTION('',(0.,0.,1.));
#286 = ORIENTED_EDGE('',*,*,#287,.T.);
#287 = EDGE_CURVE('',#280,#280,#288,.T.);
#288 = CIRCLE('',#289,0.55);
#289 = AXIS2_PLACEMENT_3D('',#290,#291,#292);
#290 = CARTESIAN_POINT('',(-10.3,1.7,0.));
#291 = DIRECTION('',(0.,0.,1.));
#292 = DIRECTION('',(1.,0.,-0.));
#293 = ORIENTED_EDGE('',*,*,#277,.F.);
#294 = ORIENTED_EDGE('',*,*,#295,.F.);
#295 = EDGE_CURVE('',#278,#278,#296,.T.);
#296 = CIRCLE('',#297,0.55);
#297 = AXIS2_PLACEMENT_3D('',#298,#299,#300);
#298 = CARTESIAN_POINT('',(-10.3,1.7,-1.60143952));
#299 = DIRECTION('',(0.,0.,1.));
#300 = DIRECTION('',(1.,0.,-0.));
#301 = CYLINDRICAL_SURFACE('',#302,0.55);
#302 = AXIS2_PLACEMENT_3D('',#303,#304,#305);
#303 = CARTESIAN_POINT('',(-10.3,1.7,-1.60143952));
#304 = DIRECTION('',(-0.,-0.,-1.));
#305 = DIRECTION('',(1.,0.,-0.));
#306 = ADVANCED_FACE('',(#307),#334,.F.);
#307 = FACE_BOUND('',#308,.T.);
#308 = EDGE_LOOP('',(#309,#319,#326,#327));
#309 = ORIENTED_EDGE('',*,*,#310,.T.);
#310 = EDGE_CURVE('',#311,#313,#315,.T.);
#311 = VERTEX_POINT('',#312);
#312 = CARTESIAN_POINT('',(0.4,1.2,-1.60143952));
#313 = VERTEX_POINT('',#314);
#314 = CARTESIAN_POINT('',(0.4,1.2,0.));
#315 = LINE('',#316,#317);
#316 = CARTESIAN_POINT('',(0.4,1.2,-1.60143952));
#317 = VECTOR('',#318,1.);
#318 = DIRECTION('',(0.,0.,1.));
#319 = ORIENTED_EDGE('',*,*,#320,.T.);
#320 = EDGE_CURVE('',#313,#313,#321,.T.);
#321 = CIRCLE('',#322,0.4);
#322 = AXIS2_PLACEMENT_3D('',#323,#324,#325);
#323 = CARTESIAN_POINT('',(0.,1.2,0.));
#324 = DIRECTION('',(0.,0.,1.));
#325 = DIRECTION('',(1.,0.,-0.));
#326 = ORIENTED_EDGE('',*,*,#310,.F.);
#327 = ORIENTED_EDGE('',*,*,#328,.F.);
#328 = EDGE_CURVE('',#311,#311,#329,.T.);
#329 = CIRCLE('',#330,0.4);
#330 = AXIS2_PLACEMENT_3D('',#331,#332,#333);
#331 = CARTESIAN_POINT('',(0.,1.2,-1.60143952));
#332 = DIRECTION('',(0.,0.,1.));
#333 = DIRECTION('',(1.,0.,-0.));
#334 = CYLINDRICAL_SURFACE('',#335,0.4);
#335 = AXIS2_PLACEMENT_3D('',#336,#337,#338);
#336 = CARTESIAN_POINT('',(0.,1.2,-1.60143952));
#337 = DIRECTION('',(-0.,-0.,-1.));
#338 = DIRECTION('',(1.,0.,-0.));
#339 = ADVANCED_FACE('',(#340),#367,.F.);
#340 = FACE_BOUND('',#341,.T.);
#341 = EDGE_LOOP('',(#342,#352,#359,#360));
#342 = ORIENTED_EDGE('',*,*,#343,.T.);
#343 = EDGE_CURVE('',#344,#346,#348,.T.);
#344 = VERTEX_POINT('',#345);
#345 = CARTESIAN_POINT('',(-1.6,1.2,-1.60143952));
#346 = VERTEX_POINT('',#347);
#347 = CARTESIAN_POINT('',(-1.6,1.2,0.));
#348 = LINE('',#349,#350);
#349 = CARTESIAN_POINT('',(-1.6,1.2,-1.60143952));
#350 = VECTOR('',#351,1.);
#351 = DIRECTION('',(0.,0.,1.));
#352 = ORIENTED_EDGE('',*,*,#353,.T.);
#353 = EDGE_CURVE('',#346,#346,#354,.T.);
#354 = CIRCLE('',#355,0.4);
#355 = AXIS2_PLACEMENT_3D('',#356,#357,#358);
#356 = CARTESIAN_POINT('',(-2.,1.2,0.));
#357 = DIRECTION('',(0.,0.,1.));
#358 = DIRECTION('',(1.,0.,-0.));
#359 = ORIENTED_EDGE('',*,*,#343,.F.);
#360 = ORIENTED_EDGE('',*,*,#361,.F.);
#361 = EDGE_CURVE('',#344,#344,#362,.T.);
#362 = CIRCLE('',#363,0.4);
#363 = AXIS2_PLACEMENT_3D('',#364,#365,#366);
#364 = CARTESIAN_POINT('',(-2.,1.2,-1.60143952));
#365 = DIRECTION('',(0.,0.,1.));
#366 = DIRECTION('',(1.,0.,-0.));
#367 = CYLINDRICAL_SURFACE('',#368,0.4);
#368 = AXIS2_PLACEMENT_3D('',#369,#370,#371);
#369 = CARTESIAN_POINT('',(-2.,1.2,-1.60143952));
#370 = DIRECTION('',(-0.,-0.,-1.));
#371 = DIRECTION('',(1.,0.,-0.));
#372 = ADVANCED_FACE('',(#373),#400,.F.);
#373 = FACE_BOUND('',#374,.T.);
#374 = EDGE_LOOP('',(#375,#385,#392,#393));
#375 = ORIENTED_EDGE('',*,*,#376,.T.);
#376 = EDGE_CURVE('',#377,#379,#381,.T.);
#377 = VERTEX_POINT('',#378);
#378 = CARTESIAN_POINT('',(-9.75,10.3,-1.60143952));
#379 = VERTEX_POINT('',#380);
#380 = CARTESIAN_POINT('',(-9.75,10.3,0.));
#381 = LINE('',#382,#383);
#382 = CARTESIAN_POINT('',(-9.75,10.3,-1.60143952));
#383 = VECTOR('',#384,1.);
#384 = DIRECTION('',(0.,0.,1.));
#385 = ORIENTED_EDGE('',*,*,#386,.T.);
#386 = EDGE_CURVE('',#379,#379,#387,.T.);
#387 = CIRCLE('',#388,0.55);
#388 = AXIS2_PLACEMENT_3D('',#389,#390,#391);
#389 = CARTESIAN_POINT('',(-10.3,10.3,0.));
#390 = DIRECTION('',(0.,0.,1.));
#391 = DIRECTION('',(1.,0.,-0.));
#392 = ORIENTED_EDGE('',*,*,#376,.F.);
#393 = ORIENTED_EDGE('',*,*,#394,.F.);
#394 = EDGE_CURVE('',#377,#377,#395,.T.);
#395 = CIRCLE('',#396,0.55);
#396 = AXIS2_PLACEMENT_3D('',#397,#398,#399);
#397 = CARTESIAN_POINT('',(-10.3,10.3,-1.60143952));
#398 = DIRECTION('',(0.,0.,1.));
#399 = DIRECTION('',(1.,0.,-0.));
#400 = CYLINDRICAL_SURFACE('',#401,0.55);
#401 = AXIS2_PLACEMENT_3D('',#402,#403,#404);
#402 = CARTESIAN_POINT('',(-10.3,10.3,-1.60143952));
#403 = DIRECTION('',(-0.,-0.,-1.));
#404 = DIRECTION('',(1.,0.,-0.));
#405 = ADVANCED_FACE('',(#406),#433,.F.);
#406 = FACE_BOUND('',#407,.T.);
#407 = EDGE_LOOP('',(#408,#418,#425,#426));
#408 = ORIENTED_EDGE('',*,*,#409,.T.);
#409 = EDGE_CURVE('',#410,#412,#414,.T.);
#410 = VERTEX_POINT('',#411);
#411 = CARTESIAN_POINT('',(-9.75,18.9,-1.60143952));
#412 = VERTEX_POINT('',#413);
#413 = CARTESIAN_POINT('',(-9.75,18.9,0.));
#414 = LINE('',#415,#416);
#415 = CARTESIAN_POINT('',(-9.75,18.9,-1.60143952));
#416 = VECTOR('',#417,1.);
#417 = DIRECTION('',(0.,0.,1.));
#418 = ORIENTED_EDGE('',*,*,#419,.T.);
#419 = EDGE_CURVE('',#412,#412,#420,.T.);
#420 = CIRCLE('',#421,0.55);
#421 = AXIS2_PLACEMENT_3D('',#422,#423,#424);
#422 = CARTESIAN_POINT('',(-10.3,18.9,0.));
#423 = DIRECTION('',(0.,0.,1.));
#424 = DIRECTION('',(1.,0.,-0.));
#425 = ORIENTED_EDGE('',*,*,#409,.F.);
#426 = ORIENTED_EDGE('',*,*,#427,.F.);
#427 = EDGE_CURVE('',#410,#410,#428,.T.);
#428 = CIRCLE('',#429,0.55);
#429 = AXIS2_PLACEMENT_3D('',#430,#431,#432);
#430 = CARTESIAN_POINT('',(-10.3,18.9,-1.60143952));
#431 = DIRECTION('',(0.,0.,1.));
#432 = DIRECTION('',(1.,0.,-0.));
#433 = CYLINDRICAL_SURFACE('',#434,0.55);
#434 = AXIS2_PLACEMENT_3D('',#435,#436,#437);
#435 = CARTESIAN_POINT('',(-10.3,18.9,-1.60143952));
#436 = DIRECTION('',(-0.,-0.,-1.));
#437 = DIRECTION('',(1.,0.,-0.));
#438 = ADVANCED_FACE('',(#439),#475,.F.);
#439 = FACE_BOUND('',#440,.T.);
#440 = EDGE_LOOP('',(#441,#451,#460,#468));
#441 = ORIENTED_EDGE('',*,*,#442,.T.);
#442 = EDGE_CURVE('',#443,#445,#447,.T.);
#443 = VERTEX_POINT('',#444);
#444 = CARTESIAN_POINT('',(-7.60000512,11.04999568,-1.60143952));
#445 = VERTEX_POINT('',#446);
#446 = CARTESIAN_POINT('',(-7.60000512,11.04999568,0.));
#447 = LINE('',#448,#449);
#448 = CARTESIAN_POINT('',(-7.60000512,11.04999568,-1.60143952));
#449 = VECTOR('',#450,1.);
#450 = DIRECTION('',(0.,0.,1.));
#451 = ORIENTED_EDGE('',*,*,#452,.T.);
#452 = EDGE_CURVE('',#445,#453,#455,.T.);
#453 = VERTEX_POINT('',#454);
#454 = CARTESIAN_POINT('',(-6.90000652,11.04999568,0.));
#455 = CIRCLE('',#456,0.3499993);
#456 = AXIS2_PLACEMENT_3D('',#457,#458,#459);
#457 = CARTESIAN_POINT('',(-7.25000582,11.04999568,0.));
#458 = DIRECTION('',(0.,0.,1.));
#459 = DIRECTION('',(-1.,4.060252324848E-14,-0.));
#460 = ORIENTED_EDGE('',*,*,#461,.F.);
#461 = EDGE_CURVE('',#462,#453,#464,.T.);
#462 = VERTEX_POINT('',#463);
#463 = CARTESIAN_POINT('',(-6.90000652,11.04999568,-1.60143952));
#464 = LINE('',#465,#466);
#465 = CARTESIAN_POINT('',(-6.90000652,11.04999568,-1.60143952));
#466 = VECTOR('',#467,1.);
#467 = DIRECTION('',(0.,0.,1.));
#468 = ORIENTED_EDGE('',*,*,#469,.F.);
#469 = EDGE_CURVE('',#443,#462,#470,.T.);
#470 = CIRCLE('',#471,0.3499993);
#471 = AXIS2_PLACEMENT_3D('',#472,#473,#474);
#472 = CARTESIAN_POINT('',(-7.25000582,11.04999568,-1.60143952));
#473 = DIRECTION('',(0.,0.,1.));
#474 = DIRECTION('',(-1.,4.060252324848E-14,-0.));
#475 = CYLINDRICAL_SURFACE('',#476,0.3499993);
#476 = AXIS2_PLACEMENT_3D('',#477,#478,#479);
#477 = CARTESIAN_POINT('',(-7.25000582,11.04999568,-1.60143952));
#478 = DIRECTION('',(-0.,-0.,-1.));
#479 = DIRECTION('',(-1.,4.060252324848E-14,-0.));
#480 = ADVANCED_FACE('',(#481),#506,.T.);
#481 = FACE_BOUND('',#482,.T.);
#482 = EDGE_LOOP('',(#483,#493,#499,#500));
#483 = ORIENTED_EDGE('',*,*,#484,.T.);
#484 = EDGE_CURVE('',#485,#487,#489,.T.);
#485 = VERTEX_POINT('',#486);
#486 = CARTESIAN_POINT('',(-7.60000512,12.34999816,-1.60143952));
#487 = VERTEX_POINT('',#488);
#488 = CARTESIAN_POINT('',(-7.60000512,12.34999816,0.));
#489 = LINE('',#490,#491);
#490 = CARTESIAN_POINT('',(-7.60000512,12.34999816,-1.60143952));
#491 = VECTOR('',#492,1.);
#492 = DIRECTION('',(0.,0.,1.));
#493 = ORIENTED_EDGE('',*,*,#494,.T.);
#494 = EDGE_CURVE('',#487,#445,#495,.T.);
#495 = LINE('',#496,#497);
#496 = CARTESIAN_POINT('',(-7.60000512,12.34999816,0.));
#497 = VECTOR('',#498,1.);
#498 = DIRECTION('',(0.,-1.,0.));
#499 = ORIENTED_EDGE('',*,*,#442,.F.);
#500 = ORIENTED_EDGE('',*,*,#501,.F.);
#501 = EDGE_CURVE('',#485,#443,#502,.T.);
#502 = LINE('',#503,#504);
#503 = CARTESIAN_POINT('',(-7.60000512,12.34999816,-1.60143952));
#504 = VECTOR('',#505,1.);
#505 = DIRECTION('',(0.,-1.,0.));
#506 = PLANE('',#507);
#507 = AXIS2_PLACEMENT_3D('',#508,#509,#510);
#508 = CARTESIAN_POINT('',(-7.60000512,12.34999816,-1.60143952));
#509 = DIRECTION('',(1.,0.,-0.));
#510 = DIRECTION('',(0.,-1.,0.));
#511 = ADVANCED_FACE('',(#512),#539,.F.);
#512 = FACE_BOUND('',#513,.T.);
#513 = EDGE_LOOP('',(#514,#524,#531,#532));
#514 = ORIENTED_EDGE('',*,*,#515,.T.);
#515 = EDGE_CURVE('',#516,#518,#520,.T.);
#516 = VERTEX_POINT('',#517);
#517 = CARTESIAN_POINT('',(-6.90000652,12.34999816,-1.60143952));
#518 = VERTEX_POINT('',#519);
#519 = CARTESIAN_POINT('',(-6.90000652,12.34999816,0.));
#520 = LINE('',#521,#522);
#521 = CARTESIAN_POINT('',(-6.90000652,12.34999816,-1.60143952));
#522 = VECTOR('',#523,1.);
#523 = DIRECTION('',(0.,0.,1.));
#524 = ORIENTED_EDGE('',*,*,#525,.T.);
#525 = EDGE_CURVE('',#518,#487,#526,.T.);
#526 = CIRCLE('',#527,0.3499993);
#527 = AXIS2_PLACEMENT_3D('',#528,#529,#530);
#528 = CARTESIAN_POINT('',(-7.25000582,12.34999816,0.));
#529 = DIRECTION('',(0.,0.,1.));
#530 = DIRECTION('',(1.,-4.060252324848E-14,0.));
#531 = ORIENTED_EDGE('',*,*,#484,.F.);
#532 = ORIENTED_EDGE('',*,*,#533,.F.);
#533 = EDGE_CURVE('',#516,#485,#534,.T.);
#534 = CIRCLE('',#535,0.3499993);
#535 = AXIS2_PLACEMENT_3D('',#536,#537,#538);
#536 = CARTESIAN_POINT('',(-7.25000582,12.34999816,-1.60143952));
#537 = DIRECTION('',(0.,0.,1.));
#538 = DIRECTION('',(1.,-4.060252324848E-14,0.));
#539 = CYLINDRICAL_SURFACE('',#540,0.3499993);
#540 = AXIS2_PLACEMENT_3D('',#541,#542,#543);
#541 = CARTESIAN_POINT('',(-7.25000582,12.34999816,-1.60143952));
#542 = DIRECTION('',(-0.,-0.,-1.));
#543 = DIRECTION('',(1.,-4.060252324848E-14,0.));
#544 = ADVANCED_FACE('',(#545),#561,.T.);
#545 = FACE_BOUND('',#546,.T.);
#546 = EDGE_LOOP('',(#547,#548,#554,#555));
#547 = ORIENTED_EDGE('',*,*,#461,.T.);
#548 = ORIENTED_EDGE('',*,*,#549,.T.);
#549 = EDGE_CURVE('',#453,#518,#550,.T.);
#550 = LINE('',#551,#552);
#551 = CARTESIAN_POINT('',(-6.90000652,11.04999568,0.));
#552 = VECTOR('',#553,1.);
#553 = DIRECTION('',(0.,1.,0.));
#554 = ORIENTED_EDGE('',*,*,#515,.F.);
#555 = ORIENTED_EDGE('',*,*,#556,.F.);
#556 = EDGE_CURVE('',#462,#516,#557,.T.);
#557 = LINE('',#558,#559);
#558 = CARTESIAN_POINT('',(-6.90000652,11.04999568,-1.60143952));
#559 = VECTOR('',#560,1.);
#560 = DIRECTION('',(0.,1.,0.));
#561 = PLANE('',#562);
#562 = AXIS2_PLACEMENT_3D('',#563,#564,#565);
#563 = CARTESIAN_POINT('',(-6.90000652,11.04999568,-1.60143952));
#564 = DIRECTION('',(-1.,0.,0.));
#565 = DIRECTION('',(0.,1.,0.));
#566 = ADVANCED_FACE('',(#567),#603,.F.);
#567 = FACE_BOUND('',#568,.T.);
#568 = EDGE_LOOP('',(#569,#579,#588,#596));
#569 = ORIENTED_EDGE('',*,*,#570,.T.);
#570 = EDGE_CURVE('',#571,#573,#575,.T.);
#571 = VERTEX_POINT('',#572);
#572 = CARTESIAN_POINT('',(-0.90000582,19.59999636,-1.60143952));
#573 = VERTEX_POINT('',#574);
#574 = CARTESIAN_POINT('',(-0.90000582,19.59999636,0.));
#575 = LINE('',#576,#577);
#576 = CARTESIAN_POINT('',(-0.90000582,19.59999636,-1.60143952));
#577 = VECTOR('',#578,1.);
#578 = DIRECTION('',(0.,0.,1.));
#579 = ORIENTED_EDGE('',*,*,#580,.T.);
#580 = EDGE_CURVE('',#573,#581,#583,.T.);
#581 = VERTEX_POINT('',#582);
#582 = CARTESIAN_POINT('',(-0.90000582,18.89999776,0.));
#583 = CIRCLE('',#584,0.3499993);
#584 = AXIS2_PLACEMENT_3D('',#585,#586,#587);
#585 = CARTESIAN_POINT('',(-0.90000582,19.24999706,0.));
#586 = DIRECTION('',(0.,0.,1.));
#587 = DIRECTION('',(4.060252324848E-14,1.,-0.));
#588 = ORIENTED_EDGE('',*,*,#589,.F.);
#589 = EDGE_CURVE('',#590,#581,#592,.T.);
#590 = VERTEX_POINT('',#591);
#591 = CARTESIAN_POINT('',(-0.90000582,18.89999776,-1.60143952));
#592 = LINE('',#593,#594);
#593 = CARTESIAN_POINT('',(-0.90000582,18.89999776,-1.60143952));
#594 = VECTOR('',#595,1.);
#595 = DIRECTION('',(0.,0.,1.));
#596 = ORIENTED_EDGE('',*,*,#597,.F.);
#597 = EDGE_CURVE('',#571,#590,#598,.T.);
#598 = CIRCLE('',#599,0.3499993);
#599 = AXIS2_PLACEMENT_3D('',#600,#601,#602);
#600 = CARTESIAN_POINT('',(-0.90000582,19.24999706,-1.60143952));
#601 = DIRECTION('',(0.,0.,1.));
#602 = DIRECTION('',(4.060252324848E-14,1.,-0.));
#603 = CYLINDRICAL_SURFACE('',#604,0.3499993);
#604 = AXIS2_PLACEMENT_3D('',#605,#606,#607);
#605 = CARTESIAN_POINT('',(-0.90000582,19.24999706,-1.60143952));
#606 = DIRECTION('',(-0.,-0.,-1.));
#607 = DIRECTION('',(4.060252324848E-14,1.,-0.));
#608 = ADVANCED_FACE('',(#609),#634,.T.);
#609 = FACE_BOUND('',#610,.T.);
#610 = EDGE_LOOP('',(#611,#621,#627,#628));
#611 = ORIENTED_EDGE('',*,*,#612,.T.);
#612 = EDGE_CURVE('',#613,#615,#617,.T.);
#613 = VERTEX_POINT('',#614);
#614 = CARTESIAN_POINT('',(0.39999666,19.59999636,-1.60143952));
#615 = VERTEX_POINT('',#616);
#616 = CARTESIAN_POINT('',(0.39999666,19.59999636,0.));
#617 = LINE('',#618,#619);
#618 = CARTESIAN_POINT('',(0.39999666,19.59999636,-1.60143952));
#619 = VECTOR('',#620,1.);
#620 = DIRECTION('',(0.,0.,1.));
#621 = ORIENTED_EDGE('',*,*,#622,.T.);
#622 = EDGE_CURVE('',#615,#573,#623,.T.);
#623 = LINE('',#624,#625);
#624 = CARTESIAN_POINT('',(0.39999666,19.59999636,0.));
#625 = VECTOR('',#626,1.);
#626 = DIRECTION('',(-1.,0.,0.));
#627 = ORIENTED_EDGE('',*,*,#570,.F.);
#628 = ORIENTED_EDGE('',*,*,#629,.F.);
#629 = EDGE_CURVE('',#613,#571,#630,.T.);
#630 = LINE('',#631,#632);
#631 = CARTESIAN_POINT('',(0.39999666,19.59999636,-1.60143952));
#632 = VECTOR('',#633,1.);
#633 = DIRECTION('',(-1.,0.,0.));
#634 = PLANE('',#635);
#635 = AXIS2_PLACEMENT_3D('',#636,#637,#638);
#636 = CARTESIAN_POINT('',(0.39999666,19.59999636,-1.60143952));
#637 = DIRECTION('',(0.,-1.,0.));
#638 = DIRECTION('',(-1.,0.,0.));
#639 = ADVANCED_FACE('',(#640),#667,.F.);
#640 = FACE_BOUND('',#641,.T.);
#641 = EDGE_LOOP('',(#642,#652,#659,#660));
#642 = ORIENTED_EDGE('',*,*,#643,.T.);
#643 = EDGE_CURVE('',#644,#646,#648,.T.);
#644 = VERTEX_POINT('',#645);
#645 = CARTESIAN_POINT('',(0.39999666,18.89999776,-1.60143952));
#646 = VERTEX_POINT('',#647);
#647 = CARTESIAN_POINT('',(0.39999666,18.89999776,0.));
#648 = LINE('',#649,#650);
#649 = CARTESIAN_POINT('',(0.39999666,18.89999776,-1.60143952));
#650 = VECTOR('',#651,1.);
#651 = DIRECTION('',(0.,0.,1.));
#652 = ORIENTED_EDGE('',*,*,#653,.T.);
#653 = EDGE_CURVE('',#646,#615,#654,.T.);
#654 = CIRCLE('',#655,0.3499993);
#655 = AXIS2_PLACEMENT_3D('',#656,#657,#658);
#656 = CARTESIAN_POINT('',(0.39999666,19.24999706,0.));
#657 = DIRECTION('',(0.,0.,1.));
#658 = DIRECTION('',(-4.044391964204E-14,-1.,0.));
#659 = ORIENTED_EDGE('',*,*,#612,.F.);
#660 = ORIENTED_EDGE('',*,*,#661,.F.);
#661 = EDGE_CURVE('',#644,#613,#662,.T.);
#662 = CIRCLE('',#663,0.3499993);
#663 = AXIS2_PLACEMENT_3D('',#664,#665,#666);
#664 = CARTESIAN_POINT('',(0.39999666,19.24999706,-1.60143952));
#665 = DIRECTION('',(0.,0.,1.));
#666 = DIRECTION('',(-4.044391964204E-14,-1.,0.));
#667 = CYLINDRICAL_SURFACE('',#668,0.3499993);
#668 = AXIS2_PLACEMENT_3D('',#669,#670,#671);
#669 = CARTESIAN_POINT('',(0.39999666,19.24999706,-1.60143952));
#670 = DIRECTION('',(-0.,-0.,-1.));
#671 = DIRECTION('',(-4.044391964204E-14,-1.,0.));
#672 = ADVANCED_FACE('',(#673),#689,.T.);
#673 = FACE_BOUND('',#674,.T.);
#674 = EDGE_LOOP('',(#675,#676,#682,#683));
#675 = ORIENTED_EDGE('',*,*,#589,.T.);
#676 = ORIENTED_EDGE('',*,*,#677,.T.);
#677 = EDGE_CURVE('',#581,#646,#678,.T.);
#678 = LINE('',#679,#680);
#679 = CARTESIAN_POINT('',(-0.90000582,18.89999776,0.));
#680 = VECTOR('',#681,1.);
#681 = DIRECTION('',(1.,0.,0.));
#682 = ORIENTED_EDGE('',*,*,#643,.F.);
#683 = ORIENTED_EDGE('',*,*,#684,.F.);
#684 = EDGE_CURVE('',#590,#644,#685,.T.);
#685 = LINE('',#686,#687);
#686 = CARTESIAN_POINT('',(-0.90000582,18.89999776,-1.60143952));
#687 = VECTOR('',#688,1.);
#688 = DIRECTION('',(1.,0.,0.));
#689 = PLANE('',#690);
#690 = AXIS2_PLACEMENT_3D('',#691,#692,#693);
#691 = CARTESIAN_POINT('',(-0.90000582,18.89999776,-1.60143952));
#692 = DIRECTION('',(0.,1.,0.));
#693 = DIRECTION('',(1.,0.,0.));
#694 = ADVANCED_FACE('',(#695),#722,.F.);
#695 = FACE_BOUND('',#696,.T.);
#696 = EDGE_LOOP('',(#697,#707,#714,#715));
#697 = ORIENTED_EDGE('',*,*,#698,.T.);
#698 = EDGE_CURVE('',#699,#701,#703,.T.);
#699 = VERTEX_POINT('',#700);
#700 = CARTESIAN_POINT('',(2.4,1.2,-1.60143952));
#701 = VERTEX_POINT('',#702);
#702 = CARTESIAN_POINT('',(2.4,1.2,0.));
#703 = LINE('',#704,#705);
#704 = CARTESIAN_POINT('',(2.4,1.2,-1.60143952));
#705 = VECTOR('',#706,1.);
#706 = DIRECTION('',(0.,0.,1.));
#707 = ORIENTED_EDGE('',*,*,#708,.T.);
#708 = EDGE_CURVE('',#701,#701,#709,.T.);
#709 = CIRCLE('',#710,0.4);
#710 = AXIS2_PLACEMENT_3D('',#711,#712,#713);
#711 = CARTESIAN_POINT('',(2.,1.2,0.));
#712 = DIRECTION('',(0.,0.,1.));
#713 = DIRECTION('',(1.,0.,-0.));
#714 = ORIENTED_EDGE('',*,*,#698,.F.);
#715 = ORIENTED_EDGE('',*,*,#716,.F.);
#716 = EDGE_CURVE('',#699,#699,#717,.T.);
#717 = CIRCLE('',#718,0.4);
#718 = AXIS2_PLACEMENT_3D('',#719,#720,#721);
#719 = CARTESIAN_POINT('',(2.,1.2,-1.60143952));
#720 = DIRECTION('',(0.,0.,1.));
#721 = DIRECTION('',(1.,0.,-0.));
#722 = CYLINDRICAL_SURFACE('',#723,0.4);
#723 = AXIS2_PLACEMENT_3D('',#724,#725,#726);
#724 = CARTESIAN_POINT('',(2.,1.2,-1.60143952));
#725 = DIRECTION('',(-0.,-0.,-1.));
#726 = DIRECTION('',(1.,0.,-0.));
#727 = ADVANCED_FACE('',(#728),#755,.F.);
#728 = FACE_BOUND('',#729,.T.);
#729 = EDGE_LOOP('',(#730,#740,#747,#748));
#730 = ORIENTED_EDGE('',*,*,#731,.T.);
#731 = EDGE_CURVE('',#732,#734,#736,.T.);
#732 = VERTEX_POINT('',#733);
#733 = CARTESIAN_POINT('',(6.4,1.2,-1.60143952));
#734 = VERTEX_POINT('',#735);
#735 = CARTESIAN_POINT('',(6.4,1.2,0.));
#736 = LINE('',#737,#738);
#737 = CARTESIAN_POINT('',(6.4,1.2,-1.60143952));
#738 = VECTOR('',#739,1.);
#739 = DIRECTION('',(0.,0.,1.));
#740 = ORIENTED_EDGE('',*,*,#741,.T.);
#741 = EDGE_CURVE('',#734,#734,#742,.T.);
#742 = CIRCLE('',#743,0.4);
#743 = AXIS2_PLACEMENT_3D('',#744,#745,#746);
#744 = CARTESIAN_POINT('',(6.,1.2,0.));
#745 = DIRECTION('',(0.,0.,1.));
#746 = DIRECTION('',(1.,0.,-0.));
#747 = ORIENTED_EDGE('',*,*,#731,.F.);
#748 = ORIENTED_EDGE('',*,*,#749,.F.);
#749 = EDGE_CURVE('',#732,#732,#750,.T.);
#750 = CIRCLE('',#751,0.4);
#751 = AXIS2_PLACEMENT_3D('',#752,#753,#754);
#752 = CARTESIAN_POINT('',(6.,1.2,-1.60143952));
#753 = DIRECTION('',(0.,0.,1.));
#754 = DIRECTION('',(1.,0.,-0.));
#755 = CYLINDRICAL_SURFACE('',#756,0.4);
#756 = AXIS2_PLACEMENT_3D('',#757,#758,#759);
#757 = CARTESIAN_POINT('',(6.,1.2,-1.60143952));
#758 = DIRECTION('',(-0.,-0.,-1.));
#759 = DIRECTION('',(1.,0.,-0.));
#760 = ADVANCED_FACE('',(#761),#788,.F.);
#761 = FACE_BOUND('',#762,.T.);
#762 = EDGE_LOOP('',(#763,#773,#780,#781));
#763 = ORIENTED_EDGE('',*,*,#764,.T.);
#764 = EDGE_CURVE('',#765,#767,#769,.T.);
#765 = VERTEX_POINT('',#766);
#766 = CARTESIAN_POINT('',(4.4,1.2,-1.60143952));
#767 = VERTEX_POINT('',#768);
#768 = CARTESIAN_POINT('',(4.4,1.2,0.));
#769 = LINE('',#770,#771);
#770 = CARTESIAN_POINT('',(4.4,1.2,-1.60143952));
#771 = VECTOR('',#772,1.);
#772 = DIRECTION('',(0.,0.,1.));
#773 = ORIENTED_EDGE('',*,*,#774,.T.);
#774 = EDGE_CURVE('',#767,#767,#775,.T.);
#775 = CIRCLE('',#776,0.4);
#776 = AXIS2_PLACEMENT_3D('',#777,#778,#779);
#777 = CARTESIAN_POINT('',(4.,1.2,0.));
#778 = DIRECTION('',(0.,0.,1.));
#779 = DIRECTION('',(1.,0.,-0.));
#780 = ORIENTED_EDGE('',*,*,#764,.F.);
#781 = ORIENTED_EDGE('',*,*,#782,.F.);
#782 = EDGE_CURVE('',#765,#765,#783,.T.);
#783 = CIRCLE('',#784,0.4);
#784 = AXIS2_PLACEMENT_3D('',#785,#786,#787);
#785 = CARTESIAN_POINT('',(4.,1.2,-1.60143952));
#786 = DIRECTION('',(0.,0.,1.));
#787 = DIRECTION('',(1.,0.,-0.));
#788 = CYLINDRICAL_SURFACE('',#789,0.4);
#789 = AXIS2_PLACEMENT_3D('',#790,#791,#792);
#790 = CARTESIAN_POINT('',(4.,1.2,-1.60143952));
#791 = DIRECTION('',(-0.,-0.,-1.));
#792 = DIRECTION('',(1.,0.,-0.));
#793 = ADVANCED_FACE('',(#794),#821,.F.);
#794 = FACE_BOUND('',#795,.T.);
#795 = EDGE_LOOP('',(#796,#806,#813,#814));
#796 = ORIENTED_EDGE('',*,*,#797,.T.);
#797 = EDGE_CURVE('',#798,#800,#802,.T.);
#798 = VERTEX_POINT('',#799);
#799 = CARTESIAN_POINT('',(10.85,1.7,-1.60143952));
#800 = VERTEX_POINT('',#801);
#801 = CARTESIAN_POINT('',(10.85,1.7,0.));
#802 = LINE('',#803,#804);
#803 = CARTESIAN_POINT('',(10.85,1.7,-1.60143952));
#804 = VECTOR('',#805,1.);
#805 = DIRECTION('',(0.,0.,1.));
#806 = ORIENTED_EDGE('',*,*,#807,.T.);
#807 = EDGE_CURVE('',#800,#800,#808,.T.);
#808 = CIRCLE('',#809,0.55);
#809 = AXIS2_PLACEMENT_3D('',#810,#811,#812);
#810 = CARTESIAN_POINT('',(10.3,1.7,0.));
#811 = DIRECTION('',(0.,0.,1.));
#812 = DIRECTION('',(1.,0.,-0.));
#813 = ORIENTED_EDGE('',*,*,#797,.F.);
#814 = ORIENTED_EDGE('',*,*,#815,.F.);
#815 = EDGE_CURVE('',#798,#798,#816,.T.);
#816 = CIRCLE('',#817,0.55);
#817 = AXIS2_PLACEMENT_3D('',#818,#819,#820);
#818 = CARTESIAN_POINT('',(10.3,1.7,-1.60143952));
#819 = DIRECTION('',(0.,0.,1.));
#820 = DIRECTION('',(1.,0.,-0.));
#821 = CYLINDRICAL_SURFACE('',#822,0.55);
#822 = AXIS2_PLACEMENT_3D('',#823,#824,#825);
#823 = CARTESIAN_POINT('',(10.3,1.7,-1.60143952));
#824 = DIRECTION('',(-0.,-0.,-1.));
#825 = DIRECTION('',(1.,0.,-0.));
#826 = ADVANCED_FACE('',(#827),#863,.F.);
#827 = FACE_BOUND('',#828,.T.);
#828 = EDGE_LOOP('',(#829,#839,#848,#856));
#829 = ORIENTED_EDGE('',*,*,#830,.T.);
#830 = EDGE_CURVE('',#831,#833,#835,.T.);
#831 = VERTEX_POINT('',#832);
#832 = CARTESIAN_POINT('',(7.59999496,12.34999816,-1.60143952));
#833 = VERTEX_POINT('',#834);
#834 = CARTESIAN_POINT('',(7.59999496,12.34999816,0.));
#835 = LINE('',#836,#837);
#836 = CARTESIAN_POINT('',(7.59999496,12.34999816,-1.60143952));
#837 = VECTOR('',#838,1.);
#838 = DIRECTION('',(0.,0.,1.));
#839 = ORIENTED_EDGE('',*,*,#840,.T.);
#840 = EDGE_CURVE('',#833,#841,#843,.T.);
#841 = VERTEX_POINT('',#842);
#842 = CARTESIAN_POINT('',(6.89999636,12.34999816,0.));
#843 = CIRCLE('',#844,0.3499993);
#844 = AXIS2_PLACEMENT_3D('',#845,#846,#847);
#845 = CARTESIAN_POINT('',(7.24999566,12.34999816,0.));
#846 = DIRECTION('',(0.,0.,1.));
#847 = DIRECTION('',(1.,-4.060252324848E-14,0.));
#848 = ORIENTED_EDGE('',*,*,#849,.F.);
#849 = EDGE_CURVE('',#850,#841,#852,.T.);
#850 = VERTEX_POINT('',#851);
#851 = CARTESIAN_POINT('',(6.89999636,12.34999816,-1.60143952));
#852 = LINE('',#853,#854);
#853 = CARTESIAN_POINT('',(6.89999636,12.34999816,-1.60143952));
#854 = VECTOR('',#855,1.);
#855 = DIRECTION('',(0.,0.,1.));
#856 = ORIENTED_EDGE('',*,*,#857,.F.);
#857 = EDGE_CURVE('',#831,#850,#858,.T.);
#858 = CIRCLE('',#859,0.3499993);
#859 = AXIS2_PLACEMENT_3D('',#860,#861,#862);
#860 = CARTESIAN_POINT('',(7.24999566,12.34999816,-1.60143952));
#861 = DIRECTION('',(0.,0.,1.));
#862 = DIRECTION('',(1.,-4.060252324848E-14,0.));
#863 = CYLINDRICAL_SURFACE('',#864,0.3499993);
#864 = AXIS2_PLACEMENT_3D('',#865,#866,#867);
#865 = CARTESIAN_POINT('',(7.24999566,12.34999816,-1.60143952));
#866 = DIRECTION('',(-0.,-0.,-1.));
#867 = DIRECTION('',(1.,-4.060252324848E-14,0.));
#868 = ADVANCED_FACE('',(#869),#894,.T.);
#869 = FACE_BOUND('',#870,.T.);
#870 = EDGE_LOOP('',(#871,#881,#887,#888));
#871 = ORIENTED_EDGE('',*,*,#872,.T.);
#872 = EDGE_CURVE('',#873,#875,#877,.T.);
#873 = VERTEX_POINT('',#874);
#874 = CARTESIAN_POINT('',(7.59999496,11.04999568,-1.60143952));
#875 = VERTEX_POINT('',#876);
#876 = CARTESIAN_POINT('',(7.59999496,11.04999568,0.));
#877 = LINE('',#878,#879);
#878 = CARTESIAN_POINT('',(7.59999496,11.04999568,-1.60143952));
#879 = VECTOR('',#880,1.);
#880 = DIRECTION('',(0.,0.,1.));
#881 = ORIENTED_EDGE('',*,*,#882,.T.);
#882 = EDGE_CURVE('',#875,#833,#883,.T.);
#883 = LINE('',#884,#885);
#884 = CARTESIAN_POINT('',(7.59999496,11.04999568,0.));
#885 = VECTOR('',#886,1.);
#886 = DIRECTION('',(0.,1.,0.));
#887 = ORIENTED_EDGE('',*,*,#830,.F.);
#888 = ORIENTED_EDGE('',*,*,#889,.F.);
#889 = EDGE_CURVE('',#873,#831,#890,.T.);
#890 = LINE('',#891,#892);
#891 = CARTESIAN_POINT('',(7.59999496,11.04999568,-1.60143952));
#892 = VECTOR('',#893,1.);
#893 = DIRECTION('',(0.,1.,0.));
#894 = PLANE('',#895);
#895 = AXIS2_PLACEMENT_3D('',#896,#897,#898);
#896 = CARTESIAN_POINT('',(7.59999496,11.04999568,-1.60143952));
#897 = DIRECTION('',(-1.,0.,0.));
#898 = DIRECTION('',(0.,1.,0.));
#899 = ADVANCED_FACE('',(#900),#927,.F.);
#900 = FACE_BOUND('',#901,.T.);
#901 = EDGE_LOOP('',(#902,#912,#919,#920));
#902 = ORIENTED_EDGE('',*,*,#903,.T.);
#903 = EDGE_CURVE('',#904,#906,#908,.T.);
#904 = VERTEX_POINT('',#905);
#905 = CARTESIAN_POINT('',(6.89999636,11.04999568,-1.60143952));
#906 = VERTEX_POINT('',#907);
#907 = CARTESIAN_POINT('',(6.89999636,11.04999568,0.));
#908 = LINE('',#909,#910);
#909 = CARTESIAN_POINT('',(6.89999636,11.04999568,-1.60143952));
#910 = VECTOR('',#911,1.);
#911 = DIRECTION('',(0.,0.,1.));
#912 = ORIENTED_EDGE('',*,*,#913,.T.);
#913 = EDGE_CURVE('',#906,#875,#914,.T.);
#914 = CIRCLE('',#915,0.3499993);
#915 = AXIS2_PLACEMENT_3D('',#916,#917,#918);
#916 = CARTESIAN_POINT('',(7.24999566,11.04999568,0.));
#917 = DIRECTION('',(0.,0.,1.));
#918 = DIRECTION('',(-1.,4.060252324848E-14,-0.));
#919 = ORIENTED_EDGE('',*,*,#872,.F.);
#920 = ORIENTED_EDGE('',*,*,#921,.F.);
#921 = EDGE_CURVE('',#904,#873,#922,.T.);
#922 = CIRCLE('',#923,0.3499993);
#923 = AXIS2_PLACEMENT_3D('',#924,#925,#926);
#924 = CARTESIAN_POINT('',(7.24999566,11.04999568,-1.60143952));
#925 = DIRECTION('',(0.,0.,1.));
#926 = DIRECTION('',(-1.,4.060252324848E-14,-0.));
#927 = CYLINDRICAL_SURFACE('',#928,0.3499993);
#928 = AXIS2_PLACEMENT_3D('',#929,#930,#931);
#929 = CARTESIAN_POINT('',(7.24999566,11.04999568,-1.60143952));
#930 = DIRECTION('',(-0.,-0.,-1.));
#931 = DIRECTION('',(-1.,4.060252324848E-14,-0.));
#932 = ADVANCED_FACE('',(#933),#949,.T.);
#933 = FACE_BOUND('',#934,.T.);
#934 = EDGE_LOOP('',(#935,#936,#942,#943));
#935 = ORIENTED_EDGE('',*,*,#849,.T.);
#936 = ORIENTED_EDGE('',*,*,#937,.T.);
#937 = EDGE_CURVE('',#841,#906,#938,.T.);
#938 = LINE('',#939,#940);
#939 = CARTESIAN_POINT('',(6.89999636,12.34999816,0.));
#940 = VECTOR('',#941,1.);
#941 = DIRECTION('',(0.,-1.,0.));
#942 = ORIENTED_EDGE('',*,*,#903,.F.);
#943 = ORIENTED_EDGE('',*,*,#944,.F.);
#944 = EDGE_CURVE('',#850,#904,#945,.T.);
#945 = LINE('',#946,#947);
#946 = CARTESIAN_POINT('',(6.89999636,12.34999816,-1.60143952));
#947 = VECTOR('',#948,1.);
#948 = DIRECTION('',(0.,-1.,0.));
#949 = PLANE('',#950);
#950 = AXIS2_PLACEMENT_3D('',#951,#952,#953);
#951 = CARTESIAN_POINT('',(6.89999636,12.34999816,-1.60143952));
#952 = DIRECTION('',(1.,0.,-0.));
#953 = DIRECTION('',(0.,-1.,0.));
#954 = ADVANCED_FACE('',(#955),#982,.F.);
#955 = FACE_BOUND('',#956,.T.);
#956 = EDGE_LOOP('',(#957,#967,#974,#975));
#957 = ORIENTED_EDGE('',*,*,#958,.T.);
#958 = EDGE_CURVE('',#959,#961,#963,.T.);
#959 = VERTEX_POINT('',#960);
#960 = CARTESIAN_POINT('',(10.85,10.3,-1.60143952));
#961 = VERTEX_POINT('',#962);
#962 = CARTESIAN_POINT('',(10.85,10.3,0.));
#963 = LINE('',#964,#965);
#964 = CARTESIAN_POINT('',(10.85,10.3,-1.60143952));
#965 = VECTOR('',#966,1.);
#966 = DIRECTION('',(0.,0.,1.));
#967 = ORIENTED_EDGE('',*,*,#968,.T.);
#968 = EDGE_CURVE('',#961,#961,#969,.T.);
#969 = CIRCLE('',#970,0.55);
#970 = AXIS2_PLACEMENT_3D('',#971,#972,#973);
#971 = CARTESIAN_POINT('',(10.3,10.3,0.));
#972 = DIRECTION('',(0.,0.,1.));
#973 = DIRECTION('',(1.,0.,-0.));
#974 = ORIENTED_EDGE('',*,*,#958,.F.);
#975 = ORIENTED_EDGE('',*,*,#976,.F.);
#976 = EDGE_CURVE('',#959,#959,#977,.T.);
#977 = CIRCLE('',#978,0.55);
#978 = AXIS2_PLACEMENT_3D('',#979,#980,#981);
#979 = CARTESIAN_POINT('',(10.3,10.3,-1.60143952));
#980 = DIRECTION('',(0.,0.,1.));
#981 = DIRECTION('',(1.,0.,-0.));
#982 = CYLINDRICAL_SURFACE('',#983,0.55);
#983 = AXIS2_PLACEMENT_3D('',#984,#985,#986);
#984 = CARTESIAN_POINT('',(10.3,10.3,-1.60143952));
#985 = DIRECTION('',(-0.,-0.,-1.));
#986 = DIRECTION('',(1.,0.,-0.));
#987 = ADVANCED_FACE('',(#988),#1015,.F.);
#988 = FACE_BOUND('',#989,.T.);
#989 = EDGE_LOOP('',(#990,#1000,#1007,#1008));
#990 = ORIENTED_EDGE('',*,*,#991,.T.);
#991 = EDGE_CURVE('',#992,#994,#996,.T.);
#992 = VERTEX_POINT('',#993);
#993 = CARTESIAN_POINT('',(10.85,18.9,-1.60143952));
#994 = VERTEX_POINT('',#995);
#995 = CARTESIAN_POINT('',(10.85,18.9,0.));
#996 = LINE('',#997,#998);
#997 = CARTESIAN_POINT('',(10.85,18.9,-1.60143952));
#998 = VECTOR('',#999,1.);
#999 = DIRECTION('',(0.,0.,1.));
#1000 = ORIENTED_EDGE('',*,*,#1001,.T.);
#1001 = EDGE_CURVE('',#994,#994,#1002,.T.);
#1002 = CIRCLE('',#1003,0.55);
#1003 = AXIS2_PLACEMENT_3D('',#1004,#1005,#1006);
#1004 = CARTESIAN_POINT('',(10.3,18.9,0.));
#1005 = DIRECTION('',(0.,0.,1.));
#1006 = DIRECTION('',(1.,0.,-0.));
#1007 = ORIENTED_EDGE('',*,*,#991,.F.);
#1008 = ORIENTED_EDGE('',*,*,#1009,.F.);
#1009 = EDGE_CURVE('',#992,#992,#1010,.T.);
#1010 = CIRCLE('',#1011,0.55);
#1011 = AXIS2_PLACEMENT_3D('',#1012,#1013,#1014);
#1012 = CARTESIAN_POINT('',(10.3,18.9,-1.60143952));
#1013 = DIRECTION('',(0.,0.,1.));
#1014 = DIRECTION('',(1.,0.,-0.));
#1015 = CYLINDRICAL_SURFACE('',#1016,0.55);
#1016 = AXIS2_PLACEMENT_3D('',#1017,#1018,#1019);
#1017 = CARTESIAN_POINT('',(10.3,18.9,-1.60143952));
#1018 = DIRECTION('',(-0.,-0.,-1.));
#1019 = DIRECTION('',(1.,0.,-0.));
#1020 = ADVANCED_FACE('',(#1021,#1031,#1034,#1037,#1040,#1043,#1046,
    #1052,#1058,#1061,#1064,#1067,#1070,#1076,#1079),#1082,.F.);
#1021 = FACE_BOUND('',#1022,.F.);
#1022 = EDGE_LOOP('',(#1023,#1024,#1025,#1026,#1027,#1028,#1029,#1030));
#1023 = ORIENTED_EDGE('',*,*,#48,.T.);
#1024 = ORIENTED_EDGE('',*,*,#80,.T.);
#1025 = ORIENTED_EDGE('',*,*,#112,.T.);
#1026 = ORIENTED_EDGE('',*,*,#144,.T.);
#1027 = ORIENTED_EDGE('',*,*,#176,.T.);
#1028 = ORIENTED_EDGE('',*,*,#208,.T.);
#1029 = ORIENTED_EDGE('',*,*,#240,.T.);
#1030 = ORIENTED_EDGE('',*,*,#263,.T.);
#1031 = FACE_BOUND('',#1032,.F.);
#1032 = EDGE_LOOP('',(#1033));
#1033 = ORIENTED_EDGE('',*,*,#295,.F.);
#1034 = FACE_BOUND('',#1035,.F.);
#1035 = EDGE_LOOP('',(#1036));
#1036 = ORIENTED_EDGE('',*,*,#328,.F.);
#1037 = FACE_BOUND('',#1038,.F.);
#1038 = EDGE_LOOP('',(#1039));
#1039 = ORIENTED_EDGE('',*,*,#361,.F.);
#1040 = FACE_BOUND('',#1041,.F.);
#1041 = EDGE_LOOP('',(#1042));
#1042 = ORIENTED_EDGE('',*,*,#394,.F.);
#1043 = FACE_BOUND('',#1044,.F.);
#1044 = EDGE_LOOP('',(#1045));
#1045 = ORIENTED_EDGE('',*,*,#427,.F.);
#1046 = FACE_BOUND('',#1047,.F.);
#1047 = EDGE_LOOP('',(#1048,#1049,#1050,#1051));
#1048 = ORIENTED_EDGE('',*,*,#469,.F.);
#1049 = ORIENTED_EDGE('',*,*,#501,.F.);
#1050 = ORIENTED_EDGE('',*,*,#533,.F.);
#1051 = ORIENTED_EDGE('',*,*,#556,.F.);
#1052 = FACE_BOUND('',#1053,.F.);
#1053 = EDGE_LOOP('',(#1054,#1055,#1056,#1057));
#1054 = ORIENTED_EDGE('',*,*,#597,.F.);
#1055 = ORIENTED_EDGE('',*,*,#629,.F.);
#1056 = ORIENTED_EDGE('',*,*,#661,.F.);
#1057 = ORIENTED_EDGE('',*,*,#684,.F.);
#1058 = FACE_BOUND('',#1059,.F.);
#1059 = EDGE_LOOP('',(#1060));
#1060 = ORIENTED_EDGE('',*,*,#716,.F.);
#1061 = FACE_BOUND('',#1062,.F.);
#1062 = EDGE_LOOP('',(#1063));
#1063 = ORIENTED_EDGE('',*,*,#749,.F.);
#1064 = FACE_BOUND('',#1065,.F.);
#1065 = EDGE_LOOP('',(#1066));
#1066 = ORIENTED_EDGE('',*,*,#782,.F.);
#1067 = FACE_BOUND('',#1068,.F.);
#1068 = EDGE_LOOP('',(#1069));
#1069 = ORIENTED_EDGE('',*,*,#815,.F.);
#1070 = FACE_BOUND('',#1071,.F.);
#1071 = EDGE_LOOP('',(#1072,#1073,#1074,#1075));
#1072 = ORIENTED_EDGE('',*,*,#857,.F.);
#1073 = ORIENTED_EDGE('',*,*,#889,.F.);
#1074 = ORIENTED_EDGE('',*,*,#921,.F.);
#1075 = ORIENTED_EDGE('',*,*,#944,.F.);
#1076 = FACE_BOUND('',#1077,.F.);
#1077 = EDGE_LOOP('',(#1078));
#1078 = ORIENTED_EDGE('',*,*,#976,.F.);
#1079 = FACE_BOUND('',#1080,.F.);
#1080 = EDGE_LOOP('',(#1081));
#1081 = ORIENTED_EDGE('',*,*,#1009,.F.);
#1082 = PLANE('',#1083);
#1083 = AXIS2_PLACEMENT_3D('',#1084,#1085,#1086);
#1084 = CARTESIAN_POINT('',(-6.502997430192E-16,10.3,-1.60143952));
#1085 = DIRECTION('',(0.,0.,1.));
#1086 = DIRECTION('',(1.,0.,-0.));
#1087 = ADVANCED_FACE('',(#1088,#1098,#1101,#1104,#1107,#1110,#1113,
    #1119,#1125,#1128,#1131,#1134,#1137,#1143,#1146),#1149,.T.);
#1088 = FACE_BOUND('',#1089,.T.);
#1089 = EDGE_LOOP('',(#1090,#1091,#1092,#1093,#1094,#1095,#1096,#1097));
#1090 = ORIENTED_EDGE('',*,*,#31,.T.);
#1091 = ORIENTED_EDGE('',*,*,#64,.T.);
#1092 = ORIENTED_EDGE('',*,*,#95,.T.);
#1093 = ORIENTED_EDGE('',*,*,#128,.T.);
#1094 = ORIENTED_EDGE('',*,*,#159,.T.);
#1095 = ORIENTED_EDGE('',*,*,#192,.T.);
#1096 = ORIENTED_EDGE('',*,*,#223,.T.);
#1097 = ORIENTED_EDGE('',*,*,#256,.T.);
#1098 = FACE_BOUND('',#1099,.T.);
#1099 = EDGE_LOOP('',(#1100));
#1100 = ORIENTED_EDGE('',*,*,#287,.F.);
#1101 = FACE_BOUND('',#1102,.T.);
#1102 = EDGE_LOOP('',(#1103));
#1103 = ORIENTED_EDGE('',*,*,#320,.F.);
#1104 = FACE_BOUND('',#1105,.T.);
#1105 = EDGE_LOOP('',(#1106));
#1106 = ORIENTED_EDGE('',*,*,#353,.F.);
#1107 = FACE_BOUND('',#1108,.T.);
#1108 = EDGE_LOOP('',(#1109));
#1109 = ORIENTED_EDGE('',*,*,#386,.F.);
#1110 = FACE_BOUND('',#1111,.T.);
#1111 = EDGE_LOOP('',(#1112));
#1112 = ORIENTED_EDGE('',*,*,#419,.F.);
#1113 = FACE_BOUND('',#1114,.T.);
#1114 = EDGE_LOOP('',(#1115,#1116,#1117,#1118));
#1115 = ORIENTED_EDGE('',*,*,#452,.F.);
#1116 = ORIENTED_EDGE('',*,*,#494,.F.);
#1117 = ORIENTED_EDGE('',*,*,#525,.F.);
#1118 = ORIENTED_EDGE('',*,*,#549,.F.);
#1119 = FACE_BOUND('',#1120,.T.);
#1120 = EDGE_LOOP('',(#1121,#1122,#1123,#1124));
#1121 = ORIENTED_EDGE('',*,*,#580,.F.);
#1122 = ORIENTED_EDGE('',*,*,#622,.F.);
#1123 = ORIENTED_EDGE('',*,*,#653,.F.);
#1124 = ORIENTED_EDGE('',*,*,#677,.F.);
#1125 = FACE_BOUND('',#1126,.T.);
#1126 = EDGE_LOOP('',(#1127));
#1127 = ORIENTED_EDGE('',*,*,#708,.F.);
#1128 = FACE_BOUND('',#1129,.T.);
#1129 = EDGE_LOOP('',(#1130));
#1130 = ORIENTED_EDGE('',*,*,#741,.F.);
#1131 = FACE_BOUND('',#1132,.T.);
#1132 = EDGE_LOOP('',(#1133));
#1133 = ORIENTED_EDGE('',*,*,#774,.F.);
#1134 = FACE_BOUND('',#1135,.T.);
#1135 = EDGE_LOOP('',(#1136));
#1136 = ORIENTED_EDGE('',*,*,#807,.F.);
#1137 = FACE_BOUND('',#1138,.T.);
#1138 = EDGE_LOOP('',(#1139,#1140,#1141,#1142));
#1139 = ORIENTED_EDGE('',*,*,#840,.F.);
#1140 = ORIENTED_EDGE('',*,*,#882,.F.);
#1141 = ORIENTED_EDGE('',*,*,#913,.F.);
#1142 = ORIENTED_EDGE('',*,*,#937,.F.);
#1143 = FACE_BOUND('',#1144,.T.);
#1144 = EDGE_LOOP('',(#1145));
#1145 = ORIENTED_EDGE('',*,*,#968,.F.);
#1146 = FACE_BOUND('',#1147,.T.);
#1147 = EDGE_LOOP('',(#1148));
#1148 = ORIENTED_EDGE('',*,*,#1001,.F.);
#1149 = PLANE('',#1150);
#1150 = AXIS2_PLACEMENT_3D('',#1151,#1152,#1153);
#1151 = CARTESIAN_POINT('',(-6.502997430192E-16,10.3,0.));
#1152 = DIRECTION('',(0.,0.,1.));
#1153 = DIRECTION('',(1.,0.,-0.));
#1154 = ( GEOMETRIC_REPRESENTATION_CONTEXT(3) 
GLOBAL_UNCERTAINTY_ASSIGNED_CONTEXT((#1158)) 
GLOBAL_UNIT_ASSIGNED_CONTEXT((#1155,#1156,#1157)) REPRESENTATION_CONTEXT
('Context #1','3D Context with UNIT and UNCERTAINTY') );
#1155 = ( LENGTH_UNIT() NAMED_UNIT(*) SI_UNIT(.MILLI.,.METRE.) );
#1156 = ( NAMED_UNIT(*) PLANE_ANGLE_UNIT() SI_UNIT($,.RADIAN.) );
#1157 = ( NAMED_UNIT(*) SI_UNIT($,.STERADIAN.) SOLID_ANGLE_UNIT() );
#1158 = UNCERTAINTY_MEASURE_WITH_UNIT(LENGTH_MEASURE(1.E-07),#1155,
  'distance_accuracy_value','confusion accuracy');
#1159 = PRODUCT_RELATED_PRODUCT_CATEGORY('part',$,(#7));
#1160 = SHAPE_DEFINITION_REPRESENTATION(#1161,#1167);
#1161 = PRODUCT_DEFINITION_SHAPE('','',#1162);
#1162 = PRODUCT_DEFINITION('design','',#1163,#1166);
#1163 = PRODUCT_DEFINITION_FORMATION('','',#1164);
#1164 = PRODUCT('Open CASCADE STEP translator 7.5 18',
  'Open CASCADE STEP translator 7.5 18','',(#1165));
#1165 = PRODUCT_CONTEXT('',#2,'mechanical');
#1166 = PRODUCT_DEFINITION_CONTEXT('part definition',#2,'design');
#1167 = ADVANCED_BREP_SHAPE_REPRESENTATION('',(#11,#1168),#14109);
#1168 = MANIFOLD_SOLID_BREP('',#1169);
#1169 = CLOSED_SHELL('',(#1170,#1212,#1254,#1296,#1338,#1380,#1422,#1464
    ,#1506,#1546,#1579,#1610,#1643,#1674,#1707,#1738,#1769,#1802,#1833,
    #1873,#1905,#1936,#1960,#1977,#2017,#2059,#2090,#2115,#2139,#2166,
    #2206,#2239,#2270,#2318,#2365,#2396,#2420,#2462,#2493,#2518,#2542,
    #2569,#2617,#2648,#2688,#2728,#2795,#2837,#2868,#2901,#2932,#2974,
    #3005,#3038,#3069,#3109,#3142,#3173,#3206,#3237,#3277,#3310,#3341,
    #3374,#3405,#3447,#3478,#3511,#3542,#3582,#3622,#3655,#3686,#3728,
    #3759,#3781,#3814,#3845,#3876,#3909,#3940,#3971,#3998,#4016,#4049,
    #4089,#4113,#4140,#4158,#4191,#4224,#4264,#4297,#4328,#4361,#4392,
    #4434,#4465,#4498,#4529,#4569,#4609,#4642,#4673,#4715,#4746,#4768,
    #4801,#4832,#4863,#4896,#4927,#4958,#4985,#5003,#5036,#5076,#5100,
    #5127,#5145,#5178,#5211,#5251,#5284,#5315,#5348,#5379,#5421,#5452,
    #5485,#5516,#5556,#5596,#5629,#5660,#5702,#5733,#5755,#5788,#5819,
    #5850,#5883,#5914,#5945,#5972,#5990,#6023,#6063,#6087,#6114,#6132,
    #6165,#6198,#6238,#6271,#6302,#6335,#6366,#6408,#6439,#6472,#6503,
    #6543,#6583,#6616,#6647,#6689,#6720,#6742,#6775,#6806,#6837,#6870,
    #6901,#6932,#6959,#6977,#7010,#7050,#7074,#7101,#7119,#7152,#7185,
    #7225,#7258,#7289,#7322,#7353,#7395,#7426,#7459,#7490,#7530,#7563,
    #7594,#7634,#7667,#7698,#7720,#7753,#7784,#7815,#7848,#7879,#7910,
    #7937,#7955,#7997,#8030,#8061,#8094,#8121,#8139,#8172,#8212,#8245,
    #8276,#8316,#8349,#8380,#8413,#8444,#8486,#8517,#8550,#8581,#8621,
    #8654,#8685,#8707,#8740,#8771,#8802,#8835,#8866,#8897,#8939,#8966,
    #8984,#9017,#9048,#9075,#9093,#9126,#9159,#9199,#9239,#9272,#9303,
    #9336,#9367,#9498,#9581,#9612,#9652,#9682,#9725,#9749,#9790,#9807,
    #9824,#9904,#9944,#9977,#10008,#10048,#10088,#10121,#10152,#10183,
    #10207,#10238,#10269,#10302,#10333,#10348,#10361,#10394,#10434,
    #10458,#10473,#10486,#10519,#10552,#10683,#10723,#10792,#10809,
    #10858,#10882,#10899,#10936,#10960,#10984,#11009,#11026,#11058,
    #11091,#11131,#11161,#11185,#11225,#11281,#11321,#11361,#11394,
    #11425,#11456,#11487,#11520,#11551,#11582,#11615,#11646,#11679,
    #11710,#11743,#11774,#11834,#11857,#11881,#11921,#11954,#11985,
    #12016,#12049,#12080,#12113,#12144,#12177,#12208,#12255,#12273,
    #12314,#12427,#12458,#12498,#12531,#12562,#12690,#12715,#12739,
    #12764,#12788,#12812,#12837,#12861,#12885,#12909,#12934,#12958,
    #12976,#13017,#13076,#13107,#13124,#13148,#13188,#13228,#13259,
    #13297,#13321,#13363,#13394,#13416,#13449,#13480,#13511,#13544,
    #13575,#13606,#13709,#13724,#13737,#13752,#13785,#13809,#13824,
    #13837,#13852,#13878,#13955,#13979,#13996,#14014,#14026,#14063,
    #14075,#14093));
#1170 = ADVANCED_FACE('',(#1171),#1207,.F.);
#1171 = FACE_BOUND('',#1172,.F.);
#1172 = EDGE_LOOP('',(#1173,#1183,#1192,#1200));
#1173 = ORIENTED_EDGE('',*,*,#1174,.T.);
#1174 = EDGE_CURVE('',#1175,#1177,#1179,.T.);
#1175 = VERTEX_POINT('',#1176);
#1176 = CARTESIAN_POINT('',(-1.349999065239,7.974913359508,
    -1.680966319953));
#1177 = VERTEX_POINT('',#1178);
#1178 = CARTESIAN_POINT('',(-1.349999058682,8.124913359508,
    -1.68096630684));
#1179 = LINE('',#1180,#1181);
#1180 = CARTESIAN_POINT('',(-1.349999065239,7.974913359508,
    -1.680966319953));
#1181 = VECTOR('',#1182,1.);
#1182 = DIRECTION('',(4.371138828674E-08,1.,8.742277657348E-08));
#1183 = ORIENTED_EDGE('',*,*,#1184,.T.);
#1184 = EDGE_CURVE('',#1177,#1185,#1187,.T.);
#1185 = VERTEX_POINT('',#1186);
#1186 = CARTESIAN_POINT('',(-1.349562058782,8.124913359489,
    -1.680968216546));
#1187 = CIRCLE('',#1188,5.E-02);
#1188 = AXIS2_PLACEMENT_3D('',#1189,#1190,#1191);
#1189 = CARTESIAN_POINT('',(-1.349562060968,8.124913355118,
    -1.630968216546));
#1190 = DIRECTION('',(-4.371138828674E-08,-1.,-8.742277657348E-08));
#1191 = DIRECTION('',(-8.73995429087E-03,8.780147307221E-08,
    -0.99996180587));
#1192 = ORIENTED_EDGE('',*,*,#1193,.F.);
#1193 = EDGE_CURVE('',#1194,#1185,#1196,.T.);
#1194 = VERTEX_POINT('',#1195);
#1195 = CARTESIAN_POINT('',(-1.349562065339,7.974913359489,
    -1.68096822966));
#1196 = LINE('',#1197,#1198);
#1197 = CARTESIAN_POINT('',(-1.349562065339,7.974913359489,
    -1.68096822966));
#1198 = VECTOR('',#1199,1.);
#1199 = DIRECTION('',(4.371138828674E-08,1.,8.742277657348E-08));
#1200 = ORIENTED_EDGE('',*,*,#1201,.F.);
#1201 = EDGE_CURVE('',#1175,#1194,#1202,.T.);
#1202 = CIRCLE('',#1203,5.E-02);
#1203 = AXIS2_PLACEMENT_3D('',#1204,#1205,#1206);
#1204 = CARTESIAN_POINT('',(-1.349562067525,7.974913355118,
    -1.63096822966));
#1205 = DIRECTION('',(-4.371138828674E-08,-1.,-8.742277657348E-08));
#1206 = DIRECTION('',(-8.73995429087E-03,8.780147307221E-08,
    -0.99996180587));
#1207 = CYLINDRICAL_SURFACE('',#1208,5.E-02);
#1208 = AXIS2_PLACEMENT_3D('',#1209,#1210,#1211);
#1209 = CARTESIAN_POINT('',(-1.349562067525,7.974913355118,
    -1.63096822966));
#1210 = DIRECTION('',(4.371138828674E-08,1.,8.742277657348E-08));
#1211 = DIRECTION('',(4.371138828674E-08,8.742277466279E-08,-1.));
#1212 = ADVANCED_FACE('',(#1213),#1249,.F.);
#1213 = FACE_BOUND('',#1214,.F.);
#1214 = EDGE_LOOP('',(#1215,#1225,#1234,#1242));
#1215 = ORIENTED_EDGE('',*,*,#1216,.T.);
#1216 = EDGE_CURVE('',#1217,#1219,#1221,.T.);
#1217 = VERTEX_POINT('',#1218);
#1218 = CARTESIAN_POINT('',(-1.349999087095,7.474913359508,
    -1.680966363665));
#1219 = VERTEX_POINT('',#1220);
#1220 = CARTESIAN_POINT('',(-1.349999080538,7.624913359508,
    -1.680966350551));
#1221 = LINE('',#1222,#1223);
#1222 = CARTESIAN_POINT('',(-1.349999087095,7.474913359508,
    -1.680966363665));
#1223 = VECTOR('',#1224,1.);
#1224 = DIRECTION('',(4.371138828674E-08,1.,8.742277657348E-08));
#1225 = ORIENTED_EDGE('',*,*,#1226,.T.);
#1226 = EDGE_CURVE('',#1219,#1227,#1229,.T.);
#1227 = VERTEX_POINT('',#1228);
#1228 = CARTESIAN_POINT('',(-1.349562080638,7.624913359489,
    -1.680968260258));
#1229 = CIRCLE('',#1230,5.E-02);
#1230 = AXIS2_PLACEMENT_3D('',#1231,#1232,#1233);
#1231 = CARTESIAN_POINT('',(-1.349562082823,7.624913355118,
    -1.630968260258));
#1232 = DIRECTION('',(-4.371138828674E-08,-1.,-8.742277657348E-08));
#1233 = DIRECTION('',(-8.73995429087E-03,8.780147307221E-08,
    -0.99996180587));
#1234 = ORIENTED_EDGE('',*,*,#1235,.F.);
#1235 = EDGE_CURVE('',#1236,#1227,#1238,.T.);
#1236 = VERTEX_POINT('',#1237);
#1237 = CARTESIAN_POINT('',(-1.349562087195,7.474913359489,
    -1.680968273371));
#1238 = LINE('',#1239,#1240);
#1239 = CARTESIAN_POINT('',(-1.349562087195,7.474913359489,
    -1.680968273371));
#1240 = VECTOR('',#1241,1.);
#1241 = DIRECTION('',(4.371138828674E-08,1.,8.742277657348E-08));
#1242 = ORIENTED_EDGE('',*,*,#1243,.F.);
#1243 = EDGE_CURVE('',#1217,#1236,#1244,.T.);
#1244 = CIRCLE('',#1245,5.E-02);
#1245 = AXIS2_PLACEMENT_3D('',#1246,#1247,#1248);
#1246 = CARTESIAN_POINT('',(-1.34956208938,7.474913355118,
    -1.630968273371));
#1247 = DIRECTION('',(-4.371138828674E-08,-1.,-8.742277657348E-08));
#1248 = DIRECTION('',(-8.73995429087E-03,8.780147307221E-08,
    -0.99996180587));
#1249 = CYLINDRICAL_SURFACE('',#1250,5.E-02);
#1250 = AXIS2_PLACEMENT_3D('',#1251,#1252,#1253);
#1251 = CARTESIAN_POINT('',(-1.34956208938,7.474913355118,
    -1.630968273371));
#1252 = DIRECTION('',(4.371138828674E-08,1.,8.742277657348E-08));
#1253 = DIRECTION('',(4.371138828674E-08,8.742277466279E-08,-1.));
#1254 = ADVANCED_FACE('',(#1255),#1291,.F.);
#1255 = FACE_BOUND('',#1256,.F.);
#1256 = EDGE_LOOP('',(#1257,#1267,#1276,#1284));
#1257 = ORIENTED_EDGE('',*,*,#1258,.T.);
#1258 = EDGE_CURVE('',#1259,#1261,#1263,.T.);
#1259 = VERTEX_POINT('',#1260);
#1260 = CARTESIAN_POINT('',(-1.349999218229,4.474913359508,
    -1.680966625933));
#1261 = VERTEX_POINT('',#1262);
#1262 = CARTESIAN_POINT('',(-1.349999211672,4.624913359508,
    -1.68096661282));
#1263 = LINE('',#1264,#1265);
#1264 = CARTESIAN_POINT('',(-1.349999218229,4.474913359508,
    -1.680966625933));
#1265 = VECTOR('',#1266,1.);
#1266 = DIRECTION('',(4.371138828674E-08,1.,8.742277657348E-08));
#1267 = ORIENTED_EDGE('',*,*,#1268,.T.);
#1268 = EDGE_CURVE('',#1261,#1269,#1271,.T.);
#1269 = VERTEX_POINT('',#1270);
#1270 = CARTESIAN_POINT('',(-1.349562211772,4.624913359489,
    -1.680968522526));
#1271 = CIRCLE('',#1272,5.E-02);
#1272 = AXIS2_PLACEMENT_3D('',#1273,#1274,#1275);
#1273 = CARTESIAN_POINT('',(-1.349562213958,4.624913355118,
    -1.630968522526));
#1274 = DIRECTION('',(-4.371138828674E-08,-1.,-8.742277657348E-08));
#1275 = DIRECTION('',(-8.73995429087E-03,8.780147307221E-08,
    -0.99996180587));
#1276 = ORIENTED_EDGE('',*,*,#1277,.F.);
#1277 = EDGE_CURVE('',#1278,#1269,#1280,.T.);
#1278 = VERTEX_POINT('',#1279);
#1279 = CARTESIAN_POINT('',(-1.349562218329,4.474913359489,
    -1.68096853564));
#1280 = LINE('',#1281,#1282);
#1281 = CARTESIAN_POINT('',(-1.349562218329,4.474913359489,
    -1.68096853564));
#1282 = VECTOR('',#1283,1.);
#1283 = DIRECTION('',(4.371138828674E-08,1.,8.742277657348E-08));
#1284 = ORIENTED_EDGE('',*,*,#1285,.F.);
#1285 = EDGE_CURVE('',#1259,#1278,#1286,.T.);
#1286 = CIRCLE('',#1287,5.E-02);
#1287 = AXIS2_PLACEMENT_3D('',#1288,#1289,#1290);
#1288 = CARTESIAN_POINT('',(-1.349562220514,4.474913355118,
    -1.63096853564));
#1289 = DIRECTION('',(-4.371138828674E-08,-1.,-8.742277657348E-08));
#1290 = DIRECTION('',(-8.73995429087E-03,8.780147307221E-08,
    -0.99996180587));
#1291 = CYLINDRICAL_SURFACE('',#1292,5.E-02);
#1292 = AXIS2_PLACEMENT_3D('',#1293,#1294,#1295);
#1293 = CARTESIAN_POINT('',(-1.349562220514,4.474913355118,
    -1.63096853564));
#1294 = DIRECTION('',(4.371138828674E-08,1.,8.742277657348E-08));
#1295 = DIRECTION('',(4.371138828674E-08,8.742277466279E-08,-1.));
#1296 = ADVANCED_FACE('',(#1297),#1333,.F.);
#1297 = FACE_BOUND('',#1298,.F.);
#1298 = EDGE_LOOP('',(#1299,#1309,#1318,#1326));
#1299 = ORIENTED_EDGE('',*,*,#1300,.T.);
#1300 = EDGE_CURVE('',#1301,#1303,#1305,.T.);
#1301 = VERTEX_POINT('',#1302);
#1302 = CARTESIAN_POINT('',(-1.349999196373,4.974913359508,
    -1.680966582222));
#1303 = VERTEX_POINT('',#1304);
#1304 = CARTESIAN_POINT('',(-1.349999189816,5.124913359508,
    -1.680966569108));
#1305 = LINE('',#1306,#1307);
#1306 = CARTESIAN_POINT('',(-1.349999196373,4.974913359508,
    -1.680966582222));
#1307 = VECTOR('',#1308,1.);
#1308 = DIRECTION('',(4.371138828674E-08,1.,8.742277657348E-08));
#1309 = ORIENTED_EDGE('',*,*,#1310,.T.);
#1310 = EDGE_CURVE('',#1303,#1311,#1313,.T.);
#1311 = VERTEX_POINT('',#1312);
#1312 = CARTESIAN_POINT('',(-1.349562189916,5.124913359489,
    -1.680968478815));
#1313 = CIRCLE('',#1314,5.E-02);
#1314 = AXIS2_PLACEMENT_3D('',#1315,#1316,#1317);
#1315 = CARTESIAN_POINT('',(-1.349562192102,5.124913355118,
    -1.630968478815));
#1316 = DIRECTION('',(-4.371138828674E-08,-1.,-8.742277657348E-08));
#1317 = DIRECTION('',(-8.73995429087E-03,8.780147307221E-08,
    -0.99996180587));
#1318 = ORIENTED_EDGE('',*,*,#1319,.F.);
#1319 = EDGE_CURVE('',#1320,#1311,#1322,.T.);
#1320 = VERTEX_POINT('',#1321);
#1321 = CARTESIAN_POINT('',(-1.349562196473,4.974913359489,
    -1.680968491928));
#1322 = LINE('',#1323,#1324);
#1323 = CARTESIAN_POINT('',(-1.349562196473,4.974913359489,
    -1.680968491928));
#1324 = VECTOR('',#1325,1.);
#1325 = DIRECTION('',(4.371138828674E-08,1.,8.742277657348E-08));
#1326 = ORIENTED_EDGE('',*,*,#1327,.F.);
#1327 = EDGE_CURVE('',#1301,#1320,#1328,.T.);
#1328 = CIRCLE('',#1329,5.E-02);
#1329 = AXIS2_PLACEMENT_3D('',#1330,#1331,#1332);
#1330 = CARTESIAN_POINT('',(-1.349562198659,4.974913355118,
    -1.630968491928));
#1331 = DIRECTION('',(-4.371138828674E-08,-1.,-8.742277657348E-08));
#1332 = DIRECTION('',(-8.73995429087E-03,8.780147307221E-08,
    -0.99996180587));
#1333 = CYLINDRICAL_SURFACE('',#1334,5.E-02);
#1334 = AXIS2_PLACEMENT_3D('',#1335,#1336,#1337);
#1335 = CARTESIAN_POINT('',(-1.349562198659,4.974913355118,
    -1.630968491928));
#1336 = DIRECTION('',(4.371138828674E-08,1.,8.742277657348E-08));
#1337 = DIRECTION('',(4.371138828674E-08,8.742277466279E-08,-1.));
#1338 = ADVANCED_FACE('',(#1339),#1375,.F.);
#1339 = FACE_BOUND('',#1340,.F.);
#1340 = EDGE_LOOP('',(#1341,#1351,#1360,#1368));
#1341 = ORIENTED_EDGE('',*,*,#1342,.T.);
#1342 = EDGE_CURVE('',#1343,#1345,#1347,.T.);
#1343 = VERTEX_POINT('',#1344);
#1344 = CARTESIAN_POINT('',(-1.349999174517,5.474913359508,
    -1.68096653851));
#1345 = VERTEX_POINT('',#1346);
#1346 = CARTESIAN_POINT('',(-1.349999167961,5.624913359508,
    -1.680966525397));
#1347 = LINE('',#1348,#1349);
#1348 = CARTESIAN_POINT('',(-1.349999174517,5.474913359508,
    -1.68096653851));
#1349 = VECTOR('',#1350,1.);
#1350 = DIRECTION('',(4.371138828674E-08,1.,8.742277657348E-08));
#1351 = ORIENTED_EDGE('',*,*,#1352,.T.);
#1352 = EDGE_CURVE('',#1345,#1353,#1355,.T.);
#1353 = VERTEX_POINT('',#1354);
#1354 = CARTESIAN_POINT('',(-1.349562168061,5.624913359489,
    -1.680968435103));
#1355 = CIRCLE('',#1356,5.E-02);
#1356 = AXIS2_PLACEMENT_3D('',#1357,#1358,#1359);
#1357 = CARTESIAN_POINT('',(-1.349562170246,5.624913355118,
    -1.630968435103));
#1358 = DIRECTION('',(-4.371138828674E-08,-1.,-8.742277657348E-08));
#1359 = DIRECTION('',(-8.73995429087E-03,8.780147307221E-08,
    -0.99996180587));
#1360 = ORIENTED_EDGE('',*,*,#1361,.F.);
#1361 = EDGE_CURVE('',#1362,#1353,#1364,.T.);
#1362 = VERTEX_POINT('',#1363);
#1363 = CARTESIAN_POINT('',(-1.349562174617,5.474913359489,
    -1.680968448217));
#1364 = LINE('',#1365,#1366);
#1365 = CARTESIAN_POINT('',(-1.349562174617,5.474913359489,
    -1.680968448217));
#1366 = VECTOR('',#1367,1.);
#1367 = DIRECTION('',(4.371138828674E-08,1.,8.742277657348E-08));
#1368 = ORIENTED_EDGE('',*,*,#1369,.F.);
#1369 = EDGE_CURVE('',#1343,#1362,#1370,.T.);
#1370 = CIRCLE('',#1371,5.E-02);
#1371 = AXIS2_PLACEMENT_3D('',#1372,#1373,#1374);
#1372 = CARTESIAN_POINT('',(-1.349562176803,5.474913355118,
    -1.630968448217));
#1373 = DIRECTION('',(-4.371138828674E-08,-1.,-8.742277657348E-08));
#1374 = DIRECTION('',(-8.73995429087E-03,8.780147307221E-08,
    -0.99996180587));
#1375 = CYLINDRICAL_SURFACE('',#1376,5.E-02);
#1376 = AXIS2_PLACEMENT_3D('',#1377,#1378,#1379);
#1377 = CARTESIAN_POINT('',(-1.349562176803,5.474913355118,
    -1.630968448217));
#1378 = DIRECTION('',(4.371138828674E-08,1.,8.742277657348E-08));
#1379 = DIRECTION('',(4.371138828674E-08,8.742277466279E-08,-1.));
#1380 = ADVANCED_FACE('',(#1381),#1417,.F.);
#1381 = FACE_BOUND('',#1382,.F.);
#1382 = EDGE_LOOP('',(#1383,#1393,#1402,#1410));
#1383 = ORIENTED_EDGE('',*,*,#1384,.T.);
#1384 = EDGE_CURVE('',#1385,#1387,#1389,.T.);
#1385 = VERTEX_POINT('',#1386);
#1386 = CARTESIAN_POINT('',(-1.349999152662,5.974913359508,
    -1.680966494799));
#1387 = VERTEX_POINT('',#1388);
#1388 = CARTESIAN_POINT('',(-1.349999146105,6.124913359508,
    -1.680966481685));
#1389 = LINE('',#1390,#1391);
#1390 = CARTESIAN_POINT('',(-1.349999152662,5.974913359508,
    -1.680966494799));
#1391 = VECTOR('',#1392,1.);
#1392 = DIRECTION('',(4.371138828674E-08,1.,8.742277657348E-08));
#1393 = ORIENTED_EDGE('',*,*,#1394,.T.);
#1394 = EDGE_CURVE('',#1387,#1395,#1397,.T.);
#1395 = VERTEX_POINT('',#1396);
#1396 = CARTESIAN_POINT('',(-1.349562146205,6.124913359489,
    -1.680968391392));
#1397 = CIRCLE('',#1398,5.E-02);
#1398 = AXIS2_PLACEMENT_3D('',#1399,#1400,#1401);
#1399 = CARTESIAN_POINT('',(-1.349562148391,6.124913355118,
    -1.630968391392));
#1400 = DIRECTION('',(-4.371138828674E-08,-1.,-8.742277657348E-08));
#1401 = DIRECTION('',(-8.73995429087E-03,8.780147307221E-08,
    -0.99996180587));
#1402 = ORIENTED_EDGE('',*,*,#1403,.F.);
#1403 = EDGE_CURVE('',#1404,#1395,#1406,.T.);
#1404 = VERTEX_POINT('',#1405);
#1405 = CARTESIAN_POINT('',(-1.349562152762,5.974913359489,
    -1.680968404505));
#1406 = LINE('',#1407,#1408);
#1407 = CARTESIAN_POINT('',(-1.349562152762,5.974913359489,
    -1.680968404505));
#1408 = VECTOR('',#1409,1.);
#1409 = DIRECTION('',(4.371138828674E-08,1.,8.742277657348E-08));
#1410 = ORIENTED_EDGE('',*,*,#1411,.F.);
#1411 = EDGE_CURVE('',#1385,#1404,#1412,.T.);
#1412 = CIRCLE('',#1413,5.E-02);
#1413 = AXIS2_PLACEMENT_3D('',#1414,#1415,#1416);
#1414 = CARTESIAN_POINT('',(-1.349562154947,5.974913355118,
    -1.630968404505));
#1415 = DIRECTION('',(-4.371138828674E-08,-1.,-8.742277657348E-08));
#1416 = DIRECTION('',(-8.73995429087E-03,8.780147307221E-08,
    -0.99996180587));
#1417 = CYLINDRICAL_SURFACE('',#1418,5.E-02);
#1418 = AXIS2_PLACEMENT_3D('',#1419,#1420,#1421);
#1419 = CARTESIAN_POINT('',(-1.349562154947,5.974913355118,
    -1.630968404505));
#1420 = DIRECTION('',(4.371138828674E-08,1.,8.742277657348E-08));
#1421 = DIRECTION('',(4.371138828674E-08,8.742277466279E-08,-1.));
#1422 = ADVANCED_FACE('',(#1423),#1459,.F.);
#1423 = FACE_BOUND('',#1424,.F.);
#1424 = EDGE_LOOP('',(#1425,#1435,#1444,#1452));
#1425 = ORIENTED_EDGE('',*,*,#1426,.T.);
#1426 = EDGE_CURVE('',#1427,#1429,#1431,.T.);
#1427 = VERTEX_POINT('',#1428);
#1428 = CARTESIAN_POINT('',(-1.349999130806,6.474913359508,
    -1.680966451088));
#1429 = VERTEX_POINT('',#1430);
#1430 = CARTESIAN_POINT('',(-1.349999124249,6.624913359508,
    -1.680966437974));
#1431 = LINE('',#1432,#1433);
#1432 = CARTESIAN_POINT('',(-1.349999130806,6.474913359508,
    -1.680966451088));
#1433 = VECTOR('',#1434,1.);
#1434 = DIRECTION('',(4.371138828674E-08,1.,8.742277657348E-08));
#1435 = ORIENTED_EDGE('',*,*,#1436,.T.);
#1436 = EDGE_CURVE('',#1429,#1437,#1439,.T.);
#1437 = VERTEX_POINT('',#1438);
#1438 = CARTESIAN_POINT('',(-1.349562124349,6.624913359489,
    -1.680968347681));
#1439 = CIRCLE('',#1440,5.E-02);
#1440 = AXIS2_PLACEMENT_3D('',#1441,#1442,#1443);
#1441 = CARTESIAN_POINT('',(-1.349562126535,6.624913355118,
    -1.630968347681));
#1442 = DIRECTION('',(-4.371138828674E-08,-1.,-8.742277657348E-08));
#1443 = DIRECTION('',(-8.73995429087E-03,8.780147307221E-08,
    -0.99996180587));
#1444 = ORIENTED_EDGE('',*,*,#1445,.F.);
#1445 = EDGE_CURVE('',#1446,#1437,#1448,.T.);
#1446 = VERTEX_POINT('',#1447);
#1447 = CARTESIAN_POINT('',(-1.349562130906,6.474913359489,
    -1.680968360794));
#1448 = LINE('',#1449,#1450);
#1449 = CARTESIAN_POINT('',(-1.349562130906,6.474913359489,
    -1.680968360794));
#1450 = VECTOR('',#1451,1.);
#1451 = DIRECTION('',(4.371138828674E-08,1.,8.742277657348E-08));
#1452 = ORIENTED_EDGE('',*,*,#1453,.F.);
#1453 = EDGE_CURVE('',#1427,#1446,#1454,.T.);
#1454 = CIRCLE('',#1455,5.E-02);
#1455 = AXIS2_PLACEMENT_3D('',#1456,#1457,#1458);
#1456 = CARTESIAN_POINT('',(-1.349562133092,6.474913355118,
    -1.630968360794));
#1457 = DIRECTION('',(-4.371138828674E-08,-1.,-8.742277657348E-08));
#1458 = DIRECTION('',(-8.73995429087E-03,8.780147307221E-08,
    -0.99996180587));
#1459 = CYLINDRICAL_SURFACE('',#1460,5.E-02);
#1460 = AXIS2_PLACEMENT_3D('',#1461,#1462,#1463);
#1461 = CARTESIAN_POINT('',(-1.349562133092,6.474913355118,
    -1.630968360794));
#1462 = DIRECTION('',(4.371138828674E-08,1.,8.742277657348E-08));
#1463 = DIRECTION('',(4.371138828674E-08,8.742277466279E-08,-1.));
#1464 = ADVANCED_FACE('',(#1465),#1501,.F.);
#1465 = FACE_BOUND('',#1466,.F.);
#1466 = EDGE_LOOP('',(#1467,#1477,#1486,#1494));
#1467 = ORIENTED_EDGE('',*,*,#1468,.T.);
#1468 = EDGE_CURVE('',#1469,#1471,#1473,.T.);
#1469 = VERTEX_POINT('',#1470);
#1470 = CARTESIAN_POINT('',(-1.34999910895,6.974913359508,
    -1.680966407376));
#1471 = VERTEX_POINT('',#1472);
#1472 = CARTESIAN_POINT('',(-1.349999102394,7.124913359508,
    -1.680966394263));
#1473 = LINE('',#1474,#1475);
#1474 = CARTESIAN_POINT('',(-1.34999910895,6.974913359508,
    -1.680966407376));
#1475 = VECTOR('',#1476,1.);
#1476 = DIRECTION('',(4.371138828674E-08,1.,8.742277657348E-08));
#1477 = ORIENTED_EDGE('',*,*,#1478,.T.);
#1478 = EDGE_CURVE('',#1471,#1479,#1481,.T.);
#1479 = VERTEX_POINT('',#1480);
#1480 = CARTESIAN_POINT('',(-1.349562102494,7.124913359489,
    -1.680968303969));
#1481 = CIRCLE('',#1482,5.E-02);
#1482 = AXIS2_PLACEMENT_3D('',#1483,#1484,#1485);
#1483 = CARTESIAN_POINT('',(-1.349562104679,7.124913355118,
    -1.630968303969));
#1484 = DIRECTION('',(-4.371138828674E-08,-1.,-8.742277657348E-08));
#1485 = DIRECTION('',(-8.73995429087E-03,8.780147307221E-08,
    -0.99996180587));
#1486 = ORIENTED_EDGE('',*,*,#1487,.F.);
#1487 = EDGE_CURVE('',#1488,#1479,#1490,.T.);
#1488 = VERTEX_POINT('',#1489);
#1489 = CARTESIAN_POINT('',(-1.34956210905,6.974913359489,
    -1.680968317083));
#1490 = LINE('',#1491,#1492);
#1491 = CARTESIAN_POINT('',(-1.34956210905,6.974913359489,
    -1.680968317083));
#1492 = VECTOR('',#1493,1.);
#1493 = DIRECTION('',(4.371138828674E-08,1.,8.742277657348E-08));
#1494 = ORIENTED_EDGE('',*,*,#1495,.F.);
#1495 = EDGE_CURVE('',#1469,#1488,#1496,.T.);
#1496 = CIRCLE('',#1497,5.E-02);
#1497 = AXIS2_PLACEMENT_3D('',#1498,#1499,#1500);
#1498 = CARTESIAN_POINT('',(-1.349562111236,6.974913355118,
    -1.630968317083));
#1499 = DIRECTION('',(-4.371138828674E-08,-1.,-8.742277657348E-08));
#1500 = DIRECTION('',(-8.73995429087E-03,8.780147307221E-08,
    -0.99996180587));
#1501 = CYLINDRICAL_SURFACE('',#1502,5.E-02);
#1502 = AXIS2_PLACEMENT_3D('',#1503,#1504,#1505);
#1503 = CARTESIAN_POINT('',(-1.349562111236,6.974913355118,
    -1.630968317083));
#1504 = DIRECTION('',(4.371138828674E-08,1.,8.742277657348E-08));
#1505 = DIRECTION('',(4.371138828674E-08,8.742277466279E-08,-1.));
#1506 = ADVANCED_FACE('',(#1507),#1541,.T.);
#1507 = FACE_BOUND('',#1508,.T.);
#1508 = EDGE_LOOP('',(#1509,#1519,#1527,#1535));
#1509 = ORIENTED_EDGE('',*,*,#1510,.T.);
#1510 = EDGE_CURVE('',#1511,#1513,#1515,.T.);
#1511 = VERTEX_POINT('',#1512);
#1512 = CARTESIAN_POINT('',(-1.18236247438,8.904913410795,
    -2.351438141049));
#1513 = VERTEX_POINT('',#1514);
#1514 = CARTESIAN_POINT('',(-1.182362491209,8.904913377137,
    -1.966438141049));
#1515 = LINE('',#1516,#1517);
#1516 = CARTESIAN_POINT('',(-1.18236247438,8.904913410795,
    -2.351438141049));
#1517 = VECTOR('',#1518,1.);
#1518 = DIRECTION('',(-4.371138828674E-08,-8.742277466279E-08,1.));
#1519 = ORIENTED_EDGE('',*,*,#1520,.F.);
#1520 = EDGE_CURVE('',#1521,#1513,#1523,.T.);
#1521 = VERTEX_POINT('',#1522);
#1522 = CARTESIAN_POINT('',(-1.182362484652,9.054913377137,
    -1.966438127936));
#1523 = LINE('',#1524,#1525);
#1524 = CARTESIAN_POINT('',(-1.182362484652,9.054913377137,
    -1.966438127936));
#1525 = VECTOR('',#1526,1.);
#1526 = DIRECTION('',(-4.371138828674E-08,-1.,-8.742277657348E-08));
#1527 = ORIENTED_EDGE('',*,*,#1528,.F.);
#1528 = EDGE_CURVE('',#1529,#1521,#1531,.T.);
#1529 = VERTEX_POINT('',#1530);
#1530 = CARTESIAN_POINT('',(-1.182362467823,9.054913410795,
    -2.351438127936));
#1531 = LINE('',#1532,#1533);
#1532 = CARTESIAN_POINT('',(-1.182362467823,9.054913410795,
    -2.351438127936));
#1533 = VECTOR('',#1534,1.);
#1534 = DIRECTION('',(-4.371138828674E-08,-8.742277466279E-08,1.));
#1535 = ORIENTED_EDGE('',*,*,#1536,.T.);
#1536 = EDGE_CURVE('',#1529,#1511,#1537,.T.);
#1537 = LINE('',#1538,#1539);
#1538 = CARTESIAN_POINT('',(-1.182362467823,9.054913410795,
    -2.351438127936));
#1539 = VECTOR('',#1540,1.);
#1540 = DIRECTION('',(-4.371138828674E-08,-1.,-8.742277657348E-08));
#1541 = PLANE('',#1542);
#1542 = AXIS2_PLACEMENT_3D('',#1543,#1544,#1545);
#1543 = CARTESIAN_POINT('',(-1.182362461267,8.904913437022,
    -2.651438141049));
#1544 = DIRECTION('',(-1.,4.371139210811E-08,-4.371138446537E-08));
#1545 = DIRECTION('',(-4.371138828674E-08,-8.742277466279E-08,1.));
#1546 = ADVANCED_FACE('',(#1547),#1574,.T.);
#1547 = FACE_BOUND('',#1548,.T.);
#1548 = EDGE_LOOP('',(#1549,#1559,#1566,#1567));
#1549 = ORIENTED_EDGE('',*,*,#1550,.F.);
#1550 = EDGE_CURVE('',#1551,#1553,#1555,.T.);
#1551 = VERTEX_POINT('',#1552);
#1552 = CARTESIAN_POINT('',(-1.157362485745,9.054913373859,
    -1.941438126843));
#1553 = VERTEX_POINT('',#1554);
#1554 = CARTESIAN_POINT('',(-1.157362492302,8.904913373859,
    -1.941438139956));
#1555 = LINE('',#1556,#1557);
#1556 = CARTESIAN_POINT('',(-1.157362485745,9.054913373859,
    -1.941438126843));
#1557 = VECTOR('',#1558,1.);
#1558 = DIRECTION('',(-4.371138828674E-08,-1.,-8.742277657348E-08));
#1559 = ORIENTED_EDGE('',*,*,#1560,.F.);
#1560 = EDGE_CURVE('',#1521,#1551,#1561,.T.);
#1561 = CIRCLE('',#1562,2.5E-02);
#1562 = AXIS2_PLACEMENT_3D('',#1563,#1564,#1565);
#1563 = CARTESIAN_POINT('',(-1.157362484652,9.054913376045,
    -1.966438126843));
#1564 = DIRECTION('',(4.371138828674E-08,1.,8.742277657348E-08));
#1565 = DIRECTION('',(-1.,4.371139210811E-08,-4.371138446537E-08));
#1566 = ORIENTED_EDGE('',*,*,#1520,.T.);
#1567 = ORIENTED_EDGE('',*,*,#1568,.F.);
#1568 = EDGE_CURVE('',#1553,#1513,#1569,.T.);
#1569 = CIRCLE('',#1570,2.5E-02);
#1570 = AXIS2_PLACEMENT_3D('',#1571,#1572,#1573);
#1571 = CARTESIAN_POINT('',(-1.157362491209,8.904913376045,
    -1.966438139956));
#1572 = DIRECTION('',(-4.371138828674E-08,-1.,-8.742277657348E-08));
#1573 = DIRECTION('',(-4.371138828674E-08,-8.742277466279E-08,1.));
#1574 = CYLINDRICAL_SURFACE('',#1575,2.5E-02);
#1575 = AXIS2_PLACEMENT_3D('',#1576,#1577,#1578);
#1576 = CARTESIAN_POINT('',(-1.15736213205,17.121513376044,
    -1.966437421638));
#1577 = DIRECTION('',(-4.371138828674E-08,-1.,-8.742277657348E-08));
#1578 = DIRECTION('',(-4.371138828674E-08,-8.742277466279E-08,1.));
#1579 = ADVANCED_FACE('',(#1580),#1605,.T.);
#1580 = FACE_BOUND('',#1581,.T.);
#1581 = EDGE_LOOP('',(#1582,#1590,#1598,#1604));
#1582 = ORIENTED_EDGE('',*,*,#1583,.T.);
#1583 = EDGE_CURVE('',#1553,#1584,#1586,.T.);
#1584 = VERTEX_POINT('',#1585);
#1585 = CARTESIAN_POINT('',(-1.000739303356,8.904913367013,
    -1.94143813311));
#1586 = LINE('',#1587,#1588);
#1587 = CARTESIAN_POINT('',(-1.157362492302,8.904913373859,
    -1.941438139956));
#1588 = VECTOR('',#1589,1.);
#1589 = DIRECTION('',(1.,-4.371139210811E-08,4.371138446537E-08));
#1590 = ORIENTED_EDGE('',*,*,#1591,.F.);
#1591 = EDGE_CURVE('',#1592,#1584,#1594,.T.);
#1592 = VERTEX_POINT('',#1593);
#1593 = CARTESIAN_POINT('',(-1.000739296799,9.054913367013,
    -1.941438119997));
#1594 = LINE('',#1595,#1596);
#1595 = CARTESIAN_POINT('',(-1.000739296799,9.054913367013,
    -1.941438119997));
#1596 = VECTOR('',#1597,1.);
#1597 = DIRECTION('',(-4.371138828674E-08,-1.,-8.742277657348E-08));
#1598 = ORIENTED_EDGE('',*,*,#1599,.F.);
#1599 = EDGE_CURVE('',#1551,#1592,#1600,.T.);
#1600 = LINE('',#1601,#1602);
#1601 = CARTESIAN_POINT('',(-1.157362485745,9.054913373859,
    -1.941438126843));
#1602 = VECTOR('',#1603,1.);
#1603 = DIRECTION('',(1.,-4.371139210811E-08,4.371138446537E-08));
#1604 = ORIENTED_EDGE('',*,*,#1550,.T.);
#1605 = PLANE('',#1606);
#1606 = AXIS2_PLACEMENT_3D('',#1607,#1608,#1609);
#1607 = CARTESIAN_POINT('',(-1.182362492302,8.904913374952,
    -1.941438141049));
#1608 = DIRECTION('',(-4.371138828674E-08,-8.742277466279E-08,1.));
#1609 = DIRECTION('',(-1.,4.371139210811E-08,-4.371138446537E-08));
#1610 = ADVANCED_FACE('',(#1611),#1638,.T.);
#1611 = FACE_BOUND('',#1612,.T.);
#1612 = EDGE_LOOP('',(#1613,#1623,#1630,#1631));
#1613 = ORIENTED_EDGE('',*,*,#1614,.F.);
#1614 = EDGE_CURVE('',#1615,#1617,#1619,.T.);
#1615 = VERTEX_POINT('',#1616);
#1616 = CARTESIAN_POINT('',(-0.976697470519,9.054913367548,
    -1.959583147959));
#1617 = VERTEX_POINT('',#1618);
#1618 = CARTESIAN_POINT('',(-0.976697477076,8.904913367548,
    -1.959583161073));
#1619 = LINE('',#1620,#1621);
#1620 = CARTESIAN_POINT('',(-0.976697470519,9.054913367548,
    -1.959583147959));
#1621 = VECTOR('',#1622,1.);
#1622 = DIRECTION('',(-4.371138828674E-08,-1.,-8.742277657348E-08));
#1623 = ORIENTED_EDGE('',*,*,#1624,.F.);
#1624 = EDGE_CURVE('',#1592,#1615,#1625,.T.);
#1625 = CIRCLE('',#1626,2.5E-02);
#1626 = AXIS2_PLACEMENT_3D('',#1627,#1628,#1629);
#1627 = CARTESIAN_POINT('',(-1.000739295706,9.054913369198,
    -1.966438119997));
#1628 = DIRECTION('',(4.371138828674E-08,1.,8.742277657348E-08));
#1629 = DIRECTION('',(-4.371138828674E-08,-8.742277466279E-08,1.));
#1630 = ORIENTED_EDGE('',*,*,#1591,.T.);
#1631 = ORIENTED_EDGE('',*,*,#1632,.F.);
#1632 = EDGE_CURVE('',#1617,#1584,#1633,.T.);
#1633 = CIRCLE('',#1634,2.5E-02);
#1634 = AXIS2_PLACEMENT_3D('',#1635,#1636,#1637);
#1635 = CARTESIAN_POINT('',(-1.000739302263,8.904913369198,
    -1.96643813311));
#1636 = DIRECTION('',(-4.371138828674E-08,-1.,-8.742277657348E-08));
#1637 = DIRECTION('',(0.961673007515,-6.600728979053E-08,0.274198881501)
  );
#1638 = CYLINDRICAL_SURFACE('',#1639,2.5E-02);
#1639 = AXIS2_PLACEMENT_3D('',#1640,#1641,#1642);
#1640 = CARTESIAN_POINT('',(-1.000738943104,17.121513369198,
    -1.966437414792));
#1641 = DIRECTION('',(-4.371138828674E-08,-1.,-8.742277657348E-08));
#1642 = DIRECTION('',(0.961673007515,-6.600728979053E-08,0.274198881501)
  );
#1643 = ADVANCED_FACE('',(#1644),#1669,.T.);
#1644 = FACE_BOUND('',#1645,.T.);
#1645 = EDGE_LOOP('',(#1646,#1654,#1662,#1668));
#1646 = ORIENTED_EDGE('',*,*,#1647,.T.);
#1647 = EDGE_CURVE('',#1617,#1648,#1650,.T.);
#1648 = VERTEX_POINT('',#1649);
#1649 = CARTESIAN_POINT('',(-0.932829280606,8.904913379081,
    -2.113438130142));
#1650 = LINE('',#1651,#1652);
#1651 = CARTESIAN_POINT('',(-0.976697477076,8.904913367548,
    -1.959583161073));
#1652 = VECTOR('',#1653,1.);
#1653 = DIRECTION('',(0.274198881501,7.208651069569E-08,-0.961673007515)
  );
#1654 = ORIENTED_EDGE('',*,*,#1655,.T.);
#1655 = EDGE_CURVE('',#1648,#1656,#1658,.T.);
#1656 = VERTEX_POINT('',#1657);
#1657 = CARTESIAN_POINT('',(-0.93282927405,9.054913379081,
    -2.113438117028));
#1658 = LINE('',#1659,#1660);
#1659 = CARTESIAN_POINT('',(-0.932829280606,8.904913379081,
    -2.113438130142));
#1660 = VECTOR('',#1661,1.);
#1661 = DIRECTION('',(4.371138828674E-08,1.,8.742277657348E-08));
#1662 = ORIENTED_EDGE('',*,*,#1663,.F.);
#1663 = EDGE_CURVE('',#1615,#1656,#1664,.T.);
#1664 = LINE('',#1665,#1666);
#1665 = CARTESIAN_POINT('',(-0.976697470519,9.054913367548,
    -1.959583147959));
#1666 = VECTOR('',#1667,1.);
#1667 = DIRECTION('',(0.274198881501,7.208651069569E-08,-0.961673007515)
  );
#1668 = ORIENTED_EDGE('',*,*,#1614,.T.);
#1669 = PLANE('',#1670);
#1670 = AXIS2_PLACEMENT_3D('',#1671,#1672,#1673);
#1671 = CARTESIAN_POINT('',(-0.981871113602,8.904913366188,
    -1.941438132285));
#1672 = DIRECTION('',(0.961673007515,-6.600728979053E-08,0.274198881501)
  );
#1673 = DIRECTION('',(4.371138828674E-08,1.,8.742277657348E-08));
#1674 = ADVANCED_FACE('',(#1675),#1702,.T.);
#1675 = FACE_BOUND('',#1676,.T.);
#1676 = EDGE_LOOP('',(#1677,#1687,#1694,#1695));
#1677 = ORIENTED_EDGE('',*,*,#1678,.T.);
#1678 = EDGE_CURVE('',#1679,#1681,#1683,.T.);
#1679 = VERTEX_POINT('',#1680);
#1680 = CARTESIAN_POINT('',(-0.931871105795,8.904913379638,
    -2.120293101086));
#1681 = VERTEX_POINT('',#1682);
#1682 = CARTESIAN_POINT('',(-0.931871099238,9.054913379638,
    -2.120293087973));
#1683 = LINE('',#1684,#1685);
#1684 = CARTESIAN_POINT('',(-0.931871105795,8.904913379638,
    -2.120293101086));
#1685 = VECTOR('',#1686,1.);
#1686 = DIRECTION('',(4.371138828674E-08,1.,8.742277657348E-08));
#1687 = ORIENTED_EDGE('',*,*,#1688,.F.);
#1688 = EDGE_CURVE('',#1656,#1681,#1689,.T.);
#1689 = CIRCLE('',#1690,2.5E-02);
#1690 = AXIS2_PLACEMENT_3D('',#1691,#1692,#1693);
#1691 = CARTESIAN_POINT('',(-0.956871099238,9.054913380731,
    -2.120293089066));
#1692 = DIRECTION('',(4.371138828674E-08,1.,8.742277657348E-08));
#1693 = DIRECTION('',(0.961673007515,-6.600728979052E-08,0.274198881501)
  );
#1694 = ORIENTED_EDGE('',*,*,#1655,.F.);
#1695 = ORIENTED_EDGE('',*,*,#1696,.T.);
#1696 = EDGE_CURVE('',#1648,#1679,#1697,.T.);
#1697 = CIRCLE('',#1698,2.5E-02);
#1698 = AXIS2_PLACEMENT_3D('',#1699,#1700,#1701);
#1699 = CARTESIAN_POINT('',(-0.956871105795,8.904913380731,
    -2.120293102179));
#1700 = DIRECTION('',(4.371138828674E-08,1.,8.742277657348E-08));
#1701 = DIRECTION('',(0.961673007515,-6.600728979052E-08,0.274198881501)
  );
#1702 = CYLINDRICAL_SURFACE('',#1703,2.5E-02);
#1703 = AXIS2_PLACEMENT_3D('',#1704,#1705,#1706);
#1704 = CARTESIAN_POINT('',(-0.956871105795,8.904913380731,
    -2.120293102179));
#1705 = DIRECTION('',(4.371138828674E-08,1.,8.742277657348E-08));
#1706 = DIRECTION('',(4.371138828674E-08,8.742277466279E-08,-1.));
#1707 = ADVANCED_FACE('',(#1708),#1733,.T.);
#1708 = FACE_BOUND('',#1709,.T.);
#1709 = EDGE_LOOP('',(#1710,#1720,#1726,#1727));
#1710 = ORIENTED_EDGE('',*,*,#1711,.T.);
#1711 = EDGE_CURVE('',#1712,#1714,#1716,.T.);
#1712 = VERTEX_POINT('',#1713);
#1713 = CARTESIAN_POINT('',(-0.93187109285,8.904913405528,-2.4164383147)
  );
#1714 = VERTEX_POINT('',#1715);
#1715 = CARTESIAN_POINT('',(-0.931871086293,9.054913405528,
    -2.416438301586));
#1716 = LINE('',#1717,#1718);
#1717 = CARTESIAN_POINT('',(-0.93187109285,8.904913405528,-2.4164383147)
  );
#1718 = VECTOR('',#1719,1.);
#1719 = DIRECTION('',(4.371138828674E-08,1.,8.742277657348E-08));
#1720 = ORIENTED_EDGE('',*,*,#1721,.F.);
#1721 = EDGE_CURVE('',#1681,#1714,#1722,.T.);
#1722 = LINE('',#1723,#1724);
#1723 = CARTESIAN_POINT('',(-0.931871099238,9.054913379638,
    -2.120293087973));
#1724 = VECTOR('',#1725,1.);
#1725 = DIRECTION('',(4.371138828674E-08,8.742277466279E-08,-1.));
#1726 = ORIENTED_EDGE('',*,*,#1678,.F.);
#1727 = ORIENTED_EDGE('',*,*,#1728,.T.);
#1728 = EDGE_CURVE('',#1679,#1712,#1729,.T.);
#1729 = LINE('',#1730,#1731);
#1730 = CARTESIAN_POINT('',(-0.931871105795,8.904913379638,
    -2.120293101086));
#1731 = VECTOR('',#1732,1.);
#1732 = DIRECTION('',(4.371138828674E-08,8.742277466279E-08,-1.));
#1733 = PLANE('',#1734);
#1734 = AXIS2_PLACEMENT_3D('',#1735,#1736,#1737);
#1735 = CARTESIAN_POINT('',(-0.931871105795,8.904913379638,
    -2.120293101086));
#1736 = DIRECTION('',(1.,-4.371139210811E-08,4.371138446537E-08));
#1737 = DIRECTION('',(-4.371138828674E-08,-1.,-8.742277657348E-08));
#1738 = ADVANCED_FACE('',(#1739),#1764,.T.);
#1739 = FACE_BOUND('',#1740,.T.);
#1740 = EDGE_LOOP('',(#1741,#1751,#1757,#1758));
#1741 = ORIENTED_EDGE('',*,*,#1742,.T.);
#1742 = EDGE_CURVE('',#1743,#1745,#1747,.T.);
#1743 = VERTEX_POINT('',#1744);
#1744 = CARTESIAN_POINT('',(-0.422030973025,8.904913383242,
    -2.416438292414));
#1745 = VERTEX_POINT('',#1746);
#1746 = CARTESIAN_POINT('',(-0.422030966468,9.054913383242,
    -2.416438279301));
#1747 = LINE('',#1748,#1749);
#1748 = CARTESIAN_POINT('',(-0.422030973025,8.904913383242,
    -2.416438292414));
#1749 = VECTOR('',#1750,1.);
#1750 = DIRECTION('',(4.371138828674E-08,1.,8.742277657348E-08));
#1751 = ORIENTED_EDGE('',*,*,#1752,.F.);
#1752 = EDGE_CURVE('',#1714,#1745,#1753,.T.);
#1753 = LINE('',#1754,#1755);
#1754 = CARTESIAN_POINT('',(-0.931871086293,9.054913405528,
    -2.416438301586));
#1755 = VECTOR('',#1756,1.);
#1756 = DIRECTION('',(1.,-4.371139210811E-08,4.371138446537E-08));
#1757 = ORIENTED_EDGE('',*,*,#1711,.F.);
#1758 = ORIENTED_EDGE('',*,*,#1759,.T.);
#1759 = EDGE_CURVE('',#1712,#1743,#1760,.T.);
#1760 = LINE('',#1761,#1762);
#1761 = CARTESIAN_POINT('',(-0.93187109285,8.904913405528,-2.4164383147)
  );
#1762 = VECTOR('',#1763,1.);
#1763 = DIRECTION('',(1.,-4.371139210811E-08,4.371138446537E-08));
#1764 = PLANE('',#1765);
#1765 = AXIS2_PLACEMENT_3D('',#1766,#1767,#1768);
#1766 = CARTESIAN_POINT('',(-0.93187109285,8.904913405528,-2.4164383147)
  );
#1767 = DIRECTION('',(-4.371138828674E-08,-8.742277466279E-08,1.));
#1768 = DIRECTION('',(-1.,4.371139210811E-08,-4.371138446537E-08));
#1769 = ADVANCED_FACE('',(#1770),#1797,.F.);
#1770 = FACE_BOUND('',#1771,.F.);
#1771 = EDGE_LOOP('',(#1772,#1781,#1782,#1791));
#1772 = ORIENTED_EDGE('',*,*,#1773,.F.);
#1773 = EDGE_CURVE('',#1743,#1774,#1776,.T.);
#1774 = VERTEX_POINT('',#1775);
#1775 = CARTESIAN_POINT('',(-0.409413149485,8.904913382549,
    -2.414820008733));
#1776 = CIRCLE('',#1777,5.E-02);
#1777 = AXIS2_PLACEMENT_3D('',#1778,#1779,#1780);
#1778 = CARTESIAN_POINT('',(-0.42203097521,8.904913378871,
    -2.366438292414));
#1779 = DIRECTION('',(-4.371138828674E-08,-1.,-8.742277657348E-08));
#1780 = DIRECTION('',(4.371138828674E-08,8.742277466279E-08,-1.));
#1781 = ORIENTED_EDGE('',*,*,#1742,.T.);
#1782 = ORIENTED_EDGE('',*,*,#1783,.T.);
#1783 = EDGE_CURVE('',#1745,#1784,#1786,.T.);
#1784 = VERTEX_POINT('',#1785);
#1785 = CARTESIAN_POINT('',(-0.409413142928,9.054913382549,
    -2.414819995619));
#1786 = CIRCLE('',#1787,5.E-02);
#1787 = AXIS2_PLACEMENT_3D('',#1788,#1789,#1790);
#1788 = CARTESIAN_POINT('',(-0.422030968654,9.054913378871,
    -2.366438279301));
#1789 = DIRECTION('',(-4.371138828674E-08,-1.,-8.742277657348E-08));
#1790 = DIRECTION('',(4.371138828674E-08,8.742277466279E-08,-1.));
#1791 = ORIENTED_EDGE('',*,*,#1792,.F.);
#1792 = EDGE_CURVE('',#1774,#1784,#1793,.T.);
#1793 = LINE('',#1794,#1795);
#1794 = CARTESIAN_POINT('',(-0.409413149485,8.904913382549,
    -2.414820008733));
#1795 = VECTOR('',#1796,1.);
#1796 = DIRECTION('',(4.371138828674E-08,1.,8.742277657348E-08));
#1797 = CYLINDRICAL_SURFACE('',#1798,5.E-02);
#1798 = AXIS2_PLACEMENT_3D('',#1799,#1800,#1801);
#1799 = CARTESIAN_POINT('',(-0.42203097521,8.904913378871,
    -2.366438292414));
#1800 = DIRECTION('',(4.371138828674E-08,1.,8.742277657348E-08));
#1801 = DIRECTION('',(4.371138828674E-08,8.742277466279E-08,-1.));
#1802 = ADVANCED_FACE('',(#1803),#1828,.T.);
#1803 = FACE_BOUND('',#1804,.T.);
#1804 = EDGE_LOOP('',(#1805,#1813,#1814,#1822));
#1805 = ORIENTED_EDGE('',*,*,#1806,.F.);
#1806 = EDGE_CURVE('',#1784,#1807,#1809,.T.);
#1807 = VERTEX_POINT('',#1808);
#1808 = CARTESIAN_POINT('',(-0.34999898663,9.054913378598,
    -2.399324938253));
#1809 = LINE('',#1810,#1811);
#1810 = CARTESIAN_POINT('',(-0.409413142928,9.054913382549,
    -2.414819995619));
#1811 = VECTOR('',#1812,1.);
#1812 = DIRECTION('',(0.967634326372,-6.435834694634E-08,0.252356514531)
  );
#1813 = ORIENTED_EDGE('',*,*,#1792,.F.);
#1814 = ORIENTED_EDGE('',*,*,#1815,.T.);
#1815 = EDGE_CURVE('',#1774,#1816,#1818,.T.);
#1816 = VERTEX_POINT('',#1817);
#1817 = CARTESIAN_POINT('',(-0.349998993187,8.904913378598,
    -2.399324951366));
#1818 = LINE('',#1819,#1820);
#1819 = CARTESIAN_POINT('',(-0.409413149485,8.904913382549,
    -2.414820008733));
#1820 = VECTOR('',#1821,1.);
#1821 = DIRECTION('',(0.967634326372,-6.435834694634E-08,0.252356514531)
  );
#1822 = ORIENTED_EDGE('',*,*,#1823,.T.);
#1823 = EDGE_CURVE('',#1816,#1807,#1824,.T.);
#1824 = LINE('',#1825,#1826);
#1825 = CARTESIAN_POINT('',(-0.349998993187,8.904913378598,
    -2.399324951366));
#1826 = VECTOR('',#1827,1.);
#1827 = DIRECTION('',(4.371138828674E-08,1.,8.742277657348E-08));
#1828 = PLANE('',#1829);
#1829 = AXIS2_PLACEMENT_3D('',#1830,#1831,#1832);
#1830 = CARTESIAN_POINT('',(-0.409413149485,8.904913382549,
    -2.414820008733));
#1831 = DIRECTION('',(-0.252356514531,-7.356242592591E-08,0.967634326372
    ));
#1832 = DIRECTION('',(-0.967634326372,6.435834694634E-08,-0.252356514531
    ));
#1833 = ADVANCED_FACE('',(#1834),#1868,.F.);
#1834 = FACE_BOUND('',#1835,.T.);
#1835 = EDGE_LOOP('',(#1836,#1846,#1854,#1862));
#1836 = ORIENTED_EDGE('',*,*,#1837,.F.);
#1837 = EDGE_CURVE('',#1838,#1840,#1842,.T.);
#1838 = VERTEX_POINT('',#1839);
#1839 = CARTESIAN_POINT('',(0.950001015648,8.854913343813,
    -2.651438052212));
#1840 = VERTEX_POINT('',#1841);
#1841 = CARTESIAN_POINT('',(0.950001011277,8.9049133307,-2.50143804784)
  );
#1842 = LINE('',#1843,#1844);
#1843 = CARTESIAN_POINT('',(0.950001015648,8.854913343813,
    -2.651438052212));
#1844 = VECTOR('',#1845,1.);
#1845 = DIRECTION('',(-2.764550933482E-08,0.31622768308,0.948683325696)
  );
#1846 = ORIENTED_EDGE('',*,*,#1847,.T.);
#1847 = EDGE_CURVE('',#1838,#1848,#1850,.T.);
#1848 = VERTEX_POINT('',#1849);
#1849 = CARTESIAN_POINT('',(-0.349998984352,8.854913400638,
    -2.651438109036));
#1850 = LINE('',#1851,#1852);
#1851 = CARTESIAN_POINT('',(0.950001015648,8.854913343813,
    -2.651438052212));
#1852 = VECTOR('',#1853,1.);
#1853 = DIRECTION('',(-1.,4.371139210811E-08,-4.371138446537E-08));
#1854 = ORIENTED_EDGE('',*,*,#1855,.T.);
#1855 = EDGE_CURVE('',#1848,#1856,#1858,.T.);
#1856 = VERTEX_POINT('',#1857);
#1857 = CARTESIAN_POINT('',(-0.349998988723,8.904913387525,
    -2.501438104665));
#1858 = LINE('',#1859,#1860);
#1859 = CARTESIAN_POINT('',(-0.349998984352,8.854913400638,
    -2.651438109036));
#1860 = VECTOR('',#1861,1.);
#1861 = DIRECTION('',(-2.764550933482E-08,0.31622768308,0.948683325696)
  );
#1862 = ORIENTED_EDGE('',*,*,#1863,.F.);
#1863 = EDGE_CURVE('',#1840,#1856,#1864,.T.);
#1864 = LINE('',#1865,#1866);
#1865 = CARTESIAN_POINT('',(0.950001011277,8.9049133307,-2.50143804784)
  );
#1866 = VECTOR('',#1867,1.);
#1867 = DIRECTION('',(-1.,4.371139210811E-08,-4.371138446537E-08));
#1868 = PLANE('',#1869);
#1869 = AXIS2_PLACEMENT_3D('',#1870,#1871,#1872);
#1870 = CARTESIAN_POINT('',(-0.349998984352,8.854913400638,
    -2.651438109036));
#1871 = DIRECTION('',(-5.529101866964E-08,-0.948683325696,0.31622768308)
  );
#1872 = DIRECTION('',(-1.,4.371139210811E-08,-4.371138446537E-08));
#1873 = ADVANCED_FACE('',(#1874),#1900,.T.);
#1874 = FACE_BOUND('',#1875,.T.);
#1875 = EDGE_LOOP('',(#1876,#1886,#1894));
#1876 = ORIENTED_EDGE('',*,*,#1877,.T.);
#1877 = EDGE_CURVE('',#1878,#1880,#1882,.T.);
#1878 = VERTEX_POINT('',#1879);
#1879 = CARTESIAN_POINT('',(-1.931869162829,4.811853576287,
    -2.611438531638));
#1880 = VERTEX_POINT('',#1881);
#1881 = CARTESIAN_POINT('',(-1.531869168897,4.580913448802,
    -2.611438534343));
#1882 = LINE('',#1883,#1884);
#1883 = CARTESIAN_POINT('',(-1.931869162829,4.811853576287,
    -2.611438531638));
#1884 = VECTOR('',#1885,1.);
#1885 = DIRECTION('',(0.866025381929,-0.500000037855,-5.856218905144E-09
    ));
#1886 = ORIENTED_EDGE('',*,*,#1887,.T.);
#1887 = EDGE_CURVE('',#1880,#1888,#1890,.T.);
#1888 = VERTEX_POINT('',#1889);
#1889 = CARTESIAN_POINT('',(-1.931869183018,4.349973356287,
    -2.611438572017));
#1890 = LINE('',#1891,#1892);
#1891 = CARTESIAN_POINT('',(-1.531869168897,4.580913448802,
    -2.611438534343));
#1892 = VECTOR('',#1893,1.);
#1893 = DIRECTION('',(-0.86602542564,-0.499999962145,-8.156655766833E-08
    ));
#1894 = ORIENTED_EDGE('',*,*,#1895,.T.);
#1895 = EDGE_CURVE('',#1888,#1878,#1896,.T.);
#1896 = LINE('',#1897,#1898);
#1897 = CARTESIAN_POINT('',(-1.931869183018,4.349973356287,
    -2.611438572017));
#1898 = VECTOR('',#1899,1.);
#1899 = DIRECTION('',(4.371138828674E-08,1.,8.742277657348E-08));
#1900 = PLANE('',#1901);
#1901 = AXIS2_PLACEMENT_3D('',#1902,#1903,#1904);
#1902 = CARTESIAN_POINT('',(1.850001013681,8.849913300976,
    -2.611438013308));
#1903 = DIRECTION('',(4.371138828674E-08,8.742277466279E-08,-1.));
#1904 = DIRECTION('',(-4.371138828674E-08,-1.,-8.742277657348E-08));
#1905 = ADVANCED_FACE('',(#1906),#1931,.F.);
#1906 = FACE_BOUND('',#1907,.T.);
#1907 = EDGE_LOOP('',(#1908,#1916,#1917,#1925));
#1908 = ORIENTED_EDGE('',*,*,#1909,.T.);
#1909 = EDGE_CURVE('',#1910,#1880,#1912,.T.);
#1910 = VERTEX_POINT('',#1911);
#1911 = CARTESIAN_POINT('',(-1.531869166712,4.580913453174,
    -2.661438534343));
#1912 = LINE('',#1913,#1914);
#1913 = CARTESIAN_POINT('',(-1.531869166712,4.580913453174,
    -2.661438534343));
#1914 = VECTOR('',#1915,1.);
#1915 = DIRECTION('',(-4.371138828674E-08,-8.742277466279E-08,1.));
#1916 = ORIENTED_EDGE('',*,*,#1877,.F.);
#1917 = ORIENTED_EDGE('',*,*,#1918,.F.);
#1918 = EDGE_CURVE('',#1919,#1878,#1921,.T.);
#1919 = VERTEX_POINT('',#1920);
#1920 = CARTESIAN_POINT('',(-1.931869160643,4.811853580658,
    -2.661438531638));
#1921 = LINE('',#1922,#1923);
#1922 = CARTESIAN_POINT('',(-1.931869160643,4.811853580658,
    -2.661438531638));
#1923 = VECTOR('',#1924,1.);
#1924 = DIRECTION('',(-4.371138828674E-08,-8.742277466279E-08,1.));
#1925 = ORIENTED_EDGE('',*,*,#1926,.T.);
#1926 = EDGE_CURVE('',#1919,#1910,#1927,.T.);
#1927 = LINE('',#1928,#1929);
#1928 = CARTESIAN_POINT('',(-1.931869160643,4.811853580658,
    -2.661438531638));
#1929 = VECTOR('',#1930,1.);
#1930 = DIRECTION('',(0.866025381929,-0.500000037855,-5.856218905144E-09
    ));
#1931 = PLANE('',#1932);
#1932 = AXIS2_PLACEMENT_3D('',#1933,#1934,#1935);
#1933 = CARTESIAN_POINT('',(-1.931869160643,4.811853580658,
    -2.661438531638));
#1934 = DIRECTION('',(0.500000037855,0.866025381929,9.756603761468E-08)
  );
#1935 = DIRECTION('',(4.371138828674E-08,8.742277466279E-08,-1.));
#1936 = ADVANCED_FACE('',(#1937),#1955,.F.);
#1937 = FACE_BOUND('',#1938,.T.);
#1938 = EDGE_LOOP('',(#1939,#1947,#1948,#1949));
#1939 = ORIENTED_EDGE('',*,*,#1940,.T.);
#1940 = EDGE_CURVE('',#1941,#1888,#1943,.T.);
#1941 = VERTEX_POINT('',#1942);
#1942 = CARTESIAN_POINT('',(-1.931869180832,4.349973360658,
    -2.661438572017));
#1943 = LINE('',#1944,#1945);
#1944 = CARTESIAN_POINT('',(-1.931869180832,4.349973360658,
    -2.661438572017));
#1945 = VECTOR('',#1946,1.);
#1946 = DIRECTION('',(-4.371138828674E-08,-8.742277466279E-08,1.));
#1947 = ORIENTED_EDGE('',*,*,#1887,.F.);
#1948 = ORIENTED_EDGE('',*,*,#1909,.F.);
#1949 = ORIENTED_EDGE('',*,*,#1950,.T.);
#1950 = EDGE_CURVE('',#1910,#1941,#1951,.T.);
#1951 = LINE('',#1952,#1953);
#1952 = CARTESIAN_POINT('',(-1.531869166712,4.580913453174,
    -2.661438534343));
#1953 = VECTOR('',#1954,1.);
#1954 = DIRECTION('',(-0.86602542564,-0.499999962145,-8.156655766833E-08
    ));
#1955 = PLANE('',#1956);
#1956 = AXIS2_PLACEMENT_3D('',#1957,#1958,#1959);
#1957 = CARTESIAN_POINT('',(-1.531869166712,4.580913453174,
    -2.661438534343));
#1958 = DIRECTION('',(0.499999962145,-0.86602542564,-5.385465314932E-08)
  );
#1959 = DIRECTION('',(-4.371138828674E-08,-8.742277466279E-08,1.));
#1960 = ADVANCED_FACE('',(#1961),#1972,.F.);
#1961 = FACE_BOUND('',#1962,.T.);
#1962 = EDGE_LOOP('',(#1963,#1964,#1965,#1966));
#1963 = ORIENTED_EDGE('',*,*,#1918,.T.);
#1964 = ORIENTED_EDGE('',*,*,#1895,.F.);
#1965 = ORIENTED_EDGE('',*,*,#1940,.F.);
#1966 = ORIENTED_EDGE('',*,*,#1967,.T.);
#1967 = EDGE_CURVE('',#1941,#1919,#1968,.T.);
#1968 = LINE('',#1969,#1970);
#1969 = CARTESIAN_POINT('',(-1.931869180832,4.349973360658,
    -2.661438572017));
#1970 = VECTOR('',#1971,1.);
#1971 = DIRECTION('',(4.371138828674E-08,1.,8.742277657348E-08));
#1972 = PLANE('',#1973);
#1973 = AXIS2_PLACEMENT_3D('',#1974,#1975,#1976);
#1974 = CARTESIAN_POINT('',(-1.931869180832,4.349973360658,
    -2.661438572017));
#1975 = DIRECTION('',(-1.,4.371139210811E-08,-4.371138446537E-08));
#1976 = DIRECTION('',(-4.371138828674E-08,-8.742277466279E-08,1.));
#1977 = ADVANCED_FACE('',(#1978),#2012,.T.);
#1978 = FACE_BOUND('',#1979,.T.);
#1979 = EDGE_LOOP('',(#1980,#1990,#1998,#2006));
#1980 = ORIENTED_EDGE('',*,*,#1981,.F.);
#1981 = EDGE_CURVE('',#1982,#1984,#1986,.T.);
#1982 = VERTEX_POINT('',#1983);
#1983 = CARTESIAN_POINT('',(-1.681868984134,8.84991345973,
    -2.661438167691));
#1984 = VERTEX_POINT('',#1985);
#1985 = CARTESIAN_POINT('',(-1.681869003804,8.84991342039,
    -2.211438167691));
#1986 = LINE('',#1987,#1988);
#1987 = CARTESIAN_POINT('',(-1.681868984134,8.84991345973,
    -2.661438167691));
#1988 = VECTOR('',#1989,1.);
#1989 = DIRECTION('',(-4.371138828674E-08,-8.742277466279E-08,1.));
#1990 = ORIENTED_EDGE('',*,*,#1991,.F.);
#1991 = EDGE_CURVE('',#1992,#1982,#1994,.T.);
#1992 = VERTEX_POINT('',#1993);
#1993 = CARTESIAN_POINT('',(-1.981868992876,8.649913983549,
    -2.661438198289));
#1994 = LINE('',#1995,#1996);
#1995 = CARTESIAN_POINT('',(-1.981868992876,8.649913983549,
    -2.661438198289));
#1996 = VECTOR('',#1997,1.);
#1997 = DIRECTION('',(0.832050972326,0.554699179241,8.486344447815E-08)
  );
#1998 = ORIENTED_EDGE('',*,*,#1999,.T.);
#1999 = EDGE_CURVE('',#1992,#2000,#2002,.T.);
#2000 = VERTEX_POINT('',#2001);
#2001 = CARTESIAN_POINT('',(-1.981869012546,8.649913944208,
    -2.211438198289));
#2002 = LINE('',#2003,#2004);
#2003 = CARTESIAN_POINT('',(-1.981868992876,8.649913983549,
    -2.661438198289));
#2004 = VECTOR('',#2005,1.);
#2005 = DIRECTION('',(-4.371138828674E-08,-8.742277466279E-08,1.));
#2006 = ORIENTED_EDGE('',*,*,#2007,.F.);
#2007 = EDGE_CURVE('',#1984,#2000,#2008,.T.);
#2008 = LINE('',#2009,#2010);
#2009 = CARTESIAN_POINT('',(-1.681869003804,8.84991342039,
    -2.211438167691));
#2010 = VECTOR('',#2011,1.);
#2011 = DIRECTION('',(-0.832050972326,-0.554699179241,
    -8.486344447815E-08));
#2012 = PLANE('',#2013);
#2013 = AXIS2_PLACEMENT_3D('',#2014,#2015,#2016);
#2014 = CARTESIAN_POINT('',(-1.83186899834,8.749913701969,-2.43643818299
    ));
#2015 = DIRECTION('',(-0.554699179241,0.832050972326,4.849353345548E-08)
  );
#2016 = DIRECTION('',(0.832050972326,0.554699179241,8.486344447815E-08)
  );
#2017 = ADVANCED_FACE('',(#2018),#2054,.F.);
#2018 = FACE_BOUND('',#2019,.T.);
#2019 = EDGE_LOOP('',(#2020,#2030,#2039,#2047));
#2020 = ORIENTED_EDGE('',*,*,#2021,.F.);
#2021 = EDGE_CURVE('',#2022,#2024,#2026,.T.);
#2022 = VERTEX_POINT('',#2023);
#2023 = CARTESIAN_POINT('',(-0.731869000088,9.059913367936,
    -2.086438107807));
#2024 = VERTEX_POINT('',#2025);
#2025 = CARTESIAN_POINT('',(-0.781869000088,9.059913370122,
    -2.086438109992));
#2026 = LINE('',#2027,#2028);
#2027 = CARTESIAN_POINT('',(-0.731869000088,9.059913367936,
    -2.086438107807));
#2028 = VECTOR('',#2029,1.);
#2029 = DIRECTION('',(-1.,4.371139210811E-08,-4.371138446537E-08));
#2030 = ORIENTED_EDGE('',*,*,#2031,.F.);
#2031 = EDGE_CURVE('',#2032,#2022,#2034,.T.);
#2032 = VERTEX_POINT('',#2033);
#2033 = CARTESIAN_POINT('',(-0.731868986975,9.059913394163,
    -2.386438107807));
#2034 = CIRCLE('',#2035,0.15);
#2035 = AXIS2_PLACEMENT_3D('',#2036,#2037,#2038);
#2036 = CARTESIAN_POINT('',(-0.731868993532,9.05991338105,
    -2.236438107807));
#2037 = DIRECTION('',(-4.371138828674E-08,-1.,-8.742277657348E-08));
#2038 = DIRECTION('',(4.371138828674E-08,8.742277466279E-08,-1.));
#2039 = ORIENTED_EDGE('',*,*,#2040,.F.);
#2040 = EDGE_CURVE('',#2041,#2032,#2043,.T.);
#2041 = VERTEX_POINT('',#2042);
#2042 = CARTESIAN_POINT('',(-0.781868986975,9.059913396349,
    -2.386438109992));
#2043 = LINE('',#2044,#2045);
#2044 = CARTESIAN_POINT('',(-0.781868986975,9.059913396349,
    -2.386438109992));
#2045 = VECTOR('',#2046,1.);
#2046 = DIRECTION('',(1.,-4.371139210811E-08,4.371138446537E-08));
#2047 = ORIENTED_EDGE('',*,*,#2048,.F.);
#2048 = EDGE_CURVE('',#2024,#2041,#2049,.T.);
#2049 = CIRCLE('',#2050,0.15);
#2050 = AXIS2_PLACEMENT_3D('',#2051,#2052,#2053);
#2051 = CARTESIAN_POINT('',(-0.781868993532,9.059913383235,
    -2.236438109992));
#2052 = DIRECTION('',(-4.371138828674E-08,-1.,-8.742277657348E-08));
#2053 = DIRECTION('',(-4.371138828674E-08,-8.742277466279E-08,1.));
#2054 = PLANE('',#2055);
#2055 = AXIS2_PLACEMENT_3D('',#2056,#2057,#2058);
#2056 = CARTESIAN_POINT('',(1.850001002753,9.059913260762,-2.15143799495
    ));
#2057 = DIRECTION('',(-4.371138828674E-08,-1.,-8.742277657348E-08));
#2058 = DIRECTION('',(4.371138828674E-08,8.742277466279E-08,-1.));
#2059 = ADVANCED_FACE('',(#2060),#2085,.F.);
#2060 = FACE_BOUND('',#2061,.T.);
#2061 = EDGE_LOOP('',(#2062,#2070,#2071,#2079));
#2062 = ORIENTED_EDGE('',*,*,#2063,.T.);
#2063 = EDGE_CURVE('',#2064,#2041,#2066,.T.);
#2064 = VERTEX_POINT('',#2065);
#2065 = CARTESIAN_POINT('',(-0.781868996154,8.849913396349,
    -2.386438128351));
#2066 = LINE('',#2067,#2068);
#2067 = CARTESIAN_POINT('',(-0.781868996154,8.849913396349,
    -2.386438128351));
#2068 = VECTOR('',#2069,1.);
#2069 = DIRECTION('',(4.371138828674E-08,1.,8.742277657348E-08));
#2070 = ORIENTED_EDGE('',*,*,#2040,.T.);
#2071 = ORIENTED_EDGE('',*,*,#2072,.F.);
#2072 = EDGE_CURVE('',#2073,#2032,#2075,.T.);
#2073 = VERTEX_POINT('',#2074);
#2074 = CARTESIAN_POINT('',(-0.731868996154,8.849913394163,
    -2.386438126166));
#2075 = LINE('',#2076,#2077);
#2076 = CARTESIAN_POINT('',(-0.731868996154,8.849913394163,
    -2.386438126166));
#2077 = VECTOR('',#2078,1.);
#2078 = DIRECTION('',(4.371138828674E-08,1.,8.742277657348E-08));
#2079 = ORIENTED_EDGE('',*,*,#2080,.F.);
#2080 = EDGE_CURVE('',#2064,#2073,#2081,.T.);
#2081 = LINE('',#2082,#2083);
#2082 = CARTESIAN_POINT('',(-0.781868996154,8.849913396349,
    -2.386438128351));
#2083 = VECTOR('',#2084,1.);
#2084 = DIRECTION('',(1.,-4.371139210811E-08,4.371138446537E-08));
#2085 = PLANE('',#2086);
#2086 = AXIS2_PLACEMENT_3D('',#2087,#2088,#2089);
#2087 = CARTESIAN_POINT('',(-0.781868996154,8.849913396349,
    -2.386438128351));
#2088 = DIRECTION('',(-4.371138828674E-08,-8.742277466279E-08,1.));
#2089 = DIRECTION('',(-1.,4.371139210811E-08,-4.371138446537E-08));
#2090 = ADVANCED_FACE('',(#2091),#2110,.T.);
#2091 = FACE_BOUND('',#2092,.T.);
#2092 = EDGE_LOOP('',(#2093,#2101,#2102,#2103));
#2093 = ORIENTED_EDGE('',*,*,#2094,.T.);
#2094 = EDGE_CURVE('',#2095,#2024,#2097,.T.);
#2095 = VERTEX_POINT('',#2096);
#2096 = CARTESIAN_POINT('',(-0.781869009268,8.849913370122,
    -2.086438128351));
#2097 = LINE('',#2098,#2099);
#2098 = CARTESIAN_POINT('',(-0.781869009268,8.849913370122,
    -2.086438128351));
#2099 = VECTOR('',#2100,1.);
#2100 = DIRECTION('',(4.371138828674E-08,1.,8.742277657348E-08));
#2101 = ORIENTED_EDGE('',*,*,#2048,.T.);
#2102 = ORIENTED_EDGE('',*,*,#2063,.F.);
#2103 = ORIENTED_EDGE('',*,*,#2104,.F.);
#2104 = EDGE_CURVE('',#2095,#2064,#2105,.T.);
#2105 = CIRCLE('',#2106,0.15);
#2106 = AXIS2_PLACEMENT_3D('',#2107,#2108,#2109);
#2107 = CARTESIAN_POINT('',(-0.781869002711,8.849913383235,
    -2.236438128351));
#2108 = DIRECTION('',(-4.371138828674E-08,-1.,-8.742277657348E-08));
#2109 = DIRECTION('',(-4.37113709395E-08,-8.742277466279E-08,1.));
#2110 = CYLINDRICAL_SURFACE('',#2111,0.15);
#2111 = AXIS2_PLACEMENT_3D('',#2112,#2113,#2114);
#2112 = CARTESIAN_POINT('',(-0.781869002711,8.849913383235,
    -2.236438128351));
#2113 = DIRECTION('',(-4.371138828674E-08,-1.,-8.742277657348E-08));
#2114 = DIRECTION('',(4.371138828674E-08,8.742277466279E-08,-1.));
#2115 = ADVANCED_FACE('',(#2116),#2134,.F.);
#2116 = FACE_BOUND('',#2117,.T.);
#2117 = EDGE_LOOP('',(#2118,#2126,#2127,#2128));
#2118 = ORIENTED_EDGE('',*,*,#2119,.T.);
#2119 = EDGE_CURVE('',#2120,#2022,#2122,.T.);
#2120 = VERTEX_POINT('',#2121);
#2121 = CARTESIAN_POINT('',(-0.731869009268,8.849913367936,
    -2.086438126166));
#2122 = LINE('',#2123,#2124);
#2123 = CARTESIAN_POINT('',(-0.731869009268,8.849913367936,
    -2.086438126166));
#2124 = VECTOR('',#2125,1.);
#2125 = DIRECTION('',(4.371138828674E-08,1.,8.742277657348E-08));
#2126 = ORIENTED_EDGE('',*,*,#2021,.T.);
#2127 = ORIENTED_EDGE('',*,*,#2094,.F.);
#2128 = ORIENTED_EDGE('',*,*,#2129,.F.);
#2129 = EDGE_CURVE('',#2120,#2095,#2130,.T.);
#2130 = LINE('',#2131,#2132);
#2131 = CARTESIAN_POINT('',(-0.731869009268,8.849913367936,
    -2.086438126166));
#2132 = VECTOR('',#2133,1.);
#2133 = DIRECTION('',(-1.,4.371139210811E-08,-4.371138446537E-08));
#2134 = PLANE('',#2135);
#2135 = AXIS2_PLACEMENT_3D('',#2136,#2137,#2138);
#2136 = CARTESIAN_POINT('',(-0.731869009268,8.849913367936,
    -2.086438126166));
#2137 = DIRECTION('',(4.371138828674E-08,8.742277466279E-08,-1.));
#2138 = DIRECTION('',(-4.371138828674E-08,-1.,-8.742277657348E-08));
#2139 = ADVANCED_FACE('',(#2140),#2161,.T.);
#2140 = FACE_BOUND('',#2141,.T.);
#2141 = EDGE_LOOP('',(#2142,#2143,#2144,#2145,#2154));
#2142 = ORIENTED_EDGE('',*,*,#2072,.T.);
#2143 = ORIENTED_EDGE('',*,*,#2031,.T.);
#2144 = ORIENTED_EDGE('',*,*,#2119,.F.);
#2145 = ORIENTED_EDGE('',*,*,#2146,.F.);
#2146 = EDGE_CURVE('',#2147,#2120,#2149,.T.);
#2147 = VERTEX_POINT('',#2148);
#2148 = CARTESIAN_POINT('',(-0.581869002711,8.849913374493,
    -2.236438119609));
#2149 = CIRCLE('',#2150,0.15);
#2150 = AXIS2_PLACEMENT_3D('',#2151,#2152,#2153);
#2151 = CARTESIAN_POINT('',(-0.731869002711,8.84991338105,
    -2.236438126166));
#2152 = DIRECTION('',(-4.371138828674E-08,-1.,-8.742277657348E-08));
#2153 = DIRECTION('',(1.,-4.371139210811E-08,4.371138446537E-08));
#2154 = ORIENTED_EDGE('',*,*,#2155,.F.);
#2155 = EDGE_CURVE('',#2073,#2147,#2156,.T.);
#2156 = CIRCLE('',#2157,0.15);
#2157 = AXIS2_PLACEMENT_3D('',#2158,#2159,#2160);
#2158 = CARTESIAN_POINT('',(-0.731869002711,8.84991338105,
    -2.236438126166));
#2159 = DIRECTION('',(-4.371138828674E-08,-1.,-8.742277657348E-08));
#2160 = DIRECTION('',(4.371138828674E-08,8.742277466279E-08,-1.));
#2161 = CYLINDRICAL_SURFACE('',#2162,0.15);
#2162 = AXIS2_PLACEMENT_3D('',#2163,#2164,#2165);
#2163 = CARTESIAN_POINT('',(-0.731869002711,8.84991338105,
    -2.236438126166));
#2164 = DIRECTION('',(-4.371138828674E-08,-1.,-8.742277657348E-08));
#2165 = DIRECTION('',(4.371138828674E-08,8.742277466279E-08,-1.));
#2166 = ADVANCED_FACE('',(#2167),#2201,.T.);
#2167 = FACE_BOUND('',#2168,.T.);
#2168 = EDGE_LOOP('',(#2169,#2179,#2187,#2195));
#2169 = ORIENTED_EDGE('',*,*,#2170,.F.);
#2170 = EDGE_CURVE('',#2171,#2173,#2175,.T.);
#2171 = VERTEX_POINT('',#2172);
#2172 = CARTESIAN_POINT('',(-0.392805180453,8.124913370159,
    -2.281399174726));
#2173 = VERTEX_POINT('',#2174);
#2174 = CARTESIAN_POINT('',(-0.349999032437,8.124913368288,
    -2.281399172855));
#2175 = LINE('',#2176,#2177);
#2176 = CARTESIAN_POINT('',(-0.392805180453,8.124913370159,
    -2.281399174726));
#2177 = VECTOR('',#2178,1.);
#2178 = DIRECTION('',(1.,-4.371139210811E-08,4.371138446537E-08));
#2179 = ORIENTED_EDGE('',*,*,#2180,.F.);
#2180 = EDGE_CURVE('',#2181,#2171,#2183,.T.);
#2181 = VERTEX_POINT('',#2182);
#2182 = CARTESIAN_POINT('',(-0.392805187009,7.974913370159,
    -2.28139918784));
#2183 = LINE('',#2184,#2185);
#2184 = CARTESIAN_POINT('',(-0.392805187009,7.974913370159,
    -2.28139918784));
#2185 = VECTOR('',#2186,1.);
#2186 = DIRECTION('',(4.371138828674E-08,1.,8.742277657348E-08));
#2187 = ORIENTED_EDGE('',*,*,#2188,.T.);
#2188 = EDGE_CURVE('',#2181,#2189,#2191,.T.);
#2189 = VERTEX_POINT('',#2190);
#2190 = CARTESIAN_POINT('',(-0.349999038993,7.974913368288,
    -2.281399185968));
#2191 = LINE('',#2192,#2193);
#2192 = CARTESIAN_POINT('',(-0.392805187009,7.974913370159,
    -2.28139918784));
#2193 = VECTOR('',#2194,1.);
#2194 = DIRECTION('',(1.,-4.371139210811E-08,4.371138446537E-08));
#2195 = ORIENTED_EDGE('',*,*,#2196,.T.);
#2196 = EDGE_CURVE('',#2189,#2173,#2197,.T.);
#2197 = LINE('',#2198,#2199);
#2198 = CARTESIAN_POINT('',(-0.349999038993,7.974913368288,
    -2.281399185968));
#2199 = VECTOR('',#2200,1.);
#2200 = DIRECTION('',(4.371138828674E-08,1.,8.742277657348E-08));
#2201 = PLANE('',#2202);
#2202 = AXIS2_PLACEMENT_3D('',#2203,#2204,#2205);
#2203 = CARTESIAN_POINT('',(-0.392805187009,7.974913370159,
    -2.28139918784));
#2204 = DIRECTION('',(-4.371138828674E-08,-8.742277466279E-08,1.));
#2205 = DIRECTION('',(-1.,4.371139210811E-08,-4.371138446537E-08));
#2206 = ADVANCED_FACE('',(#2207),#2234,.T.);
#2207 = FACE_BOUND('',#2208,.T.);
#2208 = EDGE_LOOP('',(#2209,#2210,#2219,#2227));
#2209 = ORIENTED_EDGE('',*,*,#2180,.T.);
#2210 = ORIENTED_EDGE('',*,*,#2211,.F.);
#2211 = EDGE_CURVE('',#2212,#2171,#2214,.T.);
#2212 = VERTEX_POINT('',#2213);
#2213 = CARTESIAN_POINT('',(-0.438577300922,8.124913372624,
    -2.28670733569));
#2214 = CIRCLE('',#2215,0.2);
#2215 = AXIS2_PLACEMENT_3D('',#2216,#2217,#2218);
#2216 = CARTESIAN_POINT('',(-0.39280517171,8.124913387644,
    -2.481399174726));
#2217 = DIRECTION('',(4.371138828674E-08,1.,8.742277657348E-08));
#2218 = DIRECTION('',(-0.228860646058,-7.509868916045E-08,0.973459195183
    ));
#2219 = ORIENTED_EDGE('',*,*,#2220,.F.);
#2220 = EDGE_CURVE('',#2221,#2212,#2223,.T.);
#2221 = VERTEX_POINT('',#2222);
#2222 = CARTESIAN_POINT('',(-0.438577307478,7.974913372624,
    -2.286707348803));
#2223 = LINE('',#2224,#2225);
#2224 = CARTESIAN_POINT('',(-0.438577307478,7.974913372624,
    -2.286707348803));
#2225 = VECTOR('',#2226,1.);
#2226 = DIRECTION('',(4.371138828674E-08,1.,8.742277657348E-08));
#2227 = ORIENTED_EDGE('',*,*,#2228,.T.);
#2228 = EDGE_CURVE('',#2221,#2181,#2229,.T.);
#2229 = CIRCLE('',#2230,0.2);
#2230 = AXIS2_PLACEMENT_3D('',#2231,#2232,#2233);
#2231 = CARTESIAN_POINT('',(-0.392805178267,7.974913387644,
    -2.48139918784));
#2232 = DIRECTION('',(4.371138828674E-08,1.,8.742277657348E-08));
#2233 = DIRECTION('',(-0.228860646058,-7.509868916045E-08,0.973459195183
    ));
#2234 = CYLINDRICAL_SURFACE('',#2235,0.2);
#2235 = AXIS2_PLACEMENT_3D('',#2236,#2237,#2238);
#2236 = CARTESIAN_POINT('',(-0.392805178267,7.974913387644,
    -2.48139918784));
#2237 = DIRECTION('',(4.371138828674E-08,1.,8.742277657348E-08));
#2238 = DIRECTION('',(4.371138828674E-08,8.742277466279E-08,-1.));
#2239 = ADVANCED_FACE('',(#2240),#2265,.T.);
#2240 = FACE_BOUND('',#2241,.T.);
#2241 = EDGE_LOOP('',(#2242,#2250,#2251,#2259));
#2242 = ORIENTED_EDGE('',*,*,#2243,.T.);
#2243 = EDGE_CURVE('',#2244,#2221,#2246,.T.);
#2244 = VERTEX_POINT('',#2245);
#2245 = CARTESIAN_POINT('',(-0.581869037289,7.974913381833,
    -2.320395291781));
#2246 = LINE('',#2247,#2248);
#2247 = CARTESIAN_POINT('',(-0.581869037289,7.974913381833,
    -2.320395291781));
#2248 = VECTOR('',#2249,1.);
#2249 = DIRECTION('',(0.973459195183,-6.255888598874E-08,0.228860646058)
  );
#2250 = ORIENTED_EDGE('',*,*,#2220,.T.);
#2251 = ORIENTED_EDGE('',*,*,#2252,.F.);
#2252 = EDGE_CURVE('',#2253,#2212,#2255,.T.);
#2253 = VERTEX_POINT('',#2254);
#2254 = CARTESIAN_POINT('',(-0.581869030732,8.124913381833,
    -2.320395278668));
#2255 = LINE('',#2256,#2257);
#2256 = CARTESIAN_POINT('',(-0.581869030732,8.124913381833,
    -2.320395278668));
#2257 = VECTOR('',#2258,1.);
#2258 = DIRECTION('',(0.973459195183,-6.255888598874E-08,0.228860646058)
  );
#2259 = ORIENTED_EDGE('',*,*,#2260,.F.);
#2260 = EDGE_CURVE('',#2244,#2253,#2261,.T.);
#2261 = LINE('',#2262,#2263);
#2262 = CARTESIAN_POINT('',(-0.581869037289,7.974913381833,
    -2.320395291781));
#2263 = VECTOR('',#2264,1.);
#2264 = DIRECTION('',(4.371138828674E-08,1.,8.742277657348E-08));
#2265 = PLANE('',#2266);
#2266 = AXIS2_PLACEMENT_3D('',#2267,#2268,#2269);
#2267 = CARTESIAN_POINT('',(-0.581869037289,7.974913381833,
    -2.320395291781));
#2268 = DIRECTION('',(-0.228860646058,-7.509868916045E-08,0.973459195183
    ));
#2269 = DIRECTION('',(-0.973459195183,6.255888598874E-08,-0.228860646058
    ));
#2270 = ADVANCED_FACE('',(#2271),#2313,.F.);
#2271 = FACE_BOUND('',#2272,.T.);
#2272 = EDGE_LOOP('',(#2273,#2283,#2291,#2299,#2307));
#2273 = ORIENTED_EDGE('',*,*,#2274,.F.);
#2274 = EDGE_CURVE('',#2275,#2277,#2279,.T.);
#2275 = VERTEX_POINT('',#2276);
#2276 = CARTESIAN_POINT('',(-0.34999903462,8.464913334197,
    -1.891438143131));
#2277 = VERTEX_POINT('',#2278);
#2278 = CARTESIAN_POINT('',(-0.349999007956,9.074913334197,
    -1.891438089803));
#2279 = LINE('',#2280,#2281);
#2280 = CARTESIAN_POINT('',(-0.34999903462,8.464913334197,
    -1.891438143131));
#2281 = VECTOR('',#2282,1.);
#2282 = DIRECTION('',(4.371138828674E-08,1.,8.742277657348E-08));
#2283 = ORIENTED_EDGE('',*,*,#2284,.F.);
#2284 = EDGE_CURVE('',#2285,#2275,#2287,.T.);
#2285 = VERTEX_POINT('',#2286);
#2286 = CARTESIAN_POINT('',(-1.24999903462,8.464913373537,
    -1.891438182472));
#2287 = LINE('',#2288,#2289);
#2288 = CARTESIAN_POINT('',(-1.24999903462,8.464913373537,
    -1.891438182472));
#2289 = VECTOR('',#2290,1.);
#2290 = DIRECTION('',(1.,-4.371139210811E-08,4.371138446537E-08));
#2291 = ORIENTED_EDGE('',*,*,#2292,.F.);
#2292 = EDGE_CURVE('',#2293,#2285,#2295,.T.);
#2293 = VERTEX_POINT('',#2294);
#2294 = CARTESIAN_POINT('',(-1.249999003585,9.174913150235,
    -1.891438120401));
#2295 = LINE('',#2296,#2297);
#2296 = CARTESIAN_POINT('',(-1.249999003585,9.174913150235,
    -1.891438120401));
#2297 = VECTOR('',#2298,1.);
#2298 = DIRECTION('',(-4.371138828674E-08,-1.,-8.742277657348E-08));
#2299 = ORIENTED_EDGE('',*,*,#2300,.T.);
#2300 = EDGE_CURVE('',#2293,#2301,#2303,.T.);
#2301 = VERTEX_POINT('',#2302);
#2302 = CARTESIAN_POINT('',(-1.049999007956,9.074913364795,
    -1.891438120401));
#2303 = LINE('',#2304,#2305);
#2304 = CARTESIAN_POINT('',(-1.249999003585,9.174913150235,
    -1.891438120401));
#2305 = VECTOR('',#2306,1.);
#2306 = DIRECTION('',(0.894427570906,-0.447212835686,8.388571888416E-14)
  );
#2307 = ORIENTED_EDGE('',*,*,#2308,.T.);
#2308 = EDGE_CURVE('',#2301,#2277,#2309,.T.);
#2309 = LINE('',#2310,#2311);
#2310 = CARTESIAN_POINT('',(-1.049999007956,9.074913364795,
    -1.891438120401));
#2311 = VECTOR('',#2312,1.);
#2312 = DIRECTION('',(1.,-4.371139210811E-08,4.371138446537E-08));
#2313 = PLANE('',#2314);
#2314 = AXIS2_PLACEMENT_3D('',#2315,#2316,#2317);
#2315 = CARTESIAN_POINT('',(-1.24999903462,8.464913373537,
    -1.891438182472));
#2316 = DIRECTION('',(-4.371138828674E-08,-8.742277466279E-08,1.));
#2317 = DIRECTION('',(-1.,4.371139210811E-08,-4.371138446537E-08));
#2318 = ADVANCED_FACE('',(#2319),#2360,.F.);
#2319 = FACE_BOUND('',#2320,.T.);
#2320 = EDGE_LOOP('',(#2321,#2329,#2330,#2338,#2346,#2354));
#2321 = ORIENTED_EDGE('',*,*,#2322,.T.);
#2322 = EDGE_CURVE('',#2323,#2285,#2325,.T.);
#2323 = VERTEX_POINT('',#2324);
#2324 = CARTESIAN_POINT('',(-1.249999029375,8.464913384028,
    -2.011438182472));
#2325 = LINE('',#2326,#2327);
#2326 = CARTESIAN_POINT('',(-1.249999029375,8.464913384028,
    -2.011438182472));
#2327 = VECTOR('',#2328,1.);
#2328 = DIRECTION('',(-4.371138828674E-08,-8.742277466279E-08,1.));
#2329 = ORIENTED_EDGE('',*,*,#2284,.T.);
#2330 = ORIENTED_EDGE('',*,*,#2331,.F.);
#2331 = EDGE_CURVE('',#2332,#2275,#2334,.T.);
#2332 = VERTEX_POINT('',#2333);
#2333 = CARTESIAN_POINT('',(-0.349999022818,8.464913357801,
    -2.161438143131));
#2334 = LINE('',#2335,#2336);
#2335 = CARTESIAN_POINT('',(-0.349999022818,8.464913357801,
    -2.161438143131));
#2336 = VECTOR('',#2337,1.);
#2337 = DIRECTION('',(-4.371138828674E-08,-8.742277466279E-08,1.));
#2338 = ORIENTED_EDGE('',*,*,#2339,.T.);
#2339 = EDGE_CURVE('',#2332,#2340,#2342,.T.);
#2340 = VERTEX_POINT('',#2341);
#2341 = CARTESIAN_POINT('',(-0.449998774023,8.464913349059,
    -2.011438147502));
#2342 = LINE('',#2343,#2344);
#2343 = CARTESIAN_POINT('',(-0.349999022818,8.464913357801,
    -2.161438143131));
#2344 = VECTOR('',#2345,1.);
#2345 = DIRECTION('',(-0.554699251981,-4.849352762627E-08,0.832050923833
    ));
#2346 = ORIENTED_EDGE('',*,*,#2347,.T.);
#2347 = EDGE_CURVE('',#2340,#2348,#2350,.T.);
#2348 = VERTEX_POINT('',#2349);
#2349 = CARTESIAN_POINT('',(-0.581869029375,8.464913354823,
    -2.011438153267));
#2350 = LINE('',#2351,#2352);
#2351 = CARTESIAN_POINT('',(-0.449998774023,8.464913349059,
    -2.011438147502));
#2352 = VECTOR('',#2353,1.);
#2353 = DIRECTION('',(-1.,4.371139210811E-08,-4.371138446537E-08));
#2354 = ORIENTED_EDGE('',*,*,#2355,.F.);
#2355 = EDGE_CURVE('',#2323,#2348,#2356,.T.);
#2356 = LINE('',#2357,#2358);
#2357 = CARTESIAN_POINT('',(-1.249999029375,8.464913384028,
    -2.011438182472));
#2358 = VECTOR('',#2359,1.);
#2359 = DIRECTION('',(1.,-4.371139210811E-08,4.371138446537E-08));
#2360 = PLANE('',#2361);
#2361 = AXIS2_PLACEMENT_3D('',#2362,#2363,#2364);
#2362 = CARTESIAN_POINT('',(-1.2499990014,8.464913439978,-2.651438182472
    ));
#2363 = DIRECTION('',(-4.371138828674E-08,-1.,-8.742277657348E-08));
#2364 = DIRECTION('',(4.371138828674E-08,8.742277466279E-08,-1.));
#2365 = ADVANCED_FACE('',(#2366),#2391,.T.);
#2366 = FACE_BOUND('',#2367,.T.);
#2367 = EDGE_LOOP('',(#2368,#2369,#2377,#2385));
#2368 = ORIENTED_EDGE('',*,*,#2339,.F.);
#2369 = ORIENTED_EDGE('',*,*,#2370,.F.);
#2370 = EDGE_CURVE('',#2371,#2332,#2373,.T.);
#2371 = VERTEX_POINT('',#2372);
#2372 = CARTESIAN_POINT('',(-0.349999212089,4.134913357801,
    -2.161438521672));
#2373 = LINE('',#2374,#2375);
#2374 = CARTESIAN_POINT('',(-0.349999212089,4.134913357801,
    -2.161438521672));
#2375 = VECTOR('',#2376,1.);
#2376 = DIRECTION('',(4.371138828674E-08,1.,8.742277657348E-08));
#2377 = ORIENTED_EDGE('',*,*,#2378,.F.);
#2378 = EDGE_CURVE('',#2379,#2371,#2381,.T.);
#2379 = VERTEX_POINT('',#2380);
#2380 = CARTESIAN_POINT('',(-0.449998963293,4.134913349059,
    -2.011438526043));
#2381 = LINE('',#2382,#2383);
#2382 = CARTESIAN_POINT('',(-0.449998963293,4.134913349059,
    -2.011438526043));
#2383 = VECTOR('',#2384,1.);
#2384 = DIRECTION('',(0.554699251981,4.849352762627E-08,-0.832050923833)
  );
#2385 = ORIENTED_EDGE('',*,*,#2386,.T.);
#2386 = EDGE_CURVE('',#2379,#2340,#2387,.T.);
#2387 = LINE('',#2388,#2389);
#2388 = CARTESIAN_POINT('',(-0.449998963293,4.134913349059,
    -2.011438526043));
#2389 = VECTOR('',#2390,1.);
#2390 = DIRECTION('',(4.371138828674E-08,1.,8.742277657348E-08));
#2391 = PLANE('',#2392);
#2392 = AXIS2_PLACEMENT_3D('',#2393,#2394,#2395);
#2393 = CARTESIAN_POINT('',(-0.399998993056,6.29991335343,
    -2.086438334587));
#2394 = DIRECTION('',(-0.832050923833,8.486344977745E-08,-0.554699251981
    ));
#2395 = DIRECTION('',(4.371138828674E-08,1.,8.742277657348E-08));
#2396 = ADVANCED_FACE('',(#2397),#2415,.T.);
#2397 = FACE_BOUND('',#2398,.T.);
#2398 = EDGE_LOOP('',(#2399,#2400,#2401,#2409));
#2399 = ORIENTED_EDGE('',*,*,#2347,.F.);
#2400 = ORIENTED_EDGE('',*,*,#2386,.F.);
#2401 = ORIENTED_EDGE('',*,*,#2402,.T.);
#2402 = EDGE_CURVE('',#2379,#2403,#2405,.T.);
#2403 = VERTEX_POINT('',#2404);
#2404 = CARTESIAN_POINT('',(-0.581869218645,4.134913354823,
    -2.011438531807));
#2405 = LINE('',#2406,#2407);
#2406 = CARTESIAN_POINT('',(-0.449998963293,4.134913349059,
    -2.011438526043));
#2407 = VECTOR('',#2408,1.);
#2408 = DIRECTION('',(-1.,4.371139210811E-08,-4.371138446537E-08));
#2409 = ORIENTED_EDGE('',*,*,#2410,.F.);
#2410 = EDGE_CURVE('',#2348,#2403,#2411,.T.);
#2411 = LINE('',#2412,#2413);
#2412 = CARTESIAN_POINT('',(-0.581869029375,8.464913354823,
    -2.011438153267));
#2413 = VECTOR('',#2414,1.);
#2414 = DIRECTION('',(-4.371138828674E-08,-1.,-8.742277657348E-08));
#2415 = PLANE('',#2416);
#2416 = AXIS2_PLACEMENT_3D('',#2417,#2418,#2419);
#2417 = CARTESIAN_POINT('',(1.85000087599,6.299913248523,-2.011438236237
    ));
#2418 = DIRECTION('',(4.371138828674E-08,8.742277466279E-08,-1.));
#2419 = DIRECTION('',(-4.371138828674E-08,-1.,-8.742277657348E-08));
#2420 = ADVANCED_FACE('',(#2421),#2457,.T.);
#2421 = FACE_BOUND('',#2422,.T.);
#2422 = EDGE_LOOP('',(#2423,#2433,#2442,#2450));
#2423 = ORIENTED_EDGE('',*,*,#2424,.T.);
#2424 = EDGE_CURVE('',#2425,#2427,#2429,.T.);
#2425 = VERTEX_POINT('',#2426);
#2426 = CARTESIAN_POINT('',(-0.781869228262,3.539913396349,
    -2.386438592566));
#2427 = VERTEX_POINT('',#2428);
#2428 = CARTESIAN_POINT('',(-0.731869228262,3.539913394163,
    -2.386438590381));
#2429 = LINE('',#2430,#2431);
#2430 = CARTESIAN_POINT('',(-0.781869228262,3.539913396349,
    -2.386438592566));
#2431 = VECTOR('',#2432,1.);
#2432 = DIRECTION('',(1.,-4.371139210811E-08,4.371138446537E-08));
#2433 = ORIENTED_EDGE('',*,*,#2434,.T.);
#2434 = EDGE_CURVE('',#2427,#2435,#2437,.T.);
#2435 = VERTEX_POINT('',#2436);
#2436 = CARTESIAN_POINT('',(-0.731869241375,3.539913367936,
    -2.086438590381));
#2437 = CIRCLE('',#2438,0.15);
#2438 = AXIS2_PLACEMENT_3D('',#2439,#2440,#2441);
#2439 = CARTESIAN_POINT('',(-0.731869234819,3.53991338105,
    -2.236438590381));
#2440 = DIRECTION('',(-4.371138828674E-08,-1.,-8.742277657348E-08));
#2441 = DIRECTION('',(4.371138828674E-08,8.742277466279E-08,-1.));
#2442 = ORIENTED_EDGE('',*,*,#2443,.T.);
#2443 = EDGE_CURVE('',#2435,#2444,#2446,.T.);
#2444 = VERTEX_POINT('',#2445);
#2445 = CARTESIAN_POINT('',(-0.781869241375,3.539913370122,
    -2.086438592566));
#2446 = LINE('',#2447,#2448);
#2447 = CARTESIAN_POINT('',(-0.731869241375,3.539913367936,
    -2.086438590381));
#2448 = VECTOR('',#2449,1.);
#2449 = DIRECTION('',(-1.,4.371139210811E-08,-4.371138446537E-08));
#2450 = ORIENTED_EDGE('',*,*,#2451,.T.);
#2451 = EDGE_CURVE('',#2444,#2425,#2452,.T.);
#2452 = CIRCLE('',#2453,0.15);
#2453 = AXIS2_PLACEMENT_3D('',#2454,#2455,#2456);
#2454 = CARTESIAN_POINT('',(-0.781869234819,3.539913383235,
    -2.236438592566));
#2455 = DIRECTION('',(-4.371138828674E-08,-1.,-8.742277657348E-08));
#2456 = DIRECTION('',(-4.371138828674E-08,-8.742277466279E-08,1.));
#2457 = PLANE('',#2458);
#2458 = AXIS2_PLACEMENT_3D('',#2459,#2460,#2461);
#2459 = CARTESIAN_POINT('',(1.850000761466,3.539913260762,
    -2.151438477523));
#2460 = DIRECTION('',(-4.371138828674E-08,-1.,-8.742277657348E-08));
#2461 = DIRECTION('',(4.371138828674E-08,8.742277466279E-08,-1.));
#2462 = ADVANCED_FACE('',(#2463),#2488,.T.);
#2463 = FACE_BOUND('',#2464,.T.);
#2464 = EDGE_LOOP('',(#2465,#2473,#2474,#2482));
#2465 = ORIENTED_EDGE('',*,*,#2466,.T.);
#2466 = EDGE_CURVE('',#2467,#2444,#2469,.T.);
#2467 = VERTEX_POINT('',#2468);
#2468 = CARTESIAN_POINT('',(-0.781869232196,3.749913370122,
    -2.086438574207));
#2469 = LINE('',#2470,#2471);
#2470 = CARTESIAN_POINT('',(-0.781869232196,3.749913370122,
    -2.086438574207));
#2471 = VECTOR('',#2472,1.);
#2472 = DIRECTION('',(-4.371138828674E-08,-1.,-8.742277657348E-08));
#2473 = ORIENTED_EDGE('',*,*,#2443,.F.);
#2474 = ORIENTED_EDGE('',*,*,#2475,.F.);
#2475 = EDGE_CURVE('',#2476,#2435,#2478,.T.);
#2476 = VERTEX_POINT('',#2477);
#2477 = CARTESIAN_POINT('',(-0.731869232196,3.749913367936,
    -2.086438572022));
#2478 = LINE('',#2479,#2480);
#2479 = CARTESIAN_POINT('',(-0.731869232196,3.749913367936,
    -2.086438572022));
#2480 = VECTOR('',#2481,1.);
#2481 = DIRECTION('',(-4.371138828674E-08,-1.,-8.742277657348E-08));
#2482 = ORIENTED_EDGE('',*,*,#2483,.T.);
#2483 = EDGE_CURVE('',#2476,#2467,#2484,.T.);
#2484 = LINE('',#2485,#2486);
#2485 = CARTESIAN_POINT('',(-0.731869232196,3.749913367936,
    -2.086438572022));
#2486 = VECTOR('',#2487,1.);
#2487 = DIRECTION('',(-1.,4.371139210811E-08,-4.371138446537E-08));
#2488 = PLANE('',#2489);
#2489 = AXIS2_PLACEMENT_3D('',#2490,#2491,#2492);
#2490 = CARTESIAN_POINT('',(-0.731869232196,3.749913367936,
    -2.086438572022));
#2491 = DIRECTION('',(-4.371138828674E-08,-8.742277466279E-08,1.));
#2492 = DIRECTION('',(-1.,4.371139210811E-08,-4.371138446537E-08));
#2493 = ADVANCED_FACE('',(#2494),#2513,.T.);
#2494 = FACE_BOUND('',#2495,.T.);
#2495 = EDGE_LOOP('',(#2496,#2504,#2505,#2506));
#2496 = ORIENTED_EDGE('',*,*,#2497,.T.);
#2497 = EDGE_CURVE('',#2498,#2425,#2500,.T.);
#2498 = VERTEX_POINT('',#2499);
#2499 = CARTESIAN_POINT('',(-0.781869219082,3.749913396349,
    -2.386438574207));
#2500 = LINE('',#2501,#2502);
#2501 = CARTESIAN_POINT('',(-0.781869219082,3.749913396349,
    -2.386438574207));
#2502 = VECTOR('',#2503,1.);
#2503 = DIRECTION('',(-4.371138828674E-08,-1.,-8.742277657348E-08));
#2504 = ORIENTED_EDGE('',*,*,#2451,.F.);
#2505 = ORIENTED_EDGE('',*,*,#2466,.F.);
#2506 = ORIENTED_EDGE('',*,*,#2507,.T.);
#2507 = EDGE_CURVE('',#2467,#2498,#2508,.T.);
#2508 = CIRCLE('',#2509,0.15);
#2509 = AXIS2_PLACEMENT_3D('',#2510,#2511,#2512);
#2510 = CARTESIAN_POINT('',(-0.781869225639,3.749913383235,
    -2.236438574207));
#2511 = DIRECTION('',(-4.371138828674E-08,-1.,-8.742277657348E-08));
#2512 = DIRECTION('',(-4.371138828674E-08,-8.742277466279E-08,1.));
#2513 = CYLINDRICAL_SURFACE('',#2514,0.15);
#2514 = AXIS2_PLACEMENT_3D('',#2515,#2516,#2517);
#2515 = CARTESIAN_POINT('',(-0.781869225639,3.749913383235,
    -2.236438574207));
#2516 = DIRECTION('',(-4.371138828674E-08,-1.,-8.742277657348E-08));
#2517 = DIRECTION('',(4.371138828674E-08,8.742277466279E-08,-1.));
#2518 = ADVANCED_FACE('',(#2519),#2537,.T.);
#2519 = FACE_BOUND('',#2520,.T.);
#2520 = EDGE_LOOP('',(#2521,#2529,#2530,#2531));
#2521 = ORIENTED_EDGE('',*,*,#2522,.T.);
#2522 = EDGE_CURVE('',#2523,#2427,#2525,.T.);
#2523 = VERTEX_POINT('',#2524);
#2524 = CARTESIAN_POINT('',(-0.731869219082,3.749913394163,
    -2.386438572022));
#2525 = LINE('',#2526,#2527);
#2526 = CARTESIAN_POINT('',(-0.731869219082,3.749913394163,
    -2.386438572022));
#2527 = VECTOR('',#2528,1.);
#2528 = DIRECTION('',(-4.371138828674E-08,-1.,-8.742277657348E-08));
#2529 = ORIENTED_EDGE('',*,*,#2424,.F.);
#2530 = ORIENTED_EDGE('',*,*,#2497,.F.);
#2531 = ORIENTED_EDGE('',*,*,#2532,.T.);
#2532 = EDGE_CURVE('',#2498,#2523,#2533,.T.);
#2533 = LINE('',#2534,#2535);
#2534 = CARTESIAN_POINT('',(-0.781869219082,3.749913396349,
    -2.386438574207));
#2535 = VECTOR('',#2536,1.);
#2536 = DIRECTION('',(1.,-4.371139210811E-08,4.371138446537E-08));
#2537 = PLANE('',#2538);
#2538 = AXIS2_PLACEMENT_3D('',#2539,#2540,#2541);
#2539 = CARTESIAN_POINT('',(-0.781869219082,3.749913396349,
    -2.386438574207));
#2540 = DIRECTION('',(4.371138828674E-08,8.742277466279E-08,-1.));
#2541 = DIRECTION('',(-4.371138828674E-08,-1.,-8.742277657348E-08));
#2542 = ADVANCED_FACE('',(#2543),#2564,.T.);
#2543 = FACE_BOUND('',#2544,.T.);
#2544 = EDGE_LOOP('',(#2545,#2554,#2555,#2556,#2557));
#2545 = ORIENTED_EDGE('',*,*,#2546,.T.);
#2546 = EDGE_CURVE('',#2547,#2476,#2549,.T.);
#2547 = VERTEX_POINT('',#2548);
#2548 = CARTESIAN_POINT('',(-0.581869225639,3.749913374493,
    -2.236438565465));
#2549 = CIRCLE('',#2550,0.15);
#2550 = AXIS2_PLACEMENT_3D('',#2551,#2552,#2553);
#2551 = CARTESIAN_POINT('',(-0.731869225639,3.74991338105,
    -2.236438572022));
#2552 = DIRECTION('',(-4.371138828674E-08,-1.,-8.742277657348E-08));
#2553 = DIRECTION('',(1.,-4.371139210811E-08,4.371138446537E-08));
#2554 = ORIENTED_EDGE('',*,*,#2475,.T.);
#2555 = ORIENTED_EDGE('',*,*,#2434,.F.);
#2556 = ORIENTED_EDGE('',*,*,#2522,.F.);
#2557 = ORIENTED_EDGE('',*,*,#2558,.T.);
#2558 = EDGE_CURVE('',#2523,#2547,#2559,.T.);
#2559 = CIRCLE('',#2560,0.15);
#2560 = AXIS2_PLACEMENT_3D('',#2561,#2562,#2563);
#2561 = CARTESIAN_POINT('',(-0.731869225639,3.74991338105,
    -2.236438572022));
#2562 = DIRECTION('',(-4.371138828674E-08,-1.,-8.742277657348E-08));
#2563 = DIRECTION('',(4.371138828674E-08,8.742277466279E-08,-1.));
#2564 = CYLINDRICAL_SURFACE('',#2565,0.15);
#2565 = AXIS2_PLACEMENT_3D('',#2566,#2567,#2568);
#2566 = CARTESIAN_POINT('',(-0.731869225639,3.74991338105,
    -2.236438572022));
#2567 = DIRECTION('',(-4.371138828674E-08,-1.,-8.742277657348E-08));
#2568 = DIRECTION('',(4.371138828674E-08,8.742277466279E-08,-1.));
#2569 = ADVANCED_FACE('',(#2570),#2612,.F.);
#2570 = FACE_BOUND('',#2571,.T.);
#2571 = EDGE_LOOP('',(#2572,#2582,#2590,#2598,#2606));
#2572 = ORIENTED_EDGE('',*,*,#2573,.F.);
#2573 = EDGE_CURVE('',#2574,#2576,#2578,.T.);
#2574 = VERTEX_POINT('',#2575);
#2575 = CARTESIAN_POINT('',(-1.381871309711,4.349913389792,
    -2.011438547981));
#2576 = VERTEX_POINT('',#2577);
#2577 = CARTESIAN_POINT('',(-1.381871300969,4.349913407277,
    -2.211438547981));
#2578 = LINE('',#2579,#2580);
#2579 = CARTESIAN_POINT('',(-1.381871309711,4.349913389792,
    -2.011438547981));
#2580 = VECTOR('',#2581,1.);
#2581 = DIRECTION('',(4.371138828674E-08,8.742277466279E-08,-1.));
#2582 = ORIENTED_EDGE('',*,*,#2583,.T.);
#2583 = EDGE_CURVE('',#2574,#2584,#2586,.T.);
#2584 = VERTEX_POINT('',#2585);
#2585 = CARTESIAN_POINT('',(-1.681871309711,4.349913402906,
    -2.011438561094));
#2586 = LINE('',#2587,#2588);
#2587 = CARTESIAN_POINT('',(-1.381871309711,4.349913389792,
    -2.011438547981));
#2588 = VECTOR('',#2589,1.);
#2589 = DIRECTION('',(-1.,4.371139210811E-08,-4.371138446537E-08));
#2590 = ORIENTED_EDGE('',*,*,#2591,.T.);
#2591 = EDGE_CURVE('',#2584,#2592,#2594,.T.);
#2592 = VERTEX_POINT('',#2593);
#2593 = CARTESIAN_POINT('',(-1.681871303155,4.349913416019,
    -2.161438561094));
#2594 = LINE('',#2595,#2596);
#2595 = CARTESIAN_POINT('',(-1.681871309711,4.349913402906,
    -2.011438561094));
#2596 = VECTOR('',#2597,1.);
#2597 = DIRECTION('',(4.371138828674E-08,8.742277466279E-08,-1.));
#2598 = ORIENTED_EDGE('',*,*,#2599,.T.);
#2599 = EDGE_CURVE('',#2592,#2600,#2602,.T.);
#2600 = VERTEX_POINT('',#2601);
#2601 = CARTESIAN_POINT('',(-1.731871300969,4.349913422576,
    -2.21143856328));
#2602 = LINE('',#2603,#2604);
#2603 = CARTESIAN_POINT('',(-1.681871303155,4.349913416019,
    -2.161438561094));
#2604 = VECTOR('',#2605,1.);
#2605 = DIRECTION('',(-0.707106750278,9.272585856895E-08,-0.707106812095
    ));
#2606 = ORIENTED_EDGE('',*,*,#2607,.F.);
#2607 = EDGE_CURVE('',#2576,#2600,#2608,.T.);
#2608 = LINE('',#2609,#2610);
#2609 = CARTESIAN_POINT('',(-1.381871300969,4.349913407277,
    -2.211438547981));
#2610 = VECTOR('',#2611,1.);
#2611 = DIRECTION('',(-1.,4.371139210811E-08,-4.371138446537E-08));
#2612 = PLANE('',#2613);
#2613 = AXIS2_PLACEMENT_3D('',#2614,#2615,#2616);
#2614 = CARTESIAN_POINT('',(-1.381871309711,4.349913389792,
    -2.011438547981));
#2615 = DIRECTION('',(4.371138828674E-08,1.,8.742277657348E-08));
#2616 = DIRECTION('',(1.,-4.371139210811E-08,4.371138446537E-08));
#2617 = ADVANCED_FACE('',(#2618),#2643,.F.);
#2618 = FACE_BOUND('',#2619,.T.);
#2619 = EDGE_LOOP('',(#2620,#2621,#2629,#2637));
#2620 = ORIENTED_EDGE('',*,*,#2573,.T.);
#2621 = ORIENTED_EDGE('',*,*,#2622,.F.);
#2622 = EDGE_CURVE('',#2623,#2576,#2625,.T.);
#2623 = VERTEX_POINT('',#2624);
#2624 = CARTESIAN_POINT('',(-1.381871327196,3.749913407277,
    -2.211438600434));
#2625 = LINE('',#2626,#2627);
#2626 = CARTESIAN_POINT('',(-1.381871327196,3.749913407277,
    -2.211438600434));
#2627 = VECTOR('',#2628,1.);
#2628 = DIRECTION('',(4.371138828674E-08,1.,8.742277657348E-08));
#2629 = ORIENTED_EDGE('',*,*,#2630,.F.);
#2630 = EDGE_CURVE('',#2631,#2623,#2633,.T.);
#2631 = VERTEX_POINT('',#2632);
#2632 = CARTESIAN_POINT('',(-1.381871335938,3.749913389792,
    -2.011438600434));
#2633 = LINE('',#2634,#2635);
#2634 = CARTESIAN_POINT('',(-1.381871335938,3.749913389792,
    -2.011438600434));
#2635 = VECTOR('',#2636,1.);
#2636 = DIRECTION('',(4.371138828674E-08,8.742277466279E-08,-1.));
#2637 = ORIENTED_EDGE('',*,*,#2638,.F.);
#2638 = EDGE_CURVE('',#2574,#2631,#2639,.T.);
#2639 = LINE('',#2640,#2641);
#2640 = CARTESIAN_POINT('',(-1.381871309711,4.349913389792,
    -2.011438547981));
#2641 = VECTOR('',#2642,1.);
#2642 = DIRECTION('',(-4.371138828674E-08,-1.,-8.742277657348E-08));
#2643 = PLANE('',#2644);
#2644 = AXIS2_PLACEMENT_3D('',#2645,#2646,#2647);
#2645 = CARTESIAN_POINT('',(-1.381871335938,3.749913389792,
    -2.011438600434));
#2646 = DIRECTION('',(1.,-4.371139210811E-08,4.371138446537E-08));
#2647 = DIRECTION('',(-4.371138828674E-08,-1.,-8.742277657348E-08));
#2648 = ADVANCED_FACE('',(#2649),#2683,.T.);
#2649 = FACE_BOUND('',#2650,.T.);
#2650 = EDGE_LOOP('',(#2651,#2661,#2669,#2677));
#2651 = ORIENTED_EDGE('',*,*,#2652,.F.);
#2652 = EDGE_CURVE('',#2653,#2655,#2657,.T.);
#2653 = VERTEX_POINT('',#2654);
#2654 = CARTESIAN_POINT('',(-1.681869226732,3.74991342039,
    -2.211438613548));
#2655 = VERTEX_POINT('',#2656);
#2656 = CARTESIAN_POINT('',(-1.681869207062,3.74991345973,
    -2.661438613548));
#2657 = LINE('',#2658,#2659);
#2658 = CARTESIAN_POINT('',(-1.681869226732,3.74991342039,
    -2.211438613548));
#2659 = VECTOR('',#2660,1.);
#2660 = DIRECTION('',(4.371138828674E-08,8.742277466279E-08,-1.));
#2661 = ORIENTED_EDGE('',*,*,#2662,.F.);
#2662 = EDGE_CURVE('',#2663,#2653,#2665,.T.);
#2663 = VERTEX_POINT('',#2664);
#2664 = CARTESIAN_POINT('',(-1.98186921799,3.949912922798,
    -2.211438609176));
#2665 = LINE('',#2666,#2667);
#2666 = CARTESIAN_POINT('',(-1.98186921799,3.949912922798,
    -2.211438609176));
#2667 = VECTOR('',#2668,1.);
#2668 = DIRECTION('',(0.832050923833,-0.554699251981,-1.21232467056E-08)
  );
#2669 = ORIENTED_EDGE('',*,*,#2670,.T.);
#2670 = EDGE_CURVE('',#2663,#2671,#2673,.T.);
#2671 = VERTEX_POINT('',#2672);
#2672 = CARTESIAN_POINT('',(-1.98186919832,3.949912962139,
    -2.661438609176));
#2673 = LINE('',#2674,#2675);
#2674 = CARTESIAN_POINT('',(-1.98186921799,3.949912922798,
    -2.211438609176));
#2675 = VECTOR('',#2676,1.);
#2676 = DIRECTION('',(4.371138828674E-08,8.742277466279E-08,-1.));
#2677 = ORIENTED_EDGE('',*,*,#2678,.F.);
#2678 = EDGE_CURVE('',#2655,#2671,#2679,.T.);
#2679 = LINE('',#2680,#2681);
#2680 = CARTESIAN_POINT('',(-1.681869207062,3.74991345973,
    -2.661438613548));
#2681 = VECTOR('',#2682,1.);
#2682 = DIRECTION('',(-0.832050923833,0.554699251981,1.21232467056E-08)
  );
#2683 = PLANE('',#2684);
#2684 = AXIS2_PLACEMENT_3D('',#2685,#2686,#2687);
#2685 = CARTESIAN_POINT('',(-1.831869212526,3.849913191265,
    -2.436438611362));
#2686 = DIRECTION('',(-0.554699251981,-0.832050923833,
    -9.698687480794E-08));
#2687 = DIRECTION('',(-4.371138828674E-08,-8.742277466279E-08,1.));
#2688 = ADVANCED_FACE('',(#2689),#2723,.T.);
#2689 = FACE_BOUND('',#2690,.T.);
#2690 = EDGE_LOOP('',(#2691,#2701,#2709,#2717));
#2691 = ORIENTED_EDGE('',*,*,#2692,.F.);
#2692 = EDGE_CURVE('',#2693,#2695,#2697,.T.);
#2693 = VERTEX_POINT('',#2694);
#2694 = CARTESIAN_POINT('',(-1.381869211433,3.749913437875,
    -2.561438600434));
#2695 = VERTEX_POINT('',#2696);
#2696 = CARTESIAN_POINT('',(-1.381868988505,8.849913437875,
    -2.561438154578));
#2697 = LINE('',#2698,#2699);
#2698 = CARTESIAN_POINT('',(-1.381869211433,3.749913437875,
    -2.561438600434));
#2699 = VECTOR('',#2700,1.);
#2700 = DIRECTION('',(4.371138828674E-08,1.,8.742277657348E-08));
#2701 = ORIENTED_EDGE('',*,*,#2702,.F.);
#2702 = EDGE_CURVE('',#2703,#2693,#2705,.T.);
#2703 = VERTEX_POINT('',#2704);
#2704 = CARTESIAN_POINT('',(-1.491671207062,3.749913451416,
    -2.661438605234));
#2705 = LINE('',#2706,#2707);
#2706 = CARTESIAN_POINT('',(-1.491671207062,3.749913451416,
    -2.661438605234));
#2707 = VECTOR('',#2708,1.);
#2708 = DIRECTION('',(0.739336486001,-9.118233933738E-08,0.673336142255)
  );
#2709 = ORIENTED_EDGE('',*,*,#2710,.T.);
#2710 = EDGE_CURVE('',#2703,#2711,#2713,.T.);
#2711 = VERTEX_POINT('',#2712);
#2712 = CARTESIAN_POINT('',(-1.491670984134,8.849913451416,
    -2.661438159378));
#2713 = LINE('',#2714,#2715);
#2714 = CARTESIAN_POINT('',(-1.491671207062,3.749913451416,
    -2.661438605234));
#2715 = VECTOR('',#2716,1.);
#2716 = DIRECTION('',(4.371138828674E-08,1.,8.742277657348E-08));
#2717 = ORIENTED_EDGE('',*,*,#2718,.F.);
#2718 = EDGE_CURVE('',#2695,#2711,#2719,.T.);
#2719 = LINE('',#2720,#2721);
#2720 = CARTESIAN_POINT('',(-1.381868988505,8.849913437875,
    -2.561438154578));
#2721 = VECTOR('',#2722,1.);
#2722 = DIRECTION('',(-0.739336486001,9.118233933738E-08,-0.673336142255
    ));
#2723 = PLANE('',#2724);
#2724 = AXIS2_PLACEMENT_3D('',#2725,#2726,#2727);
#2725 = CARTESIAN_POINT('',(-1.381868988505,8.849913437875,
    -2.561438154578));
#2726 = DIRECTION('',(0.673336142255,3.520239086671E-08,-0.739336486001)
  );
#2727 = DIRECTION('',(-4.371138828674E-08,-1.,-8.742277657348E-08));
#2728 = ADVANCED_FACE('',(#2729,#2783),#2790,.T.);
#2729 = FACE_BOUND('',#2730,.T.);
#2730 = EDGE_LOOP('',(#2731,#2739,#2747,#2753,#2754,#2760,#2761,#2767,
    #2768,#2776));
#2731 = ORIENTED_EDGE('',*,*,#2732,.T.);
#2732 = EDGE_CURVE('',#2733,#2547,#2735,.T.);
#2733 = VERTEX_POINT('',#2734);
#2734 = CARTESIAN_POINT('',(-0.581869220175,3.749913385421,
    -2.361438565465));
#2735 = LINE('',#2736,#2737);
#2736 = CARTESIAN_POINT('',(-0.581869220175,3.749913385421,
    -2.361438565465));
#2737 = VECTOR('',#2738,1.);
#2738 = DIRECTION('',(-4.371138828674E-08,-8.742277466279E-08,1.));
#2739 = ORIENTED_EDGE('',*,*,#2740,.T.);
#2740 = EDGE_CURVE('',#2547,#2741,#2743,.T.);
#2741 = VERTEX_POINT('',#2742);
#2742 = CARTESIAN_POINT('',(-0.581869235474,3.749913354823,
    -2.011438565465));
#2743 = LINE('',#2744,#2745);
#2744 = CARTESIAN_POINT('',(-0.581869225639,3.749913374493,
    -2.236438565465));
#2745 = VECTOR('',#2746,1.);
#2746 = DIRECTION('',(-4.371138828674E-08,-8.742277466279E-08,1.));
#2747 = ORIENTED_EDGE('',*,*,#2748,.T.);
#2748 = EDGE_CURVE('',#2741,#2631,#2749,.T.);
#2749 = LINE('',#2750,#2751);
#2750 = CARTESIAN_POINT('',(-0.581869235474,3.749913354823,
    -2.011438565465));
#2751 = VECTOR('',#2752,1.);
#2752 = DIRECTION('',(-1.,4.371139210811E-08,-4.371138446537E-08));
#2753 = ORIENTED_EDGE('',*,*,#2630,.T.);
#2754 = ORIENTED_EDGE('',*,*,#2755,.F.);
#2755 = EDGE_CURVE('',#2653,#2623,#2756,.T.);
#2756 = LINE('',#2757,#2758);
#2757 = CARTESIAN_POINT('',(-1.681869226732,3.74991342039,
    -2.211438613548));
#2758 = VECTOR('',#2759,1.);
#2759 = DIRECTION('',(1.,-4.371139210811E-08,4.371138446537E-08));
#2760 = ORIENTED_EDGE('',*,*,#2652,.T.);
#2761 = ORIENTED_EDGE('',*,*,#2762,.T.);
#2762 = EDGE_CURVE('',#2655,#2703,#2763,.T.);
#2763 = LINE('',#2764,#2765);
#2764 = CARTESIAN_POINT('',(-1.681869207062,3.74991345973,
    -2.661438613548));
#2765 = VECTOR('',#2766,1.);
#2766 = DIRECTION('',(1.,-4.371139210811E-08,4.371138446537E-08));
#2767 = ORIENTED_EDGE('',*,*,#2702,.T.);
#2768 = ORIENTED_EDGE('',*,*,#2769,.T.);
#2769 = EDGE_CURVE('',#2693,#2770,#2772,.T.);
#2770 = VERTEX_POINT('',#2771);
#2771 = CARTESIAN_POINT('',(-0.781869211433,3.749913411648,
    -2.561438574207));
#2772 = LINE('',#2773,#2774);
#2773 = CARTESIAN_POINT('',(-1.381869211433,3.749913437875,
    -2.561438600434));
#2774 = VECTOR('',#2775,1.);
#2775 = DIRECTION('',(1.,-4.371139210811E-08,4.371138446537E-08));
#2776 = ORIENTED_EDGE('',*,*,#2777,.T.);
#2777 = EDGE_CURVE('',#2770,#2733,#2778,.T.);
#2778 = CIRCLE('',#2779,0.2);
#2779 = AXIS2_PLACEMENT_3D('',#2780,#2781,#2782);
#2780 = CARTESIAN_POINT('',(-0.781869220175,3.749913394163,
    -2.361438574207));
#2781 = DIRECTION('',(-4.371138828674E-08,-1.,-8.742277657348E-08));
#2782 = DIRECTION('',(4.371138828674E-08,8.742277466279E-08,-1.));
#2783 = FACE_BOUND('',#2784,.T.);
#2784 = EDGE_LOOP('',(#2785,#2786,#2787,#2788,#2789));
#2785 = ORIENTED_EDGE('',*,*,#2558,.F.);
#2786 = ORIENTED_EDGE('',*,*,#2532,.F.);
#2787 = ORIENTED_EDGE('',*,*,#2507,.F.);
#2788 = ORIENTED_EDGE('',*,*,#2483,.F.);
#2789 = ORIENTED_EDGE('',*,*,#2546,.F.);
#2790 = PLANE('',#2791);
#2791 = AXIS2_PLACEMENT_3D('',#2792,#2793,#2794);
#2792 = CARTESIAN_POINT('',(1.85000074879,3.74991321705,-1.651438459165)
  );
#2793 = DIRECTION('',(-4.371138828674E-08,-1.,-8.742277657348E-08));
#2794 = DIRECTION('',(4.371138828674E-08,8.742277466279E-08,-1.));
#2795 = ADVANCED_FACE('',(#2796),#2832,.F.);
#2796 = FACE_BOUND('',#2797,.F.);
#2797 = EDGE_LOOP('',(#2798,#2808,#2817,#2825));
#2798 = ORIENTED_EDGE('',*,*,#2799,.T.);
#2799 = EDGE_CURVE('',#2800,#2802,#2804,.T.);
#2800 = VERTEX_POINT('',#2801);
#2801 = CARTESIAN_POINT('',(1.319773221121,7.974913299238,-2.32643811298
    ));
#2802 = VERTEX_POINT('',#2803);
#2803 = CARTESIAN_POINT('',(1.319773227678,8.124913299238,
    -2.326438099867));
#2804 = LINE('',#2805,#2806);
#2805 = CARTESIAN_POINT('',(1.319773221121,7.974913299238,-2.32643811298
    ));
#2806 = VECTOR('',#2807,1.);
#2807 = DIRECTION('',(4.371138828674E-08,1.,8.742277657348E-08));
#2808 = ORIENTED_EDGE('',*,*,#2809,.T.);
#2809 = EDGE_CURVE('',#2802,#2810,#2812,.T.);
#2810 = VERTEX_POINT('',#2811);
#2811 = CARTESIAN_POINT('',(1.329736009177,8.12491329574,-2.291414935695
    ));
#2812 = CIRCLE('',#2813,6.5E-02);
#2813 = AXIS2_PLACEMENT_3D('',#2814,#2815,#2816);
#2814 = CARTESIAN_POINT('',(1.26473749134,8.12491329862,-2.29185388778)
  );
#2815 = DIRECTION('',(-4.371138828674E-08,-1.,-8.742277657348E-08));
#2816 = DIRECTION('',(0.846703635974,9.503990854538E-09,-0.532064801343)
  );
#2817 = ORIENTED_EDGE('',*,*,#2818,.F.);
#2818 = EDGE_CURVE('',#2819,#2810,#2821,.T.);
#2819 = VERTEX_POINT('',#2820);
#2820 = CARTESIAN_POINT('',(1.32973600262,7.97491329574,-2.291414948809)
  );
#2821 = LINE('',#2822,#2823);
#2822 = CARTESIAN_POINT('',(1.32973600262,7.97491329574,-2.291414948809)
  );
#2823 = VECTOR('',#2824,1.);
#2824 = DIRECTION('',(4.371138828674E-08,1.,8.742277657348E-08));
#2825 = ORIENTED_EDGE('',*,*,#2826,.F.);
#2826 = EDGE_CURVE('',#2800,#2819,#2827,.T.);
#2827 = CIRCLE('',#2828,6.5E-02);
#2828 = AXIS2_PLACEMENT_3D('',#2829,#2830,#2831);
#2829 = CARTESIAN_POINT('',(1.264737484783,7.97491329862,-2.291853900893
    ));
#2830 = DIRECTION('',(-4.371138828674E-08,-1.,-8.742277657348E-08));
#2831 = DIRECTION('',(0.846703635974,9.503990854538E-09,-0.532064801343)
  );
#2832 = CYLINDRICAL_SURFACE('',#2833,6.5E-02);
#2833 = AXIS2_PLACEMENT_3D('',#2834,#2835,#2836);
#2834 = CARTESIAN_POINT('',(1.264737484783,7.97491329862,-2.291853900893
    ));
#2835 = DIRECTION('',(4.371138828674E-08,1.,8.742277657348E-08));
#2836 = DIRECTION('',(4.371138828674E-08,8.742277466279E-08,-1.));
#2837 = ADVANCED_FACE('',(#2838),#2863,.T.);
#2838 = FACE_BOUND('',#2839,.T.);
#2839 = EDGE_LOOP('',(#2840,#2850,#2856,#2857));
#2840 = ORIENTED_EDGE('',*,*,#2841,.T.);
#2841 = EDGE_CURVE('',#2842,#2844,#2846,.T.);
#2842 = VERTEX_POINT('',#2843);
#2843 = CARTESIAN_POINT('',(1.344943820122,7.974913295192,
    -2.292745441338));
#2844 = VERTEX_POINT('',#2845);
#2845 = CARTESIAN_POINT('',(1.344943826678,8.124913295192,
    -2.292745428224));
#2846 = LINE('',#2847,#2848);
#2847 = CARTESIAN_POINT('',(1.344943820122,7.974913295192,
    -2.292745441338));
#2848 = VECTOR('',#2849,1.);
#2849 = DIRECTION('',(4.371138828674E-08,1.,8.742277657348E-08));
#2850 = ORIENTED_EDGE('',*,*,#2851,.F.);
#2851 = EDGE_CURVE('',#2810,#2844,#2852,.T.);
#2852 = LINE('',#2853,#2854);
#2853 = CARTESIAN_POINT('',(1.329736009177,8.12491329574,-2.291414935695
    ));
#2854 = VECTOR('',#2855,1.);
#2855 = DIRECTION('',(0.996194806716,-3.592576952385E-08,
    -8.715450115399E-02));
#2856 = ORIENTED_EDGE('',*,*,#2818,.F.);
#2857 = ORIENTED_EDGE('',*,*,#2858,.T.);
#2858 = EDGE_CURVE('',#2819,#2842,#2859,.T.);
#2859 = LINE('',#2860,#2861);
#2860 = CARTESIAN_POINT('',(1.32973600262,7.97491329574,-2.291414948809)
  );
#2861 = VECTOR('',#2862,1.);
#2862 = DIRECTION('',(0.996194806716,-3.592576952385E-08,
    -8.715450115399E-02));
#2863 = PLANE('',#2864);
#2864 = AXIS2_PLACEMENT_3D('',#2865,#2866,#2867);
#2865 = CARTESIAN_POINT('',(1.32973600262,7.97491329574,-2.291414948809)
  );
#2866 = DIRECTION('',(8.715450115399E-02,-9.08997602521E-08,
    0.996194806716));
#2867 = DIRECTION('',(4.371138828674E-08,1.,8.742277657348E-08));
#2868 = ADVANCED_FACE('',(#2869),#2896,.T.);
#2869 = FACE_BOUND('',#2870,.T.);
#2870 = EDGE_LOOP('',(#2871,#2881,#2888,#2889));
#2871 = ORIENTED_EDGE('',*,*,#2872,.T.);
#2872 = EDGE_CURVE('',#2873,#2875,#2877,.T.);
#2873 = VERTEX_POINT('',#2874);
#2874 = CARTESIAN_POINT('',(1.37056228926,7.974913294928,-2.302537338385
    ));
#2875 = VERTEX_POINT('',#2876);
#2876 = CARTESIAN_POINT('',(1.370562295817,8.124913294928,
    -2.302537325271));
#2877 = LINE('',#2878,#2879);
#2878 = CARTESIAN_POINT('',(1.37056228926,7.974913294928,-2.302537338385
    ));
#2879 = VECTOR('',#2880,1.);
#2880 = DIRECTION('',(4.371138828674E-08,1.,8.742277657348E-08));
#2881 = ORIENTED_EDGE('',*,*,#2882,.F.);
#2882 = EDGE_CURVE('',#2844,#2875,#2883,.T.);
#2883 = CIRCLE('',#2884,5.E-02);
#2884 = AXIS2_PLACEMENT_3D('',#2885,#2886,#2887);
#2885 = CARTESIAN_POINT('',(1.340586101621,8.124913299737,-2.34255516856
    ));
#2886 = DIRECTION('',(4.371138828674E-08,1.,8.742277657348E-08));
#2887 = DIRECTION('',(8.715450115402E-02,-9.08997602521E-08,
    0.996194806716));
#2888 = ORIENTED_EDGE('',*,*,#2841,.F.);
#2889 = ORIENTED_EDGE('',*,*,#2890,.T.);
#2890 = EDGE_CURVE('',#2842,#2873,#2891,.T.);
#2891 = CIRCLE('',#2892,5.E-02);
#2892 = AXIS2_PLACEMENT_3D('',#2893,#2894,#2895);
#2893 = CARTESIAN_POINT('',(1.340586095064,7.974913299737,
    -2.342555181674));
#2894 = DIRECTION('',(4.371138828674E-08,1.,8.742277657348E-08));
#2895 = DIRECTION('',(8.715450115402E-02,-9.08997602521E-08,
    0.996194806716));
#2896 = CYLINDRICAL_SURFACE('',#2897,5.E-02);
#2897 = AXIS2_PLACEMENT_3D('',#2898,#2899,#2900);
#2898 = CARTESIAN_POINT('',(1.340586095064,7.974913299737,
    -2.342555181674));
#2899 = DIRECTION('',(4.371138828674E-08,1.,8.742277657348E-08));
#2900 = DIRECTION('',(4.371138828674E-08,8.742277466279E-08,-1.));
#2901 = ADVANCED_FACE('',(#2902),#2927,.T.);
#2902 = FACE_BOUND('',#2903,.T.);
#2903 = EDGE_LOOP('',(#2904,#2912,#2913,#2921));
#2904 = ORIENTED_EDGE('',*,*,#2905,.F.);
#2905 = EDGE_CURVE('',#2875,#2906,#2908,.T.);
#2906 = VERTEX_POINT('',#2907);
#2907 = CARTESIAN_POINT('',(1.402469525311,8.124913295623,
    -2.326438096252));
#2908 = LINE('',#2909,#2910);
#2909 = CARTESIAN_POINT('',(1.370562295817,8.124913294928,
    -2.302537325271));
#2910 = VECTOR('',#2911,1.);
#2911 = DIRECTION('',(0.800356865779,1.742733282715E-08,-0.599523883929)
  );
#2912 = ORIENTED_EDGE('',*,*,#2872,.F.);
#2913 = ORIENTED_EDGE('',*,*,#2914,.T.);
#2914 = EDGE_CURVE('',#2873,#2915,#2917,.T.);
#2915 = VERTEX_POINT('',#2916);
#2916 = CARTESIAN_POINT('',(1.402469518755,7.974913295623,
    -2.326438109366));
#2917 = LINE('',#2918,#2919);
#2918 = CARTESIAN_POINT('',(1.37056228926,7.974913294928,-2.302537338385
    ));
#2919 = VECTOR('',#2920,1.);
#2920 = DIRECTION('',(0.800356865779,1.742733282715E-08,-0.599523883929)
  );
#2921 = ORIENTED_EDGE('',*,*,#2922,.T.);
#2922 = EDGE_CURVE('',#2915,#2906,#2923,.T.);
#2923 = LINE('',#2924,#2925);
#2924 = CARTESIAN_POINT('',(1.402469518755,7.974913295623,
    -2.326438109366));
#2925 = VECTOR('',#2926,1.);
#2926 = DIRECTION('',(4.371138828674E-08,1.,8.742277657348E-08));
#2927 = PLANE('',#2928);
#2928 = AXIS2_PLACEMENT_3D('',#2929,#2930,#2931);
#2929 = CARTESIAN_POINT('',(1.37056228926,7.974913294928,-2.302537338385
    ));
#2930 = DIRECTION('',(0.599523883929,-9.61754407336E-08,0.800356865779)
  );
#2931 = DIRECTION('',(4.371138828674E-08,1.,8.742277657348E-08));
#2932 = ADVANCED_FACE('',(#2933),#2969,.F.);
#2933 = FACE_BOUND('',#2934,.F.);
#2934 = EDGE_LOOP('',(#2935,#2945,#2954,#2962));
#2935 = ORIENTED_EDGE('',*,*,#2936,.T.);
#2936 = EDGE_CURVE('',#2937,#2939,#2941,.T.);
#2937 = VERTEX_POINT('',#2938);
#2938 = CARTESIAN_POINT('',(1.319773199266,7.474913299238,
    -2.326438156692));
#2939 = VERTEX_POINT('',#2940);
#2940 = CARTESIAN_POINT('',(1.319773205822,7.624913299238,
    -2.326438143578));
#2941 = LINE('',#2942,#2943);
#2942 = CARTESIAN_POINT('',(1.319773199266,7.474913299238,
    -2.326438156692));
#2943 = VECTOR('',#2944,1.);
#2944 = DIRECTION('',(4.371138828674E-08,1.,8.742277657348E-08));
#2945 = ORIENTED_EDGE('',*,*,#2946,.T.);
#2946 = EDGE_CURVE('',#2939,#2947,#2949,.T.);
#2947 = VERTEX_POINT('',#2948);
#2948 = CARTESIAN_POINT('',(1.329735987321,7.62491329574,-2.291414979407
    ));
#2949 = CIRCLE('',#2950,6.5E-02);
#2950 = AXIS2_PLACEMENT_3D('',#2951,#2952,#2953);
#2951 = CARTESIAN_POINT('',(1.264737469484,7.62491329862,-2.291853931491
    ));
#2952 = DIRECTION('',(-4.371138828674E-08,-1.,-8.742277657348E-08));
#2953 = DIRECTION('',(0.846703635974,9.503990854538E-09,-0.532064801343)
  );
#2954 = ORIENTED_EDGE('',*,*,#2955,.F.);
#2955 = EDGE_CURVE('',#2956,#2947,#2958,.T.);
#2956 = VERTEX_POINT('',#2957);
#2957 = CARTESIAN_POINT('',(1.329735980765,7.47491329574,-2.29141499252)
  );
#2958 = LINE('',#2959,#2960);
#2959 = CARTESIAN_POINT('',(1.329735980765,7.47491329574,-2.29141499252)
  );
#2960 = VECTOR('',#2961,1.);
#2961 = DIRECTION('',(4.371138828674E-08,1.,8.742277657348E-08));
#2962 = ORIENTED_EDGE('',*,*,#2963,.F.);
#2963 = EDGE_CURVE('',#2937,#2956,#2964,.T.);
#2964 = CIRCLE('',#2965,6.5E-02);
#2965 = AXIS2_PLACEMENT_3D('',#2966,#2967,#2968);
#2966 = CARTESIAN_POINT('',(1.264737462927,7.47491329862,-2.291853944604
    ));
#2967 = DIRECTION('',(-4.371138828674E-08,-1.,-8.742277657348E-08));
#2968 = DIRECTION('',(0.846703635974,9.503990854538E-09,-0.532064801343)
  );
#2969 = CYLINDRICAL_SURFACE('',#2970,6.5E-02);
#2970 = AXIS2_PLACEMENT_3D('',#2971,#2972,#2973);
#2971 = CARTESIAN_POINT('',(1.264737462927,7.47491329862,-2.291853944604
    ));
#2972 = DIRECTION('',(4.371138828674E-08,1.,8.742277657348E-08));
#2973 = DIRECTION('',(4.371138828674E-08,8.742277466279E-08,-1.));
#2974 = ADVANCED_FACE('',(#2975),#3000,.T.);
#2975 = FACE_BOUND('',#2976,.T.);
#2976 = EDGE_LOOP('',(#2977,#2987,#2993,#2994));
#2977 = ORIENTED_EDGE('',*,*,#2978,.T.);
#2978 = EDGE_CURVE('',#2979,#2981,#2983,.T.);
#2979 = VERTEX_POINT('',#2980);
#2980 = CARTESIAN_POINT('',(1.344943798266,7.474913295192,
    -2.292745485049));
#2981 = VERTEX_POINT('',#2982);
#2982 = CARTESIAN_POINT('',(1.344943804823,7.624913295192,
    -2.292745471936));
#2983 = LINE('',#2984,#2985);
#2984 = CARTESIAN_POINT('',(1.344943798266,7.474913295192,
    -2.292745485049));
#2985 = VECTOR('',#2986,1.);
#2986 = DIRECTION('',(4.371138828674E-08,1.,8.742277657348E-08));
#2987 = ORIENTED_EDGE('',*,*,#2988,.F.);
#2988 = EDGE_CURVE('',#2947,#2981,#2989,.T.);
#2989 = LINE('',#2990,#2991);
#2990 = CARTESIAN_POINT('',(1.329735987321,7.62491329574,-2.291414979407
    ));
#2991 = VECTOR('',#2992,1.);
#2992 = DIRECTION('',(0.996194806716,-3.592576952385E-08,
    -8.715450115399E-02));
#2993 = ORIENTED_EDGE('',*,*,#2955,.F.);
#2994 = ORIENTED_EDGE('',*,*,#2995,.T.);
#2995 = EDGE_CURVE('',#2956,#2979,#2996,.T.);
#2996 = LINE('',#2997,#2998);
#2997 = CARTESIAN_POINT('',(1.329735980765,7.47491329574,-2.29141499252)
  );
#2998 = VECTOR('',#2999,1.);
#2999 = DIRECTION('',(0.996194806716,-3.592576952385E-08,
    -8.715450115399E-02));
#3000 = PLANE('',#3001);
#3001 = AXIS2_PLACEMENT_3D('',#3002,#3003,#3004);
#3002 = CARTESIAN_POINT('',(1.329735980765,7.47491329574,-2.29141499252)
  );
#3003 = DIRECTION('',(8.715450115399E-02,-9.08997602521E-08,
    0.996194806716));
#3004 = DIRECTION('',(4.371138828674E-08,1.,8.742277657348E-08));
#3005 = ADVANCED_FACE('',(#3006),#3033,.T.);
#3006 = FACE_BOUND('',#3007,.T.);
#3007 = EDGE_LOOP('',(#3008,#3018,#3025,#3026));
#3008 = ORIENTED_EDGE('',*,*,#3009,.T.);
#3009 = EDGE_CURVE('',#3010,#3012,#3014,.T.);
#3010 = VERTEX_POINT('',#3011);
#3011 = CARTESIAN_POINT('',(1.370562267405,7.474913294928,
    -2.302537382096));
#3012 = VERTEX_POINT('',#3013);
#3013 = CARTESIAN_POINT('',(1.370562273961,7.624913294928,
    -2.302537368983));
#3014 = LINE('',#3015,#3016);
#3015 = CARTESIAN_POINT('',(1.370562267405,7.474913294928,
    -2.302537382096));
#3016 = VECTOR('',#3017,1.);
#3017 = DIRECTION('',(4.371138828674E-08,1.,8.742277657348E-08));
#3018 = ORIENTED_EDGE('',*,*,#3019,.F.);
#3019 = EDGE_CURVE('',#2981,#3012,#3020,.T.);
#3020 = CIRCLE('',#3021,5.E-02);
#3021 = AXIS2_PLACEMENT_3D('',#3022,#3023,#3024);
#3022 = CARTESIAN_POINT('',(1.340586079765,7.624913299737,
    -2.342555212272));
#3023 = DIRECTION('',(4.371138828674E-08,1.,8.742277657348E-08));
#3024 = DIRECTION('',(8.715450115402E-02,-9.08997602521E-08,
    0.996194806716));
#3025 = ORIENTED_EDGE('',*,*,#2978,.F.);
#3026 = ORIENTED_EDGE('',*,*,#3027,.T.);
#3027 = EDGE_CURVE('',#2979,#3010,#3028,.T.);
#3028 = CIRCLE('',#3029,5.E-02);
#3029 = AXIS2_PLACEMENT_3D('',#3030,#3031,#3032);
#3030 = CARTESIAN_POINT('',(1.340586073208,7.474913299737,
    -2.342555225385));
#3031 = DIRECTION('',(4.371138828674E-08,1.,8.742277657348E-08));
#3032 = DIRECTION('',(8.715450115402E-02,-9.08997602521E-08,
    0.996194806716));
#3033 = CYLINDRICAL_SURFACE('',#3034,5.E-02);
#3034 = AXIS2_PLACEMENT_3D('',#3035,#3036,#3037);
#3035 = CARTESIAN_POINT('',(1.340586073208,7.474913299737,
    -2.342555225385));
#3036 = DIRECTION('',(4.371138828674E-08,1.,8.742277657348E-08));
#3037 = DIRECTION('',(4.371138828674E-08,8.742277466279E-08,-1.));
#3038 = ADVANCED_FACE('',(#3039),#3064,.T.);
#3039 = FACE_BOUND('',#3040,.T.);
#3040 = EDGE_LOOP('',(#3041,#3049,#3050,#3058));
#3041 = ORIENTED_EDGE('',*,*,#3042,.F.);
#3042 = EDGE_CURVE('',#3012,#3043,#3045,.T.);
#3043 = VERTEX_POINT('',#3044);
#3044 = CARTESIAN_POINT('',(1.402469503456,7.624913295623,
    -2.326438139964));
#3045 = LINE('',#3046,#3047);
#3046 = CARTESIAN_POINT('',(1.370562273961,7.624913294928,
    -2.302537368983));
#3047 = VECTOR('',#3048,1.);
#3048 = DIRECTION('',(0.800356865779,1.742733282715E-08,-0.599523883929)
  );
#3049 = ORIENTED_EDGE('',*,*,#3009,.F.);
#3050 = ORIENTED_EDGE('',*,*,#3051,.T.);
#3051 = EDGE_CURVE('',#3010,#3052,#3054,.T.);
#3052 = VERTEX_POINT('',#3053);
#3053 = CARTESIAN_POINT('',(1.402469496899,7.474913295623,
    -2.326438153077));
#3054 = LINE('',#3055,#3056);
#3055 = CARTESIAN_POINT('',(1.370562267405,7.474913294928,
    -2.302537382096));
#3056 = VECTOR('',#3057,1.);
#3057 = DIRECTION('',(0.800356865779,1.742733282715E-08,-0.599523883929)
  );
#3058 = ORIENTED_EDGE('',*,*,#3059,.T.);
#3059 = EDGE_CURVE('',#3052,#3043,#3060,.T.);
#3060 = LINE('',#3061,#3062);
#3061 = CARTESIAN_POINT('',(1.402469496899,7.474913295623,
    -2.326438153077));
#3062 = VECTOR('',#3063,1.);
#3063 = DIRECTION('',(4.371138828674E-08,1.,8.742277657348E-08));
#3064 = PLANE('',#3065);
#3065 = AXIS2_PLACEMENT_3D('',#3066,#3067,#3068);
#3066 = CARTESIAN_POINT('',(1.370562267405,7.474913294928,
    -2.302537382096));
#3067 = DIRECTION('',(0.599523883929,-9.61754407336E-08,0.800356865779)
  );
#3068 = DIRECTION('',(4.371138828674E-08,1.,8.742277657348E-08));
#3069 = ADVANCED_FACE('',(#3070),#3104,.T.);
#3070 = FACE_BOUND('',#3071,.T.);
#3071 = EDGE_LOOP('',(#3072,#3082,#3090,#3098));
#3072 = ORIENTED_EDGE('',*,*,#3073,.T.);
#3073 = EDGE_CURVE('',#3074,#3076,#3078,.T.);
#3074 = VERTEX_POINT('',#3075);
#3075 = CARTESIAN_POINT('',(1.537247430179,7.474913252577,
    -1.901438147186));
#3076 = VERTEX_POINT('',#3077);
#3077 = CARTESIAN_POINT('',(1.367268254717,7.474913267416,
    -1.986185040322));
#3078 = LINE('',#3079,#3080);
#3079 = CARTESIAN_POINT('',(1.537247430179,7.474913252577,
    -1.901438147186));
#3080 = VECTOR('',#3081,1.);
#3081 = DIRECTION('',(-0.894937720165,7.812623299572E-08,-0.446191076811
    ));
#3082 = ORIENTED_EDGE('',*,*,#3083,.T.);
#3083 = EDGE_CURVE('',#3076,#3084,#3086,.T.);
#3084 = VERTEX_POINT('',#3085);
#3085 = CARTESIAN_POINT('',(1.367268261274,7.624913267416,
    -1.986185027209));
#3086 = LINE('',#3087,#3088);
#3087 = CARTESIAN_POINT('',(1.367268254717,7.474913267416,
    -1.986185040322));
#3088 = VECTOR('',#3089,1.);
#3089 = DIRECTION('',(4.371138828674E-08,1.,8.742277657348E-08));
#3090 = ORIENTED_EDGE('',*,*,#3091,.F.);
#3091 = EDGE_CURVE('',#3092,#3084,#3094,.T.);
#3092 = VERTEX_POINT('',#3093);
#3093 = CARTESIAN_POINT('',(1.537247436736,7.624913252577,
    -1.901438134072));
#3094 = LINE('',#3095,#3096);
#3095 = CARTESIAN_POINT('',(1.537247436736,7.624913252577,
    -1.901438134072));
#3096 = VECTOR('',#3097,1.);
#3097 = DIRECTION('',(-0.894937720165,7.812623299572E-08,-0.446191076811
    ));
#3098 = ORIENTED_EDGE('',*,*,#3099,.F.);
#3099 = EDGE_CURVE('',#3074,#3092,#3100,.T.);
#3100 = LINE('',#3101,#3102);
#3101 = CARTESIAN_POINT('',(1.537247430179,7.474913252577,
    -1.901438147186));
#3102 = VECTOR('',#3103,1.);
#3103 = DIRECTION('',(4.371138828674E-08,1.,8.742277657348E-08));
#3104 = PLANE('',#3105);
#3105 = AXIS2_PLACEMENT_3D('',#3106,#3107,#3108);
#3106 = CARTESIAN_POINT('',(1.537247430179,7.474913252577,
    -1.901438147186));
#3107 = DIRECTION('',(0.446191076811,5.873430894859E-08,-0.894937720165)
  );
#3108 = DIRECTION('',(-4.371138828674E-08,-1.,-8.742277657348E-08));
#3109 = ADVANCED_FACE('',(#3110),#3137,.T.);
#3110 = FACE_BOUND('',#3111,.T.);
#3111 = EDGE_LOOP('',(#3112,#3122,#3129,#3130));
#3112 = ORIENTED_EDGE('',*,*,#3113,.T.);
#3113 = EDGE_CURVE('',#3114,#3116,#3118,.T.);
#3114 = VERTEX_POINT('',#3115);
#3115 = CARTESIAN_POINT('',(1.344958703062,7.47491326885,-1.991438154314
    ));
#3116 = VERTEX_POINT('',#3117);
#3117 = CARTESIAN_POINT('',(1.344958709619,7.62491326885,-1.991438141201
    ));
#3118 = LINE('',#3119,#3120);
#3119 = CARTESIAN_POINT('',(1.344958703062,7.47491326885,-1.991438154314
    ));
#3120 = VECTOR('',#3121,1.);
#3121 = DIRECTION('',(4.371138828674E-08,1.,8.742277657348E-08));
#3122 = ORIENTED_EDGE('',*,*,#3123,.F.);
#3123 = EDGE_CURVE('',#3084,#3116,#3124,.T.);
#3124 = CIRCLE('',#3125,5.E-02);
#3125 = AXIS2_PLACEMENT_3D('',#3126,#3127,#3128);
#3126 = CARTESIAN_POINT('',(1.344958707433,7.624913264479,
    -1.941438141201));
#3127 = DIRECTION('',(4.371138828674E-08,1.,8.742277657348E-08));
#3128 = DIRECTION('',(0.446191076811,5.87343089486E-08,-0.894937720165)
  );
#3129 = ORIENTED_EDGE('',*,*,#3083,.F.);
#3130 = ORIENTED_EDGE('',*,*,#3131,.T.);
#3131 = EDGE_CURVE('',#3076,#3114,#3132,.T.);
#3132 = CIRCLE('',#3133,5.E-02);
#3133 = AXIS2_PLACEMENT_3D('',#3134,#3135,#3136);
#3134 = CARTESIAN_POINT('',(1.344958700877,7.474913264479,
    -1.941438154314));
#3135 = DIRECTION('',(4.371138828674E-08,1.,8.742277657348E-08));
#3136 = DIRECTION('',(0.446191076811,5.87343089486E-08,-0.894937720165)
  );
#3137 = CYLINDRICAL_SURFACE('',#3138,5.E-02);
#3138 = AXIS2_PLACEMENT_3D('',#3139,#3140,#3141);
#3139 = CARTESIAN_POINT('',(1.344958700877,7.474913264479,
    -1.941438154314));
#3140 = DIRECTION('',(4.371138828674E-08,1.,8.742277657348E-08));
#3141 = DIRECTION('',(4.371138828674E-08,8.742277466279E-08,-1.));
#3142 = ADVANCED_FACE('',(#3143),#3168,.T.);
#3143 = FACE_BOUND('',#3144,.T.);
#3144 = EDGE_LOOP('',(#3145,#3155,#3161,#3162));
#3145 = ORIENTED_EDGE('',*,*,#3146,.T.);
#3146 = EDGE_CURVE('',#3147,#3149,#3151,.T.);
#3147 = VERTEX_POINT('',#3148);
#3148 = CARTESIAN_POINT('',(1.329737449796,7.474913269516,
    -1.991438154979));
#3149 = VERTEX_POINT('',#3150);
#3150 = CARTESIAN_POINT('',(1.329737456352,7.624913269516,
    -1.991438141866));
#3151 = LINE('',#3152,#3153);
#3152 = CARTESIAN_POINT('',(1.329737449796,7.474913269516,
    -1.991438154979));
#3153 = VECTOR('',#3154,1.);
#3154 = DIRECTION('',(4.371138828674E-08,1.,8.742277657348E-08));
#3155 = ORIENTED_EDGE('',*,*,#3156,.F.);
#3156 = EDGE_CURVE('',#3116,#3149,#3157,.T.);
#3157 = LINE('',#3158,#3159);
#3158 = CARTESIAN_POINT('',(1.344958709619,7.62491326885,-1.991438141201
    ));
#3159 = VECTOR('',#3160,1.);
#3160 = DIRECTION('',(-1.,4.371139210811E-08,-4.371138446537E-08));
#3161 = ORIENTED_EDGE('',*,*,#3113,.F.);
#3162 = ORIENTED_EDGE('',*,*,#3163,.T.);
#3163 = EDGE_CURVE('',#3114,#3147,#3164,.T.);
#3164 = LINE('',#3165,#3166);
#3165 = CARTESIAN_POINT('',(1.344958703062,7.47491326885,-1.991438154314
    ));
#3166 = VECTOR('',#3167,1.);
#3167 = DIRECTION('',(-1.,4.371139210811E-08,-4.371138446537E-08));
#3168 = PLANE('',#3169);
#3169 = AXIS2_PLACEMENT_3D('',#3170,#3171,#3172);
#3170 = CARTESIAN_POINT('',(1.344958703062,7.47491326885,-1.991438154314
    ));
#3171 = DIRECTION('',(4.371138828674E-08,8.742277466279E-08,-1.));
#3172 = DIRECTION('',(-4.371138828674E-08,-1.,-8.742277657348E-08));
#3173 = ADVANCED_FACE('',(#3174),#3201,.F.);
#3174 = FACE_BOUND('',#3175,.F.);
#3175 = EDGE_LOOP('',(#3176,#3185,#3186,#3195));
#3176 = ORIENTED_EDGE('',*,*,#3177,.F.);
#3177 = EDGE_CURVE('',#3147,#3178,#3180,.T.);
#3178 = VERTEX_POINT('',#3179);
#3179 = CARTESIAN_POINT('',(1.264411857144,7.474913266689,
    -1.926438973292));
#3180 = CIRCLE('',#3181,6.5E-02);
#3181 = AXIS2_PLACEMENT_3D('',#3182,#3183,#3184);
#3182 = CARTESIAN_POINT('',(1.264737449796,7.474913272357,
    -1.991438157821));
#3183 = DIRECTION('',(-4.371138828674E-08,-1.,-8.742277657348E-08));
#3184 = DIRECTION('',(1.,-4.371139210811E-08,4.371138446537E-08));
#3185 = ORIENTED_EDGE('',*,*,#3146,.T.);
#3186 = ORIENTED_EDGE('',*,*,#3187,.T.);
#3187 = EDGE_CURVE('',#3149,#3188,#3190,.T.);
#3188 = VERTEX_POINT('',#3189);
#3189 = CARTESIAN_POINT('',(1.264411863701,7.624913266689,
    -1.926438960178));
#3190 = CIRCLE('',#3191,6.5E-02);
#3191 = AXIS2_PLACEMENT_3D('',#3192,#3193,#3194);
#3192 = CARTESIAN_POINT('',(1.264737456352,7.624913272357,
    -1.991438144707));
#3193 = DIRECTION('',(-4.371138828674E-08,-1.,-8.742277657348E-08));
#3194 = DIRECTION('',(1.,-4.371139210811E-08,4.371138446537E-08));
#3195 = ORIENTED_EDGE('',*,*,#3196,.F.);
#3196 = EDGE_CURVE('',#3178,#3188,#3197,.T.);
#3197 = LINE('',#3198,#3199);
#3198 = CARTESIAN_POINT('',(1.264411857144,7.474913266689,
    -1.926438973292));
#3199 = VECTOR('',#3200,1.);
#3200 = DIRECTION('',(4.371138828674E-08,1.,8.742277657348E-08));
#3201 = CYLINDRICAL_SURFACE('',#3202,6.5E-02);
#3202 = AXIS2_PLACEMENT_3D('',#3203,#3204,#3205);
#3203 = CARTESIAN_POINT('',(1.264737449796,7.474913272357,
    -1.991438157821));
#3204 = DIRECTION('',(4.371138828674E-08,1.,8.742277657348E-08));
#3205 = DIRECTION('',(4.371138828674E-08,8.742277466279E-08,-1.));
#3206 = ADVANCED_FACE('',(#3207),#3232,.T.);
#3207 = FACE_BOUND('',#3208,.T.);
#3208 = EDGE_LOOP('',(#3209,#3217,#3218,#3226));
#3209 = ORIENTED_EDGE('',*,*,#3210,.F.);
#3210 = EDGE_CURVE('',#3188,#3211,#3213,.T.);
#3211 = VERTEX_POINT('',#3212);
#3212 = CARTESIAN_POINT('',(0.946052110234,7.624913280744,
    -1.928033681667));
#3213 = LINE('',#3214,#3215);
#3214 = CARTESIAN_POINT('',(1.264411863701,7.624913266689,
    -1.926438960178));
#3215 = VECTOR('',#3216,1.);
#3216 = DIRECTION('',(-0.999987454291,4.414875087538E-08,
    -5.009117716878E-03));
#3217 = ORIENTED_EDGE('',*,*,#3196,.F.);
#3218 = ORIENTED_EDGE('',*,*,#3219,.T.);
#3219 = EDGE_CURVE('',#3178,#3220,#3222,.T.);
#3220 = VERTEX_POINT('',#3221);
#3221 = CARTESIAN_POINT('',(0.946052103677,7.474913280744,-1.92803369478
    ));
#3222 = LINE('',#3223,#3224);
#3223 = CARTESIAN_POINT('',(1.264411857144,7.474913266689,
    -1.926438973292));
#3224 = VECTOR('',#3225,1.);
#3225 = DIRECTION('',(-0.999987454291,4.414875087538E-08,
    -5.009117716878E-03));
#3226 = ORIENTED_EDGE('',*,*,#3227,.T.);
#3227 = EDGE_CURVE('',#3220,#3211,#3228,.T.);
#3228 = LINE('',#3229,#3230);
#3229 = CARTESIAN_POINT('',(0.946052103677,7.474913280744,-1.92803369478
    ));
#3230 = VECTOR('',#3231,1.);
#3231 = DIRECTION('',(4.371138828674E-08,1.,8.742277657348E-08));
#3232 = PLANE('',#3233);
#3233 = AXIS2_PLACEMENT_3D('',#3234,#3235,#3236);
#3234 = CARTESIAN_POINT('',(1.264411857144,7.474913266689,
    -1.926438973292));
#3235 = DIRECTION('',(5.009117716882E-03,8.720272430328E-08,
    -0.999987454291));
#3236 = DIRECTION('',(-4.371138828674E-08,-1.,-8.742277657348E-08));
#3237 = ADVANCED_FACE('',(#3238),#3272,.T.);
#3238 = FACE_BOUND('',#3239,.T.);
#3239 = EDGE_LOOP('',(#3240,#3250,#3258,#3266));
#3240 = ORIENTED_EDGE('',*,*,#3241,.T.);
#3241 = EDGE_CURVE('',#3242,#3244,#3246,.T.);
#3242 = VERTEX_POINT('',#3243);
#3243 = CARTESIAN_POINT('',(1.537247408323,6.974913252577,
    -1.901438190897));
#3244 = VERTEX_POINT('',#3245);
#3245 = CARTESIAN_POINT('',(1.367268232862,6.974913267416,
    -1.986185084034));
#3246 = LINE('',#3247,#3248);
#3247 = CARTESIAN_POINT('',(1.537247408323,6.974913252577,
    -1.901438190897));
#3248 = VECTOR('',#3249,1.);
#3249 = DIRECTION('',(-0.894937720165,7.812623299572E-08,-0.446191076811
    ));
#3250 = ORIENTED_EDGE('',*,*,#3251,.T.);
#3251 = EDGE_CURVE('',#3244,#3252,#3254,.T.);
#3252 = VERTEX_POINT('',#3253);
#3253 = CARTESIAN_POINT('',(1.367268239418,7.124913267416,-1.98618507092
    ));
#3254 = LINE('',#3255,#3256);
#3255 = CARTESIAN_POINT('',(1.367268232862,6.974913267416,
    -1.986185084034));
#3256 = VECTOR('',#3257,1.);
#3257 = DIRECTION('',(4.371138828674E-08,1.,8.742277657348E-08));
#3258 = ORIENTED_EDGE('',*,*,#3259,.F.);
#3259 = EDGE_CURVE('',#3260,#3252,#3262,.T.);
#3260 = VERTEX_POINT('',#3261);
#3261 = CARTESIAN_POINT('',(1.53724741488,7.124913252577,-1.901438177784
    ));
#3262 = LINE('',#3263,#3264);
#3263 = CARTESIAN_POINT('',(1.53724741488,7.124913252577,-1.901438177784
    ));
#3264 = VECTOR('',#3265,1.);
#3265 = DIRECTION('',(-0.894937720165,7.812623299572E-08,-0.446191076811
    ));
#3266 = ORIENTED_EDGE('',*,*,#3267,.F.);
#3267 = EDGE_CURVE('',#3242,#3260,#3268,.T.);
#3268 = LINE('',#3269,#3270);
#3269 = CARTESIAN_POINT('',(1.537247408323,6.974913252577,
    -1.901438190897));
#3270 = VECTOR('',#3271,1.);
#3271 = DIRECTION('',(4.371138828674E-08,1.,8.742277657348E-08));
#3272 = PLANE('',#3273);
#3273 = AXIS2_PLACEMENT_3D('',#3274,#3275,#3276);
#3274 = CARTESIAN_POINT('',(1.537247408323,6.974913252577,
    -1.901438190897));
#3275 = DIRECTION('',(0.446191076811,5.873430894859E-08,-0.894937720165)
  );
#3276 = DIRECTION('',(-4.371138828674E-08,-1.,-8.742277657348E-08));
#3277 = ADVANCED_FACE('',(#3278),#3305,.T.);
#3278 = FACE_BOUND('',#3279,.T.);
#3279 = EDGE_LOOP('',(#3280,#3290,#3297,#3298));
#3280 = ORIENTED_EDGE('',*,*,#3281,.T.);
#3281 = EDGE_CURVE('',#3282,#3284,#3286,.T.);
#3282 = VERTEX_POINT('',#3283);
#3283 = CARTESIAN_POINT('',(1.344958681207,6.97491326885,-1.991438198025
    ));
#3284 = VERTEX_POINT('',#3285);
#3285 = CARTESIAN_POINT('',(1.344958687763,7.12491326885,-1.991438184912
    ));
#3286 = LINE('',#3287,#3288);
#3287 = CARTESIAN_POINT('',(1.344958681207,6.97491326885,-1.991438198025
    ));
#3288 = VECTOR('',#3289,1.);
#3289 = DIRECTION('',(4.371138828674E-08,1.,8.742277657348E-08));
#3290 = ORIENTED_EDGE('',*,*,#3291,.F.);
#3291 = EDGE_CURVE('',#3252,#3284,#3292,.T.);
#3292 = CIRCLE('',#3293,5.E-02);
#3293 = AXIS2_PLACEMENT_3D('',#3294,#3295,#3296);
#3294 = CARTESIAN_POINT('',(1.344958685578,7.124913264479,
    -1.941438184912));
#3295 = DIRECTION('',(4.371138828674E-08,1.,8.742277657348E-08));
#3296 = DIRECTION('',(0.446191076811,5.87343089486E-08,-0.894937720165)
  );
#3297 = ORIENTED_EDGE('',*,*,#3251,.F.);
#3298 = ORIENTED_EDGE('',*,*,#3299,.T.);
#3299 = EDGE_CURVE('',#3244,#3282,#3300,.T.);
#3300 = CIRCLE('',#3301,5.E-02);
#3301 = AXIS2_PLACEMENT_3D('',#3302,#3303,#3304);
#3302 = CARTESIAN_POINT('',(1.344958679021,6.974913264479,
    -1.941438198025));
#3303 = DIRECTION('',(4.371138828674E-08,1.,8.742277657348E-08));
#3304 = DIRECTION('',(0.446191076811,5.87343089486E-08,-0.894937720165)
  );
#3305 = CYLINDRICAL_SURFACE('',#3306,5.E-02);
#3306 = AXIS2_PLACEMENT_3D('',#3307,#3308,#3309);
#3307 = CARTESIAN_POINT('',(1.344958679021,6.974913264479,
    -1.941438198025));
#3308 = DIRECTION('',(4.371138828674E-08,1.,8.742277657348E-08));
#3309 = DIRECTION('',(4.371138828674E-08,8.742277466279E-08,-1.));
#3310 = ADVANCED_FACE('',(#3311),#3336,.T.);
#3311 = FACE_BOUND('',#3312,.T.);
#3312 = EDGE_LOOP('',(#3313,#3323,#3329,#3330));
#3313 = ORIENTED_EDGE('',*,*,#3314,.T.);
#3314 = EDGE_CURVE('',#3315,#3317,#3319,.T.);
#3315 = VERTEX_POINT('',#3316);
#3316 = CARTESIAN_POINT('',(1.32973742794,6.974913269516,-1.991438198691
    ));
#3317 = VERTEX_POINT('',#3318);
#3318 = CARTESIAN_POINT('',(1.329737434497,7.124913269516,
    -1.991438185577));
#3319 = LINE('',#3320,#3321);
#3320 = CARTESIAN_POINT('',(1.32973742794,6.974913269516,-1.991438198691
    ));
#3321 = VECTOR('',#3322,1.);
#3322 = DIRECTION('',(4.371138828674E-08,1.,8.742277657348E-08));
#3323 = ORIENTED_EDGE('',*,*,#3324,.F.);
#3324 = EDGE_CURVE('',#3284,#3317,#3325,.T.);
#3325 = LINE('',#3326,#3327);
#3326 = CARTESIAN_POINT('',(1.344958687763,7.12491326885,-1.991438184912
    ));
#3327 = VECTOR('',#3328,1.);
#3328 = DIRECTION('',(-1.,4.371139210811E-08,-4.371138446537E-08));
#3329 = ORIENTED_EDGE('',*,*,#3281,.F.);
#3330 = ORIENTED_EDGE('',*,*,#3331,.T.);
#3331 = EDGE_CURVE('',#3282,#3315,#3332,.T.);
#3332 = LINE('',#3333,#3334);
#3333 = CARTESIAN_POINT('',(1.344958681207,6.97491326885,-1.991438198025
    ));
#3334 = VECTOR('',#3335,1.);
#3335 = DIRECTION('',(-1.,4.371139210811E-08,-4.371138446537E-08));
#3336 = PLANE('',#3337);
#3337 = AXIS2_PLACEMENT_3D('',#3338,#3339,#3340);
#3338 = CARTESIAN_POINT('',(1.344958681207,6.97491326885,-1.991438198025
    ));
#3339 = DIRECTION('',(4.371138828674E-08,8.742277466279E-08,-1.));
#3340 = DIRECTION('',(-4.371138828674E-08,-1.,-8.742277657348E-08));
#3341 = ADVANCED_FACE('',(#3342),#3369,.F.);
#3342 = FACE_BOUND('',#3343,.F.);
#3343 = EDGE_LOOP('',(#3344,#3353,#3354,#3363));
#3344 = ORIENTED_EDGE('',*,*,#3345,.F.);
#3345 = EDGE_CURVE('',#3315,#3346,#3348,.T.);
#3346 = VERTEX_POINT('',#3347);
#3347 = CARTESIAN_POINT('',(1.264411835288,6.974913266689,
    -1.926439017003));
#3348 = CIRCLE('',#3349,6.5E-02);
#3349 = AXIS2_PLACEMENT_3D('',#3350,#3351,#3352);
#3350 = CARTESIAN_POINT('',(1.26473742794,6.974913272357,-1.991438201532
    ));
#3351 = DIRECTION('',(-4.371138828674E-08,-1.,-8.742277657348E-08));
#3352 = DIRECTION('',(1.,-4.371139210811E-08,4.371138446537E-08));
#3353 = ORIENTED_EDGE('',*,*,#3314,.T.);
#3354 = ORIENTED_EDGE('',*,*,#3355,.T.);
#3355 = EDGE_CURVE('',#3317,#3356,#3358,.T.);
#3356 = VERTEX_POINT('',#3357);
#3357 = CARTESIAN_POINT('',(1.264411841845,7.124913266689,-1.92643900389
    ));
#3358 = CIRCLE('',#3359,6.5E-02);
#3359 = AXIS2_PLACEMENT_3D('',#3360,#3361,#3362);
#3360 = CARTESIAN_POINT('',(1.264737434497,7.124913272357,
    -1.991438188419));
#3361 = DIRECTION('',(-4.371138828674E-08,-1.,-8.742277657348E-08));
#3362 = DIRECTION('',(1.,-4.371139210811E-08,4.371138446537E-08));
#3363 = ORIENTED_EDGE('',*,*,#3364,.F.);
#3364 = EDGE_CURVE('',#3346,#3356,#3365,.T.);
#3365 = LINE('',#3366,#3367);
#3366 = CARTESIAN_POINT('',(1.264411835288,6.974913266689,
    -1.926439017003));
#3367 = VECTOR('',#3368,1.);
#3368 = DIRECTION('',(4.371138828674E-08,1.,8.742277657348E-08));
#3369 = CYLINDRICAL_SURFACE('',#3370,6.5E-02);
#3370 = AXIS2_PLACEMENT_3D('',#3371,#3372,#3373);
#3371 = CARTESIAN_POINT('',(1.26473742794,6.974913272357,-1.991438201532
    ));
#3372 = DIRECTION('',(4.371138828674E-08,1.,8.742277657348E-08));
#3373 = DIRECTION('',(4.371138828674E-08,8.742277466279E-08,-1.));
#3374 = ADVANCED_FACE('',(#3375),#3400,.T.);
#3375 = FACE_BOUND('',#3376,.T.);
#3376 = EDGE_LOOP('',(#3377,#3385,#3386,#3394));
#3377 = ORIENTED_EDGE('',*,*,#3378,.F.);
#3378 = EDGE_CURVE('',#3356,#3379,#3381,.T.);
#3379 = VERTEX_POINT('',#3380);
#3380 = CARTESIAN_POINT('',(0.946052088378,7.124913280744,
    -1.928033725378));
#3381 = LINE('',#3382,#3383);
#3382 = CARTESIAN_POINT('',(1.264411841845,7.124913266689,-1.92643900389
    ));
#3383 = VECTOR('',#3384,1.);
#3384 = DIRECTION('',(-0.999987454291,4.414875087538E-08,
    -5.009117716878E-03));
#3385 = ORIENTED_EDGE('',*,*,#3364,.F.);
#3386 = ORIENTED_EDGE('',*,*,#3387,.T.);
#3387 = EDGE_CURVE('',#3346,#3388,#3390,.T.);
#3388 = VERTEX_POINT('',#3389);
#3389 = CARTESIAN_POINT('',(0.946052081822,6.974913280744,
    -1.928033738491));
#3390 = LINE('',#3391,#3392);
#3391 = CARTESIAN_POINT('',(1.264411835288,6.974913266689,
    -1.926439017003));
#3392 = VECTOR('',#3393,1.);
#3393 = DIRECTION('',(-0.999987454291,4.414875087538E-08,
    -5.009117716878E-03));
#3394 = ORIENTED_EDGE('',*,*,#3395,.T.);
#3395 = EDGE_CURVE('',#3388,#3379,#3396,.T.);
#3396 = LINE('',#3397,#3398);
#3397 = CARTESIAN_POINT('',(0.946052081822,6.974913280744,
    -1.928033738491));
#3398 = VECTOR('',#3399,1.);
#3399 = DIRECTION('',(4.371138828674E-08,1.,8.742277657348E-08));
#3400 = PLANE('',#3401);
#3401 = AXIS2_PLACEMENT_3D('',#3402,#3403,#3404);
#3402 = CARTESIAN_POINT('',(1.264411835288,6.974913266689,
    -1.926439017003));
#3403 = DIRECTION('',(5.009117716882E-03,8.720272430328E-08,
    -0.999987454291));
#3404 = DIRECTION('',(-4.371138828674E-08,-1.,-8.742277657348E-08));
#3405 = ADVANCED_FACE('',(#3406),#3442,.F.);
#3406 = FACE_BOUND('',#3407,.F.);
#3407 = EDGE_LOOP('',(#3408,#3418,#3427,#3435));
#3408 = ORIENTED_EDGE('',*,*,#3409,.T.);
#3409 = EDGE_CURVE('',#3410,#3412,#3414,.T.);
#3410 = VERTEX_POINT('',#3411);
#3411 = CARTESIAN_POINT('',(1.31977317741,6.974913299238,-2.326438200403
    ));
#3412 = VERTEX_POINT('',#3413);
#3413 = CARTESIAN_POINT('',(1.319773183967,7.124913299238,-2.32643818729
    ));
#3414 = LINE('',#3415,#3416);
#3415 = CARTESIAN_POINT('',(1.31977317741,6.974913299238,-2.326438200403
    ));
#3416 = VECTOR('',#3417,1.);
#3417 = DIRECTION('',(4.371138828674E-08,1.,8.742277657348E-08));
#3418 = ORIENTED_EDGE('',*,*,#3419,.T.);
#3419 = EDGE_CURVE('',#3412,#3420,#3422,.T.);
#3420 = VERTEX_POINT('',#3421);
#3421 = CARTESIAN_POINT('',(1.329735965466,7.12491329574,-2.291415023118
    ));
#3422 = CIRCLE('',#3423,6.5E-02);
#3423 = AXIS2_PLACEMENT_3D('',#3424,#3425,#3426);
#3424 = CARTESIAN_POINT('',(1.264737447628,7.12491329862,-2.291853975202
    ));
#3425 = DIRECTION('',(-4.371138828674E-08,-1.,-8.742277657348E-08));
#3426 = DIRECTION('',(0.846703635974,9.503990854538E-09,-0.532064801343)
  );
#3427 = ORIENTED_EDGE('',*,*,#3428,.F.);
#3428 = EDGE_CURVE('',#3429,#3420,#3431,.T.);
#3429 = VERTEX_POINT('',#3430);
#3430 = CARTESIAN_POINT('',(1.329735958909,6.97491329574,-2.291415036231
    ));
#3431 = LINE('',#3432,#3433);
#3432 = CARTESIAN_POINT('',(1.329735958909,6.97491329574,-2.291415036231
    ));
#3433 = VECTOR('',#3434,1.);
#3434 = DIRECTION('',(4.371138828674E-08,1.,8.742277657348E-08));
#3435 = ORIENTED_EDGE('',*,*,#3436,.F.);
#3436 = EDGE_CURVE('',#3410,#3429,#3437,.T.);
#3437 = CIRCLE('',#3438,6.5E-02);
#3438 = AXIS2_PLACEMENT_3D('',#3439,#3440,#3441);
#3439 = CARTESIAN_POINT('',(1.264737441072,6.97491329862,-2.291853988316
    ));
#3440 = DIRECTION('',(-4.371138828674E-08,-1.,-8.742277657348E-08));
#3441 = DIRECTION('',(0.846703635974,9.503990854538E-09,-0.532064801343)
  );
#3442 = CYLINDRICAL_SURFACE('',#3443,6.5E-02);
#3443 = AXIS2_PLACEMENT_3D('',#3444,#3445,#3446);
#3444 = CARTESIAN_POINT('',(1.264737441072,6.97491329862,-2.291853988316
    ));
#3445 = DIRECTION('',(4.371138828674E-08,1.,8.742277657348E-08));
#3446 = DIRECTION('',(4.371138828674E-08,8.742277466279E-08,-1.));
#3447 = ADVANCED_FACE('',(#3448),#3473,.T.);
#3448 = FACE_BOUND('',#3449,.T.);
#3449 = EDGE_LOOP('',(#3450,#3460,#3466,#3467));
#3450 = ORIENTED_EDGE('',*,*,#3451,.T.);
#3451 = EDGE_CURVE('',#3452,#3454,#3456,.T.);
#3452 = VERTEX_POINT('',#3453);
#3453 = CARTESIAN_POINT('',(1.34494377641,6.974913295192,-2.292745528761
    ));
#3454 = VERTEX_POINT('',#3455);
#3455 = CARTESIAN_POINT('',(1.344943782967,7.124913295192,
    -2.292745515647));
#3456 = LINE('',#3457,#3458);
#3457 = CARTESIAN_POINT('',(1.34494377641,6.974913295192,-2.292745528761
    ));
#3458 = VECTOR('',#3459,1.);
#3459 = DIRECTION('',(4.371138828674E-08,1.,8.742277657348E-08));
#3460 = ORIENTED_EDGE('',*,*,#3461,.F.);
#3461 = EDGE_CURVE('',#3420,#3454,#3462,.T.);
#3462 = LINE('',#3463,#3464);
#3463 = CARTESIAN_POINT('',(1.329735965466,7.12491329574,-2.291415023118
    ));
#3464 = VECTOR('',#3465,1.);
#3465 = DIRECTION('',(0.996194806716,-3.592576952385E-08,
    -8.715450115399E-02));
#3466 = ORIENTED_EDGE('',*,*,#3428,.F.);
#3467 = ORIENTED_EDGE('',*,*,#3468,.T.);
#3468 = EDGE_CURVE('',#3429,#3452,#3469,.T.);
#3469 = LINE('',#3470,#3471);
#3470 = CARTESIAN_POINT('',(1.329735958909,6.97491329574,-2.291415036231
    ));
#3471 = VECTOR('',#3472,1.);
#3472 = DIRECTION('',(0.996194806716,-3.592576952385E-08,
    -8.715450115399E-02));
#3473 = PLANE('',#3474);
#3474 = AXIS2_PLACEMENT_3D('',#3475,#3476,#3477);
#3475 = CARTESIAN_POINT('',(1.329735958909,6.97491329574,-2.291415036231
    ));
#3476 = DIRECTION('',(8.715450115399E-02,-9.08997602521E-08,
    0.996194806716));
#3477 = DIRECTION('',(4.371138828674E-08,1.,8.742277657348E-08));
#3478 = ADVANCED_FACE('',(#3479),#3506,.T.);
#3479 = FACE_BOUND('',#3480,.T.);
#3480 = EDGE_LOOP('',(#3481,#3491,#3498,#3499));
#3481 = ORIENTED_EDGE('',*,*,#3482,.T.);
#3482 = EDGE_CURVE('',#3483,#3485,#3487,.T.);
#3483 = VERTEX_POINT('',#3484);
#3484 = CARTESIAN_POINT('',(1.370562245549,6.974913294928,
    -2.302537425808));
#3485 = VERTEX_POINT('',#3486);
#3486 = CARTESIAN_POINT('',(1.370562252106,7.124913294928,
    -2.302537412694));
#3487 = LINE('',#3488,#3489);
#3488 = CARTESIAN_POINT('',(1.370562245549,6.974913294928,
    -2.302537425808));
#3489 = VECTOR('',#3490,1.);
#3490 = DIRECTION('',(4.371138828674E-08,1.,8.742277657348E-08));
#3491 = ORIENTED_EDGE('',*,*,#3492,.F.);
#3492 = EDGE_CURVE('',#3454,#3485,#3493,.T.);
#3493 = CIRCLE('',#3494,5.E-02);
#3494 = AXIS2_PLACEMENT_3D('',#3495,#3496,#3497);
#3495 = CARTESIAN_POINT('',(1.340586057909,7.124913299737,
    -2.342555255983));
#3496 = DIRECTION('',(4.371138828674E-08,1.,8.742277657348E-08));
#3497 = DIRECTION('',(8.715450115402E-02,-9.08997602521E-08,
    0.996194806716));
#3498 = ORIENTED_EDGE('',*,*,#3451,.F.);
#3499 = ORIENTED_EDGE('',*,*,#3500,.T.);
#3500 = EDGE_CURVE('',#3452,#3483,#3501,.T.);
#3501 = CIRCLE('',#3502,5.E-02);
#3502 = AXIS2_PLACEMENT_3D('',#3503,#3504,#3505);
#3503 = CARTESIAN_POINT('',(1.340586051352,6.974913299737,
    -2.342555269097));
#3504 = DIRECTION('',(4.371138828674E-08,1.,8.742277657348E-08));
#3505 = DIRECTION('',(8.715450115402E-02,-9.08997602521E-08,
    0.996194806716));
#3506 = CYLINDRICAL_SURFACE('',#3507,5.E-02);
#3507 = AXIS2_PLACEMENT_3D('',#3508,#3509,#3510);
#3508 = CARTESIAN_POINT('',(1.340586051352,6.974913299737,
    -2.342555269097));
#3509 = DIRECTION('',(4.371138828674E-08,1.,8.742277657348E-08));
#3510 = DIRECTION('',(4.371138828674E-08,8.742277466279E-08,-1.));
#3511 = ADVANCED_FACE('',(#3512),#3537,.T.);
#3512 = FACE_BOUND('',#3513,.T.);
#3513 = EDGE_LOOP('',(#3514,#3522,#3523,#3531));
#3514 = ORIENTED_EDGE('',*,*,#3515,.F.);
#3515 = EDGE_CURVE('',#3485,#3516,#3518,.T.);
#3516 = VERTEX_POINT('',#3517);
#3517 = CARTESIAN_POINT('',(1.4024694816,7.124913295623,-2.326438183675)
  );
#3518 = LINE('',#3519,#3520);
#3519 = CARTESIAN_POINT('',(1.370562252106,7.124913294928,
    -2.302537412694));
#3520 = VECTOR('',#3521,1.);
#3521 = DIRECTION('',(0.800356865779,1.742733282715E-08,-0.599523883929)
  );
#3522 = ORIENTED_EDGE('',*,*,#3482,.F.);
#3523 = ORIENTED_EDGE('',*,*,#3524,.T.);
#3524 = EDGE_CURVE('',#3483,#3525,#3527,.T.);
#3525 = VERTEX_POINT('',#3526);
#3526 = CARTESIAN_POINT('',(1.402469475043,6.974913295623,
    -2.326438196788));
#3527 = LINE('',#3528,#3529);
#3528 = CARTESIAN_POINT('',(1.370562245549,6.974913294928,
    -2.302537425808));
#3529 = VECTOR('',#3530,1.);
#3530 = DIRECTION('',(0.800356865779,1.742733282715E-08,-0.599523883929)
  );
#3531 = ORIENTED_EDGE('',*,*,#3532,.T.);
#3532 = EDGE_CURVE('',#3525,#3516,#3533,.T.);
#3533 = LINE('',#3534,#3535);
#3534 = CARTESIAN_POINT('',(1.402469475043,6.974913295623,
    -2.326438196788));
#3535 = VECTOR('',#3536,1.);
#3536 = DIRECTION('',(4.371138828674E-08,1.,8.742277657348E-08));
#3537 = PLANE('',#3538);
#3538 = AXIS2_PLACEMENT_3D('',#3539,#3540,#3541);
#3539 = CARTESIAN_POINT('',(1.370562245549,6.974913294928,
    -2.302537425808));
#3540 = DIRECTION('',(0.599523883929,-9.61754407336E-08,0.800356865779)
  );
#3541 = DIRECTION('',(4.371138828674E-08,1.,8.742277657348E-08));
#3542 = ADVANCED_FACE('',(#3543),#3577,.T.);
#3543 = FACE_BOUND('',#3544,.T.);
#3544 = EDGE_LOOP('',(#3545,#3555,#3563,#3571));
#3545 = ORIENTED_EDGE('',*,*,#3546,.T.);
#3546 = EDGE_CURVE('',#3547,#3549,#3551,.T.);
#3547 = VERTEX_POINT('',#3548);
#3548 = CARTESIAN_POINT('',(-0.349999073305,6.974913387088,
    -2.496438273391));
#3549 = VERTEX_POINT('',#3550);
#3550 = CARTESIAN_POINT('',(-0.634305527671,6.974913399515,
    -2.496438285819));
#3551 = LINE('',#3552,#3553);
#3552 = CARTESIAN_POINT('',(-0.349999073305,6.974913387088,
    -2.496438273391));
#3553 = VECTOR('',#3554,1.);
#3554 = DIRECTION('',(-1.,4.371139210811E-08,-4.371138446537E-08));
#3555 = ORIENTED_EDGE('',*,*,#3556,.F.);
#3556 = EDGE_CURVE('',#3557,#3549,#3559,.T.);
#3557 = VERTEX_POINT('',#3558);
#3558 = CARTESIAN_POINT('',(-0.634305521114,7.124913399515,
    -2.496438272705));
#3559 = LINE('',#3560,#3561);
#3560 = CARTESIAN_POINT('',(-0.634305521114,7.124913399515,
    -2.496438272705));
#3561 = VECTOR('',#3562,1.);
#3562 = DIRECTION('',(-4.371138828674E-08,-1.,-8.742277657348E-08));
#3563 = ORIENTED_EDGE('',*,*,#3564,.F.);
#3564 = EDGE_CURVE('',#3565,#3557,#3567,.T.);
#3565 = VERTEX_POINT('',#3566);
#3566 = CARTESIAN_POINT('',(-0.349999066748,7.124913387088,
    -2.496438260278));
#3567 = LINE('',#3568,#3569);
#3568 = CARTESIAN_POINT('',(-0.349999066748,7.124913387088,
    -2.496438260278));
#3569 = VECTOR('',#3570,1.);
#3570 = DIRECTION('',(-1.,4.371139210811E-08,-4.371138446537E-08));
#3571 = ORIENTED_EDGE('',*,*,#3572,.F.);
#3572 = EDGE_CURVE('',#3547,#3565,#3573,.T.);
#3573 = LINE('',#3574,#3575);
#3574 = CARTESIAN_POINT('',(-0.349999073305,6.974913387088,
    -2.496438273391));
#3575 = VECTOR('',#3576,1.);
#3576 = DIRECTION('',(4.371138828674E-08,1.,8.742277657348E-08));
#3577 = PLANE('',#3578);
#3578 = AXIS2_PLACEMENT_3D('',#3579,#3580,#3581);
#3579 = CARTESIAN_POINT('',(-0.349999073305,6.974913387088,
    -2.496438273391));
#3580 = DIRECTION('',(4.371138828674E-08,8.742277466279E-08,-1.));
#3581 = DIRECTION('',(-4.371138828674E-08,-1.,-8.742277657348E-08));
#3582 = ADVANCED_FACE('',(#3583),#3617,.T.);
#3583 = FACE_BOUND('',#3584,.T.);
#3584 = EDGE_LOOP('',(#3585,#3595,#3603,#3611));
#3585 = ORIENTED_EDGE('',*,*,#3586,.T.);
#3586 = EDGE_CURVE('',#3587,#3589,#3591,.T.);
#3587 = VERTEX_POINT('',#3588);
#3588 = CARTESIAN_POINT('',(-0.581869081,6.974913381833,-2.320395379204)
  );
#3589 = VERTEX_POINT('',#3590);
#3590 = CARTESIAN_POINT('',(-0.43857735119,6.974913372624,
    -2.286707436226));
#3591 = LINE('',#3592,#3593);
#3592 = CARTESIAN_POINT('',(-0.581869081,6.974913381833,-2.320395379204)
  );
#3593 = VECTOR('',#3594,1.);
#3594 = DIRECTION('',(0.973459195183,-6.255888598874E-08,0.228860646058)
  );
#3595 = ORIENTED_EDGE('',*,*,#3596,.T.);
#3596 = EDGE_CURVE('',#3589,#3597,#3599,.T.);
#3597 = VERTEX_POINT('',#3598);
#3598 = CARTESIAN_POINT('',(-0.438577344633,7.124913372624,
    -2.286707423112));
#3599 = LINE('',#3600,#3601);
#3600 = CARTESIAN_POINT('',(-0.43857735119,6.974913372624,
    -2.286707436226));
#3601 = VECTOR('',#3602,1.);
#3602 = DIRECTION('',(4.371138828674E-08,1.,8.742277657348E-08));
#3603 = ORIENTED_EDGE('',*,*,#3604,.F.);
#3604 = EDGE_CURVE('',#3605,#3597,#3607,.T.);
#3605 = VERTEX_POINT('',#3606);
#3606 = CARTESIAN_POINT('',(-0.581869074443,7.124913381833,
    -2.320395366091));
#3607 = LINE('',#3608,#3609);
#3608 = CARTESIAN_POINT('',(-0.581869074443,7.124913381833,
    -2.320395366091));
#3609 = VECTOR('',#3610,1.);
#3610 = DIRECTION('',(0.973459195183,-6.255888598874E-08,0.228860646058)
  );
#3611 = ORIENTED_EDGE('',*,*,#3612,.F.);
#3612 = EDGE_CURVE('',#3587,#3605,#3613,.T.);
#3613 = LINE('',#3614,#3615);
#3614 = CARTESIAN_POINT('',(-0.581869081,6.974913381833,-2.320395379204)
  );
#3615 = VECTOR('',#3616,1.);
#3616 = DIRECTION('',(4.371138828674E-08,1.,8.742277657348E-08));
#3617 = PLANE('',#3618);
#3618 = AXIS2_PLACEMENT_3D('',#3619,#3620,#3621);
#3619 = CARTESIAN_POINT('',(-0.581869081,6.974913381833,-2.320395379204)
  );
#3620 = DIRECTION('',(-0.228860646058,-7.509868916045E-08,0.973459195183
    ));
#3621 = DIRECTION('',(-0.973459195183,6.255888598874E-08,-0.228860646058
    ));
#3622 = ADVANCED_FACE('',(#3623),#3650,.T.);
#3623 = FACE_BOUND('',#3624,.T.);
#3624 = EDGE_LOOP('',(#3625,#3635,#3642,#3643));
#3625 = ORIENTED_EDGE('',*,*,#3626,.T.);
#3626 = EDGE_CURVE('',#3627,#3629,#3631,.T.);
#3627 = VERTEX_POINT('',#3628);
#3628 = CARTESIAN_POINT('',(-0.392805230721,6.974913370159,
    -2.281399275262));
#3629 = VERTEX_POINT('',#3630);
#3630 = CARTESIAN_POINT('',(-0.392805224164,7.124913370159,
    -2.281399262149));
#3631 = LINE('',#3632,#3633);
#3632 = CARTESIAN_POINT('',(-0.392805230721,6.974913370159,
    -2.281399275262));
#3633 = VECTOR('',#3634,1.);
#3634 = DIRECTION('',(4.371138828674E-08,1.,8.742277657348E-08));
#3635 = ORIENTED_EDGE('',*,*,#3636,.F.);
#3636 = EDGE_CURVE('',#3597,#3629,#3637,.T.);
#3637 = CIRCLE('',#3638,0.2);
#3638 = AXIS2_PLACEMENT_3D('',#3639,#3640,#3641);
#3639 = CARTESIAN_POINT('',(-0.392805215422,7.124913387644,
    -2.481399262149));
#3640 = DIRECTION('',(4.371138828674E-08,1.,8.742277657348E-08));
#3641 = DIRECTION('',(-0.228860646058,-7.509868916045E-08,0.973459195183
    ));
#3642 = ORIENTED_EDGE('',*,*,#3596,.F.);
#3643 = ORIENTED_EDGE('',*,*,#3644,.T.);
#3644 = EDGE_CURVE('',#3589,#3627,#3645,.T.);
#3645 = CIRCLE('',#3646,0.2);
#3646 = AXIS2_PLACEMENT_3D('',#3647,#3648,#3649);
#3647 = CARTESIAN_POINT('',(-0.392805221978,6.974913387644,
    -2.481399275262));
#3648 = DIRECTION('',(4.371138828674E-08,1.,8.742277657348E-08));
#3649 = DIRECTION('',(-0.228860646058,-7.509868916045E-08,0.973459195183
    ));
#3650 = CYLINDRICAL_SURFACE('',#3651,0.2);
#3651 = AXIS2_PLACEMENT_3D('',#3652,#3653,#3654);
#3652 = CARTESIAN_POINT('',(-0.392805221978,6.974913387644,
    -2.481399275262));
#3653 = DIRECTION('',(4.371138828674E-08,1.,8.742277657348E-08));
#3654 = DIRECTION('',(4.371138828674E-08,8.742277466279E-08,-1.));
#3655 = ADVANCED_FACE('',(#3656),#3681,.T.);
#3656 = FACE_BOUND('',#3657,.T.);
#3657 = EDGE_LOOP('',(#3658,#3666,#3667,#3675));
#3658 = ORIENTED_EDGE('',*,*,#3659,.F.);
#3659 = EDGE_CURVE('',#3629,#3660,#3662,.T.);
#3660 = VERTEX_POINT('',#3661);
#3661 = CARTESIAN_POINT('',(-0.349999076148,7.124913368288,
    -2.281399260278));
#3662 = LINE('',#3663,#3664);
#3663 = CARTESIAN_POINT('',(-0.392805224164,7.124913370159,
    -2.281399262149));
#3664 = VECTOR('',#3665,1.);
#3665 = DIRECTION('',(1.,-4.371139210811E-08,4.371138446537E-08));
#3666 = ORIENTED_EDGE('',*,*,#3626,.F.);
#3667 = ORIENTED_EDGE('',*,*,#3668,.T.);
#3668 = EDGE_CURVE('',#3627,#3669,#3671,.T.);
#3669 = VERTEX_POINT('',#3670);
#3670 = CARTESIAN_POINT('',(-0.349999082705,6.974913368288,
    -2.281399273391));
#3671 = LINE('',#3672,#3673);
#3672 = CARTESIAN_POINT('',(-0.392805230721,6.974913370159,
    -2.281399275262));
#3673 = VECTOR('',#3674,1.);
#3674 = DIRECTION('',(1.,-4.371139210811E-08,4.371138446537E-08));
#3675 = ORIENTED_EDGE('',*,*,#3676,.T.);
#3676 = EDGE_CURVE('',#3669,#3660,#3677,.T.);
#3677 = LINE('',#3678,#3679);
#3678 = CARTESIAN_POINT('',(-0.349999082705,6.974913368288,
    -2.281399273391));
#3679 = VECTOR('',#3680,1.);
#3680 = DIRECTION('',(4.371138828674E-08,1.,8.742277657348E-08));
#3681 = PLANE('',#3682);
#3682 = AXIS2_PLACEMENT_3D('',#3683,#3684,#3685);
#3683 = CARTESIAN_POINT('',(-0.392805230721,6.974913370159,
    -2.281399275262));
#3684 = DIRECTION('',(-4.371138828674E-08,-8.742277466279E-08,1.));
#3685 = DIRECTION('',(-1.,4.371139210811E-08,-4.371138446537E-08));
#3686 = ADVANCED_FACE('',(#3687),#3723,.F.);
#3687 = FACE_BOUND('',#3688,.F.);
#3688 = EDGE_LOOP('',(#3689,#3700,#3708,#3717));
#3689 = ORIENTED_EDGE('',*,*,#3690,.F.);
#3690 = EDGE_CURVE('',#3691,#3693,#3695,.T.);
#3691 = VERTEX_POINT('',#3692);
#3692 = CARTESIAN_POINT('',(-1.260771842943,6.974913382301,
    -1.986300668046));
#3693 = VERTEX_POINT('',#3694);
#3694 = CARTESIAN_POINT('',(-1.282279818182,6.974913382816,
    -1.981438314142));
#3695 = CIRCLE('',#3696,5.E-02);
#3696 = AXIS2_PLACEMENT_3D('',#3697,#3698,#3699);
#3697 = CARTESIAN_POINT('',(-1.282279815997,6.974913387187,
    -2.031438314142));
#3698 = DIRECTION('',(-4.371138828674E-08,-1.,-8.742277657348E-08));
#3699 = DIRECTION('',(0.430159461092,-9.772403422297E-08,0.902752921919)
  );
#3700 = ORIENTED_EDGE('',*,*,#3701,.T.);
#3701 = EDGE_CURVE('',#3691,#3702,#3704,.T.);
#3702 = VERTEX_POINT('',#3703);
#3703 = CARTESIAN_POINT('',(-1.260771836386,7.124913382301,
    -1.986300654933));
#3704 = LINE('',#3705,#3706);
#3705 = CARTESIAN_POINT('',(-1.260771842943,6.974913382301,
    -1.986300668046));
#3706 = VECTOR('',#3707,1.);
#3707 = DIRECTION('',(4.371138828674E-08,1.,8.742277657348E-08));
#3708 = ORIENTED_EDGE('',*,*,#3709,.T.);
#3709 = EDGE_CURVE('',#3702,#3710,#3712,.T.);
#3710 = VERTEX_POINT('',#3711);
#3711 = CARTESIAN_POINT('',(-1.282279811626,7.124913382816,
    -1.981438301029));
#3712 = CIRCLE('',#3713,5.E-02);
#3713 = AXIS2_PLACEMENT_3D('',#3714,#3715,#3716);
#3714 = CARTESIAN_POINT('',(-1.28227980944,7.124913387187,
    -2.031438301029));
#3715 = DIRECTION('',(-4.371138828674E-08,-1.,-8.742277657348E-08));
#3716 = DIRECTION('',(0.430159461092,-9.772403422297E-08,0.902752921919)
  );
#3717 = ORIENTED_EDGE('',*,*,#3718,.F.);
#3718 = EDGE_CURVE('',#3693,#3710,#3719,.T.);
#3719 = LINE('',#3720,#3721);
#3720 = CARTESIAN_POINT('',(-1.282279818182,6.974913382816,
    -1.981438314142));
#3721 = VECTOR('',#3722,1.);
#3722 = DIRECTION('',(4.371138828674E-08,1.,8.742277657348E-08));
#3723 = CYLINDRICAL_SURFACE('',#3724,5.E-02);
#3724 = AXIS2_PLACEMENT_3D('',#3725,#3726,#3727);
#3725 = CARTESIAN_POINT('',(-1.282279815997,6.974913387187,
    -2.031438314142));
#3726 = DIRECTION('',(4.371138828674E-08,1.,8.742277657348E-08));
#3727 = DIRECTION('',(4.371138828674E-08,8.742277466279E-08,-1.));
#3728 = ADVANCED_FACE('',(#3729),#3754,.T.);
#3729 = FACE_BOUND('',#3730,.T.);
#3730 = EDGE_LOOP('',(#3731,#3741,#3747,#3748));
#3731 = ORIENTED_EDGE('',*,*,#3732,.T.);
#3732 = EDGE_CURVE('',#3733,#3735,#3737,.T.);
#3733 = VERTEX_POINT('',#3734);
#3734 = CARTESIAN_POINT('',(-1.349999095816,6.974913385776,
    -1.981438317103));
#3735 = VERTEX_POINT('',#3736);
#3736 = CARTESIAN_POINT('',(-1.34999908926,7.124913385776,
    -1.981438303989));
#3737 = LINE('',#3738,#3739);
#3738 = CARTESIAN_POINT('',(-1.349999095816,6.974913385776,
    -1.981438317103));
#3739 = VECTOR('',#3740,1.);
#3740 = DIRECTION('',(4.371138828674E-08,1.,8.742277657348E-08));
#3741 = ORIENTED_EDGE('',*,*,#3742,.F.);
#3742 = EDGE_CURVE('',#3710,#3735,#3743,.T.);
#3743 = LINE('',#3744,#3745);
#3744 = CARTESIAN_POINT('',(-1.282279811626,7.124913382816,
    -1.981438301029));
#3745 = VECTOR('',#3746,1.);
#3746 = DIRECTION('',(-1.,4.371139210811E-08,-4.371138446537E-08));
#3747 = ORIENTED_EDGE('',*,*,#3718,.F.);
#3748 = ORIENTED_EDGE('',*,*,#3749,.T.);
#3749 = EDGE_CURVE('',#3693,#3733,#3750,.T.);
#3750 = LINE('',#3751,#3752);
#3751 = CARTESIAN_POINT('',(-1.282279818182,6.974913382816,
    -1.981438314142));
#3752 = VECTOR('',#3753,1.);
#3753 = DIRECTION('',(-1.,4.371139210811E-08,-4.371138446537E-08));
#3754 = PLANE('',#3755);
#3755 = AXIS2_PLACEMENT_3D('',#3756,#3757,#3758);
#3756 = CARTESIAN_POINT('',(-1.282279818182,6.974913382816,
    -1.981438314142));
#3757 = DIRECTION('',(4.371138828674E-08,8.742277466279E-08,-1.));
#3758 = DIRECTION('',(-4.371138828674E-08,-1.,-8.742277657348E-08));
#3759 = ADVANCED_FACE('',(#3760),#3776,.T.);
#3760 = FACE_BOUND('',#3761,.T.);
#3761 = EDGE_LOOP('',(#3762,#3763,#3769,#3770));
#3762 = ORIENTED_EDGE('',*,*,#1468,.T.);
#3763 = ORIENTED_EDGE('',*,*,#3764,.F.);
#3764 = EDGE_CURVE('',#3735,#1471,#3765,.T.);
#3765 = LINE('',#3766,#3767);
#3766 = CARTESIAN_POINT('',(-1.34999908926,7.124913385776,
    -1.981438303989));
#3767 = VECTOR('',#3768,1.);
#3768 = DIRECTION('',(-4.371138828674E-08,-8.742277466279E-08,1.));
#3769 = ORIENTED_EDGE('',*,*,#3732,.F.);
#3770 = ORIENTED_EDGE('',*,*,#3771,.T.);
#3771 = EDGE_CURVE('',#3733,#1469,#3772,.T.);
#3772 = LINE('',#3773,#3774);
#3773 = CARTESIAN_POINT('',(-1.349999095816,6.974913385776,
    -1.981438317103));
#3774 = VECTOR('',#3775,1.);
#3775 = DIRECTION('',(-4.371138828674E-08,-8.742277466279E-08,1.));
#3776 = PLANE('',#3777);
#3777 = AXIS2_PLACEMENT_3D('',#3778,#3779,#3780);
#3778 = CARTESIAN_POINT('',(-1.349999095816,6.974913385776,
    -1.981438317103));
#3779 = DIRECTION('',(-1.,4.371139210811E-08,-4.371138446537E-08));
#3780 = DIRECTION('',(-4.371138828674E-08,-8.742277466279E-08,1.));
#3781 = ADVANCED_FACE('',(#3782),#3809,.F.);
#3782 = FACE_BOUND('',#3783,.F.);
#3783 = EDGE_LOOP('',(#3784,#3793,#3801,#3808));
#3784 = ORIENTED_EDGE('',*,*,#3785,.T.);
#3785 = EDGE_CURVE('',#1479,#3786,#3788,.T.);
#3786 = VERTEX_POINT('',#3787);
#3787 = CARTESIAN_POINT('',(-1.299562104679,7.124913352933,
    -1.630968301784));
#3788 = CIRCLE('',#3789,5.E-02);
#3789 = AXIS2_PLACEMENT_3D('',#3790,#3791,#3792);
#3790 = CARTESIAN_POINT('',(-1.349562104679,7.124913355118,
    -1.630968303969));
#3791 = DIRECTION('',(-4.371138828674E-08,-1.,-8.742277657348E-08));
#3792 = DIRECTION('',(-8.73995429087E-03,8.780147307221E-08,
    -0.99996180587));
#3793 = ORIENTED_EDGE('',*,*,#3794,.F.);
#3794 = EDGE_CURVE('',#3795,#3786,#3797,.T.);
#3795 = VERTEX_POINT('',#3796);
#3796 = CARTESIAN_POINT('',(-1.299562111236,6.974913352933,
    -1.630968314897));
#3797 = LINE('',#3798,#3799);
#3798 = CARTESIAN_POINT('',(-1.299562111236,6.974913352933,
    -1.630968314897));
#3799 = VECTOR('',#3800,1.);
#3800 = DIRECTION('',(4.371138828674E-08,1.,8.742277657348E-08));
#3801 = ORIENTED_EDGE('',*,*,#3802,.F.);
#3802 = EDGE_CURVE('',#1488,#3795,#3803,.T.);
#3803 = CIRCLE('',#3804,5.E-02);
#3804 = AXIS2_PLACEMENT_3D('',#3805,#3806,#3807);
#3805 = CARTESIAN_POINT('',(-1.349562111236,6.974913355118,
    -1.630968317083));
#3806 = DIRECTION('',(-4.371138828674E-08,-1.,-8.742277657348E-08));
#3807 = DIRECTION('',(-8.73995429087E-03,8.780147307221E-08,
    -0.99996180587));
#3808 = ORIENTED_EDGE('',*,*,#1487,.T.);
#3809 = CYLINDRICAL_SURFACE('',#3810,5.E-02);
#3810 = AXIS2_PLACEMENT_3D('',#3811,#3812,#3813);
#3811 = CARTESIAN_POINT('',(-1.349562111236,6.974913355118,
    -1.630968317083));
#3812 = DIRECTION('',(4.371138828674E-08,1.,8.742277657348E-08));
#3813 = DIRECTION('',(4.371138828674E-08,8.742277466279E-08,-1.));
#3814 = ADVANCED_FACE('',(#3815),#3840,.T.);
#3815 = FACE_BOUND('',#3816,.T.);
#3816 = EDGE_LOOP('',(#3817,#3827,#3833,#3834));
#3817 = ORIENTED_EDGE('',*,*,#3818,.T.);
#3818 = EDGE_CURVE('',#3819,#3821,#3823,.T.);
#3819 = VERTEX_POINT('',#3820);
#3820 = CARTESIAN_POINT('',(-1.299562112527,6.974913350351,
    -1.601438955551));
#3821 = VERTEX_POINT('',#3822);
#3822 = CARTESIAN_POINT('',(-1.29956210597,7.124913350351,
    -1.601438942438));
#3823 = LINE('',#3824,#3825);
#3824 = CARTESIAN_POINT('',(-1.299562112527,6.974913350351,
    -1.601438955551));
#3825 = VECTOR('',#3826,1.);
#3826 = DIRECTION('',(4.371138828674E-08,1.,8.742277657348E-08));
#3827 = ORIENTED_EDGE('',*,*,#3828,.F.);
#3828 = EDGE_CURVE('',#3786,#3821,#3829,.T.);
#3829 = LINE('',#3830,#3831);
#3830 = CARTESIAN_POINT('',(-1.299562104679,7.124913352933,
    -1.630968301784));
#3831 = VECTOR('',#3832,1.);
#3832 = DIRECTION('',(-4.371138828674E-08,-8.742277466279E-08,1.));
#3833 = ORIENTED_EDGE('',*,*,#3794,.F.);
#3834 = ORIENTED_EDGE('',*,*,#3835,.T.);
#3835 = EDGE_CURVE('',#3795,#3819,#3836,.T.);
#3836 = LINE('',#3837,#3838);
#3837 = CARTESIAN_POINT('',(-1.299562111236,6.974913352933,
    -1.630968314897));
#3838 = VECTOR('',#3839,1.);
#3839 = DIRECTION('',(-4.371138828674E-08,-8.742277466279E-08,1.));
#3840 = PLANE('',#3841);
#3841 = AXIS2_PLACEMENT_3D('',#3842,#3843,#3844);
#3842 = CARTESIAN_POINT('',(-1.299562111236,6.974913352933,
    -1.630968314897));
#3843 = DIRECTION('',(-1.,4.371139210811E-08,-4.371138446537E-08));
#3844 = DIRECTION('',(-4.371138828674E-08,-8.742277466279E-08,1.));
#3845 = ADVANCED_FACE('',(#3846),#3871,.T.);
#3846 = FACE_BOUND('',#3847,.T.);
#3847 = EDGE_LOOP('',(#3848,#3858,#3864,#3865));
#3848 = ORIENTED_EDGE('',*,*,#3849,.T.);
#3849 = EDGE_CURVE('',#3850,#3852,#3854,.T.);
#3850 = VERTEX_POINT('',#3851);
#3851 = CARTESIAN_POINT('',(-0.950222731401,6.974913335081,
    -1.601438940281));
#3852 = VERTEX_POINT('',#3853);
#3853 = CARTESIAN_POINT('',(-0.950222724844,7.124913335081,
    -1.601438927168));
#3854 = LINE('',#3855,#3856);
#3855 = CARTESIAN_POINT('',(-0.950222731401,6.974913335081,
    -1.601438940281));
#3856 = VECTOR('',#3857,1.);
#3857 = DIRECTION('',(4.371138828674E-08,1.,8.742277657348E-08));
#3858 = ORIENTED_EDGE('',*,*,#3859,.F.);
#3859 = EDGE_CURVE('',#3821,#3852,#3860,.T.);
#3860 = LINE('',#3861,#3862);
#3861 = CARTESIAN_POINT('',(-1.29956210597,7.124913350351,
    -1.601438942438));
#3862 = VECTOR('',#3863,1.);
#3863 = DIRECTION('',(1.,-4.371139210811E-08,4.371138446537E-08));
#3864 = ORIENTED_EDGE('',*,*,#3818,.F.);
#3865 = ORIENTED_EDGE('',*,*,#3866,.T.);
#3866 = EDGE_CURVE('',#3819,#3850,#3867,.T.);
#3867 = LINE('',#3868,#3869);
#3868 = CARTESIAN_POINT('',(-1.299562112527,6.974913350351,
    -1.601438955551));
#3869 = VECTOR('',#3870,1.);
#3870 = DIRECTION('',(1.,-4.371139210811E-08,4.371138446537E-08));
#3871 = PLANE('',#3872);
#3872 = AXIS2_PLACEMENT_3D('',#3873,#3874,#3875);
#3873 = CARTESIAN_POINT('',(-1.299562112527,6.974913350351,
    -1.601438955551));
#3874 = DIRECTION('',(-4.371138828674E-08,-8.742277466279E-08,1.));
#3875 = DIRECTION('',(-1.,4.371139210811E-08,-4.371138446537E-08));
#3876 = ADVANCED_FACE('',(#3877),#3904,.T.);
#3877 = FACE_BOUND('',#3878,.T.);
#3878 = EDGE_LOOP('',(#3879,#3889,#3896,#3897));
#3879 = ORIENTED_EDGE('',*,*,#3880,.T.);
#3880 = EDGE_CURVE('',#3881,#3883,#3885,.T.);
#3881 = VERTEX_POINT('',#3882);
#3882 = CARTESIAN_POINT('',(-1.02012429588,6.97491334458,-1.675149850642
    ));
#3883 = VERTEX_POINT('',#3884);
#3884 = CARTESIAN_POINT('',(-1.020124289323,7.12491334458,
    -1.675149837528));
#3885 = LINE('',#3886,#3887);
#3886 = CARTESIAN_POINT('',(-1.02012429588,6.97491334458,-1.675149850642
    ));
#3887 = VECTOR('',#3888,1.);
#3888 = DIRECTION('',(4.371138828674E-08,1.,8.742277657348E-08));
#3889 = ORIENTED_EDGE('',*,*,#3890,.F.);
#3890 = EDGE_CURVE('',#3852,#3883,#3891,.T.);
#3891 = CIRCLE('',#3892,7.E-02);
#3892 = AXIS2_PLACEMENT_3D('',#3893,#3894,#3895);
#3893 = CARTESIAN_POINT('',(-1.020124292383,7.124913338461,
    -1.605149837528));
#3894 = DIRECTION('',(4.371138828674E-08,1.,8.742277657348E-08));
#3895 = DIRECTION('',(0.998593821974,-4.828446639765E-08,
    5.301300514863E-02));
#3896 = ORIENTED_EDGE('',*,*,#3849,.F.);
#3897 = ORIENTED_EDGE('',*,*,#3898,.T.);
#3898 = EDGE_CURVE('',#3850,#3881,#3899,.T.);
#3899 = CIRCLE('',#3900,7.E-02);
#3900 = AXIS2_PLACEMENT_3D('',#3901,#3902,#3903);
#3901 = CARTESIAN_POINT('',(-1.020124298939,6.974913338461,
    -1.605149850642));
#3902 = DIRECTION('',(4.371138828674E-08,1.,8.742277657348E-08));
#3903 = DIRECTION('',(0.998593821974,-4.828446639765E-08,
    5.301300514863E-02));
#3904 = CYLINDRICAL_SURFACE('',#3905,7.E-02);
#3905 = AXIS2_PLACEMENT_3D('',#3906,#3907,#3908);
#3906 = CARTESIAN_POINT('',(-1.020124298939,6.974913338461,
    -1.605149850642));
#3907 = DIRECTION('',(4.371138828674E-08,1.,8.742277657348E-08));
#3908 = DIRECTION('',(4.371138828674E-08,8.742277466279E-08,-1.));
#3909 = ADVANCED_FACE('',(#3910),#3935,.T.);
#3910 = FACE_BOUND('',#3911,.T.);
#3911 = EDGE_LOOP('',(#3912,#3922,#3928,#3929));
#3912 = ORIENTED_EDGE('',*,*,#3913,.T.);
#3913 = EDGE_CURVE('',#3914,#3916,#3918,.T.);
#3914 = VERTEX_POINT('',#3915);
#3915 = CARTESIAN_POINT('',(-1.049999109205,6.974913345886,
    -1.675149851947));
#3916 = VERTEX_POINT('',#3917);
#3917 = CARTESIAN_POINT('',(-1.049999102648,7.124913345886,
    -1.675149838834));
#3918 = LINE('',#3919,#3920);
#3919 = CARTESIAN_POINT('',(-1.049999109205,6.974913345886,
    -1.675149851947));
#3920 = VECTOR('',#3921,1.);
#3921 = DIRECTION('',(4.371138828674E-08,1.,8.742277657348E-08));
#3922 = ORIENTED_EDGE('',*,*,#3923,.F.);
#3923 = EDGE_CURVE('',#3883,#3916,#3924,.T.);
#3924 = LINE('',#3925,#3926);
#3925 = CARTESIAN_POINT('',(-1.020124289323,7.12491334458,
    -1.675149837528));
#3926 = VECTOR('',#3927,1.);
#3927 = DIRECTION('',(-1.,4.371139210811E-08,-4.371138446537E-08));
#3928 = ORIENTED_EDGE('',*,*,#3880,.F.);
#3929 = ORIENTED_EDGE('',*,*,#3930,.T.);
#3930 = EDGE_CURVE('',#3881,#3914,#3931,.T.);
#3931 = LINE('',#3932,#3933);
#3932 = CARTESIAN_POINT('',(-1.02012429588,6.97491334458,-1.675149850642
    ));
#3933 = VECTOR('',#3934,1.);
#3934 = DIRECTION('',(-1.,4.371139210811E-08,-4.371138446537E-08));
#3935 = PLANE('',#3936);
#3936 = AXIS2_PLACEMENT_3D('',#3937,#3938,#3939);
#3937 = CARTESIAN_POINT('',(-1.02012429588,6.97491334458,-1.675149850642
    ));
#3938 = DIRECTION('',(4.371138828674E-08,8.742277466279E-08,-1.));
#3939 = DIRECTION('',(-4.371138828674E-08,-1.,-8.742277657348E-08));
#3940 = ADVANCED_FACE('',(#3941),#3966,.T.);
#3941 = FACE_BOUND('',#3942,.T.);
#3942 = EDGE_LOOP('',(#3943,#3951,#3952,#3960));
#3943 = ORIENTED_EDGE('',*,*,#3944,.F.);
#3944 = EDGE_CURVE('',#3916,#3945,#3947,.T.);
#3945 = VERTEX_POINT('',#3946);
#3946 = CARTESIAN_POINT('',(-1.049999102373,7.124913346436,
    -1.681438290876));
#3947 = LINE('',#3948,#3949);
#3948 = CARTESIAN_POINT('',(-1.049999102648,7.124913345886,
    -1.675149838834));
#3949 = VECTOR('',#3950,1.);
#3950 = DIRECTION('',(4.371138828674E-08,8.742277466279E-08,-1.));
#3951 = ORIENTED_EDGE('',*,*,#3913,.F.);
#3952 = ORIENTED_EDGE('',*,*,#3953,.T.);
#3953 = EDGE_CURVE('',#3914,#3954,#3956,.T.);
#3954 = VERTEX_POINT('',#3955);
#3955 = CARTESIAN_POINT('',(-1.04999910893,6.974913346436,
    -1.681438303989));
#3956 = LINE('',#3957,#3958);
#3957 = CARTESIAN_POINT('',(-1.049999109205,6.974913345886,
    -1.675149851947));
#3958 = VECTOR('',#3959,1.);
#3959 = DIRECTION('',(4.371138828674E-08,8.742277466279E-08,-1.));
#3960 = ORIENTED_EDGE('',*,*,#3961,.T.);
#3961 = EDGE_CURVE('',#3954,#3945,#3962,.T.);
#3962 = LINE('',#3963,#3964);
#3963 = CARTESIAN_POINT('',(-1.04999910893,6.974913346436,
    -1.681438303989));
#3964 = VECTOR('',#3965,1.);
#3965 = DIRECTION('',(4.371138828674E-08,1.,8.742277657348E-08));
#3966 = PLANE('',#3967);
#3967 = AXIS2_PLACEMENT_3D('',#3968,#3969,#3970);
#3968 = CARTESIAN_POINT('',(-1.049999109205,6.974913345886,
    -1.675149851947));
#3969 = DIRECTION('',(1.,-4.371139210811E-08,4.371138446537E-08));
#3970 = DIRECTION('',(-4.371138828674E-08,-1.,-8.742277657348E-08));
#3971 = ADVANCED_FACE('',(#3972),#3993,.T.);
#3972 = FACE_BOUND('',#3973,.T.);
#3973 = EDGE_LOOP('',(#3974,#3975,#3976,#3977,#3978,#3979,#3987));
#3974 = ORIENTED_EDGE('',*,*,#3259,.T.);
#3975 = ORIENTED_EDGE('',*,*,#3291,.T.);
#3976 = ORIENTED_EDGE('',*,*,#3324,.T.);
#3977 = ORIENTED_EDGE('',*,*,#3355,.T.);
#3978 = ORIENTED_EDGE('',*,*,#3378,.T.);
#3979 = ORIENTED_EDGE('',*,*,#3980,.F.);
#3980 = EDGE_CURVE('',#3981,#3379,#3983,.T.);
#3981 = VERTEX_POINT('',#3982);
#3982 = CARTESIAN_POINT('',(1.250000907243,7.124913265133,-1.90143819034
    ));
#3983 = LINE('',#3984,#3985);
#3984 = CARTESIAN_POINT('',(1.250000907243,7.124913265133,-1.90143819034
    ));
#3985 = VECTOR('',#3986,1.);
#3986 = DIRECTION('',(-0.996193713686,5.116539085356E-08,
    -8.716699382592E-02));
#3987 = ORIENTED_EDGE('',*,*,#3988,.T.);
#3988 = EDGE_CURVE('',#3981,#3260,#3989,.T.);
#3989 = LINE('',#3990,#3991);
#3990 = CARTESIAN_POINT('',(1.250000907243,7.124913265133,-1.90143819034
    ));
#3991 = VECTOR('',#3992,1.);
#3992 = DIRECTION('',(1.,-4.371139210811E-08,4.371138446537E-08));
#3993 = PLANE('',#3994);
#3994 = AXIS2_PLACEMENT_3D('',#3995,#3996,#3997);
#3995 = CARTESIAN_POINT('',(1.850000918171,7.124913260762,
    -2.151438164113));
#3996 = DIRECTION('',(4.371138828674E-08,1.,8.742277657348E-08));
#3997 = DIRECTION('',(1.,-4.371139210811E-08,4.371138446537E-08));
#3998 = ADVANCED_FACE('',(#3999),#4011,.T.);
#3999 = FACE_BOUND('',#4000,.T.);
#4000 = EDGE_LOOP('',(#4001,#4002,#4003,#4004,#4005));
#4001 = ORIENTED_EDGE('',*,*,#3419,.T.);
#4002 = ORIENTED_EDGE('',*,*,#3461,.T.);
#4003 = ORIENTED_EDGE('',*,*,#3492,.T.);
#4004 = ORIENTED_EDGE('',*,*,#3515,.T.);
#4005 = ORIENTED_EDGE('',*,*,#4006,.F.);
#4006 = EDGE_CURVE('',#3412,#3516,#4007,.T.);
#4007 = LINE('',#4008,#4009);
#4008 = CARTESIAN_POINT('',(1.319773183967,7.124913299238,-2.32643818729
    ));
#4009 = VECTOR('',#4010,1.);
#4010 = DIRECTION('',(1.,-4.371139210811E-08,4.371138446537E-08));
#4011 = PLANE('',#4012);
#4012 = AXIS2_PLACEMENT_3D('',#4013,#4014,#4015);
#4013 = CARTESIAN_POINT('',(1.850000918171,7.124913260762,
    -2.151438164113));
#4014 = DIRECTION('',(4.371138828674E-08,1.,8.742277657348E-08));
#4015 = DIRECTION('',(1.,-4.371139210811E-08,4.371138446537E-08));
#4016 = ADVANCED_FACE('',(#4017),#4044,.T.);
#4017 = FACE_BOUND('',#4018,.T.);
#4018 = EDGE_LOOP('',(#4019,#4020,#4029,#4035,#4036,#4037,#4038));
#4019 = ORIENTED_EDGE('',*,*,#3564,.T.);
#4020 = ORIENTED_EDGE('',*,*,#4021,.T.);
#4021 = EDGE_CURVE('',#3557,#4022,#4024,.T.);
#4022 = VERTEX_POINT('',#4023);
#4023 = CARTESIAN_POINT('',(-0.581869072649,7.124913385421,
    -2.361438270413));
#4024 = CIRCLE('',#4025,0.2);
#4025 = AXIS2_PLACEMENT_3D('',#4026,#4027,#4028);
#4026 = CARTESIAN_POINT('',(-0.781869072649,7.124913394163,
    -2.361438279155));
#4027 = DIRECTION('',(-4.371138828674E-08,-1.,-8.742277657348E-08));
#4028 = DIRECTION('',(0.737817757674,2.675933287709E-08,-0.674999967749)
  );
#4029 = ORIENTED_EDGE('',*,*,#4030,.F.);
#4030 = EDGE_CURVE('',#3605,#4022,#4031,.T.);
#4031 = LINE('',#4032,#4033);
#4032 = CARTESIAN_POINT('',(-0.581869074443,7.124913381833,
    -2.320395366091));
#4033 = VECTOR('',#4034,1.);
#4034 = DIRECTION('',(4.371138828674E-08,8.742277466279E-08,-1.));
#4035 = ORIENTED_EDGE('',*,*,#3604,.T.);
#4036 = ORIENTED_EDGE('',*,*,#3636,.T.);
#4037 = ORIENTED_EDGE('',*,*,#3659,.T.);
#4038 = ORIENTED_EDGE('',*,*,#4039,.T.);
#4039 = EDGE_CURVE('',#3660,#3565,#4040,.T.);
#4040 = LINE('',#4041,#4042);
#4041 = CARTESIAN_POINT('',(-0.349999076148,7.124913368288,
    -2.281399260278));
#4042 = VECTOR('',#4043,1.);
#4043 = DIRECTION('',(4.371138828674E-08,8.742277466279E-08,-1.));
#4044 = PLANE('',#4045);
#4045 = AXIS2_PLACEMENT_3D('',#4046,#4047,#4048);
#4046 = CARTESIAN_POINT('',(1.850000918171,7.124913260762,
    -2.151438164113));
#4047 = DIRECTION('',(4.371138828674E-08,1.,8.742277657348E-08));
#4048 = DIRECTION('',(1.,-4.371139210811E-08,4.371138446537E-08));
#4049 = ADVANCED_FACE('',(#4050),#4084,.T.);
#4050 = FACE_BOUND('',#4051,.T.);
#4051 = EDGE_LOOP('',(#4052,#4060,#4061,#4062,#4063,#4064,#4065,#4066,
    #4067,#4068,#4069,#4070,#4078));
#4052 = ORIENTED_EDGE('',*,*,#4053,.T.);
#4053 = EDGE_CURVE('',#4054,#3702,#4056,.T.);
#4054 = VERTEX_POINT('',#4055);
#4055 = CARTESIAN_POINT('',(-1.249999088823,7.124913382279,
    -1.991433841627));
#4056 = LINE('',#4057,#4058);
#4057 = CARTESIAN_POINT('',(-1.249999088823,7.124913382279,
    -1.991433841627));
#4058 = VECTOR('',#4059,1.);
#4059 = DIRECTION('',(-0.902752921919,1.854849038977E-09,0.430159461092)
  );
#4060 = ORIENTED_EDGE('',*,*,#3709,.T.);
#4061 = ORIENTED_EDGE('',*,*,#3742,.T.);
#4062 = ORIENTED_EDGE('',*,*,#3764,.T.);
#4063 = ORIENTED_EDGE('',*,*,#1478,.T.);
#4064 = ORIENTED_EDGE('',*,*,#3785,.T.);
#4065 = ORIENTED_EDGE('',*,*,#3828,.T.);
#4066 = ORIENTED_EDGE('',*,*,#3859,.T.);
#4067 = ORIENTED_EDGE('',*,*,#3890,.T.);
#4068 = ORIENTED_EDGE('',*,*,#3923,.T.);
#4069 = ORIENTED_EDGE('',*,*,#3944,.T.);
#4070 = ORIENTED_EDGE('',*,*,#4071,.T.);
#4071 = EDGE_CURVE('',#3945,#4072,#4074,.T.);
#4072 = VERTEX_POINT('',#4073);
#4073 = CARTESIAN_POINT('',(-1.249999102373,7.124913355178,
    -1.681438299618));
#4074 = LINE('',#4075,#4076);
#4075 = CARTESIAN_POINT('',(-1.049999102373,7.124913346436,
    -1.681438290876));
#4076 = VECTOR('',#4077,1.);
#4077 = DIRECTION('',(-1.,4.371139210811E-08,-4.371138446537E-08));
#4078 = ORIENTED_EDGE('',*,*,#4079,.T.);
#4079 = EDGE_CURVE('',#4072,#4054,#4080,.T.);
#4080 = LINE('',#4081,#4082);
#4081 = CARTESIAN_POINT('',(-1.249999102373,7.124913355178,
    -1.681438299618));
#4082 = VECTOR('',#4083,1.);
#4083 = DIRECTION('',(4.371138828674E-08,8.742277466279E-08,-1.));
#4084 = PLANE('',#4085);
#4085 = AXIS2_PLACEMENT_3D('',#4086,#4087,#4088);
#4086 = CARTESIAN_POINT('',(1.850000918171,7.124913260762,
    -2.151438164113));
#4087 = DIRECTION('',(4.371138828674E-08,1.,8.742277657348E-08));
#4088 = DIRECTION('',(1.,-4.371139210811E-08,4.371138446537E-08));
#4089 = ADVANCED_FACE('',(#4090),#4108,.T.);
#4090 = FACE_BOUND('',#4091,.T.);
#4091 = EDGE_LOOP('',(#4092,#4100,#4101,#4102));
#4092 = ORIENTED_EDGE('',*,*,#4093,.T.);
#4093 = EDGE_CURVE('',#4094,#3691,#4096,.T.);
#4094 = VERTEX_POINT('',#4095);
#4095 = CARTESIAN_POINT('',(-1.249999095379,6.974913382279,
    -1.99143385474));
#4096 = LINE('',#4097,#4098);
#4097 = CARTESIAN_POINT('',(-1.249999095379,6.974913382279,
    -1.99143385474));
#4098 = VECTOR('',#4099,1.);
#4099 = DIRECTION('',(-0.902752921919,1.854849038977E-09,0.430159461092)
  );
#4100 = ORIENTED_EDGE('',*,*,#3701,.T.);
#4101 = ORIENTED_EDGE('',*,*,#4053,.F.);
#4102 = ORIENTED_EDGE('',*,*,#4103,.F.);
#4103 = EDGE_CURVE('',#4094,#4054,#4104,.T.);
#4104 = LINE('',#4105,#4106);
#4105 = CARTESIAN_POINT('',(-1.249999095379,6.974913382279,
    -1.99143385474));
#4106 = VECTOR('',#4107,1.);
#4107 = DIRECTION('',(4.371138828674E-08,1.,8.742277657348E-08));
#4108 = PLANE('',#4109);
#4109 = AXIS2_PLACEMENT_3D('',#4110,#4111,#4112);
#4110 = CARTESIAN_POINT('',(-1.249999095379,6.974913382279,
    -1.99143385474));
#4111 = DIRECTION('',(-0.430159461092,9.772403422297E-08,-0.902752921919
    ));
#4112 = DIRECTION('',(4.371138828674E-08,1.,8.742277657348E-08));
#4113 = ADVANCED_FACE('',(#4114),#4135,.F.);
#4114 = FACE_BOUND('',#4115,.T.);
#4115 = EDGE_LOOP('',(#4116,#4124,#4125,#4126,#4127,#4128,#4129));
#4116 = ORIENTED_EDGE('',*,*,#4117,.T.);
#4117 = EDGE_CURVE('',#4118,#3388,#4120,.T.);
#4118 = VERTEX_POINT('',#4119);
#4119 = CARTESIAN_POINT('',(1.250000900687,6.974913265133,
    -1.901438203453));
#4120 = LINE('',#4121,#4122);
#4121 = CARTESIAN_POINT('',(1.250000900687,6.974913265133,
    -1.901438203453));
#4122 = VECTOR('',#4123,1.);
#4123 = DIRECTION('',(-0.996193713686,5.116539085356E-08,
    -8.716699382592E-02));
#4124 = ORIENTED_EDGE('',*,*,#3387,.F.);
#4125 = ORIENTED_EDGE('',*,*,#3345,.F.);
#4126 = ORIENTED_EDGE('',*,*,#3331,.F.);
#4127 = ORIENTED_EDGE('',*,*,#3299,.F.);
#4128 = ORIENTED_EDGE('',*,*,#3241,.F.);
#4129 = ORIENTED_EDGE('',*,*,#4130,.F.);
#4130 = EDGE_CURVE('',#4118,#3242,#4131,.T.);
#4131 = LINE('',#4132,#4133);
#4132 = CARTESIAN_POINT('',(1.250000900687,6.974913265133,
    -1.901438203453));
#4133 = VECTOR('',#4134,1.);
#4134 = DIRECTION('',(1.,-4.371139210811E-08,4.371138446537E-08));
#4135 = PLANE('',#4136);
#4136 = AXIS2_PLACEMENT_3D('',#4137,#4138,#4139);
#4137 = CARTESIAN_POINT('',(1.850000911615,6.974913260762,
    -2.151438177226));
#4138 = DIRECTION('',(4.371138828674E-08,1.,8.742277657348E-08));
#4139 = DIRECTION('',(1.,-4.371139210811E-08,4.371138446537E-08));
#4140 = ADVANCED_FACE('',(#4141),#4153,.F.);
#4141 = FACE_BOUND('',#4142,.T.);
#4142 = EDGE_LOOP('',(#4143,#4144,#4145,#4146,#4147));
#4143 = ORIENTED_EDGE('',*,*,#3524,.F.);
#4144 = ORIENTED_EDGE('',*,*,#3500,.F.);
#4145 = ORIENTED_EDGE('',*,*,#3468,.F.);
#4146 = ORIENTED_EDGE('',*,*,#3436,.F.);
#4147 = ORIENTED_EDGE('',*,*,#4148,.T.);
#4148 = EDGE_CURVE('',#3410,#3525,#4149,.T.);
#4149 = LINE('',#4150,#4151);
#4150 = CARTESIAN_POINT('',(1.31977317741,6.974913299238,-2.326438200403
    ));
#4151 = VECTOR('',#4152,1.);
#4152 = DIRECTION('',(1.,-4.371139210811E-08,4.371138446537E-08));
#4153 = PLANE('',#4154);
#4154 = AXIS2_PLACEMENT_3D('',#4155,#4156,#4157);
#4155 = CARTESIAN_POINT('',(1.850000911615,6.974913260762,
    -2.151438177226));
#4156 = DIRECTION('',(4.371138828674E-08,1.,8.742277657348E-08));
#4157 = DIRECTION('',(1.,-4.371139210811E-08,4.371138446537E-08));
#4158 = ADVANCED_FACE('',(#4159),#4186,.F.);
#4159 = FACE_BOUND('',#4160,.T.);
#4160 = EDGE_LOOP('',(#4161,#4162,#4163,#4164,#4172,#4179,#4180));
#4161 = ORIENTED_EDGE('',*,*,#3668,.F.);
#4162 = ORIENTED_EDGE('',*,*,#3644,.F.);
#4163 = ORIENTED_EDGE('',*,*,#3586,.F.);
#4164 = ORIENTED_EDGE('',*,*,#4165,.T.);
#4165 = EDGE_CURVE('',#3587,#4166,#4168,.T.);
#4166 = VERTEX_POINT('',#4167);
#4167 = CARTESIAN_POINT('',(-0.581869079206,6.974913385421,
    -2.361438283527));
#4168 = LINE('',#4169,#4170);
#4169 = CARTESIAN_POINT('',(-0.581869081,6.974913381833,-2.320395379204)
  );
#4170 = VECTOR('',#4171,1.);
#4171 = DIRECTION('',(4.371138828674E-08,8.742277466279E-08,-1.));
#4172 = ORIENTED_EDGE('',*,*,#4173,.F.);
#4173 = EDGE_CURVE('',#3549,#4166,#4174,.T.);
#4174 = CIRCLE('',#4175,0.2);
#4175 = AXIS2_PLACEMENT_3D('',#4176,#4177,#4178);
#4176 = CARTESIAN_POINT('',(-0.781869079206,6.974913394163,
    -2.361438292269));
#4177 = DIRECTION('',(-4.371138828674E-08,-1.,-8.742277657348E-08));
#4178 = DIRECTION('',(0.737817757674,2.675933287709E-08,-0.674999967749)
  );
#4179 = ORIENTED_EDGE('',*,*,#3546,.F.);
#4180 = ORIENTED_EDGE('',*,*,#4181,.F.);
#4181 = EDGE_CURVE('',#3669,#3547,#4182,.T.);
#4182 = LINE('',#4183,#4184);
#4183 = CARTESIAN_POINT('',(-0.349999082705,6.974913368288,
    -2.281399273391));
#4184 = VECTOR('',#4185,1.);
#4185 = DIRECTION('',(4.371138828674E-08,8.742277466279E-08,-1.));
#4186 = PLANE('',#4187);
#4187 = AXIS2_PLACEMENT_3D('',#4188,#4189,#4190);
#4188 = CARTESIAN_POINT('',(1.850000911615,6.974913260762,
    -2.151438177226));
#4189 = DIRECTION('',(4.371138828674E-08,1.,8.742277657348E-08));
#4190 = DIRECTION('',(1.,-4.371139210811E-08,4.371138446537E-08));
#4191 = ADVANCED_FACE('',(#4192),#4219,.F.);
#4192 = FACE_BOUND('',#4193,.T.);
#4193 = EDGE_LOOP('',(#4194,#4202,#4203,#4204,#4205,#4206,#4207,#4208,
    #4209,#4210,#4211,#4212,#4213));
#4194 = ORIENTED_EDGE('',*,*,#4195,.F.);
#4195 = EDGE_CURVE('',#3954,#4196,#4198,.T.);
#4196 = VERTEX_POINT('',#4197);
#4197 = CARTESIAN_POINT('',(-1.24999910893,6.974913355178,
    -1.681438312731));
#4198 = LINE('',#4199,#4200);
#4199 = CARTESIAN_POINT('',(-1.04999910893,6.974913346436,
    -1.681438303989));
#4200 = VECTOR('',#4201,1.);
#4201 = DIRECTION('',(-1.,4.371139210811E-08,-4.371138446537E-08));
#4202 = ORIENTED_EDGE('',*,*,#3953,.F.);
#4203 = ORIENTED_EDGE('',*,*,#3930,.F.);
#4204 = ORIENTED_EDGE('',*,*,#3898,.F.);
#4205 = ORIENTED_EDGE('',*,*,#3866,.F.);
#4206 = ORIENTED_EDGE('',*,*,#3835,.F.);
#4207 = ORIENTED_EDGE('',*,*,#3802,.F.);
#4208 = ORIENTED_EDGE('',*,*,#1495,.F.);
#4209 = ORIENTED_EDGE('',*,*,#3771,.F.);
#4210 = ORIENTED_EDGE('',*,*,#3749,.F.);
#4211 = ORIENTED_EDGE('',*,*,#3690,.F.);
#4212 = ORIENTED_EDGE('',*,*,#4093,.F.);
#4213 = ORIENTED_EDGE('',*,*,#4214,.F.);
#4214 = EDGE_CURVE('',#4196,#4094,#4215,.T.);
#4215 = LINE('',#4216,#4217);
#4216 = CARTESIAN_POINT('',(-1.24999910893,6.974913355178,
    -1.681438312731));
#4217 = VECTOR('',#4218,1.);
#4218 = DIRECTION('',(4.371138828674E-08,8.742277466279E-08,-1.));
#4219 = PLANE('',#4220);
#4220 = AXIS2_PLACEMENT_3D('',#4221,#4222,#4223);
#4221 = CARTESIAN_POINT('',(1.850000911615,6.974913260762,
    -2.151438177226));
#4222 = DIRECTION('',(4.371138828674E-08,1.,8.742277657348E-08));
#4223 = DIRECTION('',(1.,-4.371139210811E-08,4.371138446537E-08));
#4224 = ADVANCED_FACE('',(#4225),#4259,.T.);
#4225 = FACE_BOUND('',#4226,.T.);
#4226 = EDGE_LOOP('',(#4227,#4237,#4245,#4253));
#4227 = ORIENTED_EDGE('',*,*,#4228,.T.);
#4228 = EDGE_CURVE('',#4229,#4231,#4233,.T.);
#4229 = VERTEX_POINT('',#4230);
#4230 = CARTESIAN_POINT('',(1.537247386468,6.474913252577,
    -1.901438234608));
#4231 = VERTEX_POINT('',#4232);
#4232 = CARTESIAN_POINT('',(1.367268211006,6.474913267416,
    -1.986185127745));
#4233 = LINE('',#4234,#4235);
#4234 = CARTESIAN_POINT('',(1.537247386468,6.474913252577,
    -1.901438234608));
#4235 = VECTOR('',#4236,1.);
#4236 = DIRECTION('',(-0.894937720165,7.812623299572E-08,-0.446191076811
    ));
#4237 = ORIENTED_EDGE('',*,*,#4238,.T.);
#4238 = EDGE_CURVE('',#4231,#4239,#4241,.T.);
#4239 = VERTEX_POINT('',#4240);
#4240 = CARTESIAN_POINT('',(1.367268217563,6.624913267416,
    -1.986185114632));
#4241 = LINE('',#4242,#4243);
#4242 = CARTESIAN_POINT('',(1.367268211006,6.474913267416,
    -1.986185127745));
#4243 = VECTOR('',#4244,1.);
#4244 = DIRECTION('',(4.371138828674E-08,1.,8.742277657348E-08));
#4245 = ORIENTED_EDGE('',*,*,#4246,.F.);
#4246 = EDGE_CURVE('',#4247,#4239,#4249,.T.);
#4247 = VERTEX_POINT('',#4248);
#4248 = CARTESIAN_POINT('',(1.537247393024,6.624913252577,
    -1.901438221495));
#4249 = LINE('',#4250,#4251);
#4250 = CARTESIAN_POINT('',(1.537247393024,6.624913252577,
    -1.901438221495));
#4251 = VECTOR('',#4252,1.);
#4252 = DIRECTION('',(-0.894937720165,7.812623299572E-08,-0.446191076811
    ));
#4253 = ORIENTED_EDGE('',*,*,#4254,.F.);
#4254 = EDGE_CURVE('',#4229,#4247,#4255,.T.);
#4255 = LINE('',#4256,#4257);
#4256 = CARTESIAN_POINT('',(1.537247386468,6.474913252577,
    -1.901438234608));
#4257 = VECTOR('',#4258,1.);
#4258 = DIRECTION('',(4.371138828674E-08,1.,8.742277657348E-08));
#4259 = PLANE('',#4260);
#4260 = AXIS2_PLACEMENT_3D('',#4261,#4262,#4263);
#4261 = CARTESIAN_POINT('',(1.537247386468,6.474913252577,
    -1.901438234608));
#4262 = DIRECTION('',(0.446191076811,5.873430894859E-08,-0.894937720165)
  );
#4263 = DIRECTION('',(-4.371138828674E-08,-1.,-8.742277657348E-08));
#4264 = ADVANCED_FACE('',(#4265),#4292,.T.);
#4265 = FACE_BOUND('',#4266,.T.);
#4266 = EDGE_LOOP('',(#4267,#4277,#4284,#4285));
#4267 = ORIENTED_EDGE('',*,*,#4268,.T.);
#4268 = EDGE_CURVE('',#4269,#4271,#4273,.T.);
#4269 = VERTEX_POINT('',#4270);
#4270 = CARTESIAN_POINT('',(1.344958659351,6.47491326885,-1.991438241737
    ));
#4271 = VERTEX_POINT('',#4272);
#4272 = CARTESIAN_POINT('',(1.344958665908,6.62491326885,-1.991438228623
    ));
#4273 = LINE('',#4274,#4275);
#4274 = CARTESIAN_POINT('',(1.344958659351,6.47491326885,-1.991438241737
    ));
#4275 = VECTOR('',#4276,1.);
#4276 = DIRECTION('',(4.371138828674E-08,1.,8.742277657348E-08));
#4277 = ORIENTED_EDGE('',*,*,#4278,.F.);
#4278 = EDGE_CURVE('',#4239,#4271,#4279,.T.);
#4279 = CIRCLE('',#4280,5.E-02);
#4280 = AXIS2_PLACEMENT_3D('',#4281,#4282,#4283);
#4281 = CARTESIAN_POINT('',(1.344958663722,6.624913264479,
    -1.941438228623));
#4282 = DIRECTION('',(4.371138828674E-08,1.,8.742277657348E-08));
#4283 = DIRECTION('',(0.446191076811,5.87343089486E-08,-0.894937720165)
  );
#4284 = ORIENTED_EDGE('',*,*,#4238,.F.);
#4285 = ORIENTED_EDGE('',*,*,#4286,.T.);
#4286 = EDGE_CURVE('',#4231,#4269,#4287,.T.);
#4287 = CIRCLE('',#4288,5.E-02);
#4288 = AXIS2_PLACEMENT_3D('',#4289,#4290,#4291);
#4289 = CARTESIAN_POINT('',(1.344958657165,6.474913264479,
    -1.941438241737));
#4290 = DIRECTION('',(4.371138828674E-08,1.,8.742277657348E-08));
#4291 = DIRECTION('',(0.446191076811,5.87343089486E-08,-0.894937720165)
  );
#4292 = CYLINDRICAL_SURFACE('',#4293,5.E-02);
#4293 = AXIS2_PLACEMENT_3D('',#4294,#4295,#4296);
#4294 = CARTESIAN_POINT('',(1.344958657165,6.474913264479,
    -1.941438241737));
#4295 = DIRECTION('',(4.371138828674E-08,1.,8.742277657348E-08));
#4296 = DIRECTION('',(4.371138828674E-08,8.742277466279E-08,-1.));
#4297 = ADVANCED_FACE('',(#4298),#4323,.T.);
#4298 = FACE_BOUND('',#4299,.T.);
#4299 = EDGE_LOOP('',(#4300,#4310,#4316,#4317));
#4300 = ORIENTED_EDGE('',*,*,#4301,.T.);
#4301 = EDGE_CURVE('',#4302,#4304,#4306,.T.);
#4302 = VERTEX_POINT('',#4303);
#4303 = CARTESIAN_POINT('',(1.329737406084,6.474913269516,
    -1.991438242402));
#4304 = VERTEX_POINT('',#4305);
#4305 = CARTESIAN_POINT('',(1.329737412641,6.624913269516,
    -1.991438229289));
#4306 = LINE('',#4307,#4308);
#4307 = CARTESIAN_POINT('',(1.329737406084,6.474913269516,
    -1.991438242402));
#4308 = VECTOR('',#4309,1.);
#4309 = DIRECTION('',(4.371138828674E-08,1.,8.742277657348E-08));
#4310 = ORIENTED_EDGE('',*,*,#4311,.F.);
#4311 = EDGE_CURVE('',#4271,#4304,#4312,.T.);
#4312 = LINE('',#4313,#4314);
#4313 = CARTESIAN_POINT('',(1.344958665908,6.62491326885,-1.991438228623
    ));
#4314 = VECTOR('',#4315,1.);
#4315 = DIRECTION('',(-1.,4.371139210811E-08,-4.371138446537E-08));
#4316 = ORIENTED_EDGE('',*,*,#4268,.F.);
#4317 = ORIENTED_EDGE('',*,*,#4318,.T.);
#4318 = EDGE_CURVE('',#4269,#4302,#4319,.T.);
#4319 = LINE('',#4320,#4321);
#4320 = CARTESIAN_POINT('',(1.344958659351,6.47491326885,-1.991438241737
    ));
#4321 = VECTOR('',#4322,1.);
#4322 = DIRECTION('',(-1.,4.371139210811E-08,-4.371138446537E-08));
#4323 = PLANE('',#4324);
#4324 = AXIS2_PLACEMENT_3D('',#4325,#4326,#4327);
#4325 = CARTESIAN_POINT('',(1.344958659351,6.47491326885,-1.991438241737
    ));
#4326 = DIRECTION('',(4.371138828674E-08,8.742277466279E-08,-1.));
#4327 = DIRECTION('',(-4.371138828674E-08,-1.,-8.742277657348E-08));
#4328 = ADVANCED_FACE('',(#4329),#4356,.F.);
#4329 = FACE_BOUND('',#4330,.F.);
#4330 = EDGE_LOOP('',(#4331,#4340,#4341,#4350));
#4331 = ORIENTED_EDGE('',*,*,#4332,.F.);
#4332 = EDGE_CURVE('',#4302,#4333,#4335,.T.);
#4333 = VERTEX_POINT('',#4334);
#4334 = CARTESIAN_POINT('',(1.264411813433,6.474913266689,
    -1.926439060714));
#4335 = CIRCLE('',#4336,6.5E-02);
#4336 = AXIS2_PLACEMENT_3D('',#4337,#4338,#4339);
#4337 = CARTESIAN_POINT('',(1.264737406084,6.474913272357,
    -1.991438245243));
#4338 = DIRECTION('',(-4.371138828674E-08,-1.,-8.742277657348E-08));
#4339 = DIRECTION('',(1.,-4.371139210811E-08,4.371138446537E-08));
#4340 = ORIENTED_EDGE('',*,*,#4301,.T.);
#4341 = ORIENTED_EDGE('',*,*,#4342,.T.);
#4342 = EDGE_CURVE('',#4304,#4343,#4345,.T.);
#4343 = VERTEX_POINT('',#4344);
#4344 = CARTESIAN_POINT('',(1.264411819989,6.624913266689,
    -1.926439047601));
#4345 = CIRCLE('',#4346,6.5E-02);
#4346 = AXIS2_PLACEMENT_3D('',#4347,#4348,#4349);
#4347 = CARTESIAN_POINT('',(1.264737412641,6.624913272357,-1.99143823213
    ));
#4348 = DIRECTION('',(-4.371138828674E-08,-1.,-8.742277657348E-08));
#4349 = DIRECTION('',(1.,-4.371139210811E-08,4.371138446537E-08));
#4350 = ORIENTED_EDGE('',*,*,#4351,.F.);
#4351 = EDGE_CURVE('',#4333,#4343,#4352,.T.);
#4352 = LINE('',#4353,#4354);
#4353 = CARTESIAN_POINT('',(1.264411813433,6.474913266689,
    -1.926439060714));
#4354 = VECTOR('',#4355,1.);
#4355 = DIRECTION('',(4.371138828674E-08,1.,8.742277657348E-08));
#4356 = CYLINDRICAL_SURFACE('',#4357,6.5E-02);
#4357 = AXIS2_PLACEMENT_3D('',#4358,#4359,#4360);
#4358 = CARTESIAN_POINT('',(1.264737406084,6.474913272357,
    -1.991438245243));
#4359 = DIRECTION('',(4.371138828674E-08,1.,8.742277657348E-08));
#4360 = DIRECTION('',(4.371138828674E-08,8.742277466279E-08,-1.));
#4361 = ADVANCED_FACE('',(#4362),#4387,.T.);
#4362 = FACE_BOUND('',#4363,.T.);
#4363 = EDGE_LOOP('',(#4364,#4372,#4373,#4381));
#4364 = ORIENTED_EDGE('',*,*,#4365,.F.);
#4365 = EDGE_CURVE('',#4343,#4366,#4368,.T.);
#4366 = VERTEX_POINT('',#4367);
#4367 = CARTESIAN_POINT('',(0.946052066523,6.624913280744,
    -1.928033769089));
#4368 = LINE('',#4369,#4370);
#4369 = CARTESIAN_POINT('',(1.264411819989,6.624913266689,
    -1.926439047601));
#4370 = VECTOR('',#4371,1.);
#4371 = DIRECTION('',(-0.999987454291,4.414875087538E-08,
    -5.009117716878E-03));
#4372 = ORIENTED_EDGE('',*,*,#4351,.F.);
#4373 = ORIENTED_EDGE('',*,*,#4374,.T.);
#4374 = EDGE_CURVE('',#4333,#4375,#4377,.T.);
#4375 = VERTEX_POINT('',#4376);
#4376 = CARTESIAN_POINT('',(0.946052059966,6.474913280744,
    -1.928033782203));
#4377 = LINE('',#4378,#4379);
#4378 = CARTESIAN_POINT('',(1.264411813433,6.474913266689,
    -1.926439060714));
#4379 = VECTOR('',#4380,1.);
#4380 = DIRECTION('',(-0.999987454291,4.414875087538E-08,
    -5.009117716878E-03));
#4381 = ORIENTED_EDGE('',*,*,#4382,.T.);
#4382 = EDGE_CURVE('',#4375,#4366,#4383,.T.);
#4383 = LINE('',#4384,#4385);
#4384 = CARTESIAN_POINT('',(0.946052059966,6.474913280744,
    -1.928033782203));
#4385 = VECTOR('',#4386,1.);
#4386 = DIRECTION('',(4.371138828674E-08,1.,8.742277657348E-08));
#4387 = PLANE('',#4388);
#4388 = AXIS2_PLACEMENT_3D('',#4389,#4390,#4391);
#4389 = CARTESIAN_POINT('',(1.264411813433,6.474913266689,
    -1.926439060714));
#4390 = DIRECTION('',(5.009117716882E-03,8.720272430328E-08,
    -0.999987454291));
#4391 = DIRECTION('',(-4.371138828674E-08,-1.,-8.742277657348E-08));
#4392 = ADVANCED_FACE('',(#4393),#4429,.F.);
#4393 = FACE_BOUND('',#4394,.F.);
#4394 = EDGE_LOOP('',(#4395,#4405,#4414,#4422));
#4395 = ORIENTED_EDGE('',*,*,#4396,.T.);
#4396 = EDGE_CURVE('',#4397,#4399,#4401,.T.);
#4397 = VERTEX_POINT('',#4398);
#4398 = CARTESIAN_POINT('',(1.319773155554,6.474913299238,
    -2.326438244115));
#4399 = VERTEX_POINT('',#4400);
#4400 = CARTESIAN_POINT('',(1.319773162111,6.624913299238,
    -2.326438231001));
#4401 = LINE('',#4402,#4403);
#4402 = CARTESIAN_POINT('',(1.319773155554,6.474913299238,
    -2.326438244115));
#4403 = VECTOR('',#4404,1.);
#4404 = DIRECTION('',(4.371138828674E-08,1.,8.742277657348E-08));
#4405 = ORIENTED_EDGE('',*,*,#4406,.T.);
#4406 = EDGE_CURVE('',#4399,#4407,#4409,.T.);
#4407 = VERTEX_POINT('',#4408);
#4408 = CARTESIAN_POINT('',(1.32973594361,6.62491329574,-2.291415066829)
  );
#4409 = CIRCLE('',#4410,6.5E-02);
#4410 = AXIS2_PLACEMENT_3D('',#4411,#4412,#4413);
#4411 = CARTESIAN_POINT('',(1.264737425773,6.62491329862,-2.291854018914
    ));
#4412 = DIRECTION('',(-4.371138828674E-08,-1.,-8.742277657348E-08));
#4413 = DIRECTION('',(0.846703635974,9.503990854538E-09,-0.532064801343)
  );
#4414 = ORIENTED_EDGE('',*,*,#4415,.F.);
#4415 = EDGE_CURVE('',#4416,#4407,#4418,.T.);
#4416 = VERTEX_POINT('',#4417);
#4417 = CARTESIAN_POINT('',(1.329735937053,6.47491329574,-2.291415079943
    ));
#4418 = LINE('',#4419,#4420);
#4419 = CARTESIAN_POINT('',(1.329735937053,6.47491329574,-2.291415079943
    ));
#4420 = VECTOR('',#4421,1.);
#4421 = DIRECTION('',(4.371138828674E-08,1.,8.742277657348E-08));
#4422 = ORIENTED_EDGE('',*,*,#4423,.F.);
#4423 = EDGE_CURVE('',#4397,#4416,#4424,.T.);
#4424 = CIRCLE('',#4425,6.5E-02);
#4425 = AXIS2_PLACEMENT_3D('',#4426,#4427,#4428);
#4426 = CARTESIAN_POINT('',(1.264737419216,6.47491329862,-2.291854032027
    ));
#4427 = DIRECTION('',(-4.371138828674E-08,-1.,-8.742277657348E-08));
#4428 = DIRECTION('',(0.846703635974,9.503990854538E-09,-0.532064801343)
  );
#4429 = CYLINDRICAL_SURFACE('',#4430,6.5E-02);
#4430 = AXIS2_PLACEMENT_3D('',#4431,#4432,#4433);
#4431 = CARTESIAN_POINT('',(1.264737419216,6.47491329862,-2.291854032027
    ));
#4432 = DIRECTION('',(4.371138828674E-08,1.,8.742277657348E-08));
#4433 = DIRECTION('',(4.371138828674E-08,8.742277466279E-08,-1.));
#4434 = ADVANCED_FACE('',(#4435),#4460,.T.);
#4435 = FACE_BOUND('',#4436,.T.);
#4436 = EDGE_LOOP('',(#4437,#4447,#4453,#4454));
#4437 = ORIENTED_EDGE('',*,*,#4438,.T.);
#4438 = EDGE_CURVE('',#4439,#4441,#4443,.T.);
#4439 = VERTEX_POINT('',#4440);
#4440 = CARTESIAN_POINT('',(1.344943754554,6.474913295192,
    -2.292745572472));
#4441 = VERTEX_POINT('',#4442);
#4442 = CARTESIAN_POINT('',(1.344943761111,6.624913295192,
    -2.292745559359));
#4443 = LINE('',#4444,#4445);
#4444 = CARTESIAN_POINT('',(1.344943754554,6.474913295192,
    -2.292745572472));
#4445 = VECTOR('',#4446,1.);
#4446 = DIRECTION('',(4.371138828674E-08,1.,8.742277657348E-08));
#4447 = ORIENTED_EDGE('',*,*,#4448,.F.);
#4448 = EDGE_CURVE('',#4407,#4441,#4449,.T.);
#4449 = LINE('',#4450,#4451);
#4450 = CARTESIAN_POINT('',(1.32973594361,6.62491329574,-2.291415066829)
  );
#4451 = VECTOR('',#4452,1.);
#4452 = DIRECTION('',(0.996194806716,-3.592576952385E-08,
    -8.715450115399E-02));
#4453 = ORIENTED_EDGE('',*,*,#4415,.F.);
#4454 = ORIENTED_EDGE('',*,*,#4455,.T.);
#4455 = EDGE_CURVE('',#4416,#4439,#4456,.T.);
#4456 = LINE('',#4457,#4458);
#4457 = CARTESIAN_POINT('',(1.329735937053,6.47491329574,-2.291415079943
    ));
#4458 = VECTOR('',#4459,1.);
#4459 = DIRECTION('',(0.996194806716,-3.592576952385E-08,
    -8.715450115399E-02));
#4460 = PLANE('',#4461);
#4461 = AXIS2_PLACEMENT_3D('',#4462,#4463,#4464);
#4462 = CARTESIAN_POINT('',(1.329735937053,6.47491329574,-2.291415079943
    ));
#4463 = DIRECTION('',(8.715450115399E-02,-9.08997602521E-08,
    0.996194806716));
#4464 = DIRECTION('',(4.371138828674E-08,1.,8.742277657348E-08));
#4465 = ADVANCED_FACE('',(#4466),#4493,.T.);
#4466 = FACE_BOUND('',#4467,.T.);
#4467 = EDGE_LOOP('',(#4468,#4478,#4485,#4486));
#4468 = ORIENTED_EDGE('',*,*,#4469,.T.);
#4469 = EDGE_CURVE('',#4470,#4472,#4474,.T.);
#4470 = VERTEX_POINT('',#4471);
#4471 = CARTESIAN_POINT('',(1.370562223693,6.474913294928,
    -2.302537469519));
#4472 = VERTEX_POINT('',#4473);
#4473 = CARTESIAN_POINT('',(1.37056223025,6.624913294928,-2.302537456405
    ));
#4474 = LINE('',#4475,#4476);
#4475 = CARTESIAN_POINT('',(1.370562223693,6.474913294928,
    -2.302537469519));
#4476 = VECTOR('',#4477,1.);
#4477 = DIRECTION('',(4.371138828674E-08,1.,8.742277657348E-08));
#4478 = ORIENTED_EDGE('',*,*,#4479,.F.);
#4479 = EDGE_CURVE('',#4441,#4472,#4480,.T.);
#4480 = CIRCLE('',#4481,5.E-02);
#4481 = AXIS2_PLACEMENT_3D('',#4482,#4483,#4484);
#4482 = CARTESIAN_POINT('',(1.340586036053,6.624913299737,
    -2.342555299694));
#4483 = DIRECTION('',(4.371138828674E-08,1.,8.742277657348E-08));
#4484 = DIRECTION('',(8.715450115402E-02,-9.08997602521E-08,
    0.996194806716));
#4485 = ORIENTED_EDGE('',*,*,#4438,.F.);
#4486 = ORIENTED_EDGE('',*,*,#4487,.T.);
#4487 = EDGE_CURVE('',#4439,#4470,#4488,.T.);
#4488 = CIRCLE('',#4489,5.E-02);
#4489 = AXIS2_PLACEMENT_3D('',#4490,#4491,#4492);
#4490 = CARTESIAN_POINT('',(1.340586029497,6.474913299737,
    -2.342555312808));
#4491 = DIRECTION('',(4.371138828674E-08,1.,8.742277657348E-08));
#4492 = DIRECTION('',(8.715450115402E-02,-9.08997602521E-08,
    0.996194806716));
#4493 = CYLINDRICAL_SURFACE('',#4494,5.E-02);
#4494 = AXIS2_PLACEMENT_3D('',#4495,#4496,#4497);
#4495 = CARTESIAN_POINT('',(1.340586029497,6.474913299737,
    -2.342555312808));
#4496 = DIRECTION('',(4.371138828674E-08,1.,8.742277657348E-08));
#4497 = DIRECTION('',(4.371138828674E-08,8.742277466279E-08,-1.));
#4498 = ADVANCED_FACE('',(#4499),#4524,.T.);
#4499 = FACE_BOUND('',#4500,.T.);
#4500 = EDGE_LOOP('',(#4501,#4509,#4510,#4518));
#4501 = ORIENTED_EDGE('',*,*,#4502,.F.);
#4502 = EDGE_CURVE('',#4472,#4503,#4505,.T.);
#4503 = VERTEX_POINT('',#4504);
#4504 = CARTESIAN_POINT('',(1.402469459744,6.624913295623,
    -2.326438227386));
#4505 = LINE('',#4506,#4507);
#4506 = CARTESIAN_POINT('',(1.37056223025,6.624913294928,-2.302537456405
    ));
#4507 = VECTOR('',#4508,1.);
#4508 = DIRECTION('',(0.800356865779,1.742733282715E-08,-0.599523883929)
  );
#4509 = ORIENTED_EDGE('',*,*,#4469,.F.);
#4510 = ORIENTED_EDGE('',*,*,#4511,.T.);
#4511 = EDGE_CURVE('',#4470,#4512,#4514,.T.);
#4512 = VERTEX_POINT('',#4513);
#4513 = CARTESIAN_POINT('',(1.402469453188,6.474913295623,-2.3264382405)
  );
#4514 = LINE('',#4515,#4516);
#4515 = CARTESIAN_POINT('',(1.370562223693,6.474913294928,
    -2.302537469519));
#4516 = VECTOR('',#4517,1.);
#4517 = DIRECTION('',(0.800356865779,1.742733282715E-08,-0.599523883929)
  );
#4518 = ORIENTED_EDGE('',*,*,#4519,.T.);
#4519 = EDGE_CURVE('',#4512,#4503,#4520,.T.);
#4520 = LINE('',#4521,#4522);
#4521 = CARTESIAN_POINT('',(1.402469453188,6.474913295623,-2.3264382405)
  );
#4522 = VECTOR('',#4523,1.);
#4523 = DIRECTION('',(4.371138828674E-08,1.,8.742277657348E-08));
#4524 = PLANE('',#4525);
#4525 = AXIS2_PLACEMENT_3D('',#4526,#4527,#4528);
#4526 = CARTESIAN_POINT('',(1.370562223693,6.474913294928,
    -2.302537469519));
#4527 = DIRECTION('',(0.599523883929,-9.61754407336E-08,0.800356865779)
  );
#4528 = DIRECTION('',(4.371138828674E-08,1.,8.742277657348E-08));
#4529 = ADVANCED_FACE('',(#4530),#4564,.T.);
#4530 = FACE_BOUND('',#4531,.T.);
#4531 = EDGE_LOOP('',(#4532,#4542,#4550,#4558));
#4532 = ORIENTED_EDGE('',*,*,#4533,.T.);
#4533 = EDGE_CURVE('',#4534,#4536,#4538,.T.);
#4534 = VERTEX_POINT('',#4535);
#4535 = CARTESIAN_POINT('',(-0.349999095161,6.474913387088,
    -2.496438317103));
#4536 = VERTEX_POINT('',#4537);
#4537 = CARTESIAN_POINT('',(-0.634305549527,6.474913399515,
    -2.49643832953));
#4538 = LINE('',#4539,#4540);
#4539 = CARTESIAN_POINT('',(-0.349999095161,6.474913387088,
    -2.496438317103));
#4540 = VECTOR('',#4541,1.);
#4541 = DIRECTION('',(-1.,4.371139210811E-08,-4.371138446537E-08));
#4542 = ORIENTED_EDGE('',*,*,#4543,.F.);
#4543 = EDGE_CURVE('',#4544,#4536,#4546,.T.);
#4544 = VERTEX_POINT('',#4545);
#4545 = CARTESIAN_POINT('',(-0.63430554297,6.624913399515,
    -2.496438316417));
#4546 = LINE('',#4547,#4548);
#4547 = CARTESIAN_POINT('',(-0.63430554297,6.624913399515,
    -2.496438316417));
#4548 = VECTOR('',#4549,1.);
#4549 = DIRECTION('',(-4.371138828674E-08,-1.,-8.742277657348E-08));
#4550 = ORIENTED_EDGE('',*,*,#4551,.F.);
#4551 = EDGE_CURVE('',#4552,#4544,#4554,.T.);
#4552 = VERTEX_POINT('',#4553);
#4553 = CARTESIAN_POINT('',(-0.349999088604,6.624913387088,
    -2.496438303989));
#4554 = LINE('',#4555,#4556);
#4555 = CARTESIAN_POINT('',(-0.349999088604,6.624913387088,
    -2.496438303989));
#4556 = VECTOR('',#4557,1.);
#4557 = DIRECTION('',(-1.,4.371139210811E-08,-4.371138446537E-08));
#4558 = ORIENTED_EDGE('',*,*,#4559,.F.);
#4559 = EDGE_CURVE('',#4534,#4552,#4560,.T.);
#4560 = LINE('',#4561,#4562);
#4561 = CARTESIAN_POINT('',(-0.349999095161,6.474913387088,
    -2.496438317103));
#4562 = VECTOR('',#4563,1.);
#4563 = DIRECTION('',(4.371138828674E-08,1.,8.742277657348E-08));
#4564 = PLANE('',#4565);
#4565 = AXIS2_PLACEMENT_3D('',#4566,#4567,#4568);
#4566 = CARTESIAN_POINT('',(-0.349999095161,6.474913387088,
    -2.496438317103));
#4567 = DIRECTION('',(4.371138828674E-08,8.742277466279E-08,-1.));
#4568 = DIRECTION('',(-4.371138828674E-08,-1.,-8.742277657348E-08));
#4569 = ADVANCED_FACE('',(#4570),#4604,.T.);
#4570 = FACE_BOUND('',#4571,.T.);
#4571 = EDGE_LOOP('',(#4572,#4582,#4590,#4598));
#4572 = ORIENTED_EDGE('',*,*,#4573,.T.);
#4573 = EDGE_CURVE('',#4574,#4576,#4578,.T.);
#4574 = VERTEX_POINT('',#4575);
#4575 = CARTESIAN_POINT('',(-0.581869102856,6.474913381833,
    -2.320395422916));
#4576 = VERTEX_POINT('',#4577);
#4577 = CARTESIAN_POINT('',(-0.438577373045,6.474913372624,
    -2.286707479937));
#4578 = LINE('',#4579,#4580);
#4579 = CARTESIAN_POINT('',(-0.581869102856,6.474913381833,
    -2.320395422916));
#4580 = VECTOR('',#4581,1.);
#4581 = DIRECTION('',(0.973459195183,-6.255888598874E-08,0.228860646058)
  );
#4582 = ORIENTED_EDGE('',*,*,#4583,.T.);
#4583 = EDGE_CURVE('',#4576,#4584,#4586,.T.);
#4584 = VERTEX_POINT('',#4585);
#4585 = CARTESIAN_POINT('',(-0.438577366489,6.624913372624,
    -2.286707466824));
#4586 = LINE('',#4587,#4588);
#4587 = CARTESIAN_POINT('',(-0.438577373045,6.474913372624,
    -2.286707479937));
#4588 = VECTOR('',#4589,1.);
#4589 = DIRECTION('',(4.371138828674E-08,1.,8.742277657348E-08));
#4590 = ORIENTED_EDGE('',*,*,#4591,.F.);
#4591 = EDGE_CURVE('',#4592,#4584,#4594,.T.);
#4592 = VERTEX_POINT('',#4593);
#4593 = CARTESIAN_POINT('',(-0.581869096299,6.624913381833,
    -2.320395409802));
#4594 = LINE('',#4595,#4596);
#4595 = CARTESIAN_POINT('',(-0.581869096299,6.624913381833,
    -2.320395409802));
#4596 = VECTOR('',#4597,1.);
#4597 = DIRECTION('',(0.973459195183,-6.255888598874E-08,0.228860646058)
  );
#4598 = ORIENTED_EDGE('',*,*,#4599,.F.);
#4599 = EDGE_CURVE('',#4574,#4592,#4600,.T.);
#4600 = LINE('',#4601,#4602);
#4601 = CARTESIAN_POINT('',(-0.581869102856,6.474913381833,
    -2.320395422916));
#4602 = VECTOR('',#4603,1.);
#4603 = DIRECTION('',(4.371138828674E-08,1.,8.742277657348E-08));
#4604 = PLANE('',#4605);
#4605 = AXIS2_PLACEMENT_3D('',#4606,#4607,#4608);
#4606 = CARTESIAN_POINT('',(-0.581869102856,6.474913381833,
    -2.320395422916));
#4607 = DIRECTION('',(-0.228860646058,-7.509868916045E-08,0.973459195183
    ));
#4608 = DIRECTION('',(-0.973459195183,6.255888598874E-08,-0.228860646058
    ));
#4609 = ADVANCED_FACE('',(#4610),#4637,.T.);
#4610 = FACE_BOUND('',#4611,.T.);
#4611 = EDGE_LOOP('',(#4612,#4622,#4629,#4630));
#4612 = ORIENTED_EDGE('',*,*,#4613,.T.);
#4613 = EDGE_CURVE('',#4614,#4616,#4618,.T.);
#4614 = VERTEX_POINT('',#4615);
#4615 = CARTESIAN_POINT('',(-0.392805252576,6.474913370159,
    -2.281399318974));
#4616 = VERTEX_POINT('',#4617);
#4617 = CARTESIAN_POINT('',(-0.39280524602,6.624913370159,-2.28139930586
    ));
#4618 = LINE('',#4619,#4620);
#4619 = CARTESIAN_POINT('',(-0.392805252576,6.474913370159,
    -2.281399318974));
#4620 = VECTOR('',#4621,1.);
#4621 = DIRECTION('',(4.371138828674E-08,1.,8.742277657348E-08));
#4622 = ORIENTED_EDGE('',*,*,#4623,.F.);
#4623 = EDGE_CURVE('',#4584,#4616,#4624,.T.);
#4624 = CIRCLE('',#4625,0.2);
#4625 = AXIS2_PLACEMENT_3D('',#4626,#4627,#4628);
#4626 = CARTESIAN_POINT('',(-0.392805237277,6.624913387644,
    -2.48139930586));
#4627 = DIRECTION('',(4.371138828674E-08,1.,8.742277657348E-08));
#4628 = DIRECTION('',(-0.228860646058,-7.509868916045E-08,0.973459195183
    ));
#4629 = ORIENTED_EDGE('',*,*,#4583,.F.);
#4630 = ORIENTED_EDGE('',*,*,#4631,.T.);
#4631 = EDGE_CURVE('',#4576,#4614,#4632,.T.);
#4632 = CIRCLE('',#4633,0.2);
#4633 = AXIS2_PLACEMENT_3D('',#4634,#4635,#4636);
#4634 = CARTESIAN_POINT('',(-0.392805243834,6.474913387644,
    -2.481399318974));
#4635 = DIRECTION('',(4.371138828674E-08,1.,8.742277657348E-08));
#4636 = DIRECTION('',(-0.228860646058,-7.509868916045E-08,0.973459195183
    ));
#4637 = CYLINDRICAL_SURFACE('',#4638,0.2);
#4638 = AXIS2_PLACEMENT_3D('',#4639,#4640,#4641);
#4639 = CARTESIAN_POINT('',(-0.392805243834,6.474913387644,
    -2.481399318974));
#4640 = DIRECTION('',(4.371138828674E-08,1.,8.742277657348E-08));
#4641 = DIRECTION('',(4.371138828674E-08,8.742277466279E-08,-1.));
#4642 = ADVANCED_FACE('',(#4643),#4668,.T.);
#4643 = FACE_BOUND('',#4644,.T.);
#4644 = EDGE_LOOP('',(#4645,#4653,#4654,#4662));
#4645 = ORIENTED_EDGE('',*,*,#4646,.F.);
#4646 = EDGE_CURVE('',#4616,#4647,#4649,.T.);
#4647 = VERTEX_POINT('',#4648);
#4648 = CARTESIAN_POINT('',(-0.349999098004,6.624913368288,
    -2.281399303989));
#4649 = LINE('',#4650,#4651);
#4650 = CARTESIAN_POINT('',(-0.39280524602,6.624913370159,-2.28139930586
    ));
#4651 = VECTOR('',#4652,1.);
#4652 = DIRECTION('',(1.,-4.371139210811E-08,4.371138446537E-08));
#4653 = ORIENTED_EDGE('',*,*,#4613,.F.);
#4654 = ORIENTED_EDGE('',*,*,#4655,.T.);
#4655 = EDGE_CURVE('',#4614,#4656,#4658,.T.);
#4656 = VERTEX_POINT('',#4657);
#4657 = CARTESIAN_POINT('',(-0.34999910456,6.474913368288,
    -2.281399317103));
#4658 = LINE('',#4659,#4660);
#4659 = CARTESIAN_POINT('',(-0.392805252576,6.474913370159,
    -2.281399318974));
#4660 = VECTOR('',#4661,1.);
#4661 = DIRECTION('',(1.,-4.371139210811E-08,4.371138446537E-08));
#4662 = ORIENTED_EDGE('',*,*,#4663,.T.);
#4663 = EDGE_CURVE('',#4656,#4647,#4664,.T.);
#4664 = LINE('',#4665,#4666);
#4665 = CARTESIAN_POINT('',(-0.34999910456,6.474913368288,
    -2.281399317103));
#4666 = VECTOR('',#4667,1.);
#4667 = DIRECTION('',(4.371138828674E-08,1.,8.742277657348E-08));
#4668 = PLANE('',#4669);
#4669 = AXIS2_PLACEMENT_3D('',#4670,#4671,#4672);
#4670 = CARTESIAN_POINT('',(-0.392805252576,6.474913370159,
    -2.281399318974));
#4671 = DIRECTION('',(-4.371138828674E-08,-8.742277466279E-08,1.));
#4672 = DIRECTION('',(-1.,4.371139210811E-08,-4.371138446537E-08));
#4673 = ADVANCED_FACE('',(#4674),#4710,.F.);
#4674 = FACE_BOUND('',#4675,.F.);
#4675 = EDGE_LOOP('',(#4676,#4687,#4695,#4704));
#4676 = ORIENTED_EDGE('',*,*,#4677,.F.);
#4677 = EDGE_CURVE('',#4678,#4680,#4682,.T.);
#4678 = VERTEX_POINT('',#4679);
#4679 = CARTESIAN_POINT('',(-1.260771864799,6.474913382301,
    -1.986300711758));
#4680 = VERTEX_POINT('',#4681);
#4681 = CARTESIAN_POINT('',(-1.282279840038,6.474913382816,
    -1.981438357854));
#4682 = CIRCLE('',#4683,5.E-02);
#4683 = AXIS2_PLACEMENT_3D('',#4684,#4685,#4686);
#4684 = CARTESIAN_POINT('',(-1.282279837852,6.474913387187,
    -2.031438357854));
#4685 = DIRECTION('',(-4.371138828674E-08,-1.,-8.742277657348E-08));
#4686 = DIRECTION('',(0.430159461092,-9.772403422297E-08,0.902752921919)
  );
#4687 = ORIENTED_EDGE('',*,*,#4688,.T.);
#4688 = EDGE_CURVE('',#4678,#4689,#4691,.T.);
#4689 = VERTEX_POINT('',#4690);
#4690 = CARTESIAN_POINT('',(-1.260771858242,6.624913382301,
    -1.986300698644));
#4691 = LINE('',#4692,#4693);
#4692 = CARTESIAN_POINT('',(-1.260771864799,6.474913382301,
    -1.986300711758));
#4693 = VECTOR('',#4694,1.);
#4694 = DIRECTION('',(4.371138828674E-08,1.,8.742277657348E-08));
#4695 = ORIENTED_EDGE('',*,*,#4696,.T.);
#4696 = EDGE_CURVE('',#4689,#4697,#4699,.T.);
#4697 = VERTEX_POINT('',#4698);
#4698 = CARTESIAN_POINT('',(-1.282279833481,6.624913382816,
    -1.98143834474));
#4699 = CIRCLE('',#4700,5.E-02);
#4700 = AXIS2_PLACEMENT_3D('',#4701,#4702,#4703);
#4701 = CARTESIAN_POINT('',(-1.282279831296,6.624913387187,
    -2.03143834474));
#4702 = DIRECTION('',(-4.371138828674E-08,-1.,-8.742277657348E-08));
#4703 = DIRECTION('',(0.430159461092,-9.772403422297E-08,0.902752921919)
  );
#4704 = ORIENTED_EDGE('',*,*,#4705,.F.);
#4705 = EDGE_CURVE('',#4680,#4697,#4706,.T.);
#4706 = LINE('',#4707,#4708);
#4707 = CARTESIAN_POINT('',(-1.282279840038,6.474913382816,
    -1.981438357854));
#4708 = VECTOR('',#4709,1.);
#4709 = DIRECTION('',(4.371138828674E-08,1.,8.742277657348E-08));
#4710 = CYLINDRICAL_SURFACE('',#4711,5.E-02);
#4711 = AXIS2_PLACEMENT_3D('',#4712,#4713,#4714);
#4712 = CARTESIAN_POINT('',(-1.282279837852,6.474913387187,
    -2.031438357854));
#4713 = DIRECTION('',(4.371138828674E-08,1.,8.742277657348E-08));
#4714 = DIRECTION('',(4.371138828674E-08,8.742277466279E-08,-1.));
#4715 = ADVANCED_FACE('',(#4716),#4741,.T.);
#4716 = FACE_BOUND('',#4717,.T.);
#4717 = EDGE_LOOP('',(#4718,#4728,#4734,#4735));
#4718 = ORIENTED_EDGE('',*,*,#4719,.T.);
#4719 = EDGE_CURVE('',#4720,#4722,#4724,.T.);
#4720 = VERTEX_POINT('',#4721);
#4721 = CARTESIAN_POINT('',(-1.349999117672,6.474913385776,
    -1.981438360814));
#4722 = VERTEX_POINT('',#4723);
#4723 = CARTESIAN_POINT('',(-1.349999111115,6.624913385776,
    -1.981438347701));
#4724 = LINE('',#4725,#4726);
#4725 = CARTESIAN_POINT('',(-1.349999117672,6.474913385776,
    -1.981438360814));
#4726 = VECTOR('',#4727,1.);
#4727 = DIRECTION('',(4.371138828674E-08,1.,8.742277657348E-08));
#4728 = ORIENTED_EDGE('',*,*,#4729,.F.);
#4729 = EDGE_CURVE('',#4697,#4722,#4730,.T.);
#4730 = LINE('',#4731,#4732);
#4731 = CARTESIAN_POINT('',(-1.282279833481,6.624913382816,
    -1.98143834474));
#4732 = VECTOR('',#4733,1.);
#4733 = DIRECTION('',(-1.,4.371139210811E-08,-4.371138446537E-08));
#4734 = ORIENTED_EDGE('',*,*,#4705,.F.);
#4735 = ORIENTED_EDGE('',*,*,#4736,.T.);
#4736 = EDGE_CURVE('',#4680,#4720,#4737,.T.);
#4737 = LINE('',#4738,#4739);
#4738 = CARTESIAN_POINT('',(-1.282279840038,6.474913382816,
    -1.981438357854));
#4739 = VECTOR('',#4740,1.);
#4740 = DIRECTION('',(-1.,4.371139210811E-08,-4.371138446537E-08));
#4741 = PLANE('',#4742);
#4742 = AXIS2_PLACEMENT_3D('',#4743,#4744,#4745);
#4743 = CARTESIAN_POINT('',(-1.282279840038,6.474913382816,
    -1.981438357854));
#4744 = DIRECTION('',(4.371138828674E-08,8.742277466279E-08,-1.));
#4745 = DIRECTION('',(-4.371138828674E-08,-1.,-8.742277657348E-08));
#4746 = ADVANCED_FACE('',(#4747),#4763,.T.);
#4747 = FACE_BOUND('',#4748,.T.);
#4748 = EDGE_LOOP('',(#4749,#4750,#4756,#4757));
#4749 = ORIENTED_EDGE('',*,*,#1426,.T.);
#4750 = ORIENTED_EDGE('',*,*,#4751,.F.);
#4751 = EDGE_CURVE('',#4722,#1429,#4752,.T.);
#4752 = LINE('',#4753,#4754);
#4753 = CARTESIAN_POINT('',(-1.349999111115,6.624913385776,
    -1.981438347701));
#4754 = VECTOR('',#4755,1.);
#4755 = DIRECTION('',(-4.371138828674E-08,-8.742277466279E-08,1.));
#4756 = ORIENTED_EDGE('',*,*,#4719,.F.);
#4757 = ORIENTED_EDGE('',*,*,#4758,.T.);
#4758 = EDGE_CURVE('',#4720,#1427,#4759,.T.);
#4759 = LINE('',#4760,#4761);
#4760 = CARTESIAN_POINT('',(-1.349999117672,6.474913385776,
    -1.981438360814));
#4761 = VECTOR('',#4762,1.);
#4762 = DIRECTION('',(-4.371138828674E-08,-8.742277466279E-08,1.));
#4763 = PLANE('',#4764);
#4764 = AXIS2_PLACEMENT_3D('',#4765,#4766,#4767);
#4765 = CARTESIAN_POINT('',(-1.349999117672,6.474913385776,
    -1.981438360814));
#4766 = DIRECTION('',(-1.,4.371139210811E-08,-4.371138446537E-08));
#4767 = DIRECTION('',(-4.371138828674E-08,-8.742277466279E-08,1.));
#4768 = ADVANCED_FACE('',(#4769),#4796,.F.);
#4769 = FACE_BOUND('',#4770,.F.);
#4770 = EDGE_LOOP('',(#4771,#4780,#4788,#4795));
#4771 = ORIENTED_EDGE('',*,*,#4772,.T.);
#4772 = EDGE_CURVE('',#1437,#4773,#4775,.T.);
#4773 = VERTEX_POINT('',#4774);
#4774 = CARTESIAN_POINT('',(-1.299562126535,6.624913352933,
    -1.630968345495));
#4775 = CIRCLE('',#4776,5.E-02);
#4776 = AXIS2_PLACEMENT_3D('',#4777,#4778,#4779);
#4777 = CARTESIAN_POINT('',(-1.349562126535,6.624913355118,
    -1.630968347681));
#4778 = DIRECTION('',(-4.371138828674E-08,-1.,-8.742277657348E-08));
#4779 = DIRECTION('',(-8.73995429087E-03,8.780147307221E-08,
    -0.99996180587));
#4780 = ORIENTED_EDGE('',*,*,#4781,.F.);
#4781 = EDGE_CURVE('',#4782,#4773,#4784,.T.);
#4782 = VERTEX_POINT('',#4783);
#4783 = CARTESIAN_POINT('',(-1.299562133092,6.474913352933,
    -1.630968358608));
#4784 = LINE('',#4785,#4786);
#4785 = CARTESIAN_POINT('',(-1.299562133092,6.474913352933,
    -1.630968358608));
#4786 = VECTOR('',#4787,1.);
#4787 = DIRECTION('',(4.371138828674E-08,1.,8.742277657348E-08));
#4788 = ORIENTED_EDGE('',*,*,#4789,.F.);
#4789 = EDGE_CURVE('',#1446,#4782,#4790,.T.);
#4790 = CIRCLE('',#4791,5.E-02);
#4791 = AXIS2_PLACEMENT_3D('',#4792,#4793,#4794);
#4792 = CARTESIAN_POINT('',(-1.349562133092,6.474913355118,
    -1.630968360794));
#4793 = DIRECTION('',(-4.371138828674E-08,-1.,-8.742277657348E-08));
#4794 = DIRECTION('',(-8.73995429087E-03,8.780147307221E-08,
    -0.99996180587));
#4795 = ORIENTED_EDGE('',*,*,#1445,.T.);
#4796 = CYLINDRICAL_SURFACE('',#4797,5.E-02);
#4797 = AXIS2_PLACEMENT_3D('',#4798,#4799,#4800);
#4798 = CARTESIAN_POINT('',(-1.349562133092,6.474913355118,
    -1.630968360794));
#4799 = DIRECTION('',(4.371138828674E-08,1.,8.742277657348E-08));
#4800 = DIRECTION('',(4.371138828674E-08,8.742277466279E-08,-1.));
#4801 = ADVANCED_FACE('',(#4802),#4827,.T.);
#4802 = FACE_BOUND('',#4803,.T.);
#4803 = EDGE_LOOP('',(#4804,#4814,#4820,#4821));
#4804 = ORIENTED_EDGE('',*,*,#4805,.T.);
#4805 = EDGE_CURVE('',#4806,#4808,#4810,.T.);
#4806 = VERTEX_POINT('',#4807);
#4807 = CARTESIAN_POINT('',(-1.299562134382,6.474913350351,
    -1.601438999263));
#4808 = VERTEX_POINT('',#4809);
#4809 = CARTESIAN_POINT('',(-1.299562127826,6.624913350351,
    -1.601438986149));
#4810 = LINE('',#4811,#4812);
#4811 = CARTESIAN_POINT('',(-1.299562134382,6.474913350351,
    -1.601438999263));
#4812 = VECTOR('',#4813,1.);
#4813 = DIRECTION('',(4.371138828674E-08,1.,8.742277657348E-08));
#4814 = ORIENTED_EDGE('',*,*,#4815,.F.);
#4815 = EDGE_CURVE('',#4773,#4808,#4816,.T.);
#4816 = LINE('',#4817,#4818);
#4817 = CARTESIAN_POINT('',(-1.299562126535,6.624913352933,
    -1.630968345495));
#4818 = VECTOR('',#4819,1.);
#4819 = DIRECTION('',(-4.371138828674E-08,-8.742277466279E-08,1.));
#4820 = ORIENTED_EDGE('',*,*,#4781,.F.);
#4821 = ORIENTED_EDGE('',*,*,#4822,.T.);
#4822 = EDGE_CURVE('',#4782,#4806,#4823,.T.);
#4823 = LINE('',#4824,#4825);
#4824 = CARTESIAN_POINT('',(-1.299562133092,6.474913352933,
    -1.630968358608));
#4825 = VECTOR('',#4826,1.);
#4826 = DIRECTION('',(-4.371138828674E-08,-8.742277466279E-08,1.));
#4827 = PLANE('',#4828);
#4828 = AXIS2_PLACEMENT_3D('',#4829,#4830,#4831);
#4829 = CARTESIAN_POINT('',(-1.299562133092,6.474913352933,
    -1.630968358608));
#4830 = DIRECTION('',(-1.,4.371139210811E-08,-4.371138446537E-08));
#4831 = DIRECTION('',(-4.371138828674E-08,-8.742277466279E-08,1.));
#4832 = ADVANCED_FACE('',(#4833),#4858,.T.);
#4833 = FACE_BOUND('',#4834,.T.);
#4834 = EDGE_LOOP('',(#4835,#4845,#4851,#4852));
#4835 = ORIENTED_EDGE('',*,*,#4836,.T.);
#4836 = EDGE_CURVE('',#4837,#4839,#4841,.T.);
#4837 = VERTEX_POINT('',#4838);
#4838 = CARTESIAN_POINT('',(-0.950222753256,6.474913335081,
    -1.601438983993));
#4839 = VERTEX_POINT('',#4840);
#4840 = CARTESIAN_POINT('',(-0.9502227467,6.624913335081,-1.601438970879
    ));
#4841 = LINE('',#4842,#4843);
#4842 = CARTESIAN_POINT('',(-0.950222753256,6.474913335081,
    -1.601438983993));
#4843 = VECTOR('',#4844,1.);
#4844 = DIRECTION('',(4.371138828674E-08,1.,8.742277657348E-08));
#4845 = ORIENTED_EDGE('',*,*,#4846,.F.);
#4846 = EDGE_CURVE('',#4808,#4839,#4847,.T.);
#4847 = LINE('',#4848,#4849);
#4848 = CARTESIAN_POINT('',(-1.299562127826,6.624913350351,
    -1.601438986149));
#4849 = VECTOR('',#4850,1.);
#4850 = DIRECTION('',(1.,-4.371139210811E-08,4.371138446537E-08));
#4851 = ORIENTED_EDGE('',*,*,#4805,.F.);
#4852 = ORIENTED_EDGE('',*,*,#4853,.T.);
#4853 = EDGE_CURVE('',#4806,#4837,#4854,.T.);
#4854 = LINE('',#4855,#4856);
#4855 = CARTESIAN_POINT('',(-1.299562134382,6.474913350351,
    -1.601438999263));
#4856 = VECTOR('',#4857,1.);
#4857 = DIRECTION('',(1.,-4.371139210811E-08,4.371138446537E-08));
#4858 = PLANE('',#4859);
#4859 = AXIS2_PLACEMENT_3D('',#4860,#4861,#4862);
#4860 = CARTESIAN_POINT('',(-1.299562134382,6.474913350351,
    -1.601438999263));
#4861 = DIRECTION('',(-4.371138828674E-08,-8.742277466279E-08,1.));
#4862 = DIRECTION('',(-1.,4.371139210811E-08,-4.371138446537E-08));
#4863 = ADVANCED_FACE('',(#4864),#4891,.T.);
#4864 = FACE_BOUND('',#4865,.T.);
#4865 = EDGE_LOOP('',(#4866,#4876,#4883,#4884));
#4866 = ORIENTED_EDGE('',*,*,#4867,.T.);
#4867 = EDGE_CURVE('',#4868,#4870,#4872,.T.);
#4868 = VERTEX_POINT('',#4869);
#4869 = CARTESIAN_POINT('',(-1.020124317735,6.47491334458,
    -1.675149894353));
#4870 = VERTEX_POINT('',#4871);
#4871 = CARTESIAN_POINT('',(-1.020124311179,6.62491334458,-1.67514988124
    ));
#4872 = LINE('',#4873,#4874);
#4873 = CARTESIAN_POINT('',(-1.020124317735,6.47491334458,
    -1.675149894353));
#4874 = VECTOR('',#4875,1.);
#4875 = DIRECTION('',(4.371138828674E-08,1.,8.742277657348E-08));
#4876 = ORIENTED_EDGE('',*,*,#4877,.F.);
#4877 = EDGE_CURVE('',#4839,#4870,#4878,.T.);
#4878 = CIRCLE('',#4879,7.E-02);
#4879 = AXIS2_PLACEMENT_3D('',#4880,#4881,#4882);
#4880 = CARTESIAN_POINT('',(-1.020124314238,6.624913338461,
    -1.60514988124));
#4881 = DIRECTION('',(4.371138828674E-08,1.,8.742277657348E-08));
#4882 = DIRECTION('',(0.998593821974,-4.828446639765E-08,
    5.301300514863E-02));
#4883 = ORIENTED_EDGE('',*,*,#4836,.F.);
#4884 = ORIENTED_EDGE('',*,*,#4885,.T.);
#4885 = EDGE_CURVE('',#4837,#4868,#4886,.T.);
#4886 = CIRCLE('',#4887,7.E-02);
#4887 = AXIS2_PLACEMENT_3D('',#4888,#4889,#4890);
#4888 = CARTESIAN_POINT('',(-1.020124320795,6.474913338461,
    -1.605149894353));
#4889 = DIRECTION('',(4.371138828674E-08,1.,8.742277657348E-08));
#4890 = DIRECTION('',(0.998593821974,-4.828446639765E-08,
    5.301300514863E-02));
#4891 = CYLINDRICAL_SURFACE('',#4892,7.E-02);
#4892 = AXIS2_PLACEMENT_3D('',#4893,#4894,#4895);
#4893 = CARTESIAN_POINT('',(-1.020124320795,6.474913338461,
    -1.605149894353));
#4894 = DIRECTION('',(4.371138828674E-08,1.,8.742277657348E-08));
#4895 = DIRECTION('',(4.371138828674E-08,8.742277466279E-08,-1.));
#4896 = ADVANCED_FACE('',(#4897),#4922,.T.);
#4897 = FACE_BOUND('',#4898,.T.);
#4898 = EDGE_LOOP('',(#4899,#4909,#4915,#4916));
#4899 = ORIENTED_EDGE('',*,*,#4900,.T.);
#4900 = EDGE_CURVE('',#4901,#4903,#4905,.T.);
#4901 = VERTEX_POINT('',#4902);
#4902 = CARTESIAN_POINT('',(-1.04999913106,6.474913345886,
    -1.675149895659));
#4903 = VERTEX_POINT('',#4904);
#4904 = CARTESIAN_POINT('',(-1.049999124504,6.624913345886,
    -1.675149882545));
#4905 = LINE('',#4906,#4907);
#4906 = CARTESIAN_POINT('',(-1.04999913106,6.474913345886,
    -1.675149895659));
#4907 = VECTOR('',#4908,1.);
#4908 = DIRECTION('',(4.371138828674E-08,1.,8.742277657348E-08));
#4909 = ORIENTED_EDGE('',*,*,#4910,.F.);
#4910 = EDGE_CURVE('',#4870,#4903,#4911,.T.);
#4911 = LINE('',#4912,#4913);
#4912 = CARTESIAN_POINT('',(-1.020124311179,6.62491334458,-1.67514988124
    ));
#4913 = VECTOR('',#4914,1.);
#4914 = DIRECTION('',(-1.,4.371139210811E-08,-4.371138446537E-08));
#4915 = ORIENTED_EDGE('',*,*,#4867,.F.);
#4916 = ORIENTED_EDGE('',*,*,#4917,.T.);
#4917 = EDGE_CURVE('',#4868,#4901,#4918,.T.);
#4918 = LINE('',#4919,#4920);
#4919 = CARTESIAN_POINT('',(-1.020124317735,6.47491334458,
    -1.675149894353));
#4920 = VECTOR('',#4921,1.);
#4921 = DIRECTION('',(-1.,4.371139210811E-08,-4.371138446537E-08));
#4922 = PLANE('',#4923);
#4923 = AXIS2_PLACEMENT_3D('',#4924,#4925,#4926);
#4924 = CARTESIAN_POINT('',(-1.020124317735,6.47491334458,
    -1.675149894353));
#4925 = DIRECTION('',(4.371138828674E-08,8.742277466279E-08,-1.));
#4926 = DIRECTION('',(-4.371138828674E-08,-1.,-8.742277657348E-08));
#4927 = ADVANCED_FACE('',(#4928),#4953,.T.);
#4928 = FACE_BOUND('',#4929,.T.);
#4929 = EDGE_LOOP('',(#4930,#4938,#4939,#4947));
#4930 = ORIENTED_EDGE('',*,*,#4931,.F.);
#4931 = EDGE_CURVE('',#4903,#4932,#4934,.T.);
#4932 = VERTEX_POINT('',#4933);
#4933 = CARTESIAN_POINT('',(-1.049999124229,6.624913346436,
    -1.681438334587));
#4934 = LINE('',#4935,#4936);
#4935 = CARTESIAN_POINT('',(-1.049999124504,6.624913345886,
    -1.675149882545));
#4936 = VECTOR('',#4937,1.);
#4937 = DIRECTION('',(4.371138828674E-08,8.742277466279E-08,-1.));
#4938 = ORIENTED_EDGE('',*,*,#4900,.F.);
#4939 = ORIENTED_EDGE('',*,*,#4940,.T.);
#4940 = EDGE_CURVE('',#4901,#4941,#4943,.T.);
#4941 = VERTEX_POINT('',#4942);
#4942 = CARTESIAN_POINT('',(-1.049999130785,6.474913346436,
    -1.681438347701));
#4943 = LINE('',#4944,#4945);
#4944 = CARTESIAN_POINT('',(-1.04999913106,6.474913345886,
    -1.675149895659));
#4945 = VECTOR('',#4946,1.);
#4946 = DIRECTION('',(4.371138828674E-08,8.742277466279E-08,-1.));
#4947 = ORIENTED_EDGE('',*,*,#4948,.T.);
#4948 = EDGE_CURVE('',#4941,#4932,#4949,.T.);
#4949 = LINE('',#4950,#4951);
#4950 = CARTESIAN_POINT('',(-1.049999130785,6.474913346436,
    -1.681438347701));
#4951 = VECTOR('',#4952,1.);
#4952 = DIRECTION('',(4.371138828674E-08,1.,8.742277657348E-08));
#4953 = PLANE('',#4954);
#4954 = AXIS2_PLACEMENT_3D('',#4955,#4956,#4957);
#4955 = CARTESIAN_POINT('',(-1.04999913106,6.474913345886,
    -1.675149895659));
#4956 = DIRECTION('',(1.,-4.371139210811E-08,4.371138446537E-08));
#4957 = DIRECTION('',(-4.371138828674E-08,-1.,-8.742277657348E-08));
#4958 = ADVANCED_FACE('',(#4959),#4980,.T.);
#4959 = FACE_BOUND('',#4960,.T.);
#4960 = EDGE_LOOP('',(#4961,#4962,#4963,#4964,#4965,#4966,#4974));
#4961 = ORIENTED_EDGE('',*,*,#4246,.T.);
#4962 = ORIENTED_EDGE('',*,*,#4278,.T.);
#4963 = ORIENTED_EDGE('',*,*,#4311,.T.);
#4964 = ORIENTED_EDGE('',*,*,#4342,.T.);
#4965 = ORIENTED_EDGE('',*,*,#4365,.T.);
#4966 = ORIENTED_EDGE('',*,*,#4967,.F.);
#4967 = EDGE_CURVE('',#4968,#4366,#4970,.T.);
#4968 = VERTEX_POINT('',#4969);
#4969 = CARTESIAN_POINT('',(1.250000885388,6.624913265133,
    -1.901438234051));
#4970 = LINE('',#4971,#4972);
#4971 = CARTESIAN_POINT('',(1.250000885388,6.624913265133,
    -1.901438234051));
#4972 = VECTOR('',#4973,1.);
#4973 = DIRECTION('',(-0.996193713686,5.116539085356E-08,
    -8.716699382592E-02));
#4974 = ORIENTED_EDGE('',*,*,#4975,.T.);
#4975 = EDGE_CURVE('',#4968,#4247,#4976,.T.);
#4976 = LINE('',#4977,#4978);
#4977 = CARTESIAN_POINT('',(1.250000885388,6.624913265133,
    -1.901438234051));
#4978 = VECTOR('',#4979,1.);
#4979 = DIRECTION('',(1.,-4.371139210811E-08,4.371138446537E-08));
#4980 = PLANE('',#4981);
#4981 = AXIS2_PLACEMENT_3D('',#4982,#4983,#4984);
#4982 = CARTESIAN_POINT('',(1.850000896316,6.624913260762,
    -2.151438207824));
#4983 = DIRECTION('',(4.371138828674E-08,1.,8.742277657348E-08));
#4984 = DIRECTION('',(1.,-4.371139210811E-08,4.371138446537E-08));
#4985 = ADVANCED_FACE('',(#4986),#4998,.T.);
#4986 = FACE_BOUND('',#4987,.T.);
#4987 = EDGE_LOOP('',(#4988,#4989,#4990,#4991,#4992));
#4988 = ORIENTED_EDGE('',*,*,#4406,.T.);
#4989 = ORIENTED_EDGE('',*,*,#4448,.T.);
#4990 = ORIENTED_EDGE('',*,*,#4479,.T.);
#4991 = ORIENTED_EDGE('',*,*,#4502,.T.);
#4992 = ORIENTED_EDGE('',*,*,#4993,.F.);
#4993 = EDGE_CURVE('',#4399,#4503,#4994,.T.);
#4994 = LINE('',#4995,#4996);
#4995 = CARTESIAN_POINT('',(1.319773162111,6.624913299238,
    -2.326438231001));
#4996 = VECTOR('',#4997,1.);
#4997 = DIRECTION('',(1.,-4.371139210811E-08,4.371138446537E-08));
#4998 = PLANE('',#4999);
#4999 = AXIS2_PLACEMENT_3D('',#5000,#5001,#5002);
#5000 = CARTESIAN_POINT('',(1.850000896316,6.624913260762,
    -2.151438207824));
#5001 = DIRECTION('',(4.371138828674E-08,1.,8.742277657348E-08));
#5002 = DIRECTION('',(1.,-4.371139210811E-08,4.371138446537E-08));
#5003 = ADVANCED_FACE('',(#5004),#5031,.T.);
#5004 = FACE_BOUND('',#5005,.T.);
#5005 = EDGE_LOOP('',(#5006,#5007,#5016,#5022,#5023,#5024,#5025));
#5006 = ORIENTED_EDGE('',*,*,#4551,.T.);
#5007 = ORIENTED_EDGE('',*,*,#5008,.T.);
#5008 = EDGE_CURVE('',#4544,#5009,#5011,.T.);
#5009 = VERTEX_POINT('',#5010);
#5010 = CARTESIAN_POINT('',(-0.581869094505,6.624913385421,
    -2.361438314125));
#5011 = CIRCLE('',#5012,0.2);
#5012 = AXIS2_PLACEMENT_3D('',#5013,#5014,#5015);
#5013 = CARTESIAN_POINT('',(-0.781869094505,6.624913394163,
    -2.361438322867));
#5014 = DIRECTION('',(-4.371138828674E-08,-1.,-8.742277657348E-08));
#5015 = DIRECTION('',(0.737817757674,2.675933287709E-08,-0.674999967749)
  );
#5016 = ORIENTED_EDGE('',*,*,#5017,.F.);
#5017 = EDGE_CURVE('',#4592,#5009,#5018,.T.);
#5018 = LINE('',#5019,#5020);
#5019 = CARTESIAN_POINT('',(-0.581869096299,6.624913381833,
    -2.320395409802));
#5020 = VECTOR('',#5021,1.);
#5021 = DIRECTION('',(4.371138828674E-08,8.742277466279E-08,-1.));
#5022 = ORIENTED_EDGE('',*,*,#4591,.T.);
#5023 = ORIENTED_EDGE('',*,*,#4623,.T.);
#5024 = ORIENTED_EDGE('',*,*,#4646,.T.);
#5025 = ORIENTED_EDGE('',*,*,#5026,.T.);
#5026 = EDGE_CURVE('',#4647,#4552,#5027,.T.);
#5027 = LINE('',#5028,#5029);
#5028 = CARTESIAN_POINT('',(-0.349999098004,6.624913368288,
    -2.281399303989));
#5029 = VECTOR('',#5030,1.);
#5030 = DIRECTION('',(4.371138828674E-08,8.742277466279E-08,-1.));
#5031 = PLANE('',#5032);
#5032 = AXIS2_PLACEMENT_3D('',#5033,#5034,#5035);
#5033 = CARTESIAN_POINT('',(1.850000896316,6.624913260762,
    -2.151438207824));
#5034 = DIRECTION('',(4.371138828674E-08,1.,8.742277657348E-08));
#5035 = DIRECTION('',(1.,-4.371139210811E-08,4.371138446537E-08));
#5036 = ADVANCED_FACE('',(#5037),#5071,.T.);
#5037 = FACE_BOUND('',#5038,.T.);
#5038 = EDGE_LOOP('',(#5039,#5047,#5048,#5049,#5050,#5051,#5052,#5053,
    #5054,#5055,#5056,#5057,#5065));
#5039 = ORIENTED_EDGE('',*,*,#5040,.T.);
#5040 = EDGE_CURVE('',#5041,#4689,#5043,.T.);
#5041 = VERTEX_POINT('',#5042);
#5042 = CARTESIAN_POINT('',(-1.249999110678,6.624913382279,
    -1.991433885338));
#5043 = LINE('',#5044,#5045);
#5044 = CARTESIAN_POINT('',(-1.249999110678,6.624913382279,
    -1.991433885338));
#5045 = VECTOR('',#5046,1.);
#5046 = DIRECTION('',(-0.902752921919,1.854849038977E-09,0.430159461092)
  );
#5047 = ORIENTED_EDGE('',*,*,#4696,.T.);
#5048 = ORIENTED_EDGE('',*,*,#4729,.T.);
#5049 = ORIENTED_EDGE('',*,*,#4751,.T.);
#5050 = ORIENTED_EDGE('',*,*,#1436,.T.);
#5051 = ORIENTED_EDGE('',*,*,#4772,.T.);
#5052 = ORIENTED_EDGE('',*,*,#4815,.T.);
#5053 = ORIENTED_EDGE('',*,*,#4846,.T.);
#5054 = ORIENTED_EDGE('',*,*,#4877,.T.);
#5055 = ORIENTED_EDGE('',*,*,#4910,.T.);
#5056 = ORIENTED_EDGE('',*,*,#4931,.T.);
#5057 = ORIENTED_EDGE('',*,*,#5058,.T.);
#5058 = EDGE_CURVE('',#4932,#5059,#5061,.T.);
#5059 = VERTEX_POINT('',#5060);
#5060 = CARTESIAN_POINT('',(-1.249999124229,6.624913355178,
    -1.681438343329));
#5061 = LINE('',#5062,#5063);
#5062 = CARTESIAN_POINT('',(-1.049999124229,6.624913346436,
    -1.681438334587));
#5063 = VECTOR('',#5064,1.);
#5064 = DIRECTION('',(-1.,4.371139210811E-08,-4.371138446537E-08));
#5065 = ORIENTED_EDGE('',*,*,#5066,.T.);
#5066 = EDGE_CURVE('',#5059,#5041,#5067,.T.);
#5067 = LINE('',#5068,#5069);
#5068 = CARTESIAN_POINT('',(-1.249999124229,6.624913355178,
    -1.681438343329));
#5069 = VECTOR('',#5070,1.);
#5070 = DIRECTION('',(4.371138828674E-08,8.742277466279E-08,-1.));
#5071 = PLANE('',#5072);
#5072 = AXIS2_PLACEMENT_3D('',#5073,#5074,#5075);
#5073 = CARTESIAN_POINT('',(1.850000896316,6.624913260762,
    -2.151438207824));
#5074 = DIRECTION('',(4.371138828674E-08,1.,8.742277657348E-08));
#5075 = DIRECTION('',(1.,-4.371139210811E-08,4.371138446537E-08));
#5076 = ADVANCED_FACE('',(#5077),#5095,.T.);
#5077 = FACE_BOUND('',#5078,.T.);
#5078 = EDGE_LOOP('',(#5079,#5087,#5088,#5089));
#5079 = ORIENTED_EDGE('',*,*,#5080,.T.);
#5080 = EDGE_CURVE('',#5081,#4678,#5083,.T.);
#5081 = VERTEX_POINT('',#5082);
#5082 = CARTESIAN_POINT('',(-1.249999117235,6.474913382279,
    -1.991433898451));
#5083 = LINE('',#5084,#5085);
#5084 = CARTESIAN_POINT('',(-1.249999117235,6.474913382279,
    -1.991433898451));
#5085 = VECTOR('',#5086,1.);
#5086 = DIRECTION('',(-0.902752921919,1.854849038977E-09,0.430159461092)
  );
#5087 = ORIENTED_EDGE('',*,*,#4688,.T.);
#5088 = ORIENTED_EDGE('',*,*,#5040,.F.);
#5089 = ORIENTED_EDGE('',*,*,#5090,.F.);
#5090 = EDGE_CURVE('',#5081,#5041,#5091,.T.);
#5091 = LINE('',#5092,#5093);
#5092 = CARTESIAN_POINT('',(-1.249999117235,6.474913382279,
    -1.991433898451));
#5093 = VECTOR('',#5094,1.);
#5094 = DIRECTION('',(4.371138828674E-08,1.,8.742277657348E-08));
#5095 = PLANE('',#5096);
#5096 = AXIS2_PLACEMENT_3D('',#5097,#5098,#5099);
#5097 = CARTESIAN_POINT('',(-1.249999117235,6.474913382279,
    -1.991433898451));
#5098 = DIRECTION('',(-0.430159461092,9.772403422297E-08,-0.902752921919
    ));
#5099 = DIRECTION('',(4.371138828674E-08,1.,8.742277657348E-08));
#5100 = ADVANCED_FACE('',(#5101),#5122,.F.);
#5101 = FACE_BOUND('',#5102,.T.);
#5102 = EDGE_LOOP('',(#5103,#5111,#5112,#5113,#5114,#5115,#5116));
#5103 = ORIENTED_EDGE('',*,*,#5104,.T.);
#5104 = EDGE_CURVE('',#5105,#4375,#5107,.T.);
#5105 = VERTEX_POINT('',#5106);
#5106 = CARTESIAN_POINT('',(1.250000878831,6.474913265133,
    -1.901438247164));
#5107 = LINE('',#5108,#5109);
#5108 = CARTESIAN_POINT('',(1.250000878831,6.474913265133,
    -1.901438247164));
#5109 = VECTOR('',#5110,1.);
#5110 = DIRECTION('',(-0.996193713686,5.116539085356E-08,
    -8.716699382592E-02));
#5111 = ORIENTED_EDGE('',*,*,#4374,.F.);
#5112 = ORIENTED_EDGE('',*,*,#4332,.F.);
#5113 = ORIENTED_EDGE('',*,*,#4318,.F.);
#5114 = ORIENTED_EDGE('',*,*,#4286,.F.);
#5115 = ORIENTED_EDGE('',*,*,#4228,.F.);
#5116 = ORIENTED_EDGE('',*,*,#5117,.F.);
#5117 = EDGE_CURVE('',#5105,#4229,#5118,.T.);
#5118 = LINE('',#5119,#5120);
#5119 = CARTESIAN_POINT('',(1.250000878831,6.474913265133,
    -1.901438247164));
#5120 = VECTOR('',#5121,1.);
#5121 = DIRECTION('',(1.,-4.371139210811E-08,4.371138446537E-08));
#5122 = PLANE('',#5123);
#5123 = AXIS2_PLACEMENT_3D('',#5124,#5125,#5126);
#5124 = CARTESIAN_POINT('',(1.850000889759,6.474913260762,
    -2.151438220938));
#5125 = DIRECTION('',(4.371138828674E-08,1.,8.742277657348E-08));
#5126 = DIRECTION('',(1.,-4.371139210811E-08,4.371138446537E-08));
#5127 = ADVANCED_FACE('',(#5128),#5140,.F.);
#5128 = FACE_BOUND('',#5129,.T.);
#5129 = EDGE_LOOP('',(#5130,#5131,#5132,#5133,#5134));
#5130 = ORIENTED_EDGE('',*,*,#4511,.F.);
#5131 = ORIENTED_EDGE('',*,*,#4487,.F.);
#5132 = ORIENTED_EDGE('',*,*,#4455,.F.);
#5133 = ORIENTED_EDGE('',*,*,#4423,.F.);
#5134 = ORIENTED_EDGE('',*,*,#5135,.T.);
#5135 = EDGE_CURVE('',#4397,#4512,#5136,.T.);
#5136 = LINE('',#5137,#5138);
#5137 = CARTESIAN_POINT('',(1.319773155554,6.474913299238,
    -2.326438244115));
#5138 = VECTOR('',#5139,1.);
#5139 = DIRECTION('',(1.,-4.371139210811E-08,4.371138446537E-08));
#5140 = PLANE('',#5141);
#5141 = AXIS2_PLACEMENT_3D('',#5142,#5143,#5144);
#5142 = CARTESIAN_POINT('',(1.850000889759,6.474913260762,
    -2.151438220938));
#5143 = DIRECTION('',(4.371138828674E-08,1.,8.742277657348E-08));
#5144 = DIRECTION('',(1.,-4.371139210811E-08,4.371138446537E-08));
#5145 = ADVANCED_FACE('',(#5146),#5173,.F.);
#5146 = FACE_BOUND('',#5147,.T.);
#5147 = EDGE_LOOP('',(#5148,#5149,#5150,#5151,#5159,#5166,#5167));
#5148 = ORIENTED_EDGE('',*,*,#4655,.F.);
#5149 = ORIENTED_EDGE('',*,*,#4631,.F.);
#5150 = ORIENTED_EDGE('',*,*,#4573,.F.);
#5151 = ORIENTED_EDGE('',*,*,#5152,.T.);
#5152 = EDGE_CURVE('',#4574,#5153,#5155,.T.);
#5153 = VERTEX_POINT('',#5154);
#5154 = CARTESIAN_POINT('',(-0.581869101062,6.474913385421,
    -2.361438327238));
#5155 = LINE('',#5156,#5157);
#5156 = CARTESIAN_POINT('',(-0.581869102856,6.474913381833,
    -2.320395422916));
#5157 = VECTOR('',#5158,1.);
#5158 = DIRECTION('',(4.371138828674E-08,8.742277466279E-08,-1.));
#5159 = ORIENTED_EDGE('',*,*,#5160,.F.);
#5160 = EDGE_CURVE('',#4536,#5153,#5161,.T.);
#5161 = CIRCLE('',#5162,0.2);
#5162 = AXIS2_PLACEMENT_3D('',#5163,#5164,#5165);
#5163 = CARTESIAN_POINT('',(-0.781869101062,6.474913394163,
    -2.36143833598));
#5164 = DIRECTION('',(-4.371138828674E-08,-1.,-8.742277657348E-08));
#5165 = DIRECTION('',(0.737817757674,2.675933287709E-08,-0.674999967749)
  );
#5166 = ORIENTED_EDGE('',*,*,#4533,.F.);
#5167 = ORIENTED_EDGE('',*,*,#5168,.F.);
#5168 = EDGE_CURVE('',#4656,#4534,#5169,.T.);
#5169 = LINE('',#5170,#5171);
#5170 = CARTESIAN_POINT('',(-0.34999910456,6.474913368288,
    -2.281399317103));
#5171 = VECTOR('',#5172,1.);
#5172 = DIRECTION('',(4.371138828674E-08,8.742277466279E-08,-1.));
#5173 = PLANE('',#5174);
#5174 = AXIS2_PLACEMENT_3D('',#5175,#5176,#5177);
#5175 = CARTESIAN_POINT('',(1.850000889759,6.474913260762,
    -2.151438220938));
#5176 = DIRECTION('',(4.371138828674E-08,1.,8.742277657348E-08));
#5177 = DIRECTION('',(1.,-4.371139210811E-08,4.371138446537E-08));
#5178 = ADVANCED_FACE('',(#5179),#5206,.F.);
#5179 = FACE_BOUND('',#5180,.T.);
#5180 = EDGE_LOOP('',(#5181,#5189,#5190,#5191,#5192,#5193,#5194,#5195,
    #5196,#5197,#5198,#5199,#5200));
#5181 = ORIENTED_EDGE('',*,*,#5182,.F.);
#5182 = EDGE_CURVE('',#4941,#5183,#5185,.T.);
#5183 = VERTEX_POINT('',#5184);
#5184 = CARTESIAN_POINT('',(-1.249999130785,6.474913355178,
    -1.681438356443));
#5185 = LINE('',#5186,#5187);
#5186 = CARTESIAN_POINT('',(-1.049999130785,6.474913346436,
    -1.681438347701));
#5187 = VECTOR('',#5188,1.);
#5188 = DIRECTION('',(-1.,4.371139210811E-08,-4.371138446537E-08));
#5189 = ORIENTED_EDGE('',*,*,#4940,.F.);
#5190 = ORIENTED_EDGE('',*,*,#4917,.F.);
#5191 = ORIENTED_EDGE('',*,*,#4885,.F.);
#5192 = ORIENTED_EDGE('',*,*,#4853,.F.);
#5193 = ORIENTED_EDGE('',*,*,#4822,.F.);
#5194 = ORIENTED_EDGE('',*,*,#4789,.F.);
#5195 = ORIENTED_EDGE('',*,*,#1453,.F.);
#5196 = ORIENTED_EDGE('',*,*,#4758,.F.);
#5197 = ORIENTED_EDGE('',*,*,#4736,.F.);
#5198 = ORIENTED_EDGE('',*,*,#4677,.F.);
#5199 = ORIENTED_EDGE('',*,*,#5080,.F.);
#5200 = ORIENTED_EDGE('',*,*,#5201,.F.);
#5201 = EDGE_CURVE('',#5183,#5081,#5202,.T.);
#5202 = LINE('',#5203,#5204);
#5203 = CARTESIAN_POINT('',(-1.249999130785,6.474913355178,
    -1.681438356443));
#5204 = VECTOR('',#5205,1.);
#5205 = DIRECTION('',(4.371138828674E-08,8.742277466279E-08,-1.));
#5206 = PLANE('',#5207);
#5207 = AXIS2_PLACEMENT_3D('',#5208,#5209,#5210);
#5208 = CARTESIAN_POINT('',(1.850000889759,6.474913260762,
    -2.151438220938));
#5209 = DIRECTION('',(4.371138828674E-08,1.,8.742277657348E-08));
#5210 = DIRECTION('',(1.,-4.371139210811E-08,4.371138446537E-08));
#5211 = ADVANCED_FACE('',(#5212),#5246,.T.);
#5212 = FACE_BOUND('',#5213,.T.);
#5213 = EDGE_LOOP('',(#5214,#5224,#5232,#5240));
#5214 = ORIENTED_EDGE('',*,*,#5215,.T.);
#5215 = EDGE_CURVE('',#5216,#5218,#5220,.T.);
#5216 = VERTEX_POINT('',#5217);
#5217 = CARTESIAN_POINT('',(1.537247364612,5.974913252577,-1.90143827832
    ));
#5218 = VERTEX_POINT('',#5219);
#5219 = CARTESIAN_POINT('',(1.36726818915,5.974913267416,-1.986185171456
    ));
#5220 = LINE('',#5221,#5222);
#5221 = CARTESIAN_POINT('',(1.537247364612,5.974913252577,-1.90143827832
    ));
#5222 = VECTOR('',#5223,1.);
#5223 = DIRECTION('',(-0.894937720165,7.812623299572E-08,-0.446191076811
    ));
#5224 = ORIENTED_EDGE('',*,*,#5225,.T.);
#5225 = EDGE_CURVE('',#5218,#5226,#5228,.T.);
#5226 = VERTEX_POINT('',#5227);
#5227 = CARTESIAN_POINT('',(1.367268195707,6.124913267416,
    -1.986185158343));
#5228 = LINE('',#5229,#5230);
#5229 = CARTESIAN_POINT('',(1.36726818915,5.974913267416,-1.986185171456
    ));
#5230 = VECTOR('',#5231,1.);
#5231 = DIRECTION('',(4.371138828674E-08,1.,8.742277657348E-08));
#5232 = ORIENTED_EDGE('',*,*,#5233,.F.);
#5233 = EDGE_CURVE('',#5234,#5226,#5236,.T.);
#5234 = VERTEX_POINT('',#5235);
#5235 = CARTESIAN_POINT('',(1.537247371169,6.124913252577,
    -1.901438265206));
#5236 = LINE('',#5237,#5238);
#5237 = CARTESIAN_POINT('',(1.537247371169,6.124913252577,
    -1.901438265206));
#5238 = VECTOR('',#5239,1.);
#5239 = DIRECTION('',(-0.894937720165,7.812623299572E-08,-0.446191076811
    ));
#5240 = ORIENTED_EDGE('',*,*,#5241,.F.);
#5241 = EDGE_CURVE('',#5216,#5234,#5242,.T.);
#5242 = LINE('',#5243,#5244);
#5243 = CARTESIAN_POINT('',(1.537247364612,5.974913252577,-1.90143827832
    ));
#5244 = VECTOR('',#5245,1.);
#5245 = DIRECTION('',(4.371138828674E-08,1.,8.742277657348E-08));
#5246 = PLANE('',#5247);
#5247 = AXIS2_PLACEMENT_3D('',#5248,#5249,#5250);
#5248 = CARTESIAN_POINT('',(1.537247364612,5.974913252577,-1.90143827832
    ));
#5249 = DIRECTION('',(0.446191076811,5.873430894859E-08,-0.894937720165)
  );
#5250 = DIRECTION('',(-4.371138828674E-08,-1.,-8.742277657348E-08));
#5251 = ADVANCED_FACE('',(#5252),#5279,.T.);
#5252 = FACE_BOUND('',#5253,.T.);
#5253 = EDGE_LOOP('',(#5254,#5264,#5271,#5272));
#5254 = ORIENTED_EDGE('',*,*,#5255,.T.);
#5255 = EDGE_CURVE('',#5256,#5258,#5260,.T.);
#5256 = VERTEX_POINT('',#5257);
#5257 = CARTESIAN_POINT('',(1.344958637495,5.97491326885,-1.991438285448
    ));
#5258 = VERTEX_POINT('',#5259);
#5259 = CARTESIAN_POINT('',(1.344958644052,6.12491326885,-1.991438272335
    ));
#5260 = LINE('',#5261,#5262);
#5261 = CARTESIAN_POINT('',(1.344958637495,5.97491326885,-1.991438285448
    ));
#5262 = VECTOR('',#5263,1.);
#5263 = DIRECTION('',(4.371138828674E-08,1.,8.742277657348E-08));
#5264 = ORIENTED_EDGE('',*,*,#5265,.F.);
#5265 = EDGE_CURVE('',#5226,#5258,#5266,.T.);
#5266 = CIRCLE('',#5267,5.E-02);
#5267 = AXIS2_PLACEMENT_3D('',#5268,#5269,#5270);
#5268 = CARTESIAN_POINT('',(1.344958641866,6.124913264479,
    -1.941438272335));
#5269 = DIRECTION('',(4.371138828674E-08,1.,8.742277657348E-08));
#5270 = DIRECTION('',(0.446191076811,5.87343089486E-08,-0.894937720165)
  );
#5271 = ORIENTED_EDGE('',*,*,#5225,.F.);
#5272 = ORIENTED_EDGE('',*,*,#5273,.T.);
#5273 = EDGE_CURVE('',#5218,#5256,#5274,.T.);
#5274 = CIRCLE('',#5275,5.E-02);
#5275 = AXIS2_PLACEMENT_3D('',#5276,#5277,#5278);
#5276 = CARTESIAN_POINT('',(1.34495863531,5.974913264479,-1.941438285448
    ));
#5277 = DIRECTION('',(4.371138828674E-08,1.,8.742277657348E-08));
#5278 = DIRECTION('',(0.446191076811,5.87343089486E-08,-0.894937720165)
  );
#5279 = CYLINDRICAL_SURFACE('',#5280,5.E-02);
#5280 = AXIS2_PLACEMENT_3D('',#5281,#5282,#5283);
#5281 = CARTESIAN_POINT('',(1.34495863531,5.974913264479,-1.941438285448
    ));
#5282 = DIRECTION('',(4.371138828674E-08,1.,8.742277657348E-08));
#5283 = DIRECTION('',(4.371138828674E-08,8.742277466279E-08,-1.));
#5284 = ADVANCED_FACE('',(#5285),#5310,.T.);
#5285 = FACE_BOUND('',#5286,.T.);
#5286 = EDGE_LOOP('',(#5287,#5297,#5303,#5304));
#5287 = ORIENTED_EDGE('',*,*,#5288,.T.);
#5288 = EDGE_CURVE('',#5289,#5291,#5293,.T.);
#5289 = VERTEX_POINT('',#5290);
#5290 = CARTESIAN_POINT('',(1.329737384229,5.974913269516,
    -1.991438286114));
#5291 = VERTEX_POINT('',#5292);
#5292 = CARTESIAN_POINT('',(1.329737390785,6.124913269516,-1.991438273)
  );
#5293 = LINE('',#5294,#5295);
#5294 = CARTESIAN_POINT('',(1.329737384229,5.974913269516,
    -1.991438286114));
#5295 = VECTOR('',#5296,1.);
#5296 = DIRECTION('',(4.371138828674E-08,1.,8.742277657348E-08));
#5297 = ORIENTED_EDGE('',*,*,#5298,.F.);
#5298 = EDGE_CURVE('',#5258,#5291,#5299,.T.);
#5299 = LINE('',#5300,#5301);
#5300 = CARTESIAN_POINT('',(1.344958644052,6.12491326885,-1.991438272335
    ));
#5301 = VECTOR('',#5302,1.);
#5302 = DIRECTION('',(-1.,4.371139210811E-08,-4.371138446537E-08));
#5303 = ORIENTED_EDGE('',*,*,#5255,.F.);
#5304 = ORIENTED_EDGE('',*,*,#5305,.T.);
#5305 = EDGE_CURVE('',#5256,#5289,#5306,.T.);
#5306 = LINE('',#5307,#5308);
#5307 = CARTESIAN_POINT('',(1.344958637495,5.97491326885,-1.991438285448
    ));
#5308 = VECTOR('',#5309,1.);
#5309 = DIRECTION('',(-1.,4.371139210811E-08,-4.371138446537E-08));
#5310 = PLANE('',#5311);
#5311 = AXIS2_PLACEMENT_3D('',#5312,#5313,#5314);
#5312 = CARTESIAN_POINT('',(1.344958637495,5.97491326885,-1.991438285448
    ));
#5313 = DIRECTION('',(4.371138828674E-08,8.742277466279E-08,-1.));
#5314 = DIRECTION('',(-4.371138828674E-08,-1.,-8.742277657348E-08));
#5315 = ADVANCED_FACE('',(#5316),#5343,.F.);
#5316 = FACE_BOUND('',#5317,.F.);
#5317 = EDGE_LOOP('',(#5318,#5327,#5328,#5337));
#5318 = ORIENTED_EDGE('',*,*,#5319,.F.);
#5319 = EDGE_CURVE('',#5289,#5320,#5322,.T.);
#5320 = VERTEX_POINT('',#5321);
#5321 = CARTESIAN_POINT('',(1.264411791577,5.974913266689,
    -1.926439104426));
#5322 = CIRCLE('',#5323,6.5E-02);
#5323 = AXIS2_PLACEMENT_3D('',#5324,#5325,#5326);
#5324 = CARTESIAN_POINT('',(1.264737384229,5.974913272357,
    -1.991438288955));
#5325 = DIRECTION('',(-4.371138828674E-08,-1.,-8.742277657348E-08));
#5326 = DIRECTION('',(1.,-4.371139210811E-08,4.371138446537E-08));
#5327 = ORIENTED_EDGE('',*,*,#5288,.T.);
#5328 = ORIENTED_EDGE('',*,*,#5329,.T.);
#5329 = EDGE_CURVE('',#5291,#5330,#5332,.T.);
#5330 = VERTEX_POINT('',#5331);
#5331 = CARTESIAN_POINT('',(1.264411798134,6.124913266689,
    -1.926439091312));
#5332 = CIRCLE('',#5333,6.5E-02);
#5333 = AXIS2_PLACEMENT_3D('',#5334,#5335,#5336);
#5334 = CARTESIAN_POINT('',(1.264737390785,6.124913272357,
    -1.991438275841));
#5335 = DIRECTION('',(-4.371138828674E-08,-1.,-8.742277657348E-08));
#5336 = DIRECTION('',(1.,-4.371139210811E-08,4.371138446537E-08));
#5337 = ORIENTED_EDGE('',*,*,#5338,.F.);
#5338 = EDGE_CURVE('',#5320,#5330,#5339,.T.);
#5339 = LINE('',#5340,#5341);
#5340 = CARTESIAN_POINT('',(1.264411791577,5.974913266689,
    -1.926439104426));
#5341 = VECTOR('',#5342,1.);
#5342 = DIRECTION('',(4.371138828674E-08,1.,8.742277657348E-08));
#5343 = CYLINDRICAL_SURFACE('',#5344,6.5E-02);
#5344 = AXIS2_PLACEMENT_3D('',#5345,#5346,#5347);
#5345 = CARTESIAN_POINT('',(1.264737384229,5.974913272357,
    -1.991438288955));
#5346 = DIRECTION('',(4.371138828674E-08,1.,8.742277657348E-08));
#5347 = DIRECTION('',(4.371138828674E-08,8.742277466279E-08,-1.));
#5348 = ADVANCED_FACE('',(#5349),#5374,.T.);
#5349 = FACE_BOUND('',#5350,.T.);
#5350 = EDGE_LOOP('',(#5351,#5359,#5360,#5368));
#5351 = ORIENTED_EDGE('',*,*,#5352,.F.);
#5352 = EDGE_CURVE('',#5330,#5353,#5355,.T.);
#5353 = VERTEX_POINT('',#5354);
#5354 = CARTESIAN_POINT('',(0.946052044667,6.124913280744,
    -1.928033812801));
#5355 = LINE('',#5356,#5357);
#5356 = CARTESIAN_POINT('',(1.264411798134,6.124913266689,
    -1.926439091312));
#5357 = VECTOR('',#5358,1.);
#5358 = DIRECTION('',(-0.999987454291,4.414875087538E-08,
    -5.009117716878E-03));
#5359 = ORIENTED_EDGE('',*,*,#5338,.F.);
#5360 = ORIENTED_EDGE('',*,*,#5361,.T.);
#5361 = EDGE_CURVE('',#5320,#5362,#5364,.T.);
#5362 = VERTEX_POINT('',#5363);
#5363 = CARTESIAN_POINT('',(0.94605203811,5.974913280744,-1.928033825914
    ));
#5364 = LINE('',#5365,#5366);
#5365 = CARTESIAN_POINT('',(1.264411791577,5.974913266689,
    -1.926439104426));
#5366 = VECTOR('',#5367,1.);
#5367 = DIRECTION('',(-0.999987454291,4.414875087538E-08,
    -5.009117716878E-03));
#5368 = ORIENTED_EDGE('',*,*,#5369,.T.);
#5369 = EDGE_CURVE('',#5362,#5353,#5370,.T.);
#5370 = LINE('',#5371,#5372);
#5371 = CARTESIAN_POINT('',(0.94605203811,5.974913280744,-1.928033825914
    ));
#5372 = VECTOR('',#5373,1.);
#5373 = DIRECTION('',(4.371138828674E-08,1.,8.742277657348E-08));
#5374 = PLANE('',#5375);
#5375 = AXIS2_PLACEMENT_3D('',#5376,#5377,#5378);
#5376 = CARTESIAN_POINT('',(1.264411791577,5.974913266689,
    -1.926439104426));
#5377 = DIRECTION('',(5.009117716882E-03,8.720272430328E-08,
    -0.999987454291));
#5378 = DIRECTION('',(-4.371138828674E-08,-1.,-8.742277657348E-08));
#5379 = ADVANCED_FACE('',(#5380),#5416,.F.);
#5380 = FACE_BOUND('',#5381,.F.);
#5381 = EDGE_LOOP('',(#5382,#5392,#5401,#5409));
#5382 = ORIENTED_EDGE('',*,*,#5383,.T.);
#5383 = EDGE_CURVE('',#5384,#5386,#5388,.T.);
#5384 = VERTEX_POINT('',#5385);
#5385 = CARTESIAN_POINT('',(1.319773133699,5.974913299238,
    -2.326438287826));
#5386 = VERTEX_POINT('',#5387);
#5387 = CARTESIAN_POINT('',(1.319773140255,6.124913299238,
    -2.326438274713));
#5388 = LINE('',#5389,#5390);
#5389 = CARTESIAN_POINT('',(1.319773133699,5.974913299238,
    -2.326438287826));
#5390 = VECTOR('',#5391,1.);
#5391 = DIRECTION('',(4.371138828674E-08,1.,8.742277657348E-08));
#5392 = ORIENTED_EDGE('',*,*,#5393,.T.);
#5393 = EDGE_CURVE('',#5386,#5394,#5396,.T.);
#5394 = VERTEX_POINT('',#5395);
#5395 = CARTESIAN_POINT('',(1.329735921754,6.12491329574,-2.291415110541
    ));
#5396 = CIRCLE('',#5397,6.5E-02);
#5397 = AXIS2_PLACEMENT_3D('',#5398,#5399,#5400);
#5398 = CARTESIAN_POINT('',(1.264737403917,6.12491329862,-2.291854062625
    ));
#5399 = DIRECTION('',(-4.371138828674E-08,-1.,-8.742277657348E-08));
#5400 = DIRECTION('',(0.846703635974,9.503990854538E-09,-0.532064801343)
  );
#5401 = ORIENTED_EDGE('',*,*,#5402,.F.);
#5402 = EDGE_CURVE('',#5403,#5394,#5405,.T.);
#5403 = VERTEX_POINT('',#5404);
#5404 = CARTESIAN_POINT('',(1.329735915198,5.97491329574,-2.291415123654
    ));
#5405 = LINE('',#5406,#5407);
#5406 = CARTESIAN_POINT('',(1.329735915198,5.97491329574,-2.291415123654
    ));
#5407 = VECTOR('',#5408,1.);
#5408 = DIRECTION('',(4.371138828674E-08,1.,8.742277657348E-08));
#5409 = ORIENTED_EDGE('',*,*,#5410,.F.);
#5410 = EDGE_CURVE('',#5384,#5403,#5411,.T.);
#5411 = CIRCLE('',#5412,6.5E-02);
#5412 = AXIS2_PLACEMENT_3D('',#5413,#5414,#5415);
#5413 = CARTESIAN_POINT('',(1.26473739736,5.97491329862,-2.291854075739)
  );
#5414 = DIRECTION('',(-4.371138828674E-08,-1.,-8.742277657348E-08));
#5415 = DIRECTION('',(0.846703635974,9.503990854538E-09,-0.532064801343)
  );
#5416 = CYLINDRICAL_SURFACE('',#5417,6.5E-02);
#5417 = AXIS2_PLACEMENT_3D('',#5418,#5419,#5420);
#5418 = CARTESIAN_POINT('',(1.26473739736,5.97491329862,-2.291854075739)
  );
#5419 = DIRECTION('',(4.371138828674E-08,1.,8.742277657348E-08));
#5420 = DIRECTION('',(4.371138828674E-08,8.742277466279E-08,-1.));
#5421 = ADVANCED_FACE('',(#5422),#5447,.T.);
#5422 = FACE_BOUND('',#5423,.T.);
#5423 = EDGE_LOOP('',(#5424,#5434,#5440,#5441));
#5424 = ORIENTED_EDGE('',*,*,#5425,.T.);
#5425 = EDGE_CURVE('',#5426,#5428,#5430,.T.);
#5426 = VERTEX_POINT('',#5427);
#5427 = CARTESIAN_POINT('',(1.344943732699,5.974913295192,
    -2.292745616183));
#5428 = VERTEX_POINT('',#5429);
#5429 = CARTESIAN_POINT('',(1.344943739255,6.124913295192,-2.29274560307
    ));
#5430 = LINE('',#5431,#5432);
#5431 = CARTESIAN_POINT('',(1.344943732699,5.974913295192,
    -2.292745616183));
#5432 = VECTOR('',#5433,1.);
#5433 = DIRECTION('',(4.371138828674E-08,1.,8.742277657348E-08));
#5434 = ORIENTED_EDGE('',*,*,#5435,.F.);
#5435 = EDGE_CURVE('',#5394,#5428,#5436,.T.);
#5436 = LINE('',#5437,#5438);
#5437 = CARTESIAN_POINT('',(1.329735921754,6.12491329574,-2.291415110541
    ));
#5438 = VECTOR('',#5439,1.);
#5439 = DIRECTION('',(0.996194806716,-3.592576952385E-08,
    -8.715450115399E-02));
#5440 = ORIENTED_EDGE('',*,*,#5402,.F.);
#5441 = ORIENTED_EDGE('',*,*,#5442,.T.);
#5442 = EDGE_CURVE('',#5403,#5426,#5443,.T.);
#5443 = LINE('',#5444,#5445);
#5444 = CARTESIAN_POINT('',(1.329735915198,5.97491329574,-2.291415123654
    ));
#5445 = VECTOR('',#5446,1.);
#5446 = DIRECTION('',(0.996194806716,-3.592576952385E-08,
    -8.715450115399E-02));
#5447 = PLANE('',#5448);
#5448 = AXIS2_PLACEMENT_3D('',#5449,#5450,#5451);
#5449 = CARTESIAN_POINT('',(1.329735915198,5.97491329574,-2.291415123654
    ));
#5450 = DIRECTION('',(8.715450115399E-02,-9.08997602521E-08,
    0.996194806716));
#5451 = DIRECTION('',(4.371138828674E-08,1.,8.742277657348E-08));
#5452 = ADVANCED_FACE('',(#5453),#5480,.T.);
#5453 = FACE_BOUND('',#5454,.T.);
#5454 = EDGE_LOOP('',(#5455,#5465,#5472,#5473));
#5455 = ORIENTED_EDGE('',*,*,#5456,.T.);
#5456 = EDGE_CURVE('',#5457,#5459,#5461,.T.);
#5457 = VERTEX_POINT('',#5458);
#5458 = CARTESIAN_POINT('',(1.370562201837,5.974913294928,-2.30253751323
    ));
#5459 = VERTEX_POINT('',#5460);
#5460 = CARTESIAN_POINT('',(1.370562208394,6.124913294928,
    -2.302537500117));
#5461 = LINE('',#5462,#5463);
#5462 = CARTESIAN_POINT('',(1.370562201837,5.974913294928,-2.30253751323
    ));
#5463 = VECTOR('',#5464,1.);
#5464 = DIRECTION('',(4.371138828674E-08,1.,8.742277657348E-08));
#5465 = ORIENTED_EDGE('',*,*,#5466,.F.);
#5466 = EDGE_CURVE('',#5428,#5459,#5467,.T.);
#5467 = CIRCLE('',#5468,5.E-02);
#5468 = AXIS2_PLACEMENT_3D('',#5469,#5470,#5471);
#5469 = CARTESIAN_POINT('',(1.340586014198,6.124913299737,
    -2.342555343406));
#5470 = DIRECTION('',(4.371138828674E-08,1.,8.742277657348E-08));
#5471 = DIRECTION('',(8.715450115402E-02,-9.08997602521E-08,
    0.996194806716));
#5472 = ORIENTED_EDGE('',*,*,#5425,.F.);
#5473 = ORIENTED_EDGE('',*,*,#5474,.T.);
#5474 = EDGE_CURVE('',#5426,#5457,#5475,.T.);
#5475 = CIRCLE('',#5476,5.E-02);
#5476 = AXIS2_PLACEMENT_3D('',#5477,#5478,#5479);
#5477 = CARTESIAN_POINT('',(1.340586007641,5.974913299737,
    -2.342555356519));
#5478 = DIRECTION('',(4.371138828674E-08,1.,8.742277657348E-08));
#5479 = DIRECTION('',(8.715450115402E-02,-9.08997602521E-08,
    0.996194806716));
#5480 = CYLINDRICAL_SURFACE('',#5481,5.E-02);
#5481 = AXIS2_PLACEMENT_3D('',#5482,#5483,#5484);
#5482 = CARTESIAN_POINT('',(1.340586007641,5.974913299737,
    -2.342555356519));
#5483 = DIRECTION('',(4.371138828674E-08,1.,8.742277657348E-08));
#5484 = DIRECTION('',(4.371138828674E-08,8.742277466279E-08,-1.));
#5485 = ADVANCED_FACE('',(#5486),#5511,.T.);
#5486 = FACE_BOUND('',#5487,.T.);
#5487 = EDGE_LOOP('',(#5488,#5496,#5497,#5505));
#5488 = ORIENTED_EDGE('',*,*,#5489,.F.);
#5489 = EDGE_CURVE('',#5459,#5490,#5492,.T.);
#5490 = VERTEX_POINT('',#5491);
#5491 = CARTESIAN_POINT('',(1.402469437889,6.124913295623,
    -2.326438271098));
#5492 = LINE('',#5493,#5494);
#5493 = CARTESIAN_POINT('',(1.370562208394,6.124913294928,
    -2.302537500117));
#5494 = VECTOR('',#5495,1.);
#5495 = DIRECTION('',(0.800356865779,1.742733282715E-08,-0.599523883929)
  );
#5496 = ORIENTED_EDGE('',*,*,#5456,.F.);
#5497 = ORIENTED_EDGE('',*,*,#5498,.T.);
#5498 = EDGE_CURVE('',#5457,#5499,#5501,.T.);
#5499 = VERTEX_POINT('',#5500);
#5500 = CARTESIAN_POINT('',(1.402469431332,5.974913295623,
    -2.326438284211));
#5501 = LINE('',#5502,#5503);
#5502 = CARTESIAN_POINT('',(1.370562201837,5.974913294928,-2.30253751323
    ));
#5503 = VECTOR('',#5504,1.);
#5504 = DIRECTION('',(0.800356865779,1.742733282715E-08,-0.599523883929)
  );
#5505 = ORIENTED_EDGE('',*,*,#5506,.T.);
#5506 = EDGE_CURVE('',#5499,#5490,#5507,.T.);
#5507 = LINE('',#5508,#5509);
#5508 = CARTESIAN_POINT('',(1.402469431332,5.974913295623,
    -2.326438284211));
#5509 = VECTOR('',#5510,1.);
#5510 = DIRECTION('',(4.371138828674E-08,1.,8.742277657348E-08));
#5511 = PLANE('',#5512);
#5512 = AXIS2_PLACEMENT_3D('',#5513,#5514,#5515);
#5513 = CARTESIAN_POINT('',(1.370562201837,5.974913294928,-2.30253751323
    ));
#5514 = DIRECTION('',(0.599523883929,-9.61754407336E-08,0.800356865779)
  );
#5515 = DIRECTION('',(4.371138828674E-08,1.,8.742277657348E-08));
#5516 = ADVANCED_FACE('',(#5517),#5551,.T.);
#5517 = FACE_BOUND('',#5518,.T.);
#5518 = EDGE_LOOP('',(#5519,#5529,#5537,#5545));
#5519 = ORIENTED_EDGE('',*,*,#5520,.T.);
#5520 = EDGE_CURVE('',#5521,#5523,#5525,.T.);
#5521 = VERTEX_POINT('',#5522);
#5522 = CARTESIAN_POINT('',(-0.349999117016,5.974913387088,
    -2.496438360814));
#5523 = VERTEX_POINT('',#5524);
#5524 = CARTESIAN_POINT('',(-0.634305571382,5.974913399515,
    -2.496438373241));
#5525 = LINE('',#5526,#5527);
#5526 = CARTESIAN_POINT('',(-0.349999117016,5.974913387088,
    -2.496438360814));
#5527 = VECTOR('',#5528,1.);
#5528 = DIRECTION('',(-1.,4.371139210811E-08,-4.371138446537E-08));
#5529 = ORIENTED_EDGE('',*,*,#5530,.F.);
#5530 = EDGE_CURVE('',#5531,#5523,#5533,.T.);
#5531 = VERTEX_POINT('',#5532);
#5532 = CARTESIAN_POINT('',(-0.634305564826,6.124913399515,
    -2.496438360128));
#5533 = LINE('',#5534,#5535);
#5534 = CARTESIAN_POINT('',(-0.634305564826,6.124913399515,
    -2.496438360128));
#5535 = VECTOR('',#5536,1.);
#5536 = DIRECTION('',(-4.371138828674E-08,-1.,-8.742277657348E-08));
#5537 = ORIENTED_EDGE('',*,*,#5538,.F.);
#5538 = EDGE_CURVE('',#5539,#5531,#5541,.T.);
#5539 = VERTEX_POINT('',#5540);
#5540 = CARTESIAN_POINT('',(-0.34999911046,6.124913387088,
    -2.496438347701));
#5541 = LINE('',#5542,#5543);
#5542 = CARTESIAN_POINT('',(-0.34999911046,6.124913387088,
    -2.496438347701));
#5543 = VECTOR('',#5544,1.);
#5544 = DIRECTION('',(-1.,4.371139210811E-08,-4.371138446537E-08));
#5545 = ORIENTED_EDGE('',*,*,#5546,.F.);
#5546 = EDGE_CURVE('',#5521,#5539,#5547,.T.);
#5547 = LINE('',#5548,#5549);
#5548 = CARTESIAN_POINT('',(-0.349999117016,5.974913387088,
    -2.496438360814));
#5549 = VECTOR('',#5550,1.);
#5550 = DIRECTION('',(4.371138828674E-08,1.,8.742277657348E-08));
#5551 = PLANE('',#5552);
#5552 = AXIS2_PLACEMENT_3D('',#5553,#5554,#5555);
#5553 = CARTESIAN_POINT('',(-0.349999117016,5.974913387088,
    -2.496438360814));
#5554 = DIRECTION('',(4.371138828674E-08,8.742277466279E-08,-1.));
#5555 = DIRECTION('',(-4.371138828674E-08,-1.,-8.742277657348E-08));
#5556 = ADVANCED_FACE('',(#5557),#5591,.T.);
#5557 = FACE_BOUND('',#5558,.T.);
#5558 = EDGE_LOOP('',(#5559,#5569,#5577,#5585));
#5559 = ORIENTED_EDGE('',*,*,#5560,.T.);
#5560 = EDGE_CURVE('',#5561,#5563,#5565,.T.);
#5561 = VERTEX_POINT('',#5562);
#5562 = CARTESIAN_POINT('',(-0.581869124711,5.974913381833,
    -2.320395466627));
#5563 = VERTEX_POINT('',#5564);
#5564 = CARTESIAN_POINT('',(-0.438577394901,5.974913372624,
    -2.286707523649));
#5565 = LINE('',#5566,#5567);
#5566 = CARTESIAN_POINT('',(-0.581869124711,5.974913381833,
    -2.320395466627));
#5567 = VECTOR('',#5568,1.);
#5568 = DIRECTION('',(0.973459195183,-6.255888598874E-08,0.228860646058)
  );
#5569 = ORIENTED_EDGE('',*,*,#5570,.T.);
#5570 = EDGE_CURVE('',#5563,#5571,#5573,.T.);
#5571 = VERTEX_POINT('',#5572);
#5572 = CARTESIAN_POINT('',(-0.438577388344,6.124913372624,
    -2.286707510535));
#5573 = LINE('',#5574,#5575);
#5574 = CARTESIAN_POINT('',(-0.438577394901,5.974913372624,
    -2.286707523649));
#5575 = VECTOR('',#5576,1.);
#5576 = DIRECTION('',(4.371138828674E-08,1.,8.742277657348E-08));
#5577 = ORIENTED_EDGE('',*,*,#5578,.F.);
#5578 = EDGE_CURVE('',#5579,#5571,#5581,.T.);
#5579 = VERTEX_POINT('',#5580);
#5580 = CARTESIAN_POINT('',(-0.581869118155,6.124913381833,
    -2.320395453514));
#5581 = LINE('',#5582,#5583);
#5582 = CARTESIAN_POINT('',(-0.581869118155,6.124913381833,
    -2.320395453514));
#5583 = VECTOR('',#5584,1.);
#5584 = DIRECTION('',(0.973459195183,-6.255888598874E-08,0.228860646058)
  );
#5585 = ORIENTED_EDGE('',*,*,#5586,.F.);
#5586 = EDGE_CURVE('',#5561,#5579,#5587,.T.);
#5587 = LINE('',#5588,#5589);
#5588 = CARTESIAN_POINT('',(-0.581869124711,5.974913381833,
    -2.320395466627));
#5589 = VECTOR('',#5590,1.);
#5590 = DIRECTION('',(4.371138828674E-08,1.,8.742277657348E-08));
#5591 = PLANE('',#5592);
#5592 = AXIS2_PLACEMENT_3D('',#5593,#5594,#5595);
#5593 = CARTESIAN_POINT('',(-0.581869124711,5.974913381833,
    -2.320395466627));
#5594 = DIRECTION('',(-0.228860646058,-7.509868916045E-08,0.973459195183
    ));
#5595 = DIRECTION('',(-0.973459195183,6.255888598874E-08,-0.228860646058
    ));
#5596 = ADVANCED_FACE('',(#5597),#5624,.T.);
#5597 = FACE_BOUND('',#5598,.T.);
#5598 = EDGE_LOOP('',(#5599,#5609,#5616,#5617));
#5599 = ORIENTED_EDGE('',*,*,#5600,.T.);
#5600 = EDGE_CURVE('',#5601,#5603,#5605,.T.);
#5601 = VERTEX_POINT('',#5602);
#5602 = CARTESIAN_POINT('',(-0.392805274432,5.974913370159,
    -2.281399362685));
#5603 = VERTEX_POINT('',#5604);
#5604 = CARTESIAN_POINT('',(-0.392805267875,6.124913370159,
    -2.281399349572));
#5605 = LINE('',#5606,#5607);
#5606 = CARTESIAN_POINT('',(-0.392805274432,5.974913370159,
    -2.281399362685));
#5607 = VECTOR('',#5608,1.);
#5608 = DIRECTION('',(4.371138828674E-08,1.,8.742277657348E-08));
#5609 = ORIENTED_EDGE('',*,*,#5610,.F.);
#5610 = EDGE_CURVE('',#5571,#5603,#5611,.T.);
#5611 = CIRCLE('',#5612,0.2);
#5612 = AXIS2_PLACEMENT_3D('',#5613,#5614,#5615);
#5613 = CARTESIAN_POINT('',(-0.392805259133,6.124913387644,
    -2.481399349572));
#5614 = DIRECTION('',(4.371138828674E-08,1.,8.742277657348E-08));
#5615 = DIRECTION('',(-0.228860646058,-7.509868916045E-08,0.973459195183
    ));
#5616 = ORIENTED_EDGE('',*,*,#5570,.F.);
#5617 = ORIENTED_EDGE('',*,*,#5618,.T.);
#5618 = EDGE_CURVE('',#5563,#5601,#5619,.T.);
#5619 = CIRCLE('',#5620,0.2);
#5620 = AXIS2_PLACEMENT_3D('',#5621,#5622,#5623);
#5621 = CARTESIAN_POINT('',(-0.39280526569,5.974913387644,
    -2.481399362685));
#5622 = DIRECTION('',(4.371138828674E-08,1.,8.742277657348E-08));
#5623 = DIRECTION('',(-0.228860646058,-7.509868916045E-08,0.973459195183
    ));
#5624 = CYLINDRICAL_SURFACE('',#5625,0.2);
#5625 = AXIS2_PLACEMENT_3D('',#5626,#5627,#5628);
#5626 = CARTESIAN_POINT('',(-0.39280526569,5.974913387644,
    -2.481399362685));
#5627 = DIRECTION('',(4.371138828674E-08,1.,8.742277657348E-08));
#5628 = DIRECTION('',(4.371138828674E-08,8.742277466279E-08,-1.));
#5629 = ADVANCED_FACE('',(#5630),#5655,.T.);
#5630 = FACE_BOUND('',#5631,.T.);
#5631 = EDGE_LOOP('',(#5632,#5640,#5641,#5649));
#5632 = ORIENTED_EDGE('',*,*,#5633,.F.);
#5633 = EDGE_CURVE('',#5603,#5634,#5636,.T.);
#5634 = VERTEX_POINT('',#5635);
#5635 = CARTESIAN_POINT('',(-0.349999119859,6.124913368288,
    -2.281399347701));
#5636 = LINE('',#5637,#5638);
#5637 = CARTESIAN_POINT('',(-0.392805267875,6.124913370159,
    -2.281399349572));
#5638 = VECTOR('',#5639,1.);
#5639 = DIRECTION('',(1.,-4.371139210811E-08,4.371138446537E-08));
#5640 = ORIENTED_EDGE('',*,*,#5600,.F.);
#5641 = ORIENTED_EDGE('',*,*,#5642,.T.);
#5642 = EDGE_CURVE('',#5601,#5643,#5645,.T.);
#5643 = VERTEX_POINT('',#5644);
#5644 = CARTESIAN_POINT('',(-0.349999126416,5.974913368288,
    -2.281399360814));
#5645 = LINE('',#5646,#5647);
#5646 = CARTESIAN_POINT('',(-0.392805274432,5.974913370159,
    -2.281399362685));
#5647 = VECTOR('',#5648,1.);
#5648 = DIRECTION('',(1.,-4.371139210811E-08,4.371138446537E-08));
#5649 = ORIENTED_EDGE('',*,*,#5650,.T.);
#5650 = EDGE_CURVE('',#5643,#5634,#5651,.T.);
#5651 = LINE('',#5652,#5653);
#5652 = CARTESIAN_POINT('',(-0.349999126416,5.974913368288,
    -2.281399360814));
#5653 = VECTOR('',#5654,1.);
#5654 = DIRECTION('',(4.371138828674E-08,1.,8.742277657348E-08));
#5655 = PLANE('',#5656);
#5656 = AXIS2_PLACEMENT_3D('',#5657,#5658,#5659);
#5657 = CARTESIAN_POINT('',(-0.392805274432,5.974913370159,
    -2.281399362685));
#5658 = DIRECTION('',(-4.371138828674E-08,-8.742277466279E-08,1.));
#5659 = DIRECTION('',(-1.,4.371139210811E-08,-4.371138446537E-08));
#5660 = ADVANCED_FACE('',(#5661),#5697,.F.);
#5661 = FACE_BOUND('',#5662,.F.);
#5662 = EDGE_LOOP('',(#5663,#5674,#5682,#5691));
#5663 = ORIENTED_EDGE('',*,*,#5664,.F.);
#5664 = EDGE_CURVE('',#5665,#5667,#5669,.T.);
#5665 = VERTEX_POINT('',#5666);
#5666 = CARTESIAN_POINT('',(-1.260771886654,5.974913382301,
    -1.986300755469));
#5667 = VERTEX_POINT('',#5668);
#5668 = CARTESIAN_POINT('',(-1.282279861894,5.974913382816,
    -1.981438401565));
#5669 = CIRCLE('',#5670,5.E-02);
#5670 = AXIS2_PLACEMENT_3D('',#5671,#5672,#5673);
#5671 = CARTESIAN_POINT('',(-1.282279859708,5.974913387187,
    -2.031438401565));
#5672 = DIRECTION('',(-4.371138828674E-08,-1.,-8.742277657348E-08));
#5673 = DIRECTION('',(0.430159461092,-9.772403422297E-08,0.902752921919)
  );
#5674 = ORIENTED_EDGE('',*,*,#5675,.T.);
#5675 = EDGE_CURVE('',#5665,#5676,#5678,.T.);
#5676 = VERTEX_POINT('',#5677);
#5677 = CARTESIAN_POINT('',(-1.260771880097,6.124913382301,
    -1.986300742356));
#5678 = LINE('',#5679,#5680);
#5679 = CARTESIAN_POINT('',(-1.260771886654,5.974913382301,
    -1.986300755469));
#5680 = VECTOR('',#5681,1.);
#5681 = DIRECTION('',(4.371138828674E-08,1.,8.742277657348E-08));
#5682 = ORIENTED_EDGE('',*,*,#5683,.T.);
#5683 = EDGE_CURVE('',#5676,#5684,#5686,.T.);
#5684 = VERTEX_POINT('',#5685);
#5685 = CARTESIAN_POINT('',(-1.282279855337,6.124913382816,
    -1.981438388452));
#5686 = CIRCLE('',#5687,5.E-02);
#5687 = AXIS2_PLACEMENT_3D('',#5688,#5689,#5690);
#5688 = CARTESIAN_POINT('',(-1.282279853151,6.124913387187,
    -2.031438388452));
#5689 = DIRECTION('',(-4.371138828674E-08,-1.,-8.742277657348E-08));
#5690 = DIRECTION('',(0.430159461092,-9.772403422297E-08,0.902752921919)
  );
#5691 = ORIENTED_EDGE('',*,*,#5692,.F.);
#5692 = EDGE_CURVE('',#5667,#5684,#5693,.T.);
#5693 = LINE('',#5694,#5695);
#5694 = CARTESIAN_POINT('',(-1.282279861894,5.974913382816,
    -1.981438401565));
#5695 = VECTOR('',#5696,1.);
#5696 = DIRECTION('',(4.371138828674E-08,1.,8.742277657348E-08));
#5697 = CYLINDRICAL_SURFACE('',#5698,5.E-02);
#5698 = AXIS2_PLACEMENT_3D('',#5699,#5700,#5701);
#5699 = CARTESIAN_POINT('',(-1.282279859708,5.974913387187,
    -2.031438401565));
#5700 = DIRECTION('',(4.371138828674E-08,1.,8.742277657348E-08));
#5701 = DIRECTION('',(4.371138828674E-08,8.742277466279E-08,-1.));
#5702 = ADVANCED_FACE('',(#5703),#5728,.T.);
#5703 = FACE_BOUND('',#5704,.T.);
#5704 = EDGE_LOOP('',(#5705,#5715,#5721,#5722));
#5705 = ORIENTED_EDGE('',*,*,#5706,.T.);
#5706 = EDGE_CURVE('',#5707,#5709,#5711,.T.);
#5707 = VERTEX_POINT('',#5708);
#5708 = CARTESIAN_POINT('',(-1.349999139528,5.974913385776,
    -1.981438404525));
#5709 = VERTEX_POINT('',#5710);
#5710 = CARTESIAN_POINT('',(-1.349999132971,6.124913385776,
    -1.981438391412));
#5711 = LINE('',#5712,#5713);
#5712 = CARTESIAN_POINT('',(-1.349999139528,5.974913385776,
    -1.981438404525));
#5713 = VECTOR('',#5714,1.);
#5714 = DIRECTION('',(4.371138828674E-08,1.,8.742277657348E-08));
#5715 = ORIENTED_EDGE('',*,*,#5716,.F.);
#5716 = EDGE_CURVE('',#5684,#5709,#5717,.T.);
#5717 = LINE('',#5718,#5719);
#5718 = CARTESIAN_POINT('',(-1.282279855337,6.124913382816,
    -1.981438388452));
#5719 = VECTOR('',#5720,1.);
#5720 = DIRECTION('',(-1.,4.371139210811E-08,-4.371138446537E-08));
#5721 = ORIENTED_EDGE('',*,*,#5692,.F.);
#5722 = ORIENTED_EDGE('',*,*,#5723,.T.);
#5723 = EDGE_CURVE('',#5667,#5707,#5724,.T.);
#5724 = LINE('',#5725,#5726);
#5725 = CARTESIAN_POINT('',(-1.282279861894,5.974913382816,
    -1.981438401565));
#5726 = VECTOR('',#5727,1.);
#5727 = DIRECTION('',(-1.,4.371139210811E-08,-4.371138446537E-08));
#5728 = PLANE('',#5729);
#5729 = AXIS2_PLACEMENT_3D('',#5730,#5731,#5732);
#5730 = CARTESIAN_POINT('',(-1.282279861894,5.974913382816,
    -1.981438401565));
#5731 = DIRECTION('',(4.371138828674E-08,8.742277466279E-08,-1.));
#5732 = DIRECTION('',(-4.371138828674E-08,-1.,-8.742277657348E-08));
#5733 = ADVANCED_FACE('',(#5734),#5750,.T.);
#5734 = FACE_BOUND('',#5735,.T.);
#5735 = EDGE_LOOP('',(#5736,#5737,#5743,#5744));
#5736 = ORIENTED_EDGE('',*,*,#1384,.T.);
#5737 = ORIENTED_EDGE('',*,*,#5738,.F.);
#5738 = EDGE_CURVE('',#5709,#1387,#5739,.T.);
#5739 = LINE('',#5740,#5741);
#5740 = CARTESIAN_POINT('',(-1.349999132971,6.124913385776,
    -1.981438391412));
#5741 = VECTOR('',#5742,1.);
#5742 = DIRECTION('',(-4.371138828674E-08,-8.742277466279E-08,1.));
#5743 = ORIENTED_EDGE('',*,*,#5706,.F.);
#5744 = ORIENTED_EDGE('',*,*,#5745,.T.);
#5745 = EDGE_CURVE('',#5707,#1385,#5746,.T.);
#5746 = LINE('',#5747,#5748);
#5747 = CARTESIAN_POINT('',(-1.349999139528,5.974913385776,
    -1.981438404525));
#5748 = VECTOR('',#5749,1.);
#5749 = DIRECTION('',(-4.371138828674E-08,-8.742277466279E-08,1.));
#5750 = PLANE('',#5751);
#5751 = AXIS2_PLACEMENT_3D('',#5752,#5753,#5754);
#5752 = CARTESIAN_POINT('',(-1.349999139528,5.974913385776,
    -1.981438404525));
#5753 = DIRECTION('',(-1.,4.371139210811E-08,-4.371138446537E-08));
#5754 = DIRECTION('',(-4.371138828674E-08,-8.742277466279E-08,1.));
#5755 = ADVANCED_FACE('',(#5756),#5783,.F.);
#5756 = FACE_BOUND('',#5757,.F.);
#5757 = EDGE_LOOP('',(#5758,#5767,#5775,#5782));
#5758 = ORIENTED_EDGE('',*,*,#5759,.T.);
#5759 = EDGE_CURVE('',#1395,#5760,#5762,.T.);
#5760 = VERTEX_POINT('',#5761);
#5761 = CARTESIAN_POINT('',(-1.299562148391,6.124913352933,
    -1.630968389206));
#5762 = CIRCLE('',#5763,5.E-02);
#5763 = AXIS2_PLACEMENT_3D('',#5764,#5765,#5766);
#5764 = CARTESIAN_POINT('',(-1.349562148391,6.124913355118,
    -1.630968391392));
#5765 = DIRECTION('',(-4.371138828674E-08,-1.,-8.742277657348E-08));
#5766 = DIRECTION('',(-8.73995429087E-03,8.780147307221E-08,
    -0.99996180587));
#5767 = ORIENTED_EDGE('',*,*,#5768,.F.);
#5768 = EDGE_CURVE('',#5769,#5760,#5771,.T.);
#5769 = VERTEX_POINT('',#5770);
#5770 = CARTESIAN_POINT('',(-1.299562154947,5.974913352933,
    -1.63096840232));
#5771 = LINE('',#5772,#5773);
#5772 = CARTESIAN_POINT('',(-1.299562154947,5.974913352933,
    -1.63096840232));
#5773 = VECTOR('',#5774,1.);
#5774 = DIRECTION('',(4.371138828674E-08,1.,8.742277657348E-08));
#5775 = ORIENTED_EDGE('',*,*,#5776,.F.);
#5776 = EDGE_CURVE('',#1404,#5769,#5777,.T.);
#5777 = CIRCLE('',#5778,5.E-02);
#5778 = AXIS2_PLACEMENT_3D('',#5779,#5780,#5781);
#5779 = CARTESIAN_POINT('',(-1.349562154947,5.974913355118,
    -1.630968404505));
#5780 = DIRECTION('',(-4.371138828674E-08,-1.,-8.742277657348E-08));
#5781 = DIRECTION('',(-8.73995429087E-03,8.780147307221E-08,
    -0.99996180587));
#5782 = ORIENTED_EDGE('',*,*,#1403,.T.);
#5783 = CYLINDRICAL_SURFACE('',#5784,5.E-02);
#5784 = AXIS2_PLACEMENT_3D('',#5785,#5786,#5787);
#5785 = CARTESIAN_POINT('',(-1.349562154947,5.974913355118,
    -1.630968404505));
#5786 = DIRECTION('',(4.371138828674E-08,1.,8.742277657348E-08));
#5787 = DIRECTION('',(4.371138828674E-08,8.742277466279E-08,-1.));
#5788 = ADVANCED_FACE('',(#5789),#5814,.T.);
#5789 = FACE_BOUND('',#5790,.T.);
#5790 = EDGE_LOOP('',(#5791,#5801,#5807,#5808));
#5791 = ORIENTED_EDGE('',*,*,#5792,.T.);
#5792 = EDGE_CURVE('',#5793,#5795,#5797,.T.);
#5793 = VERTEX_POINT('',#5794);
#5794 = CARTESIAN_POINT('',(-1.299562156238,5.974913350351,
    -1.601439042974));
#5795 = VERTEX_POINT('',#5796);
#5796 = CARTESIAN_POINT('',(-1.299562149681,6.124913350351,
    -1.601439029861));
#5797 = LINE('',#5798,#5799);
#5798 = CARTESIAN_POINT('',(-1.299562156238,5.974913350351,
    -1.601439042974));
#5799 = VECTOR('',#5800,1.);
#5800 = DIRECTION('',(4.371138828674E-08,1.,8.742277657348E-08));
#5801 = ORIENTED_EDGE('',*,*,#5802,.F.);
#5802 = EDGE_CURVE('',#5760,#5795,#5803,.T.);
#5803 = LINE('',#5804,#5805);
#5804 = CARTESIAN_POINT('',(-1.299562148391,6.124913352933,
    -1.630968389206));
#5805 = VECTOR('',#5806,1.);
#5806 = DIRECTION('',(-4.371138828674E-08,-8.742277466279E-08,1.));
#5807 = ORIENTED_EDGE('',*,*,#5768,.F.);
#5808 = ORIENTED_EDGE('',*,*,#5809,.T.);
#5809 = EDGE_CURVE('',#5769,#5793,#5810,.T.);
#5810 = LINE('',#5811,#5812);
#5811 = CARTESIAN_POINT('',(-1.299562154947,5.974913352933,
    -1.63096840232));
#5812 = VECTOR('',#5813,1.);
#5813 = DIRECTION('',(-4.371138828674E-08,-8.742277466279E-08,1.));
#5814 = PLANE('',#5815);
#5815 = AXIS2_PLACEMENT_3D('',#5816,#5817,#5818);
#5816 = CARTESIAN_POINT('',(-1.299562154947,5.974913352933,
    -1.63096840232));
#5817 = DIRECTION('',(-1.,4.371139210811E-08,-4.371138446537E-08));
#5818 = DIRECTION('',(-4.371138828674E-08,-8.742277466279E-08,1.));
#5819 = ADVANCED_FACE('',(#5820),#5845,.T.);
#5820 = FACE_BOUND('',#5821,.T.);
#5821 = EDGE_LOOP('',(#5822,#5832,#5838,#5839));
#5822 = ORIENTED_EDGE('',*,*,#5823,.T.);
#5823 = EDGE_CURVE('',#5824,#5826,#5828,.T.);
#5824 = VERTEX_POINT('',#5825);
#5825 = CARTESIAN_POINT('',(-0.950222775112,5.974913335081,
    -1.601439027704));
#5826 = VERTEX_POINT('',#5827);
#5827 = CARTESIAN_POINT('',(-0.950222768555,6.124913335081,
    -1.601439014591));
#5828 = LINE('',#5829,#5830);
#5829 = CARTESIAN_POINT('',(-0.950222775112,5.974913335081,
    -1.601439027704));
#5830 = VECTOR('',#5831,1.);
#5831 = DIRECTION('',(4.371138828674E-08,1.,8.742277657348E-08));
#5832 = ORIENTED_EDGE('',*,*,#5833,.F.);
#5833 = EDGE_CURVE('',#5795,#5826,#5834,.T.);
#5834 = LINE('',#5835,#5836);
#5835 = CARTESIAN_POINT('',(-1.299562149681,6.124913350351,
    -1.601439029861));
#5836 = VECTOR('',#5837,1.);
#5837 = DIRECTION('',(1.,-4.371139210811E-08,4.371138446537E-08));
#5838 = ORIENTED_EDGE('',*,*,#5792,.F.);
#5839 = ORIENTED_EDGE('',*,*,#5840,.T.);
#5840 = EDGE_CURVE('',#5793,#5824,#5841,.T.);
#5841 = LINE('',#5842,#5843);
#5842 = CARTESIAN_POINT('',(-1.299562156238,5.974913350351,
    -1.601439042974));
#5843 = VECTOR('',#5844,1.);
#5844 = DIRECTION('',(1.,-4.371139210811E-08,4.371138446537E-08));
#5845 = PLANE('',#5846);
#5846 = AXIS2_PLACEMENT_3D('',#5847,#5848,#5849);
#5847 = CARTESIAN_POINT('',(-1.299562156238,5.974913350351,
    -1.601439042974));
#5848 = DIRECTION('',(-4.371138828674E-08,-8.742277466279E-08,1.));
#5849 = DIRECTION('',(-1.,4.371139210811E-08,-4.371138446537E-08));
#5850 = ADVANCED_FACE('',(#5851),#5878,.T.);
#5851 = FACE_BOUND('',#5852,.T.);
#5852 = EDGE_LOOP('',(#5853,#5863,#5870,#5871));
#5853 = ORIENTED_EDGE('',*,*,#5854,.T.);
#5854 = EDGE_CURVE('',#5855,#5857,#5859,.T.);
#5855 = VERTEX_POINT('',#5856);
#5856 = CARTESIAN_POINT('',(-1.020124339591,5.97491334458,
    -1.675149938064));
#5857 = VERTEX_POINT('',#5858);
#5858 = CARTESIAN_POINT('',(-1.020124333034,6.12491334458,
    -1.675149924951));
#5859 = LINE('',#5860,#5861);
#5860 = CARTESIAN_POINT('',(-1.020124339591,5.97491334458,
    -1.675149938064));
#5861 = VECTOR('',#5862,1.);
#5862 = DIRECTION('',(4.371138828674E-08,1.,8.742277657348E-08));
#5863 = ORIENTED_EDGE('',*,*,#5864,.F.);
#5864 = EDGE_CURVE('',#5826,#5857,#5865,.T.);
#5865 = CIRCLE('',#5866,7.E-02);
#5866 = AXIS2_PLACEMENT_3D('',#5867,#5868,#5869);
#5867 = CARTESIAN_POINT('',(-1.020124336094,6.124913338461,
    -1.605149924951));
#5868 = DIRECTION('',(4.371138828674E-08,1.,8.742277657348E-08));
#5869 = DIRECTION('',(0.998593821974,-4.828446639765E-08,
    5.301300514863E-02));
#5870 = ORIENTED_EDGE('',*,*,#5823,.F.);
#5871 = ORIENTED_EDGE('',*,*,#5872,.T.);
#5872 = EDGE_CURVE('',#5824,#5855,#5873,.T.);
#5873 = CIRCLE('',#5874,7.E-02);
#5874 = AXIS2_PLACEMENT_3D('',#5875,#5876,#5877);
#5875 = CARTESIAN_POINT('',(-1.020124342651,5.974913338461,
    -1.605149938064));
#5876 = DIRECTION('',(4.371138828674E-08,1.,8.742277657348E-08));
#5877 = DIRECTION('',(0.998593821974,-4.828446639765E-08,
    5.301300514863E-02));
#5878 = CYLINDRICAL_SURFACE('',#5879,7.E-02);
#5879 = AXIS2_PLACEMENT_3D('',#5880,#5881,#5882);
#5880 = CARTESIAN_POINT('',(-1.020124342651,5.974913338461,
    -1.605149938064));
#5881 = DIRECTION('',(4.371138828674E-08,1.,8.742277657348E-08));
#5882 = DIRECTION('',(4.371138828674E-08,8.742277466279E-08,-1.));
#5883 = ADVANCED_FACE('',(#5884),#5909,.T.);
#5884 = FACE_BOUND('',#5885,.T.);
#5885 = EDGE_LOOP('',(#5886,#5896,#5902,#5903));
#5886 = ORIENTED_EDGE('',*,*,#5887,.T.);
#5887 = EDGE_CURVE('',#5888,#5890,#5892,.T.);
#5888 = VERTEX_POINT('',#5889);
#5889 = CARTESIAN_POINT('',(-1.049999152916,5.974913345886,
    -1.67514993937));
#5890 = VERTEX_POINT('',#5891);
#5891 = CARTESIAN_POINT('',(-1.049999146359,6.124913345886,
    -1.675149926257));
#5892 = LINE('',#5893,#5894);
#5893 = CARTESIAN_POINT('',(-1.049999152916,5.974913345886,
    -1.67514993937));
#5894 = VECTOR('',#5895,1.);
#5895 = DIRECTION('',(4.371138828674E-08,1.,8.742277657348E-08));
#5896 = ORIENTED_EDGE('',*,*,#5897,.F.);
#5897 = EDGE_CURVE('',#5857,#5890,#5898,.T.);
#5898 = LINE('',#5899,#5900);
#5899 = CARTESIAN_POINT('',(-1.020124333034,6.12491334458,
    -1.675149924951));
#5900 = VECTOR('',#5901,1.);
#5901 = DIRECTION('',(-1.,4.371139210811E-08,-4.371138446537E-08));
#5902 = ORIENTED_EDGE('',*,*,#5854,.F.);
#5903 = ORIENTED_EDGE('',*,*,#5904,.T.);
#5904 = EDGE_CURVE('',#5855,#5888,#5905,.T.);
#5905 = LINE('',#5906,#5907);
#5906 = CARTESIAN_POINT('',(-1.020124339591,5.97491334458,
    -1.675149938064));
#5907 = VECTOR('',#5908,1.);
#5908 = DIRECTION('',(-1.,4.371139210811E-08,-4.371138446537E-08));
#5909 = PLANE('',#5910);
#5910 = AXIS2_PLACEMENT_3D('',#5911,#5912,#5913);
#5911 = CARTESIAN_POINT('',(-1.020124339591,5.97491334458,
    -1.675149938064));
#5912 = DIRECTION('',(4.371138828674E-08,8.742277466279E-08,-1.));
#5913 = DIRECTION('',(-4.371138828674E-08,-1.,-8.742277657348E-08));
#5914 = ADVANCED_FACE('',(#5915),#5940,.T.);
#5915 = FACE_BOUND('',#5916,.T.);
#5916 = EDGE_LOOP('',(#5917,#5925,#5926,#5934));
#5917 = ORIENTED_EDGE('',*,*,#5918,.F.);
#5918 = EDGE_CURVE('',#5890,#5919,#5921,.T.);
#5919 = VERTEX_POINT('',#5920);
#5920 = CARTESIAN_POINT('',(-1.049999146084,6.124913346436,
    -1.681438378299));
#5921 = LINE('',#5922,#5923);
#5922 = CARTESIAN_POINT('',(-1.049999146359,6.124913345886,
    -1.675149926257));
#5923 = VECTOR('',#5924,1.);
#5924 = DIRECTION('',(4.371138828674E-08,8.742276142158E-08,-1.));
#5925 = ORIENTED_EDGE('',*,*,#5887,.F.);
#5926 = ORIENTED_EDGE('',*,*,#5927,.T.);
#5927 = EDGE_CURVE('',#5888,#5928,#5930,.T.);
#5928 = VERTEX_POINT('',#5929);
#5929 = CARTESIAN_POINT('',(-1.049999152641,5.974913346436,
    -1.681438391412));
#5930 = LINE('',#5931,#5932);
#5931 = CARTESIAN_POINT('',(-1.049999152916,5.974913345886,
    -1.67514993937));
#5932 = VECTOR('',#5933,1.);
#5933 = DIRECTION('',(4.371138828674E-08,8.742277466279E-08,-1.));
#5934 = ORIENTED_EDGE('',*,*,#5935,.T.);
#5935 = EDGE_CURVE('',#5928,#5919,#5936,.T.);
#5936 = LINE('',#5937,#5938);
#5937 = CARTESIAN_POINT('',(-1.049999152641,5.974913346436,
    -1.681438391412));
#5938 = VECTOR('',#5939,1.);
#5939 = DIRECTION('',(4.371138828674E-08,1.,8.742277657348E-08));
#5940 = PLANE('',#5941);
#5941 = AXIS2_PLACEMENT_3D('',#5942,#5943,#5944);
#5942 = CARTESIAN_POINT('',(-1.049999152916,5.974913345886,
    -1.67514993937));
#5943 = DIRECTION('',(1.,-4.371139210811E-08,4.371138446537E-08));
#5944 = DIRECTION('',(-4.371138828674E-08,-1.,-8.742277657348E-08));
#5945 = ADVANCED_FACE('',(#5946),#5967,.T.);
#5946 = FACE_BOUND('',#5947,.T.);
#5947 = EDGE_LOOP('',(#5948,#5949,#5950,#5951,#5952,#5953,#5961));
#5948 = ORIENTED_EDGE('',*,*,#5233,.T.);
#5949 = ORIENTED_EDGE('',*,*,#5265,.T.);
#5950 = ORIENTED_EDGE('',*,*,#5298,.T.);
#5951 = ORIENTED_EDGE('',*,*,#5329,.T.);
#5952 = ORIENTED_EDGE('',*,*,#5352,.T.);
#5953 = ORIENTED_EDGE('',*,*,#5954,.F.);
#5954 = EDGE_CURVE('',#5955,#5353,#5957,.T.);
#5955 = VERTEX_POINT('',#5956);
#5956 = CARTESIAN_POINT('',(1.250000863532,6.124913265133,
    -1.901438277762));
#5957 = LINE('',#5958,#5959);
#5958 = CARTESIAN_POINT('',(1.250000863532,6.124913265133,
    -1.901438277762));
#5959 = VECTOR('',#5960,1.);
#5960 = DIRECTION('',(-0.996193713686,5.116539085356E-08,
    -8.716699382592E-02));
#5961 = ORIENTED_EDGE('',*,*,#5962,.T.);
#5962 = EDGE_CURVE('',#5955,#5234,#5963,.T.);
#5963 = LINE('',#5964,#5965);
#5964 = CARTESIAN_POINT('',(1.250000863532,6.124913265133,
    -1.901438277762));
#5965 = VECTOR('',#5966,1.);
#5966 = DIRECTION('',(1.,-4.371139210811E-08,4.371138446537E-08));
#5967 = PLANE('',#5968);
#5968 = AXIS2_PLACEMENT_3D('',#5969,#5970,#5971);
#5969 = CARTESIAN_POINT('',(1.85000087446,6.124913260762,-2.151438251536
    ));
#5970 = DIRECTION('',(4.371138828674E-08,1.,8.742277657348E-08));
#5971 = DIRECTION('',(1.,-4.371139210811E-08,4.371138446537E-08));
#5972 = ADVANCED_FACE('',(#5973),#5985,.T.);
#5973 = FACE_BOUND('',#5974,.T.);
#5974 = EDGE_LOOP('',(#5975,#5976,#5977,#5978,#5979));
#5975 = ORIENTED_EDGE('',*,*,#5393,.T.);
#5976 = ORIENTED_EDGE('',*,*,#5435,.T.);
#5977 = ORIENTED_EDGE('',*,*,#5466,.T.);
#5978 = ORIENTED_EDGE('',*,*,#5489,.T.);
#5979 = ORIENTED_EDGE('',*,*,#5980,.F.);
#5980 = EDGE_CURVE('',#5386,#5490,#5981,.T.);
#5981 = LINE('',#5982,#5983);
#5982 = CARTESIAN_POINT('',(1.319773140255,6.124913299238,
    -2.326438274713));
#5983 = VECTOR('',#5984,1.);
#5984 = DIRECTION('',(1.,-4.371139210811E-08,4.371138446537E-08));
#5985 = PLANE('',#5986);
#5986 = AXIS2_PLACEMENT_3D('',#5987,#5988,#5989);
#5987 = CARTESIAN_POINT('',(1.85000087446,6.124913260762,-2.151438251536
    ));
#5988 = DIRECTION('',(4.371138828674E-08,1.,8.742277657348E-08));
#5989 = DIRECTION('',(1.,-4.371139210811E-08,4.371138446537E-08));
#5990 = ADVANCED_FACE('',(#5991),#6018,.T.);
#5991 = FACE_BOUND('',#5992,.T.);
#5992 = EDGE_LOOP('',(#5993,#5994,#6003,#6009,#6010,#6011,#6012));
#5993 = ORIENTED_EDGE('',*,*,#5538,.T.);
#5994 = ORIENTED_EDGE('',*,*,#5995,.T.);
#5995 = EDGE_CURVE('',#5531,#5996,#5998,.T.);
#5996 = VERTEX_POINT('',#5997);
#5997 = CARTESIAN_POINT('',(-0.581869116361,6.124913385421,
    -2.361438357836));
#5998 = CIRCLE('',#5999,0.2);
#5999 = AXIS2_PLACEMENT_3D('',#6000,#6001,#6002);
#6000 = CARTESIAN_POINT('',(-0.781869116361,6.124913394163,
    -2.361438366578));
#6001 = DIRECTION('',(-4.371138828674E-08,-1.,-8.742277657348E-08));
#6002 = DIRECTION('',(0.737817757674,2.675933287709E-08,-0.674999967749)
  );
#6003 = ORIENTED_EDGE('',*,*,#6004,.F.);
#6004 = EDGE_CURVE('',#5579,#5996,#6005,.T.);
#6005 = LINE('',#6006,#6007);
#6006 = CARTESIAN_POINT('',(-0.581869118155,6.124913381833,
    -2.320395453514));
#6007 = VECTOR('',#6008,1.);
#6008 = DIRECTION('',(4.371138828674E-08,8.742277466279E-08,-1.));
#6009 = ORIENTED_EDGE('',*,*,#5578,.T.);
#6010 = ORIENTED_EDGE('',*,*,#5610,.T.);
#6011 = ORIENTED_EDGE('',*,*,#5633,.T.);
#6012 = ORIENTED_EDGE('',*,*,#6013,.T.);
#6013 = EDGE_CURVE('',#5634,#5539,#6014,.T.);
#6014 = LINE('',#6015,#6016);
#6015 = CARTESIAN_POINT('',(-0.349999119859,6.124913368288,
    -2.281399347701));
#6016 = VECTOR('',#6017,1.);
#6017 = DIRECTION('',(4.371138828674E-08,8.742277466279E-08,-1.));
#6018 = PLANE('',#6019);
#6019 = AXIS2_PLACEMENT_3D('',#6020,#6021,#6022);
#6020 = CARTESIAN_POINT('',(1.85000087446,6.124913260762,-2.151438251536
    ));
#6021 = DIRECTION('',(4.371138828674E-08,1.,8.742277657348E-08));
#6022 = DIRECTION('',(1.,-4.371139210811E-08,4.371138446537E-08));
#6023 = ADVANCED_FACE('',(#6024),#6058,.T.);
#6024 = FACE_BOUND('',#6025,.T.);
#6025 = EDGE_LOOP('',(#6026,#6034,#6035,#6036,#6037,#6038,#6039,#6040,
    #6041,#6042,#6043,#6044,#6052));
#6026 = ORIENTED_EDGE('',*,*,#6027,.T.);
#6027 = EDGE_CURVE('',#6028,#5676,#6030,.T.);
#6028 = VERTEX_POINT('',#6029);
#6029 = CARTESIAN_POINT('',(-1.249999132534,6.124913382279,
    -1.991433929049));
#6030 = LINE('',#6031,#6032);
#6031 = CARTESIAN_POINT('',(-1.249999132534,6.124913382279,
    -1.991433929049));
#6032 = VECTOR('',#6033,1.);
#6033 = DIRECTION('',(-0.902752921919,1.854849038977E-09,0.430159461092)
  );
#6034 = ORIENTED_EDGE('',*,*,#5683,.T.);
#6035 = ORIENTED_EDGE('',*,*,#5716,.T.);
#6036 = ORIENTED_EDGE('',*,*,#5738,.T.);
#6037 = ORIENTED_EDGE('',*,*,#1394,.T.);
#6038 = ORIENTED_EDGE('',*,*,#5759,.T.);
#6039 = ORIENTED_EDGE('',*,*,#5802,.T.);
#6040 = ORIENTED_EDGE('',*,*,#5833,.T.);
#6041 = ORIENTED_EDGE('',*,*,#5864,.T.);
#6042 = ORIENTED_EDGE('',*,*,#5897,.T.);
#6043 = ORIENTED_EDGE('',*,*,#5918,.T.);
#6044 = ORIENTED_EDGE('',*,*,#6045,.T.);
#6045 = EDGE_CURVE('',#5919,#6046,#6048,.T.);
#6046 = VERTEX_POINT('',#6047);
#6047 = CARTESIAN_POINT('',(-1.249999146084,6.124913355178,
    -1.681438387041));
#6048 = LINE('',#6049,#6050);
#6049 = CARTESIAN_POINT('',(-1.049999146084,6.124913346436,
    -1.681438378299));
#6050 = VECTOR('',#6051,1.);
#6051 = DIRECTION('',(-1.,4.371139210811E-08,-4.371138446537E-08));
#6052 = ORIENTED_EDGE('',*,*,#6053,.T.);
#6053 = EDGE_CURVE('',#6046,#6028,#6054,.T.);
#6054 = LINE('',#6055,#6056);
#6055 = CARTESIAN_POINT('',(-1.249999146084,6.124913355178,
    -1.681438387041));
#6056 = VECTOR('',#6057,1.);
#6057 = DIRECTION('',(4.371138828674E-08,8.742277466279E-08,-1.));
#6058 = PLANE('',#6059);
#6059 = AXIS2_PLACEMENT_3D('',#6060,#6061,#6062);
#6060 = CARTESIAN_POINT('',(1.85000087446,6.124913260762,-2.151438251536
    ));
#6061 = DIRECTION('',(4.371138828674E-08,1.,8.742277657348E-08));
#6062 = DIRECTION('',(1.,-4.371139210811E-08,4.371138446537E-08));
#6063 = ADVANCED_FACE('',(#6064),#6082,.T.);
#6064 = FACE_BOUND('',#6065,.T.);
#6065 = EDGE_LOOP('',(#6066,#6074,#6075,#6076));
#6066 = ORIENTED_EDGE('',*,*,#6067,.T.);
#6067 = EDGE_CURVE('',#6068,#5665,#6070,.T.);
#6068 = VERTEX_POINT('',#6069);
#6069 = CARTESIAN_POINT('',(-1.249999139091,5.974913382279,
    -1.991433942163));
#6070 = LINE('',#6071,#6072);
#6071 = CARTESIAN_POINT('',(-1.249999139091,5.974913382279,
    -1.991433942163));
#6072 = VECTOR('',#6073,1.);
#6073 = DIRECTION('',(-0.902752921919,1.854849038977E-09,0.430159461092)
  );
#6074 = ORIENTED_EDGE('',*,*,#5675,.T.);
#6075 = ORIENTED_EDGE('',*,*,#6027,.F.);
#6076 = ORIENTED_EDGE('',*,*,#6077,.F.);
#6077 = EDGE_CURVE('',#6068,#6028,#6078,.T.);
#6078 = LINE('',#6079,#6080);
#6079 = CARTESIAN_POINT('',(-1.249999139091,5.974913382279,
    -1.991433942163));
#6080 = VECTOR('',#6081,1.);
#6081 = DIRECTION('',(4.371138828674E-08,1.,8.742277657348E-08));
#6082 = PLANE('',#6083);
#6083 = AXIS2_PLACEMENT_3D('',#6084,#6085,#6086);
#6084 = CARTESIAN_POINT('',(-1.249999139091,5.974913382279,
    -1.991433942163));
#6085 = DIRECTION('',(-0.430159461092,9.772403422297E-08,-0.902752921919
    ));
#6086 = DIRECTION('',(4.371138828674E-08,1.,8.742277657348E-08));
#6087 = ADVANCED_FACE('',(#6088),#6109,.F.);
#6088 = FACE_BOUND('',#6089,.T.);
#6089 = EDGE_LOOP('',(#6090,#6098,#6099,#6100,#6101,#6102,#6103));
#6090 = ORIENTED_EDGE('',*,*,#6091,.T.);
#6091 = EDGE_CURVE('',#6092,#5362,#6094,.T.);
#6092 = VERTEX_POINT('',#6093);
#6093 = CARTESIAN_POINT('',(1.250000856975,5.974913265133,
    -1.901438290876));
#6094 = LINE('',#6095,#6096);
#6095 = CARTESIAN_POINT('',(1.250000856975,5.974913265133,
    -1.901438290876));
#6096 = VECTOR('',#6097,1.);
#6097 = DIRECTION('',(-0.996193713686,5.116539085356E-08,
    -8.716699382592E-02));
#6098 = ORIENTED_EDGE('',*,*,#5361,.F.);
#6099 = ORIENTED_EDGE('',*,*,#5319,.F.);
#6100 = ORIENTED_EDGE('',*,*,#5305,.F.);
#6101 = ORIENTED_EDGE('',*,*,#5273,.F.);
#6102 = ORIENTED_EDGE('',*,*,#5215,.F.);
#6103 = ORIENTED_EDGE('',*,*,#6104,.F.);
#6104 = EDGE_CURVE('',#6092,#5216,#6105,.T.);
#6105 = LINE('',#6106,#6107);
#6106 = CARTESIAN_POINT('',(1.250000856975,5.974913265133,
    -1.901438290876));
#6107 = VECTOR('',#6108,1.);
#6108 = DIRECTION('',(1.,-4.371139210811E-08,4.371138446537E-08));
#6109 = PLANE('',#6110);
#6110 = AXIS2_PLACEMENT_3D('',#6111,#6112,#6113);
#6111 = CARTESIAN_POINT('',(1.850000867903,5.974913260762,
    -2.151438264649));
#6112 = DIRECTION('',(4.371138828674E-08,1.,8.742277657348E-08));
#6113 = DIRECTION('',(1.,-4.371139210811E-08,4.371138446537E-08));
#6114 = ADVANCED_FACE('',(#6115),#6127,.F.);
#6115 = FACE_BOUND('',#6116,.T.);
#6116 = EDGE_LOOP('',(#6117,#6118,#6119,#6120,#6121));
#6117 = ORIENTED_EDGE('',*,*,#5498,.F.);
#6118 = ORIENTED_EDGE('',*,*,#5474,.F.);
#6119 = ORIENTED_EDGE('',*,*,#5442,.F.);
#6120 = ORIENTED_EDGE('',*,*,#5410,.F.);
#6121 = ORIENTED_EDGE('',*,*,#6122,.T.);
#6122 = EDGE_CURVE('',#5384,#5499,#6123,.T.);
#6123 = LINE('',#6124,#6125);
#6124 = CARTESIAN_POINT('',(1.319773133699,5.974913299238,
    -2.326438287826));
#6125 = VECTOR('',#6126,1.);
#6126 = DIRECTION('',(1.,-4.371139210811E-08,4.371138446537E-08));
#6127 = PLANE('',#6128);
#6128 = AXIS2_PLACEMENT_3D('',#6129,#6130,#6131);
#6129 = CARTESIAN_POINT('',(1.850000867903,5.974913260762,
    -2.151438264649));
#6130 = DIRECTION('',(4.371138828674E-08,1.,8.742277657348E-08));
#6131 = DIRECTION('',(1.,-4.371139210811E-08,4.371138446537E-08));
#6132 = ADVANCED_FACE('',(#6133),#6160,.F.);
#6133 = FACE_BOUND('',#6134,.T.);
#6134 = EDGE_LOOP('',(#6135,#6136,#6137,#6138,#6146,#6153,#6154));
#6135 = ORIENTED_EDGE('',*,*,#5642,.F.);
#6136 = ORIENTED_EDGE('',*,*,#5618,.F.);
#6137 = ORIENTED_EDGE('',*,*,#5560,.F.);
#6138 = ORIENTED_EDGE('',*,*,#6139,.T.);
#6139 = EDGE_CURVE('',#5561,#6140,#6142,.T.);
#6140 = VERTEX_POINT('',#6141);
#6141 = CARTESIAN_POINT('',(-0.581869122917,5.974913385421,
    -2.361438370949));
#6142 = LINE('',#6143,#6144);
#6143 = CARTESIAN_POINT('',(-0.581869124711,5.974913381833,
    -2.320395466627));
#6144 = VECTOR('',#6145,1.);
#6145 = DIRECTION('',(4.371138828674E-08,8.742277466279E-08,-1.));
#6146 = ORIENTED_EDGE('',*,*,#6147,.F.);
#6147 = EDGE_CURVE('',#5523,#6140,#6148,.T.);
#6148 = CIRCLE('',#6149,0.2);
#6149 = AXIS2_PLACEMENT_3D('',#6150,#6151,#6152);
#6150 = CARTESIAN_POINT('',(-0.781869122917,5.974913394163,
    -2.361438379692));
#6151 = DIRECTION('',(-4.371138828674E-08,-1.,-8.742277657348E-08));
#6152 = DIRECTION('',(0.737817757674,2.675933287709E-08,-0.674999967749)
  );
#6153 = ORIENTED_EDGE('',*,*,#5520,.F.);
#6154 = ORIENTED_EDGE('',*,*,#6155,.F.);
#6155 = EDGE_CURVE('',#5643,#5521,#6156,.T.);
#6156 = LINE('',#6157,#6158);
#6157 = CARTESIAN_POINT('',(-0.349999126416,5.974913368288,
    -2.281399360814));
#6158 = VECTOR('',#6159,1.);
#6159 = DIRECTION('',(4.371138828674E-08,8.742277466279E-08,-1.));
#6160 = PLANE('',#6161);
#6161 = AXIS2_PLACEMENT_3D('',#6162,#6163,#6164);
#6162 = CARTESIAN_POINT('',(1.850000867903,5.974913260762,
    -2.151438264649));
#6163 = DIRECTION('',(4.371138828674E-08,1.,8.742277657348E-08));
#6164 = DIRECTION('',(1.,-4.371139210811E-08,4.371138446537E-08));
#6165 = ADVANCED_FACE('',(#6166),#6193,.F.);
#6166 = FACE_BOUND('',#6167,.T.);
#6167 = EDGE_LOOP('',(#6168,#6176,#6177,#6178,#6179,#6180,#6181,#6182,
    #6183,#6184,#6185,#6186,#6187));
#6168 = ORIENTED_EDGE('',*,*,#6169,.F.);
#6169 = EDGE_CURVE('',#5928,#6170,#6172,.T.);
#6170 = VERTEX_POINT('',#6171);
#6171 = CARTESIAN_POINT('',(-1.249999152641,5.974913355178,
    -1.681438400154));
#6172 = LINE('',#6173,#6174);
#6173 = CARTESIAN_POINT('',(-1.049999152641,5.974913346436,
    -1.681438391412));
#6174 = VECTOR('',#6175,1.);
#6175 = DIRECTION('',(-1.,4.371139210811E-08,-4.371138446537E-08));
#6176 = ORIENTED_EDGE('',*,*,#5927,.F.);
#6177 = ORIENTED_EDGE('',*,*,#5904,.F.);
#6178 = ORIENTED_EDGE('',*,*,#5872,.F.);
#6179 = ORIENTED_EDGE('',*,*,#5840,.F.);
#6180 = ORIENTED_EDGE('',*,*,#5809,.F.);
#6181 = ORIENTED_EDGE('',*,*,#5776,.F.);
#6182 = ORIENTED_EDGE('',*,*,#1411,.F.);
#6183 = ORIENTED_EDGE('',*,*,#5745,.F.);
#6184 = ORIENTED_EDGE('',*,*,#5723,.F.);
#6185 = ORIENTED_EDGE('',*,*,#5664,.F.);
#6186 = ORIENTED_EDGE('',*,*,#6067,.F.);
#6187 = ORIENTED_EDGE('',*,*,#6188,.F.);
#6188 = EDGE_CURVE('',#6170,#6068,#6189,.T.);
#6189 = LINE('',#6190,#6191);
#6190 = CARTESIAN_POINT('',(-1.249999152641,5.974913355178,
    -1.681438400154));
#6191 = VECTOR('',#6192,1.);
#6192 = DIRECTION('',(4.371138828674E-08,8.742277466279E-08,-1.));
#6193 = PLANE('',#6194);
#6194 = AXIS2_PLACEMENT_3D('',#6195,#6196,#6197);
#6195 = CARTESIAN_POINT('',(1.850000867903,5.974913260762,
    -2.151438264649));
#6196 = DIRECTION('',(4.371138828674E-08,1.,8.742277657348E-08));
#6197 = DIRECTION('',(1.,-4.371139210811E-08,4.371138446537E-08));
#6198 = ADVANCED_FACE('',(#6199),#6233,.T.);
#6199 = FACE_BOUND('',#6200,.T.);
#6200 = EDGE_LOOP('',(#6201,#6211,#6219,#6227));
#6201 = ORIENTED_EDGE('',*,*,#6202,.T.);
#6202 = EDGE_CURVE('',#6203,#6205,#6207,.T.);
#6203 = VERTEX_POINT('',#6204);
#6204 = CARTESIAN_POINT('',(1.537247342756,5.474913252577,
    -1.901438322031));
#6205 = VERTEX_POINT('',#6206);
#6206 = CARTESIAN_POINT('',(1.367268167294,5.474913267416,
    -1.986185215168));
#6207 = LINE('',#6208,#6209);
#6208 = CARTESIAN_POINT('',(1.537247342756,5.474913252577,
    -1.901438322031));
#6209 = VECTOR('',#6210,1.);
#6210 = DIRECTION('',(-0.894937720165,7.812623299572E-08,-0.446191076811
    ));
#6211 = ORIENTED_EDGE('',*,*,#6212,.T.);
#6212 = EDGE_CURVE('',#6205,#6213,#6215,.T.);
#6213 = VERTEX_POINT('',#6214);
#6214 = CARTESIAN_POINT('',(1.367268173851,5.624913267416,
    -1.986185202054));
#6215 = LINE('',#6216,#6217);
#6216 = CARTESIAN_POINT('',(1.367268167294,5.474913267416,
    -1.986185215168));
#6217 = VECTOR('',#6218,1.);
#6218 = DIRECTION('',(4.371138828674E-08,1.,8.742277657348E-08));
#6219 = ORIENTED_EDGE('',*,*,#6220,.F.);
#6220 = EDGE_CURVE('',#6221,#6213,#6223,.T.);
#6221 = VERTEX_POINT('',#6222);
#6222 = CARTESIAN_POINT('',(1.537247349313,5.624913252577,
    -1.901438308918));
#6223 = LINE('',#6224,#6225);
#6224 = CARTESIAN_POINT('',(1.537247349313,5.624913252577,
    -1.901438308918));
#6225 = VECTOR('',#6226,1.);
#6226 = DIRECTION('',(-0.894937720165,7.812623299572E-08,-0.446191076811
    ));
#6227 = ORIENTED_EDGE('',*,*,#6228,.F.);
#6228 = EDGE_CURVE('',#6203,#6221,#6229,.T.);
#6229 = LINE('',#6230,#6231);
#6230 = CARTESIAN_POINT('',(1.537247342756,5.474913252577,
    -1.901438322031));
#6231 = VECTOR('',#6232,1.);
#6232 = DIRECTION('',(4.371138828674E-08,1.,8.742277657348E-08));
#6233 = PLANE('',#6234);
#6234 = AXIS2_PLACEMENT_3D('',#6235,#6236,#6237);
#6235 = CARTESIAN_POINT('',(1.537247342756,5.474913252577,
    -1.901438322031));
#6236 = DIRECTION('',(0.446191076811,5.873430894859E-08,-0.894937720165)
  );
#6237 = DIRECTION('',(-4.371138828674E-08,-1.,-8.742277657348E-08));
#6238 = ADVANCED_FACE('',(#6239),#6266,.T.);
#6239 = FACE_BOUND('',#6240,.T.);
#6240 = EDGE_LOOP('',(#6241,#6251,#6258,#6259));
#6241 = ORIENTED_EDGE('',*,*,#6242,.T.);
#6242 = EDGE_CURVE('',#6243,#6245,#6247,.T.);
#6243 = VERTEX_POINT('',#6244);
#6244 = CARTESIAN_POINT('',(1.344958615639,5.47491326885,-1.99143832916)
  );
#6245 = VERTEX_POINT('',#6246);
#6246 = CARTESIAN_POINT('',(1.344958622196,5.62491326885,-1.991438316046
    ));
#6247 = LINE('',#6248,#6249);
#6248 = CARTESIAN_POINT('',(1.344958615639,5.47491326885,-1.99143832916)
  );
#6249 = VECTOR('',#6250,1.);
#6250 = DIRECTION('',(4.371138828674E-08,1.,8.742277657348E-08));
#6251 = ORIENTED_EDGE('',*,*,#6252,.F.);
#6252 = EDGE_CURVE('',#6213,#6245,#6253,.T.);
#6253 = CIRCLE('',#6254,5.E-02);
#6254 = AXIS2_PLACEMENT_3D('',#6255,#6256,#6257);
#6255 = CARTESIAN_POINT('',(1.344958620011,5.624913264479,
    -1.941438316046));
#6256 = DIRECTION('',(4.371138828674E-08,1.,8.742277657348E-08));
#6257 = DIRECTION('',(0.446191076811,5.87343089486E-08,-0.894937720165)
  );
#6258 = ORIENTED_EDGE('',*,*,#6212,.F.);
#6259 = ORIENTED_EDGE('',*,*,#6260,.T.);
#6260 = EDGE_CURVE('',#6205,#6243,#6261,.T.);
#6261 = CIRCLE('',#6262,5.E-02);
#6262 = AXIS2_PLACEMENT_3D('',#6263,#6264,#6265);
#6263 = CARTESIAN_POINT('',(1.344958613454,5.474913264479,-1.94143832916
    ));
#6264 = DIRECTION('',(4.371138828674E-08,1.,8.742277657348E-08));
#6265 = DIRECTION('',(0.446191076811,5.87343089486E-08,-0.894937720165)
  );
#6266 = CYLINDRICAL_SURFACE('',#6267,5.E-02);
#6267 = AXIS2_PLACEMENT_3D('',#6268,#6269,#6270);
#6268 = CARTESIAN_POINT('',(1.344958613454,5.474913264479,-1.94143832916
    ));
#6269 = DIRECTION('',(4.371138828674E-08,1.,8.742277657348E-08));
#6270 = DIRECTION('',(4.371138828674E-08,8.742277466279E-08,-1.));
#6271 = ADVANCED_FACE('',(#6272),#6297,.T.);
#6272 = FACE_BOUND('',#6273,.T.);
#6273 = EDGE_LOOP('',(#6274,#6284,#6290,#6291));
#6274 = ORIENTED_EDGE('',*,*,#6275,.T.);
#6275 = EDGE_CURVE('',#6276,#6278,#6280,.T.);
#6276 = VERTEX_POINT('',#6277);
#6277 = CARTESIAN_POINT('',(1.329737362373,5.474913269516,
    -1.991438329825));
#6278 = VERTEX_POINT('',#6279);
#6279 = CARTESIAN_POINT('',(1.32973736893,5.624913269516,-1.991438316712
    ));
#6280 = LINE('',#6281,#6282);
#6281 = CARTESIAN_POINT('',(1.329737362373,5.474913269516,
    -1.991438329825));
#6282 = VECTOR('',#6283,1.);
#6283 = DIRECTION('',(4.371138828674E-08,1.,8.742277657348E-08));
#6284 = ORIENTED_EDGE('',*,*,#6285,.F.);
#6285 = EDGE_CURVE('',#6245,#6278,#6286,.T.);
#6286 = LINE('',#6287,#6288);
#6287 = CARTESIAN_POINT('',(1.344958622196,5.62491326885,-1.991438316046
    ));
#6288 = VECTOR('',#6289,1.);
#6289 = DIRECTION('',(-1.,4.371139210811E-08,-4.371138446537E-08));
#6290 = ORIENTED_EDGE('',*,*,#6242,.F.);
#6291 = ORIENTED_EDGE('',*,*,#6292,.T.);
#6292 = EDGE_CURVE('',#6243,#6276,#6293,.T.);
#6293 = LINE('',#6294,#6295);
#6294 = CARTESIAN_POINT('',(1.344958615639,5.47491326885,-1.99143832916)
  );
#6295 = VECTOR('',#6296,1.);
#6296 = DIRECTION('',(-1.,4.371139210811E-08,-4.371138446537E-08));
#6297 = PLANE('',#6298);
#6298 = AXIS2_PLACEMENT_3D('',#6299,#6300,#6301);
#6299 = CARTESIAN_POINT('',(1.344958615639,5.47491326885,-1.99143832916)
  );
#6300 = DIRECTION('',(4.371138828674E-08,8.742277466279E-08,-1.));
#6301 = DIRECTION('',(-4.371138828674E-08,-1.,-8.742277657348E-08));
#6302 = ADVANCED_FACE('',(#6303),#6330,.F.);
#6303 = FACE_BOUND('',#6304,.F.);
#6304 = EDGE_LOOP('',(#6305,#6314,#6315,#6324));
#6305 = ORIENTED_EDGE('',*,*,#6306,.F.);
#6306 = EDGE_CURVE('',#6276,#6307,#6309,.T.);
#6307 = VERTEX_POINT('',#6308);
#6308 = CARTESIAN_POINT('',(1.264411769721,5.474913266689,
    -1.926439148137));
#6309 = CIRCLE('',#6310,6.5E-02);
#6310 = AXIS2_PLACEMENT_3D('',#6311,#6312,#6313);
#6311 = CARTESIAN_POINT('',(1.264737362373,5.474913272357,
    -1.991438332666));
#6312 = DIRECTION('',(-4.371138828674E-08,-1.,-8.742277657348E-08));
#6313 = DIRECTION('',(1.,-4.371139210811E-08,4.371138446537E-08));
#6314 = ORIENTED_EDGE('',*,*,#6275,.T.);
#6315 = ORIENTED_EDGE('',*,*,#6316,.T.);
#6316 = EDGE_CURVE('',#6278,#6317,#6319,.T.);
#6317 = VERTEX_POINT('',#6318);
#6318 = CARTESIAN_POINT('',(1.264411776278,5.624913266689,
    -1.926439135024));
#6319 = CIRCLE('',#6320,6.5E-02);
#6320 = AXIS2_PLACEMENT_3D('',#6321,#6322,#6323);
#6321 = CARTESIAN_POINT('',(1.26473736893,5.624913272357,-1.991438319553
    ));
#6322 = DIRECTION('',(-4.371138828674E-08,-1.,-8.742277657348E-08));
#6323 = DIRECTION('',(1.,-4.371139210811E-08,4.371138446537E-08));
#6324 = ORIENTED_EDGE('',*,*,#6325,.F.);
#6325 = EDGE_CURVE('',#6307,#6317,#6326,.T.);
#6326 = LINE('',#6327,#6328);
#6327 = CARTESIAN_POINT('',(1.264411769721,5.474913266689,
    -1.926439148137));
#6328 = VECTOR('',#6329,1.);
#6329 = DIRECTION('',(4.371138828674E-08,1.,8.742277657348E-08));
#6330 = CYLINDRICAL_SURFACE('',#6331,6.5E-02);
#6331 = AXIS2_PLACEMENT_3D('',#6332,#6333,#6334);
#6332 = CARTESIAN_POINT('',(1.264737362373,5.474913272357,
    -1.991438332666));
#6333 = DIRECTION('',(4.371138828674E-08,1.,8.742277657348E-08));
#6334 = DIRECTION('',(4.371138828674E-08,8.742277466279E-08,-1.));
#6335 = ADVANCED_FACE('',(#6336),#6361,.T.);
#6336 = FACE_BOUND('',#6337,.T.);
#6337 = EDGE_LOOP('',(#6338,#6346,#6347,#6355));
#6338 = ORIENTED_EDGE('',*,*,#6339,.F.);
#6339 = EDGE_CURVE('',#6317,#6340,#6342,.T.);
#6340 = VERTEX_POINT('',#6341);
#6341 = CARTESIAN_POINT('',(0.946052022811,5.624913280744,
    -1.928033856512));
#6342 = LINE('',#6343,#6344);
#6343 = CARTESIAN_POINT('',(1.264411776278,5.624913266689,
    -1.926439135024));
#6344 = VECTOR('',#6345,1.);
#6345 = DIRECTION('',(-0.999987454291,4.414875087538E-08,
    -5.009117716878E-03));
#6346 = ORIENTED_EDGE('',*,*,#6325,.F.);
#6347 = ORIENTED_EDGE('',*,*,#6348,.T.);
#6348 = EDGE_CURVE('',#6307,#6349,#6351,.T.);
#6349 = VERTEX_POINT('',#6350);
#6350 = CARTESIAN_POINT('',(0.946052016255,5.474913280744,
    -1.928033869626));
#6351 = LINE('',#6352,#6353);
#6352 = CARTESIAN_POINT('',(1.264411769721,5.474913266689,
    -1.926439148137));
#6353 = VECTOR('',#6354,1.);
#6354 = DIRECTION('',(-0.999987454291,4.414875087538E-08,
    -5.009117716878E-03));
#6355 = ORIENTED_EDGE('',*,*,#6356,.T.);
#6356 = EDGE_CURVE('',#6349,#6340,#6357,.T.);
#6357 = LINE('',#6358,#6359);
#6358 = CARTESIAN_POINT('',(0.946052016255,5.474913280744,
    -1.928033869626));
#6359 = VECTOR('',#6360,1.);
#6360 = DIRECTION('',(4.371138828674E-08,1.,8.742277657348E-08));
#6361 = PLANE('',#6362);
#6362 = AXIS2_PLACEMENT_3D('',#6363,#6364,#6365);
#6363 = CARTESIAN_POINT('',(1.264411769721,5.474913266689,
    -1.926439148137));
#6364 = DIRECTION('',(5.009117716882E-03,8.720272430328E-08,
    -0.999987454291));
#6365 = DIRECTION('',(-4.371138828674E-08,-1.,-8.742277657348E-08));
#6366 = ADVANCED_FACE('',(#6367),#6403,.F.);
#6367 = FACE_BOUND('',#6368,.F.);
#6368 = EDGE_LOOP('',(#6369,#6379,#6388,#6396));
#6369 = ORIENTED_EDGE('',*,*,#6370,.T.);
#6370 = EDGE_CURVE('',#6371,#6373,#6375,.T.);
#6371 = VERTEX_POINT('',#6372);
#6372 = CARTESIAN_POINT('',(1.319773111843,5.474913299238,
    -2.326438331537));
#6373 = VERTEX_POINT('',#6374);
#6374 = CARTESIAN_POINT('',(1.3197731184,5.624913299238,-2.326438318424)
  );
#6375 = LINE('',#6376,#6377);
#6376 = CARTESIAN_POINT('',(1.319773111843,5.474913299238,
    -2.326438331537));
#6377 = VECTOR('',#6378,1.);
#6378 = DIRECTION('',(4.371138828674E-08,1.,8.742277657348E-08));
#6379 = ORIENTED_EDGE('',*,*,#6380,.T.);
#6380 = EDGE_CURVE('',#6373,#6381,#6383,.T.);
#6381 = VERTEX_POINT('',#6382);
#6382 = CARTESIAN_POINT('',(1.329735899899,5.62491329574,-2.291415154252
    ));
#6383 = CIRCLE('',#6384,6.5E-02);
#6384 = AXIS2_PLACEMENT_3D('',#6385,#6386,#6387);
#6385 = CARTESIAN_POINT('',(1.264737382061,5.62491329862,-2.291854106337
    ));
#6386 = DIRECTION('',(-4.371138828674E-08,-1.,-8.742277657348E-08));
#6387 = DIRECTION('',(0.846703635974,9.503990854538E-09,-0.532064801343)
  );
#6388 = ORIENTED_EDGE('',*,*,#6389,.F.);
#6389 = EDGE_CURVE('',#6390,#6381,#6392,.T.);
#6390 = VERTEX_POINT('',#6391);
#6391 = CARTESIAN_POINT('',(1.329735893342,5.47491329574,-2.291415167366
    ));
#6392 = LINE('',#6393,#6394);
#6393 = CARTESIAN_POINT('',(1.329735893342,5.47491329574,-2.291415167366
    ));
#6394 = VECTOR('',#6395,1.);
#6395 = DIRECTION('',(4.371138828674E-08,1.,8.742277657348E-08));
#6396 = ORIENTED_EDGE('',*,*,#6397,.F.);
#6397 = EDGE_CURVE('',#6371,#6390,#6398,.T.);
#6398 = CIRCLE('',#6399,6.5E-02);
#6399 = AXIS2_PLACEMENT_3D('',#6400,#6401,#6402);
#6400 = CARTESIAN_POINT('',(1.264737375505,5.47491329862,-2.29185411945)
  );
#6401 = DIRECTION('',(-4.371138828674E-08,-1.,-8.742277657348E-08));
#6402 = DIRECTION('',(0.846703635974,9.503990854538E-09,-0.532064801343)
  );
#6403 = CYLINDRICAL_SURFACE('',#6404,6.5E-02);
#6404 = AXIS2_PLACEMENT_3D('',#6405,#6406,#6407);
#6405 = CARTESIAN_POINT('',(1.264737375505,5.47491329862,-2.29185411945)
  );
#6406 = DIRECTION('',(4.371138828674E-08,1.,8.742277657348E-08));
#6407 = DIRECTION('',(4.371138828674E-08,8.742277466279E-08,-1.));
#6408 = ADVANCED_FACE('',(#6409),#6434,.T.);
#6409 = FACE_BOUND('',#6410,.T.);
#6410 = EDGE_LOOP('',(#6411,#6421,#6427,#6428));
#6411 = ORIENTED_EDGE('',*,*,#6412,.T.);
#6412 = EDGE_CURVE('',#6413,#6415,#6417,.T.);
#6413 = VERTEX_POINT('',#6414);
#6414 = CARTESIAN_POINT('',(1.344943710843,5.474913295192,
    -2.292745659895));
#6415 = VERTEX_POINT('',#6416);
#6416 = CARTESIAN_POINT('',(1.3449437174,5.624913295192,-2.292745646781)
  );
#6417 = LINE('',#6418,#6419);
#6418 = CARTESIAN_POINT('',(1.344943710843,5.474913295192,
    -2.292745659895));
#6419 = VECTOR('',#6420,1.);
#6420 = DIRECTION('',(4.371138828674E-08,1.,8.742277657348E-08));
#6421 = ORIENTED_EDGE('',*,*,#6422,.F.);
#6422 = EDGE_CURVE('',#6381,#6415,#6423,.T.);
#6423 = LINE('',#6424,#6425);
#6424 = CARTESIAN_POINT('',(1.329735899899,5.62491329574,-2.291415154252
    ));
#6425 = VECTOR('',#6426,1.);
#6426 = DIRECTION('',(0.996194806716,-3.592576952385E-08,
    -8.715450115399E-02));
#6427 = ORIENTED_EDGE('',*,*,#6389,.F.);
#6428 = ORIENTED_EDGE('',*,*,#6429,.T.);
#6429 = EDGE_CURVE('',#6390,#6413,#6430,.T.);
#6430 = LINE('',#6431,#6432);
#6431 = CARTESIAN_POINT('',(1.329735893342,5.47491329574,-2.291415167366
    ));
#6432 = VECTOR('',#6433,1.);
#6433 = DIRECTION('',(0.996194806716,-3.592576952385E-08,
    -8.715450115399E-02));
#6434 = PLANE('',#6435);
#6435 = AXIS2_PLACEMENT_3D('',#6436,#6437,#6438);
#6436 = CARTESIAN_POINT('',(1.329735893342,5.47491329574,-2.291415167366
    ));
#6437 = DIRECTION('',(8.715450115399E-02,-9.08997602521E-08,
    0.996194806716));
#6438 = DIRECTION('',(4.371138828674E-08,1.,8.742277657348E-08));
#6439 = ADVANCED_FACE('',(#6440),#6467,.T.);
#6440 = FACE_BOUND('',#6441,.T.);
#6441 = EDGE_LOOP('',(#6442,#6452,#6459,#6460));
#6442 = ORIENTED_EDGE('',*,*,#6443,.T.);
#6443 = EDGE_CURVE('',#6444,#6446,#6448,.T.);
#6444 = VERTEX_POINT('',#6445);
#6445 = CARTESIAN_POINT('',(1.370562179982,5.474913294928,
    -2.302537556942));
#6446 = VERTEX_POINT('',#6447);
#6447 = CARTESIAN_POINT('',(1.370562186538,5.624913294928,
    -2.302537543828));
#6448 = LINE('',#6449,#6450);
#6449 = CARTESIAN_POINT('',(1.370562179982,5.474913294928,
    -2.302537556942));
#6450 = VECTOR('',#6451,1.);
#6451 = DIRECTION('',(4.371138828674E-08,1.,8.742277657348E-08));
#6452 = ORIENTED_EDGE('',*,*,#6453,.F.);
#6453 = EDGE_CURVE('',#6415,#6446,#6454,.T.);
#6454 = CIRCLE('',#6455,5.E-02);
#6455 = AXIS2_PLACEMENT_3D('',#6456,#6457,#6458);
#6456 = CARTESIAN_POINT('',(1.340585992342,5.624913299737,
    -2.342555387117));
#6457 = DIRECTION('',(4.371138828674E-08,1.,8.742277657348E-08));
#6458 = DIRECTION('',(8.715450115402E-02,-9.08997602521E-08,
    0.996194806716));
#6459 = ORIENTED_EDGE('',*,*,#6412,.F.);
#6460 = ORIENTED_EDGE('',*,*,#6461,.T.);
#6461 = EDGE_CURVE('',#6413,#6444,#6462,.T.);
#6462 = CIRCLE('',#6463,5.E-02);
#6463 = AXIS2_PLACEMENT_3D('',#6464,#6465,#6466);
#6464 = CARTESIAN_POINT('',(1.340585985785,5.474913299737,
    -2.342555400231));
#6465 = DIRECTION('',(4.371138828674E-08,1.,8.742277657348E-08));
#6466 = DIRECTION('',(8.715450115402E-02,-9.08997602521E-08,
    0.996194806716));
#6467 = CYLINDRICAL_SURFACE('',#6468,5.E-02);
#6468 = AXIS2_PLACEMENT_3D('',#6469,#6470,#6471);
#6469 = CARTESIAN_POINT('',(1.340585985785,5.474913299737,
    -2.342555400231));
#6470 = DIRECTION('',(4.371138828674E-08,1.,8.742277657348E-08));
#6471 = DIRECTION('',(4.371138828674E-08,8.742277466279E-08,-1.));
#6472 = ADVANCED_FACE('',(#6473),#6498,.T.);
#6473 = FACE_BOUND('',#6474,.T.);
#6474 = EDGE_LOOP('',(#6475,#6483,#6484,#6492));
#6475 = ORIENTED_EDGE('',*,*,#6476,.F.);
#6476 = EDGE_CURVE('',#6446,#6477,#6479,.T.);
#6477 = VERTEX_POINT('',#6478);
#6478 = CARTESIAN_POINT('',(1.402469416033,5.624913295623,
    -2.326438314809));
#6479 = LINE('',#6480,#6481);
#6480 = CARTESIAN_POINT('',(1.370562186538,5.624913294928,
    -2.302537543828));
#6481 = VECTOR('',#6482,1.);
#6482 = DIRECTION('',(0.800356865779,1.742733282715E-08,-0.599523883929)
  );
#6483 = ORIENTED_EDGE('',*,*,#6443,.F.);
#6484 = ORIENTED_EDGE('',*,*,#6485,.T.);
#6485 = EDGE_CURVE('',#6444,#6486,#6488,.T.);
#6486 = VERTEX_POINT('',#6487);
#6487 = CARTESIAN_POINT('',(1.402469409476,5.474913295623,
    -2.326438327923));
#6488 = LINE('',#6489,#6490);
#6489 = CARTESIAN_POINT('',(1.370562179982,5.474913294928,
    -2.302537556942));
#6490 = VECTOR('',#6491,1.);
#6491 = DIRECTION('',(0.800356865779,1.742733282715E-08,-0.599523883929)
  );
#6492 = ORIENTED_EDGE('',*,*,#6493,.T.);
#6493 = EDGE_CURVE('',#6486,#6477,#6494,.T.);
#6494 = LINE('',#6495,#6496);
#6495 = CARTESIAN_POINT('',(1.402469409476,5.474913295623,
    -2.326438327923));
#6496 = VECTOR('',#6497,1.);
#6497 = DIRECTION('',(4.371138828674E-08,1.,8.742277657348E-08));
#6498 = PLANE('',#6499);
#6499 = AXIS2_PLACEMENT_3D('',#6500,#6501,#6502);
#6500 = CARTESIAN_POINT('',(1.370562179982,5.474913294928,
    -2.302537556942));
#6501 = DIRECTION('',(0.599523883929,-9.61754407336E-08,0.800356865779)
  );
#6502 = DIRECTION('',(4.371138828674E-08,1.,8.742277657348E-08));
#6503 = ADVANCED_FACE('',(#6504),#6538,.T.);
#6504 = FACE_BOUND('',#6505,.T.);
#6505 = EDGE_LOOP('',(#6506,#6516,#6524,#6532));
#6506 = ORIENTED_EDGE('',*,*,#6507,.T.);
#6507 = EDGE_CURVE('',#6508,#6510,#6512,.T.);
#6508 = VERTEX_POINT('',#6509);
#6509 = CARTESIAN_POINT('',(-0.349999138872,5.474913387088,
    -2.496438404525));
#6510 = VERTEX_POINT('',#6511);
#6511 = CARTESIAN_POINT('',(-0.634305593238,5.474913399515,
    -2.496438416953));
#6512 = LINE('',#6513,#6514);
#6513 = CARTESIAN_POINT('',(-0.349999138872,5.474913387088,
    -2.496438404525));
#6514 = VECTOR('',#6515,1.);
#6515 = DIRECTION('',(-1.,4.371139210811E-08,-4.371138446537E-08));
#6516 = ORIENTED_EDGE('',*,*,#6517,.F.);
#6517 = EDGE_CURVE('',#6518,#6510,#6520,.T.);
#6518 = VERTEX_POINT('',#6519);
#6519 = CARTESIAN_POINT('',(-0.634305586681,5.624913399515,
    -2.496438403839));
#6520 = LINE('',#6521,#6522);
#6521 = CARTESIAN_POINT('',(-0.634305586681,5.624913399515,
    -2.496438403839));
#6522 = VECTOR('',#6523,1.);
#6523 = DIRECTION('',(-4.371138828674E-08,-1.,-8.742277657348E-08));
#6524 = ORIENTED_EDGE('',*,*,#6525,.F.);
#6525 = EDGE_CURVE('',#6526,#6518,#6528,.T.);
#6526 = VERTEX_POINT('',#6527);
#6527 = CARTESIAN_POINT('',(-0.349999132315,5.624913387088,
    -2.496438391412));
#6528 = LINE('',#6529,#6530);
#6529 = CARTESIAN_POINT('',(-0.349999132315,5.624913387088,
    -2.496438391412));
#6530 = VECTOR('',#6531,1.);
#6531 = DIRECTION('',(-1.,4.371139210811E-08,-4.371138446537E-08));
#6532 = ORIENTED_EDGE('',*,*,#6533,.F.);
#6533 = EDGE_CURVE('',#6508,#6526,#6534,.T.);
#6534 = LINE('',#6535,#6536);
#6535 = CARTESIAN_POINT('',(-0.349999138872,5.474913387088,
    -2.496438404525));
#6536 = VECTOR('',#6537,1.);
#6537 = DIRECTION('',(4.371138828674E-08,1.,8.742277657348E-08));
#6538 = PLANE('',#6539);
#6539 = AXIS2_PLACEMENT_3D('',#6540,#6541,#6542);
#6540 = CARTESIAN_POINT('',(-0.349999138872,5.474913387088,
    -2.496438404525));
#6541 = DIRECTION('',(4.371138828674E-08,8.742277466279E-08,-1.));
#6542 = DIRECTION('',(-4.371138828674E-08,-1.,-8.742277657348E-08));
#6543 = ADVANCED_FACE('',(#6544),#6578,.T.);
#6544 = FACE_BOUND('',#6545,.T.);
#6545 = EDGE_LOOP('',(#6546,#6556,#6564,#6572));
#6546 = ORIENTED_EDGE('',*,*,#6547,.T.);
#6547 = EDGE_CURVE('',#6548,#6550,#6552,.T.);
#6548 = VERTEX_POINT('',#6549);
#6549 = CARTESIAN_POINT('',(-0.581869146567,5.474913381833,
    -2.320395510338));
#6550 = VERTEX_POINT('',#6551);
#6551 = CARTESIAN_POINT('',(-0.438577416757,5.474913372624,
    -2.28670756736));
#6552 = LINE('',#6553,#6554);
#6553 = CARTESIAN_POINT('',(-0.581869146567,5.474913381833,
    -2.320395510338));
#6554 = VECTOR('',#6555,1.);
#6555 = DIRECTION('',(0.973459195183,-6.255888598874E-08,0.228860646058)
  );
#6556 = ORIENTED_EDGE('',*,*,#6557,.T.);
#6557 = EDGE_CURVE('',#6550,#6558,#6560,.T.);
#6558 = VERTEX_POINT('',#6559);
#6559 = CARTESIAN_POINT('',(-0.4385774102,5.624913372624,-2.286707554247
    ));
#6560 = LINE('',#6561,#6562);
#6561 = CARTESIAN_POINT('',(-0.438577416757,5.474913372624,
    -2.28670756736));
#6562 = VECTOR('',#6563,1.);
#6563 = DIRECTION('',(4.371138828674E-08,1.,8.742277657348E-08));
#6564 = ORIENTED_EDGE('',*,*,#6565,.F.);
#6565 = EDGE_CURVE('',#6566,#6558,#6568,.T.);
#6566 = VERTEX_POINT('',#6567);
#6567 = CARTESIAN_POINT('',(-0.58186914001,5.624913381833,
    -2.320395497225));
#6568 = LINE('',#6569,#6570);
#6569 = CARTESIAN_POINT('',(-0.58186914001,5.624913381833,
    -2.320395497225));
#6570 = VECTOR('',#6571,1.);
#6571 = DIRECTION('',(0.973459195183,-6.255888598874E-08,0.228860646058)
  );
#6572 = ORIENTED_EDGE('',*,*,#6573,.F.);
#6573 = EDGE_CURVE('',#6548,#6566,#6574,.T.);
#6574 = LINE('',#6575,#6576);
#6575 = CARTESIAN_POINT('',(-0.581869146567,5.474913381833,
    -2.320395510338));
#6576 = VECTOR('',#6577,1.);
#6577 = DIRECTION('',(4.371138828674E-08,1.,8.742277657348E-08));
#6578 = PLANE('',#6579);
#6579 = AXIS2_PLACEMENT_3D('',#6580,#6581,#6582);
#6580 = CARTESIAN_POINT('',(-0.581869146567,5.474913381833,
    -2.320395510338));
#6581 = DIRECTION('',(-0.228860646058,-7.509868916045E-08,0.973459195183
    ));
#6582 = DIRECTION('',(-0.973459195183,6.255888598874E-08,-0.228860646058
    ));
#6583 = ADVANCED_FACE('',(#6584),#6611,.T.);
#6584 = FACE_BOUND('',#6585,.T.);
#6585 = EDGE_LOOP('',(#6586,#6596,#6603,#6604));
#6586 = ORIENTED_EDGE('',*,*,#6587,.T.);
#6587 = EDGE_CURVE('',#6588,#6590,#6592,.T.);
#6588 = VERTEX_POINT('',#6589);
#6589 = CARTESIAN_POINT('',(-0.392805296288,5.474913370159,
    -2.281399406397));
#6590 = VERTEX_POINT('',#6591);
#6591 = CARTESIAN_POINT('',(-0.392805289731,5.624913370159,
    -2.281399393283));
#6592 = LINE('',#6593,#6594);
#6593 = CARTESIAN_POINT('',(-0.392805296288,5.474913370159,
    -2.281399406397));
#6594 = VECTOR('',#6595,1.);
#6595 = DIRECTION('',(4.371138828674E-08,1.,8.742277657348E-08));
#6596 = ORIENTED_EDGE('',*,*,#6597,.F.);
#6597 = EDGE_CURVE('',#6558,#6590,#6598,.T.);
#6598 = CIRCLE('',#6599,0.2);
#6599 = AXIS2_PLACEMENT_3D('',#6600,#6601,#6602);
#6600 = CARTESIAN_POINT('',(-0.392805280989,5.624913387644,
    -2.481399393283));
#6601 = DIRECTION('',(4.371138828674E-08,1.,8.742277657348E-08));
#6602 = DIRECTION('',(-0.228860646058,-7.509868916045E-08,0.973459195183
    ));
#6603 = ORIENTED_EDGE('',*,*,#6557,.F.);
#6604 = ORIENTED_EDGE('',*,*,#6605,.T.);
#6605 = EDGE_CURVE('',#6550,#6588,#6606,.T.);
#6606 = CIRCLE('',#6607,0.2);
#6607 = AXIS2_PLACEMENT_3D('',#6608,#6609,#6610);
#6608 = CARTESIAN_POINT('',(-0.392805287545,5.474913387644,
    -2.481399406397));
#6609 = DIRECTION('',(4.371138828674E-08,1.,8.742277657348E-08));
#6610 = DIRECTION('',(-0.228860646058,-7.509868916045E-08,0.973459195183
    ));
#6611 = CYLINDRICAL_SURFACE('',#6612,0.2);
#6612 = AXIS2_PLACEMENT_3D('',#6613,#6614,#6615);
#6613 = CARTESIAN_POINT('',(-0.392805287545,5.474913387644,
    -2.481399406397));
#6614 = DIRECTION('',(4.371138828674E-08,1.,8.742277657348E-08));
#6615 = DIRECTION('',(4.371138828674E-08,8.742277466279E-08,-1.));
#6616 = ADVANCED_FACE('',(#6617),#6642,.T.);
#6617 = FACE_BOUND('',#6618,.T.);
#6618 = EDGE_LOOP('',(#6619,#6627,#6628,#6636));
#6619 = ORIENTED_EDGE('',*,*,#6620,.F.);
#6620 = EDGE_CURVE('',#6590,#6621,#6623,.T.);
#6621 = VERTEX_POINT('',#6622);
#6622 = CARTESIAN_POINT('',(-0.349999141715,5.624913368288,
    -2.281399391412));
#6623 = LINE('',#6624,#6625);
#6624 = CARTESIAN_POINT('',(-0.392805289731,5.624913370159,
    -2.281399393283));
#6625 = VECTOR('',#6626,1.);
#6626 = DIRECTION('',(1.,-4.371139210811E-08,4.371138446537E-08));
#6627 = ORIENTED_EDGE('',*,*,#6587,.F.);
#6628 = ORIENTED_EDGE('',*,*,#6629,.T.);
#6629 = EDGE_CURVE('',#6588,#6630,#6632,.T.);
#6630 = VERTEX_POINT('',#6631);
#6631 = CARTESIAN_POINT('',(-0.349999148272,5.474913368288,
    -2.281399404525));
#6632 = LINE('',#6633,#6634);
#6633 = CARTESIAN_POINT('',(-0.392805296288,5.474913370159,
    -2.281399406397));
#6634 = VECTOR('',#6635,1.);
#6635 = DIRECTION('',(1.,-4.371139210811E-08,4.371138446537E-08));
#6636 = ORIENTED_EDGE('',*,*,#6637,.T.);
#6637 = EDGE_CURVE('',#6630,#6621,#6638,.T.);
#6638 = LINE('',#6639,#6640);
#6639 = CARTESIAN_POINT('',(-0.349999148272,5.474913368288,
    -2.281399404525));
#6640 = VECTOR('',#6641,1.);
#6641 = DIRECTION('',(4.371138828674E-08,1.,8.742277657348E-08));
#6642 = PLANE('',#6643);
#6643 = AXIS2_PLACEMENT_3D('',#6644,#6645,#6646);
#6644 = CARTESIAN_POINT('',(-0.392805296288,5.474913370159,
    -2.281399406397));
#6645 = DIRECTION('',(-4.371138828674E-08,-8.742277466279E-08,1.));
#6646 = DIRECTION('',(-1.,4.371139210811E-08,-4.371138446537E-08));
#6647 = ADVANCED_FACE('',(#6648),#6684,.F.);
#6648 = FACE_BOUND('',#6649,.F.);
#6649 = EDGE_LOOP('',(#6650,#6661,#6669,#6678));
#6650 = ORIENTED_EDGE('',*,*,#6651,.F.);
#6651 = EDGE_CURVE('',#6652,#6654,#6656,.T.);
#6652 = VERTEX_POINT('',#6653);
#6653 = CARTESIAN_POINT('',(-1.26077190851,5.474913382301,
    -1.986300799181));
#6654 = VERTEX_POINT('',#6655);
#6655 = CARTESIAN_POINT('',(-1.282279883749,5.474913382816,
    -1.981438445277));
#6656 = CIRCLE('',#6657,5.E-02);
#6657 = AXIS2_PLACEMENT_3D('',#6658,#6659,#6660);
#6658 = CARTESIAN_POINT('',(-1.282279881564,5.474913387187,
    -2.031438445277));
#6659 = DIRECTION('',(-4.371138828674E-08,-1.,-8.742277657348E-08));
#6660 = DIRECTION('',(0.430159461092,-9.772403422297E-08,0.902752921919)
  );
#6661 = ORIENTED_EDGE('',*,*,#6662,.T.);
#6662 = EDGE_CURVE('',#6652,#6663,#6665,.T.);
#6663 = VERTEX_POINT('',#6664);
#6664 = CARTESIAN_POINT('',(-1.260771901953,5.624913382301,
    -1.986300786067));
#6665 = LINE('',#6666,#6667);
#6666 = CARTESIAN_POINT('',(-1.26077190851,5.474913382301,
    -1.986300799181));
#6667 = VECTOR('',#6668,1.);
#6668 = DIRECTION('',(4.371138828674E-08,1.,8.742277657348E-08));
#6669 = ORIENTED_EDGE('',*,*,#6670,.T.);
#6670 = EDGE_CURVE('',#6663,#6671,#6673,.T.);
#6671 = VERTEX_POINT('',#6672);
#6672 = CARTESIAN_POINT('',(-1.282279877193,5.624913382816,
    -1.981438432163));
#6673 = CIRCLE('',#6674,5.E-02);
#6674 = AXIS2_PLACEMENT_3D('',#6675,#6676,#6677);
#6675 = CARTESIAN_POINT('',(-1.282279875007,5.624913387187,
    -2.031438432163));
#6676 = DIRECTION('',(-4.371138828674E-08,-1.,-8.742277657348E-08));
#6677 = DIRECTION('',(0.430159461092,-9.772403422297E-08,0.902752921919)
  );
#6678 = ORIENTED_EDGE('',*,*,#6679,.F.);
#6679 = EDGE_CURVE('',#6654,#6671,#6680,.T.);
#6680 = LINE('',#6681,#6682);
#6681 = CARTESIAN_POINT('',(-1.282279883749,5.474913382816,
    -1.981438445277));
#6682 = VECTOR('',#6683,1.);
#6683 = DIRECTION('',(4.371138828674E-08,1.,8.742277657348E-08));
#6684 = CYLINDRICAL_SURFACE('',#6685,5.E-02);
#6685 = AXIS2_PLACEMENT_3D('',#6686,#6687,#6688);
#6686 = CARTESIAN_POINT('',(-1.282279881564,5.474913387187,
    -2.031438445277));
#6687 = DIRECTION('',(4.371138828674E-08,1.,8.742277657348E-08));
#6688 = DIRECTION('',(4.371138828674E-08,8.742277466279E-08,-1.));
#6689 = ADVANCED_FACE('',(#6690),#6715,.T.);
#6690 = FACE_BOUND('',#6691,.T.);
#6691 = EDGE_LOOP('',(#6692,#6702,#6708,#6709));
#6692 = ORIENTED_EDGE('',*,*,#6693,.T.);
#6693 = EDGE_CURVE('',#6694,#6696,#6698,.T.);
#6694 = VERTEX_POINT('',#6695);
#6695 = CARTESIAN_POINT('',(-1.349999161383,5.474913385776,
    -1.981438448237));
#6696 = VERTEX_POINT('',#6697);
#6697 = CARTESIAN_POINT('',(-1.349999154827,5.624913385776,
    -1.981438435123));
#6698 = LINE('',#6699,#6700);
#6699 = CARTESIAN_POINT('',(-1.349999161383,5.474913385776,
    -1.981438448237));
#6700 = VECTOR('',#6701,1.);
#6701 = DIRECTION('',(4.371138828674E-08,1.,8.742277657348E-08));
#6702 = ORIENTED_EDGE('',*,*,#6703,.F.);
#6703 = EDGE_CURVE('',#6671,#6696,#6704,.T.);
#6704 = LINE('',#6705,#6706);
#6705 = CARTESIAN_POINT('',(-1.282279877193,5.624913382816,
    -1.981438432163));
#6706 = VECTOR('',#6707,1.);
#6707 = DIRECTION('',(-1.,4.371139210811E-08,-4.371138446537E-08));
#6708 = ORIENTED_EDGE('',*,*,#6679,.F.);
#6709 = ORIENTED_EDGE('',*,*,#6710,.T.);
#6710 = EDGE_CURVE('',#6654,#6694,#6711,.T.);
#6711 = LINE('',#6712,#6713);
#6712 = CARTESIAN_POINT('',(-1.282279883749,5.474913382816,
    -1.981438445277));
#6713 = VECTOR('',#6714,1.);
#6714 = DIRECTION('',(-1.,4.371139210811E-08,-4.371138446537E-08));
#6715 = PLANE('',#6716);
#6716 = AXIS2_PLACEMENT_3D('',#6717,#6718,#6719);
#6717 = CARTESIAN_POINT('',(-1.282279883749,5.474913382816,
    -1.981438445277));
#6718 = DIRECTION('',(4.371138828674E-08,8.742277466279E-08,-1.));
#6719 = DIRECTION('',(-4.371138828674E-08,-1.,-8.742277657348E-08));
#6720 = ADVANCED_FACE('',(#6721),#6737,.T.);
#6721 = FACE_BOUND('',#6722,.T.);
#6722 = EDGE_LOOP('',(#6723,#6724,#6730,#6731));
#6723 = ORIENTED_EDGE('',*,*,#1342,.T.);
#6724 = ORIENTED_EDGE('',*,*,#6725,.F.);
#6725 = EDGE_CURVE('',#6696,#1345,#6726,.T.);
#6726 = LINE('',#6727,#6728);
#6727 = CARTESIAN_POINT('',(-1.349999154827,5.624913385776,
    -1.981438435123));
#6728 = VECTOR('',#6729,1.);
#6729 = DIRECTION('',(-4.371138828674E-08,-8.742277466279E-08,1.));
#6730 = ORIENTED_EDGE('',*,*,#6693,.F.);
#6731 = ORIENTED_EDGE('',*,*,#6732,.T.);
#6732 = EDGE_CURVE('',#6694,#1343,#6733,.T.);
#6733 = LINE('',#6734,#6735);
#6734 = CARTESIAN_POINT('',(-1.349999161383,5.474913385776,
    -1.981438448237));
#6735 = VECTOR('',#6736,1.);
#6736 = DIRECTION('',(-4.371138828674E-08,-8.742277466279E-08,1.));
#6737 = PLANE('',#6738);
#6738 = AXIS2_PLACEMENT_3D('',#6739,#6740,#6741);
#6739 = CARTESIAN_POINT('',(-1.349999161383,5.474913385776,
    -1.981438448237));
#6740 = DIRECTION('',(-1.,4.371139210811E-08,-4.371138446537E-08));
#6741 = DIRECTION('',(-4.371138828674E-08,-8.742277466279E-08,1.));
#6742 = ADVANCED_FACE('',(#6743),#6770,.F.);
#6743 = FACE_BOUND('',#6744,.F.);
#6744 = EDGE_LOOP('',(#6745,#6754,#6762,#6769));
#6745 = ORIENTED_EDGE('',*,*,#6746,.T.);
#6746 = EDGE_CURVE('',#1353,#6747,#6749,.T.);
#6747 = VERTEX_POINT('',#6748);
#6748 = CARTESIAN_POINT('',(-1.299562170246,5.624913352933,
    -1.630968432918));
#6749 = CIRCLE('',#6750,5.E-02);
#6750 = AXIS2_PLACEMENT_3D('',#6751,#6752,#6753);
#6751 = CARTESIAN_POINT('',(-1.349562170246,5.624913355118,
    -1.630968435103));
#6752 = DIRECTION('',(-4.371138828674E-08,-1.,-8.742277657348E-08));
#6753 = DIRECTION('',(-8.73995429087E-03,8.780147307221E-08,
    -0.99996180587));
#6754 = ORIENTED_EDGE('',*,*,#6755,.F.);
#6755 = EDGE_CURVE('',#6756,#6747,#6758,.T.);
#6756 = VERTEX_POINT('',#6757);
#6757 = CARTESIAN_POINT('',(-1.299562176803,5.474913352933,
    -1.630968446031));
#6758 = LINE('',#6759,#6760);
#6759 = CARTESIAN_POINT('',(-1.299562176803,5.474913352933,
    -1.630968446031));
#6760 = VECTOR('',#6761,1.);
#6761 = DIRECTION('',(4.371138828674E-08,1.,8.742277657348E-08));
#6762 = ORIENTED_EDGE('',*,*,#6763,.F.);
#6763 = EDGE_CURVE('',#1362,#6756,#6764,.T.);
#6764 = CIRCLE('',#6765,5.E-02);
#6765 = AXIS2_PLACEMENT_3D('',#6766,#6767,#6768);
#6766 = CARTESIAN_POINT('',(-1.349562176803,5.474913355118,
    -1.630968448217));
#6767 = DIRECTION('',(-4.371138828674E-08,-1.,-8.742277657348E-08));
#6768 = DIRECTION('',(-8.73995429087E-03,8.780147307221E-08,
    -0.99996180587));
#6769 = ORIENTED_EDGE('',*,*,#1361,.T.);
#6770 = CYLINDRICAL_SURFACE('',#6771,5.E-02);
#6771 = AXIS2_PLACEMENT_3D('',#6772,#6773,#6774);
#6772 = CARTESIAN_POINT('',(-1.349562176803,5.474913355118,
    -1.630968448217));
#6773 = DIRECTION('',(4.371138828674E-08,1.,8.742277657348E-08));
#6774 = DIRECTION('',(4.371138828674E-08,8.742277466279E-08,-1.));
#6775 = ADVANCED_FACE('',(#6776),#6801,.T.);
#6776 = FACE_BOUND('',#6777,.T.);
#6777 = EDGE_LOOP('',(#6778,#6788,#6794,#6795));
#6778 = ORIENTED_EDGE('',*,*,#6779,.T.);
#6779 = EDGE_CURVE('',#6780,#6782,#6784,.T.);
#6780 = VERTEX_POINT('',#6781);
#6781 = CARTESIAN_POINT('',(-1.299562178094,5.474913350351,
    -1.601439086685));
#6782 = VERTEX_POINT('',#6783);
#6783 = CARTESIAN_POINT('',(-1.299562171537,5.624913350351,
    -1.601439073572));
#6784 = LINE('',#6785,#6786);
#6785 = CARTESIAN_POINT('',(-1.299562178094,5.474913350351,
    -1.601439086685));
#6786 = VECTOR('',#6787,1.);
#6787 = DIRECTION('',(4.371138828674E-08,1.,8.742277657348E-08));
#6788 = ORIENTED_EDGE('',*,*,#6789,.F.);
#6789 = EDGE_CURVE('',#6747,#6782,#6790,.T.);
#6790 = LINE('',#6791,#6792);
#6791 = CARTESIAN_POINT('',(-1.299562170246,5.624913352933,
    -1.630968432918));
#6792 = VECTOR('',#6793,1.);
#6793 = DIRECTION('',(-4.371138828674E-08,-8.742277466279E-08,1.));
#6794 = ORIENTED_EDGE('',*,*,#6755,.F.);
#6795 = ORIENTED_EDGE('',*,*,#6796,.T.);
#6796 = EDGE_CURVE('',#6756,#6780,#6797,.T.);
#6797 = LINE('',#6798,#6799);
#6798 = CARTESIAN_POINT('',(-1.299562176803,5.474913352933,
    -1.630968446031));
#6799 = VECTOR('',#6800,1.);
#6800 = DIRECTION('',(-4.371138828674E-08,-8.742277466279E-08,1.));
#6801 = PLANE('',#6802);
#6802 = AXIS2_PLACEMENT_3D('',#6803,#6804,#6805);
#6803 = CARTESIAN_POINT('',(-1.299562176803,5.474913352933,
    -1.630968446031));
#6804 = DIRECTION('',(-1.,4.371139210811E-08,-4.371138446537E-08));
#6805 = DIRECTION('',(-4.371138828674E-08,-8.742277466279E-08,1.));
#6806 = ADVANCED_FACE('',(#6807),#6832,.T.);
#6807 = FACE_BOUND('',#6808,.T.);
#6808 = EDGE_LOOP('',(#6809,#6819,#6825,#6826));
#6809 = ORIENTED_EDGE('',*,*,#6810,.T.);
#6810 = EDGE_CURVE('',#6811,#6813,#6815,.T.);
#6811 = VERTEX_POINT('',#6812);
#6812 = CARTESIAN_POINT('',(-0.950222796968,5.474913335081,
    -1.601439071415));
#6813 = VERTEX_POINT('',#6814);
#6814 = CARTESIAN_POINT('',(-0.950222790411,5.624913335081,
    -1.601439058302));
#6815 = LINE('',#6816,#6817);
#6816 = CARTESIAN_POINT('',(-0.950222796968,5.474913335081,
    -1.601439071415));
#6817 = VECTOR('',#6818,1.);
#6818 = DIRECTION('',(4.371138828674E-08,1.,8.742277657348E-08));
#6819 = ORIENTED_EDGE('',*,*,#6820,.F.);
#6820 = EDGE_CURVE('',#6782,#6813,#6821,.T.);
#6821 = LINE('',#6822,#6823);
#6822 = CARTESIAN_POINT('',(-1.299562171537,5.624913350351,
    -1.601439073572));
#6823 = VECTOR('',#6824,1.);
#6824 = DIRECTION('',(1.,-4.371139210811E-08,4.371138446537E-08));
#6825 = ORIENTED_EDGE('',*,*,#6779,.F.);
#6826 = ORIENTED_EDGE('',*,*,#6827,.T.);
#6827 = EDGE_CURVE('',#6780,#6811,#6828,.T.);
#6828 = LINE('',#6829,#6830);
#6829 = CARTESIAN_POINT('',(-1.299562178094,5.474913350351,
    -1.601439086685));
#6830 = VECTOR('',#6831,1.);
#6831 = DIRECTION('',(1.,-4.371139210811E-08,4.371138446537E-08));
#6832 = PLANE('',#6833);
#6833 = AXIS2_PLACEMENT_3D('',#6834,#6835,#6836);
#6834 = CARTESIAN_POINT('',(-1.299562178094,5.474913350351,
    -1.601439086685));
#6835 = DIRECTION('',(-4.371138828674E-08,-8.742277466279E-08,1.));
#6836 = DIRECTION('',(-1.,4.371139210811E-08,-4.371138446537E-08));
#6837 = ADVANCED_FACE('',(#6838),#6865,.T.);
#6838 = FACE_BOUND('',#6839,.T.);
#6839 = EDGE_LOOP('',(#6840,#6850,#6857,#6858));
#6840 = ORIENTED_EDGE('',*,*,#6841,.T.);
#6841 = EDGE_CURVE('',#6842,#6844,#6846,.T.);
#6842 = VERTEX_POINT('',#6843);
#6843 = CARTESIAN_POINT('',(-1.020124361447,5.47491334458,
    -1.675149981776));
#6844 = VERTEX_POINT('',#6845);
#6845 = CARTESIAN_POINT('',(-1.02012435489,5.62491334458,-1.675149968662
    ));
#6846 = LINE('',#6847,#6848);
#6847 = CARTESIAN_POINT('',(-1.020124361447,5.47491334458,
    -1.675149981776));
#6848 = VECTOR('',#6849,1.);
#6849 = DIRECTION('',(4.371138828674E-08,1.,8.742277657348E-08));
#6850 = ORIENTED_EDGE('',*,*,#6851,.F.);
#6851 = EDGE_CURVE('',#6813,#6844,#6852,.T.);
#6852 = CIRCLE('',#6853,7.E-02);
#6853 = AXIS2_PLACEMENT_3D('',#6854,#6855,#6856);
#6854 = CARTESIAN_POINT('',(-1.02012435795,5.624913338461,
    -1.605149968662));
#6855 = DIRECTION('',(4.371138828674E-08,1.,8.742277657348E-08));
#6856 = DIRECTION('',(0.998593821974,-4.828446639765E-08,
    5.301300514863E-02));
#6857 = ORIENTED_EDGE('',*,*,#6810,.F.);
#6858 = ORIENTED_EDGE('',*,*,#6859,.T.);
#6859 = EDGE_CURVE('',#6811,#6842,#6860,.T.);
#6860 = CIRCLE('',#6861,7.E-02);
#6861 = AXIS2_PLACEMENT_3D('',#6862,#6863,#6864);
#6862 = CARTESIAN_POINT('',(-1.020124364507,5.474913338461,
    -1.605149981776));
#6863 = DIRECTION('',(4.371138828674E-08,1.,8.742277657348E-08));
#6864 = DIRECTION('',(0.998593821974,-4.828446639765E-08,
    5.301300514863E-02));
#6865 = CYLINDRICAL_SURFACE('',#6866,7.E-02);
#6866 = AXIS2_PLACEMENT_3D('',#6867,#6868,#6869);
#6867 = CARTESIAN_POINT('',(-1.020124364507,5.474913338461,
    -1.605149981776));
#6868 = DIRECTION('',(4.371138828674E-08,1.,8.742277657348E-08));
#6869 = DIRECTION('',(4.371138828674E-08,8.742277466279E-08,-1.));
#6870 = ADVANCED_FACE('',(#6871),#6896,.T.);
#6871 = FACE_BOUND('',#6872,.T.);
#6872 = EDGE_LOOP('',(#6873,#6883,#6889,#6890));
#6873 = ORIENTED_EDGE('',*,*,#6874,.T.);
#6874 = EDGE_CURVE('',#6875,#6877,#6879,.T.);
#6875 = VERTEX_POINT('',#6876);
#6876 = CARTESIAN_POINT('',(-1.049999174772,5.474913345886,
    -1.675149983082));
#6877 = VERTEX_POINT('',#6878);
#6878 = CARTESIAN_POINT('',(-1.049999168215,5.624913345886,
    -1.675149969968));
#6879 = LINE('',#6880,#6881);
#6880 = CARTESIAN_POINT('',(-1.049999174772,5.474913345886,
    -1.675149983082));
#6881 = VECTOR('',#6882,1.);
#6882 = DIRECTION('',(4.371138828674E-08,1.,8.742277657348E-08));
#6883 = ORIENTED_EDGE('',*,*,#6884,.F.);
#6884 = EDGE_CURVE('',#6844,#6877,#6885,.T.);
#6885 = LINE('',#6886,#6887);
#6886 = CARTESIAN_POINT('',(-1.02012435489,5.62491334458,-1.675149968662
    ));
#6887 = VECTOR('',#6888,1.);
#6888 = DIRECTION('',(-1.,4.371139210811E-08,-4.371138446537E-08));
#6889 = ORIENTED_EDGE('',*,*,#6841,.F.);
#6890 = ORIENTED_EDGE('',*,*,#6891,.T.);
#6891 = EDGE_CURVE('',#6842,#6875,#6892,.T.);
#6892 = LINE('',#6893,#6894);
#6893 = CARTESIAN_POINT('',(-1.020124361447,5.47491334458,
    -1.675149981776));
#6894 = VECTOR('',#6895,1.);
#6895 = DIRECTION('',(-1.,4.371139210811E-08,-4.371138446537E-08));
#6896 = PLANE('',#6897);
#6897 = AXIS2_PLACEMENT_3D('',#6898,#6899,#6900);
#6898 = CARTESIAN_POINT('',(-1.020124361447,5.47491334458,
    -1.675149981776));
#6899 = DIRECTION('',(4.371138828674E-08,8.742277466279E-08,-1.));
#6900 = DIRECTION('',(-4.371138828674E-08,-1.,-8.742277657348E-08));
#6901 = ADVANCED_FACE('',(#6902),#6927,.T.);
#6902 = FACE_BOUND('',#6903,.T.);
#6903 = EDGE_LOOP('',(#6904,#6912,#6913,#6921));
#6904 = ORIENTED_EDGE('',*,*,#6905,.F.);
#6905 = EDGE_CURVE('',#6877,#6906,#6908,.T.);
#6906 = VERTEX_POINT('',#6907);
#6907 = CARTESIAN_POINT('',(-1.04999916794,5.624913346436,-1.68143842201
    ));
#6908 = LINE('',#6909,#6910);
#6909 = CARTESIAN_POINT('',(-1.049999168215,5.624913345886,
    -1.675149969968));
#6910 = VECTOR('',#6911,1.);
#6911 = DIRECTION('',(4.371138828674E-08,8.742277466279E-08,-1.));
#6912 = ORIENTED_EDGE('',*,*,#6874,.F.);
#6913 = ORIENTED_EDGE('',*,*,#6914,.T.);
#6914 = EDGE_CURVE('',#6875,#6915,#6917,.T.);
#6915 = VERTEX_POINT('',#6916);
#6916 = CARTESIAN_POINT('',(-1.049999174497,5.474913346436,
    -1.681438435123));
#6917 = LINE('',#6918,#6919);
#6918 = CARTESIAN_POINT('',(-1.049999174772,5.474913345886,
    -1.675149983082));
#6919 = VECTOR('',#6920,1.);
#6920 = DIRECTION('',(4.371138828674E-08,8.742277466279E-08,-1.));
#6921 = ORIENTED_EDGE('',*,*,#6922,.T.);
#6922 = EDGE_CURVE('',#6915,#6906,#6923,.T.);
#6923 = LINE('',#6924,#6925);
#6924 = CARTESIAN_POINT('',(-1.049999174497,5.474913346436,
    -1.681438435123));
#6925 = VECTOR('',#6926,1.);
#6926 = DIRECTION('',(4.371138828674E-08,1.,8.742277657348E-08));
#6927 = PLANE('',#6928);
#6928 = AXIS2_PLACEMENT_3D('',#6929,#6930,#6931);
#6929 = CARTESIAN_POINT('',(-1.049999174772,5.474913345886,
    -1.675149983082));
#6930 = DIRECTION('',(1.,-4.371139210811E-08,4.371138446537E-08));
#6931 = DIRECTION('',(-4.371138828674E-08,-1.,-8.742277657348E-08));
#6932 = ADVANCED_FACE('',(#6933),#6954,.T.);
#6933 = FACE_BOUND('',#6934,.T.);
#6934 = EDGE_LOOP('',(#6935,#6936,#6937,#6938,#6939,#6940,#6948));
#6935 = ORIENTED_EDGE('',*,*,#6220,.T.);
#6936 = ORIENTED_EDGE('',*,*,#6252,.T.);
#6937 = ORIENTED_EDGE('',*,*,#6285,.T.);
#6938 = ORIENTED_EDGE('',*,*,#6316,.T.);
#6939 = ORIENTED_EDGE('',*,*,#6339,.T.);
#6940 = ORIENTED_EDGE('',*,*,#6941,.F.);
#6941 = EDGE_CURVE('',#6942,#6340,#6944,.T.);
#6942 = VERTEX_POINT('',#6943);
#6943 = CARTESIAN_POINT('',(1.250000841676,5.624913265133,
    -1.901438321474));
#6944 = LINE('',#6945,#6946);
#6945 = CARTESIAN_POINT('',(1.250000841676,5.624913265133,
    -1.901438321474));
#6946 = VECTOR('',#6947,1.);
#6947 = DIRECTION('',(-0.996193713686,5.116539085356E-08,
    -8.716699382592E-02));
#6948 = ORIENTED_EDGE('',*,*,#6949,.T.);
#6949 = EDGE_CURVE('',#6942,#6221,#6950,.T.);
#6950 = LINE('',#6951,#6952);
#6951 = CARTESIAN_POINT('',(1.250000841676,5.624913265133,
    -1.901438321474));
#6952 = VECTOR('',#6953,1.);
#6953 = DIRECTION('',(1.,-4.371139210811E-08,4.371138446537E-08));
#6954 = PLANE('',#6955);
#6955 = AXIS2_PLACEMENT_3D('',#6956,#6957,#6958);
#6956 = CARTESIAN_POINT('',(1.850000852604,5.624913260762,
    -2.151438295247));
#6957 = DIRECTION('',(4.371138828674E-08,1.,8.742277657348E-08));
#6958 = DIRECTION('',(1.,-4.371139210811E-08,4.371138446537E-08));
#6959 = ADVANCED_FACE('',(#6960),#6972,.T.);
#6960 = FACE_BOUND('',#6961,.T.);
#6961 = EDGE_LOOP('',(#6962,#6963,#6964,#6965,#6966));
#6962 = ORIENTED_EDGE('',*,*,#6380,.T.);
#6963 = ORIENTED_EDGE('',*,*,#6422,.T.);
#6964 = ORIENTED_EDGE('',*,*,#6453,.T.);
#6965 = ORIENTED_EDGE('',*,*,#6476,.T.);
#6966 = ORIENTED_EDGE('',*,*,#6967,.F.);
#6967 = EDGE_CURVE('',#6373,#6477,#6968,.T.);
#6968 = LINE('',#6969,#6970);
#6969 = CARTESIAN_POINT('',(1.3197731184,5.624913299238,-2.326438318424)
  );
#6970 = VECTOR('',#6971,1.);
#6971 = DIRECTION('',(1.,-4.371139210811E-08,4.371138446537E-08));
#6972 = PLANE('',#6973);
#6973 = AXIS2_PLACEMENT_3D('',#6974,#6975,#6976);
#6974 = CARTESIAN_POINT('',(1.850000852604,5.624913260762,
    -2.151438295247));
#6975 = DIRECTION('',(4.371138828674E-08,1.,8.742277657348E-08));
#6976 = DIRECTION('',(1.,-4.371139210811E-08,4.371138446537E-08));
#6977 = ADVANCED_FACE('',(#6978),#7005,.T.);
#6978 = FACE_BOUND('',#6979,.T.);
#6979 = EDGE_LOOP('',(#6980,#6981,#6990,#6996,#6997,#6998,#6999));
#6980 = ORIENTED_EDGE('',*,*,#6525,.T.);
#6981 = ORIENTED_EDGE('',*,*,#6982,.T.);
#6982 = EDGE_CURVE('',#6518,#6983,#6985,.T.);
#6983 = VERTEX_POINT('',#6984);
#6984 = CARTESIAN_POINT('',(-0.581869138216,5.624913385421,
    -2.361438401547));
#6985 = CIRCLE('',#6986,0.2);
#6986 = AXIS2_PLACEMENT_3D('',#6987,#6988,#6989);
#6987 = CARTESIAN_POINT('',(-0.781869138216,5.624913394163,
    -2.36143841029));
#6988 = DIRECTION('',(-4.371138828674E-08,-1.,-8.742277657348E-08));
#6989 = DIRECTION('',(0.737817757674,2.675933287709E-08,-0.674999967749)
  );
#6990 = ORIENTED_EDGE('',*,*,#6991,.F.);
#6991 = EDGE_CURVE('',#6566,#6983,#6992,.T.);
#6992 = LINE('',#6993,#6994);
#6993 = CARTESIAN_POINT('',(-0.58186914001,5.624913381833,
    -2.320395497225));
#6994 = VECTOR('',#6995,1.);
#6995 = DIRECTION('',(4.371138828674E-08,8.742276113764E-08,-1.));
#6996 = ORIENTED_EDGE('',*,*,#6565,.T.);
#6997 = ORIENTED_EDGE('',*,*,#6597,.T.);
#6998 = ORIENTED_EDGE('',*,*,#6620,.T.);
#6999 = ORIENTED_EDGE('',*,*,#7000,.T.);
#7000 = EDGE_CURVE('',#6621,#6526,#7001,.T.);
#7001 = LINE('',#7002,#7003);
#7002 = CARTESIAN_POINT('',(-0.349999141715,5.624913368288,
    -2.281399391412));
#7003 = VECTOR('',#7004,1.);
#7004 = DIRECTION('',(4.371138828674E-08,8.742277466279E-08,-1.));
#7005 = PLANE('',#7006);
#7006 = AXIS2_PLACEMENT_3D('',#7007,#7008,#7009);
#7007 = CARTESIAN_POINT('',(1.850000852604,5.624913260762,
    -2.151438295247));
#7008 = DIRECTION('',(4.371138828674E-08,1.,8.742277657348E-08));
#7009 = DIRECTION('',(1.,-4.371139210811E-08,4.371138446537E-08));
#7010 = ADVANCED_FACE('',(#7011),#7045,.T.);
#7011 = FACE_BOUND('',#7012,.T.);
#7012 = EDGE_LOOP('',(#7013,#7021,#7022,#7023,#7024,#7025,#7026,#7027,
    #7028,#7029,#7030,#7031,#7039));
#7013 = ORIENTED_EDGE('',*,*,#7014,.T.);
#7014 = EDGE_CURVE('',#7015,#6663,#7017,.T.);
#7015 = VERTEX_POINT('',#7016);
#7016 = CARTESIAN_POINT('',(-1.24999915439,5.624913382279,
    -1.991433972761));
#7017 = LINE('',#7018,#7019);
#7018 = CARTESIAN_POINT('',(-1.24999915439,5.624913382279,
    -1.991433972761));
#7019 = VECTOR('',#7020,1.);
#7020 = DIRECTION('',(-0.902752921919,1.854849038977E-09,0.430159461092)
  );
#7021 = ORIENTED_EDGE('',*,*,#6670,.T.);
#7022 = ORIENTED_EDGE('',*,*,#6703,.T.);
#7023 = ORIENTED_EDGE('',*,*,#6725,.T.);
#7024 = ORIENTED_EDGE('',*,*,#1352,.T.);
#7025 = ORIENTED_EDGE('',*,*,#6746,.T.);
#7026 = ORIENTED_EDGE('',*,*,#6789,.T.);
#7027 = ORIENTED_EDGE('',*,*,#6820,.T.);
#7028 = ORIENTED_EDGE('',*,*,#6851,.T.);
#7029 = ORIENTED_EDGE('',*,*,#6884,.T.);
#7030 = ORIENTED_EDGE('',*,*,#6905,.T.);
#7031 = ORIENTED_EDGE('',*,*,#7032,.T.);
#7032 = EDGE_CURVE('',#6906,#7033,#7035,.T.);
#7033 = VERTEX_POINT('',#7034);
#7034 = CARTESIAN_POINT('',(-1.24999916794,5.624913355178,
    -1.681438430752));
#7035 = LINE('',#7036,#7037);
#7036 = CARTESIAN_POINT('',(-1.04999916794,5.624913346436,-1.68143842201
    ));
#7037 = VECTOR('',#7038,1.);
#7038 = DIRECTION('',(-1.,4.371139210811E-08,-4.371138446537E-08));
#7039 = ORIENTED_EDGE('',*,*,#7040,.T.);
#7040 = EDGE_CURVE('',#7033,#7015,#7041,.T.);
#7041 = LINE('',#7042,#7043);
#7042 = CARTESIAN_POINT('',(-1.24999916794,5.624913355178,
    -1.681438430752));
#7043 = VECTOR('',#7044,1.);
#7044 = DIRECTION('',(4.371138828674E-08,8.742277466279E-08,-1.));
#7045 = PLANE('',#7046);
#7046 = AXIS2_PLACEMENT_3D('',#7047,#7048,#7049);
#7047 = CARTESIAN_POINT('',(1.850000852604,5.624913260762,
    -2.151438295247));
#7048 = DIRECTION('',(4.371138828674E-08,1.,8.742277657348E-08));
#7049 = DIRECTION('',(1.,-4.371139210811E-08,4.371138446537E-08));
#7050 = ADVANCED_FACE('',(#7051),#7069,.T.);
#7051 = FACE_BOUND('',#7052,.T.);
#7052 = EDGE_LOOP('',(#7053,#7061,#7062,#7063));
#7053 = ORIENTED_EDGE('',*,*,#7054,.T.);
#7054 = EDGE_CURVE('',#7055,#6652,#7057,.T.);
#7055 = VERTEX_POINT('',#7056);
#7056 = CARTESIAN_POINT('',(-1.249999160947,5.474913382279,
    -1.991433985874));
#7057 = LINE('',#7058,#7059);
#7058 = CARTESIAN_POINT('',(-1.249999160947,5.474913382279,
    -1.991433985874));
#7059 = VECTOR('',#7060,1.);
#7060 = DIRECTION('',(-0.902752921919,1.854849038977E-09,0.430159461092)
  );
#7061 = ORIENTED_EDGE('',*,*,#6662,.T.);
#7062 = ORIENTED_EDGE('',*,*,#7014,.F.);
#7063 = ORIENTED_EDGE('',*,*,#7064,.F.);
#7064 = EDGE_CURVE('',#7055,#7015,#7065,.T.);
#7065 = LINE('',#7066,#7067);
#7066 = CARTESIAN_POINT('',(-1.249999160947,5.474913382279,
    -1.991433985874));
#7067 = VECTOR('',#7068,1.);
#7068 = DIRECTION('',(4.371138828674E-08,1.,8.742277657348E-08));
#7069 = PLANE('',#7070);
#7070 = AXIS2_PLACEMENT_3D('',#7071,#7072,#7073);
#7071 = CARTESIAN_POINT('',(-1.249999160947,5.474913382279,
    -1.991433985874));
#7072 = DIRECTION('',(-0.430159461092,9.772403422297E-08,-0.902752921919
    ));
#7073 = DIRECTION('',(4.371138828674E-08,1.,8.742277657348E-08));
#7074 = ADVANCED_FACE('',(#7075),#7096,.F.);
#7075 = FACE_BOUND('',#7076,.T.);
#7076 = EDGE_LOOP('',(#7077,#7085,#7086,#7087,#7088,#7089,#7090));
#7077 = ORIENTED_EDGE('',*,*,#7078,.T.);
#7078 = EDGE_CURVE('',#7079,#6349,#7081,.T.);
#7079 = VERTEX_POINT('',#7080);
#7080 = CARTESIAN_POINT('',(1.25000083512,5.474913265133,-1.901438334587
    ));
#7081 = LINE('',#7082,#7083);
#7082 = CARTESIAN_POINT('',(1.25000083512,5.474913265133,-1.901438334587
    ));
#7083 = VECTOR('',#7084,1.);
#7084 = DIRECTION('',(-0.996193713686,5.116539085356E-08,
    -8.716699382592E-02));
#7085 = ORIENTED_EDGE('',*,*,#6348,.F.);
#7086 = ORIENTED_EDGE('',*,*,#6306,.F.);
#7087 = ORIENTED_EDGE('',*,*,#6292,.F.);
#7088 = ORIENTED_EDGE('',*,*,#6260,.F.);
#7089 = ORIENTED_EDGE('',*,*,#6202,.F.);
#7090 = ORIENTED_EDGE('',*,*,#7091,.F.);
#7091 = EDGE_CURVE('',#7079,#6203,#7092,.T.);
#7092 = LINE('',#7093,#7094);
#7093 = CARTESIAN_POINT('',(1.25000083512,5.474913265133,-1.901438334587
    ));
#7094 = VECTOR('',#7095,1.);
#7095 = DIRECTION('',(1.,-4.371139210811E-08,4.371138446537E-08));
#7096 = PLANE('',#7097);
#7097 = AXIS2_PLACEMENT_3D('',#7098,#7099,#7100);
#7098 = CARTESIAN_POINT('',(1.850000846047,5.474913260762,-2.15143830836
    ));
#7099 = DIRECTION('',(4.371138828674E-08,1.,8.742277657348E-08));
#7100 = DIRECTION('',(1.,-4.371139210811E-08,4.371138446537E-08));
#7101 = ADVANCED_FACE('',(#7102),#7114,.F.);
#7102 = FACE_BOUND('',#7103,.T.);
#7103 = EDGE_LOOP('',(#7104,#7105,#7106,#7107,#7108));
#7104 = ORIENTED_EDGE('',*,*,#6485,.F.);
#7105 = ORIENTED_EDGE('',*,*,#6461,.F.);
#7106 = ORIENTED_EDGE('',*,*,#6429,.F.);
#7107 = ORIENTED_EDGE('',*,*,#6397,.F.);
#7108 = ORIENTED_EDGE('',*,*,#7109,.T.);
#7109 = EDGE_CURVE('',#6371,#6486,#7110,.T.);
#7110 = LINE('',#7111,#7112);
#7111 = CARTESIAN_POINT('',(1.319773111843,5.474913299238,
    -2.326438331537));
#7112 = VECTOR('',#7113,1.);
#7113 = DIRECTION('',(1.,-4.371139210811E-08,4.371138446537E-08));
#7114 = PLANE('',#7115);
#7115 = AXIS2_PLACEMENT_3D('',#7116,#7117,#7118);
#7116 = CARTESIAN_POINT('',(1.850000846047,5.474913260762,-2.15143830836
    ));
#7117 = DIRECTION('',(4.371138828674E-08,1.,8.742277657348E-08));
#7118 = DIRECTION('',(1.,-4.371139210811E-08,4.371138446537E-08));
#7119 = ADVANCED_FACE('',(#7120),#7147,.F.);
#7120 = FACE_BOUND('',#7121,.T.);
#7121 = EDGE_LOOP('',(#7122,#7123,#7124,#7125,#7133,#7140,#7141));
#7122 = ORIENTED_EDGE('',*,*,#6629,.F.);
#7123 = ORIENTED_EDGE('',*,*,#6605,.F.);
#7124 = ORIENTED_EDGE('',*,*,#6547,.F.);
#7125 = ORIENTED_EDGE('',*,*,#7126,.T.);
#7126 = EDGE_CURVE('',#6548,#7127,#7129,.T.);
#7127 = VERTEX_POINT('',#7128);
#7128 = CARTESIAN_POINT('',(-0.581869144773,5.474913385421,
    -2.361438414661));
#7129 = LINE('',#7130,#7131);
#7130 = CARTESIAN_POINT('',(-0.581869146567,5.474913381833,
    -2.320395510338));
#7131 = VECTOR('',#7132,1.);
#7132 = DIRECTION('',(4.371138828674E-08,8.742277466279E-08,-1.));
#7133 = ORIENTED_EDGE('',*,*,#7134,.F.);
#7134 = EDGE_CURVE('',#6510,#7127,#7135,.T.);
#7135 = CIRCLE('',#7136,0.2);
#7136 = AXIS2_PLACEMENT_3D('',#7137,#7138,#7139);
#7137 = CARTESIAN_POINT('',(-0.781869144773,5.474913394163,
    -2.361438423403));
#7138 = DIRECTION('',(-4.371138828674E-08,-1.,-8.742277657348E-08));
#7139 = DIRECTION('',(0.737817757674,2.675933287709E-08,-0.674999967749)
  );
#7140 = ORIENTED_EDGE('',*,*,#6507,.F.);
#7141 = ORIENTED_EDGE('',*,*,#7142,.F.);
#7142 = EDGE_CURVE('',#6630,#6508,#7143,.T.);
#7143 = LINE('',#7144,#7145);
#7144 = CARTESIAN_POINT('',(-0.349999148272,5.474913368288,
    -2.281399404525));
#7145 = VECTOR('',#7146,1.);
#7146 = DIRECTION('',(4.371138828674E-08,8.742277466279E-08,-1.));
#7147 = PLANE('',#7148);
#7148 = AXIS2_PLACEMENT_3D('',#7149,#7150,#7151);
#7149 = CARTESIAN_POINT('',(1.850000846047,5.474913260762,-2.15143830836
    ));
#7150 = DIRECTION('',(4.371138828674E-08,1.,8.742277657348E-08));
#7151 = DIRECTION('',(1.,-4.371139210811E-08,4.371138446537E-08));
#7152 = ADVANCED_FACE('',(#7153),#7180,.F.);
#7153 = FACE_BOUND('',#7154,.T.);
#7154 = EDGE_LOOP('',(#7155,#7163,#7164,#7165,#7166,#7167,#7168,#7169,
    #7170,#7171,#7172,#7173,#7174));
#7155 = ORIENTED_EDGE('',*,*,#7156,.F.);
#7156 = EDGE_CURVE('',#6915,#7157,#7159,.T.);
#7157 = VERTEX_POINT('',#7158);
#7158 = CARTESIAN_POINT('',(-1.249999174497,5.474913355178,
    -1.681438443866));
#7159 = LINE('',#7160,#7161);
#7160 = CARTESIAN_POINT('',(-1.049999174497,5.474913346436,
    -1.681438435123));
#7161 = VECTOR('',#7162,1.);
#7162 = DIRECTION('',(-1.,4.371139210811E-08,-4.371138446537E-08));
#7163 = ORIENTED_EDGE('',*,*,#6914,.F.);
#7164 = ORIENTED_EDGE('',*,*,#6891,.F.);
#7165 = ORIENTED_EDGE('',*,*,#6859,.F.);
#7166 = ORIENTED_EDGE('',*,*,#6827,.F.);
#7167 = ORIENTED_EDGE('',*,*,#6796,.F.);
#7168 = ORIENTED_EDGE('',*,*,#6763,.F.);
#7169 = ORIENTED_EDGE('',*,*,#1369,.F.);
#7170 = ORIENTED_EDGE('',*,*,#6732,.F.);
#7171 = ORIENTED_EDGE('',*,*,#6710,.F.);
#7172 = ORIENTED_EDGE('',*,*,#6651,.F.);
#7173 = ORIENTED_EDGE('',*,*,#7054,.F.);
#7174 = ORIENTED_EDGE('',*,*,#7175,.F.);
#7175 = EDGE_CURVE('',#7157,#7055,#7176,.T.);
#7176 = LINE('',#7177,#7178);
#7177 = CARTESIAN_POINT('',(-1.249999174497,5.474913355178,
    -1.681438443866));
#7178 = VECTOR('',#7179,1.);
#7179 = DIRECTION('',(4.371138828674E-08,8.742277466279E-08,-1.));
#7180 = PLANE('',#7181);
#7181 = AXIS2_PLACEMENT_3D('',#7182,#7183,#7184);
#7182 = CARTESIAN_POINT('',(1.850000846047,5.474913260762,-2.15143830836
    ));
#7183 = DIRECTION('',(4.371138828674E-08,1.,8.742277657348E-08));
#7184 = DIRECTION('',(1.,-4.371139210811E-08,4.371138446537E-08));
#7185 = ADVANCED_FACE('',(#7186),#7220,.T.);
#7186 = FACE_BOUND('',#7187,.T.);
#7187 = EDGE_LOOP('',(#7188,#7198,#7206,#7214));
#7188 = ORIENTED_EDGE('',*,*,#7189,.T.);
#7189 = EDGE_CURVE('',#7190,#7192,#7194,.T.);
#7190 = VERTEX_POINT('',#7191);
#7191 = CARTESIAN_POINT('',(1.537247320901,4.974913252577,
    -1.901438365743));
#7192 = VERTEX_POINT('',#7193);
#7193 = CARTESIAN_POINT('',(1.367268145439,4.974913267416,
    -1.986185258879));
#7194 = LINE('',#7195,#7196);
#7195 = CARTESIAN_POINT('',(1.537247320901,4.974913252577,
    -1.901438365743));
#7196 = VECTOR('',#7197,1.);
#7197 = DIRECTION('',(-0.894937720165,7.812623299572E-08,-0.446191076811
    ));
#7198 = ORIENTED_EDGE('',*,*,#7199,.T.);
#7199 = EDGE_CURVE('',#7192,#7200,#7202,.T.);
#7200 = VERTEX_POINT('',#7201);
#7201 = CARTESIAN_POINT('',(1.367268151995,5.124913267416,
    -1.986185245766));
#7202 = LINE('',#7203,#7204);
#7203 = CARTESIAN_POINT('',(1.367268145439,4.974913267416,
    -1.986185258879));
#7204 = VECTOR('',#7205,1.);
#7205 = DIRECTION('',(4.371138828674E-08,1.,8.742277657348E-08));
#7206 = ORIENTED_EDGE('',*,*,#7207,.F.);
#7207 = EDGE_CURVE('',#7208,#7200,#7210,.T.);
#7208 = VERTEX_POINT('',#7209);
#7209 = CARTESIAN_POINT('',(1.537247327457,5.124913252577,
    -1.901438352629));
#7210 = LINE('',#7211,#7212);
#7211 = CARTESIAN_POINT('',(1.537247327457,5.124913252577,
    -1.901438352629));
#7212 = VECTOR('',#7213,1.);
#7213 = DIRECTION('',(-0.894937720165,7.812623299572E-08,-0.446191076811
    ));
#7214 = ORIENTED_EDGE('',*,*,#7215,.F.);
#7215 = EDGE_CURVE('',#7190,#7208,#7216,.T.);
#7216 = LINE('',#7217,#7218);
#7217 = CARTESIAN_POINT('',(1.537247320901,4.974913252577,
    -1.901438365743));
#7218 = VECTOR('',#7219,1.);
#7219 = DIRECTION('',(4.371138828674E-08,1.,8.742277657348E-08));
#7220 = PLANE('',#7221);
#7221 = AXIS2_PLACEMENT_3D('',#7222,#7223,#7224);
#7222 = CARTESIAN_POINT('',(1.537247320901,4.974913252577,
    -1.901438365743));
#7223 = DIRECTION('',(0.446191076811,5.873430894859E-08,-0.894937720165)
  );
#7224 = DIRECTION('',(-4.371138828674E-08,-1.,-8.742277657348E-08));
#7225 = ADVANCED_FACE('',(#7226),#7253,.T.);
#7226 = FACE_BOUND('',#7227,.T.);
#7227 = EDGE_LOOP('',(#7228,#7238,#7245,#7246));
#7228 = ORIENTED_EDGE('',*,*,#7229,.T.);
#7229 = EDGE_CURVE('',#7230,#7232,#7234,.T.);
#7230 = VERTEX_POINT('',#7231);
#7231 = CARTESIAN_POINT('',(1.344958593784,4.97491326885,-1.991438372871
    ));
#7232 = VERTEX_POINT('',#7233);
#7233 = CARTESIAN_POINT('',(1.34495860034,5.12491326885,-1.991438359758)
  );
#7234 = LINE('',#7235,#7236);
#7235 = CARTESIAN_POINT('',(1.344958593784,4.97491326885,-1.991438372871
    ));
#7236 = VECTOR('',#7237,1.);
#7237 = DIRECTION('',(4.371138828674E-08,1.,8.742277657348E-08));
#7238 = ORIENTED_EDGE('',*,*,#7239,.F.);
#7239 = EDGE_CURVE('',#7200,#7232,#7240,.T.);
#7240 = CIRCLE('',#7241,5.E-02);
#7241 = AXIS2_PLACEMENT_3D('',#7242,#7243,#7244);
#7242 = CARTESIAN_POINT('',(1.344958598155,5.124913264479,
    -1.941438359758));
#7243 = DIRECTION('',(4.371138828674E-08,1.,8.742277657348E-08));
#7244 = DIRECTION('',(0.446191076811,5.87343089486E-08,-0.894937720165)
  );
#7245 = ORIENTED_EDGE('',*,*,#7199,.F.);
#7246 = ORIENTED_EDGE('',*,*,#7247,.T.);
#7247 = EDGE_CURVE('',#7192,#7230,#7248,.T.);
#7248 = CIRCLE('',#7249,5.E-02);
#7249 = AXIS2_PLACEMENT_3D('',#7250,#7251,#7252);
#7250 = CARTESIAN_POINT('',(1.344958591598,4.974913264479,
    -1.941438372871));
#7251 = DIRECTION('',(4.371138828674E-08,1.,8.742277657348E-08));
#7252 = DIRECTION('',(0.446191076811,5.87343089486E-08,-0.894937720165)
  );
#7253 = CYLINDRICAL_SURFACE('',#7254,5.E-02);
#7254 = AXIS2_PLACEMENT_3D('',#7255,#7256,#7257);
#7255 = CARTESIAN_POINT('',(1.344958591598,4.974913264479,
    -1.941438372871));
#7256 = DIRECTION('',(4.371138828674E-08,1.,8.742277657348E-08));
#7257 = DIRECTION('',(4.371138828674E-08,8.742277466279E-08,-1.));
#7258 = ADVANCED_FACE('',(#7259),#7284,.T.);
#7259 = FACE_BOUND('',#7260,.T.);
#7260 = EDGE_LOOP('',(#7261,#7271,#7277,#7278));
#7261 = ORIENTED_EDGE('',*,*,#7262,.T.);
#7262 = EDGE_CURVE('',#7263,#7265,#7267,.T.);
#7263 = VERTEX_POINT('',#7264);
#7264 = CARTESIAN_POINT('',(1.329737340517,4.974913269516,
    -1.991438373536));
#7265 = VERTEX_POINT('',#7266);
#7266 = CARTESIAN_POINT('',(1.329737347074,5.124913269516,
    -1.991438360423));
#7267 = LINE('',#7268,#7269);
#7268 = CARTESIAN_POINT('',(1.329737340517,4.974913269516,
    -1.991438373536));
#7269 = VECTOR('',#7270,1.);
#7270 = DIRECTION('',(4.371138828674E-08,1.,8.742277657348E-08));
#7271 = ORIENTED_EDGE('',*,*,#7272,.F.);
#7272 = EDGE_CURVE('',#7232,#7265,#7273,.T.);
#7273 = LINE('',#7274,#7275);
#7274 = CARTESIAN_POINT('',(1.34495860034,5.12491326885,-1.991438359758)
  );
#7275 = VECTOR('',#7276,1.);
#7276 = DIRECTION('',(-1.,4.371139210811E-08,-4.371138446537E-08));
#7277 = ORIENTED_EDGE('',*,*,#7229,.F.);
#7278 = ORIENTED_EDGE('',*,*,#7279,.T.);
#7279 = EDGE_CURVE('',#7230,#7263,#7280,.T.);
#7280 = LINE('',#7281,#7282);
#7281 = CARTESIAN_POINT('',(1.344958593784,4.97491326885,-1.991438372871
    ));
#7282 = VECTOR('',#7283,1.);
#7283 = DIRECTION('',(-1.,4.371139210811E-08,-4.371138446537E-08));
#7284 = PLANE('',#7285);
#7285 = AXIS2_PLACEMENT_3D('',#7286,#7287,#7288);
#7286 = CARTESIAN_POINT('',(1.344958593784,4.97491326885,-1.991438372871
    ));
#7287 = DIRECTION('',(4.371138828674E-08,8.742277466279E-08,-1.));
#7288 = DIRECTION('',(-4.371138828674E-08,-1.,-8.742277657348E-08));
#7289 = ADVANCED_FACE('',(#7290),#7317,.F.);
#7290 = FACE_BOUND('',#7291,.F.);
#7291 = EDGE_LOOP('',(#7292,#7301,#7302,#7311));
#7292 = ORIENTED_EDGE('',*,*,#7293,.F.);
#7293 = EDGE_CURVE('',#7263,#7294,#7296,.T.);
#7294 = VERTEX_POINT('',#7295);
#7295 = CARTESIAN_POINT('',(1.264411747866,4.974913266689,
    -1.926439191849));
#7296 = CIRCLE('',#7297,6.5E-02);
#7297 = AXIS2_PLACEMENT_3D('',#7298,#7299,#7300);
#7298 = CARTESIAN_POINT('',(1.264737340517,4.974913272357,
    -1.991438376378));
#7299 = DIRECTION('',(-4.371138828674E-08,-1.,-8.742277657348E-08));
#7300 = DIRECTION('',(1.,-4.371139210811E-08,4.371138446537E-08));
#7301 = ORIENTED_EDGE('',*,*,#7262,.T.);
#7302 = ORIENTED_EDGE('',*,*,#7303,.T.);
#7303 = EDGE_CURVE('',#7265,#7304,#7306,.T.);
#7304 = VERTEX_POINT('',#7305);
#7305 = CARTESIAN_POINT('',(1.264411754422,5.124913266689,
    -1.926439178735));
#7306 = CIRCLE('',#7307,6.5E-02);
#7307 = AXIS2_PLACEMENT_3D('',#7308,#7309,#7310);
#7308 = CARTESIAN_POINT('',(1.264737347074,5.124913272357,
    -1.991438363264));
#7309 = DIRECTION('',(-4.371138828674E-08,-1.,-8.742277657348E-08));
#7310 = DIRECTION('',(1.,-4.371139210811E-08,4.371138446537E-08));
#7311 = ORIENTED_EDGE('',*,*,#7312,.F.);
#7312 = EDGE_CURVE('',#7294,#7304,#7313,.T.);
#7313 = LINE('',#7314,#7315);
#7314 = CARTESIAN_POINT('',(1.264411747866,4.974913266689,
    -1.926439191849));
#7315 = VECTOR('',#7316,1.);
#7316 = DIRECTION('',(4.371138828674E-08,1.,8.742277657348E-08));
#7317 = CYLINDRICAL_SURFACE('',#7318,6.5E-02);
#7318 = AXIS2_PLACEMENT_3D('',#7319,#7320,#7321);
#7319 = CARTESIAN_POINT('',(1.264737340517,4.974913272357,
    -1.991438376378));
#7320 = DIRECTION('',(4.371138828674E-08,1.,8.742277657348E-08));
#7321 = DIRECTION('',(4.371138828674E-08,8.742277466279E-08,-1.));
#7322 = ADVANCED_FACE('',(#7323),#7348,.T.);
#7323 = FACE_BOUND('',#7324,.T.);
#7324 = EDGE_LOOP('',(#7325,#7333,#7334,#7342));
#7325 = ORIENTED_EDGE('',*,*,#7326,.F.);
#7326 = EDGE_CURVE('',#7304,#7327,#7329,.T.);
#7327 = VERTEX_POINT('',#7328);
#7328 = CARTESIAN_POINT('',(0.946052000956,5.124913280744,
    -1.928033900224));
#7329 = LINE('',#7330,#7331);
#7330 = CARTESIAN_POINT('',(1.264411754422,5.124913266689,
    -1.926439178735));
#7331 = VECTOR('',#7332,1.);
#7332 = DIRECTION('',(-0.999987454291,4.414875087538E-08,
    -5.009117716878E-03));
#7333 = ORIENTED_EDGE('',*,*,#7312,.F.);
#7334 = ORIENTED_EDGE('',*,*,#7335,.T.);
#7335 = EDGE_CURVE('',#7294,#7336,#7338,.T.);
#7336 = VERTEX_POINT('',#7337);
#7337 = CARTESIAN_POINT('',(0.946051994399,4.974913280744,
    -1.928033913337));
#7338 = LINE('',#7339,#7340);
#7339 = CARTESIAN_POINT('',(1.264411747866,4.974913266689,
    -1.926439191849));
#7340 = VECTOR('',#7341,1.);
#7341 = DIRECTION('',(-0.999987454291,4.414875087538E-08,
    -5.009117716878E-03));
#7342 = ORIENTED_EDGE('',*,*,#7343,.T.);
#7343 = EDGE_CURVE('',#7336,#7327,#7344,.T.);
#7344 = LINE('',#7345,#7346);
#7345 = CARTESIAN_POINT('',(0.946051994399,4.974913280744,
    -1.928033913337));
#7346 = VECTOR('',#7347,1.);
#7347 = DIRECTION('',(4.371138828674E-08,1.,8.742277657348E-08));
#7348 = PLANE('',#7349);
#7349 = AXIS2_PLACEMENT_3D('',#7350,#7351,#7352);
#7350 = CARTESIAN_POINT('',(1.264411747866,4.974913266689,
    -1.926439191849));
#7351 = DIRECTION('',(5.009117716882E-03,8.720272430328E-08,
    -0.999987454291));
#7352 = DIRECTION('',(-4.371138828674E-08,-1.,-8.742277657348E-08));
#7353 = ADVANCED_FACE('',(#7354),#7390,.F.);
#7354 = FACE_BOUND('',#7355,.F.);
#7355 = EDGE_LOOP('',(#7356,#7366,#7375,#7383));
#7356 = ORIENTED_EDGE('',*,*,#7357,.T.);
#7357 = EDGE_CURVE('',#7358,#7360,#7362,.T.);
#7358 = VERTEX_POINT('',#7359);
#7359 = CARTESIAN_POINT('',(1.319773089987,4.974913299238,
    -2.326438375249));
#7360 = VERTEX_POINT('',#7361);
#7361 = CARTESIAN_POINT('',(1.319773096544,5.124913299238,
    -2.326438362135));
#7362 = LINE('',#7363,#7364);
#7363 = CARTESIAN_POINT('',(1.319773089987,4.974913299238,
    -2.326438375249));
#7364 = VECTOR('',#7365,1.);
#7365 = DIRECTION('',(4.371138828674E-08,1.,8.742277657348E-08));
#7366 = ORIENTED_EDGE('',*,*,#7367,.T.);
#7367 = EDGE_CURVE('',#7360,#7368,#7370,.T.);
#7368 = VERTEX_POINT('',#7369);
#7369 = CARTESIAN_POINT('',(1.329735878043,5.12491329574,-2.291415197964
    ));
#7370 = CIRCLE('',#7371,6.5E-02);
#7371 = AXIS2_PLACEMENT_3D('',#7372,#7373,#7374);
#7372 = CARTESIAN_POINT('',(1.264737360206,5.12491329862,-2.291854150048
    ));
#7373 = DIRECTION('',(-4.371138828674E-08,-1.,-8.742277657348E-08));
#7374 = DIRECTION('',(0.846703635974,9.503990854538E-09,-0.532064801343)
  );
#7375 = ORIENTED_EDGE('',*,*,#7376,.F.);
#7376 = EDGE_CURVE('',#7377,#7368,#7379,.T.);
#7377 = VERTEX_POINT('',#7378);
#7378 = CARTESIAN_POINT('',(1.329735871486,4.97491329574,-2.291415211077
    ));
#7379 = LINE('',#7380,#7381);
#7380 = CARTESIAN_POINT('',(1.329735871486,4.97491329574,-2.291415211077
    ));
#7381 = VECTOR('',#7382,1.);
#7382 = DIRECTION('',(4.371138828674E-08,1.,8.742277657348E-08));
#7383 = ORIENTED_EDGE('',*,*,#7384,.F.);
#7384 = EDGE_CURVE('',#7358,#7377,#7385,.T.);
#7385 = CIRCLE('',#7386,6.5E-02);
#7386 = AXIS2_PLACEMENT_3D('',#7387,#7388,#7389);
#7387 = CARTESIAN_POINT('',(1.264737353649,4.97491329862,-2.291854163161
    ));
#7388 = DIRECTION('',(-4.371138828674E-08,-1.,-8.742277657348E-08));
#7389 = DIRECTION('',(0.846703635974,9.503990854538E-09,-0.532064801343)
  );
#7390 = CYLINDRICAL_SURFACE('',#7391,6.5E-02);
#7391 = AXIS2_PLACEMENT_3D('',#7392,#7393,#7394);
#7392 = CARTESIAN_POINT('',(1.264737353649,4.97491329862,-2.291854163161
    ));
#7393 = DIRECTION('',(4.371138828674E-08,1.,8.742277657348E-08));
#7394 = DIRECTION('',(4.371138828674E-08,8.742277466279E-08,-1.));
#7395 = ADVANCED_FACE('',(#7396),#7421,.T.);
#7396 = FACE_BOUND('',#7397,.T.);
#7397 = EDGE_LOOP('',(#7398,#7408,#7414,#7415));
#7398 = ORIENTED_EDGE('',*,*,#7399,.T.);
#7399 = EDGE_CURVE('',#7400,#7402,#7404,.T.);
#7400 = VERTEX_POINT('',#7401);
#7401 = CARTESIAN_POINT('',(1.344943688987,4.974913295192,
    -2.292745703606));
#7402 = VERTEX_POINT('',#7403);
#7403 = CARTESIAN_POINT('',(1.344943695544,5.124913295192,
    -2.292745690493));
#7404 = LINE('',#7405,#7406);
#7405 = CARTESIAN_POINT('',(1.344943688987,4.974913295192,
    -2.292745703606));
#7406 = VECTOR('',#7407,1.);
#7407 = DIRECTION('',(4.371138828674E-08,1.,8.742277657348E-08));
#7408 = ORIENTED_EDGE('',*,*,#7409,.F.);
#7409 = EDGE_CURVE('',#7368,#7402,#7410,.T.);
#7410 = LINE('',#7411,#7412);
#7411 = CARTESIAN_POINT('',(1.329735878043,5.12491329574,-2.291415197964
    ));
#7412 = VECTOR('',#7413,1.);
#7413 = DIRECTION('',(0.996194806716,-3.592576952385E-08,
    -8.715450115399E-02));
#7414 = ORIENTED_EDGE('',*,*,#7376,.F.);
#7415 = ORIENTED_EDGE('',*,*,#7416,.T.);
#7416 = EDGE_CURVE('',#7377,#7400,#7417,.T.);
#7417 = LINE('',#7418,#7419);
#7418 = CARTESIAN_POINT('',(1.329735871486,4.97491329574,-2.291415211077
    ));
#7419 = VECTOR('',#7420,1.);
#7420 = DIRECTION('',(0.996194806716,-3.592576952385E-08,
    -8.715450115399E-02));
#7421 = PLANE('',#7422);
#7422 = AXIS2_PLACEMENT_3D('',#7423,#7424,#7425);
#7423 = CARTESIAN_POINT('',(1.329735871486,4.97491329574,-2.291415211077
    ));
#7424 = DIRECTION('',(8.715450115399E-02,-9.08997602521E-08,
    0.996194806716));
#7425 = DIRECTION('',(4.371138828674E-08,1.,8.742277657348E-08));
#7426 = ADVANCED_FACE('',(#7427),#7454,.T.);
#7427 = FACE_BOUND('',#7428,.T.);
#7428 = EDGE_LOOP('',(#7429,#7439,#7446,#7447));
#7429 = ORIENTED_EDGE('',*,*,#7430,.T.);
#7430 = EDGE_CURVE('',#7431,#7433,#7435,.T.);
#7431 = VERTEX_POINT('',#7432);
#7432 = CARTESIAN_POINT('',(1.370562158126,4.974913294928,
    -2.302537600653));
#7433 = VERTEX_POINT('',#7434);
#7434 = CARTESIAN_POINT('',(1.370562164683,5.124913294928,-2.30253758754
    ));
#7435 = LINE('',#7436,#7437);
#7436 = CARTESIAN_POINT('',(1.370562158126,4.974913294928,
    -2.302537600653));
#7437 = VECTOR('',#7438,1.);
#7438 = DIRECTION('',(4.371138828674E-08,1.,8.742277657348E-08));
#7439 = ORIENTED_EDGE('',*,*,#7440,.F.);
#7440 = EDGE_CURVE('',#7402,#7433,#7441,.T.);
#7441 = CIRCLE('',#7442,5.E-02);
#7442 = AXIS2_PLACEMENT_3D('',#7443,#7444,#7445);
#7443 = CARTESIAN_POINT('',(1.340585970486,5.124913299737,
    -2.342555430829));
#7444 = DIRECTION('',(4.371138828674E-08,1.,8.742277657348E-08));
#7445 = DIRECTION('',(8.715450115402E-02,-9.08997602521E-08,
    0.996194806716));
#7446 = ORIENTED_EDGE('',*,*,#7399,.F.);
#7447 = ORIENTED_EDGE('',*,*,#7448,.T.);
#7448 = EDGE_CURVE('',#7400,#7431,#7449,.T.);
#7449 = CIRCLE('',#7450,5.E-02);
#7450 = AXIS2_PLACEMENT_3D('',#7451,#7452,#7453);
#7451 = CARTESIAN_POINT('',(1.34058596393,4.974913299737,-2.342555443942
    ));
#7452 = DIRECTION('',(4.371138828674E-08,1.,8.742277657348E-08));
#7453 = DIRECTION('',(8.715450115402E-02,-9.08997602521E-08,
    0.996194806716));
#7454 = CYLINDRICAL_SURFACE('',#7455,5.E-02);
#7455 = AXIS2_PLACEMENT_3D('',#7456,#7457,#7458);
#7456 = CARTESIAN_POINT('',(1.34058596393,4.974913299737,-2.342555443942
    ));
#7457 = DIRECTION('',(4.371138828674E-08,1.,8.742277657348E-08));
#7458 = DIRECTION('',(4.371138828674E-08,8.742277466279E-08,-1.));
#7459 = ADVANCED_FACE('',(#7460),#7485,.T.);
#7460 = FACE_BOUND('',#7461,.T.);
#7461 = EDGE_LOOP('',(#7462,#7470,#7471,#7479));
#7462 = ORIENTED_EDGE('',*,*,#7463,.F.);
#7463 = EDGE_CURVE('',#7433,#7464,#7466,.T.);
#7464 = VERTEX_POINT('',#7465);
#7465 = CARTESIAN_POINT('',(1.402469394177,5.124913295623,
    -2.326438358521));
#7466 = LINE('',#7467,#7468);
#7467 = CARTESIAN_POINT('',(1.370562164683,5.124913294928,-2.30253758754
    ));
#7468 = VECTOR('',#7469,1.);
#7469 = DIRECTION('',(0.800356865779,1.742733282715E-08,-0.599523883929)
  );
#7470 = ORIENTED_EDGE('',*,*,#7430,.F.);
#7471 = ORIENTED_EDGE('',*,*,#7472,.T.);
#7472 = EDGE_CURVE('',#7431,#7473,#7475,.T.);
#7473 = VERTEX_POINT('',#7474);
#7474 = CARTESIAN_POINT('',(1.402469387621,4.974913295623,
    -2.326438371634));
#7475 = LINE('',#7476,#7477);
#7476 = CARTESIAN_POINT('',(1.370562158126,4.974913294928,
    -2.302537600653));
#7477 = VECTOR('',#7478,1.);
#7478 = DIRECTION('',(0.800356865779,1.742733282715E-08,-0.599523883929)
  );
#7479 = ORIENTED_EDGE('',*,*,#7480,.T.);
#7480 = EDGE_CURVE('',#7473,#7464,#7481,.T.);
#7481 = LINE('',#7482,#7483);
#7482 = CARTESIAN_POINT('',(1.402469387621,4.974913295623,
    -2.326438371634));
#7483 = VECTOR('',#7484,1.);
#7484 = DIRECTION('',(4.371138828674E-08,1.,8.742277657348E-08));
#7485 = PLANE('',#7486);
#7486 = AXIS2_PLACEMENT_3D('',#7487,#7488,#7489);
#7487 = CARTESIAN_POINT('',(1.370562158126,4.974913294928,
    -2.302537600653));
#7488 = DIRECTION('',(0.599523883929,-9.61754407336E-08,0.800356865779)
  );
#7489 = DIRECTION('',(4.371138828674E-08,1.,8.742277657348E-08));
#7490 = ADVANCED_FACE('',(#7491),#7525,.T.);
#7491 = FACE_BOUND('',#7492,.T.);
#7492 = EDGE_LOOP('',(#7493,#7503,#7511,#7519));
#7493 = ORIENTED_EDGE('',*,*,#7494,.T.);
#7494 = EDGE_CURVE('',#7495,#7497,#7499,.T.);
#7495 = VERTEX_POINT('',#7496);
#7496 = CARTESIAN_POINT('',(-0.581869168423,4.974913381833,
    -2.32039555405));
#7497 = VERTEX_POINT('',#7498);
#7498 = CARTESIAN_POINT('',(-0.438577438612,4.974913372624,
    -2.286707611071));
#7499 = LINE('',#7500,#7501);
#7500 = CARTESIAN_POINT('',(-0.581869168423,4.974913381833,
    -2.32039555405));
#7501 = VECTOR('',#7502,1.);
#7502 = DIRECTION('',(0.973459195183,-6.255888598874E-08,0.228860646058)
  );
#7503 = ORIENTED_EDGE('',*,*,#7504,.T.);
#7504 = EDGE_CURVE('',#7497,#7505,#7507,.T.);
#7505 = VERTEX_POINT('',#7506);
#7506 = CARTESIAN_POINT('',(-0.438577432056,5.124913372624,
    -2.286707597958));
#7507 = LINE('',#7508,#7509);
#7508 = CARTESIAN_POINT('',(-0.438577438612,4.974913372624,
    -2.286707611071));
#7509 = VECTOR('',#7510,1.);
#7510 = DIRECTION('',(4.371138828674E-08,1.,8.742277657348E-08));
#7511 = ORIENTED_EDGE('',*,*,#7512,.F.);
#7512 = EDGE_CURVE('',#7513,#7505,#7515,.T.);
#7513 = VERTEX_POINT('',#7514);
#7514 = CARTESIAN_POINT('',(-0.581869161866,5.124913381833,
    -2.320395540936));
#7515 = LINE('',#7516,#7517);
#7516 = CARTESIAN_POINT('',(-0.581869161866,5.124913381833,
    -2.320395540936));
#7517 = VECTOR('',#7518,1.);
#7518 = DIRECTION('',(0.973459195183,-6.255888598874E-08,0.228860646058)
  );
#7519 = ORIENTED_EDGE('',*,*,#7520,.F.);
#7520 = EDGE_CURVE('',#7495,#7513,#7521,.T.);
#7521 = LINE('',#7522,#7523);
#7522 = CARTESIAN_POINT('',(-0.581869168423,4.974913381833,
    -2.32039555405));
#7523 = VECTOR('',#7524,1.);
#7524 = DIRECTION('',(4.371138828674E-08,1.,8.742277657348E-08));
#7525 = PLANE('',#7526);
#7526 = AXIS2_PLACEMENT_3D('',#7527,#7528,#7529);
#7527 = CARTESIAN_POINT('',(-0.581869168423,4.974913381833,
    -2.32039555405));
#7528 = DIRECTION('',(-0.228860646058,-7.509868916045E-08,0.973459195183
    ));
#7529 = DIRECTION('',(-0.973459195183,6.255888598874E-08,-0.228860646058
    ));
#7530 = ADVANCED_FACE('',(#7531),#7558,.T.);
#7531 = FACE_BOUND('',#7532,.T.);
#7532 = EDGE_LOOP('',(#7533,#7543,#7550,#7551));
#7533 = ORIENTED_EDGE('',*,*,#7534,.T.);
#7534 = EDGE_CURVE('',#7535,#7537,#7539,.T.);
#7535 = VERTEX_POINT('',#7536);
#7536 = CARTESIAN_POINT('',(-0.392805318143,4.974913370159,
    -2.281399450108));
#7537 = VERTEX_POINT('',#7538);
#7538 = CARTESIAN_POINT('',(-0.392805311587,5.124913370159,
    -2.281399436994));
#7539 = LINE('',#7540,#7541);
#7540 = CARTESIAN_POINT('',(-0.392805318143,4.974913370159,
    -2.281399450108));
#7541 = VECTOR('',#7542,1.);
#7542 = DIRECTION('',(4.371138828674E-08,1.,8.742277657348E-08));
#7543 = ORIENTED_EDGE('',*,*,#7544,.F.);
#7544 = EDGE_CURVE('',#7505,#7537,#7545,.T.);
#7545 = CIRCLE('',#7546,0.2);
#7546 = AXIS2_PLACEMENT_3D('',#7547,#7548,#7549);
#7547 = CARTESIAN_POINT('',(-0.392805302844,5.124913387644,
    -2.481399436994));
#7548 = DIRECTION('',(4.371138828674E-08,1.,8.742277657348E-08));
#7549 = DIRECTION('',(-0.228860646058,-7.509868916045E-08,0.973459195183
    ));
#7550 = ORIENTED_EDGE('',*,*,#7504,.F.);
#7551 = ORIENTED_EDGE('',*,*,#7552,.T.);
#7552 = EDGE_CURVE('',#7497,#7535,#7553,.T.);
#7553 = CIRCLE('',#7554,0.2);
#7554 = AXIS2_PLACEMENT_3D('',#7555,#7556,#7557);
#7555 = CARTESIAN_POINT('',(-0.392805309401,4.974913387644,
    -2.481399450108));
#7556 = DIRECTION('',(4.371138828674E-08,1.,8.742277657348E-08));
#7557 = DIRECTION('',(-0.228860646058,-7.509868916045E-08,0.973459195183
    ));
#7558 = CYLINDRICAL_SURFACE('',#7559,0.2);
#7559 = AXIS2_PLACEMENT_3D('',#7560,#7561,#7562);
#7560 = CARTESIAN_POINT('',(-0.392805309401,4.974913387644,
    -2.481399450108));
#7561 = DIRECTION('',(4.371138828674E-08,1.,8.742277657348E-08));
#7562 = DIRECTION('',(4.371138828674E-08,8.742277466279E-08,-1.));
#7563 = ADVANCED_FACE('',(#7564),#7589,.T.);
#7564 = FACE_BOUND('',#7565,.T.);
#7565 = EDGE_LOOP('',(#7566,#7574,#7575,#7583));
#7566 = ORIENTED_EDGE('',*,*,#7567,.F.);
#7567 = EDGE_CURVE('',#7537,#7568,#7570,.T.);
#7568 = VERTEX_POINT('',#7569);
#7569 = CARTESIAN_POINT('',(-0.349999163571,5.124913368288,
    -2.281399435123));
#7570 = LINE('',#7571,#7572);
#7571 = CARTESIAN_POINT('',(-0.392805311587,5.124913370159,
    -2.281399436994));
#7572 = VECTOR('',#7573,1.);
#7573 = DIRECTION('',(1.,-4.371139210811E-08,4.371138446537E-08));
#7574 = ORIENTED_EDGE('',*,*,#7534,.F.);
#7575 = ORIENTED_EDGE('',*,*,#7576,.T.);
#7576 = EDGE_CURVE('',#7535,#7577,#7579,.T.);
#7577 = VERTEX_POINT('',#7578);
#7578 = CARTESIAN_POINT('',(-0.349999170127,4.974913368288,
    -2.281399448237));
#7579 = LINE('',#7580,#7581);
#7580 = CARTESIAN_POINT('',(-0.392805318143,4.974913370159,
    -2.281399450108));
#7581 = VECTOR('',#7582,1.);
#7582 = DIRECTION('',(1.,-4.371139210811E-08,4.371138446537E-08));
#7583 = ORIENTED_EDGE('',*,*,#7584,.T.);
#7584 = EDGE_CURVE('',#7577,#7568,#7585,.T.);
#7585 = LINE('',#7586,#7587);
#7586 = CARTESIAN_POINT('',(-0.349999170127,4.974913368288,
    -2.281399448237));
#7587 = VECTOR('',#7588,1.);
#7588 = DIRECTION('',(4.371138828674E-08,1.,8.742277657348E-08));
#7589 = PLANE('',#7590);
#7590 = AXIS2_PLACEMENT_3D('',#7591,#7592,#7593);
#7591 = CARTESIAN_POINT('',(-0.392805318143,4.974913370159,
    -2.281399450108));
#7592 = DIRECTION('',(-4.371138828674E-08,-8.742277466279E-08,1.));
#7593 = DIRECTION('',(-1.,4.371139210811E-08,-4.371138446537E-08));
#7594 = ADVANCED_FACE('',(#7595),#7629,.T.);
#7595 = FACE_BOUND('',#7596,.T.);
#7596 = EDGE_LOOP('',(#7597,#7607,#7615,#7623));
#7597 = ORIENTED_EDGE('',*,*,#7598,.T.);
#7598 = EDGE_CURVE('',#7599,#7601,#7603,.T.);
#7599 = VERTEX_POINT('',#7600);
#7600 = CARTESIAN_POINT('',(-1.249999182802,4.974913382279,
    -1.991434029586));
#7601 = VERTEX_POINT('',#7602);
#7602 = CARTESIAN_POINT('',(-1.260771930366,4.974913382301,
    -1.986300842892));
#7603 = LINE('',#7604,#7605);
#7604 = CARTESIAN_POINT('',(-1.249999182802,4.974913382279,
    -1.991434029586));
#7605 = VECTOR('',#7606,1.);
#7606 = DIRECTION('',(-0.902752921919,1.854849038977E-09,0.430159461092)
  );
#7607 = ORIENTED_EDGE('',*,*,#7608,.T.);
#7608 = EDGE_CURVE('',#7601,#7609,#7611,.T.);
#7609 = VERTEX_POINT('',#7610);
#7610 = CARTESIAN_POINT('',(-1.260771923809,5.124913382301,
    -1.986300829779));
#7611 = LINE('',#7612,#7613);
#7612 = CARTESIAN_POINT('',(-1.260771930366,4.974913382301,
    -1.986300842892));
#7613 = VECTOR('',#7614,1.);
#7614 = DIRECTION('',(4.371138828674E-08,1.,8.742277657348E-08));
#7615 = ORIENTED_EDGE('',*,*,#7616,.F.);
#7616 = EDGE_CURVE('',#7617,#7609,#7619,.T.);
#7617 = VERTEX_POINT('',#7618);
#7618 = CARTESIAN_POINT('',(-1.249999176246,5.124913382279,
    -1.991434016472));
#7619 = LINE('',#7620,#7621);
#7620 = CARTESIAN_POINT('',(-1.249999176246,5.124913382279,
    -1.991434016472));
#7621 = VECTOR('',#7622,1.);
#7622 = DIRECTION('',(-0.902752921919,1.854849038977E-09,0.430159461092)
  );
#7623 = ORIENTED_EDGE('',*,*,#7624,.F.);
#7624 = EDGE_CURVE('',#7599,#7617,#7625,.T.);
#7625 = LINE('',#7626,#7627);
#7626 = CARTESIAN_POINT('',(-1.249999182802,4.974913382279,
    -1.991434029586));
#7627 = VECTOR('',#7628,1.);
#7628 = DIRECTION('',(4.371138828674E-08,1.,8.742277657348E-08));
#7629 = PLANE('',#7630);
#7630 = AXIS2_PLACEMENT_3D('',#7631,#7632,#7633);
#7631 = CARTESIAN_POINT('',(-1.249999182802,4.974913382279,
    -1.991434029586));
#7632 = DIRECTION('',(-0.430159461092,9.772403422297E-08,-0.902752921919
    ));
#7633 = DIRECTION('',(4.371138828674E-08,1.,8.742277657348E-08));
#7634 = ADVANCED_FACE('',(#7635),#7662,.F.);
#7635 = FACE_BOUND('',#7636,.F.);
#7636 = EDGE_LOOP('',(#7637,#7646,#7647,#7656));
#7637 = ORIENTED_EDGE('',*,*,#7638,.F.);
#7638 = EDGE_CURVE('',#7601,#7639,#7641,.T.);
#7639 = VERTEX_POINT('',#7640);
#7640 = CARTESIAN_POINT('',(-1.282279905605,4.974913382816,
    -1.981438488988));
#7641 = CIRCLE('',#7642,5.E-02);
#7642 = AXIS2_PLACEMENT_3D('',#7643,#7644,#7645);
#7643 = CARTESIAN_POINT('',(-1.28227990342,4.974913387187,
    -2.031438488988));
#7644 = DIRECTION('',(-4.371138828674E-08,-1.,-8.742277657348E-08));
#7645 = DIRECTION('',(0.430159461092,-9.772403422297E-08,0.902752921919)
  );
#7646 = ORIENTED_EDGE('',*,*,#7608,.T.);
#7647 = ORIENTED_EDGE('',*,*,#7648,.T.);
#7648 = EDGE_CURVE('',#7609,#7649,#7651,.T.);
#7649 = VERTEX_POINT('',#7650);
#7650 = CARTESIAN_POINT('',(-1.282279899048,5.124913382816,
    -1.981438475875));
#7651 = CIRCLE('',#7652,5.E-02);
#7652 = AXIS2_PLACEMENT_3D('',#7653,#7654,#7655);
#7653 = CARTESIAN_POINT('',(-1.282279896863,5.124913387187,
    -2.031438475875));
#7654 = DIRECTION('',(-4.371138828674E-08,-1.,-8.742277657348E-08));
#7655 = DIRECTION('',(0.430159461092,-9.772403422297E-08,0.902752921919)
  );
#7656 = ORIENTED_EDGE('',*,*,#7657,.F.);
#7657 = EDGE_CURVE('',#7639,#7649,#7658,.T.);
#7658 = LINE('',#7659,#7660);
#7659 = CARTESIAN_POINT('',(-1.282279905605,4.974913382816,
    -1.981438488988));
#7660 = VECTOR('',#7661,1.);
#7661 = DIRECTION('',(4.371138828674E-08,1.,8.742277657348E-08));
#7662 = CYLINDRICAL_SURFACE('',#7663,5.E-02);
#7663 = AXIS2_PLACEMENT_3D('',#7664,#7665,#7666);
#7664 = CARTESIAN_POINT('',(-1.28227990342,4.974913387187,
    -2.031438488988));
#7665 = DIRECTION('',(4.371138828674E-08,1.,8.742277657348E-08));
#7666 = DIRECTION('',(4.371138828674E-08,8.742277466279E-08,-1.));
#7667 = ADVANCED_FACE('',(#7668),#7693,.T.);
#7668 = FACE_BOUND('',#7669,.T.);
#7669 = EDGE_LOOP('',(#7670,#7680,#7686,#7687));
#7670 = ORIENTED_EDGE('',*,*,#7671,.T.);
#7671 = EDGE_CURVE('',#7672,#7674,#7676,.T.);
#7672 = VERTEX_POINT('',#7673);
#7673 = CARTESIAN_POINT('',(-1.349999183239,4.974913385776,
    -1.981438491948));
#7674 = VERTEX_POINT('',#7675);
#7675 = CARTESIAN_POINT('',(-1.349999176682,5.124913385776,
    -1.981438478835));
#7676 = LINE('',#7677,#7678);
#7677 = CARTESIAN_POINT('',(-1.349999183239,4.974913385776,
    -1.981438491948));
#7678 = VECTOR('',#7679,1.);
#7679 = DIRECTION('',(4.371138828674E-08,1.,8.742277657348E-08));
#7680 = ORIENTED_EDGE('',*,*,#7681,.F.);
#7681 = EDGE_CURVE('',#7649,#7674,#7682,.T.);
#7682 = LINE('',#7683,#7684);
#7683 = CARTESIAN_POINT('',(-1.282279899048,5.124913382816,
    -1.981438475875));
#7684 = VECTOR('',#7685,1.);
#7685 = DIRECTION('',(-1.,4.371139210811E-08,-4.371138446537E-08));
#7686 = ORIENTED_EDGE('',*,*,#7657,.F.);
#7687 = ORIENTED_EDGE('',*,*,#7688,.T.);
#7688 = EDGE_CURVE('',#7639,#7672,#7689,.T.);
#7689 = LINE('',#7690,#7691);
#7690 = CARTESIAN_POINT('',(-1.282279905605,4.974913382816,
    -1.981438488988));
#7691 = VECTOR('',#7692,1.);
#7692 = DIRECTION('',(-1.,4.371139210811E-08,-4.371138446537E-08));
#7693 = PLANE('',#7694);
#7694 = AXIS2_PLACEMENT_3D('',#7695,#7696,#7697);
#7695 = CARTESIAN_POINT('',(-1.282279905605,4.974913382816,
    -1.981438488988));
#7696 = DIRECTION('',(4.371138828674E-08,8.742277466279E-08,-1.));
#7697 = DIRECTION('',(-4.371138828674E-08,-1.,-8.742277657348E-08));
#7698 = ADVANCED_FACE('',(#7699),#7715,.T.);
#7699 = FACE_BOUND('',#7700,.T.);
#7700 = EDGE_LOOP('',(#7701,#7702,#7708,#7709));
#7701 = ORIENTED_EDGE('',*,*,#1300,.T.);
#7702 = ORIENTED_EDGE('',*,*,#7703,.F.);
#7703 = EDGE_CURVE('',#7674,#1303,#7704,.T.);
#7704 = LINE('',#7705,#7706);
#7705 = CARTESIAN_POINT('',(-1.349999176682,5.124913385776,
    -1.981438478835));
#7706 = VECTOR('',#7707,1.);
#7707 = DIRECTION('',(-4.371138828674E-08,-8.742277466279E-08,1.));
#7708 = ORIENTED_EDGE('',*,*,#7671,.F.);
#7709 = ORIENTED_EDGE('',*,*,#7710,.T.);
#7710 = EDGE_CURVE('',#7672,#1301,#7711,.T.);
#7711 = LINE('',#7712,#7713);
#7712 = CARTESIAN_POINT('',(-1.349999183239,4.974913385776,
    -1.981438491948));
#7713 = VECTOR('',#7714,1.);
#7714 = DIRECTION('',(-4.371138828674E-08,-8.742277466279E-08,1.));
#7715 = PLANE('',#7716);
#7716 = AXIS2_PLACEMENT_3D('',#7717,#7718,#7719);
#7717 = CARTESIAN_POINT('',(-1.349999183239,4.974913385776,
    -1.981438491948));
#7718 = DIRECTION('',(-1.,4.371139210811E-08,-4.371138446537E-08));
#7719 = DIRECTION('',(-4.371138828674E-08,-8.742277466279E-08,1.));
#7720 = ADVANCED_FACE('',(#7721),#7748,.F.);
#7721 = FACE_BOUND('',#7722,.F.);
#7722 = EDGE_LOOP('',(#7723,#7732,#7740,#7747));
#7723 = ORIENTED_EDGE('',*,*,#7724,.T.);
#7724 = EDGE_CURVE('',#1311,#7725,#7727,.T.);
#7725 = VERTEX_POINT('',#7726);
#7726 = CARTESIAN_POINT('',(-1.299562192102,5.124913352933,
    -1.630968476629));
#7727 = CIRCLE('',#7728,5.E-02);
#7728 = AXIS2_PLACEMENT_3D('',#7729,#7730,#7731);
#7729 = CARTESIAN_POINT('',(-1.349562192102,5.124913355118,
    -1.630968478815));
#7730 = DIRECTION('',(-4.371138828674E-08,-1.,-8.742277657348E-08));
#7731 = DIRECTION('',(-8.73995429087E-03,8.780147307221E-08,
    -0.99996180587));
#7732 = ORIENTED_EDGE('',*,*,#7733,.F.);
#7733 = EDGE_CURVE('',#7734,#7725,#7736,.T.);
#7734 = VERTEX_POINT('',#7735);
#7735 = CARTESIAN_POINT('',(-1.299562198659,4.974913352933,
    -1.630968489743));
#7736 = LINE('',#7737,#7738);
#7737 = CARTESIAN_POINT('',(-1.299562198659,4.974913352933,
    -1.630968489743));
#7738 = VECTOR('',#7739,1.);
#7739 = DIRECTION('',(4.371138828674E-08,1.,8.742277657348E-08));
#7740 = ORIENTED_EDGE('',*,*,#7741,.F.);
#7741 = EDGE_CURVE('',#1320,#7734,#7742,.T.);
#7742 = CIRCLE('',#7743,5.E-02);
#7743 = AXIS2_PLACEMENT_3D('',#7744,#7745,#7746);
#7744 = CARTESIAN_POINT('',(-1.349562198659,4.974913355118,
    -1.630968491928));
#7745 = DIRECTION('',(-4.371138828674E-08,-1.,-8.742277657348E-08));
#7746 = DIRECTION('',(-8.73995429087E-03,8.780147307221E-08,
    -0.99996180587));
#7747 = ORIENTED_EDGE('',*,*,#1319,.T.);
#7748 = CYLINDRICAL_SURFACE('',#7749,5.E-02);
#7749 = AXIS2_PLACEMENT_3D('',#7750,#7751,#7752);
#7750 = CARTESIAN_POINT('',(-1.349562198659,4.974913355118,
    -1.630968491928));
#7751 = DIRECTION('',(4.371138828674E-08,1.,8.742277657348E-08));
#7752 = DIRECTION('',(4.371138828674E-08,8.742277466279E-08,-1.));
#7753 = ADVANCED_FACE('',(#7754),#7779,.T.);
#7754 = FACE_BOUND('',#7755,.T.);
#7755 = EDGE_LOOP('',(#7756,#7766,#7772,#7773));
#7756 = ORIENTED_EDGE('',*,*,#7757,.T.);
#7757 = EDGE_CURVE('',#7758,#7760,#7762,.T.);
#7758 = VERTEX_POINT('',#7759);
#7759 = CARTESIAN_POINT('',(-1.299562199949,4.974913350351,
    -1.601439130397));
#7760 = VERTEX_POINT('',#7761);
#7761 = CARTESIAN_POINT('',(-1.299562193393,5.124913350351,
    -1.601439117283));
#7762 = LINE('',#7763,#7764);
#7763 = CARTESIAN_POINT('',(-1.299562199949,4.974913350351,
    -1.601439130397));
#7764 = VECTOR('',#7765,1.);
#7765 = DIRECTION('',(4.371138828674E-08,1.,8.742277657348E-08));
#7766 = ORIENTED_EDGE('',*,*,#7767,.F.);
#7767 = EDGE_CURVE('',#7725,#7760,#7768,.T.);
#7768 = LINE('',#7769,#7770);
#7769 = CARTESIAN_POINT('',(-1.299562192102,5.124913352933,
    -1.630968476629));
#7770 = VECTOR('',#7771,1.);
#7771 = DIRECTION('',(-4.371138828674E-08,-8.742277466279E-08,1.));
#7772 = ORIENTED_EDGE('',*,*,#7733,.F.);
#7773 = ORIENTED_EDGE('',*,*,#7774,.T.);
#7774 = EDGE_CURVE('',#7734,#7758,#7775,.T.);
#7775 = LINE('',#7776,#7777);
#7776 = CARTESIAN_POINT('',(-1.299562198659,4.974913352933,
    -1.630968489743));
#7777 = VECTOR('',#7778,1.);
#7778 = DIRECTION('',(-4.371138828674E-08,-8.742277466279E-08,1.));
#7779 = PLANE('',#7780);
#7780 = AXIS2_PLACEMENT_3D('',#7781,#7782,#7783);
#7781 = CARTESIAN_POINT('',(-1.299562198659,4.974913352933,
    -1.630968489743));
#7782 = DIRECTION('',(-1.,4.371139210811E-08,-4.371138446537E-08));
#7783 = DIRECTION('',(-4.371138828674E-08,-8.742277466279E-08,1.));
#7784 = ADVANCED_FACE('',(#7785),#7810,.T.);
#7785 = FACE_BOUND('',#7786,.T.);
#7786 = EDGE_LOOP('',(#7787,#7797,#7803,#7804));
#7787 = ORIENTED_EDGE('',*,*,#7788,.T.);
#7788 = EDGE_CURVE('',#7789,#7791,#7793,.T.);
#7789 = VERTEX_POINT('',#7790);
#7790 = CARTESIAN_POINT('',(-0.950222818823,4.974913335081,
    -1.601439115127));
#7791 = VERTEX_POINT('',#7792);
#7792 = CARTESIAN_POINT('',(-0.950222812267,5.124913335081,
    -1.601439102013));
#7793 = LINE('',#7794,#7795);
#7794 = CARTESIAN_POINT('',(-0.950222818823,4.974913335081,
    -1.601439115127));
#7795 = VECTOR('',#7796,1.);
#7796 = DIRECTION('',(4.371138828674E-08,1.,8.742277657348E-08));
#7797 = ORIENTED_EDGE('',*,*,#7798,.F.);
#7798 = EDGE_CURVE('',#7760,#7791,#7799,.T.);
#7799 = LINE('',#7800,#7801);
#7800 = CARTESIAN_POINT('',(-1.299562193393,5.124913350351,
    -1.601439117283));
#7801 = VECTOR('',#7802,1.);
#7802 = DIRECTION('',(1.,-4.371139210811E-08,4.371138446537E-08));
#7803 = ORIENTED_EDGE('',*,*,#7757,.F.);
#7804 = ORIENTED_EDGE('',*,*,#7805,.T.);
#7805 = EDGE_CURVE('',#7758,#7789,#7806,.T.);
#7806 = LINE('',#7807,#7808);
#7807 = CARTESIAN_POINT('',(-1.299562199949,4.974913350351,
    -1.601439130397));
#7808 = VECTOR('',#7809,1.);
#7809 = DIRECTION('',(1.,-4.371139210811E-08,4.371138446537E-08));
#7810 = PLANE('',#7811);
#7811 = AXIS2_PLACEMENT_3D('',#7812,#7813,#7814);
#7812 = CARTESIAN_POINT('',(-1.299562199949,4.974913350351,
    -1.601439130397));
#7813 = DIRECTION('',(-4.371138828674E-08,-8.742277466279E-08,1.));
#7814 = DIRECTION('',(-1.,4.371139210811E-08,-4.371138446537E-08));
#7815 = ADVANCED_FACE('',(#7816),#7843,.T.);
#7816 = FACE_BOUND('',#7817,.T.);
#7817 = EDGE_LOOP('',(#7818,#7828,#7835,#7836));
#7818 = ORIENTED_EDGE('',*,*,#7819,.T.);
#7819 = EDGE_CURVE('',#7820,#7822,#7824,.T.);
#7820 = VERTEX_POINT('',#7821);
#7821 = CARTESIAN_POINT('',(-1.020124383302,4.97491334458,
    -1.675150025487));
#7822 = VERTEX_POINT('',#7823);
#7823 = CARTESIAN_POINT('',(-1.020124376746,5.12491334458,
    -1.675150012374));
#7824 = LINE('',#7825,#7826);
#7825 = CARTESIAN_POINT('',(-1.020124383302,4.97491334458,
    -1.675150025487));
#7826 = VECTOR('',#7827,1.);
#7827 = DIRECTION('',(4.371138828674E-08,1.,8.742277657348E-08));
#7828 = ORIENTED_EDGE('',*,*,#7829,.F.);
#7829 = EDGE_CURVE('',#7791,#7822,#7830,.T.);
#7830 = CIRCLE('',#7831,7.E-02);
#7831 = AXIS2_PLACEMENT_3D('',#7832,#7833,#7834);
#7832 = CARTESIAN_POINT('',(-1.020124379806,5.124913338461,
    -1.605150012374));
#7833 = DIRECTION('',(4.371138828674E-08,1.,8.742277657348E-08));
#7834 = DIRECTION('',(0.998593821974,-4.828446639765E-08,
    5.301300514863E-02));
#7835 = ORIENTED_EDGE('',*,*,#7788,.F.);
#7836 = ORIENTED_EDGE('',*,*,#7837,.T.);
#7837 = EDGE_CURVE('',#7789,#7820,#7838,.T.);
#7838 = CIRCLE('',#7839,7.E-02);
#7839 = AXIS2_PLACEMENT_3D('',#7840,#7841,#7842);
#7840 = CARTESIAN_POINT('',(-1.020124386362,4.974913338461,
    -1.605150025487));
#7841 = DIRECTION('',(4.371138828674E-08,1.,8.742277657348E-08));
#7842 = DIRECTION('',(0.998593821974,-4.828446639765E-08,
    5.301300514863E-02));
#7843 = CYLINDRICAL_SURFACE('',#7844,7.E-02);
#7844 = AXIS2_PLACEMENT_3D('',#7845,#7846,#7847);
#7845 = CARTESIAN_POINT('',(-1.020124386362,4.974913338461,
    -1.605150025487));
#7846 = DIRECTION('',(4.371138828674E-08,1.,8.742277657348E-08));
#7847 = DIRECTION('',(4.371138828674E-08,8.742277466279E-08,-1.));
#7848 = ADVANCED_FACE('',(#7849),#7874,.T.);
#7849 = FACE_BOUND('',#7850,.T.);
#7850 = EDGE_LOOP('',(#7851,#7861,#7867,#7868));
#7851 = ORIENTED_EDGE('',*,*,#7852,.T.);
#7852 = EDGE_CURVE('',#7853,#7855,#7857,.T.);
#7853 = VERTEX_POINT('',#7854);
#7854 = CARTESIAN_POINT('',(-1.049999196627,4.974913345886,
    -1.675150026793));
#7855 = VERTEX_POINT('',#7856);
#7856 = CARTESIAN_POINT('',(-1.049999190071,5.124913345886,
    -1.67515001368));
#7857 = LINE('',#7858,#7859);
#7858 = CARTESIAN_POINT('',(-1.049999196627,4.974913345886,
    -1.675150026793));
#7859 = VECTOR('',#7860,1.);
#7860 = DIRECTION('',(4.371138828674E-08,1.,8.742277657348E-08));
#7861 = ORIENTED_EDGE('',*,*,#7862,.F.);
#7862 = EDGE_CURVE('',#7822,#7855,#7863,.T.);
#7863 = LINE('',#7864,#7865);
#7864 = CARTESIAN_POINT('',(-1.020124376746,5.12491334458,
    -1.675150012374));
#7865 = VECTOR('',#7866,1.);
#7866 = DIRECTION('',(-1.,4.371139210811E-08,-4.371138446537E-08));
#7867 = ORIENTED_EDGE('',*,*,#7819,.F.);
#7868 = ORIENTED_EDGE('',*,*,#7869,.T.);
#7869 = EDGE_CURVE('',#7820,#7853,#7870,.T.);
#7870 = LINE('',#7871,#7872);
#7871 = CARTESIAN_POINT('',(-1.020124383302,4.97491334458,
    -1.675150025487));
#7872 = VECTOR('',#7873,1.);
#7873 = DIRECTION('',(-1.,4.371139210811E-08,-4.371138446537E-08));
#7874 = PLANE('',#7875);
#7875 = AXIS2_PLACEMENT_3D('',#7876,#7877,#7878);
#7876 = CARTESIAN_POINT('',(-1.020124383302,4.97491334458,
    -1.675150025487));
#7877 = DIRECTION('',(4.371138828674E-08,8.742277466279E-08,-1.));
#7878 = DIRECTION('',(-4.371138828674E-08,-1.,-8.742277657348E-08));
#7879 = ADVANCED_FACE('',(#7880),#7905,.T.);
#7880 = FACE_BOUND('',#7881,.T.);
#7881 = EDGE_LOOP('',(#7882,#7890,#7891,#7899));
#7882 = ORIENTED_EDGE('',*,*,#7883,.F.);
#7883 = EDGE_CURVE('',#7855,#7884,#7886,.T.);
#7884 = VERTEX_POINT('',#7885);
#7885 = CARTESIAN_POINT('',(-1.049999189796,5.124913346436,
    -1.681438465721));
#7886 = LINE('',#7887,#7888);
#7887 = CARTESIAN_POINT('',(-1.049999190071,5.124913345886,
    -1.67515001368));
#7888 = VECTOR('',#7889,1.);
#7889 = DIRECTION('',(4.371138828674E-08,8.742277466279E-08,-1.));
#7890 = ORIENTED_EDGE('',*,*,#7852,.F.);
#7891 = ORIENTED_EDGE('',*,*,#7892,.T.);
#7892 = EDGE_CURVE('',#7853,#7893,#7895,.T.);
#7893 = VERTEX_POINT('',#7894);
#7894 = CARTESIAN_POINT('',(-1.049999196353,4.974913346436,
    -1.681438478835));
#7895 = LINE('',#7896,#7897);
#7896 = CARTESIAN_POINT('',(-1.049999196627,4.974913345886,
    -1.675150026793));
#7897 = VECTOR('',#7898,1.);
#7898 = DIRECTION('',(4.371138828674E-08,8.742277466279E-08,-1.));
#7899 = ORIENTED_EDGE('',*,*,#7900,.T.);
#7900 = EDGE_CURVE('',#7893,#7884,#7901,.T.);
#7901 = LINE('',#7902,#7903);
#7902 = CARTESIAN_POINT('',(-1.049999196353,4.974913346436,
    -1.681438478835));
#7903 = VECTOR('',#7904,1.);
#7904 = DIRECTION('',(4.371138828674E-08,1.,8.742277657348E-08));
#7905 = PLANE('',#7906);
#7906 = AXIS2_PLACEMENT_3D('',#7907,#7908,#7909);
#7907 = CARTESIAN_POINT('',(-1.049999196627,4.974913345886,
    -1.675150026793));
#7908 = DIRECTION('',(1.,-4.371139210811E-08,4.371138446537E-08));
#7909 = DIRECTION('',(-4.371138828674E-08,-1.,-8.742277657348E-08));
#7910 = ADVANCED_FACE('',(#7911),#7932,.T.);
#7911 = FACE_BOUND('',#7912,.T.);
#7912 = EDGE_LOOP('',(#7913,#7914,#7915,#7916,#7917,#7918,#7926));
#7913 = ORIENTED_EDGE('',*,*,#7207,.T.);
#7914 = ORIENTED_EDGE('',*,*,#7239,.T.);
#7915 = ORIENTED_EDGE('',*,*,#7272,.T.);
#7916 = ORIENTED_EDGE('',*,*,#7303,.T.);
#7917 = ORIENTED_EDGE('',*,*,#7326,.T.);
#7918 = ORIENTED_EDGE('',*,*,#7919,.F.);
#7919 = EDGE_CURVE('',#7920,#7327,#7922,.T.);
#7920 = VERTEX_POINT('',#7921);
#7921 = CARTESIAN_POINT('',(1.250000819821,5.124913265133,
    -1.901438365185));
#7922 = LINE('',#7923,#7924);
#7923 = CARTESIAN_POINT('',(1.250000819821,5.124913265133,
    -1.901438365185));
#7924 = VECTOR('',#7925,1.);
#7925 = DIRECTION('',(-0.996193713686,5.116539085356E-08,
    -8.716699382592E-02));
#7926 = ORIENTED_EDGE('',*,*,#7927,.T.);
#7927 = EDGE_CURVE('',#7920,#7208,#7928,.T.);
#7928 = LINE('',#7929,#7930);
#7929 = CARTESIAN_POINT('',(1.250000819821,5.124913265133,
    -1.901438365185));
#7930 = VECTOR('',#7931,1.);
#7931 = DIRECTION('',(1.,-4.371139210811E-08,4.371138446537E-08));
#7932 = PLANE('',#7933);
#7933 = AXIS2_PLACEMENT_3D('',#7934,#7935,#7936);
#7934 = CARTESIAN_POINT('',(1.850000830749,5.124913260762,
    -2.151438338958));
#7935 = DIRECTION('',(4.371138828674E-08,1.,8.742277657348E-08));
#7936 = DIRECTION('',(1.,-4.371139210811E-08,4.371138446537E-08));
#7937 = ADVANCED_FACE('',(#7938),#7950,.T.);
#7938 = FACE_BOUND('',#7939,.T.);
#7939 = EDGE_LOOP('',(#7940,#7941,#7942,#7943,#7944));
#7940 = ORIENTED_EDGE('',*,*,#7367,.T.);
#7941 = ORIENTED_EDGE('',*,*,#7409,.T.);
#7942 = ORIENTED_EDGE('',*,*,#7440,.T.);
#7943 = ORIENTED_EDGE('',*,*,#7463,.T.);
#7944 = ORIENTED_EDGE('',*,*,#7945,.F.);
#7945 = EDGE_CURVE('',#7360,#7464,#7946,.T.);
#7946 = LINE('',#7947,#7948);
#7947 = CARTESIAN_POINT('',(1.319773096544,5.124913299238,
    -2.326438362135));
#7948 = VECTOR('',#7949,1.);
#7949 = DIRECTION('',(1.,-4.371139210811E-08,4.371138446537E-08));
#7950 = PLANE('',#7951);
#7951 = AXIS2_PLACEMENT_3D('',#7952,#7953,#7954);
#7952 = CARTESIAN_POINT('',(1.850000830749,5.124913260762,
    -2.151438338958));
#7953 = DIRECTION('',(4.371138828674E-08,1.,8.742277657348E-08));
#7954 = DIRECTION('',(1.,-4.371139210811E-08,4.371138446537E-08));
#7955 = ADVANCED_FACE('',(#7956),#7992,.T.);
#7956 = FACE_BOUND('',#7957,.T.);
#7957 = EDGE_LOOP('',(#7958,#7968,#7977,#7983,#7984,#7985,#7986));
#7958 = ORIENTED_EDGE('',*,*,#7959,.T.);
#7959 = EDGE_CURVE('',#7960,#7962,#7964,.T.);
#7960 = VERTEX_POINT('',#7961);
#7961 = CARTESIAN_POINT('',(-0.349999154171,5.124913387088,
    -2.496438435123));
#7962 = VERTEX_POINT('',#7963);
#7963 = CARTESIAN_POINT('',(-0.634305608537,5.124913399515,
    -2.496438447551));
#7964 = LINE('',#7965,#7966);
#7965 = CARTESIAN_POINT('',(-0.349999154171,5.124913387088,
    -2.496438435123));
#7966 = VECTOR('',#7967,1.);
#7967 = DIRECTION('',(-1.,4.371139210811E-08,-4.371138446537E-08));
#7968 = ORIENTED_EDGE('',*,*,#7969,.T.);
#7969 = EDGE_CURVE('',#7962,#7970,#7972,.T.);
#7970 = VERTEX_POINT('',#7971);
#7971 = CARTESIAN_POINT('',(-0.581869160072,5.124913385421,
    -2.361438445259));
#7972 = CIRCLE('',#7973,0.2);
#7973 = AXIS2_PLACEMENT_3D('',#7974,#7975,#7976);
#7974 = CARTESIAN_POINT('',(-0.781869160072,5.124913394163,
    -2.361438454001));
#7975 = DIRECTION('',(-4.371138828674E-08,-1.,-8.742277657348E-08));
#7976 = DIRECTION('',(0.737817757674,2.675933287709E-08,-0.674999967749)
  );
#7977 = ORIENTED_EDGE('',*,*,#7978,.F.);
#7978 = EDGE_CURVE('',#7513,#7970,#7979,.T.);
#7979 = LINE('',#7980,#7981);
#7980 = CARTESIAN_POINT('',(-0.581869161866,5.124913381833,
    -2.320395540936));
#7981 = VECTOR('',#7982,1.);
#7982 = DIRECTION('',(4.371138828674E-08,8.742277466279E-08,-1.));
#7983 = ORIENTED_EDGE('',*,*,#7512,.T.);
#7984 = ORIENTED_EDGE('',*,*,#7544,.T.);
#7985 = ORIENTED_EDGE('',*,*,#7567,.T.);
#7986 = ORIENTED_EDGE('',*,*,#7987,.T.);
#7987 = EDGE_CURVE('',#7568,#7960,#7988,.T.);
#7988 = LINE('',#7989,#7990);
#7989 = CARTESIAN_POINT('',(-0.349999163571,5.124913368288,
    -2.281399435123));
#7990 = VECTOR('',#7991,1.);
#7991 = DIRECTION('',(4.371138828674E-08,8.742277466279E-08,-1.));
#7992 = PLANE('',#7993);
#7993 = AXIS2_PLACEMENT_3D('',#7994,#7995,#7996);
#7994 = CARTESIAN_POINT('',(1.850000830749,5.124913260762,
    -2.151438338958));
#7995 = DIRECTION('',(4.371138828674E-08,1.,8.742277657348E-08));
#7996 = DIRECTION('',(1.,-4.371139210811E-08,4.371138446537E-08));
#7997 = ADVANCED_FACE('',(#7998),#8025,.T.);
#7998 = FACE_BOUND('',#7999,.T.);
#7999 = EDGE_LOOP('',(#8000,#8001,#8002,#8003,#8004,#8005,#8006,#8007,
    #8008,#8009,#8010,#8011,#8019));
#8000 = ORIENTED_EDGE('',*,*,#7616,.T.);
#8001 = ORIENTED_EDGE('',*,*,#7648,.T.);
#8002 = ORIENTED_EDGE('',*,*,#7681,.T.);
#8003 = ORIENTED_EDGE('',*,*,#7703,.T.);
#8004 = ORIENTED_EDGE('',*,*,#1310,.T.);
#8005 = ORIENTED_EDGE('',*,*,#7724,.T.);
#8006 = ORIENTED_EDGE('',*,*,#7767,.T.);
#8007 = ORIENTED_EDGE('',*,*,#7798,.T.);
#8008 = ORIENTED_EDGE('',*,*,#7829,.T.);
#8009 = ORIENTED_EDGE('',*,*,#7862,.T.);
#8010 = ORIENTED_EDGE('',*,*,#7883,.T.);
#8011 = ORIENTED_EDGE('',*,*,#8012,.T.);
#8012 = EDGE_CURVE('',#7884,#8013,#8015,.T.);
#8013 = VERTEX_POINT('',#8014);
#8014 = CARTESIAN_POINT('',(-1.249999189796,5.124913355178,
    -1.681438474464));
#8015 = LINE('',#8016,#8017);
#8016 = CARTESIAN_POINT('',(-1.049999189796,5.124913346436,
    -1.681438465721));
#8017 = VECTOR('',#8018,1.);
#8018 = DIRECTION('',(-1.,4.371139210811E-08,-4.371138446537E-08));
#8019 = ORIENTED_EDGE('',*,*,#8020,.T.);
#8020 = EDGE_CURVE('',#8013,#7617,#8021,.T.);
#8021 = LINE('',#8022,#8023);
#8022 = CARTESIAN_POINT('',(-1.249999189796,5.124913355178,
    -1.681438474464));
#8023 = VECTOR('',#8024,1.);
#8024 = DIRECTION('',(4.371138828674E-08,8.742277466279E-08,-1.));
#8025 = PLANE('',#8026);
#8026 = AXIS2_PLACEMENT_3D('',#8027,#8028,#8029);
#8027 = CARTESIAN_POINT('',(1.850000830749,5.124913260762,
    -2.151438338958));
#8028 = DIRECTION('',(4.371138828674E-08,1.,8.742277657348E-08));
#8029 = DIRECTION('',(1.,-4.371139210811E-08,4.371138446537E-08));
#8030 = ADVANCED_FACE('',(#8031),#8056,.T.);
#8031 = FACE_BOUND('',#8032,.T.);
#8032 = EDGE_LOOP('',(#8033,#8043,#8049,#8050));
#8033 = ORIENTED_EDGE('',*,*,#8034,.T.);
#8034 = EDGE_CURVE('',#8035,#8037,#8039,.T.);
#8035 = VERTEX_POINT('',#8036);
#8036 = CARTESIAN_POINT('',(-0.349999160728,4.974913387088,
    -2.496438448237));
#8037 = VERTEX_POINT('',#8038);
#8038 = CARTESIAN_POINT('',(-0.634305615094,4.974913399515,
    -2.496438460664));
#8039 = LINE('',#8040,#8041);
#8040 = CARTESIAN_POINT('',(-0.349999160728,4.974913387088,
    -2.496438448237));
#8041 = VECTOR('',#8042,1.);
#8042 = DIRECTION('',(-1.,4.371139210811E-08,-4.371138446537E-08));
#8043 = ORIENTED_EDGE('',*,*,#8044,.F.);
#8044 = EDGE_CURVE('',#7962,#8037,#8045,.T.);
#8045 = LINE('',#8046,#8047);
#8046 = CARTESIAN_POINT('',(-0.634305608537,5.124913399515,
    -2.496438447551));
#8047 = VECTOR('',#8048,1.);
#8048 = DIRECTION('',(-4.371138828674E-08,-1.,-8.742277657348E-08));
#8049 = ORIENTED_EDGE('',*,*,#7959,.F.);
#8050 = ORIENTED_EDGE('',*,*,#8051,.F.);
#8051 = EDGE_CURVE('',#8035,#7960,#8052,.T.);
#8052 = LINE('',#8053,#8054);
#8053 = CARTESIAN_POINT('',(-0.349999160728,4.974913387088,
    -2.496438448237));
#8054 = VECTOR('',#8055,1.);
#8055 = DIRECTION('',(4.371138828674E-08,1.,8.742277657348E-08));
#8056 = PLANE('',#8057);
#8057 = AXIS2_PLACEMENT_3D('',#8058,#8059,#8060);
#8058 = CARTESIAN_POINT('',(-0.349999160728,4.974913387088,
    -2.496438448237));
#8059 = DIRECTION('',(4.371138828674E-08,8.742277466279E-08,-1.));
#8060 = DIRECTION('',(-4.371138828674E-08,-1.,-8.742277657348E-08));
#8061 = ADVANCED_FACE('',(#8062),#8089,.F.);
#8062 = FACE_BOUND('',#8063,.T.);
#8063 = EDGE_LOOP('',(#8064,#8065,#8066,#8067,#8068,#8069,#8070,#8071,
    #8072,#8073,#8074,#8075,#8083));
#8064 = ORIENTED_EDGE('',*,*,#7892,.F.);
#8065 = ORIENTED_EDGE('',*,*,#7869,.F.);
#8066 = ORIENTED_EDGE('',*,*,#7837,.F.);
#8067 = ORIENTED_EDGE('',*,*,#7805,.F.);
#8068 = ORIENTED_EDGE('',*,*,#7774,.F.);
#8069 = ORIENTED_EDGE('',*,*,#7741,.F.);
#8070 = ORIENTED_EDGE('',*,*,#1327,.F.);
#8071 = ORIENTED_EDGE('',*,*,#7710,.F.);
#8072 = ORIENTED_EDGE('',*,*,#7688,.F.);
#8073 = ORIENTED_EDGE('',*,*,#7638,.F.);
#8074 = ORIENTED_EDGE('',*,*,#7598,.F.);
#8075 = ORIENTED_EDGE('',*,*,#8076,.F.);
#8076 = EDGE_CURVE('',#8077,#7599,#8079,.T.);
#8077 = VERTEX_POINT('',#8078);
#8078 = CARTESIAN_POINT('',(-1.249999196353,4.974913355178,
    -1.681438487577));
#8079 = LINE('',#8080,#8081);
#8080 = CARTESIAN_POINT('',(-1.249999196353,4.974913355178,
    -1.681438487577));
#8081 = VECTOR('',#8082,1.);
#8082 = DIRECTION('',(4.371138828674E-08,8.742277466279E-08,-1.));
#8083 = ORIENTED_EDGE('',*,*,#8084,.F.);
#8084 = EDGE_CURVE('',#7893,#8077,#8085,.T.);
#8085 = LINE('',#8086,#8087);
#8086 = CARTESIAN_POINT('',(-1.049999196353,4.974913346436,
    -1.681438478835));
#8087 = VECTOR('',#8088,1.);
#8088 = DIRECTION('',(-1.,4.371139210811E-08,-4.371138446537E-08));
#8089 = PLANE('',#8090);
#8090 = AXIS2_PLACEMENT_3D('',#8091,#8092,#8093);
#8091 = CARTESIAN_POINT('',(1.850000824192,4.974913260762,
    -2.151438352072));
#8092 = DIRECTION('',(4.371138828674E-08,1.,8.742277657348E-08));
#8093 = DIRECTION('',(1.,-4.371139210811E-08,4.371138446537E-08));
#8094 = ADVANCED_FACE('',(#8095),#8116,.F.);
#8095 = FACE_BOUND('',#8096,.T.);
#8096 = EDGE_LOOP('',(#8097,#8105,#8106,#8107,#8108,#8109,#8110));
#8097 = ORIENTED_EDGE('',*,*,#8098,.T.);
#8098 = EDGE_CURVE('',#8099,#7336,#8101,.T.);
#8099 = VERTEX_POINT('',#8100);
#8100 = CARTESIAN_POINT('',(1.250000813264,4.974913265133,
    -1.901438378299));
#8101 = LINE('',#8102,#8103);
#8102 = CARTESIAN_POINT('',(1.250000813264,4.974913265133,
    -1.901438378299));
#8103 = VECTOR('',#8104,1.);
#8104 = DIRECTION('',(-0.996193713686,5.116539085356E-08,
    -8.716699382592E-02));
#8105 = ORIENTED_EDGE('',*,*,#7335,.F.);
#8106 = ORIENTED_EDGE('',*,*,#7293,.F.);
#8107 = ORIENTED_EDGE('',*,*,#7279,.F.);
#8108 = ORIENTED_EDGE('',*,*,#7247,.F.);
#8109 = ORIENTED_EDGE('',*,*,#7189,.F.);
#8110 = ORIENTED_EDGE('',*,*,#8111,.F.);
#8111 = EDGE_CURVE('',#8099,#7190,#8112,.T.);
#8112 = LINE('',#8113,#8114);
#8113 = CARTESIAN_POINT('',(1.250000813264,4.974913265133,
    -1.901438378299));
#8114 = VECTOR('',#8115,1.);
#8115 = DIRECTION('',(1.,-4.371139210811E-08,4.371138446537E-08));
#8116 = PLANE('',#8117);
#8117 = AXIS2_PLACEMENT_3D('',#8118,#8119,#8120);
#8118 = CARTESIAN_POINT('',(1.850000824192,4.974913260762,
    -2.151438352072));
#8119 = DIRECTION('',(4.371138828674E-08,1.,8.742277657348E-08));
#8120 = DIRECTION('',(1.,-4.371139210811E-08,4.371138446537E-08));
#8121 = ADVANCED_FACE('',(#8122),#8134,.F.);
#8122 = FACE_BOUND('',#8123,.T.);
#8123 = EDGE_LOOP('',(#8124,#8125,#8126,#8127,#8128));
#8124 = ORIENTED_EDGE('',*,*,#7472,.F.);
#8125 = ORIENTED_EDGE('',*,*,#7448,.F.);
#8126 = ORIENTED_EDGE('',*,*,#7416,.F.);
#8127 = ORIENTED_EDGE('',*,*,#7384,.F.);
#8128 = ORIENTED_EDGE('',*,*,#8129,.T.);
#8129 = EDGE_CURVE('',#7358,#7473,#8130,.T.);
#8130 = LINE('',#8131,#8132);
#8131 = CARTESIAN_POINT('',(1.319773089987,4.974913299238,
    -2.326438375249));
#8132 = VECTOR('',#8133,1.);
#8133 = DIRECTION('',(1.,-4.371139210811E-08,4.371138446537E-08));
#8134 = PLANE('',#8135);
#8135 = AXIS2_PLACEMENT_3D('',#8136,#8137,#8138);
#8136 = CARTESIAN_POINT('',(1.850000824192,4.974913260762,
    -2.151438352072));
#8137 = DIRECTION('',(4.371138828674E-08,1.,8.742277657348E-08));
#8138 = DIRECTION('',(1.,-4.371139210811E-08,4.371138446537E-08));
#8139 = ADVANCED_FACE('',(#8140),#8167,.F.);
#8140 = FACE_BOUND('',#8141,.T.);
#8141 = EDGE_LOOP('',(#8142,#8143,#8144,#8145,#8153,#8160,#8161));
#8142 = ORIENTED_EDGE('',*,*,#7576,.F.);
#8143 = ORIENTED_EDGE('',*,*,#7552,.F.);
#8144 = ORIENTED_EDGE('',*,*,#7494,.F.);
#8145 = ORIENTED_EDGE('',*,*,#8146,.T.);
#8146 = EDGE_CURVE('',#7495,#8147,#8149,.T.);
#8147 = VERTEX_POINT('',#8148);
#8148 = CARTESIAN_POINT('',(-0.581869166629,4.974913385421,
    -2.361438458372));
#8149 = LINE('',#8150,#8151);
#8150 = CARTESIAN_POINT('',(-0.581869168423,4.974913381833,
    -2.32039555405));
#8151 = VECTOR('',#8152,1.);
#8152 = DIRECTION('',(4.371138828674E-08,8.742278548291E-08,-1.));
#8153 = ORIENTED_EDGE('',*,*,#8154,.F.);
#8154 = EDGE_CURVE('',#8037,#8147,#8155,.T.);
#8155 = CIRCLE('',#8156,0.2);
#8156 = AXIS2_PLACEMENT_3D('',#8157,#8158,#8159);
#8157 = CARTESIAN_POINT('',(-0.781869166629,4.974913394163,
    -2.361438467114));
#8158 = DIRECTION('',(-4.371138828674E-08,-1.,-8.742277657348E-08));
#8159 = DIRECTION('',(0.737817757674,2.675933287709E-08,-0.674999967749)
  );
#8160 = ORIENTED_EDGE('',*,*,#8034,.F.);
#8161 = ORIENTED_EDGE('',*,*,#8162,.F.);
#8162 = EDGE_CURVE('',#7577,#8035,#8163,.T.);
#8163 = LINE('',#8164,#8165);
#8164 = CARTESIAN_POINT('',(-0.349999170127,4.974913368288,
    -2.281399448237));
#8165 = VECTOR('',#8166,1.);
#8166 = DIRECTION('',(4.371138828674E-08,8.742277466279E-08,-1.));
#8167 = PLANE('',#8168);
#8168 = AXIS2_PLACEMENT_3D('',#8169,#8170,#8171);
#8169 = CARTESIAN_POINT('',(1.850000824192,4.974913260762,
    -2.151438352072));
#8170 = DIRECTION('',(4.371138828674E-08,1.,8.742277657348E-08));
#8171 = DIRECTION('',(1.,-4.371139210811E-08,4.371138446537E-08));
#8172 = ADVANCED_FACE('',(#8173),#8207,.T.);
#8173 = FACE_BOUND('',#8174,.T.);
#8174 = EDGE_LOOP('',(#8175,#8185,#8193,#8201));
#8175 = ORIENTED_EDGE('',*,*,#8176,.T.);
#8176 = EDGE_CURVE('',#8177,#8179,#8181,.T.);
#8177 = VERTEX_POINT('',#8178);
#8178 = CARTESIAN_POINT('',(-0.581869190279,4.474913381833,
    -2.320395597761));
#8179 = VERTEX_POINT('',#8180);
#8180 = CARTESIAN_POINT('',(-0.438577460468,4.474913372624,
    -2.286707654783));
#8181 = LINE('',#8182,#8183);
#8182 = CARTESIAN_POINT('',(-0.581869190279,4.474913381833,
    -2.320395597761));
#8183 = VECTOR('',#8184,1.);
#8184 = DIRECTION('',(0.973459195183,-6.255888598874E-08,0.228860646058)
  );
#8185 = ORIENTED_EDGE('',*,*,#8186,.T.);
#8186 = EDGE_CURVE('',#8179,#8187,#8189,.T.);
#8187 = VERTEX_POINT('',#8188);
#8188 = CARTESIAN_POINT('',(-0.438577453911,4.624913372624,
    -2.286707641669));
#8189 = LINE('',#8190,#8191);
#8190 = CARTESIAN_POINT('',(-0.438577460468,4.474913372624,
    -2.286707654783));
#8191 = VECTOR('',#8192,1.);
#8192 = DIRECTION('',(4.371138828674E-08,1.,8.742277657348E-08));
#8193 = ORIENTED_EDGE('',*,*,#8194,.F.);
#8194 = EDGE_CURVE('',#8195,#8187,#8197,.T.);
#8195 = VERTEX_POINT('',#8196);
#8196 = CARTESIAN_POINT('',(-0.581869183722,4.624913381833,
    -2.320395584648));
#8197 = LINE('',#8198,#8199);
#8198 = CARTESIAN_POINT('',(-0.581869183722,4.624913381833,
    -2.320395584648));
#8199 = VECTOR('',#8200,1.);
#8200 = DIRECTION('',(0.973459195183,-6.255888598874E-08,0.228860646058)
  );
#8201 = ORIENTED_EDGE('',*,*,#8202,.F.);
#8202 = EDGE_CURVE('',#8177,#8195,#8203,.T.);
#8203 = LINE('',#8204,#8205);
#8204 = CARTESIAN_POINT('',(-0.581869190279,4.474913381833,
    -2.320395597761));
#8205 = VECTOR('',#8206,1.);
#8206 = DIRECTION('',(4.371138828674E-08,1.,8.742277657348E-08));
#8207 = PLANE('',#8208);
#8208 = AXIS2_PLACEMENT_3D('',#8209,#8210,#8211);
#8209 = CARTESIAN_POINT('',(-0.581869190279,4.474913381833,
    -2.320395597761));
#8210 = DIRECTION('',(-0.228860646058,-7.509868916045E-08,0.973459195183
    ));
#8211 = DIRECTION('',(-0.973459195183,6.255888598874E-08,-0.228860646058
    ));
#8212 = ADVANCED_FACE('',(#8213),#8240,.T.);
#8213 = FACE_BOUND('',#8214,.T.);
#8214 = EDGE_LOOP('',(#8215,#8225,#8232,#8233));
#8215 = ORIENTED_EDGE('',*,*,#8216,.T.);
#8216 = EDGE_CURVE('',#8217,#8219,#8221,.T.);
#8217 = VERTEX_POINT('',#8218);
#8218 = CARTESIAN_POINT('',(-0.392805339999,4.474913370159,
    -2.281399493819));
#8219 = VERTEX_POINT('',#8220);
#8220 = CARTESIAN_POINT('',(-0.392805333442,4.624913370159,
    -2.281399480706));
#8221 = LINE('',#8222,#8223);
#8222 = CARTESIAN_POINT('',(-0.392805339999,4.474913370159,
    -2.281399493819));
#8223 = VECTOR('',#8224,1.);
#8224 = DIRECTION('',(4.371138828674E-08,1.,8.742277657348E-08));
#8225 = ORIENTED_EDGE('',*,*,#8226,.F.);
#8226 = EDGE_CURVE('',#8187,#8219,#8227,.T.);
#8227 = CIRCLE('',#8228,0.2);
#8228 = AXIS2_PLACEMENT_3D('',#8229,#8230,#8231);
#8229 = CARTESIAN_POINT('',(-0.3928053247,4.624913387644,-2.481399480706
    ));
#8230 = DIRECTION('',(4.371138828674E-08,1.,8.742277657348E-08));
#8231 = DIRECTION('',(-0.228860646058,-7.509868916045E-08,0.973459195183
    ));
#8232 = ORIENTED_EDGE('',*,*,#8186,.F.);
#8233 = ORIENTED_EDGE('',*,*,#8234,.T.);
#8234 = EDGE_CURVE('',#8179,#8217,#8235,.T.);
#8235 = CIRCLE('',#8236,0.2);
#8236 = AXIS2_PLACEMENT_3D('',#8237,#8238,#8239);
#8237 = CARTESIAN_POINT('',(-0.392805331257,4.474913387644,
    -2.481399493819));
#8238 = DIRECTION('',(4.371138828674E-08,1.,8.742277657348E-08));
#8239 = DIRECTION('',(-0.228860646058,-7.509868916045E-08,0.973459195183
    ));
#8240 = CYLINDRICAL_SURFACE('',#8241,0.2);
#8241 = AXIS2_PLACEMENT_3D('',#8242,#8243,#8244);
#8242 = CARTESIAN_POINT('',(-0.392805331257,4.474913387644,
    -2.481399493819));
#8243 = DIRECTION('',(4.371138828674E-08,1.,8.742277657348E-08));
#8244 = DIRECTION('',(4.371138828674E-08,8.742277466279E-08,-1.));
#8245 = ADVANCED_FACE('',(#8246),#8271,.T.);
#8246 = FACE_BOUND('',#8247,.T.);
#8247 = EDGE_LOOP('',(#8248,#8256,#8257,#8265));
#8248 = ORIENTED_EDGE('',*,*,#8249,.F.);
#8249 = EDGE_CURVE('',#8219,#8250,#8252,.T.);
#8250 = VERTEX_POINT('',#8251);
#8251 = CARTESIAN_POINT('',(-0.349999185426,4.624913368288,
    -2.281399478835));
#8252 = LINE('',#8253,#8254);
#8253 = CARTESIAN_POINT('',(-0.392805333442,4.624913370159,
    -2.281399480706));
#8254 = VECTOR('',#8255,1.);
#8255 = DIRECTION('',(1.,-4.371139210811E-08,4.371138446537E-08));
#8256 = ORIENTED_EDGE('',*,*,#8216,.F.);
#8257 = ORIENTED_EDGE('',*,*,#8258,.T.);
#8258 = EDGE_CURVE('',#8217,#8259,#8261,.T.);
#8259 = VERTEX_POINT('',#8260);
#8260 = CARTESIAN_POINT('',(-0.349999191983,4.474913368288,
    -2.281399491948));
#8261 = LINE('',#8262,#8263);
#8262 = CARTESIAN_POINT('',(-0.392805339999,4.474913370159,
    -2.281399493819));
#8263 = VECTOR('',#8264,1.);
#8264 = DIRECTION('',(1.,-4.371139210811E-08,4.371138446537E-08));
#8265 = ORIENTED_EDGE('',*,*,#8266,.T.);
#8266 = EDGE_CURVE('',#8259,#8250,#8267,.T.);
#8267 = LINE('',#8268,#8269);
#8268 = CARTESIAN_POINT('',(-0.349999191983,4.474913368288,
    -2.281399491948));
#8269 = VECTOR('',#8270,1.);
#8270 = DIRECTION('',(4.371138828674E-08,1.,8.742277657348E-08));
#8271 = PLANE('',#8272);
#8272 = AXIS2_PLACEMENT_3D('',#8273,#8274,#8275);
#8273 = CARTESIAN_POINT('',(-0.392805339999,4.474913370159,
    -2.281399493819));
#8274 = DIRECTION('',(-4.371138828674E-08,-8.742277466279E-08,1.));
#8275 = DIRECTION('',(-1.,4.371139210811E-08,-4.371138446537E-08));
#8276 = ADVANCED_FACE('',(#8277),#8311,.T.);
#8277 = FACE_BOUND('',#8278,.T.);
#8278 = EDGE_LOOP('',(#8279,#8289,#8297,#8305));
#8279 = ORIENTED_EDGE('',*,*,#8280,.T.);
#8280 = EDGE_CURVE('',#8281,#8283,#8285,.T.);
#8281 = VERTEX_POINT('',#8282);
#8282 = CARTESIAN_POINT('',(1.537247299045,4.474913252577,
    -1.901438409454));
#8283 = VERTEX_POINT('',#8284);
#8284 = CARTESIAN_POINT('',(1.367268123583,4.474913267416,
    -1.986185302591));
#8285 = LINE('',#8286,#8287);
#8286 = CARTESIAN_POINT('',(1.537247299045,4.474913252577,
    -1.901438409454));
#8287 = VECTOR('',#8288,1.);
#8288 = DIRECTION('',(-0.894937720165,7.812623299572E-08,-0.446191076811
    ));
#8289 = ORIENTED_EDGE('',*,*,#8290,.T.);
#8290 = EDGE_CURVE('',#8283,#8291,#8293,.T.);
#8291 = VERTEX_POINT('',#8292);
#8292 = CARTESIAN_POINT('',(1.36726813014,4.624913267416,-1.986185289477
    ));
#8293 = LINE('',#8294,#8295);
#8294 = CARTESIAN_POINT('',(1.367268123583,4.474913267416,
    -1.986185302591));
#8295 = VECTOR('',#8296,1.);
#8296 = DIRECTION('',(4.371138828674E-08,1.,8.742277657348E-08));
#8297 = ORIENTED_EDGE('',*,*,#8298,.F.);
#8298 = EDGE_CURVE('',#8299,#8291,#8301,.T.);
#8299 = VERTEX_POINT('',#8300);
#8300 = CARTESIAN_POINT('',(1.537247305602,4.624913252577,
    -1.901438396341));
#8301 = LINE('',#8302,#8303);
#8302 = CARTESIAN_POINT('',(1.537247305602,4.624913252577,
    -1.901438396341));
#8303 = VECTOR('',#8304,1.);
#8304 = DIRECTION('',(-0.894937720165,7.812623299572E-08,-0.446191076811
    ));
#8305 = ORIENTED_EDGE('',*,*,#8306,.F.);
#8306 = EDGE_CURVE('',#8281,#8299,#8307,.T.);
#8307 = LINE('',#8308,#8309);
#8308 = CARTESIAN_POINT('',(1.537247299045,4.474913252577,
    -1.901438409454));
#8309 = VECTOR('',#8310,1.);
#8310 = DIRECTION('',(4.371138828674E-08,1.,8.742277657348E-08));
#8311 = PLANE('',#8312);
#8312 = AXIS2_PLACEMENT_3D('',#8313,#8314,#8315);
#8313 = CARTESIAN_POINT('',(1.537247299045,4.474913252577,
    -1.901438409454));
#8314 = DIRECTION('',(0.446191076811,5.873430894859E-08,-0.894937720165)
  );
#8315 = DIRECTION('',(-4.371138828674E-08,-1.,-8.742277657348E-08));
#8316 = ADVANCED_FACE('',(#8317),#8344,.T.);
#8317 = FACE_BOUND('',#8318,.T.);
#8318 = EDGE_LOOP('',(#8319,#8329,#8336,#8337));
#8319 = ORIENTED_EDGE('',*,*,#8320,.T.);
#8320 = EDGE_CURVE('',#8321,#8323,#8325,.T.);
#8321 = VERTEX_POINT('',#8322);
#8322 = CARTESIAN_POINT('',(1.344958571928,4.47491326885,-1.991438416582
    ));
#8323 = VERTEX_POINT('',#8324);
#8324 = CARTESIAN_POINT('',(1.344958578485,4.62491326885,-1.991438403469
    ));
#8325 = LINE('',#8326,#8327);
#8326 = CARTESIAN_POINT('',(1.344958571928,4.47491326885,-1.991438416582
    ));
#8327 = VECTOR('',#8328,1.);
#8328 = DIRECTION('',(4.371138828674E-08,1.,8.742277657348E-08));
#8329 = ORIENTED_EDGE('',*,*,#8330,.F.);
#8330 = EDGE_CURVE('',#8291,#8323,#8331,.T.);
#8331 = CIRCLE('',#8332,5.E-02);
#8332 = AXIS2_PLACEMENT_3D('',#8333,#8334,#8335);
#8333 = CARTESIAN_POINT('',(1.344958576299,4.624913264479,
    -1.941438403469));
#8334 = DIRECTION('',(4.371138828674E-08,1.,8.742277657348E-08));
#8335 = DIRECTION('',(0.446191076811,5.87343089486E-08,-0.894937720165)
  );
#8336 = ORIENTED_EDGE('',*,*,#8290,.F.);
#8337 = ORIENTED_EDGE('',*,*,#8338,.T.);
#8338 = EDGE_CURVE('',#8283,#8321,#8339,.T.);
#8339 = CIRCLE('',#8340,5.E-02);
#8340 = AXIS2_PLACEMENT_3D('',#8341,#8342,#8343);
#8341 = CARTESIAN_POINT('',(1.344958569743,4.474913264479,
    -1.941438416582));
#8342 = DIRECTION('',(4.371138828674E-08,1.,8.742277657348E-08));
#8343 = DIRECTION('',(0.446191076811,5.87343089486E-08,-0.894937720165)
  );
#8344 = CYLINDRICAL_SURFACE('',#8345,5.E-02);
#8345 = AXIS2_PLACEMENT_3D('',#8346,#8347,#8348);
#8346 = CARTESIAN_POINT('',(1.344958569743,4.474913264479,
    -1.941438416582));
#8347 = DIRECTION('',(4.371138828674E-08,1.,8.742277657348E-08));
#8348 = DIRECTION('',(4.371138828674E-08,8.742277466279E-08,-1.));
#8349 = ADVANCED_FACE('',(#8350),#8375,.T.);
#8350 = FACE_BOUND('',#8351,.T.);
#8351 = EDGE_LOOP('',(#8352,#8362,#8368,#8369));
#8352 = ORIENTED_EDGE('',*,*,#8353,.T.);
#8353 = EDGE_CURVE('',#8354,#8356,#8358,.T.);
#8354 = VERTEX_POINT('',#8355);
#8355 = CARTESIAN_POINT('',(1.329737318662,4.474913269516,
    -1.991438417248));
#8356 = VERTEX_POINT('',#8357);
#8357 = CARTESIAN_POINT('',(1.329737325218,4.624913269516,
    -1.991438404134));
#8358 = LINE('',#8359,#8360);
#8359 = CARTESIAN_POINT('',(1.329737318662,4.474913269516,
    -1.991438417248));
#8360 = VECTOR('',#8361,1.);
#8361 = DIRECTION('',(4.371138828674E-08,1.,8.742277657348E-08));
#8362 = ORIENTED_EDGE('',*,*,#8363,.F.);
#8363 = EDGE_CURVE('',#8323,#8356,#8364,.T.);
#8364 = LINE('',#8365,#8366);
#8365 = CARTESIAN_POINT('',(1.344958578485,4.62491326885,-1.991438403469
    ));
#8366 = VECTOR('',#8367,1.);
#8367 = DIRECTION('',(-1.,4.371139210811E-08,-4.371138446537E-08));
#8368 = ORIENTED_EDGE('',*,*,#8320,.F.);
#8369 = ORIENTED_EDGE('',*,*,#8370,.T.);
#8370 = EDGE_CURVE('',#8321,#8354,#8371,.T.);
#8371 = LINE('',#8372,#8373);
#8372 = CARTESIAN_POINT('',(1.344958571928,4.47491326885,-1.991438416582
    ));
#8373 = VECTOR('',#8374,1.);
#8374 = DIRECTION('',(-1.,4.371139210811E-08,-4.371138446537E-08));
#8375 = PLANE('',#8376);
#8376 = AXIS2_PLACEMENT_3D('',#8377,#8378,#8379);
#8377 = CARTESIAN_POINT('',(1.344958571928,4.47491326885,-1.991438416582
    ));
#8378 = DIRECTION('',(4.371138828674E-08,8.742277466279E-08,-1.));
#8379 = DIRECTION('',(-4.371138828674E-08,-1.,-8.742277657348E-08));
#8380 = ADVANCED_FACE('',(#8381),#8408,.F.);
#8381 = FACE_BOUND('',#8382,.F.);
#8382 = EDGE_LOOP('',(#8383,#8392,#8393,#8402));
#8383 = ORIENTED_EDGE('',*,*,#8384,.F.);
#8384 = EDGE_CURVE('',#8354,#8385,#8387,.T.);
#8385 = VERTEX_POINT('',#8386);
#8386 = CARTESIAN_POINT('',(1.26441172601,4.474913266689,-1.92643923556)
  );
#8387 = CIRCLE('',#8388,6.5E-02);
#8388 = AXIS2_PLACEMENT_3D('',#8389,#8390,#8391);
#8389 = CARTESIAN_POINT('',(1.264737318662,4.474913272357,
    -1.991438420089));
#8390 = DIRECTION('',(-4.371138828674E-08,-1.,-8.742277657348E-08));
#8391 = DIRECTION('',(1.,-4.371139210811E-08,4.371138446537E-08));
#8392 = ORIENTED_EDGE('',*,*,#8353,.T.);
#8393 = ORIENTED_EDGE('',*,*,#8394,.T.);
#8394 = EDGE_CURVE('',#8356,#8395,#8397,.T.);
#8395 = VERTEX_POINT('',#8396);
#8396 = CARTESIAN_POINT('',(1.264411732567,4.624913266689,
    -1.926439222447));
#8397 = CIRCLE('',#8398,6.5E-02);
#8398 = AXIS2_PLACEMENT_3D('',#8399,#8400,#8401);
#8399 = CARTESIAN_POINT('',(1.264737325218,4.624913272357,
    -1.991438406976));
#8400 = DIRECTION('',(-4.371138828674E-08,-1.,-8.742277657348E-08));
#8401 = DIRECTION('',(1.,-4.371139210811E-08,4.371138446537E-08));
#8402 = ORIENTED_EDGE('',*,*,#8403,.F.);
#8403 = EDGE_CURVE('',#8385,#8395,#8404,.T.);
#8404 = LINE('',#8405,#8406);
#8405 = CARTESIAN_POINT('',(1.26441172601,4.474913266689,-1.92643923556)
  );
#8406 = VECTOR('',#8407,1.);
#8407 = DIRECTION('',(4.371138828674E-08,1.,8.742277657348E-08));
#8408 = CYLINDRICAL_SURFACE('',#8409,6.5E-02);
#8409 = AXIS2_PLACEMENT_3D('',#8410,#8411,#8412);
#8410 = CARTESIAN_POINT('',(1.264737318662,4.474913272357,
    -1.991438420089));
#8411 = DIRECTION('',(4.371138828674E-08,1.,8.742277657348E-08));
#8412 = DIRECTION('',(4.371138828674E-08,8.742277466279E-08,-1.));
#8413 = ADVANCED_FACE('',(#8414),#8439,.T.);
#8414 = FACE_BOUND('',#8415,.T.);
#8415 = EDGE_LOOP('',(#8416,#8424,#8425,#8433));
#8416 = ORIENTED_EDGE('',*,*,#8417,.F.);
#8417 = EDGE_CURVE('',#8395,#8418,#8420,.T.);
#8418 = VERTEX_POINT('',#8419);
#8419 = CARTESIAN_POINT('',(0.9460519791,4.624913280744,-1.928033943935)
  );
#8420 = LINE('',#8421,#8422);
#8421 = CARTESIAN_POINT('',(1.264411732567,4.624913266689,
    -1.926439222447));
#8422 = VECTOR('',#8423,1.);
#8423 = DIRECTION('',(-0.999987454291,4.414875087538E-08,
    -5.009117716878E-03));
#8424 = ORIENTED_EDGE('',*,*,#8403,.F.);
#8425 = ORIENTED_EDGE('',*,*,#8426,.T.);
#8426 = EDGE_CURVE('',#8385,#8427,#8429,.T.);
#8427 = VERTEX_POINT('',#8428);
#8428 = CARTESIAN_POINT('',(0.946051972543,4.474913280744,
    -1.928033957048));
#8429 = LINE('',#8430,#8431);
#8430 = CARTESIAN_POINT('',(1.26441172601,4.474913266689,-1.92643923556)
  );
#8431 = VECTOR('',#8432,1.);
#8432 = DIRECTION('',(-0.999987454291,4.414875087538E-08,
    -5.009117716878E-03));
#8433 = ORIENTED_EDGE('',*,*,#8434,.T.);
#8434 = EDGE_CURVE('',#8427,#8418,#8435,.T.);
#8435 = LINE('',#8436,#8437);
#8436 = CARTESIAN_POINT('',(0.946051972543,4.474913280744,
    -1.928033957048));
#8437 = VECTOR('',#8438,1.);
#8438 = DIRECTION('',(4.371138828674E-08,1.,8.742277657348E-08));
#8439 = PLANE('',#8440);
#8440 = AXIS2_PLACEMENT_3D('',#8441,#8442,#8443);
#8441 = CARTESIAN_POINT('',(1.26441172601,4.474913266689,-1.92643923556)
  );
#8442 = DIRECTION('',(5.009117716882E-03,8.720272430328E-08,
    -0.999987454291));
#8443 = DIRECTION('',(-4.371138828674E-08,-1.,-8.742277657348E-08));
#8444 = ADVANCED_FACE('',(#8445),#8481,.F.);
#8445 = FACE_BOUND('',#8446,.F.);
#8446 = EDGE_LOOP('',(#8447,#8457,#8466,#8474));
#8447 = ORIENTED_EDGE('',*,*,#8448,.T.);
#8448 = EDGE_CURVE('',#8449,#8451,#8453,.T.);
#8449 = VERTEX_POINT('',#8450);
#8450 = CARTESIAN_POINT('',(1.319773068131,4.474913299238,-2.32643841896
    ));
#8451 = VERTEX_POINT('',#8452);
#8452 = CARTESIAN_POINT('',(1.319773074688,4.624913299238,
    -2.326438405847));
#8453 = LINE('',#8454,#8455);
#8454 = CARTESIAN_POINT('',(1.319773068131,4.474913299238,-2.32643841896
    ));
#8455 = VECTOR('',#8456,1.);
#8456 = DIRECTION('',(4.371138828674E-08,1.,8.742277657348E-08));
#8457 = ORIENTED_EDGE('',*,*,#8458,.T.);
#8458 = EDGE_CURVE('',#8451,#8459,#8461,.T.);
#8459 = VERTEX_POINT('',#8460);
#8460 = CARTESIAN_POINT('',(1.329735856187,4.62491329574,-2.291415241675
    ));
#8461 = CIRCLE('',#8462,6.5E-02);
#8462 = AXIS2_PLACEMENT_3D('',#8463,#8464,#8465);
#8463 = CARTESIAN_POINT('',(1.26473733835,4.62491329862,-2.291854193759)
  );
#8464 = DIRECTION('',(-4.371138828674E-08,-1.,-8.742277657348E-08));
#8465 = DIRECTION('',(0.846703635974,9.503990854538E-09,-0.532064801343)
  );
#8466 = ORIENTED_EDGE('',*,*,#8467,.F.);
#8467 = EDGE_CURVE('',#8468,#8459,#8470,.T.);
#8468 = VERTEX_POINT('',#8469);
#8469 = CARTESIAN_POINT('',(1.329735849631,4.47491329574,-2.291415254788
    ));
#8470 = LINE('',#8471,#8472);
#8471 = CARTESIAN_POINT('',(1.329735849631,4.47491329574,-2.291415254788
    ));
#8472 = VECTOR('',#8473,1.);
#8473 = DIRECTION('',(4.371138828674E-08,1.,8.742277657348E-08));
#8474 = ORIENTED_EDGE('',*,*,#8475,.F.);
#8475 = EDGE_CURVE('',#8449,#8468,#8476,.T.);
#8476 = CIRCLE('',#8477,6.5E-02);
#8477 = AXIS2_PLACEMENT_3D('',#8478,#8479,#8480);
#8478 = CARTESIAN_POINT('',(1.264737331793,4.47491329862,-2.291854206873
    ));
#8479 = DIRECTION('',(-4.371138828674E-08,-1.,-8.742277657348E-08));
#8480 = DIRECTION('',(0.846703635974,9.503990854538E-09,-0.532064801343)
  );
#8481 = CYLINDRICAL_SURFACE('',#8482,6.5E-02);
#8482 = AXIS2_PLACEMENT_3D('',#8483,#8484,#8485);
#8483 = CARTESIAN_POINT('',(1.264737331793,4.47491329862,-2.291854206873
    ));
#8484 = DIRECTION('',(4.371138828674E-08,1.,8.742277657348E-08));
#8485 = DIRECTION('',(4.371138828674E-08,8.742277466279E-08,-1.));
#8486 = ADVANCED_FACE('',(#8487),#8512,.T.);
#8487 = FACE_BOUND('',#8488,.T.);
#8488 = EDGE_LOOP('',(#8489,#8499,#8505,#8506));
#8489 = ORIENTED_EDGE('',*,*,#8490,.T.);
#8490 = EDGE_CURVE('',#8491,#8493,#8495,.T.);
#8491 = VERTEX_POINT('',#8492);
#8492 = CARTESIAN_POINT('',(1.344943667132,4.474913295192,
    -2.292745747318));
#8493 = VERTEX_POINT('',#8494);
#8494 = CARTESIAN_POINT('',(1.344943673688,4.624913295192,
    -2.292745734204));
#8495 = LINE('',#8496,#8497);
#8496 = CARTESIAN_POINT('',(1.344943667132,4.474913295192,
    -2.292745747318));
#8497 = VECTOR('',#8498,1.);
#8498 = DIRECTION('',(4.371138828674E-08,1.,8.742277657348E-08));
#8499 = ORIENTED_EDGE('',*,*,#8500,.F.);
#8500 = EDGE_CURVE('',#8459,#8493,#8501,.T.);
#8501 = LINE('',#8502,#8503);
#8502 = CARTESIAN_POINT('',(1.329735856187,4.62491329574,-2.291415241675
    ));
#8503 = VECTOR('',#8504,1.);
#8504 = DIRECTION('',(0.996194806716,-3.592576952385E-08,
    -8.715450115399E-02));
#8505 = ORIENTED_EDGE('',*,*,#8467,.F.);
#8506 = ORIENTED_EDGE('',*,*,#8507,.T.);
#8507 = EDGE_CURVE('',#8468,#8491,#8508,.T.);
#8508 = LINE('',#8509,#8510);
#8509 = CARTESIAN_POINT('',(1.329735849631,4.47491329574,-2.291415254788
    ));
#8510 = VECTOR('',#8511,1.);
#8511 = DIRECTION('',(0.996194806716,-3.592576952385E-08,
    -8.715450115399E-02));
#8512 = PLANE('',#8513);
#8513 = AXIS2_PLACEMENT_3D('',#8514,#8515,#8516);
#8514 = CARTESIAN_POINT('',(1.329735849631,4.47491329574,-2.291415254788
    ));
#8515 = DIRECTION('',(8.715450115399E-02,-9.08997602521E-08,
    0.996194806716));
#8516 = DIRECTION('',(4.371138828674E-08,1.,8.742277657348E-08));
#8517 = ADVANCED_FACE('',(#8518),#8545,.T.);
#8518 = FACE_BOUND('',#8519,.T.);
#8519 = EDGE_LOOP('',(#8520,#8530,#8537,#8538));
#8520 = ORIENTED_EDGE('',*,*,#8521,.T.);
#8521 = EDGE_CURVE('',#8522,#8524,#8526,.T.);
#8522 = VERTEX_POINT('',#8523);
#8523 = CARTESIAN_POINT('',(1.37056213627,4.474913294928,-2.302537644364
    ));
#8524 = VERTEX_POINT('',#8525);
#8525 = CARTESIAN_POINT('',(1.370562142827,4.624913294928,
    -2.302537631251));
#8526 = LINE('',#8527,#8528);
#8527 = CARTESIAN_POINT('',(1.37056213627,4.474913294928,-2.302537644364
    ));
#8528 = VECTOR('',#8529,1.);
#8529 = DIRECTION('',(4.371138828674E-08,1.,8.742277657348E-08));
#8530 = ORIENTED_EDGE('',*,*,#8531,.F.);
#8531 = EDGE_CURVE('',#8493,#8524,#8532,.T.);
#8532 = CIRCLE('',#8533,5.E-02);
#8533 = AXIS2_PLACEMENT_3D('',#8534,#8535,#8536);
#8534 = CARTESIAN_POINT('',(1.340585948631,4.624913299737,-2.34255547454
    ));
#8535 = DIRECTION('',(4.371138828674E-08,1.,8.742277657348E-08));
#8536 = DIRECTION('',(8.715450115402E-02,-9.08997602521E-08,
    0.996194806716));
#8537 = ORIENTED_EDGE('',*,*,#8490,.F.);
#8538 = ORIENTED_EDGE('',*,*,#8539,.T.);
#8539 = EDGE_CURVE('',#8491,#8522,#8540,.T.);
#8540 = CIRCLE('',#8541,5.E-02);
#8541 = AXIS2_PLACEMENT_3D('',#8542,#8543,#8544);
#8542 = CARTESIAN_POINT('',(1.340585942074,4.474913299737,
    -2.342555487653));
#8543 = DIRECTION('',(4.371138828674E-08,1.,8.742277657348E-08));
#8544 = DIRECTION('',(8.715450115402E-02,-9.08997602521E-08,
    0.996194806716));
#8545 = CYLINDRICAL_SURFACE('',#8546,5.E-02);
#8546 = AXIS2_PLACEMENT_3D('',#8547,#8548,#8549);
#8547 = CARTESIAN_POINT('',(1.340585942074,4.474913299737,
    -2.342555487653));
#8548 = DIRECTION('',(4.371138828674E-08,1.,8.742277657348E-08));
#8549 = DIRECTION('',(4.371138828674E-08,8.742277466279E-08,-1.));
#8550 = ADVANCED_FACE('',(#8551),#8576,.T.);
#8551 = FACE_BOUND('',#8552,.T.);
#8552 = EDGE_LOOP('',(#8553,#8561,#8562,#8570));
#8553 = ORIENTED_EDGE('',*,*,#8554,.F.);
#8554 = EDGE_CURVE('',#8524,#8555,#8557,.T.);
#8555 = VERTEX_POINT('',#8556);
#8556 = CARTESIAN_POINT('',(1.402469372322,4.624913295623,
    -2.326438402232));
#8557 = LINE('',#8558,#8559);
#8558 = CARTESIAN_POINT('',(1.370562142827,4.624913294928,
    -2.302537631251));
#8559 = VECTOR('',#8560,1.);
#8560 = DIRECTION('',(0.800356865779,1.742733282715E-08,-0.599523883929)
  );
#8561 = ORIENTED_EDGE('',*,*,#8521,.F.);
#8562 = ORIENTED_EDGE('',*,*,#8563,.T.);
#8563 = EDGE_CURVE('',#8522,#8564,#8566,.T.);
#8564 = VERTEX_POINT('',#8565);
#8565 = CARTESIAN_POINT('',(1.402469365765,4.474913295623,
    -2.326438415345));
#8566 = LINE('',#8567,#8568);
#8567 = CARTESIAN_POINT('',(1.37056213627,4.474913294928,-2.302537644364
    ));
#8568 = VECTOR('',#8569,1.);
#8569 = DIRECTION('',(0.800356865779,1.742733282715E-08,-0.599523883929)
  );
#8570 = ORIENTED_EDGE('',*,*,#8571,.T.);
#8571 = EDGE_CURVE('',#8564,#8555,#8572,.T.);
#8572 = LINE('',#8573,#8574);
#8573 = CARTESIAN_POINT('',(1.402469365765,4.474913295623,
    -2.326438415345));
#8574 = VECTOR('',#8575,1.);
#8575 = DIRECTION('',(4.371138828674E-08,1.,8.742277657348E-08));
#8576 = PLANE('',#8577);
#8577 = AXIS2_PLACEMENT_3D('',#8578,#8579,#8580);
#8578 = CARTESIAN_POINT('',(1.37056213627,4.474913294928,-2.302537644364
    ));
#8579 = DIRECTION('',(0.599523883929,-9.61754407336E-08,0.800356865779)
  );
#8580 = DIRECTION('',(4.371138828674E-08,1.,8.742277657348E-08));
#8581 = ADVANCED_FACE('',(#8582),#8616,.T.);
#8582 = FACE_BOUND('',#8583,.T.);
#8583 = EDGE_LOOP('',(#8584,#8594,#8602,#8610));
#8584 = ORIENTED_EDGE('',*,*,#8585,.T.);
#8585 = EDGE_CURVE('',#8586,#8588,#8590,.T.);
#8586 = VERTEX_POINT('',#8587);
#8587 = CARTESIAN_POINT('',(-1.249999204658,4.474913382279,
    -1.991434073297));
#8588 = VERTEX_POINT('',#8589);
#8589 = CARTESIAN_POINT('',(-1.260771952221,4.474913382301,
    -1.986300886603));
#8590 = LINE('',#8591,#8592);
#8591 = CARTESIAN_POINT('',(-1.249999204658,4.474913382279,
    -1.991434073297));
#8592 = VECTOR('',#8593,1.);
#8593 = DIRECTION('',(-0.902752921919,1.854849038977E-09,0.430159461092)
  );
#8594 = ORIENTED_EDGE('',*,*,#8595,.T.);
#8595 = EDGE_CURVE('',#8588,#8596,#8598,.T.);
#8596 = VERTEX_POINT('',#8597);
#8597 = CARTESIAN_POINT('',(-1.260771945665,4.624913382301,
    -1.98630087349));
#8598 = LINE('',#8599,#8600);
#8599 = CARTESIAN_POINT('',(-1.260771952221,4.474913382301,
    -1.986300886603));
#8600 = VECTOR('',#8601,1.);
#8601 = DIRECTION('',(4.371138828674E-08,1.,8.742277657348E-08));
#8602 = ORIENTED_EDGE('',*,*,#8603,.F.);
#8603 = EDGE_CURVE('',#8604,#8596,#8606,.T.);
#8604 = VERTEX_POINT('',#8605);
#8605 = CARTESIAN_POINT('',(-1.249999198101,4.624913382279,
    -1.991434060184));
#8606 = LINE('',#8607,#8608);
#8607 = CARTESIAN_POINT('',(-1.249999198101,4.624913382279,
    -1.991434060184));
#8608 = VECTOR('',#8609,1.);
#8609 = DIRECTION('',(-0.902752921919,1.854849038977E-09,0.430159461092)
  );
#8610 = ORIENTED_EDGE('',*,*,#8611,.F.);
#8611 = EDGE_CURVE('',#8586,#8604,#8612,.T.);
#8612 = LINE('',#8613,#8614);
#8613 = CARTESIAN_POINT('',(-1.249999204658,4.474913382279,
    -1.991434073297));
#8614 = VECTOR('',#8615,1.);
#8615 = DIRECTION('',(4.371138828674E-08,1.,8.742277657348E-08));
#8616 = PLANE('',#8617);
#8617 = AXIS2_PLACEMENT_3D('',#8618,#8619,#8620);
#8618 = CARTESIAN_POINT('',(-1.249999204658,4.474913382279,
    -1.991434073297));
#8619 = DIRECTION('',(-0.430159461092,9.772403422297E-08,-0.902752921919
    ));
#8620 = DIRECTION('',(4.371138828674E-08,1.,8.742277657348E-08));
#8621 = ADVANCED_FACE('',(#8622),#8649,.F.);
#8622 = FACE_BOUND('',#8623,.F.);
#8623 = EDGE_LOOP('',(#8624,#8633,#8634,#8643));
#8624 = ORIENTED_EDGE('',*,*,#8625,.F.);
#8625 = EDGE_CURVE('',#8588,#8626,#8628,.T.);
#8626 = VERTEX_POINT('',#8627);
#8627 = CARTESIAN_POINT('',(-1.282279927461,4.474913382816,
    -1.981438532699));
#8628 = CIRCLE('',#8629,5.E-02);
#8629 = AXIS2_PLACEMENT_3D('',#8630,#8631,#8632);
#8630 = CARTESIAN_POINT('',(-1.282279925275,4.474913387187,
    -2.031438532699));
#8631 = DIRECTION('',(-4.371138828674E-08,-1.,-8.742277657348E-08));
#8632 = DIRECTION('',(0.430159461092,-9.772403422297E-08,0.902752921919)
  );
#8633 = ORIENTED_EDGE('',*,*,#8595,.T.);
#8634 = ORIENTED_EDGE('',*,*,#8635,.T.);
#8635 = EDGE_CURVE('',#8596,#8636,#8638,.T.);
#8636 = VERTEX_POINT('',#8637);
#8637 = CARTESIAN_POINT('',(-1.282279920904,4.624913382816,
    -1.981438519586));
#8638 = CIRCLE('',#8639,5.E-02);
#8639 = AXIS2_PLACEMENT_3D('',#8640,#8641,#8642);
#8640 = CARTESIAN_POINT('',(-1.282279918719,4.624913387187,
    -2.031438519586));
#8641 = DIRECTION('',(-4.371138828674E-08,-1.,-8.742277657348E-08));
#8642 = DIRECTION('',(0.430159461092,-9.772403422297E-08,0.902752921919)
  );
#8643 = ORIENTED_EDGE('',*,*,#8644,.F.);
#8644 = EDGE_CURVE('',#8626,#8636,#8645,.T.);
#8645 = LINE('',#8646,#8647);
#8646 = CARTESIAN_POINT('',(-1.282279927461,4.474913382816,
    -1.981438532699));
#8647 = VECTOR('',#8648,1.);
#8648 = DIRECTION('',(4.371138828674E-08,1.,8.742277657348E-08));
#8649 = CYLINDRICAL_SURFACE('',#8650,5.E-02);
#8650 = AXIS2_PLACEMENT_3D('',#8651,#8652,#8653);
#8651 = CARTESIAN_POINT('',(-1.282279925275,4.474913387187,
    -2.031438532699));
#8652 = DIRECTION('',(4.371138828674E-08,1.,8.742277657348E-08));
#8653 = DIRECTION('',(4.371138828674E-08,8.742277466279E-08,-1.));
#8654 = ADVANCED_FACE('',(#8655),#8680,.T.);
#8655 = FACE_BOUND('',#8656,.T.);
#8656 = EDGE_LOOP('',(#8657,#8667,#8673,#8674));
#8657 = ORIENTED_EDGE('',*,*,#8658,.T.);
#8658 = EDGE_CURVE('',#8659,#8661,#8663,.T.);
#8659 = VERTEX_POINT('',#8660);
#8660 = CARTESIAN_POINT('',(-1.349999205095,4.474913385776,
    -1.981438535659));
#8661 = VERTEX_POINT('',#8662);
#8662 = CARTESIAN_POINT('',(-1.349999198538,4.624913385776,
    -1.981438522546));
#8663 = LINE('',#8664,#8665);
#8664 = CARTESIAN_POINT('',(-1.349999205095,4.474913385776,
    -1.981438535659));
#8665 = VECTOR('',#8666,1.);
#8666 = DIRECTION('',(4.371138828674E-08,1.,8.742277657348E-08));
#8667 = ORIENTED_EDGE('',*,*,#8668,.F.);
#8668 = EDGE_CURVE('',#8636,#8661,#8669,.T.);
#8669 = LINE('',#8670,#8671);
#8670 = CARTESIAN_POINT('',(-1.282279920904,4.624913382816,
    -1.981438519586));
#8671 = VECTOR('',#8672,1.);
#8672 = DIRECTION('',(-1.,4.371139210811E-08,-4.371138446537E-08));
#8673 = ORIENTED_EDGE('',*,*,#8644,.F.);
#8674 = ORIENTED_EDGE('',*,*,#8675,.T.);
#8675 = EDGE_CURVE('',#8626,#8659,#8676,.T.);
#8676 = LINE('',#8677,#8678);
#8677 = CARTESIAN_POINT('',(-1.282279927461,4.474913382816,
    -1.981438532699));
#8678 = VECTOR('',#8679,1.);
#8679 = DIRECTION('',(-1.,4.371139210811E-08,-4.371138446537E-08));
#8680 = PLANE('',#8681);
#8681 = AXIS2_PLACEMENT_3D('',#8682,#8683,#8684);
#8682 = CARTESIAN_POINT('',(-1.282279927461,4.474913382816,
    -1.981438532699));
#8683 = DIRECTION('',(4.371138828674E-08,8.742277466279E-08,-1.));
#8684 = DIRECTION('',(-4.371138828674E-08,-1.,-8.742277657348E-08));
#8685 = ADVANCED_FACE('',(#8686),#8702,.T.);
#8686 = FACE_BOUND('',#8687,.T.);
#8687 = EDGE_LOOP('',(#8688,#8689,#8695,#8696));
#8688 = ORIENTED_EDGE('',*,*,#1258,.T.);
#8689 = ORIENTED_EDGE('',*,*,#8690,.F.);
#8690 = EDGE_CURVE('',#8661,#1261,#8691,.T.);
#8691 = LINE('',#8692,#8693);
#8692 = CARTESIAN_POINT('',(-1.349999198538,4.624913385776,
    -1.981438522546));
#8693 = VECTOR('',#8694,1.);
#8694 = DIRECTION('',(-4.371138828674E-08,-8.742277466279E-08,1.));
#8695 = ORIENTED_EDGE('',*,*,#8658,.F.);
#8696 = ORIENTED_EDGE('',*,*,#8697,.T.);
#8697 = EDGE_CURVE('',#8659,#1259,#8698,.T.);
#8698 = LINE('',#8699,#8700);
#8699 = CARTESIAN_POINT('',(-1.349999205095,4.474913385776,
    -1.981438535659));
#8700 = VECTOR('',#8701,1.);
#8701 = DIRECTION('',(-4.371138828674E-08,-8.742277466279E-08,1.));
#8702 = PLANE('',#8703);
#8703 = AXIS2_PLACEMENT_3D('',#8704,#8705,#8706);
#8704 = CARTESIAN_POINT('',(-1.349999205095,4.474913385776,
    -1.981438535659));
#8705 = DIRECTION('',(-1.,4.371139210811E-08,-4.371138446537E-08));
#8706 = DIRECTION('',(-4.371138828674E-08,-8.742277466279E-08,1.));
#8707 = ADVANCED_FACE('',(#8708),#8735,.F.);
#8708 = FACE_BOUND('',#8709,.F.);
#8709 = EDGE_LOOP('',(#8710,#8719,#8727,#8734));
#8710 = ORIENTED_EDGE('',*,*,#8711,.T.);
#8711 = EDGE_CURVE('',#1269,#8712,#8714,.T.);
#8712 = VERTEX_POINT('',#8713);
#8713 = CARTESIAN_POINT('',(-1.299562213958,4.624913352933,
    -1.630968520341));
#8714 = CIRCLE('',#8715,5.E-02);
#8715 = AXIS2_PLACEMENT_3D('',#8716,#8717,#8718);
#8716 = CARTESIAN_POINT('',(-1.349562213958,4.624913355118,
    -1.630968522526));
#8717 = DIRECTION('',(-4.371138828674E-08,-1.,-8.742277657348E-08));
#8718 = DIRECTION('',(-8.73995429087E-03,8.780147307221E-08,
    -0.99996180587));
#8719 = ORIENTED_EDGE('',*,*,#8720,.F.);
#8720 = EDGE_CURVE('',#8721,#8712,#8723,.T.);
#8721 = VERTEX_POINT('',#8722);
#8722 = CARTESIAN_POINT('',(-1.299562220514,4.474913352933,
    -1.630968533454));
#8723 = LINE('',#8724,#8725);
#8724 = CARTESIAN_POINT('',(-1.299562220514,4.474913352933,
    -1.630968533454));
#8725 = VECTOR('',#8726,1.);
#8726 = DIRECTION('',(4.371138828674E-08,1.,8.742277657348E-08));
#8727 = ORIENTED_EDGE('',*,*,#8728,.F.);
#8728 = EDGE_CURVE('',#1278,#8721,#8729,.T.);
#8729 = CIRCLE('',#8730,5.E-02);
#8730 = AXIS2_PLACEMENT_3D('',#8731,#8732,#8733);
#8731 = CARTESIAN_POINT('',(-1.349562220514,4.474913355118,
    -1.63096853564));
#8732 = DIRECTION('',(-4.371138828674E-08,-1.,-8.742277657348E-08));
#8733 = DIRECTION('',(-8.73995429087E-03,8.780147307221E-08,
    -0.99996180587));
#8734 = ORIENTED_EDGE('',*,*,#1277,.T.);
#8735 = CYLINDRICAL_SURFACE('',#8736,5.E-02);
#8736 = AXIS2_PLACEMENT_3D('',#8737,#8738,#8739);
#8737 = CARTESIAN_POINT('',(-1.349562220514,4.474913355118,
    -1.63096853564));
#8738 = DIRECTION('',(4.371138828674E-08,1.,8.742277657348E-08));
#8739 = DIRECTION('',(4.371138828674E-08,8.742277466279E-08,-1.));
#8740 = ADVANCED_FACE('',(#8741),#8766,.T.);
#8741 = FACE_BOUND('',#8742,.T.);
#8742 = EDGE_LOOP('',(#8743,#8753,#8759,#8760));
#8743 = ORIENTED_EDGE('',*,*,#8744,.T.);
#8744 = EDGE_CURVE('',#8745,#8747,#8749,.T.);
#8745 = VERTEX_POINT('',#8746);
#8746 = CARTESIAN_POINT('',(-1.299562221805,4.474913350351,
    -1.601439174108));
#8747 = VERTEX_POINT('',#8748);
#8748 = CARTESIAN_POINT('',(-1.299562215248,4.624913350351,
    -1.601439160995));
#8749 = LINE('',#8750,#8751);
#8750 = CARTESIAN_POINT('',(-1.299562221805,4.474913350351,
    -1.601439174108));
#8751 = VECTOR('',#8752,1.);
#8752 = DIRECTION('',(4.371138828674E-08,1.,8.742277657348E-08));
#8753 = ORIENTED_EDGE('',*,*,#8754,.F.);
#8754 = EDGE_CURVE('',#8712,#8747,#8755,.T.);
#8755 = LINE('',#8756,#8757);
#8756 = CARTESIAN_POINT('',(-1.299562213958,4.624913352933,
    -1.630968520341));
#8757 = VECTOR('',#8758,1.);
#8758 = DIRECTION('',(-4.371138828674E-08,-8.742277466279E-08,1.));
#8759 = ORIENTED_EDGE('',*,*,#8720,.F.);
#8760 = ORIENTED_EDGE('',*,*,#8761,.T.);
#8761 = EDGE_CURVE('',#8721,#8745,#8762,.T.);
#8762 = LINE('',#8763,#8764);
#8763 = CARTESIAN_POINT('',(-1.299562220514,4.474913352933,
    -1.630968533454));
#8764 = VECTOR('',#8765,1.);
#8765 = DIRECTION('',(-4.371138828674E-08,-8.742277466279E-08,1.));
#8766 = PLANE('',#8767);
#8767 = AXIS2_PLACEMENT_3D('',#8768,#8769,#8770);
#8768 = CARTESIAN_POINT('',(-1.299562220514,4.474913352933,
    -1.630968533454));
#8769 = DIRECTION('',(-1.,4.371139210811E-08,-4.371138446537E-08));
#8770 = DIRECTION('',(-4.371138828674E-08,-8.742277466279E-08,1.));
#8771 = ADVANCED_FACE('',(#8772),#8797,.T.);
#8772 = FACE_BOUND('',#8773,.T.);
#8773 = EDGE_LOOP('',(#8774,#8784,#8790,#8791));
#8774 = ORIENTED_EDGE('',*,*,#8775,.T.);
#8775 = EDGE_CURVE('',#8776,#8778,#8780,.T.);
#8776 = VERTEX_POINT('',#8777);
#8777 = CARTESIAN_POINT('',(-0.950222840679,4.474913335081,
    -1.601439158838));
#8778 = VERTEX_POINT('',#8779);
#8779 = CARTESIAN_POINT('',(-0.950222834122,4.624913335081,
    -1.601439145725));
#8780 = LINE('',#8781,#8782);
#8781 = CARTESIAN_POINT('',(-0.950222840679,4.474913335081,
    -1.601439158838));
#8782 = VECTOR('',#8783,1.);
#8783 = DIRECTION('',(4.371138828674E-08,1.,8.742277657348E-08));
#8784 = ORIENTED_EDGE('',*,*,#8785,.F.);
#8785 = EDGE_CURVE('',#8747,#8778,#8786,.T.);
#8786 = LINE('',#8787,#8788);
#8787 = CARTESIAN_POINT('',(-1.299562215248,4.624913350351,
    -1.601439160995));
#8788 = VECTOR('',#8789,1.);
#8789 = DIRECTION('',(1.,-4.371139210811E-08,4.371138446537E-08));
#8790 = ORIENTED_EDGE('',*,*,#8744,.F.);
#8791 = ORIENTED_EDGE('',*,*,#8792,.T.);
#8792 = EDGE_CURVE('',#8745,#8776,#8793,.T.);
#8793 = LINE('',#8794,#8795);
#8794 = CARTESIAN_POINT('',(-1.299562221805,4.474913350351,
    -1.601439174108));
#8795 = VECTOR('',#8796,1.);
#8796 = DIRECTION('',(1.,-4.371139210811E-08,4.371138446537E-08));
#8797 = PLANE('',#8798);
#8798 = AXIS2_PLACEMENT_3D('',#8799,#8800,#8801);
#8799 = CARTESIAN_POINT('',(-1.299562221805,4.474913350351,
    -1.601439174108));
#8800 = DIRECTION('',(-4.371138828674E-08,-8.742277466279E-08,1.));
#8801 = DIRECTION('',(-1.,4.371139210811E-08,-4.371138446537E-08));
#8802 = ADVANCED_FACE('',(#8803),#8830,.T.);
#8803 = FACE_BOUND('',#8804,.T.);
#8804 = EDGE_LOOP('',(#8805,#8815,#8822,#8823));
#8805 = ORIENTED_EDGE('',*,*,#8806,.T.);
#8806 = EDGE_CURVE('',#8807,#8809,#8811,.T.);
#8807 = VERTEX_POINT('',#8808);
#8808 = CARTESIAN_POINT('',(-1.020124405158,4.47491334458,
    -1.675150069198));
#8809 = VERTEX_POINT('',#8810);
#8810 = CARTESIAN_POINT('',(-1.020124398601,4.62491334458,
    -1.675150056085));
#8811 = LINE('',#8812,#8813);
#8812 = CARTESIAN_POINT('',(-1.020124405158,4.47491334458,
    -1.675150069198));
#8813 = VECTOR('',#8814,1.);
#8814 = DIRECTION('',(4.371138828674E-08,1.,8.742277657348E-08));
#8815 = ORIENTED_EDGE('',*,*,#8816,.F.);
#8816 = EDGE_CURVE('',#8778,#8809,#8817,.T.);
#8817 = CIRCLE('',#8818,7.E-02);
#8818 = AXIS2_PLACEMENT_3D('',#8819,#8820,#8821);
#8819 = CARTESIAN_POINT('',(-1.020124401661,4.624913338461,
    -1.605150056085));
#8820 = DIRECTION('',(4.371138828674E-08,1.,8.742277657348E-08));
#8821 = DIRECTION('',(0.998593821974,-4.828446639765E-08,
    5.301300514863E-02));
#8822 = ORIENTED_EDGE('',*,*,#8775,.F.);
#8823 = ORIENTED_EDGE('',*,*,#8824,.T.);
#8824 = EDGE_CURVE('',#8776,#8807,#8825,.T.);
#8825 = CIRCLE('',#8826,7.E-02);
#8826 = AXIS2_PLACEMENT_3D('',#8827,#8828,#8829);
#8827 = CARTESIAN_POINT('',(-1.020124408218,4.474913338461,
    -1.605150069198));
#8828 = DIRECTION('',(4.371138828674E-08,1.,8.742277657348E-08));
#8829 = DIRECTION('',(0.998593821974,-4.828446639765E-08,
    5.301300514863E-02));
#8830 = CYLINDRICAL_SURFACE('',#8831,7.E-02);
#8831 = AXIS2_PLACEMENT_3D('',#8832,#8833,#8834);
#8832 = CARTESIAN_POINT('',(-1.020124408218,4.474913338461,
    -1.605150069198));
#8833 = DIRECTION('',(4.371138828674E-08,1.,8.742277657348E-08));
#8834 = DIRECTION('',(4.371138828674E-08,8.742277466279E-08,-1.));
#8835 = ADVANCED_FACE('',(#8836),#8861,.T.);
#8836 = FACE_BOUND('',#8837,.T.);
#8837 = EDGE_LOOP('',(#8838,#8848,#8854,#8855));
#8838 = ORIENTED_EDGE('',*,*,#8839,.T.);
#8839 = EDGE_CURVE('',#8840,#8842,#8844,.T.);
#8840 = VERTEX_POINT('',#8841);
#8841 = CARTESIAN_POINT('',(-1.049999218483,4.474913345886,
    -1.675150070504));
#8842 = VERTEX_POINT('',#8843);
#8843 = CARTESIAN_POINT('',(-1.049999211926,4.624913345886,
    -1.675150057391));
#8844 = LINE('',#8845,#8846);
#8845 = CARTESIAN_POINT('',(-1.049999218483,4.474913345886,
    -1.675150070504));
#8846 = VECTOR('',#8847,1.);
#8847 = DIRECTION('',(4.371138828674E-08,1.,8.742277657348E-08));
#8848 = ORIENTED_EDGE('',*,*,#8849,.F.);
#8849 = EDGE_CURVE('',#8809,#8842,#8850,.T.);
#8850 = LINE('',#8851,#8852);
#8851 = CARTESIAN_POINT('',(-1.020124398601,4.62491334458,
    -1.675150056085));
#8852 = VECTOR('',#8853,1.);
#8853 = DIRECTION('',(-1.,4.371139210811E-08,-4.371138446537E-08));
#8854 = ORIENTED_EDGE('',*,*,#8806,.F.);
#8855 = ORIENTED_EDGE('',*,*,#8856,.T.);
#8856 = EDGE_CURVE('',#8807,#8840,#8857,.T.);
#8857 = LINE('',#8858,#8859);
#8858 = CARTESIAN_POINT('',(-1.020124405158,4.47491334458,
    -1.675150069198));
#8859 = VECTOR('',#8860,1.);
#8860 = DIRECTION('',(-1.,4.371139210811E-08,-4.371138446537E-08));
#8861 = PLANE('',#8862);
#8862 = AXIS2_PLACEMENT_3D('',#8863,#8864,#8865);
#8863 = CARTESIAN_POINT('',(-1.020124405158,4.47491334458,
    -1.675150069198));
#8864 = DIRECTION('',(4.371138828674E-08,8.742277466279E-08,-1.));
#8865 = DIRECTION('',(-4.371138828674E-08,-1.,-8.742277657348E-08));
#8866 = ADVANCED_FACE('',(#8867),#8892,.T.);
#8867 = FACE_BOUND('',#8868,.T.);
#8868 = EDGE_LOOP('',(#8869,#8877,#8878,#8886));
#8869 = ORIENTED_EDGE('',*,*,#8870,.F.);
#8870 = EDGE_CURVE('',#8842,#8871,#8873,.T.);
#8871 = VERTEX_POINT('',#8872);
#8872 = CARTESIAN_POINT('',(-1.049999211652,4.624913346436,
    -1.681438509433));
#8873 = LINE('',#8874,#8875);
#8874 = CARTESIAN_POINT('',(-1.049999211926,4.624913345886,
    -1.675150057391));
#8875 = VECTOR('',#8876,1.);
#8876 = DIRECTION('',(4.371138828674E-08,8.742277466279E-08,-1.));
#8877 = ORIENTED_EDGE('',*,*,#8839,.F.);
#8878 = ORIENTED_EDGE('',*,*,#8879,.T.);
#8879 = EDGE_CURVE('',#8840,#8880,#8882,.T.);
#8880 = VERTEX_POINT('',#8881);
#8881 = CARTESIAN_POINT('',(-1.049999218208,4.474913346436,
    -1.681438522546));
#8882 = LINE('',#8883,#8884);
#8883 = CARTESIAN_POINT('',(-1.049999218483,4.474913345886,
    -1.675150070504));
#8884 = VECTOR('',#8885,1.);
#8885 = DIRECTION('',(4.371138828674E-08,8.742277466279E-08,-1.));
#8886 = ORIENTED_EDGE('',*,*,#8887,.T.);
#8887 = EDGE_CURVE('',#8880,#8871,#8888,.T.);
#8888 = LINE('',#8889,#8890);
#8889 = CARTESIAN_POINT('',(-1.049999218208,4.474913346436,
    -1.681438522546));
#8890 = VECTOR('',#8891,1.);
#8891 = DIRECTION('',(4.371138828674E-08,1.,8.742277657348E-08));
#8892 = PLANE('',#8893);
#8893 = AXIS2_PLACEMENT_3D('',#8894,#8895,#8896);
#8894 = CARTESIAN_POINT('',(-1.049999218483,4.474913345886,
    -1.675150070504));
#8895 = DIRECTION('',(1.,-4.371139210811E-08,4.371138446537E-08));
#8896 = DIRECTION('',(-4.371138828674E-08,-1.,-8.742277657348E-08));
#8897 = ADVANCED_FACE('',(#8898),#8934,.T.);
#8898 = FACE_BOUND('',#8899,.T.);
#8899 = EDGE_LOOP('',(#8900,#8910,#8919,#8925,#8926,#8927,#8928));
#8900 = ORIENTED_EDGE('',*,*,#8901,.T.);
#8901 = EDGE_CURVE('',#8902,#8904,#8906,.T.);
#8902 = VERTEX_POINT('',#8903);
#8903 = CARTESIAN_POINT('',(-0.349999176027,4.624913387088,
    -2.496438478835));
#8904 = VERTEX_POINT('',#8905);
#8905 = CARTESIAN_POINT('',(-0.634305630393,4.624913399515,
    -2.496438491262));
#8906 = LINE('',#8907,#8908);
#8907 = CARTESIAN_POINT('',(-0.349999176027,4.624913387088,
    -2.496438478835));
#8908 = VECTOR('',#8909,1.);
#8909 = DIRECTION('',(-1.,4.371139210811E-08,-4.371138446537E-08));
#8910 = ORIENTED_EDGE('',*,*,#8911,.T.);
#8911 = EDGE_CURVE('',#8904,#8912,#8914,.T.);
#8912 = VERTEX_POINT('',#8913);
#8913 = CARTESIAN_POINT('',(-0.581869181928,4.624913385421,
    -2.36143848897));
#8914 = CIRCLE('',#8915,0.2);
#8915 = AXIS2_PLACEMENT_3D('',#8916,#8917,#8918);
#8916 = CARTESIAN_POINT('',(-0.781869181928,4.624913394163,
    -2.361438497712));
#8917 = DIRECTION('',(-4.371138828674E-08,-1.,-8.742277657348E-08));
#8918 = DIRECTION('',(0.737817757674,2.675933287709E-08,-0.674999967749)
  );
#8919 = ORIENTED_EDGE('',*,*,#8920,.F.);
#8920 = EDGE_CURVE('',#8195,#8912,#8921,.T.);
#8921 = LINE('',#8922,#8923);
#8922 = CARTESIAN_POINT('',(-0.581869183722,4.624913381833,
    -2.320395584648));
#8923 = VECTOR('',#8924,1.);
#8924 = DIRECTION('',(4.371138828674E-08,8.742277466279E-08,-1.));
#8925 = ORIENTED_EDGE('',*,*,#8194,.T.);
#8926 = ORIENTED_EDGE('',*,*,#8226,.T.);
#8927 = ORIENTED_EDGE('',*,*,#8249,.T.);
#8928 = ORIENTED_EDGE('',*,*,#8929,.T.);
#8929 = EDGE_CURVE('',#8250,#8902,#8930,.T.);
#8930 = LINE('',#8931,#8932);
#8931 = CARTESIAN_POINT('',(-0.349999185426,4.624913368288,
    -2.281399478835));
#8932 = VECTOR('',#8933,1.);
#8933 = DIRECTION('',(4.371138828674E-08,8.742277466279E-08,-1.));
#8934 = PLANE('',#8935);
#8935 = AXIS2_PLACEMENT_3D('',#8936,#8937,#8938);
#8936 = CARTESIAN_POINT('',(1.850000808893,4.624913260762,-2.15143838267
    ));
#8937 = DIRECTION('',(4.371138828674E-08,1.,8.742277657348E-08));
#8938 = DIRECTION('',(1.,-4.371139210811E-08,4.371138446537E-08));
#8939 = ADVANCED_FACE('',(#8940),#8961,.T.);
#8940 = FACE_BOUND('',#8941,.T.);
#8941 = EDGE_LOOP('',(#8942,#8943,#8944,#8945,#8946,#8947,#8955));
#8942 = ORIENTED_EDGE('',*,*,#8298,.T.);
#8943 = ORIENTED_EDGE('',*,*,#8330,.T.);
#8944 = ORIENTED_EDGE('',*,*,#8363,.T.);
#8945 = ORIENTED_EDGE('',*,*,#8394,.T.);
#8946 = ORIENTED_EDGE('',*,*,#8417,.T.);
#8947 = ORIENTED_EDGE('',*,*,#8948,.F.);
#8948 = EDGE_CURVE('',#8949,#8418,#8951,.T.);
#8949 = VERTEX_POINT('',#8950);
#8950 = CARTESIAN_POINT('',(1.250000797965,4.624913265133,
    -1.901438408897));
#8951 = LINE('',#8952,#8953);
#8952 = CARTESIAN_POINT('',(1.250000797965,4.624913265133,
    -1.901438408897));
#8953 = VECTOR('',#8954,1.);
#8954 = DIRECTION('',(-0.996193713686,5.116539085356E-08,
    -8.716699382592E-02));
#8955 = ORIENTED_EDGE('',*,*,#8956,.T.);
#8956 = EDGE_CURVE('',#8949,#8299,#8957,.T.);
#8957 = LINE('',#8958,#8959);
#8958 = CARTESIAN_POINT('',(1.250000797965,4.624913265133,
    -1.901438408897));
#8959 = VECTOR('',#8960,1.);
#8960 = DIRECTION('',(1.,-4.371139210811E-08,4.371138446537E-08));
#8961 = PLANE('',#8962);
#8962 = AXIS2_PLACEMENT_3D('',#8963,#8964,#8965);
#8963 = CARTESIAN_POINT('',(1.850000808893,4.624913260762,-2.15143838267
    ));
#8964 = DIRECTION('',(4.371138828674E-08,1.,8.742277657348E-08));
#8965 = DIRECTION('',(1.,-4.371139210811E-08,4.371138446537E-08));
#8966 = ADVANCED_FACE('',(#8967),#8979,.T.);
#8967 = FACE_BOUND('',#8968,.T.);
#8968 = EDGE_LOOP('',(#8969,#8970,#8971,#8972,#8973));
#8969 = ORIENTED_EDGE('',*,*,#8458,.T.);
#8970 = ORIENTED_EDGE('',*,*,#8500,.T.);
#8971 = ORIENTED_EDGE('',*,*,#8531,.T.);
#8972 = ORIENTED_EDGE('',*,*,#8554,.T.);
#8973 = ORIENTED_EDGE('',*,*,#8974,.F.);
#8974 = EDGE_CURVE('',#8451,#8555,#8975,.T.);
#8975 = LINE('',#8976,#8977);
#8976 = CARTESIAN_POINT('',(1.319773074688,4.624913299238,
    -2.326438405847));
#8977 = VECTOR('',#8978,1.);
#8978 = DIRECTION('',(1.,-4.371139210811E-08,4.371138446537E-08));
#8979 = PLANE('',#8980);
#8980 = AXIS2_PLACEMENT_3D('',#8981,#8982,#8983);
#8981 = CARTESIAN_POINT('',(1.850000808893,4.624913260762,-2.15143838267
    ));
#8982 = DIRECTION('',(4.371138828674E-08,1.,8.742277657348E-08));
#8983 = DIRECTION('',(1.,-4.371139210811E-08,4.371138446537E-08));
#8984 = ADVANCED_FACE('',(#8985),#9012,.T.);
#8985 = FACE_BOUND('',#8986,.T.);
#8986 = EDGE_LOOP('',(#8987,#8988,#8989,#8990,#8991,#8992,#8993,#8994,
    #8995,#8996,#8997,#8998,#9006));
#8987 = ORIENTED_EDGE('',*,*,#8603,.T.);
#8988 = ORIENTED_EDGE('',*,*,#8635,.T.);
#8989 = ORIENTED_EDGE('',*,*,#8668,.T.);
#8990 = ORIENTED_EDGE('',*,*,#8690,.T.);
#8991 = ORIENTED_EDGE('',*,*,#1268,.T.);
#8992 = ORIENTED_EDGE('',*,*,#8711,.T.);
#8993 = ORIENTED_EDGE('',*,*,#8754,.T.);
#8994 = ORIENTED_EDGE('',*,*,#8785,.T.);
#8995 = ORIENTED_EDGE('',*,*,#8816,.T.);
#8996 = ORIENTED_EDGE('',*,*,#8849,.T.);
#8997 = ORIENTED_EDGE('',*,*,#8870,.T.);
#8998 = ORIENTED_EDGE('',*,*,#8999,.F.);
#8999 = EDGE_CURVE('',#9000,#8871,#9002,.T.);
#9000 = VERTEX_POINT('',#9001);
#9001 = CARTESIAN_POINT('',(-1.249999211652,4.624913355178,
    -1.681438518175));
#9002 = LINE('',#9003,#9004);
#9003 = CARTESIAN_POINT('',(-1.249999211652,4.624913355178,
    -1.681438518175));
#9004 = VECTOR('',#9005,1.);
#9005 = DIRECTION('',(1.,-4.371139210811E-08,4.371138446537E-08));
#9006 = ORIENTED_EDGE('',*,*,#9007,.T.);
#9007 = EDGE_CURVE('',#9000,#8604,#9008,.T.);
#9008 = LINE('',#9009,#9010);
#9009 = CARTESIAN_POINT('',(-1.249999211652,4.624913355178,
    -1.681438518175));
#9010 = VECTOR('',#9011,1.);
#9011 = DIRECTION('',(4.371138828674E-08,8.742277466279E-08,-1.));
#9012 = PLANE('',#9013);
#9013 = AXIS2_PLACEMENT_3D('',#9014,#9015,#9016);
#9014 = CARTESIAN_POINT('',(1.850000808893,4.624913260762,-2.15143838267
    ));
#9015 = DIRECTION('',(4.371138828674E-08,1.,8.742277657348E-08));
#9016 = DIRECTION('',(1.,-4.371139210811E-08,4.371138446537E-08));
#9017 = ADVANCED_FACE('',(#9018),#9043,.T.);
#9018 = FACE_BOUND('',#9019,.T.);
#9019 = EDGE_LOOP('',(#9020,#9030,#9036,#9037));
#9020 = ORIENTED_EDGE('',*,*,#9021,.T.);
#9021 = EDGE_CURVE('',#9022,#9024,#9026,.T.);
#9022 = VERTEX_POINT('',#9023);
#9023 = CARTESIAN_POINT('',(-0.349999182583,4.474913387088,
    -2.496438491948));
#9024 = VERTEX_POINT('',#9025);
#9025 = CARTESIAN_POINT('',(-0.634305636949,4.474913399515,
    -2.496438504376));
#9026 = LINE('',#9027,#9028);
#9027 = CARTESIAN_POINT('',(-0.349999182583,4.474913387088,
    -2.496438491948));
#9028 = VECTOR('',#9029,1.);
#9029 = DIRECTION('',(-1.,4.371139210811E-08,-4.371138446537E-08));
#9030 = ORIENTED_EDGE('',*,*,#9031,.F.);
#9031 = EDGE_CURVE('',#8904,#9024,#9032,.T.);
#9032 = LINE('',#9033,#9034);
#9033 = CARTESIAN_POINT('',(-0.634305630393,4.624913399515,
    -2.496438491262));
#9034 = VECTOR('',#9035,1.);
#9035 = DIRECTION('',(-4.371138828674E-08,-1.,-8.742277657348E-08));
#9036 = ORIENTED_EDGE('',*,*,#8901,.F.);
#9037 = ORIENTED_EDGE('',*,*,#9038,.F.);
#9038 = EDGE_CURVE('',#9022,#8902,#9039,.T.);
#9039 = LINE('',#9040,#9041);
#9040 = CARTESIAN_POINT('',(-0.349999182583,4.474913387088,
    -2.496438491948));
#9041 = VECTOR('',#9042,1.);
#9042 = DIRECTION('',(4.371138828674E-08,1.,8.742277657348E-08));
#9043 = PLANE('',#9044);
#9044 = AXIS2_PLACEMENT_3D('',#9045,#9046,#9047);
#9045 = CARTESIAN_POINT('',(-0.349999182583,4.474913387088,
    -2.496438491948));
#9046 = DIRECTION('',(4.371138828674E-08,8.742277466279E-08,-1.));
#9047 = DIRECTION('',(-4.371138828674E-08,-1.,-8.742277657348E-08));
#9048 = ADVANCED_FACE('',(#9049),#9070,.F.);
#9049 = FACE_BOUND('',#9050,.T.);
#9050 = EDGE_LOOP('',(#9051,#9059,#9060,#9061,#9062,#9063,#9064));
#9051 = ORIENTED_EDGE('',*,*,#9052,.T.);
#9052 = EDGE_CURVE('',#9053,#8427,#9055,.T.);
#9053 = VERTEX_POINT('',#9054);
#9054 = CARTESIAN_POINT('',(1.250000791408,4.474913265133,-1.90143842201
    ));
#9055 = LINE('',#9056,#9057);
#9056 = CARTESIAN_POINT('',(1.250000791408,4.474913265133,-1.90143842201
    ));
#9057 = VECTOR('',#9058,1.);
#9058 = DIRECTION('',(-0.996193713686,5.116539085356E-08,
    -8.716699382592E-02));
#9059 = ORIENTED_EDGE('',*,*,#8426,.F.);
#9060 = ORIENTED_EDGE('',*,*,#8384,.F.);
#9061 = ORIENTED_EDGE('',*,*,#8370,.F.);
#9062 = ORIENTED_EDGE('',*,*,#8338,.F.);
#9063 = ORIENTED_EDGE('',*,*,#8280,.F.);
#9064 = ORIENTED_EDGE('',*,*,#9065,.F.);
#9065 = EDGE_CURVE('',#9053,#8281,#9066,.T.);
#9066 = LINE('',#9067,#9068);
#9067 = CARTESIAN_POINT('',(1.250000791408,4.474913265133,-1.90143842201
    ));
#9068 = VECTOR('',#9069,1.);
#9069 = DIRECTION('',(1.,-4.371139210811E-08,4.371138446537E-08));
#9070 = PLANE('',#9071);
#9071 = AXIS2_PLACEMENT_3D('',#9072,#9073,#9074);
#9072 = CARTESIAN_POINT('',(1.850000802336,4.474913260762,
    -2.151438395783));
#9073 = DIRECTION('',(4.371138828674E-08,1.,8.742277657348E-08));
#9074 = DIRECTION('',(1.,-4.371139210811E-08,4.371138446537E-08));
#9075 = ADVANCED_FACE('',(#9076),#9088,.F.);
#9076 = FACE_BOUND('',#9077,.T.);
#9077 = EDGE_LOOP('',(#9078,#9079,#9080,#9081,#9082));
#9078 = ORIENTED_EDGE('',*,*,#8563,.F.);
#9079 = ORIENTED_EDGE('',*,*,#8539,.F.);
#9080 = ORIENTED_EDGE('',*,*,#8507,.F.);
#9081 = ORIENTED_EDGE('',*,*,#8475,.F.);
#9082 = ORIENTED_EDGE('',*,*,#9083,.T.);
#9083 = EDGE_CURVE('',#8449,#8564,#9084,.T.);
#9084 = LINE('',#9085,#9086);
#9085 = CARTESIAN_POINT('',(1.319773068131,4.474913299238,-2.32643841896
    ));
#9086 = VECTOR('',#9087,1.);
#9087 = DIRECTION('',(1.,-4.371139210811E-08,4.371138446537E-08));
#9088 = PLANE('',#9089);
#9089 = AXIS2_PLACEMENT_3D('',#9090,#9091,#9092);
#9090 = CARTESIAN_POINT('',(1.850000802336,4.474913260762,
    -2.151438395783));
#9091 = DIRECTION('',(4.371138828674E-08,1.,8.742277657348E-08));
#9092 = DIRECTION('',(1.,-4.371139210811E-08,4.371138446537E-08));
#9093 = ADVANCED_FACE('',(#9094),#9121,.F.);
#9094 = FACE_BOUND('',#9095,.T.);
#9095 = EDGE_LOOP('',(#9096,#9104,#9105,#9106,#9107,#9108,#9109,#9110,
    #9111,#9112,#9113,#9114,#9115));
#9096 = ORIENTED_EDGE('',*,*,#9097,.T.);
#9097 = EDGE_CURVE('',#9098,#8880,#9100,.T.);
#9098 = VERTEX_POINT('',#9099);
#9099 = CARTESIAN_POINT('',(-1.249999218208,4.474913355178,
    -1.681438531288));
#9100 = LINE('',#9101,#9102);
#9101 = CARTESIAN_POINT('',(-1.249999218208,4.474913355178,
    -1.681438531288));
#9102 = VECTOR('',#9103,1.);
#9103 = DIRECTION('',(1.,-4.371139210811E-08,4.371138446537E-08));
#9104 = ORIENTED_EDGE('',*,*,#8879,.F.);
#9105 = ORIENTED_EDGE('',*,*,#8856,.F.);
#9106 = ORIENTED_EDGE('',*,*,#8824,.F.);
#9107 = ORIENTED_EDGE('',*,*,#8792,.F.);
#9108 = ORIENTED_EDGE('',*,*,#8761,.F.);
#9109 = ORIENTED_EDGE('',*,*,#8728,.F.);
#9110 = ORIENTED_EDGE('',*,*,#1285,.F.);
#9111 = ORIENTED_EDGE('',*,*,#8697,.F.);
#9112 = ORIENTED_EDGE('',*,*,#8675,.F.);
#9113 = ORIENTED_EDGE('',*,*,#8625,.F.);
#9114 = ORIENTED_EDGE('',*,*,#8585,.F.);
#9115 = ORIENTED_EDGE('',*,*,#9116,.F.);
#9116 = EDGE_CURVE('',#9098,#8586,#9117,.T.);
#9117 = LINE('',#9118,#9119);
#9118 = CARTESIAN_POINT('',(-1.249999218208,4.474913355178,
    -1.681438531288));
#9119 = VECTOR('',#9120,1.);
#9120 = DIRECTION('',(4.371138828674E-08,8.742277466279E-08,-1.));
#9121 = PLANE('',#9122);
#9122 = AXIS2_PLACEMENT_3D('',#9123,#9124,#9125);
#9123 = CARTESIAN_POINT('',(1.850000802336,4.474913260762,
    -2.151438395783));
#9124 = DIRECTION('',(4.371138828674E-08,1.,8.742277657348E-08));
#9125 = DIRECTION('',(1.,-4.371139210811E-08,4.371138446537E-08));
#9126 = ADVANCED_FACE('',(#9127),#9154,.F.);
#9127 = FACE_BOUND('',#9128,.T.);
#9128 = EDGE_LOOP('',(#9129,#9130,#9131,#9132,#9140,#9147,#9148));
#9129 = ORIENTED_EDGE('',*,*,#8258,.F.);
#9130 = ORIENTED_EDGE('',*,*,#8234,.F.);
#9131 = ORIENTED_EDGE('',*,*,#8176,.F.);
#9132 = ORIENTED_EDGE('',*,*,#9133,.T.);
#9133 = EDGE_CURVE('',#8177,#9134,#9136,.T.);
#9134 = VERTEX_POINT('',#9135);
#9135 = CARTESIAN_POINT('',(-0.581869188485,4.474913385421,
    -2.361438502084));
#9136 = LINE('',#9137,#9138);
#9137 = CARTESIAN_POINT('',(-0.581869190279,4.474913381833,
    -2.320395597761));
#9138 = VECTOR('',#9139,1.);
#9139 = DIRECTION('',(4.371138828674E-08,8.742277466279E-08,-1.));
#9140 = ORIENTED_EDGE('',*,*,#9141,.F.);
#9141 = EDGE_CURVE('',#9024,#9134,#9142,.T.);
#9142 = CIRCLE('',#9143,0.2);
#9143 = AXIS2_PLACEMENT_3D('',#9144,#9145,#9146);
#9144 = CARTESIAN_POINT('',(-0.781869188485,4.474913394163,
    -2.361438510826));
#9145 = DIRECTION('',(-4.371138828674E-08,-1.,-8.742277657348E-08));
#9146 = DIRECTION('',(0.737817757674,2.675933287709E-08,-0.674999967749)
  );
#9147 = ORIENTED_EDGE('',*,*,#9021,.F.);
#9148 = ORIENTED_EDGE('',*,*,#9149,.F.);
#9149 = EDGE_CURVE('',#8259,#9022,#9150,.T.);
#9150 = LINE('',#9151,#9152);
#9151 = CARTESIAN_POINT('',(-0.349999191983,4.474913368288,
    -2.281399491948));
#9152 = VECTOR('',#9153,1.);
#9153 = DIRECTION('',(4.371138828674E-08,8.742277466279E-08,-1.));
#9154 = PLANE('',#9155);
#9155 = AXIS2_PLACEMENT_3D('',#9156,#9157,#9158);
#9156 = CARTESIAN_POINT('',(1.850000802336,4.474913260762,
    -2.151438395783));
#9157 = DIRECTION('',(4.371138828674E-08,1.,8.742277657348E-08));
#9158 = DIRECTION('',(1.,-4.371139210811E-08,4.371138446537E-08));
#9159 = ADVANCED_FACE('',(#9160),#9194,.F.);
#9160 = FACE_BOUND('',#9161,.T.);
#9161 = EDGE_LOOP('',(#9162,#9172,#9180,#9188));
#9162 = ORIENTED_EDGE('',*,*,#9163,.T.);
#9163 = EDGE_CURVE('',#9164,#9166,#9168,.T.);
#9164 = VERTEX_POINT('',#9165);
#9165 = CARTESIAN_POINT('',(0.850000773705,4.034913285677,
    -1.936438477961));
#9166 = VERTEX_POINT('',#9167);
#9167 = CARTESIAN_POINT('',(0.350000773705,4.034913307533,
    -1.936438499816));
#9168 = LINE('',#9169,#9170);
#9169 = CARTESIAN_POINT('',(0.850000773705,4.034913285677,
    -1.936438477961));
#9170 = VECTOR('',#9171,1.);
#9171 = DIRECTION('',(-1.,4.371139210811E-08,-4.371138446537E-08));
#9172 = ORIENTED_EDGE('',*,*,#9173,.F.);
#9173 = EDGE_CURVE('',#9174,#9166,#9176,.T.);
#9174 = VERTEX_POINT('',#9175);
#9175 = CARTESIAN_POINT('',(0.350000971718,8.564913307533,
    -1.936438103791));
#9176 = LINE('',#9177,#9178);
#9177 = CARTESIAN_POINT('',(0.350000971718,8.564913307533,
    -1.936438103791));
#9178 = VECTOR('',#9179,1.);
#9179 = DIRECTION('',(-4.371138828674E-08,-1.,-8.742277657348E-08));
#9180 = ORIENTED_EDGE('',*,*,#9181,.F.);
#9181 = EDGE_CURVE('',#9182,#9174,#9184,.T.);
#9182 = VERTEX_POINT('',#9183);
#9183 = CARTESIAN_POINT('',(0.850000971718,8.564913285677,
    -1.936438081935));
#9184 = LINE('',#9185,#9186);
#9185 = CARTESIAN_POINT('',(0.850000971718,8.564913285677,
    -1.936438081935));
#9186 = VECTOR('',#9187,1.);
#9187 = DIRECTION('',(-1.,4.371139210811E-08,-4.371138446537E-08));
#9188 = ORIENTED_EDGE('',*,*,#9189,.F.);
#9189 = EDGE_CURVE('',#9164,#9182,#9190,.T.);
#9190 = LINE('',#9191,#9192);
#9191 = CARTESIAN_POINT('',(0.850000773705,4.034913285677,
    -1.936438477961));
#9192 = VECTOR('',#9193,1.);
#9193 = DIRECTION('',(4.371138828674E-08,1.,8.742277657348E-08));
#9194 = PLANE('',#9195);
#9195 = AXIS2_PLACEMENT_3D('',#9196,#9197,#9198);
#9196 = CARTESIAN_POINT('',(1.850000971718,8.564913241966,
    -1.936438038224));
#9197 = DIRECTION('',(-4.371138828674E-08,-8.742277466279E-08,1.));
#9198 = DIRECTION('',(-1.,4.371139210811E-08,-4.371138446537E-08));
#9199 = ADVANCED_FACE('',(#9200),#9234,.T.);
#9200 = FACE_BOUND('',#9201,.T.);
#9201 = EDGE_LOOP('',(#9202,#9212,#9220,#9228));
#9202 = ORIENTED_EDGE('',*,*,#9203,.T.);
#9203 = EDGE_CURVE('',#9204,#9206,#9208,.T.);
#9204 = VERTEX_POINT('',#9205);
#9205 = CARTESIAN_POINT('',(1.537247452035,7.974913252577,
    -1.901438103474));
#9206 = VERTEX_POINT('',#9207);
#9207 = CARTESIAN_POINT('',(1.367268276573,7.974913267416,
    -1.986184996611));
#9208 = LINE('',#9209,#9210);
#9209 = CARTESIAN_POINT('',(1.537247452035,7.974913252577,
    -1.901438103474));
#9210 = VECTOR('',#9211,1.);
#9211 = DIRECTION('',(-0.894937720165,7.812623299572E-08,-0.446191076811
    ));
#9212 = ORIENTED_EDGE('',*,*,#9213,.T.);
#9213 = EDGE_CURVE('',#9206,#9214,#9216,.T.);
#9214 = VERTEX_POINT('',#9215);
#9215 = CARTESIAN_POINT('',(1.36726828313,8.124913267416,-1.986184983498
    ));
#9216 = LINE('',#9217,#9218);
#9217 = CARTESIAN_POINT('',(1.367268276573,7.974913267416,
    -1.986184996611));
#9218 = VECTOR('',#9219,1.);
#9219 = DIRECTION('',(4.371138828674E-08,1.,8.742277657348E-08));
#9220 = ORIENTED_EDGE('',*,*,#9221,.F.);
#9221 = EDGE_CURVE('',#9222,#9214,#9224,.T.);
#9222 = VERTEX_POINT('',#9223);
#9223 = CARTESIAN_POINT('',(1.537247458591,8.124913252577,
    -1.901438090361));
#9224 = LINE('',#9225,#9226);
#9225 = CARTESIAN_POINT('',(1.537247458591,8.124913252577,
    -1.901438090361));
#9226 = VECTOR('',#9227,1.);
#9227 = DIRECTION('',(-0.894937720165,7.812623299572E-08,-0.446191076811
    ));
#9228 = ORIENTED_EDGE('',*,*,#9229,.F.);
#9229 = EDGE_CURVE('',#9204,#9222,#9230,.T.);
#9230 = LINE('',#9231,#9232);
#9231 = CARTESIAN_POINT('',(1.537247452035,7.974913252577,
    -1.901438103474));
#9232 = VECTOR('',#9233,1.);
#9233 = DIRECTION('',(4.371138828674E-08,1.,8.742277657348E-08));
#9234 = PLANE('',#9235);
#9235 = AXIS2_PLACEMENT_3D('',#9236,#9237,#9238);
#9236 = CARTESIAN_POINT('',(1.537247452035,7.974913252577,
    -1.901438103474));
#9237 = DIRECTION('',(0.446191076811,5.873430894859E-08,-0.894937720165)
  );
#9238 = DIRECTION('',(-4.371138828674E-08,-1.,-8.742277657348E-08));
#9239 = ADVANCED_FACE('',(#9240),#9267,.T.);
#9240 = FACE_BOUND('',#9241,.T.);
#9241 = EDGE_LOOP('',(#9242,#9252,#9259,#9260));
#9242 = ORIENTED_EDGE('',*,*,#9243,.T.);
#9243 = EDGE_CURVE('',#9244,#9246,#9248,.T.);
#9244 = VERTEX_POINT('',#9245);
#9245 = CARTESIAN_POINT('',(1.344958724918,7.97491326885,-1.991438110603
    ));
#9246 = VERTEX_POINT('',#9247);
#9247 = CARTESIAN_POINT('',(1.344958731475,8.12491326885,-1.991438097489
    ));
#9248 = LINE('',#9249,#9250);
#9249 = CARTESIAN_POINT('',(1.344958724918,7.97491326885,-1.991438110603
    ));
#9250 = VECTOR('',#9251,1.);
#9251 = DIRECTION('',(4.371138828674E-08,1.,8.742277657348E-08));
#9252 = ORIENTED_EDGE('',*,*,#9253,.F.);
#9253 = EDGE_CURVE('',#9214,#9246,#9254,.T.);
#9254 = CIRCLE('',#9255,5.E-02);
#9255 = AXIS2_PLACEMENT_3D('',#9256,#9257,#9258);
#9256 = CARTESIAN_POINT('',(1.344958729289,8.124913264479,
    -1.941438097489));
#9257 = DIRECTION('',(4.371138828674E-08,1.,8.742277657348E-08));
#9258 = DIRECTION('',(0.446191076811,5.87343089486E-08,-0.894937720165)
  );
#9259 = ORIENTED_EDGE('',*,*,#9213,.F.);
#9260 = ORIENTED_EDGE('',*,*,#9261,.T.);
#9261 = EDGE_CURVE('',#9206,#9244,#9262,.T.);
#9262 = CIRCLE('',#9263,5.E-02);
#9263 = AXIS2_PLACEMENT_3D('',#9264,#9265,#9266);
#9264 = CARTESIAN_POINT('',(1.344958722732,7.974913264479,
    -1.941438110603));
#9265 = DIRECTION('',(4.371138828674E-08,1.,8.742277657348E-08));
#9266 = DIRECTION('',(0.446191076811,5.87343089486E-08,-0.894937720165)
  );
#9267 = CYLINDRICAL_SURFACE('',#9268,5.E-02);
#9268 = AXIS2_PLACEMENT_3D('',#9269,#9270,#9271);
#9269 = CARTESIAN_POINT('',(1.344958722732,7.974913264479,
    -1.941438110603));
#9270 = DIRECTION('',(4.371138828674E-08,1.,8.742277657348E-08));
#9271 = DIRECTION('',(4.371138828674E-08,8.742277466279E-08,-1.));
#9272 = ADVANCED_FACE('',(#9273),#9298,.T.);
#9273 = FACE_BOUND('',#9274,.T.);
#9274 = EDGE_LOOP('',(#9275,#9285,#9291,#9292));
#9275 = ORIENTED_EDGE('',*,*,#9276,.T.);
#9276 = EDGE_CURVE('',#9277,#9279,#9281,.T.);
#9277 = VERTEX_POINT('',#9278);
#9278 = CARTESIAN_POINT('',(1.329737471651,7.974913269516,
    -1.991438111268));
#9279 = VERTEX_POINT('',#9280);
#9280 = CARTESIAN_POINT('',(1.329737478208,8.124913269516,
    -1.991438098155));
#9281 = LINE('',#9282,#9283);
#9282 = CARTESIAN_POINT('',(1.329737471651,7.974913269516,
    -1.991438111268));
#9283 = VECTOR('',#9284,1.);
#9284 = DIRECTION('',(4.371138828674E-08,1.,8.742277657348E-08));
#9285 = ORIENTED_EDGE('',*,*,#9286,.F.);
#9286 = EDGE_CURVE('',#9246,#9279,#9287,.T.);
#9287 = LINE('',#9288,#9289);
#9288 = CARTESIAN_POINT('',(1.344958731475,8.12491326885,-1.991438097489
    ));
#9289 = VECTOR('',#9290,1.);
#9290 = DIRECTION('',(-1.,4.371139210811E-08,-4.371138446537E-08));
#9291 = ORIENTED_EDGE('',*,*,#9243,.F.);
#9292 = ORIENTED_EDGE('',*,*,#9293,.T.);
#9293 = EDGE_CURVE('',#9244,#9277,#9294,.T.);
#9294 = LINE('',#9295,#9296);
#9295 = CARTESIAN_POINT('',(1.344958724918,7.97491326885,-1.991438110603
    ));
#9296 = VECTOR('',#9297,1.);
#9297 = DIRECTION('',(-1.,4.371139210811E-08,-4.371138446537E-08));
#9298 = PLANE('',#9299);
#9299 = AXIS2_PLACEMENT_3D('',#9300,#9301,#9302);
#9300 = CARTESIAN_POINT('',(1.344958724918,7.97491326885,-1.991438110603
    ));
#9301 = DIRECTION('',(4.371138828674E-08,8.742277466279E-08,-1.));
#9302 = DIRECTION('',(-4.371138828674E-08,-1.,-8.742277657348E-08));
#9303 = ADVANCED_FACE('',(#9304),#9331,.F.);
#9304 = FACE_BOUND('',#9305,.F.);
#9305 = EDGE_LOOP('',(#9306,#9315,#9316,#9325));
#9306 = ORIENTED_EDGE('',*,*,#9307,.F.);
#9307 = EDGE_CURVE('',#9277,#9308,#9310,.T.);
#9308 = VERTEX_POINT('',#9309);
#9309 = CARTESIAN_POINT('',(1.264411879,7.974913266689,-1.92643892958));
#9310 = CIRCLE('',#9311,6.5E-02);
#9311 = AXIS2_PLACEMENT_3D('',#9312,#9313,#9314);
#9312 = CARTESIAN_POINT('',(1.264737471651,7.974913272357,
    -1.991438114109));
#9313 = DIRECTION('',(-4.371138828674E-08,-1.,-8.742277657348E-08));
#9314 = DIRECTION('',(1.,-4.371139210811E-08,4.371138446537E-08));
#9315 = ORIENTED_EDGE('',*,*,#9276,.T.);
#9316 = ORIENTED_EDGE('',*,*,#9317,.T.);
#9317 = EDGE_CURVE('',#9279,#9318,#9320,.T.);
#9318 = VERTEX_POINT('',#9319);
#9319 = CARTESIAN_POINT('',(1.264411885557,8.124913266689,
    -1.926438916467));
#9320 = CIRCLE('',#9321,6.5E-02);
#9321 = AXIS2_PLACEMENT_3D('',#9322,#9323,#9324);
#9322 = CARTESIAN_POINT('',(1.264737478208,8.124913272357,
    -1.991438100996));
#9323 = DIRECTION('',(-4.371138828674E-08,-1.,-8.742277657348E-08));
#9324 = DIRECTION('',(1.,-4.371139210811E-08,4.371138446537E-08));
#9325 = ORIENTED_EDGE('',*,*,#9326,.F.);
#9326 = EDGE_CURVE('',#9308,#9318,#9327,.T.);
#9327 = LINE('',#9328,#9329);
#9328 = CARTESIAN_POINT('',(1.264411879,7.974913266689,-1.92643892958));
#9329 = VECTOR('',#9330,1.);
#9330 = DIRECTION('',(4.371138828674E-08,1.,8.742277657348E-08));
#9331 = CYLINDRICAL_SURFACE('',#9332,6.5E-02);
#9332 = AXIS2_PLACEMENT_3D('',#9333,#9334,#9335);
#9333 = CARTESIAN_POINT('',(1.264737471651,7.974913272357,
    -1.991438114109));
#9334 = DIRECTION('',(4.371138828674E-08,1.,8.742277657348E-08));
#9335 = DIRECTION('',(4.371138828674E-08,8.742277466279E-08,-1.));
#9336 = ADVANCED_FACE('',(#9337),#9362,.T.);
#9337 = FACE_BOUND('',#9338,.T.);
#9338 = EDGE_LOOP('',(#9339,#9347,#9348,#9356));
#9339 = ORIENTED_EDGE('',*,*,#9340,.F.);
#9340 = EDGE_CURVE('',#9318,#9341,#9343,.T.);
#9341 = VERTEX_POINT('',#9342);
#9342 = CARTESIAN_POINT('',(0.94605213209,8.124913280744,-1.928033637955
    ));
#9343 = LINE('',#9344,#9345);
#9344 = CARTESIAN_POINT('',(1.264411885557,8.124913266689,
    -1.926438916467));
#9345 = VECTOR('',#9346,1.);
#9346 = DIRECTION('',(-0.999987454291,4.414875087538E-08,
    -5.009117716878E-03));
#9347 = ORIENTED_EDGE('',*,*,#9326,.F.);
#9348 = ORIENTED_EDGE('',*,*,#9349,.T.);
#9349 = EDGE_CURVE('',#9308,#9350,#9352,.T.);
#9350 = VERTEX_POINT('',#9351);
#9351 = CARTESIAN_POINT('',(0.946052125533,7.974913280744,
    -1.928033651069));
#9352 = LINE('',#9353,#9354);
#9353 = CARTESIAN_POINT('',(1.264411879,7.974913266689,-1.92643892958));
#9354 = VECTOR('',#9355,1.);
#9355 = DIRECTION('',(-0.999987454291,4.414875087538E-08,
    -5.009117716878E-03));
#9356 = ORIENTED_EDGE('',*,*,#9357,.T.);
#9357 = EDGE_CURVE('',#9350,#9341,#9358,.T.);
#9358 = LINE('',#9359,#9360);
#9359 = CARTESIAN_POINT('',(0.946052125533,7.974913280744,
    -1.928033651069));
#9360 = VECTOR('',#9361,1.);
#9361 = DIRECTION('',(4.371138828674E-08,1.,8.742277657348E-08));
#9362 = PLANE('',#9363);
#9363 = AXIS2_PLACEMENT_3D('',#9364,#9365,#9366);
#9364 = CARTESIAN_POINT('',(1.264411879,7.974913266689,-1.92643892958));
#9365 = DIRECTION('',(5.009117716882E-03,8.720272430328E-08,
    -0.999987454291));
#9366 = DIRECTION('',(-4.371138828674E-08,-1.,-8.742277657348E-08));
#9367 = ADVANCED_FACE('',(#9368),#9493,.T.);
#9368 = FACE_BOUND('',#9369,.T.);
#9369 = EDGE_LOOP('',(#9370,#9380,#9386,#9387,#9395,#9401,#9402,#9403,
    #9404,#9410,#9411,#9412,#9413,#9419,#9420,#9421,#9422,#9428,#9429,
    #9430,#9431,#9437,#9438,#9439,#9440,#9446,#9447,#9448,#9449,#9457,
    #9463,#9464,#9472,#9480,#9486,#9487));
#9370 = ORIENTED_EDGE('',*,*,#9371,.F.);
#9371 = EDGE_CURVE('',#9372,#9374,#9376,.T.);
#9372 = VERTEX_POINT('',#9373);
#9373 = CARTESIAN_POINT('',(1.250000929099,7.624913265133,
    -1.901438146628));
#9374 = VERTEX_POINT('',#9375);
#9375 = CARTESIAN_POINT('',(1.250000944398,7.974913265133,-1.90143811603
    ));
#9376 = LINE('',#9377,#9378);
#9377 = CARTESIAN_POINT('',(1.250000929099,7.624913265133,
    -1.901438146628));
#9378 = VECTOR('',#9379,1.);
#9379 = DIRECTION('',(4.371138828674E-08,1.,8.742277657348E-08));
#9380 = ORIENTED_EDGE('',*,*,#9381,.T.);
#9381 = EDGE_CURVE('',#9372,#3211,#9382,.T.);
#9382 = LINE('',#9383,#9384);
#9383 = CARTESIAN_POINT('',(1.250000929099,7.624913265133,
    -1.901438146628));
#9384 = VECTOR('',#9385,1.);
#9385 = DIRECTION('',(-0.996193713686,5.116539085356E-08,
    -8.716699382592E-02));
#9386 = ORIENTED_EDGE('',*,*,#3227,.F.);
#9387 = ORIENTED_EDGE('',*,*,#9388,.F.);
#9388 = EDGE_CURVE('',#9389,#3220,#9391,.T.);
#9389 = VERTEX_POINT('',#9390);
#9390 = CARTESIAN_POINT('',(1.250000922542,7.474913265133,
    -1.901438159742));
#9391 = LINE('',#9392,#9393);
#9392 = CARTESIAN_POINT('',(1.250000922542,7.474913265133,
    -1.901438159742));
#9393 = VECTOR('',#9394,1.);
#9394 = DIRECTION('',(-0.996193713686,5.116539085356E-08,
    -8.716699382592E-02));
#9395 = ORIENTED_EDGE('',*,*,#9396,.F.);
#9396 = EDGE_CURVE('',#3981,#9389,#9397,.T.);
#9397 = LINE('',#9398,#9399);
#9398 = CARTESIAN_POINT('',(1.250000907243,7.124913265133,-1.90143819034
    ));
#9399 = VECTOR('',#9400,1.);
#9400 = DIRECTION('',(4.371138828674E-08,1.,8.742277657348E-08));
#9401 = ORIENTED_EDGE('',*,*,#3980,.T.);
#9402 = ORIENTED_EDGE('',*,*,#3395,.F.);
#9403 = ORIENTED_EDGE('',*,*,#4117,.F.);
#9404 = ORIENTED_EDGE('',*,*,#9405,.F.);
#9405 = EDGE_CURVE('',#4968,#4118,#9406,.T.);
#9406 = LINE('',#9407,#9408);
#9407 = CARTESIAN_POINT('',(1.250000885388,6.624913265133,
    -1.901438234051));
#9408 = VECTOR('',#9409,1.);
#9409 = DIRECTION('',(4.371138828674E-08,1.,8.742277657348E-08));
#9410 = ORIENTED_EDGE('',*,*,#4967,.T.);
#9411 = ORIENTED_EDGE('',*,*,#4382,.F.);
#9412 = ORIENTED_EDGE('',*,*,#5104,.F.);
#9413 = ORIENTED_EDGE('',*,*,#9414,.F.);
#9414 = EDGE_CURVE('',#5955,#5105,#9415,.T.);
#9415 = LINE('',#9416,#9417);
#9416 = CARTESIAN_POINT('',(1.250000863532,6.124913265133,
    -1.901438277762));
#9417 = VECTOR('',#9418,1.);
#9418 = DIRECTION('',(4.371138828674E-08,1.,8.742277657348E-08));
#9419 = ORIENTED_EDGE('',*,*,#5954,.T.);
#9420 = ORIENTED_EDGE('',*,*,#5369,.F.);
#9421 = ORIENTED_EDGE('',*,*,#6091,.F.);
#9422 = ORIENTED_EDGE('',*,*,#9423,.F.);
#9423 = EDGE_CURVE('',#6942,#6092,#9424,.T.);
#9424 = LINE('',#9425,#9426);
#9425 = CARTESIAN_POINT('',(1.250000841676,5.624913265133,
    -1.901438321474));
#9426 = VECTOR('',#9427,1.);
#9427 = DIRECTION('',(4.371138828674E-08,1.,8.742277657348E-08));
#9428 = ORIENTED_EDGE('',*,*,#6941,.T.);
#9429 = ORIENTED_EDGE('',*,*,#6356,.F.);
#9430 = ORIENTED_EDGE('',*,*,#7078,.F.);
#9431 = ORIENTED_EDGE('',*,*,#9432,.F.);
#9432 = EDGE_CURVE('',#7920,#7079,#9433,.T.);
#9433 = LINE('',#9434,#9435);
#9434 = CARTESIAN_POINT('',(1.250000819821,5.124913265133,
    -1.901438365185));
#9435 = VECTOR('',#9436,1.);
#9436 = DIRECTION('',(4.371138828674E-08,1.,8.742277657348E-08));
#9437 = ORIENTED_EDGE('',*,*,#7919,.T.);
#9438 = ORIENTED_EDGE('',*,*,#7343,.F.);
#9439 = ORIENTED_EDGE('',*,*,#8098,.F.);
#9440 = ORIENTED_EDGE('',*,*,#9441,.F.);
#9441 = EDGE_CURVE('',#8949,#8099,#9442,.T.);
#9442 = LINE('',#9443,#9444);
#9443 = CARTESIAN_POINT('',(1.250000797965,4.624913265133,
    -1.901438408897));
#9444 = VECTOR('',#9445,1.);
#9445 = DIRECTION('',(4.371138828674E-08,1.,8.742277657348E-08));
#9446 = ORIENTED_EDGE('',*,*,#8948,.T.);
#9447 = ORIENTED_EDGE('',*,*,#8434,.F.);
#9448 = ORIENTED_EDGE('',*,*,#9052,.F.);
#9449 = ORIENTED_EDGE('',*,*,#9450,.F.);
#9450 = EDGE_CURVE('',#9451,#9053,#9453,.T.);
#9451 = VERTEX_POINT('',#9452);
#9452 = CARTESIAN_POINT('',(1.250000772175,4.034913265133,
    -1.901438460476));
#9453 = LINE('',#9454,#9455);
#9454 = CARTESIAN_POINT('',(1.250000772175,4.034913265133,
    -1.901438460476));
#9455 = VECTOR('',#9456,1.);
#9456 = DIRECTION('',(4.371138828674E-08,1.,8.742277657348E-08));
#9457 = ORIENTED_EDGE('',*,*,#9458,.F.);
#9458 = EDGE_CURVE('',#9164,#9451,#9459,.T.);
#9459 = LINE('',#9460,#9461);
#9460 = CARTESIAN_POINT('',(0.850000773705,4.034913285677,
    -1.936438477961));
#9461 = VECTOR('',#9462,1.);
#9462 = DIRECTION('',(0.996193713686,-5.116539085356E-08,
    8.716699382592E-02));
#9463 = ORIENTED_EDGE('',*,*,#9189,.T.);
#9464 = ORIENTED_EDGE('',*,*,#9465,.F.);
#9465 = EDGE_CURVE('',#9466,#9182,#9468,.T.);
#9466 = VERTEX_POINT('',#9467);
#9467 = CARTESIAN_POINT('',(1.250000970188,8.564913265133,
    -1.901438064451));
#9468 = LINE('',#9469,#9470);
#9469 = CARTESIAN_POINT('',(1.250000970188,8.564913265133,
    -1.901438064451));
#9470 = VECTOR('',#9471,1.);
#9471 = DIRECTION('',(-0.996193713686,5.116539085356E-08,
    -8.716699382592E-02));
#9472 = ORIENTED_EDGE('',*,*,#9473,.F.);
#9473 = EDGE_CURVE('',#9474,#9466,#9476,.T.);
#9474 = VERTEX_POINT('',#9475);
#9475 = CARTESIAN_POINT('',(1.250000950955,8.124913265133,
    -1.901438102917));
#9476 = LINE('',#9477,#9478);
#9477 = CARTESIAN_POINT('',(1.250000950955,8.124913265133,
    -1.901438102917));
#9478 = VECTOR('',#9479,1.);
#9479 = DIRECTION('',(4.371138828674E-08,1.,8.742277657348E-08));
#9480 = ORIENTED_EDGE('',*,*,#9481,.T.);
#9481 = EDGE_CURVE('',#9474,#9341,#9482,.T.);
#9482 = LINE('',#9483,#9484);
#9483 = CARTESIAN_POINT('',(1.250000950955,8.124913265133,
    -1.901438102917));
#9484 = VECTOR('',#9485,1.);
#9485 = DIRECTION('',(-0.996193713686,5.116539085356E-08,
    -8.716699382592E-02));
#9486 = ORIENTED_EDGE('',*,*,#9357,.F.);
#9487 = ORIENTED_EDGE('',*,*,#9488,.F.);
#9488 = EDGE_CURVE('',#9374,#9350,#9489,.T.);
#9489 = LINE('',#9490,#9491);
#9490 = CARTESIAN_POINT('',(1.250000944398,7.974913265133,-1.90143811603
    ));
#9491 = VECTOR('',#9492,1.);
#9492 = DIRECTION('',(-0.996193713686,5.116539085356E-08,
    -8.716699382592E-02));
#9493 = PLANE('',#9494);
#9494 = AXIS2_PLACEMENT_3D('',#9495,#9496,#9497);
#9495 = CARTESIAN_POINT('',(1.050000871946,6.299913275405,
    -1.918938271206));
#9496 = DIRECTION('',(8.716699382592E-02,8.327983014255E-08,
    -0.996193713686));
#9497 = DIRECTION('',(-4.371138828674E-08,-1.,-8.742277657348E-08));
#9498 = ADVANCED_FACE('',(#9499),#9576,.F.);
#9499 = FACE_BOUND('',#9500,.T.);
#9500 = EDGE_LOOP('',(#9501,#9502,#9508,#9509,#9517,#9525,#9531,#9532,
    #9533,#9534,#9535,#9536,#9537,#9538,#9539,#9540,#9541,#9542,#9543,
    #9544,#9545,#9546,#9547,#9548,#9549,#9550,#9551,#9552,#9553,#9554,
    #9555,#9556,#9562,#9563,#9569,#9570));
#9501 = ORIENTED_EDGE('',*,*,#9229,.T.);
#9502 = ORIENTED_EDGE('',*,*,#9503,.F.);
#9503 = EDGE_CURVE('',#9474,#9222,#9504,.T.);
#9504 = LINE('',#9505,#9506);
#9505 = CARTESIAN_POINT('',(1.250000950955,8.124913265133,
    -1.901438102917));
#9506 = VECTOR('',#9507,1.);
#9507 = DIRECTION('',(1.,-4.371139210811E-08,4.371138446537E-08));
#9508 = ORIENTED_EDGE('',*,*,#9473,.T.);
#9509 = ORIENTED_EDGE('',*,*,#9510,.F.);
#9510 = EDGE_CURVE('',#9511,#9466,#9513,.T.);
#9511 = VERTEX_POINT('',#9512);
#9512 = CARTESIAN_POINT('',(1.650000970188,8.564913247648,
    -1.901438046966));
#9513 = LINE('',#9514,#9515);
#9514 = CARTESIAN_POINT('',(1.650000970188,8.564913247648,
    -1.901438046966));
#9515 = VECTOR('',#9516,1.);
#9516 = DIRECTION('',(-1.,4.371139210811E-08,-4.371138446537E-08));
#9517 = ORIENTED_EDGE('',*,*,#9518,.F.);
#9518 = EDGE_CURVE('',#9519,#9511,#9521,.T.);
#9519 = VERTEX_POINT('',#9520);
#9520 = CARTESIAN_POINT('',(1.650000772175,4.034913247648,
    -1.901438442991));
#9521 = LINE('',#9522,#9523);
#9522 = CARTESIAN_POINT('',(1.650000772175,4.034913247648,
    -1.901438442991));
#9523 = VECTOR('',#9524,1.);
#9524 = DIRECTION('',(4.371138828674E-08,1.,8.742277657348E-08));
#9525 = ORIENTED_EDGE('',*,*,#9526,.T.);
#9526 = EDGE_CURVE('',#9519,#9451,#9527,.T.);
#9527 = LINE('',#9528,#9529);
#9528 = CARTESIAN_POINT('',(1.650000772175,4.034913247648,
    -1.901438442991));
#9529 = VECTOR('',#9530,1.);
#9530 = DIRECTION('',(-1.,4.371139210811E-08,-4.371138446537E-08));
#9531 = ORIENTED_EDGE('',*,*,#9450,.T.);
#9532 = ORIENTED_EDGE('',*,*,#9065,.T.);
#9533 = ORIENTED_EDGE('',*,*,#8306,.T.);
#9534 = ORIENTED_EDGE('',*,*,#8956,.F.);
#9535 = ORIENTED_EDGE('',*,*,#9441,.T.);
#9536 = ORIENTED_EDGE('',*,*,#8111,.T.);
#9537 = ORIENTED_EDGE('',*,*,#7215,.T.);
#9538 = ORIENTED_EDGE('',*,*,#7927,.F.);
#9539 = ORIENTED_EDGE('',*,*,#9432,.T.);
#9540 = ORIENTED_EDGE('',*,*,#7091,.T.);
#9541 = ORIENTED_EDGE('',*,*,#6228,.T.);
#9542 = ORIENTED_EDGE('',*,*,#6949,.F.);
#9543 = ORIENTED_EDGE('',*,*,#9423,.T.);
#9544 = ORIENTED_EDGE('',*,*,#6104,.T.);
#9545 = ORIENTED_EDGE('',*,*,#5241,.T.);
#9546 = ORIENTED_EDGE('',*,*,#5962,.F.);
#9547 = ORIENTED_EDGE('',*,*,#9414,.T.);
#9548 = ORIENTED_EDGE('',*,*,#5117,.T.);
#9549 = ORIENTED_EDGE('',*,*,#4254,.T.);
#9550 = ORIENTED_EDGE('',*,*,#4975,.F.);
#9551 = ORIENTED_EDGE('',*,*,#9405,.T.);
#9552 = ORIENTED_EDGE('',*,*,#4130,.T.);
#9553 = ORIENTED_EDGE('',*,*,#3267,.T.);
#9554 = ORIENTED_EDGE('',*,*,#3988,.F.);
#9555 = ORIENTED_EDGE('',*,*,#9396,.T.);
#9556 = ORIENTED_EDGE('',*,*,#9557,.T.);
#9557 = EDGE_CURVE('',#9389,#3074,#9558,.T.);
#9558 = LINE('',#9559,#9560);
#9559 = CARTESIAN_POINT('',(1.250000922542,7.474913265133,
    -1.901438159742));
#9560 = VECTOR('',#9561,1.);
#9561 = DIRECTION('',(1.,-4.371139210811E-08,4.371138446537E-08));
#9562 = ORIENTED_EDGE('',*,*,#3099,.T.);
#9563 = ORIENTED_EDGE('',*,*,#9564,.F.);
#9564 = EDGE_CURVE('',#9372,#3092,#9565,.T.);
#9565 = LINE('',#9566,#9567);
#9566 = CARTESIAN_POINT('',(1.250000929099,7.624913265133,
    -1.901438146628));
#9567 = VECTOR('',#9568,1.);
#9568 = DIRECTION('',(1.,-4.371139210811E-08,4.371138446537E-08));
#9569 = ORIENTED_EDGE('',*,*,#9371,.T.);
#9570 = ORIENTED_EDGE('',*,*,#9571,.T.);
#9571 = EDGE_CURVE('',#9374,#9204,#9572,.T.);
#9572 = LINE('',#9573,#9574);
#9573 = CARTESIAN_POINT('',(1.250000944398,7.974913265133,-1.90143811603
    ));
#9574 = VECTOR('',#9575,1.);
#9575 = DIRECTION('',(1.,-4.371139210811E-08,4.371138446537E-08));
#9576 = PLANE('',#9577);
#9577 = AXIS2_PLACEMENT_3D('',#9578,#9579,#9580);
#9578 = CARTESIAN_POINT('',(1.850000970188,8.564913238906,
    -1.901438038224));
#9579 = DIRECTION('',(-4.371138828674E-08,-8.742277466279E-08,1.));
#9580 = DIRECTION('',(-1.,4.371139210811E-08,-4.371138446537E-08));
#9581 = ADVANCED_FACE('',(#9582),#9607,.T.);
#9582 = FACE_BOUND('',#9583,.T.);
#9583 = EDGE_LOOP('',(#9584,#9592,#9600,#9606));
#9584 = ORIENTED_EDGE('',*,*,#9585,.T.);
#9585 = EDGE_CURVE('',#9511,#9586,#9588,.T.);
#9586 = VERTEX_POINT('',#9587);
#9587 = CARTESIAN_POINT('',(1.850000970188,8.664913006862,
    -1.801438252784));
#9588 = LINE('',#9589,#9590);
#9589 = CARTESIAN_POINT('',(1.650000970188,8.564913247648,
    -1.901438046966));
#9590 = VECTOR('',#9591,1.);
#9591 = DIRECTION('',(0.816497188679,0.408247611332,0.408247754092));
#9592 = ORIENTED_EDGE('',*,*,#9593,.F.);
#9593 = EDGE_CURVE('',#9594,#9586,#9596,.T.);
#9594 = VERTEX_POINT('',#9595);
#9595 = CARTESIAN_POINT('',(1.850000763433,3.934913453466,
    -1.801438666293));
#9596 = LINE('',#9597,#9598);
#9597 = CARTESIAN_POINT('',(1.850000763433,3.934913453466,
    -1.801438666293));
#9598 = VECTOR('',#9599,1.);
#9599 = DIRECTION('',(4.371138828674E-08,1.,8.742277657348E-08));
#9600 = ORIENTED_EDGE('',*,*,#9601,.T.);
#9601 = EDGE_CURVE('',#9594,#9519,#9602,.T.);
#9602 = LINE('',#9603,#9604);
#9603 = CARTESIAN_POINT('',(1.850000763433,3.934913453466,
    -1.801438666293));
#9604 = VECTOR('',#9605,1.);
#9605 = DIRECTION('',(-0.816497152989,0.408247754092,-0.408247682712));
#9606 = ORIENTED_EDGE('',*,*,#9518,.T.);
#9607 = PLANE('',#9608);
#9608 = AXIS2_PLACEMENT_3D('',#9609,#9610,#9611);
#9609 = CARTESIAN_POINT('',(1.750000868996,6.299913238906,
    -1.851438352259));
#9610 = DIRECTION('',(0.447212835686,5.864504778499E-08,-0.894427570906)
  );
#9611 = DIRECTION('',(-4.371138828674E-08,-1.,-8.742277657348E-08));
#9612 = ADVANCED_FACE('',(#9613),#9647,.T.);
#9613 = FACE_BOUND('',#9614,.T.);
#9614 = EDGE_LOOP('',(#9615,#9625,#9633,#9641));
#9615 = ORIENTED_EDGE('',*,*,#9616,.F.);
#9616 = EDGE_CURVE('',#9617,#9619,#9621,.T.);
#9617 = VERTEX_POINT('',#9618);
#9618 = CARTESIAN_POINT('',(1.650000795124,4.034913293545,
    -2.426438442991));
#9619 = VERTEX_POINT('',#9620);
#9620 = CARTESIAN_POINT('',(1.650000993136,8.564913293545,
    -2.426438046966));
#9621 = LINE('',#9622,#9623);
#9622 = CARTESIAN_POINT('',(1.650000795124,4.034913293545,
    -2.426438442991));
#9623 = VECTOR('',#9624,1.);
#9624 = DIRECTION('',(4.371138828674E-08,1.,8.742277657348E-08));
#9625 = ORIENTED_EDGE('',*,*,#9626,.T.);
#9626 = EDGE_CURVE('',#9617,#9627,#9629,.T.);
#9627 = VERTEX_POINT('',#9628);
#9628 = CARTESIAN_POINT('',(1.650000804959,4.034913313215,
    -2.651438442991));
#9629 = LINE('',#9630,#9631);
#9630 = CARTESIAN_POINT('',(1.650000795124,4.034913293545,
    -2.426438442991));
#9631 = VECTOR('',#9632,1.);
#9632 = DIRECTION('',(4.371138828674E-08,8.742277466279E-08,-1.));
#9633 = ORIENTED_EDGE('',*,*,#9634,.F.);
#9634 = EDGE_CURVE('',#9635,#9627,#9637,.T.);
#9635 = VERTEX_POINT('',#9636);
#9636 = CARTESIAN_POINT('',(1.650001002971,8.564913313215,
    -2.651438046966));
#9637 = LINE('',#9638,#9639);
#9638 = CARTESIAN_POINT('',(1.650001002971,8.564913313215,
    -2.651438046966));
#9639 = VECTOR('',#9640,1.);
#9640 = DIRECTION('',(-4.371138828674E-08,-1.,-8.742277657348E-08));
#9641 = ORIENTED_EDGE('',*,*,#9642,.T.);
#9642 = EDGE_CURVE('',#9635,#9619,#9643,.T.);
#9643 = LINE('',#9644,#9645);
#9644 = CARTESIAN_POINT('',(1.650001002971,8.564913313215,
    -2.651438046966));
#9645 = VECTOR('',#9646,1.);
#9646 = DIRECTION('',(-4.371138828674E-08,-8.742277466279E-08,1.));
#9647 = PLANE('',#9648);
#9648 = AXIS2_PLACEMENT_3D('',#9649,#9650,#9651);
#9649 = CARTESIAN_POINT('',(1.650000882109,6.299913269504,
    -2.151438244979));
#9650 = DIRECTION('',(1.,-4.371139210811E-08,4.371138446537E-08));
#9651 = DIRECTION('',(-4.371138828674E-08,-1.,-8.742277657348E-08));
#9652 = ADVANCED_FACE('',(#9653),#9677,.T.);
#9653 = FACE_BOUND('',#9654,.T.);
#9654 = EDGE_LOOP('',(#9655,#9661,#9662,#9670,#9676));
#9655 = ORIENTED_EDGE('',*,*,#9656,.T.);
#9656 = EDGE_CURVE('',#9617,#9519,#9657,.T.);
#9657 = LINE('',#9658,#9659);
#9658 = CARTESIAN_POINT('',(1.650000795124,4.034913293545,
    -2.426438442991));
#9659 = VECTOR('',#9660,1.);
#9660 = DIRECTION('',(-4.371138828674E-08,-8.742277466279E-08,1.));
#9661 = ORIENTED_EDGE('',*,*,#9601,.F.);
#9662 = ORIENTED_EDGE('',*,*,#9663,.T.);
#9663 = EDGE_CURVE('',#9594,#9664,#9666,.T.);
#9664 = VERTEX_POINT('',#9665);
#9665 = CARTESIAN_POINT('',(1.850000800588,3.934913527775,
    -2.651438442991));
#9666 = LINE('',#9667,#9668);
#9667 = CARTESIAN_POINT('',(1.850000763433,3.934913453466,
    -1.801438666293));
#9668 = VECTOR('',#9669,1.);
#9669 = DIRECTION('',(4.371138828674E-08,8.742277466279E-08,-1.));
#9670 = ORIENTED_EDGE('',*,*,#9671,.F.);
#9671 = EDGE_CURVE('',#9627,#9664,#9672,.T.);
#9672 = LINE('',#9673,#9674);
#9673 = CARTESIAN_POINT('',(1.650000804959,4.034913313215,
    -2.651438442991));
#9674 = VECTOR('',#9675,1.);
#9675 = DIRECTION('',(0.894427570906,-0.447212835686,8.388572325168E-14)
  );
#9676 = ORIENTED_EDGE('',*,*,#9626,.F.);
#9677 = PLANE('',#9678);
#9678 = AXIS2_PLACEMENT_3D('',#9679,#9680,#9681);
#9679 = CARTESIAN_POINT('',(1.750000786381,3.984913387712,
    -2.276438442991));
#9680 = DIRECTION('',(0.447212835686,0.894427570906,9.774163389103E-08)
  );
#9681 = DIRECTION('',(4.371138828674E-08,8.742277466279E-08,-1.));
#9682 = ADVANCED_FACE('',(#9683),#9720,.F.);
#9683 = FACE_BOUND('',#9684,.T.);
#9684 = EDGE_LOOP('',(#9685,#9693,#9694,#9695,#9696,#9697,#9705,#9714));
#9685 = ORIENTED_EDGE('',*,*,#9686,.F.);
#9686 = EDGE_CURVE('',#9166,#9687,#9689,.T.);
#9687 = VERTEX_POINT('',#9688);
#9688 = CARTESIAN_POINT('',(0.350000790753,4.034913341628,
    -2.326438499816));
#9689 = LINE('',#9690,#9691);
#9690 = CARTESIAN_POINT('',(0.350000773705,4.034913307533,
    -1.936438499816));
#9691 = VECTOR('',#9692,1.);
#9692 = DIRECTION('',(4.371138828674E-08,8.742277466279E-08,-1.));
#9693 = ORIENTED_EDGE('',*,*,#9163,.F.);
#9694 = ORIENTED_EDGE('',*,*,#9458,.T.);
#9695 = ORIENTED_EDGE('',*,*,#9526,.F.);
#9696 = ORIENTED_EDGE('',*,*,#9656,.F.);
#9697 = ORIENTED_EDGE('',*,*,#9698,.T.);
#9698 = EDGE_CURVE('',#9617,#9699,#9701,.T.);
#9699 = VERTEX_POINT('',#9700);
#9700 = CARTESIAN_POINT('',(1.579290113914,4.034913290454,
    -2.355727767964));
#9701 = LINE('',#9702,#9703);
#9702 = CARTESIAN_POINT('',(1.650000795124,4.034913293545,
    -2.426438442991));
#9703 = VECTOR('',#9704,1.);
#9704 = DIRECTION('',(-0.707106812095,-3.090861501945E-08,0.707106750278
    ));
#9705 = ORIENTED_EDGE('',*,*,#9706,.T.);
#9706 = EDGE_CURVE('',#9699,#9707,#9709,.T.);
#9707 = VERTEX_POINT('',#9708);
#9708 = CARTESIAN_POINT('',(1.508579434515,4.034913290985,
    -2.326438449173));
#9709 = CIRCLE('',#9710,0.1);
#9710 = AXIS2_PLACEMENT_3D('',#9711,#9712,#9713);
#9711 = CARTESIAN_POINT('',(1.508579438886,4.034913299727,
    -2.426438449173));
#9712 = DIRECTION('',(-4.371138828674E-08,-1.,-8.742277657348E-08));
#9713 = DIRECTION('',(0.707106750278,-9.272585856895E-08,0.707106812095)
  );
#9714 = ORIENTED_EDGE('',*,*,#9715,.T.);
#9715 = EDGE_CURVE('',#9707,#9687,#9716,.T.);
#9716 = LINE('',#9717,#9718);
#9717 = CARTESIAN_POINT('',(1.508579434515,4.034913290985,
    -2.326438449173));
#9718 = VECTOR('',#9719,1.);
#9719 = DIRECTION('',(-1.,4.371139210811E-08,-4.371138446537E-08));
#9720 = PLANE('',#9721);
#9721 = AXIS2_PLACEMENT_3D('',#9722,#9723,#9724);
#9722 = CARTESIAN_POINT('',(1.850000773705,4.034913241966,
    -1.936438434249));
#9723 = DIRECTION('',(-4.371138828674E-08,-1.,-8.742277657348E-08));
#9724 = DIRECTION('',(4.371138828674E-08,8.742277466279E-08,-1.));
#9725 = ADVANCED_FACE('',(#9726),#9744,.T.);
#9726 = FACE_BOUND('',#9727,.T.);
#9727 = EDGE_LOOP('',(#9728,#9729,#9730,#9738));
#9728 = ORIENTED_EDGE('',*,*,#9173,.T.);
#9729 = ORIENTED_EDGE('',*,*,#9686,.T.);
#9730 = ORIENTED_EDGE('',*,*,#9731,.T.);
#9731 = EDGE_CURVE('',#9687,#9732,#9734,.T.);
#9732 = VERTEX_POINT('',#9733);
#9733 = CARTESIAN_POINT('',(0.350000988765,8.564913341628,
    -2.326438103791));
#9734 = LINE('',#9735,#9736);
#9735 = CARTESIAN_POINT('',(0.350000790753,4.034913341628,
    -2.326438499816));
#9736 = VECTOR('',#9737,1.);
#9737 = DIRECTION('',(4.371138828674E-08,1.,8.742277657348E-08));
#9738 = ORIENTED_EDGE('',*,*,#9739,.T.);
#9739 = EDGE_CURVE('',#9732,#9174,#9740,.T.);
#9740 = LINE('',#9741,#9742);
#9741 = CARTESIAN_POINT('',(0.350000988765,8.564913341628,
    -2.326438103791));
#9742 = VECTOR('',#9743,1.);
#9743 = DIRECTION('',(-4.371138828674E-08,-8.742277466279E-08,1.));
#9744 = PLANE('',#9745);
#9745 = AXIS2_PLACEMENT_3D('',#9746,#9747,#9748);
#9746 = CARTESIAN_POINT('',(0.350000882109,6.299913326329,
    -2.151438301804));
#9747 = DIRECTION('',(1.,-4.371139210811E-08,4.371138446537E-08));
#9748 = DIRECTION('',(-4.371138828674E-08,-1.,-8.742277657348E-08));
#9749 = ADVANCED_FACE('',(#9750),#9785,.F.);
#9750 = FACE_BOUND('',#9751,.T.);
#9751 = EDGE_LOOP('',(#9752,#9758,#9759,#9760,#9761,#9762,#9770,#9779));
#9752 = ORIENTED_EDGE('',*,*,#9753,.F.);
#9753 = EDGE_CURVE('',#9511,#9619,#9754,.T.);
#9754 = LINE('',#9755,#9756);
#9755 = CARTESIAN_POINT('',(1.650000970188,8.564913247648,
    -1.901438046966));
#9756 = VECTOR('',#9757,1.);
#9757 = DIRECTION('',(4.371138828674E-08,8.742277466279E-08,-1.));
#9758 = ORIENTED_EDGE('',*,*,#9510,.T.);
#9759 = ORIENTED_EDGE('',*,*,#9465,.T.);
#9760 = ORIENTED_EDGE('',*,*,#9181,.T.);
#9761 = ORIENTED_EDGE('',*,*,#9739,.F.);
#9762 = ORIENTED_EDGE('',*,*,#9763,.F.);
#9763 = EDGE_CURVE('',#9764,#9732,#9766,.T.);
#9764 = VERTEX_POINT('',#9765);
#9765 = CARTESIAN_POINT('',(1.508579632528,8.564913290985,
    -2.326438053148));
#9766 = LINE('',#9767,#9768);
#9767 = CARTESIAN_POINT('',(1.508579632528,8.564913290985,
    -2.326438053148));
#9768 = VECTOR('',#9769,1.);
#9769 = DIRECTION('',(-1.,4.371139210811E-08,-4.371138446537E-08));
#9770 = ORIENTED_EDGE('',*,*,#9771,.T.);
#9771 = EDGE_CURVE('',#9764,#9772,#9774,.T.);
#9772 = VERTEX_POINT('',#9773);
#9773 = CARTESIAN_POINT('',(1.579290311927,8.564913290454,
    -2.355727371938));
#9774 = CIRCLE('',#9775,1.E-01);
#9775 = AXIS2_PLACEMENT_3D('',#9776,#9777,#9778);
#9776 = CARTESIAN_POINT('',(1.508579636899,8.564913299727,
    -2.426438053148));
#9777 = DIRECTION('',(4.371138828674E-08,1.,8.742277657348E-08));
#9778 = DIRECTION('',(-4.371138828674E-08,-8.742277466279E-08,1.));
#9779 = ORIENTED_EDGE('',*,*,#9780,.T.);
#9780 = EDGE_CURVE('',#9772,#9619,#9781,.T.);
#9781 = LINE('',#9782,#9783);
#9782 = CARTESIAN_POINT('',(1.579290311927,8.564913290454,
    -2.355727371938));
#9783 = VECTOR('',#9784,1.);
#9784 = DIRECTION('',(0.707106812095,3.090861501945E-08,-0.707106750278)
  );
#9785 = PLANE('',#9786);
#9786 = AXIS2_PLACEMENT_3D('',#9787,#9788,#9789);
#9787 = CARTESIAN_POINT('',(1.850000988765,8.564913276061,
    -2.326438038224));
#9788 = DIRECTION('',(4.371138828674E-08,1.,8.742277657348E-08));
#9789 = DIRECTION('',(1.,-4.371139210811E-08,4.371138446537E-08));
#9790 = ADVANCED_FACE('',(#9791),#9802,.T.);
#9791 = FACE_BOUND('',#9792,.T.);
#9792 = EDGE_LOOP('',(#9793,#9794,#9795,#9796));
#9793 = ORIENTED_EDGE('',*,*,#9698,.F.);
#9794 = ORIENTED_EDGE('',*,*,#9616,.T.);
#9795 = ORIENTED_EDGE('',*,*,#9780,.F.);
#9796 = ORIENTED_EDGE('',*,*,#9797,.F.);
#9797 = EDGE_CURVE('',#9699,#9772,#9798,.T.);
#9798 = LINE('',#9799,#9800);
#9799 = CARTESIAN_POINT('',(1.579290113914,4.034913290454,
    -2.355727767964));
#9800 = VECTOR('',#9801,1.);
#9801 = DIRECTION('',(4.371138828674E-08,1.,8.742277657348E-08));
#9802 = PLANE('',#9803);
#9803 = AXIS2_PLACEMENT_3D('',#9804,#9805,#9806);
#9804 = CARTESIAN_POINT('',(1.600000891944,6.29991329136,-2.376438247164
    ));
#9805 = DIRECTION('',(0.707106750278,-9.272585856895E-08,0.707106812095)
  );
#9806 = DIRECTION('',(4.371138828674E-08,1.,8.742277657348E-08));
#9807 = ADVANCED_FACE('',(#9808),#9819,.T.);
#9808 = FACE_BOUND('',#9809,.T.);
#9809 = EDGE_LOOP('',(#9810,#9811,#9817,#9818));
#9810 = ORIENTED_EDGE('',*,*,#9771,.F.);
#9811 = ORIENTED_EDGE('',*,*,#9812,.F.);
#9812 = EDGE_CURVE('',#9707,#9764,#9813,.T.);
#9813 = LINE('',#9814,#9815);
#9814 = CARTESIAN_POINT('',(1.508579434515,4.034913290985,
    -2.326438449173));
#9815 = VECTOR('',#9816,1.);
#9816 = DIRECTION('',(4.371138828674E-08,1.,8.742277657348E-08));
#9817 = ORIENTED_EDGE('',*,*,#9706,.F.);
#9818 = ORIENTED_EDGE('',*,*,#9797,.T.);
#9819 = CYLINDRICAL_SURFACE('',#9820,1.E-01);
#9820 = AXIS2_PLACEMENT_3D('',#9821,#9822,#9823);
#9821 = CARTESIAN_POINT('',(1.508579064866,-4.521686700273,
    -2.426439197215));
#9822 = DIRECTION('',(4.371138828674E-08,1.,8.742277657348E-08));
#9823 = DIRECTION('',(-4.371138828674E-08,-8.742277466279E-08,1.));
#9824 = ADVANCED_FACE('',(#9825,#9841,#9857,#9863,#9869,#9875,#9881,
    #9887,#9893),#9899,.F.);
#9825 = FACE_BOUND('',#9826,.T.);
#9826 = EDGE_LOOP('',(#9827,#9828,#9834,#9835));
#9827 = ORIENTED_EDGE('',*,*,#2799,.T.);
#9828 = ORIENTED_EDGE('',*,*,#9829,.T.);
#9829 = EDGE_CURVE('',#2802,#2906,#9830,.T.);
#9830 = LINE('',#9831,#9832);
#9831 = CARTESIAN_POINT('',(1.319773227678,8.124913299238,
    -2.326438099867));
#9832 = VECTOR('',#9833,1.);
#9833 = DIRECTION('',(1.,-4.371139210811E-08,4.371138446537E-08));
#9834 = ORIENTED_EDGE('',*,*,#2922,.F.);
#9835 = ORIENTED_EDGE('',*,*,#9836,.F.);
#9836 = EDGE_CURVE('',#2800,#2915,#9837,.T.);
#9837 = LINE('',#9838,#9839);
#9838 = CARTESIAN_POINT('',(1.319773221121,7.974913299238,-2.32643811298
    ));
#9839 = VECTOR('',#9840,1.);
#9840 = DIRECTION('',(1.,-4.371139210811E-08,4.371138446537E-08));
#9841 = FACE_BOUND('',#9842,.T.);
#9842 = EDGE_LOOP('',(#9843,#9844,#9850,#9851));
#9843 = ORIENTED_EDGE('',*,*,#2936,.T.);
#9844 = ORIENTED_EDGE('',*,*,#9845,.T.);
#9845 = EDGE_CURVE('',#2939,#3043,#9846,.T.);
#9846 = LINE('',#9847,#9848);
#9847 = CARTESIAN_POINT('',(1.319773205822,7.624913299238,
    -2.326438143578));
#9848 = VECTOR('',#9849,1.);
#9849 = DIRECTION('',(1.,-4.371139210811E-08,4.371138446537E-08));
#9850 = ORIENTED_EDGE('',*,*,#3059,.F.);
#9851 = ORIENTED_EDGE('',*,*,#9852,.F.);
#9852 = EDGE_CURVE('',#2937,#3052,#9853,.T.);
#9853 = LINE('',#9854,#9855);
#9854 = CARTESIAN_POINT('',(1.319773199266,7.474913299238,
    -2.326438156692));
#9855 = VECTOR('',#9856,1.);
#9856 = DIRECTION('',(1.,-4.371139210811E-08,4.371138446537E-08));
#9857 = FACE_BOUND('',#9858,.T.);
#9858 = EDGE_LOOP('',(#9859,#9860,#9861,#9862));
#9859 = ORIENTED_EDGE('',*,*,#3409,.T.);
#9860 = ORIENTED_EDGE('',*,*,#4006,.T.);
#9861 = ORIENTED_EDGE('',*,*,#3532,.F.);
#9862 = ORIENTED_EDGE('',*,*,#4148,.F.);
#9863 = FACE_BOUND('',#9864,.T.);
#9864 = EDGE_LOOP('',(#9865,#9866,#9867,#9868));
#9865 = ORIENTED_EDGE('',*,*,#4396,.T.);
#9866 = ORIENTED_EDGE('',*,*,#4993,.T.);
#9867 = ORIENTED_EDGE('',*,*,#4519,.F.);
#9868 = ORIENTED_EDGE('',*,*,#5135,.F.);
#9869 = FACE_BOUND('',#9870,.T.);
#9870 = EDGE_LOOP('',(#9871,#9872,#9873,#9874));
#9871 = ORIENTED_EDGE('',*,*,#5383,.T.);
#9872 = ORIENTED_EDGE('',*,*,#5980,.T.);
#9873 = ORIENTED_EDGE('',*,*,#5506,.F.);
#9874 = ORIENTED_EDGE('',*,*,#6122,.F.);
#9875 = FACE_BOUND('',#9876,.T.);
#9876 = EDGE_LOOP('',(#9877,#9878,#9879,#9880));
#9877 = ORIENTED_EDGE('',*,*,#6370,.T.);
#9878 = ORIENTED_EDGE('',*,*,#6967,.T.);
#9879 = ORIENTED_EDGE('',*,*,#6493,.F.);
#9880 = ORIENTED_EDGE('',*,*,#7109,.F.);
#9881 = FACE_BOUND('',#9882,.T.);
#9882 = EDGE_LOOP('',(#9883,#9884,#9885,#9886));
#9883 = ORIENTED_EDGE('',*,*,#7357,.T.);
#9884 = ORIENTED_EDGE('',*,*,#7945,.T.);
#9885 = ORIENTED_EDGE('',*,*,#7480,.F.);
#9886 = ORIENTED_EDGE('',*,*,#8129,.F.);
#9887 = FACE_BOUND('',#9888,.T.);
#9888 = EDGE_LOOP('',(#9889,#9890,#9891,#9892));
#9889 = ORIENTED_EDGE('',*,*,#8448,.T.);
#9890 = ORIENTED_EDGE('',*,*,#8974,.T.);
#9891 = ORIENTED_EDGE('',*,*,#8571,.F.);
#9892 = ORIENTED_EDGE('',*,*,#9083,.F.);
#9893 = FACE_BOUND('',#9894,.T.);
#9894 = EDGE_LOOP('',(#9895,#9896,#9897,#9898));
#9895 = ORIENTED_EDGE('',*,*,#9763,.T.);
#9896 = ORIENTED_EDGE('',*,*,#9731,.F.);
#9897 = ORIENTED_EDGE('',*,*,#9715,.F.);
#9898 = ORIENTED_EDGE('',*,*,#9812,.T.);
#9899 = PLANE('',#9900);
#9900 = AXIS2_PLACEMENT_3D('',#9901,#9902,#9903);
#9901 = CARTESIAN_POINT('',(1.850000790753,4.034913276061,
    -2.326438434249));
#9902 = DIRECTION('',(4.371138828674E-08,8.742277466279E-08,-1.));
#9903 = DIRECTION('',(-4.371138828674E-08,-1.,-8.742277657348E-08));
#9904 = ADVANCED_FACE('',(#9905),#9939,.T.);
#9905 = FACE_BOUND('',#9906,.T.);
#9906 = EDGE_LOOP('',(#9907,#9917,#9925,#9933));
#9907 = ORIENTED_EDGE('',*,*,#9908,.F.);
#9908 = EDGE_CURVE('',#9909,#9911,#9913,.T.);
#9909 = VERTEX_POINT('',#9910);
#9910 = CARTESIAN_POINT('',(-0.392805202308,7.624913370159,
    -2.281399218438));
#9911 = VERTEX_POINT('',#9912);
#9912 = CARTESIAN_POINT('',(-0.349999054292,7.624913368288,
    -2.281399216566));
#9913 = LINE('',#9914,#9915);
#9914 = CARTESIAN_POINT('',(-0.392805202308,7.624913370159,
    -2.281399218438));
#9915 = VECTOR('',#9916,1.);
#9916 = DIRECTION('',(1.,-4.371139210811E-08,4.371138446537E-08));
#9917 = ORIENTED_EDGE('',*,*,#9918,.F.);
#9918 = EDGE_CURVE('',#9919,#9909,#9921,.T.);
#9919 = VERTEX_POINT('',#9920);
#9920 = CARTESIAN_POINT('',(-0.392805208865,7.474913370159,
    -2.281399231551));
#9921 = LINE('',#9922,#9923);
#9922 = CARTESIAN_POINT('',(-0.392805208865,7.474913370159,
    -2.281399231551));
#9923 = VECTOR('',#9924,1.);
#9924 = DIRECTION('',(4.371138828674E-08,1.,8.742277657348E-08));
#9925 = ORIENTED_EDGE('',*,*,#9926,.T.);
#9926 = EDGE_CURVE('',#9919,#9927,#9929,.T.);
#9927 = VERTEX_POINT('',#9928);
#9928 = CARTESIAN_POINT('',(-0.349999060849,7.474913368288,
    -2.28139922968));
#9929 = LINE('',#9930,#9931);
#9930 = CARTESIAN_POINT('',(-0.392805208865,7.474913370159,
    -2.281399231551));
#9931 = VECTOR('',#9932,1.);
#9932 = DIRECTION('',(1.,-4.371139210811E-08,4.371138446537E-08));
#9933 = ORIENTED_EDGE('',*,*,#9934,.T.);
#9934 = EDGE_CURVE('',#9927,#9911,#9935,.T.);
#9935 = LINE('',#9936,#9937);
#9936 = CARTESIAN_POINT('',(-0.349999060849,7.474913368288,
    -2.28139922968));
#9937 = VECTOR('',#9938,1.);
#9938 = DIRECTION('',(4.371138828674E-08,1.,8.742277657348E-08));
#9939 = PLANE('',#9940);
#9940 = AXIS2_PLACEMENT_3D('',#9941,#9942,#9943);
#9941 = CARTESIAN_POINT('',(-0.392805208865,7.474913370159,
    -2.281399231551));
#9942 = DIRECTION('',(-4.371138828674E-08,-8.742277466279E-08,1.));
#9943 = DIRECTION('',(-1.,4.371139210811E-08,-4.371138446537E-08));
#9944 = ADVANCED_FACE('',(#9945),#9972,.T.);
#9945 = FACE_BOUND('',#9946,.T.);
#9946 = EDGE_LOOP('',(#9947,#9948,#9957,#9965));
#9947 = ORIENTED_EDGE('',*,*,#9918,.T.);
#9948 = ORIENTED_EDGE('',*,*,#9949,.F.);
#9949 = EDGE_CURVE('',#9950,#9909,#9952,.T.);
#9950 = VERTEX_POINT('',#9951);
#9951 = CARTESIAN_POINT('',(-0.438577322777,7.624913372624,
    -2.286707379401));
#9952 = CIRCLE('',#9953,0.2);
#9953 = AXIS2_PLACEMENT_3D('',#9954,#9955,#9956);
#9954 = CARTESIAN_POINT('',(-0.392805193566,7.624913387644,
    -2.481399218438));
#9955 = DIRECTION('',(4.371138828674E-08,1.,8.742277657348E-08));
#9956 = DIRECTION('',(-0.228860646058,-7.509868916045E-08,0.973459195183
    ));
#9957 = ORIENTED_EDGE('',*,*,#9958,.F.);
#9958 = EDGE_CURVE('',#9959,#9950,#9961,.T.);
#9959 = VERTEX_POINT('',#9960);
#9960 = CARTESIAN_POINT('',(-0.438577329334,7.474913372624,
    -2.286707392514));
#9961 = LINE('',#9962,#9963);
#9962 = CARTESIAN_POINT('',(-0.438577329334,7.474913372624,
    -2.286707392514));
#9963 = VECTOR('',#9964,1.);
#9964 = DIRECTION('',(4.371138828674E-08,1.,8.742277657348E-08));
#9965 = ORIENTED_EDGE('',*,*,#9966,.T.);
#9966 = EDGE_CURVE('',#9959,#9919,#9967,.T.);
#9967 = CIRCLE('',#9968,0.2);
#9968 = AXIS2_PLACEMENT_3D('',#9969,#9970,#9971);
#9969 = CARTESIAN_POINT('',(-0.392805200123,7.474913387644,
    -2.481399231551));
#9970 = DIRECTION('',(4.371138828674E-08,1.,8.742277657348E-08));
#9971 = DIRECTION('',(-0.228860646058,-7.509868916045E-08,0.973459195183
    ));
#9972 = CYLINDRICAL_SURFACE('',#9973,0.2);
#9973 = AXIS2_PLACEMENT_3D('',#9974,#9975,#9976);
#9974 = CARTESIAN_POINT('',(-0.392805200123,7.474913387644,
    -2.481399231551));
#9975 = DIRECTION('',(4.371138828674E-08,1.,8.742277657348E-08));
#9976 = DIRECTION('',(4.371138828674E-08,8.742277466279E-08,-1.));
#9977 = ADVANCED_FACE('',(#9978),#10003,.T.);
#9978 = FACE_BOUND('',#9979,.T.);
#9979 = EDGE_LOOP('',(#9980,#9988,#9989,#9997));
#9980 = ORIENTED_EDGE('',*,*,#9981,.T.);
#9981 = EDGE_CURVE('',#9982,#9959,#9984,.T.);
#9982 = VERTEX_POINT('',#9983);
#9983 = CARTESIAN_POINT('',(-0.581869059144,7.474913381833,
    -2.320395335493));
#9984 = LINE('',#9985,#9986);
#9985 = CARTESIAN_POINT('',(-0.581869059144,7.474913381833,
    -2.320395335493));
#9986 = VECTOR('',#9987,1.);
#9987 = DIRECTION('',(0.973459195183,-6.255888598874E-08,0.228860646058)
  );
#9988 = ORIENTED_EDGE('',*,*,#9958,.T.);
#9989 = ORIENTED_EDGE('',*,*,#9990,.F.);
#9990 = EDGE_CURVE('',#9991,#9950,#9993,.T.);
#9991 = VERTEX_POINT('',#9992);
#9992 = CARTESIAN_POINT('',(-0.581869052588,7.624913381833,
    -2.320395322379));
#9993 = LINE('',#9994,#9995);
#9994 = CARTESIAN_POINT('',(-0.581869052588,7.624913381833,
    -2.320395322379));
#9995 = VECTOR('',#9996,1.);
#9996 = DIRECTION('',(0.973459195183,-6.255888598874E-08,0.228860646058)
  );
#9997 = ORIENTED_EDGE('',*,*,#9998,.F.);
#9998 = EDGE_CURVE('',#9982,#9991,#9999,.T.);
#9999 = LINE('',#10000,#10001);
#10000 = CARTESIAN_POINT('',(-0.581869059144,7.474913381833,
    -2.320395335493));
#10001 = VECTOR('',#10002,1.);
#10002 = DIRECTION('',(4.371138828674E-08,1.,8.742277657348E-08));
#10003 = PLANE('',#10004);
#10004 = AXIS2_PLACEMENT_3D('',#10005,#10006,#10007);
#10005 = CARTESIAN_POINT('',(-0.581869059144,7.474913381833,
    -2.320395335493));
#10006 = DIRECTION('',(-0.228860646058,-7.509868916045E-08,
    0.973459195183));
#10007 = DIRECTION('',(-0.973459195183,6.255888598874E-08,
    -0.228860646058));
#10008 = ADVANCED_FACE('',(#10009),#10043,.T.);
#10009 = FACE_BOUND('',#10010,.T.);
#10010 = EDGE_LOOP('',(#10011,#10021,#10029,#10037));
#10011 = ORIENTED_EDGE('',*,*,#10012,.T.);
#10012 = EDGE_CURVE('',#10013,#10015,#10017,.T.);
#10013 = VERTEX_POINT('',#10014);
#10014 = CARTESIAN_POINT('',(-0.349999051449,7.474913387088,
    -2.49643822968));
#10015 = VERTEX_POINT('',#10016);
#10016 = CARTESIAN_POINT('',(-0.634305505815,7.474913399515,
    -2.496438242107));
#10017 = LINE('',#10018,#10019);
#10018 = CARTESIAN_POINT('',(-0.349999051449,7.474913387088,
    -2.49643822968));
#10019 = VECTOR('',#10020,1.);
#10020 = DIRECTION('',(-1.,4.371139210811E-08,-4.371138446537E-08));
#10021 = ORIENTED_EDGE('',*,*,#10022,.F.);
#10022 = EDGE_CURVE('',#10023,#10015,#10025,.T.);
#10023 = VERTEX_POINT('',#10024);
#10024 = CARTESIAN_POINT('',(-0.634305499259,7.624913399515,
    -2.496438228994));
#10025 = LINE('',#10026,#10027);
#10026 = CARTESIAN_POINT('',(-0.634305499259,7.624913399515,
    -2.496438228994));
#10027 = VECTOR('',#10028,1.);
#10028 = DIRECTION('',(-4.371138828674E-08,-1.,-8.742277657348E-08));
#10029 = ORIENTED_EDGE('',*,*,#10030,.F.);
#10030 = EDGE_CURVE('',#10031,#10023,#10033,.T.);
#10031 = VERTEX_POINT('',#10032);
#10032 = CARTESIAN_POINT('',(-0.349999044893,7.624913387088,
    -2.496438216566));
#10033 = LINE('',#10034,#10035);
#10034 = CARTESIAN_POINT('',(-0.349999044893,7.624913387088,
    -2.496438216566));
#10035 = VECTOR('',#10036,1.);
#10036 = DIRECTION('',(-1.,4.371139210811E-08,-4.371138446537E-08));
#10037 = ORIENTED_EDGE('',*,*,#10038,.F.);
#10038 = EDGE_CURVE('',#10013,#10031,#10039,.T.);
#10039 = LINE('',#10040,#10041);
#10040 = CARTESIAN_POINT('',(-0.349999051449,7.474913387088,
    -2.49643822968));
#10041 = VECTOR('',#10042,1.);
#10042 = DIRECTION('',(4.371138828674E-08,1.,8.742277657348E-08));
#10043 = PLANE('',#10044);
#10044 = AXIS2_PLACEMENT_3D('',#10045,#10046,#10047);
#10045 = CARTESIAN_POINT('',(-0.349999051449,7.474913387088,
    -2.49643822968));
#10046 = DIRECTION('',(4.371138828674E-08,8.742277466279E-08,-1.));
#10047 = DIRECTION('',(-4.371138828674E-08,-1.,-8.742277657348E-08));
#10048 = ADVANCED_FACE('',(#10049),#10083,.T.);
#10049 = FACE_BOUND('',#10050,.T.);
#10050 = EDGE_LOOP('',(#10051,#10061,#10069,#10077));
#10051 = ORIENTED_EDGE('',*,*,#10052,.T.);
#10052 = EDGE_CURVE('',#10053,#10055,#10057,.T.);
#10053 = VERTEX_POINT('',#10054);
#10054 = CARTESIAN_POINT('',(-1.049999087349,7.474913345886,
    -1.675149808236));
#10055 = VERTEX_POINT('',#10056);
#10056 = CARTESIAN_POINT('',(-1.049999080792,7.624913345886,
    -1.675149795123));
#10057 = LINE('',#10058,#10059);
#10058 = CARTESIAN_POINT('',(-1.049999087349,7.474913345886,
    -1.675149808236));
#10059 = VECTOR('',#10060,1.);
#10060 = DIRECTION('',(4.371138828674E-08,1.,8.742277657348E-08));
#10061 = ORIENTED_EDGE('',*,*,#10062,.F.);
#10062 = EDGE_CURVE('',#10063,#10055,#10065,.T.);
#10063 = VERTEX_POINT('',#10064);
#10064 = CARTESIAN_POINT('',(-1.020124267467,7.62491334458,
    -1.675149793817));
#10065 = LINE('',#10066,#10067);
#10066 = CARTESIAN_POINT('',(-1.020124267467,7.62491334458,
    -1.675149793817));
#10067 = VECTOR('',#10068,1.);
#10068 = DIRECTION('',(-1.,4.371139210811E-08,-4.371138446537E-08));
#10069 = ORIENTED_EDGE('',*,*,#10070,.F.);
#10070 = EDGE_CURVE('',#10071,#10063,#10073,.T.);
#10071 = VERTEX_POINT('',#10072);
#10072 = CARTESIAN_POINT('',(-1.020124274024,7.47491334458,
    -1.67514980693));
#10073 = LINE('',#10074,#10075);
#10074 = CARTESIAN_POINT('',(-1.020124274024,7.47491334458,
    -1.67514980693));
#10075 = VECTOR('',#10076,1.);
#10076 = DIRECTION('',(4.371138828674E-08,1.,8.742277657348E-08));
#10077 = ORIENTED_EDGE('',*,*,#10078,.T.);
#10078 = EDGE_CURVE('',#10071,#10053,#10079,.T.);
#10079 = LINE('',#10080,#10081);
#10080 = CARTESIAN_POINT('',(-1.020124274024,7.47491334458,
    -1.67514980693));
#10081 = VECTOR('',#10082,1.);
#10082 = DIRECTION('',(-1.,4.371139210811E-08,-4.371138446537E-08));
#10083 = PLANE('',#10084);
#10084 = AXIS2_PLACEMENT_3D('',#10085,#10086,#10087);
#10085 = CARTESIAN_POINT('',(-1.020124274024,7.47491334458,
    -1.67514980693));
#10086 = DIRECTION('',(4.371138828674E-08,8.742277466279E-08,-1.));
#10087 = DIRECTION('',(-4.371138828674E-08,-1.,-8.742277657348E-08));
#10088 = ADVANCED_FACE('',(#10089),#10116,.T.);
#10089 = FACE_BOUND('',#10090,.T.);
#10090 = EDGE_LOOP('',(#10091,#10092,#10101,#10109));
#10091 = ORIENTED_EDGE('',*,*,#10070,.T.);
#10092 = ORIENTED_EDGE('',*,*,#10093,.F.);
#10093 = EDGE_CURVE('',#10094,#10063,#10096,.T.);
#10094 = VERTEX_POINT('',#10095);
#10095 = CARTESIAN_POINT('',(-0.950222702988,7.624913335081,
    -1.601438883456));
#10096 = CIRCLE('',#10097,7.E-02);
#10097 = AXIS2_PLACEMENT_3D('',#10098,#10099,#10100);
#10098 = CARTESIAN_POINT('',(-1.020124270527,7.624913338461,
    -1.605149793817));
#10099 = DIRECTION('',(4.371138828674E-08,1.,8.742277657348E-08));
#10100 = DIRECTION('',(0.998593821974,-4.828446639765E-08,
    5.301300514863E-02));
#10101 = ORIENTED_EDGE('',*,*,#10102,.F.);
#10102 = EDGE_CURVE('',#10103,#10094,#10105,.T.);
#10103 = VERTEX_POINT('',#10104);
#10104 = CARTESIAN_POINT('',(-0.950222709545,7.474913335081,
    -1.60143889657));
#10105 = LINE('',#10106,#10107);
#10106 = CARTESIAN_POINT('',(-0.950222709545,7.474913335081,
    -1.60143889657));
#10107 = VECTOR('',#10108,1.);
#10108 = DIRECTION('',(4.371138828674E-08,1.,8.742277657348E-08));
#10109 = ORIENTED_EDGE('',*,*,#10110,.T.);
#10110 = EDGE_CURVE('',#10103,#10071,#10111,.T.);
#10111 = CIRCLE('',#10112,7.E-02);
#10112 = AXIS2_PLACEMENT_3D('',#10113,#10114,#10115);
#10113 = CARTESIAN_POINT('',(-1.020124277084,7.474913338461,
    -1.60514980693));
#10114 = DIRECTION('',(4.371138828674E-08,1.,8.742277657348E-08));
#10115 = DIRECTION('',(0.998593821974,-4.828446639765E-08,
    5.301300514863E-02));
#10116 = CYLINDRICAL_SURFACE('',#10117,7.E-02);
#10117 = AXIS2_PLACEMENT_3D('',#10118,#10119,#10120);
#10118 = CARTESIAN_POINT('',(-1.020124277084,7.474913338461,
    -1.60514980693));
#10119 = DIRECTION('',(4.371138828674E-08,1.,8.742277657348E-08));
#10120 = DIRECTION('',(4.371138828674E-08,8.742277466279E-08,-1.));
#10121 = ADVANCED_FACE('',(#10122),#10147,.T.);
#10122 = FACE_BOUND('',#10123,.T.);
#10123 = EDGE_LOOP('',(#10124,#10125,#10133,#10141));
#10124 = ORIENTED_EDGE('',*,*,#10102,.T.);
#10125 = ORIENTED_EDGE('',*,*,#10126,.F.);
#10126 = EDGE_CURVE('',#10127,#10094,#10129,.T.);
#10127 = VERTEX_POINT('',#10128);
#10128 = CARTESIAN_POINT('',(-1.299562084114,7.624913350351,
    -1.601438898726));
#10129 = LINE('',#10130,#10131);
#10130 = CARTESIAN_POINT('',(-1.299562084114,7.624913350351,
    -1.601438898726));
#10131 = VECTOR('',#10132,1.);
#10132 = DIRECTION('',(1.,-4.371139210811E-08,4.371138446537E-08));
#10133 = ORIENTED_EDGE('',*,*,#10134,.F.);
#10134 = EDGE_CURVE('',#10135,#10127,#10137,.T.);
#10135 = VERTEX_POINT('',#10136);
#10136 = CARTESIAN_POINT('',(-1.299562090671,7.474913350351,
    -1.60143891184));
#10137 = LINE('',#10138,#10139);
#10138 = CARTESIAN_POINT('',(-1.299562090671,7.474913350351,
    -1.60143891184));
#10139 = VECTOR('',#10140,1.);
#10140 = DIRECTION('',(4.371138828674E-08,1.,8.742277657348E-08));
#10141 = ORIENTED_EDGE('',*,*,#10142,.T.);
#10142 = EDGE_CURVE('',#10135,#10103,#10143,.T.);
#10143 = LINE('',#10144,#10145);
#10144 = CARTESIAN_POINT('',(-1.299562090671,7.474913350351,
    -1.60143891184));
#10145 = VECTOR('',#10146,1.);
#10146 = DIRECTION('',(1.,-4.371139210811E-08,4.371138446537E-08));
#10147 = PLANE('',#10148);
#10148 = AXIS2_PLACEMENT_3D('',#10149,#10150,#10151);
#10149 = CARTESIAN_POINT('',(-1.299562090671,7.474913350351,
    -1.60143891184));
#10150 = DIRECTION('',(-4.371138828674E-08,-8.742277466279E-08,1.));
#10151 = DIRECTION('',(-1.,4.371139210811E-08,-4.371138446537E-08));
#10152 = ADVANCED_FACE('',(#10153),#10178,.T.);
#10153 = FACE_BOUND('',#10154,.T.);
#10154 = EDGE_LOOP('',(#10155,#10156,#10164,#10172));
#10155 = ORIENTED_EDGE('',*,*,#10134,.T.);
#10156 = ORIENTED_EDGE('',*,*,#10157,.F.);
#10157 = EDGE_CURVE('',#10158,#10127,#10160,.T.);
#10158 = VERTEX_POINT('',#10159);
#10159 = CARTESIAN_POINT('',(-1.299562082823,7.624913352933,
    -1.630968258072));
#10160 = LINE('',#10161,#10162);
#10161 = CARTESIAN_POINT('',(-1.299562082823,7.624913352933,
    -1.630968258072));
#10162 = VECTOR('',#10163,1.);
#10163 = DIRECTION('',(-4.371138828674E-08,-8.742277466279E-08,1.));
#10164 = ORIENTED_EDGE('',*,*,#10165,.F.);
#10165 = EDGE_CURVE('',#10166,#10158,#10168,.T.);
#10166 = VERTEX_POINT('',#10167);
#10167 = CARTESIAN_POINT('',(-1.29956208938,7.474913352933,
    -1.630968271186));
#10168 = LINE('',#10169,#10170);
#10169 = CARTESIAN_POINT('',(-1.29956208938,7.474913352933,
    -1.630968271186));
#10170 = VECTOR('',#10171,1.);
#10171 = DIRECTION('',(4.371138828674E-08,1.,8.742277657348E-08));
#10172 = ORIENTED_EDGE('',*,*,#10173,.T.);
#10173 = EDGE_CURVE('',#10166,#10135,#10174,.T.);
#10174 = LINE('',#10175,#10176);
#10175 = CARTESIAN_POINT('',(-1.29956208938,7.474913352933,
    -1.630968271186));
#10176 = VECTOR('',#10177,1.);
#10177 = DIRECTION('',(-4.371138828674E-08,-8.742277466279E-08,1.));
#10178 = PLANE('',#10179);
#10179 = AXIS2_PLACEMENT_3D('',#10180,#10181,#10182);
#10180 = CARTESIAN_POINT('',(-1.29956208938,7.474913352933,
    -1.630968271186));
#10181 = DIRECTION('',(-1.,4.371139210811E-08,-4.371138446537E-08));
#10182 = DIRECTION('',(-4.371138828674E-08,-8.742277466279E-08,1.));
#10183 = ADVANCED_FACE('',(#10184),#10202,.F.);
#10184 = FACE_BOUND('',#10185,.F.);
#10185 = EDGE_LOOP('',(#10186,#10193,#10194,#10201));
#10186 = ORIENTED_EDGE('',*,*,#10187,.T.);
#10187 = EDGE_CURVE('',#1227,#10158,#10188,.T.);
#10188 = CIRCLE('',#10189,5.E-02);
#10189 = AXIS2_PLACEMENT_3D('',#10190,#10191,#10192);
#10190 = CARTESIAN_POINT('',(-1.349562082823,7.624913355118,
    -1.630968260258));
#10191 = DIRECTION('',(-4.371138828674E-08,-1.,-8.742277657348E-08));
#10192 = DIRECTION('',(-8.73995429087E-03,8.780147307221E-08,
    -0.99996180587));
#10193 = ORIENTED_EDGE('',*,*,#10165,.F.);
#10194 = ORIENTED_EDGE('',*,*,#10195,.F.);
#10195 = EDGE_CURVE('',#1236,#10166,#10196,.T.);
#10196 = CIRCLE('',#10197,5.E-02);
#10197 = AXIS2_PLACEMENT_3D('',#10198,#10199,#10200);
#10198 = CARTESIAN_POINT('',(-1.34956208938,7.474913355118,
    -1.630968273371));
#10199 = DIRECTION('',(-4.371138828674E-08,-1.,-8.742277657348E-08));
#10200 = DIRECTION('',(-8.73995429087E-03,8.780147307221E-08,
    -0.99996180587));
#10201 = ORIENTED_EDGE('',*,*,#1235,.T.);
#10202 = CYLINDRICAL_SURFACE('',#10203,5.E-02);
#10203 = AXIS2_PLACEMENT_3D('',#10204,#10205,#10206);
#10204 = CARTESIAN_POINT('',(-1.34956208938,7.474913355118,
    -1.630968273371));
#10205 = DIRECTION('',(4.371138828674E-08,1.,8.742277657348E-08));
#10206 = DIRECTION('',(4.371138828674E-08,8.742277466279E-08,-1.));
#10207 = ADVANCED_FACE('',(#10208),#10233,.T.);
#10208 = FACE_BOUND('',#10209,.T.);
#10209 = EDGE_LOOP('',(#10210,#10211,#10219,#10227));
#10210 = ORIENTED_EDGE('',*,*,#1216,.T.);
#10211 = ORIENTED_EDGE('',*,*,#10212,.F.);
#10212 = EDGE_CURVE('',#10213,#1219,#10215,.T.);
#10213 = VERTEX_POINT('',#10214);
#10214 = CARTESIAN_POINT('',(-1.349999067404,7.624913385776,
    -1.981438260278));
#10215 = LINE('',#10216,#10217);
#10216 = CARTESIAN_POINT('',(-1.349999067404,7.624913385776,
    -1.981438260278));
#10217 = VECTOR('',#10218,1.);
#10218 = DIRECTION('',(-4.371138828674E-08,-8.742277466279E-08,1.));
#10219 = ORIENTED_EDGE('',*,*,#10220,.F.);
#10220 = EDGE_CURVE('',#10221,#10213,#10223,.T.);
#10221 = VERTEX_POINT('',#10222);
#10222 = CARTESIAN_POINT('',(-1.349999073961,7.474913385776,
    -1.981438273391));
#10223 = LINE('',#10224,#10225);
#10224 = CARTESIAN_POINT('',(-1.349999073961,7.474913385776,
    -1.981438273391));
#10225 = VECTOR('',#10226,1.);
#10226 = DIRECTION('',(4.371138828674E-08,1.,8.742277657348E-08));
#10227 = ORIENTED_EDGE('',*,*,#10228,.T.);
#10228 = EDGE_CURVE('',#10221,#1217,#10229,.T.);
#10229 = LINE('',#10230,#10231);
#10230 = CARTESIAN_POINT('',(-1.349999073961,7.474913385776,
    -1.981438273391));
#10231 = VECTOR('',#10232,1.);
#10232 = DIRECTION('',(-4.371138828674E-08,-8.742277466279E-08,1.));
#10233 = PLANE('',#10234);
#10234 = AXIS2_PLACEMENT_3D('',#10235,#10236,#10237);
#10235 = CARTESIAN_POINT('',(-1.349999073961,7.474913385776,
    -1.981438273391));
#10236 = DIRECTION('',(-1.,4.371139210811E-08,-4.371138446537E-08));
#10237 = DIRECTION('',(-4.371138828674E-08,-8.742277466279E-08,1.));
#10238 = ADVANCED_FACE('',(#10239),#10264,.T.);
#10239 = FACE_BOUND('',#10240,.T.);
#10240 = EDGE_LOOP('',(#10241,#10242,#10250,#10258));
#10241 = ORIENTED_EDGE('',*,*,#10220,.T.);
#10242 = ORIENTED_EDGE('',*,*,#10243,.F.);
#10243 = EDGE_CURVE('',#10244,#10213,#10246,.T.);
#10244 = VERTEX_POINT('',#10245);
#10245 = CARTESIAN_POINT('',(-1.28227978977,7.624913382816,
    -1.981438257318));
#10246 = LINE('',#10247,#10248);
#10247 = CARTESIAN_POINT('',(-1.28227978977,7.624913382816,
    -1.981438257318));
#10248 = VECTOR('',#10249,1.);
#10249 = DIRECTION('',(-1.,4.371139210811E-08,-4.371138446537E-08));
#10250 = ORIENTED_EDGE('',*,*,#10251,.F.);
#10251 = EDGE_CURVE('',#10252,#10244,#10254,.T.);
#10252 = VERTEX_POINT('',#10253);
#10253 = CARTESIAN_POINT('',(-1.282279796327,7.474913382816,
    -1.981438270431));
#10254 = LINE('',#10255,#10256);
#10255 = CARTESIAN_POINT('',(-1.282279796327,7.474913382816,
    -1.981438270431));
#10256 = VECTOR('',#10257,1.);
#10257 = DIRECTION('',(4.371138828674E-08,1.,8.742277657348E-08));
#10258 = ORIENTED_EDGE('',*,*,#10259,.T.);
#10259 = EDGE_CURVE('',#10252,#10221,#10260,.T.);
#10260 = LINE('',#10261,#10262);
#10261 = CARTESIAN_POINT('',(-1.282279796327,7.474913382816,
    -1.981438270431));
#10262 = VECTOR('',#10263,1.);
#10263 = DIRECTION('',(-1.,4.371139210811E-08,-4.371138446537E-08));
#10264 = PLANE('',#10265);
#10265 = AXIS2_PLACEMENT_3D('',#10266,#10267,#10268);
#10266 = CARTESIAN_POINT('',(-1.282279796327,7.474913382816,
    -1.981438270431));
#10267 = DIRECTION('',(4.371138828674E-08,8.742277466279E-08,-1.));
#10268 = DIRECTION('',(-4.371138828674E-08,-1.,-8.742277657348E-08));
#10269 = ADVANCED_FACE('',(#10270),#10297,.F.);
#10270 = FACE_BOUND('',#10271,.F.);
#10271 = EDGE_LOOP('',(#10272,#10281,#10289,#10296));
#10272 = ORIENTED_EDGE('',*,*,#10273,.F.);
#10273 = EDGE_CURVE('',#10274,#10252,#10276,.T.);
#10274 = VERTEX_POINT('',#10275);
#10275 = CARTESIAN_POINT('',(-1.260771821087,7.474913382301,
    -1.986300624335));
#10276 = CIRCLE('',#10277,5.E-02);
#10277 = AXIS2_PLACEMENT_3D('',#10278,#10279,#10280);
#10278 = CARTESIAN_POINT('',(-1.282279794141,7.474913387187,
    -2.031438270431));
#10279 = DIRECTION('',(-4.371138828674E-08,-1.,-8.742277657348E-08));
#10280 = DIRECTION('',(0.430159461092,-9.772403422297E-08,0.902752921919
    ));
#10281 = ORIENTED_EDGE('',*,*,#10282,.T.);
#10282 = EDGE_CURVE('',#10274,#10283,#10285,.T.);
#10283 = VERTEX_POINT('',#10284);
#10284 = CARTESIAN_POINT('',(-1.26077181453,7.624913382301,
    -1.986300611222));
#10285 = LINE('',#10286,#10287);
#10286 = CARTESIAN_POINT('',(-1.260771821087,7.474913382301,
    -1.986300624335));
#10287 = VECTOR('',#10288,1.);
#10288 = DIRECTION('',(4.371138828674E-08,1.,8.742277657348E-08));
#10289 = ORIENTED_EDGE('',*,*,#10290,.T.);
#10290 = EDGE_CURVE('',#10283,#10244,#10291,.T.);
#10291 = CIRCLE('',#10292,5.E-02);
#10292 = AXIS2_PLACEMENT_3D('',#10293,#10294,#10295);
#10293 = CARTESIAN_POINT('',(-1.282279787584,7.624913387187,
    -2.031438257318));
#10294 = DIRECTION('',(-4.371138828674E-08,-1.,-8.742277657348E-08));
#10295 = DIRECTION('',(0.430159461092,-9.772403422297E-08,0.902752921919
    ));
#10296 = ORIENTED_EDGE('',*,*,#10251,.F.);
#10297 = CYLINDRICAL_SURFACE('',#10298,5.E-02);
#10298 = AXIS2_PLACEMENT_3D('',#10299,#10300,#10301);
#10299 = CARTESIAN_POINT('',(-1.282279794141,7.474913387187,
    -2.031438270431));
#10300 = DIRECTION('',(4.371138828674E-08,1.,8.742277657348E-08));
#10301 = DIRECTION('',(4.371138828674E-08,8.742277466279E-08,-1.));
#10302 = ADVANCED_FACE('',(#10303),#10328,.T.);
#10303 = FACE_BOUND('',#10304,.T.);
#10304 = EDGE_LOOP('',(#10305,#10313,#10314,#10322));
#10305 = ORIENTED_EDGE('',*,*,#10306,.T.);
#10306 = EDGE_CURVE('',#10307,#10274,#10309,.T.);
#10307 = VERTEX_POINT('',#10308);
#10308 = CARTESIAN_POINT('',(-1.249999073524,7.474913382279,
    -1.991433811029));
#10309 = LINE('',#10310,#10311);
#10310 = CARTESIAN_POINT('',(-1.249999073524,7.474913382279,
    -1.991433811029));
#10311 = VECTOR('',#10312,1.);
#10312 = DIRECTION('',(-0.902752921919,1.854849038977E-09,0.430159461092
    ));
#10313 = ORIENTED_EDGE('',*,*,#10282,.T.);
#10314 = ORIENTED_EDGE('',*,*,#10315,.F.);
#10315 = EDGE_CURVE('',#10316,#10283,#10318,.T.);
#10316 = VERTEX_POINT('',#10317);
#10317 = CARTESIAN_POINT('',(-1.249999066967,7.624913382279,
    -1.991433797915));
#10318 = LINE('',#10319,#10320);
#10319 = CARTESIAN_POINT('',(-1.249999066967,7.624913382279,
    -1.991433797915));
#10320 = VECTOR('',#10321,1.);
#10321 = DIRECTION('',(-0.902752921919,1.854849038977E-09,0.430159461092
    ));
#10322 = ORIENTED_EDGE('',*,*,#10323,.F.);
#10323 = EDGE_CURVE('',#10307,#10316,#10324,.T.);
#10324 = LINE('',#10325,#10326);
#10325 = CARTESIAN_POINT('',(-1.249999073524,7.474913382279,
    -1.991433811029));
#10326 = VECTOR('',#10327,1.);
#10327 = DIRECTION('',(4.371138828674E-08,1.,8.742277657348E-08));
#10328 = PLANE('',#10329);
#10329 = AXIS2_PLACEMENT_3D('',#10330,#10331,#10332);
#10330 = CARTESIAN_POINT('',(-1.249999073524,7.474913382279,
    -1.991433811029));
#10331 = DIRECTION('',(-0.430159461092,9.772403422297E-08,
    -0.902752921919));
#10332 = DIRECTION('',(4.371138828674E-08,1.,8.742277657348E-08));
#10333 = ADVANCED_FACE('',(#10334),#10343,.F.);
#10334 = FACE_BOUND('',#10335,.T.);
#10335 = EDGE_LOOP('',(#10336,#10337,#10338,#10339,#10340,#10341,#10342)
  );
#10336 = ORIENTED_EDGE('',*,*,#9388,.T.);
#10337 = ORIENTED_EDGE('',*,*,#3219,.F.);
#10338 = ORIENTED_EDGE('',*,*,#3177,.F.);
#10339 = ORIENTED_EDGE('',*,*,#3163,.F.);
#10340 = ORIENTED_EDGE('',*,*,#3131,.F.);
#10341 = ORIENTED_EDGE('',*,*,#3073,.F.);
#10342 = ORIENTED_EDGE('',*,*,#9557,.F.);
#10343 = PLANE('',#10344);
#10344 = AXIS2_PLACEMENT_3D('',#10345,#10346,#10347);
#10345 = CARTESIAN_POINT('',(1.85000093347,7.474913260762,
    -2.151438133515));
#10346 = DIRECTION('',(4.371138828674E-08,1.,8.742277657348E-08));
#10347 = DIRECTION('',(1.,-4.371139210811E-08,4.371138446537E-08));
#10348 = ADVANCED_FACE('',(#10349),#10356,.F.);
#10349 = FACE_BOUND('',#10350,.T.);
#10350 = EDGE_LOOP('',(#10351,#10352,#10353,#10354,#10355));
#10351 = ORIENTED_EDGE('',*,*,#3051,.F.);
#10352 = ORIENTED_EDGE('',*,*,#3027,.F.);
#10353 = ORIENTED_EDGE('',*,*,#2995,.F.);
#10354 = ORIENTED_EDGE('',*,*,#2963,.F.);
#10355 = ORIENTED_EDGE('',*,*,#9852,.T.);
#10356 = PLANE('',#10357);
#10357 = AXIS2_PLACEMENT_3D('',#10358,#10359,#10360);
#10358 = CARTESIAN_POINT('',(1.85000093347,7.474913260762,
    -2.151438133515));
#10359 = DIRECTION('',(4.371138828674E-08,1.,8.742277657348E-08));
#10360 = DIRECTION('',(1.,-4.371139210811E-08,4.371138446537E-08));
#10361 = ADVANCED_FACE('',(#10362),#10389,.F.);
#10362 = FACE_BOUND('',#10363,.T.);
#10363 = EDGE_LOOP('',(#10364,#10365,#10366,#10367,#10375,#10382,#10383)
  );
#10364 = ORIENTED_EDGE('',*,*,#9926,.F.);
#10365 = ORIENTED_EDGE('',*,*,#9966,.F.);
#10366 = ORIENTED_EDGE('',*,*,#9981,.F.);
#10367 = ORIENTED_EDGE('',*,*,#10368,.T.);
#10368 = EDGE_CURVE('',#9982,#10369,#10371,.T.);
#10369 = VERTEX_POINT('',#10370);
#10370 = CARTESIAN_POINT('',(-0.58186905735,7.474913385421,
    -2.361438239815));
#10371 = LINE('',#10372,#10373);
#10372 = CARTESIAN_POINT('',(-0.581869059144,7.474913381833,
    -2.320395335493));
#10373 = VECTOR('',#10374,1.);
#10374 = DIRECTION('',(4.371138828674E-08,8.742277466279E-08,-1.));
#10375 = ORIENTED_EDGE('',*,*,#10376,.F.);
#10376 = EDGE_CURVE('',#10015,#10369,#10377,.T.);
#10377 = CIRCLE('',#10378,0.2);
#10378 = AXIS2_PLACEMENT_3D('',#10379,#10380,#10381);
#10379 = CARTESIAN_POINT('',(-0.78186905735,7.474913394163,
    -2.361438248557));
#10380 = DIRECTION('',(-4.371138828674E-08,-1.,-8.742277657348E-08));
#10381 = DIRECTION('',(0.737817757674,2.675933287709E-08,-0.674999967749
    ));
#10382 = ORIENTED_EDGE('',*,*,#10012,.F.);
#10383 = ORIENTED_EDGE('',*,*,#10384,.F.);
#10384 = EDGE_CURVE('',#9927,#10013,#10385,.T.);
#10385 = LINE('',#10386,#10387);
#10386 = CARTESIAN_POINT('',(-0.349999060849,7.474913368288,
    -2.28139922968));
#10387 = VECTOR('',#10388,1.);
#10388 = DIRECTION('',(4.371138828674E-08,8.742277466279E-08,-1.));
#10389 = PLANE('',#10390);
#10390 = AXIS2_PLACEMENT_3D('',#10391,#10392,#10393);
#10391 = CARTESIAN_POINT('',(1.85000093347,7.474913260762,
    -2.151438133515));
#10392 = DIRECTION('',(4.371138828674E-08,1.,8.742277657348E-08));
#10393 = DIRECTION('',(1.,-4.371139210811E-08,4.371138446537E-08));
#10394 = ADVANCED_FACE('',(#10395),#10429,.F.);
#10395 = FACE_BOUND('',#10396,.T.);
#10396 = EDGE_LOOP('',(#10397,#10407,#10413,#10414,#10415,#10416,#10417,
    #10418,#10419,#10420,#10421,#10422,#10423));
#10397 = ORIENTED_EDGE('',*,*,#10398,.F.);
#10398 = EDGE_CURVE('',#10399,#10401,#10403,.T.);
#10399 = VERTEX_POINT('',#10400);
#10400 = CARTESIAN_POINT('',(-1.049999087074,7.474913346436,
    -1.681438260278));
#10401 = VERTEX_POINT('',#10402);
#10402 = CARTESIAN_POINT('',(-1.249999087074,7.474913355178,
    -1.68143826902));
#10403 = LINE('',#10404,#10405);
#10404 = CARTESIAN_POINT('',(-1.049999087074,7.474913346436,
    -1.681438260278));
#10405 = VECTOR('',#10406,1.);
#10406 = DIRECTION('',(-1.,4.371139210811E-08,-4.371138446537E-08));
#10407 = ORIENTED_EDGE('',*,*,#10408,.F.);
#10408 = EDGE_CURVE('',#10053,#10399,#10409,.T.);
#10409 = LINE('',#10410,#10411);
#10410 = CARTESIAN_POINT('',(-1.049999087349,7.474913345886,
    -1.675149808236));
#10411 = VECTOR('',#10412,1.);
#10412 = DIRECTION('',(4.371138828674E-08,8.742277466279E-08,-1.));
#10413 = ORIENTED_EDGE('',*,*,#10078,.F.);
#10414 = ORIENTED_EDGE('',*,*,#10110,.F.);
#10415 = ORIENTED_EDGE('',*,*,#10142,.F.);
#10416 = ORIENTED_EDGE('',*,*,#10173,.F.);
#10417 = ORIENTED_EDGE('',*,*,#10195,.F.);
#10418 = ORIENTED_EDGE('',*,*,#1243,.F.);
#10419 = ORIENTED_EDGE('',*,*,#10228,.F.);
#10420 = ORIENTED_EDGE('',*,*,#10259,.F.);
#10421 = ORIENTED_EDGE('',*,*,#10273,.F.);
#10422 = ORIENTED_EDGE('',*,*,#10306,.F.);
#10423 = ORIENTED_EDGE('',*,*,#10424,.F.);
#10424 = EDGE_CURVE('',#10401,#10307,#10425,.T.);
#10425 = LINE('',#10426,#10427);
#10426 = CARTESIAN_POINT('',(-1.249999087074,7.474913355178,
    -1.68143826902));
#10427 = VECTOR('',#10428,1.);
#10428 = DIRECTION('',(4.371138828674E-08,8.742277466279E-08,-1.));
#10429 = PLANE('',#10430);
#10430 = AXIS2_PLACEMENT_3D('',#10431,#10432,#10433);
#10431 = CARTESIAN_POINT('',(1.85000093347,7.474913260762,
    -2.151438133515));
#10432 = DIRECTION('',(4.371138828674E-08,1.,8.742277657348E-08));
#10433 = DIRECTION('',(1.,-4.371139210811E-08,4.371138446537E-08));
#10434 = ADVANCED_FACE('',(#10435),#10453,.T.);
#10435 = FACE_BOUND('',#10436,.T.);
#10436 = EDGE_LOOP('',(#10437,#10445,#10446,#10447));
#10437 = ORIENTED_EDGE('',*,*,#10438,.F.);
#10438 = EDGE_CURVE('',#10055,#10439,#10441,.T.);
#10439 = VERTEX_POINT('',#10440);
#10440 = CARTESIAN_POINT('',(-1.049999080517,7.624913346436,
    -1.681438247164));
#10441 = LINE('',#10442,#10443);
#10442 = CARTESIAN_POINT('',(-1.049999080792,7.624913345886,
    -1.675149795123));
#10443 = VECTOR('',#10444,1.);
#10444 = DIRECTION('',(4.371138828674E-08,8.742277466279E-08,-1.));
#10445 = ORIENTED_EDGE('',*,*,#10052,.F.);
#10446 = ORIENTED_EDGE('',*,*,#10408,.T.);
#10447 = ORIENTED_EDGE('',*,*,#10448,.T.);
#10448 = EDGE_CURVE('',#10399,#10439,#10449,.T.);
#10449 = LINE('',#10450,#10451);
#10450 = CARTESIAN_POINT('',(-1.049999087074,7.474913346436,
    -1.681438260278));
#10451 = VECTOR('',#10452,1.);
#10452 = DIRECTION('',(4.371138828674E-08,1.,8.742277657348E-08));
#10453 = PLANE('',#10454);
#10454 = AXIS2_PLACEMENT_3D('',#10455,#10456,#10457);
#10455 = CARTESIAN_POINT('',(-1.049999087349,7.474913345886,
    -1.675149808236));
#10456 = DIRECTION('',(1.,-4.371139210811E-08,4.371138446537E-08));
#10457 = DIRECTION('',(-4.371138828674E-08,-1.,-8.742277657348E-08));
#10458 = ADVANCED_FACE('',(#10459),#10468,.T.);
#10459 = FACE_BOUND('',#10460,.T.);
#10460 = EDGE_LOOP('',(#10461,#10462,#10463,#10464,#10465,#10466,#10467)
  );
#10461 = ORIENTED_EDGE('',*,*,#3091,.T.);
#10462 = ORIENTED_EDGE('',*,*,#3123,.T.);
#10463 = ORIENTED_EDGE('',*,*,#3156,.T.);
#10464 = ORIENTED_EDGE('',*,*,#3187,.T.);
#10465 = ORIENTED_EDGE('',*,*,#3210,.T.);
#10466 = ORIENTED_EDGE('',*,*,#9381,.F.);
#10467 = ORIENTED_EDGE('',*,*,#9564,.T.);
#10468 = PLANE('',#10469);
#10469 = AXIS2_PLACEMENT_3D('',#10470,#10471,#10472);
#10470 = CARTESIAN_POINT('',(1.850000940027,7.624913260762,
    -2.151438120401));
#10471 = DIRECTION('',(4.371138828674E-08,1.,8.742277657348E-08));
#10472 = DIRECTION('',(1.,-4.371139210811E-08,4.371138446537E-08));
#10473 = ADVANCED_FACE('',(#10474),#10481,.T.);
#10474 = FACE_BOUND('',#10475,.T.);
#10475 = EDGE_LOOP('',(#10476,#10477,#10478,#10479,#10480));
#10476 = ORIENTED_EDGE('',*,*,#2946,.T.);
#10477 = ORIENTED_EDGE('',*,*,#2988,.T.);
#10478 = ORIENTED_EDGE('',*,*,#3019,.T.);
#10479 = ORIENTED_EDGE('',*,*,#3042,.T.);
#10480 = ORIENTED_EDGE('',*,*,#9845,.F.);
#10481 = PLANE('',#10482);
#10482 = AXIS2_PLACEMENT_3D('',#10483,#10484,#10485);
#10483 = CARTESIAN_POINT('',(1.850000940027,7.624913260762,
    -2.151438120401));
#10484 = DIRECTION('',(4.371138828674E-08,1.,8.742277657348E-08));
#10485 = DIRECTION('',(1.,-4.371139210811E-08,4.371138446537E-08));
#10486 = ADVANCED_FACE('',(#10487),#10514,.T.);
#10487 = FACE_BOUND('',#10488,.T.);
#10488 = EDGE_LOOP('',(#10489,#10490,#10499,#10505,#10506,#10507,#10508)
  );
#10489 = ORIENTED_EDGE('',*,*,#10030,.T.);
#10490 = ORIENTED_EDGE('',*,*,#10491,.T.);
#10491 = EDGE_CURVE('',#10023,#10492,#10494,.T.);
#10492 = VERTEX_POINT('',#10493);
#10493 = CARTESIAN_POINT('',(-0.581869050794,7.624913385421,
    -2.361438226702));
#10494 = CIRCLE('',#10495,0.2);
#10495 = AXIS2_PLACEMENT_3D('',#10496,#10497,#10498);
#10496 = CARTESIAN_POINT('',(-0.781869050794,7.624913394163,
    -2.361438235444));
#10497 = DIRECTION('',(-4.371138828674E-08,-1.,-8.742277657348E-08));
#10498 = DIRECTION('',(0.737817757674,2.675933287709E-08,-0.674999967749
    ));
#10499 = ORIENTED_EDGE('',*,*,#10500,.F.);
#10500 = EDGE_CURVE('',#9991,#10492,#10501,.T.);
#10501 = LINE('',#10502,#10503);
#10502 = CARTESIAN_POINT('',(-0.581869052588,7.624913381833,
    -2.320395322379));
#10503 = VECTOR('',#10504,1.);
#10504 = DIRECTION('',(4.371138828674E-08,8.742277466279E-08,-1.));
#10505 = ORIENTED_EDGE('',*,*,#9990,.T.);
#10506 = ORIENTED_EDGE('',*,*,#9949,.T.);
#10507 = ORIENTED_EDGE('',*,*,#9908,.T.);
#10508 = ORIENTED_EDGE('',*,*,#10509,.T.);
#10509 = EDGE_CURVE('',#9911,#10031,#10510,.T.);
#10510 = LINE('',#10511,#10512);
#10511 = CARTESIAN_POINT('',(-0.349999054292,7.624913368288,
    -2.281399216566));
#10512 = VECTOR('',#10513,1.);
#10513 = DIRECTION('',(4.371138828674E-08,8.742277466279E-08,-1.));
#10514 = PLANE('',#10515);
#10515 = AXIS2_PLACEMENT_3D('',#10516,#10517,#10518);
#10516 = CARTESIAN_POINT('',(1.850000940027,7.624913260762,
    -2.151438120401));
#10517 = DIRECTION('',(4.371138828674E-08,1.,8.742277657348E-08));
#10518 = DIRECTION('',(1.,-4.371139210811E-08,4.371138446537E-08));
#10519 = ADVANCED_FACE('',(#10520),#10547,.T.);
#10520 = FACE_BOUND('',#10521,.T.);
#10521 = EDGE_LOOP('',(#10522,#10523,#10524,#10525,#10526,#10527,#10528,
    #10529,#10530,#10531,#10532,#10533,#10541));
#10522 = ORIENTED_EDGE('',*,*,#10315,.T.);
#10523 = ORIENTED_EDGE('',*,*,#10290,.T.);
#10524 = ORIENTED_EDGE('',*,*,#10243,.T.);
#10525 = ORIENTED_EDGE('',*,*,#10212,.T.);
#10526 = ORIENTED_EDGE('',*,*,#1226,.T.);
#10527 = ORIENTED_EDGE('',*,*,#10187,.T.);
#10528 = ORIENTED_EDGE('',*,*,#10157,.T.);
#10529 = ORIENTED_EDGE('',*,*,#10126,.T.);
#10530 = ORIENTED_EDGE('',*,*,#10093,.T.);
#10531 = ORIENTED_EDGE('',*,*,#10062,.T.);
#10532 = ORIENTED_EDGE('',*,*,#10438,.T.);
#10533 = ORIENTED_EDGE('',*,*,#10534,.T.);
#10534 = EDGE_CURVE('',#10439,#10535,#10537,.T.);
#10535 = VERTEX_POINT('',#10536);
#10536 = CARTESIAN_POINT('',(-1.249999080517,7.624913355178,
    -1.681438255907));
#10537 = LINE('',#10538,#10539);
#10538 = CARTESIAN_POINT('',(-1.049999080517,7.624913346436,
    -1.681438247164));
#10539 = VECTOR('',#10540,1.);
#10540 = DIRECTION('',(-1.,4.371139210811E-08,-4.371138446537E-08));
#10541 = ORIENTED_EDGE('',*,*,#10542,.T.);
#10542 = EDGE_CURVE('',#10535,#10316,#10543,.T.);
#10543 = LINE('',#10544,#10545);
#10544 = CARTESIAN_POINT('',(-1.249999080517,7.624913355178,
    -1.681438255907));
#10545 = VECTOR('',#10546,1.);
#10546 = DIRECTION('',(4.371138828674E-08,8.742277466279E-08,-1.));
#10547 = PLANE('',#10548);
#10548 = AXIS2_PLACEMENT_3D('',#10549,#10550,#10551);
#10549 = CARTESIAN_POINT('',(1.850000940027,7.624913260762,
    -2.151438120401));
#10550 = DIRECTION('',(4.371138828674E-08,1.,8.742277657348E-08));
#10551 = DIRECTION('',(1.,-4.371139210811E-08,4.371138446537E-08));
#10552 = ADVANCED_FACE('',(#10553),#10678,.T.);
#10553 = FACE_BOUND('',#10554,.T.);
#10554 = EDGE_LOOP('',(#10555,#10556,#10564,#10572,#10578,#10586,#10592,
    #10593,#10599,#10600,#10601,#10607,#10608,#10609,#10610,#10616,
    #10617,#10618,#10619,#10625,#10626,#10627,#10628,#10634,#10635,
    #10636,#10637,#10643,#10644,#10645,#10646,#10652,#10653,#10654,
    #10655,#10661,#10662,#10663,#10664,#10672));
#10555 = ORIENTED_EDGE('',*,*,#2260,.T.);
#10556 = ORIENTED_EDGE('',*,*,#10557,.T.);
#10557 = EDGE_CURVE('',#2253,#10558,#10560,.T.);
#10558 = VERTEX_POINT('',#10559);
#10559 = CARTESIAN_POINT('',(-0.581869028938,8.124913385421,
    -2.36143818299));
#10560 = LINE('',#10561,#10562);
#10561 = CARTESIAN_POINT('',(-0.581869030732,8.124913381833,
    -2.320395278668));
#10562 = VECTOR('',#10563,1.);
#10563 = DIRECTION('',(4.371138828674E-08,8.742277466279E-08,-1.));
#10564 = ORIENTED_EDGE('',*,*,#10565,.F.);
#10565 = EDGE_CURVE('',#10566,#10558,#10568,.T.);
#10566 = VERTEX_POINT('',#10567);
#10567 = CARTESIAN_POINT('',(-0.581868997247,8.849913385421,
    -2.361438119609));
#10568 = LINE('',#10569,#10570);
#10569 = CARTESIAN_POINT('',(-0.581868997247,8.849913385421,
    -2.361438119609));
#10570 = VECTOR('',#10571,1.);
#10571 = DIRECTION('',(-4.371138828674E-08,-1.,-8.742277657348E-08));
#10572 = ORIENTED_EDGE('',*,*,#10573,.F.);
#10573 = EDGE_CURVE('',#2147,#10566,#10574,.T.);
#10574 = LINE('',#10575,#10576);
#10575 = CARTESIAN_POINT('',(-0.581869002711,8.849913374493,
    -2.236438119609));
#10576 = VECTOR('',#10577,1.);
#10577 = DIRECTION('',(4.371138828674E-08,8.742277466279E-08,-1.));
#10578 = ORIENTED_EDGE('',*,*,#10579,.F.);
#10579 = EDGE_CURVE('',#10580,#2147,#10582,.T.);
#10580 = VERTEX_POINT('',#10581);
#10581 = CARTESIAN_POINT('',(-0.581869012546,8.849913354823,
    -2.011438119609));
#10582 = LINE('',#10583,#10584);
#10583 = CARTESIAN_POINT('',(-0.581869012546,8.849913354823,
    -2.011438119609));
#10584 = VECTOR('',#10585,1.);
#10585 = DIRECTION('',(4.371138828674E-08,8.742277466279E-08,-1.));
#10586 = ORIENTED_EDGE('',*,*,#10587,.F.);
#10587 = EDGE_CURVE('',#2348,#10580,#10588,.T.);
#10588 = LINE('',#10589,#10590);
#10589 = CARTESIAN_POINT('',(-0.581869029375,8.464913354823,
    -2.011438153267));
#10590 = VECTOR('',#10591,1.);
#10591 = DIRECTION('',(4.371138828674E-08,1.,8.742277657348E-08));
#10592 = ORIENTED_EDGE('',*,*,#2410,.T.);
#10593 = ORIENTED_EDGE('',*,*,#10594,.F.);
#10594 = EDGE_CURVE('',#2741,#2403,#10595,.T.);
#10595 = LINE('',#10596,#10597);
#10596 = CARTESIAN_POINT('',(-0.581869235474,3.749913354823,
    -2.011438565465));
#10597 = VECTOR('',#10598,1.);
#10598 = DIRECTION('',(4.371138828674E-08,1.,8.742277657348E-08));
#10599 = ORIENTED_EDGE('',*,*,#2740,.F.);
#10600 = ORIENTED_EDGE('',*,*,#2732,.F.);
#10601 = ORIENTED_EDGE('',*,*,#10602,.F.);
#10602 = EDGE_CURVE('',#9134,#2733,#10603,.T.);
#10603 = LINE('',#10604,#10605);
#10604 = CARTESIAN_POINT('',(-0.581869188485,4.474913385421,
    -2.361438502084));
#10605 = VECTOR('',#10606,1.);
#10606 = DIRECTION('',(-4.371138828674E-08,-1.,-8.742277657348E-08));
#10607 = ORIENTED_EDGE('',*,*,#9133,.F.);
#10608 = ORIENTED_EDGE('',*,*,#8202,.T.);
#10609 = ORIENTED_EDGE('',*,*,#8920,.T.);
#10610 = ORIENTED_EDGE('',*,*,#10611,.F.);
#10611 = EDGE_CURVE('',#8147,#8912,#10612,.T.);
#10612 = LINE('',#10613,#10614);
#10613 = CARTESIAN_POINT('',(-0.581869166629,4.974913385421,
    -2.361438458372));
#10614 = VECTOR('',#10615,1.);
#10615 = DIRECTION('',(-4.371138828674E-08,-1.,-8.742277657348E-08));
#10616 = ORIENTED_EDGE('',*,*,#8146,.F.);
#10617 = ORIENTED_EDGE('',*,*,#7520,.T.);
#10618 = ORIENTED_EDGE('',*,*,#7978,.T.);
#10619 = ORIENTED_EDGE('',*,*,#10620,.F.);
#10620 = EDGE_CURVE('',#7127,#7970,#10621,.T.);
#10621 = LINE('',#10622,#10623);
#10622 = CARTESIAN_POINT('',(-0.581869144773,5.474913385421,
    -2.361438414661));
#10623 = VECTOR('',#10624,1.);
#10624 = DIRECTION('',(-4.371138828674E-08,-1.,-8.742277657348E-08));
#10625 = ORIENTED_EDGE('',*,*,#7126,.F.);
#10626 = ORIENTED_EDGE('',*,*,#6573,.T.);
#10627 = ORIENTED_EDGE('',*,*,#6991,.T.);
#10628 = ORIENTED_EDGE('',*,*,#10629,.F.);
#10629 = EDGE_CURVE('',#6140,#6983,#10630,.T.);
#10630 = LINE('',#10631,#10632);
#10631 = CARTESIAN_POINT('',(-0.581869122917,5.974913385421,
    -2.361438370949));
#10632 = VECTOR('',#10633,1.);
#10633 = DIRECTION('',(-4.371138828674E-08,-1.,-8.742277657348E-08));
#10634 = ORIENTED_EDGE('',*,*,#6139,.F.);
#10635 = ORIENTED_EDGE('',*,*,#5586,.T.);
#10636 = ORIENTED_EDGE('',*,*,#6004,.T.);
#10637 = ORIENTED_EDGE('',*,*,#10638,.F.);
#10638 = EDGE_CURVE('',#5153,#5996,#10639,.T.);
#10639 = LINE('',#10640,#10641);
#10640 = CARTESIAN_POINT('',(-0.581869101062,6.474913385421,
    -2.361438327238));
#10641 = VECTOR('',#10642,1.);
#10642 = DIRECTION('',(-4.371138828674E-08,-1.,-8.742277657348E-08));
#10643 = ORIENTED_EDGE('',*,*,#5152,.F.);
#10644 = ORIENTED_EDGE('',*,*,#4599,.T.);
#10645 = ORIENTED_EDGE('',*,*,#5017,.T.);
#10646 = ORIENTED_EDGE('',*,*,#10647,.F.);
#10647 = EDGE_CURVE('',#4166,#5009,#10648,.T.);
#10648 = LINE('',#10649,#10650);
#10649 = CARTESIAN_POINT('',(-0.581869079206,6.974913385421,
    -2.361438283527));
#10650 = VECTOR('',#10651,1.);
#10651 = DIRECTION('',(-4.371138828674E-08,-1.,-8.742277657348E-08));
#10652 = ORIENTED_EDGE('',*,*,#4165,.F.);
#10653 = ORIENTED_EDGE('',*,*,#3612,.T.);
#10654 = ORIENTED_EDGE('',*,*,#4030,.T.);
#10655 = ORIENTED_EDGE('',*,*,#10656,.F.);
#10656 = EDGE_CURVE('',#10369,#4022,#10657,.T.);
#10657 = LINE('',#10658,#10659);
#10658 = CARTESIAN_POINT('',(-0.58186905735,7.474913385421,
    -2.361438239815));
#10659 = VECTOR('',#10660,1.);
#10660 = DIRECTION('',(-4.371138828674E-08,-1.,-8.742277657348E-08));
#10661 = ORIENTED_EDGE('',*,*,#10368,.F.);
#10662 = ORIENTED_EDGE('',*,*,#9998,.T.);
#10663 = ORIENTED_EDGE('',*,*,#10500,.T.);
#10664 = ORIENTED_EDGE('',*,*,#10665,.F.);
#10665 = EDGE_CURVE('',#10666,#10492,#10668,.T.);
#10666 = VERTEX_POINT('',#10667);
#10667 = CARTESIAN_POINT('',(-0.581869035495,7.974913385421,
    -2.361438196104));
#10668 = LINE('',#10669,#10670);
#10669 = CARTESIAN_POINT('',(-0.581869035495,7.974913385421,
    -2.361438196104));
#10670 = VECTOR('',#10671,1.);
#10671 = DIRECTION('',(-4.371138828674E-08,-1.,-8.742277657348E-08));
#10672 = ORIENTED_EDGE('',*,*,#10673,.F.);
#10673 = EDGE_CURVE('',#2244,#10666,#10674,.T.);
#10674 = LINE('',#10675,#10676);
#10675 = CARTESIAN_POINT('',(-0.581869037289,7.974913381833,
    -2.320395291781));
#10676 = VECTOR('',#10677,1.);
#10677 = DIRECTION('',(4.371138828674E-08,8.742277466279E-08,-1.));
#10678 = PLANE('',#10679);
#10679 = AXIS2_PLACEMENT_3D('',#10680,#10681,#10682);
#10680 = CARTESIAN_POINT('',(-0.581869012546,8.849913354823,
    -2.011438119609));
#10681 = DIRECTION('',(1.,-4.371139210811E-08,4.371138446537E-08));
#10682 = DIRECTION('',(-4.371138828674E-08,-1.,-8.742277657348E-08));
#10683 = ADVANCED_FACE('',(#10684),#10718,.T.);
#10684 = FACE_BOUND('',#10685,.T.);
#10685 = EDGE_LOOP('',(#10686,#10696,#10704,#10712));
#10686 = ORIENTED_EDGE('',*,*,#10687,.T.);
#10687 = EDGE_CURVE('',#10688,#10690,#10692,.T.);
#10688 = VERTEX_POINT('',#10689);
#10689 = CARTESIAN_POINT('',(-0.349999029594,7.974913387088,
    -2.496438185968));
#10690 = VERTEX_POINT('',#10691);
#10691 = CARTESIAN_POINT('',(-0.63430548396,7.974913399515,
    -2.496438198396));
#10692 = LINE('',#10693,#10694);
#10693 = CARTESIAN_POINT('',(-0.349999029594,7.974913387088,
    -2.496438185968));
#10694 = VECTOR('',#10695,1.);
#10695 = DIRECTION('',(-1.,4.371139210811E-08,-4.371138446537E-08));
#10696 = ORIENTED_EDGE('',*,*,#10697,.F.);
#10697 = EDGE_CURVE('',#10698,#10690,#10700,.T.);
#10698 = VERTEX_POINT('',#10699);
#10699 = CARTESIAN_POINT('',(-0.634305477403,8.124913399515,
    -2.496438185282));
#10700 = LINE('',#10701,#10702);
#10701 = CARTESIAN_POINT('',(-0.634305477403,8.124913399515,
    -2.496438185282));
#10702 = VECTOR('',#10703,1.);
#10703 = DIRECTION('',(-4.371138828674E-08,-1.,-8.742277657348E-08));
#10704 = ORIENTED_EDGE('',*,*,#10705,.F.);
#10705 = EDGE_CURVE('',#10706,#10698,#10708,.T.);
#10706 = VERTEX_POINT('',#10707);
#10707 = CARTESIAN_POINT('',(-0.349999023037,8.124913387088,
    -2.496438172855));
#10708 = LINE('',#10709,#10710);
#10709 = CARTESIAN_POINT('',(-0.349999023037,8.124913387088,
    -2.496438172855));
#10710 = VECTOR('',#10711,1.);
#10711 = DIRECTION('',(-1.,4.371139210811E-08,-4.371138446537E-08));
#10712 = ORIENTED_EDGE('',*,*,#10713,.F.);
#10713 = EDGE_CURVE('',#10688,#10706,#10714,.T.);
#10714 = LINE('',#10715,#10716);
#10715 = CARTESIAN_POINT('',(-0.349999029594,7.974913387088,
    -2.496438185968));
#10716 = VECTOR('',#10717,1.);
#10717 = DIRECTION('',(4.371138828674E-08,1.,8.742277657348E-08));
#10718 = PLANE('',#10719);
#10719 = AXIS2_PLACEMENT_3D('',#10720,#10721,#10722);
#10720 = CARTESIAN_POINT('',(-0.349999029594,7.974913387088,
    -2.496438185968));
#10721 = DIRECTION('',(4.371138828674E-08,8.742277466279E-08,-1.));
#10722 = DIRECTION('',(-4.371138828674E-08,-1.,-8.742277657348E-08));
#10723 = ADVANCED_FACE('',(#10724),#10787,.T.);
#10724 = FACE_BOUND('',#10725,.T.);
#10725 = EDGE_LOOP('',(#10726,#10727,#10728,#10729,#10730,#10731,#10732,
    #10733,#10734,#10735,#10736,#10737,#10738,#10739,#10740,#10741,
    #10742,#10743,#10744,#10745,#10746,#10747,#10748,#10749,#10750,
    #10751,#10752,#10753,#10754,#10755,#10756,#10764,#10771,#10772,
    #10779,#10780));
#10726 = ORIENTED_EDGE('',*,*,#10665,.T.);
#10727 = ORIENTED_EDGE('',*,*,#10491,.F.);
#10728 = ORIENTED_EDGE('',*,*,#10022,.T.);
#10729 = ORIENTED_EDGE('',*,*,#10376,.T.);
#10730 = ORIENTED_EDGE('',*,*,#10656,.T.);
#10731 = ORIENTED_EDGE('',*,*,#4021,.F.);
#10732 = ORIENTED_EDGE('',*,*,#3556,.T.);
#10733 = ORIENTED_EDGE('',*,*,#4173,.T.);
#10734 = ORIENTED_EDGE('',*,*,#10647,.T.);
#10735 = ORIENTED_EDGE('',*,*,#5008,.F.);
#10736 = ORIENTED_EDGE('',*,*,#4543,.T.);
#10737 = ORIENTED_EDGE('',*,*,#5160,.T.);
#10738 = ORIENTED_EDGE('',*,*,#10638,.T.);
#10739 = ORIENTED_EDGE('',*,*,#5995,.F.);
#10740 = ORIENTED_EDGE('',*,*,#5530,.T.);
#10741 = ORIENTED_EDGE('',*,*,#6147,.T.);
#10742 = ORIENTED_EDGE('',*,*,#10629,.T.);
#10743 = ORIENTED_EDGE('',*,*,#6982,.F.);
#10744 = ORIENTED_EDGE('',*,*,#6517,.T.);
#10745 = ORIENTED_EDGE('',*,*,#7134,.T.);
#10746 = ORIENTED_EDGE('',*,*,#10620,.T.);
#10747 = ORIENTED_EDGE('',*,*,#7969,.F.);
#10748 = ORIENTED_EDGE('',*,*,#8044,.T.);
#10749 = ORIENTED_EDGE('',*,*,#8154,.T.);
#10750 = ORIENTED_EDGE('',*,*,#10611,.T.);
#10751 = ORIENTED_EDGE('',*,*,#8911,.F.);
#10752 = ORIENTED_EDGE('',*,*,#9031,.T.);
#10753 = ORIENTED_EDGE('',*,*,#9141,.T.);
#10754 = ORIENTED_EDGE('',*,*,#10602,.T.);
#10755 = ORIENTED_EDGE('',*,*,#2777,.F.);
#10756 = ORIENTED_EDGE('',*,*,#10757,.F.);
#10757 = EDGE_CURVE('',#10758,#2770,#10760,.T.);
#10758 = VERTEX_POINT('',#10759);
#10759 = CARTESIAN_POINT('',(-0.781868988505,8.849913411648,
    -2.561438128351));
#10760 = LINE('',#10761,#10762);
#10761 = CARTESIAN_POINT('',(-0.781868988505,8.849913411648,
    -2.561438128351));
#10762 = VECTOR('',#10763,1.);
#10763 = DIRECTION('',(-4.371138828674E-08,-1.,-8.742277657348E-08));
#10764 = ORIENTED_EDGE('',*,*,#10765,.F.);
#10765 = EDGE_CURVE('',#10566,#10758,#10766,.T.);
#10766 = CIRCLE('',#10767,0.2);
#10767 = AXIS2_PLACEMENT_3D('',#10768,#10769,#10770);
#10768 = CARTESIAN_POINT('',(-0.781868997247,8.849913394163,
    -2.361438128351));
#10769 = DIRECTION('',(4.371138828674E-08,1.,8.742277657348E-08));
#10770 = DIRECTION('',(1.,-4.371139210811E-08,4.371138446537E-08));
#10771 = ORIENTED_EDGE('',*,*,#10565,.T.);
#10772 = ORIENTED_EDGE('',*,*,#10773,.F.);
#10773 = EDGE_CURVE('',#10698,#10558,#10774,.T.);
#10774 = CIRCLE('',#10775,0.2);
#10775 = AXIS2_PLACEMENT_3D('',#10776,#10777,#10778);
#10776 = CARTESIAN_POINT('',(-0.781869028938,8.124913394163,
    -2.361438191733));
#10777 = DIRECTION('',(-4.371138828674E-08,-1.,-8.742277657348E-08));
#10778 = DIRECTION('',(0.737817757674,2.675933287709E-08,-0.674999967749
    ));
#10779 = ORIENTED_EDGE('',*,*,#10697,.T.);
#10780 = ORIENTED_EDGE('',*,*,#10781,.T.);
#10781 = EDGE_CURVE('',#10690,#10666,#10782,.T.);
#10782 = CIRCLE('',#10783,0.2);
#10783 = AXIS2_PLACEMENT_3D('',#10784,#10785,#10786);
#10784 = CARTESIAN_POINT('',(-0.781869035495,7.974913394163,
    -2.361438204846));
#10785 = DIRECTION('',(-4.371138828674E-08,-1.,-8.742277657348E-08));
#10786 = DIRECTION('',(0.737817757674,2.675933287709E-08,-0.674999967749
    ));
#10787 = CYLINDRICAL_SURFACE('',#10788,0.2);
#10788 = AXIS2_PLACEMENT_3D('',#10789,#10790,#10791);
#10789 = CARTESIAN_POINT('',(-0.781868635684,17.121513394163,
    -2.361437405225));
#10790 = DIRECTION('',(-4.371138828674E-08,-1.,-8.742277657348E-08));
#10791 = DIRECTION('',(4.371138828674E-08,8.742277466279E-08,-1.));
#10792 = ADVANCED_FACE('',(#10793),#10804,.T.);
#10793 = FACE_BOUND('',#10794,.T.);
#10794 = EDGE_LOOP('',(#10795,#10796,#10797,#10803));
#10795 = ORIENTED_EDGE('',*,*,#2769,.F.);
#10796 = ORIENTED_EDGE('',*,*,#2692,.T.);
#10797 = ORIENTED_EDGE('',*,*,#10798,.F.);
#10798 = EDGE_CURVE('',#10758,#2695,#10799,.T.);
#10799 = LINE('',#10800,#10801);
#10800 = CARTESIAN_POINT('',(-0.781868988505,8.849913411648,
    -2.561438128351));
#10801 = VECTOR('',#10802,1.);
#10802 = DIRECTION('',(-1.,4.371139210811E-08,-4.371138446537E-08));
#10803 = ORIENTED_EDGE('',*,*,#10757,.T.);
#10804 = PLANE('',#10805);
#10805 = AXIS2_PLACEMENT_3D('',#10806,#10807,#10808);
#10806 = CARTESIAN_POINT('',(-0.581868988505,8.849913402905,
    -2.561438119609));
#10807 = DIRECTION('',(4.371138828674E-08,8.742277466279E-08,-1.));
#10808 = DIRECTION('',(-4.371138828674E-08,-1.,-8.742277657348E-08));
#10809 = ADVANCED_FACE('',(#10810,#10846),#10853,.T.);
#10810 = FACE_BOUND('',#10811,.T.);
#10811 = EDGE_LOOP('',(#10812,#10813,#10814,#10815,#10816,#10817,#10823,
    #10824,#10832,#10840));
#10812 = ORIENTED_EDGE('',*,*,#10579,.T.);
#10813 = ORIENTED_EDGE('',*,*,#10573,.T.);
#10814 = ORIENTED_EDGE('',*,*,#10765,.T.);
#10815 = ORIENTED_EDGE('',*,*,#10798,.T.);
#10816 = ORIENTED_EDGE('',*,*,#2718,.T.);
#10817 = ORIENTED_EDGE('',*,*,#10818,.T.);
#10818 = EDGE_CURVE('',#2711,#1982,#10819,.T.);
#10819 = LINE('',#10820,#10821);
#10820 = CARTESIAN_POINT('',(-1.491670984134,8.849913451416,
    -2.661438159378));
#10821 = VECTOR('',#10822,1.);
#10822 = DIRECTION('',(-1.,4.371139210811E-08,-4.371138446537E-08));
#10823 = ORIENTED_EDGE('',*,*,#1981,.T.);
#10824 = ORIENTED_EDGE('',*,*,#10825,.T.);
#10825 = EDGE_CURVE('',#1984,#10826,#10828,.T.);
#10826 = VERTEX_POINT('',#10827);
#10827 = CARTESIAN_POINT('',(-1.381871104268,8.849913407277,
    -2.211438154578));
#10828 = LINE('',#10829,#10830);
#10829 = CARTESIAN_POINT('',(-1.681869003804,8.84991342039,
    -2.211438167691));
#10830 = VECTOR('',#10831,1.);
#10831 = DIRECTION('',(1.,-4.371139210811E-08,4.371138446537E-08));
#10832 = ORIENTED_EDGE('',*,*,#10833,.F.);
#10833 = EDGE_CURVE('',#10834,#10826,#10836,.T.);
#10834 = VERTEX_POINT('',#10835);
#10835 = CARTESIAN_POINT('',(-1.38187111301,8.849913389792,
    -2.011438154578));
#10836 = LINE('',#10837,#10838);
#10837 = CARTESIAN_POINT('',(-1.38187111301,8.849913389792,
    -2.011438154578));
#10838 = VECTOR('',#10839,1.);
#10839 = DIRECTION('',(4.371138828674E-08,8.742277466279E-08,-1.));
#10840 = ORIENTED_EDGE('',*,*,#10841,.T.);
#10841 = EDGE_CURVE('',#10834,#10580,#10842,.T.);
#10842 = LINE('',#10843,#10844);
#10843 = CARTESIAN_POINT('',(-1.38187111301,8.849913389792,
    -2.011438154578));
#10844 = VECTOR('',#10845,1.);
#10845 = DIRECTION('',(1.,-4.371139210811E-08,4.371138446537E-08));
#10846 = FACE_BOUND('',#10847,.T.);
#10847 = EDGE_LOOP('',(#10848,#10849,#10850,#10851,#10852));
#10848 = ORIENTED_EDGE('',*,*,#2146,.T.);
#10849 = ORIENTED_EDGE('',*,*,#2129,.T.);
#10850 = ORIENTED_EDGE('',*,*,#2104,.T.);
#10851 = ORIENTED_EDGE('',*,*,#2080,.T.);
#10852 = ORIENTED_EDGE('',*,*,#2155,.T.);
#10853 = PLANE('',#10854);
#10854 = AXIS2_PLACEMENT_3D('',#10855,#10856,#10857);
#10855 = CARTESIAN_POINT('',(1.850001015429,8.849913304473,
    -2.651438013308));
#10856 = DIRECTION('',(4.371138828674E-08,1.,8.742277657348E-08));
#10857 = DIRECTION('',(1.,-4.371139210811E-08,4.371138446537E-08));
#10858 = ADVANCED_FACE('',(#10859,#10864),#10877,.T.);
#10859 = FACE_BOUND('',#10860,.T.);
#10860 = EDGE_LOOP('',(#10861,#10862,#10863));
#10861 = ORIENTED_EDGE('',*,*,#1950,.F.);
#10862 = ORIENTED_EDGE('',*,*,#1926,.F.);
#10863 = ORIENTED_EDGE('',*,*,#1967,.F.);
#10864 = FACE_BOUND('',#10865,.T.);
#10865 = EDGE_LOOP('',(#10866,#10867,#10868,#10869,#10875,#10876));
#10866 = ORIENTED_EDGE('',*,*,#2710,.F.);
#10867 = ORIENTED_EDGE('',*,*,#2762,.F.);
#10868 = ORIENTED_EDGE('',*,*,#2678,.T.);
#10869 = ORIENTED_EDGE('',*,*,#10870,.T.);
#10870 = EDGE_CURVE('',#2671,#1992,#10871,.T.);
#10871 = LINE('',#10872,#10873);
#10872 = CARTESIAN_POINT('',(-1.98186919832,3.949912962139,
    -2.661438609176));
#10873 = VECTOR('',#10874,1.);
#10874 = DIRECTION('',(4.371138828674E-08,1.,8.742277657348E-08));
#10875 = ORIENTED_EDGE('',*,*,#1991,.T.);
#10876 = ORIENTED_EDGE('',*,*,#10818,.F.);
#10877 = PLANE('',#10878);
#10878 = AXIS2_PLACEMENT_3D('',#10879,#10880,#10881);
#10879 = CARTESIAN_POINT('',(-1.491670984134,8.849913451416,
    -2.661438159378));
#10880 = DIRECTION('',(4.371138828674E-08,8.742277466279E-08,-1.));
#10881 = DIRECTION('',(-4.371138828674E-08,-1.,-8.742277657348E-08));
#10882 = ADVANCED_FACE('',(#10883),#10894,.T.);
#10883 = FACE_BOUND('',#10884,.T.);
#10884 = EDGE_LOOP('',(#10885,#10886,#10892,#10893));
#10885 = ORIENTED_EDGE('',*,*,#2670,.F.);
#10886 = ORIENTED_EDGE('',*,*,#10887,.T.);
#10887 = EDGE_CURVE('',#2663,#2000,#10888,.T.);
#10888 = LINE('',#10889,#10890);
#10889 = CARTESIAN_POINT('',(-1.98186921799,3.949912922798,
    -2.211438609176));
#10890 = VECTOR('',#10891,1.);
#10891 = DIRECTION('',(4.371138828674E-08,1.,8.742277657348E-08));
#10892 = ORIENTED_EDGE('',*,*,#1999,.F.);
#10893 = ORIENTED_EDGE('',*,*,#10870,.F.);
#10894 = PLANE('',#10895);
#10895 = AXIS2_PLACEMENT_3D('',#10896,#10897,#10898);
#10896 = CARTESIAN_POINT('',(-1.981868984134,8.849913472844,
    -2.661438180805));
#10897 = DIRECTION('',(-1.,4.371139210811E-08,-4.371138446537E-08));
#10898 = DIRECTION('',(-4.371138828674E-08,-8.742277466279E-08,1.));
#10899 = ADVANCED_FACE('',(#10900),#10931,.T.);
#10900 = FACE_BOUND('',#10901,.T.);
#10901 = EDGE_LOOP('',(#10902,#10903,#10904,#10905,#10906,#10914,#10922,
    #10928,#10929,#10930));
#10902 = ORIENTED_EDGE('',*,*,#2662,.T.);
#10903 = ORIENTED_EDGE('',*,*,#2755,.T.);
#10904 = ORIENTED_EDGE('',*,*,#2622,.T.);
#10905 = ORIENTED_EDGE('',*,*,#2607,.T.);
#10906 = ORIENTED_EDGE('',*,*,#10907,.F.);
#10907 = EDGE_CURVE('',#10908,#2600,#10910,.T.);
#10908 = VERTEX_POINT('',#10909);
#10909 = CARTESIAN_POINT('',(-1.731871130495,8.249913422576,
    -2.211438222331));
#10910 = LINE('',#10911,#10912);
#10911 = CARTESIAN_POINT('',(-1.731871130495,8.249913422576,
    -2.211438222331));
#10912 = VECTOR('',#10913,1.);
#10913 = DIRECTION('',(-4.371138828674E-08,-1.,-8.742277657348E-08));
#10914 = ORIENTED_EDGE('',*,*,#10915,.T.);
#10915 = EDGE_CURVE('',#10908,#10916,#10918,.T.);
#10916 = VERTEX_POINT('',#10917);
#10917 = CARTESIAN_POINT('',(-1.381871130495,8.249913407277,
    -2.211438207032));
#10918 = LINE('',#10919,#10920);
#10919 = CARTESIAN_POINT('',(-1.731871130495,8.249913422576,
    -2.211438222331));
#10920 = VECTOR('',#10921,1.);
#10921 = DIRECTION('',(1.,-4.371139210811E-08,4.371138446537E-08));
#10922 = ORIENTED_EDGE('',*,*,#10923,.T.);
#10923 = EDGE_CURVE('',#10916,#10826,#10924,.T.);
#10924 = LINE('',#10925,#10926);
#10925 = CARTESIAN_POINT('',(-1.381871130495,8.249913407277,
    -2.211438207032));
#10926 = VECTOR('',#10927,1.);
#10927 = DIRECTION('',(4.371138828674E-08,1.,8.742277657348E-08));
#10928 = ORIENTED_EDGE('',*,*,#10825,.F.);
#10929 = ORIENTED_EDGE('',*,*,#2007,.T.);
#10930 = ORIENTED_EDGE('',*,*,#10887,.F.);
#10931 = PLANE('',#10932);
#10932 = AXIS2_PLACEMENT_3D('',#10933,#10934,#10935);
#10933 = CARTESIAN_POINT('',(1.850000996196,8.849913266007,
    -2.211438013308));
#10934 = DIRECTION('',(-4.371138828674E-08,-8.742277466279E-08,1.));
#10935 = DIRECTION('',(-1.,4.371139210811E-08,-4.371138446537E-08));
#10936 = ADVANCED_FACE('',(#10937),#10955,.T.);
#10937 = FACE_BOUND('',#10938,.T.);
#10938 = EDGE_LOOP('',(#10939,#10940,#10948,#10954));
#10939 = ORIENTED_EDGE('',*,*,#2599,.F.);
#10940 = ORIENTED_EDGE('',*,*,#10941,.F.);
#10941 = EDGE_CURVE('',#10942,#2592,#10944,.T.);
#10942 = VERTEX_POINT('',#10943);
#10943 = CARTESIAN_POINT('',(-1.68187113268,8.249913416019,
    -2.161438220145));
#10944 = LINE('',#10945,#10946);
#10945 = CARTESIAN_POINT('',(-1.68187113268,8.249913416019,
    -2.161438220145));
#10946 = VECTOR('',#10947,1.);
#10947 = DIRECTION('',(-4.371138828674E-08,-1.,-8.742277657348E-08));
#10948 = ORIENTED_EDGE('',*,*,#10949,.F.);
#10949 = EDGE_CURVE('',#10908,#10942,#10950,.T.);
#10950 = LINE('',#10951,#10952);
#10951 = CARTESIAN_POINT('',(-1.731871130495,8.249913422576,
    -2.211438222331));
#10952 = VECTOR('',#10953,1.);
#10953 = DIRECTION('',(0.707106750278,-9.272585856895E-08,0.707106812095
    ));
#10954 = ORIENTED_EDGE('',*,*,#10907,.T.);
#10955 = PLANE('',#10956);
#10956 = AXIS2_PLACEMENT_3D('',#10957,#10958,#10959);
#10957 = CARTESIAN_POINT('',(-1.706871216825,6.299913419297,
    -2.186438391712));
#10958 = DIRECTION('',(-0.707106812095,-3.090861501945E-08,
    0.707106750278));
#10959 = DIRECTION('',(0.707106750278,-9.272585856895E-08,0.707106812095
    ));
#10960 = ADVANCED_FACE('',(#10961),#10979,.F.);
#10961 = FACE_BOUND('',#10962,.T.);
#10962 = EDGE_LOOP('',(#10963,#10964,#10972,#10978));
#10963 = ORIENTED_EDGE('',*,*,#2591,.F.);
#10964 = ORIENTED_EDGE('',*,*,#10965,.T.);
#10965 = EDGE_CURVE('',#2584,#10966,#10968,.T.);
#10966 = VERTEX_POINT('',#10967);
#10967 = CARTESIAN_POINT('',(-1.681871139237,8.249913402906,
    -2.011438220145));
#10968 = LINE('',#10969,#10970);
#10969 = CARTESIAN_POINT('',(-1.681871309711,4.349913402906,
    -2.011438561094));
#10970 = VECTOR('',#10971,1.);
#10971 = DIRECTION('',(4.371138828674E-08,1.,8.742277657348E-08));
#10972 = ORIENTED_EDGE('',*,*,#10973,.T.);
#10973 = EDGE_CURVE('',#10966,#10942,#10974,.T.);
#10974 = LINE('',#10975,#10976);
#10975 = CARTESIAN_POINT('',(-1.681871139237,8.249913402906,
    -2.011438220145));
#10976 = VECTOR('',#10977,1.);
#10977 = DIRECTION('',(4.371138828674E-08,8.742277466279E-08,-1.));
#10978 = ORIENTED_EDGE('',*,*,#10941,.T.);
#10979 = PLANE('',#10980);
#10980 = AXIS2_PLACEMENT_3D('',#10981,#10982,#10983);
#10981 = CARTESIAN_POINT('',(-1.681871309711,4.349913402906,
    -2.011438561094));
#10982 = DIRECTION('',(1.,-4.371139210811E-08,4.371138446537E-08));
#10983 = DIRECTION('',(-4.371138828674E-08,-1.,-8.742277657348E-08));
#10984 = ADVANCED_FACE('',(#10985),#11004,.F.);
#10985 = FACE_BOUND('',#10986,.T.);
#10986 = EDGE_LOOP('',(#10987,#10995,#11001,#11002,#11003));
#10987 = ORIENTED_EDGE('',*,*,#10988,.T.);
#10988 = EDGE_CURVE('',#10966,#10989,#10991,.T.);
#10989 = VERTEX_POINT('',#10990);
#10990 = CARTESIAN_POINT('',(-1.381871139237,8.249913389792,
    -2.011438207032));
#10991 = LINE('',#10992,#10993);
#10992 = CARTESIAN_POINT('',(-1.681871139237,8.249913402906,
    -2.011438220145));
#10993 = VECTOR('',#10994,1.);
#10994 = DIRECTION('',(1.,-4.371139210811E-08,4.371138446537E-08));
#10995 = ORIENTED_EDGE('',*,*,#10996,.T.);
#10996 = EDGE_CURVE('',#10989,#10916,#10997,.T.);
#10997 = LINE('',#10998,#10999);
#10998 = CARTESIAN_POINT('',(-1.381871139237,8.249913389792,
    -2.011438207032));
#10999 = VECTOR('',#11000,1.);
#11000 = DIRECTION('',(4.371138828674E-08,8.742277466279E-08,-1.));
#11001 = ORIENTED_EDGE('',*,*,#10915,.F.);
#11002 = ORIENTED_EDGE('',*,*,#10949,.T.);
#11003 = ORIENTED_EDGE('',*,*,#10973,.F.);
#11004 = PLANE('',#11005);
#11005 = AXIS2_PLACEMENT_3D('',#11006,#11007,#11008);
#11006 = CARTESIAN_POINT('',(-1.681871139237,8.249913402906,
    -2.011438220145));
#11007 = DIRECTION('',(-4.371138828674E-08,-1.,-8.742277657348E-08));
#11008 = DIRECTION('',(4.371138828674E-08,8.742277466279E-08,-1.));
#11009 = ADVANCED_FACE('',(#11010),#11021,.F.);
#11010 = FACE_BOUND('',#11011,.T.);
#11011 = EDGE_LOOP('',(#11012,#11013,#11014,#11015));
#11012 = ORIENTED_EDGE('',*,*,#10833,.T.);
#11013 = ORIENTED_EDGE('',*,*,#10923,.F.);
#11014 = ORIENTED_EDGE('',*,*,#10996,.F.);
#11015 = ORIENTED_EDGE('',*,*,#11016,.T.);
#11016 = EDGE_CURVE('',#10989,#10834,#11017,.T.);
#11017 = LINE('',#11018,#11019);
#11018 = CARTESIAN_POINT('',(-1.381871139237,8.249913389792,
    -2.011438207032));
#11019 = VECTOR('',#11020,1.);
#11020 = DIRECTION('',(4.371138828674E-08,1.,8.742277657348E-08));
#11021 = PLANE('',#11022);
#11022 = AXIS2_PLACEMENT_3D('',#11023,#11024,#11025);
#11023 = CARTESIAN_POINT('',(-1.381871139237,8.249913389792,
    -2.011438207032));
#11024 = DIRECTION('',(1.,-4.371139210811E-08,4.371138446537E-08));
#11025 = DIRECTION('',(-4.371138828674E-08,-1.,-8.742277657348E-08));
#11026 = ADVANCED_FACE('',(#11027),#11053,.T.);
#11027 = FACE_BOUND('',#11028,.T.);
#11028 = EDGE_LOOP('',(#11029,#11030,#11031,#11032,#11033,#11034,#11035,
    #11043,#11049,#11050,#11051,#11052));
#11029 = ORIENTED_EDGE('',*,*,#10988,.F.);
#11030 = ORIENTED_EDGE('',*,*,#10965,.F.);
#11031 = ORIENTED_EDGE('',*,*,#2583,.F.);
#11032 = ORIENTED_EDGE('',*,*,#2638,.T.);
#11033 = ORIENTED_EDGE('',*,*,#2748,.F.);
#11034 = ORIENTED_EDGE('',*,*,#10594,.T.);
#11035 = ORIENTED_EDGE('',*,*,#11036,.F.);
#11036 = EDGE_CURVE('',#11037,#2403,#11039,.T.);
#11037 = VERTEX_POINT('',#11038);
#11038 = CARTESIAN_POINT('',(-1.249999218645,4.134913384028,
    -2.011438561012));
#11039 = LINE('',#11040,#11041);
#11040 = CARTESIAN_POINT('',(-1.249999218645,4.134913384028,
    -2.011438561012));
#11041 = VECTOR('',#11042,1.);
#11042 = DIRECTION('',(1.,-4.371139210811E-08,4.371138446537E-08));
#11043 = ORIENTED_EDGE('',*,*,#11044,.T.);
#11044 = EDGE_CURVE('',#11037,#2323,#11045,.T.);
#11045 = LINE('',#11046,#11047);
#11046 = CARTESIAN_POINT('',(-1.249999218645,4.134913384028,
    -2.011438561012));
#11047 = VECTOR('',#11048,1.);
#11048 = DIRECTION('',(4.371138828674E-08,1.,8.742277657348E-08));
#11049 = ORIENTED_EDGE('',*,*,#2355,.T.);
#11050 = ORIENTED_EDGE('',*,*,#10587,.T.);
#11051 = ORIENTED_EDGE('',*,*,#10841,.F.);
#11052 = ORIENTED_EDGE('',*,*,#11016,.F.);
#11053 = PLANE('',#11054);
#11054 = AXIS2_PLACEMENT_3D('',#11055,#11056,#11057);
#11055 = CARTESIAN_POINT('',(-1.981869012546,8.849913416019,
    -2.011438180805));
#11056 = DIRECTION('',(-4.371138828674E-08,-8.742277466279E-08,1.));
#11057 = DIRECTION('',(-1.,4.371139210811E-08,-4.371138446537E-08));
#11058 = ADVANCED_FACE('',(#11059),#11086,.F.);
#11059 = FACE_BOUND('',#11060,.T.);
#11060 = EDGE_LOOP('',(#11061,#11062,#11063,#11071,#11079,#11085));
#11061 = ORIENTED_EDGE('',*,*,#2402,.F.);
#11062 = ORIENTED_EDGE('',*,*,#2378,.T.);
#11063 = ORIENTED_EDGE('',*,*,#11064,.F.);
#11064 = EDGE_CURVE('',#11065,#2371,#11067,.T.);
#11065 = VERTEX_POINT('',#11066);
#11066 = CARTESIAN_POINT('',(-0.349999223891,4.134913334197,
    -1.891438521672));
#11067 = LINE('',#11068,#11069);
#11068 = CARTESIAN_POINT('',(-0.349999223891,4.134913334197,
    -1.891438521672));
#11069 = VECTOR('',#11070,1.);
#11070 = DIRECTION('',(4.371138828674E-08,8.742277466279E-08,-1.));
#11071 = ORIENTED_EDGE('',*,*,#11072,.F.);
#11072 = EDGE_CURVE('',#11073,#11065,#11075,.T.);
#11073 = VERTEX_POINT('',#11074);
#11074 = CARTESIAN_POINT('',(-1.249999223891,4.134913373537,
    -1.891438561012));
#11075 = LINE('',#11076,#11077);
#11076 = CARTESIAN_POINT('',(-1.249999223891,4.134913373537,
    -1.891438561012));
#11077 = VECTOR('',#11078,1.);
#11078 = DIRECTION('',(1.,-4.371139210811E-08,4.371138446537E-08));
#11079 = ORIENTED_EDGE('',*,*,#11080,.F.);
#11080 = EDGE_CURVE('',#11037,#11073,#11081,.T.);
#11081 = LINE('',#11082,#11083);
#11082 = CARTESIAN_POINT('',(-1.249999218645,4.134913384028,
    -2.011438561012));
#11083 = VECTOR('',#11084,1.);
#11084 = DIRECTION('',(-4.371138828674E-08,-8.742277466279E-08,1.));
#11085 = ORIENTED_EDGE('',*,*,#11036,.T.);
#11086 = PLANE('',#11087);
#11087 = AXIS2_PLACEMENT_3D('',#11088,#11089,#11090);
#11088 = CARTESIAN_POINT('',(-1.249999223891,4.134913373537,
    -1.891438561012));
#11089 = DIRECTION('',(4.371138828674E-08,1.,8.742277657348E-08));
#11090 = DIRECTION('',(1.,-4.371139210811E-08,4.371138446537E-08));
#11091 = ADVANCED_FACE('',(#11092),#11126,.T.);
#11092 = FACE_BOUND('',#11093,.T.);
#11093 = EDGE_LOOP('',(#11094,#11104,#11112,#11120));
#11094 = ORIENTED_EDGE('',*,*,#11095,.T.);
#11095 = EDGE_CURVE('',#11096,#11098,#11100,.T.);
#11096 = VERTEX_POINT('',#11097);
#11097 = CARTESIAN_POINT('',(-1.049999223891,3.524913418123,
    -2.501438605598));
#11098 = VERTEX_POINT('',#11099);
#11099 = CARTESIAN_POINT('',(-1.249999221705,3.424913679305,
    -2.651438623082));
#11100 = LINE('',#11101,#11102);
#11101 = CARTESIAN_POINT('',(-1.049999223891,3.524913418123,
    -2.501438605598));
#11102 = VECTOR('',#11103,1.);
#11103 = DIRECTION('',(-0.742781589788,-0.371389828943,-0.557086263365)
  );
#11104 = ORIENTED_EDGE('',*,*,#11105,.F.);
#11105 = EDGE_CURVE('',#11106,#11098,#11108,.T.);
#11106 = VERTEX_POINT('',#11107);
#11107 = CARTESIAN_POINT('',(-1.249999254926,3.424913596839,
    -1.891438623082));
#11108 = LINE('',#11109,#11110);
#11109 = CARTESIAN_POINT('',(-1.249999254926,3.424913596839,
    -1.891438623082));
#11110 = VECTOR('',#11111,1.);
#11111 = DIRECTION('',(4.371138920843E-08,1.085085761887E-07,-1.));
#11112 = ORIENTED_EDGE('',*,*,#11113,.F.);
#11113 = EDGE_CURVE('',#11114,#11106,#11116,.T.);
#11114 = VERTEX_POINT('',#11115);
#11115 = CARTESIAN_POINT('',(-1.049999250555,3.524913364795,
    -1.891438605598));
#11116 = LINE('',#11117,#11118);
#11117 = CARTESIAN_POINT('',(-1.049999250555,3.524913364795,
    -1.891438605598));
#11118 = VECTOR('',#11119,1.);
#11119 = DIRECTION('',(-0.894427610003,-0.447212757493,
    -7.819325267986E-08));
#11120 = ORIENTED_EDGE('',*,*,#11121,.T.);
#11121 = EDGE_CURVE('',#11114,#11096,#11122,.T.);
#11122 = LINE('',#11123,#11124);
#11123 = CARTESIAN_POINT('',(-1.049999250555,3.524913364795,
    -1.891438605598));
#11124 = VECTOR('',#11125,1.);
#11125 = DIRECTION('',(4.371138828674E-08,8.742277466279E-08,-1.));
#11126 = PLANE('',#11127);
#11127 = AXIS2_PLACEMENT_3D('',#11128,#11129,#11130);
#11128 = CARTESIAN_POINT('',(-1.14999923613,3.474913514038,
    -2.27143861434));
#11129 = DIRECTION('',(-0.447212757493,0.894427610003,5.864505291189E-08
    ));
#11130 = DIRECTION('',(0.894427610003,0.447212757493,7.819325267986E-08)
  );
#11131 = ADVANCED_FACE('',(#11132),#11156,.F.);
#11132 = FACE_BOUND('',#11133,.T.);
#11133 = EDGE_LOOP('',(#11134,#11135,#11143,#11149,#11150));
#11134 = ORIENTED_EDGE('',*,*,#11072,.T.);
#11135 = ORIENTED_EDGE('',*,*,#11136,.F.);
#11136 = EDGE_CURVE('',#11137,#11065,#11139,.T.);
#11137 = VERTEX_POINT('',#11138);
#11138 = CARTESIAN_POINT('',(-0.349999250555,3.524913334197,-1.891438575
    ));
#11139 = LINE('',#11140,#11141);
#11140 = CARTESIAN_POINT('',(-0.349999250555,3.524913334197,-1.891438575
    ));
#11141 = VECTOR('',#11142,1.);
#11142 = DIRECTION('',(4.371138828674E-08,1.,8.742277657348E-08));
#11143 = ORIENTED_EDGE('',*,*,#11144,.F.);
#11144 = EDGE_CURVE('',#11114,#11137,#11145,.T.);
#11145 = LINE('',#11146,#11147);
#11146 = CARTESIAN_POINT('',(-1.049999250555,3.524913364795,
    -1.891438605598));
#11147 = VECTOR('',#11148,1.);
#11148 = DIRECTION('',(1.,-4.371139210811E-08,4.371138446537E-08));
#11149 = ORIENTED_EDGE('',*,*,#11113,.T.);
#11150 = ORIENTED_EDGE('',*,*,#11151,.F.);
#11151 = EDGE_CURVE('',#11073,#11106,#11152,.T.);
#11152 = LINE('',#11153,#11154);
#11153 = CARTESIAN_POINT('',(-1.249999223891,4.134913373537,
    -1.891438561012));
#11154 = VECTOR('',#11155,1.);
#11155 = DIRECTION('',(-4.371138828674E-08,-1.,-8.742277657348E-08));
#11156 = PLANE('',#11157);
#11157 = AXIS2_PLACEMENT_3D('',#11158,#11159,#11160);
#11158 = CARTESIAN_POINT('',(-1.249999250555,3.524913373537,
    -1.89143861434));
#11159 = DIRECTION('',(-4.371138828674E-08,-8.742277466279E-08,1.));
#11160 = DIRECTION('',(-1.,4.371139210811E-08,-4.371138446537E-08));
#11161 = ADVANCED_FACE('',(#11162),#11180,.F.);
#11162 = FACE_BOUND('',#11163,.T.);
#11163 = EDGE_LOOP('',(#11164,#11165,#11166,#11174));
#11164 = ORIENTED_EDGE('',*,*,#11121,.F.);
#11165 = ORIENTED_EDGE('',*,*,#11144,.T.);
#11166 = ORIENTED_EDGE('',*,*,#11167,.F.);
#11167 = EDGE_CURVE('',#11168,#11137,#11170,.T.);
#11168 = VERTEX_POINT('',#11169);
#11169 = CARTESIAN_POINT('',(-0.349999223891,3.524913387525,-2.501438575
    ));
#11170 = LINE('',#11171,#11172);
#11171 = CARTESIAN_POINT('',(-0.349999223891,3.524913387525,-2.501438575
    ));
#11172 = VECTOR('',#11173,1.);
#11173 = DIRECTION('',(-4.371138828674E-08,-8.742277466279E-08,1.));
#11174 = ORIENTED_EDGE('',*,*,#11175,.F.);
#11175 = EDGE_CURVE('',#11096,#11168,#11176,.T.);
#11176 = LINE('',#11177,#11178);
#11177 = CARTESIAN_POINT('',(-1.049999223891,3.524913418123,
    -2.501438605598));
#11178 = VECTOR('',#11179,1.);
#11179 = DIRECTION('',(1.,-4.371139210811E-08,4.371138446537E-08));
#11180 = PLANE('',#11181);
#11181 = AXIS2_PLACEMENT_3D('',#11182,#11183,#11184);
#11182 = CARTESIAN_POINT('',(-1.249999217334,3.524913439978,
    -2.65143861434));
#11183 = DIRECTION('',(-4.371138828674E-08,-1.,-8.742277657348E-08));
#11184 = DIRECTION('',(4.371138828674E-08,8.742277466279E-08,-1.));
#11185 = ADVANCED_FACE('',(#11186),#11220,.F.);
#11186 = FACE_BOUND('',#11187,.T.);
#11187 = EDGE_LOOP('',(#11188,#11198,#11206,#11214));
#11188 = ORIENTED_EDGE('',*,*,#11189,.T.);
#11189 = EDGE_CURVE('',#11190,#11192,#11194,.T.);
#11190 = VERTEX_POINT('',#11191);
#11191 = CARTESIAN_POINT('',(-0.34999921646,3.694913387525,
    -2.501438560138));
#11192 = VERTEX_POINT('',#11193);
#11193 = CARTESIAN_POINT('',(-0.349999207718,3.744913400638,
    -2.651438555767));
#11194 = LINE('',#11195,#11196);
#11195 = CARTESIAN_POINT('',(-0.34999921646,3.694913387525,
    -2.501438560138));
#11196 = VECTOR('',#11197,1.);
#11197 = DIRECTION('',(5.529101866964E-08,0.316227848953,-0.948683270405
    ));
#11198 = ORIENTED_EDGE('',*,*,#11199,.F.);
#11199 = EDGE_CURVE('',#11200,#11192,#11202,.T.);
#11200 = VERTEX_POINT('',#11201);
#11201 = CARTESIAN_POINT('',(0.950000792282,3.744913343813,
    -2.651438498942));
#11202 = LINE('',#11203,#11204);
#11203 = CARTESIAN_POINT('',(0.950000792282,3.744913343813,
    -2.651438498942));
#11204 = VECTOR('',#11205,1.);
#11205 = DIRECTION('',(-1.,4.371139210811E-08,-4.371138446537E-08));
#11206 = ORIENTED_EDGE('',*,*,#11207,.F.);
#11207 = EDGE_CURVE('',#11208,#11200,#11210,.T.);
#11208 = VERTEX_POINT('',#11209);
#11209 = CARTESIAN_POINT('',(0.95000078354,3.6949133307,-2.501438503313)
  );
#11210 = LINE('',#11211,#11212);
#11211 = CARTESIAN_POINT('',(0.95000078354,3.6949133307,-2.501438503313)
  );
#11212 = VECTOR('',#11213,1.);
#11213 = DIRECTION('',(5.529101866964E-08,0.316227848953,-0.948683270405
    ));
#11214 = ORIENTED_EDGE('',*,*,#11215,.T.);
#11215 = EDGE_CURVE('',#11208,#11190,#11216,.T.);
#11216 = LINE('',#11217,#11218);
#11217 = CARTESIAN_POINT('',(0.95000078354,3.6949133307,-2.501438503313)
  );
#11218 = VECTOR('',#11219,1.);
#11219 = DIRECTION('',(-1.,4.371139210811E-08,-4.371138446537E-08));
#11220 = PLANE('',#11221);
#11221 = AXIS2_PLACEMENT_3D('',#11222,#11223,#11224);
#11222 = CARTESIAN_POINT('',(-0.34999921646,3.694913387525,
    -2.501438560138));
#11223 = DIRECTION('',(2.764550933482E-08,0.948683270405,0.316227848953)
  );
#11224 = DIRECTION('',(5.529101866964E-08,0.316227848953,-0.948683270405
    ));
#11225 = ADVANCED_FACE('',(#11226),#11276,.F.);
#11226 = FACE_BOUND('',#11227,.T.);
#11227 = EDGE_LOOP('',(#11228,#11238,#11246,#11254,#11262,#11270));
#11228 = ORIENTED_EDGE('',*,*,#11229,.F.);
#11229 = EDGE_CURVE('',#11230,#11232,#11234,.T.);
#11230 = VERTEX_POINT('',#11231);
#11231 = CARTESIAN_POINT('',(1.850000796654,3.844913304473,
    -2.651438450859));
#11232 = VERTEX_POINT('',#11233);
#11233 = CARTESIAN_POINT('',(0.950000796654,3.844913343813,-2.6514384902
    ));
#11234 = LINE('',#11235,#11236);
#11235 = CARTESIAN_POINT('',(1.850000796654,3.844913304473,
    -2.651438450859));
#11236 = VECTOR('',#11237,1.);
#11237 = DIRECTION('',(-1.,4.371139210811E-08,-4.371138446537E-08));
#11238 = ORIENTED_EDGE('',*,*,#11239,.F.);
#11239 = EDGE_CURVE('',#11240,#11230,#11242,.T.);
#11240 = VERTEX_POINT('',#11241);
#11241 = CARTESIAN_POINT('',(1.850000752942,3.84491321705,
    -1.651438450859));
#11242 = LINE('',#11243,#11244);
#11243 = CARTESIAN_POINT('',(1.850000752942,3.84491321705,
    -1.651438450859));
#11244 = VECTOR('',#11245,1.);
#11245 = DIRECTION('',(4.371138828674E-08,8.742277466279E-08,-1.));
#11246 = ORIENTED_EDGE('',*,*,#11247,.F.);
#11247 = EDGE_CURVE('',#11248,#11240,#11250,.T.);
#11248 = VERTEX_POINT('',#11249);
#11249 = CARTESIAN_POINT('',(-1.249999247058,3.844913352556,
    -1.651438586365));
#11250 = LINE('',#11251,#11252);
#11251 = CARTESIAN_POINT('',(-1.249999247058,3.844913352556,
    -1.651438586365));
#11252 = VECTOR('',#11253,1.);
#11253 = DIRECTION('',(1.,-4.371139210811E-08,4.371138446537E-08));
#11254 = ORIENTED_EDGE('',*,*,#11255,.T.);
#11255 = EDGE_CURVE('',#11248,#11256,#11258,.T.);
#11256 = VERTEX_POINT('',#11257);
#11257 = CARTESIAN_POINT('',(-1.249999244872,3.844913356927,
    -1.701438586365));
#11258 = LINE('',#11259,#11260);
#11259 = CARTESIAN_POINT('',(-1.249999247058,3.844913352556,
    -1.651438586365));
#11260 = VECTOR('',#11261,1.);
#11261 = DIRECTION('',(4.371138828674E-08,8.742277466279E-08,-1.));
#11262 = ORIENTED_EDGE('',*,*,#11263,.F.);
#11263 = EDGE_CURVE('',#11264,#11256,#11266,.T.);
#11264 = VERTEX_POINT('',#11265);
#11265 = CARTESIAN_POINT('',(0.950000755128,3.844913260762,-1.7014384902
    ));
#11266 = LINE('',#11267,#11268);
#11267 = CARTESIAN_POINT('',(0.950000755128,3.844913260762,-1.7014384902
    ));
#11268 = VECTOR('',#11269,1.);
#11269 = DIRECTION('',(-1.,4.371139210811E-08,-4.371138446537E-08));
#11270 = ORIENTED_EDGE('',*,*,#11271,.F.);
#11271 = EDGE_CURVE('',#11232,#11264,#11272,.T.);
#11272 = LINE('',#11273,#11274);
#11273 = CARTESIAN_POINT('',(0.950000796654,3.844913343813,-2.6514384902
    ));
#11274 = VECTOR('',#11275,1.);
#11275 = DIRECTION('',(-4.371138828674E-08,-8.742277466279E-08,1.));
#11276 = PLANE('',#11277);
#11277 = AXIS2_PLACEMENT_3D('',#11278,#11279,#11280);
#11278 = CARTESIAN_POINT('',(0.950000796654,3.844913343813,-2.6514384902
    ));
#11279 = DIRECTION('',(4.371138828674E-08,1.,8.742277657348E-08));
#11280 = DIRECTION('',(1.,-4.371139210811E-08,4.371138446537E-08));
#11281 = ADVANCED_FACE('',(#11282),#11316,.T.);
#11282 = FACE_BOUND('',#11283,.T.);
#11283 = EDGE_LOOP('',(#11284,#11294,#11302,#11310));
#11284 = ORIENTED_EDGE('',*,*,#11285,.T.);
#11285 = EDGE_CURVE('',#11286,#11288,#11290,.T.);
#11286 = VERTEX_POINT('',#11287);
#11287 = CARTESIAN_POINT('',(-1.249999268695,3.299913356927,
    -1.70143863401));
#11288 = VERTEX_POINT('',#11289);
#11289 = CARTESIAN_POINT('',(-1.249999227169,3.299913439978,
    -2.65143863401));
#11290 = LINE('',#11291,#11292);
#11291 = CARTESIAN_POINT('',(-1.249999268695,3.299913356927,
    -1.70143863401));
#11292 = VECTOR('',#11293,1.);
#11293 = DIRECTION('',(4.371138828674E-08,8.742277466279E-08,-1.));
#11294 = ORIENTED_EDGE('',*,*,#11295,.F.);
#11295 = EDGE_CURVE('',#11296,#11288,#11298,.T.);
#11296 = VERTEX_POINT('',#11297);
#11297 = CARTESIAN_POINT('',(0.950000772831,3.299913343813,
    -2.651438537845));
#11298 = LINE('',#11299,#11300);
#11299 = CARTESIAN_POINT('',(0.950000772831,3.299913343813,
    -2.651438537845));
#11300 = VECTOR('',#11301,1.);
#11301 = DIRECTION('',(-1.,4.371139210811E-08,-4.371138446537E-08));
#11302 = ORIENTED_EDGE('',*,*,#11303,.F.);
#11303 = EDGE_CURVE('',#11304,#11296,#11306,.T.);
#11304 = VERTEX_POINT('',#11305);
#11305 = CARTESIAN_POINT('',(0.950000731305,3.299913260762,
    -1.701438537845));
#11306 = LINE('',#11307,#11308);
#11307 = CARTESIAN_POINT('',(0.950000731305,3.299913260762,
    -1.701438537845));
#11308 = VECTOR('',#11309,1.);
#11309 = DIRECTION('',(4.371138828674E-08,8.742277466279E-08,-1.));
#11310 = ORIENTED_EDGE('',*,*,#11311,.F.);
#11311 = EDGE_CURVE('',#11286,#11304,#11312,.T.);
#11312 = LINE('',#11313,#11314);
#11313 = CARTESIAN_POINT('',(-1.249999268695,3.299913356927,
    -1.70143863401));
#11314 = VECTOR('',#11315,1.);
#11315 = DIRECTION('',(1.,-4.371139210811E-08,4.371138446537E-08));
#11316 = PLANE('',#11317);
#11317 = AXIS2_PLACEMENT_3D('',#11318,#11319,#11320);
#11318 = CARTESIAN_POINT('',(1.85000072912,3.29991321705,-1.651438498505
    ));
#11319 = DIRECTION('',(-4.371138828674E-08,-1.,-8.742277657348E-08));
#11320 = DIRECTION('',(4.371138828674E-08,8.742277466279E-08,-1.));
#11321 = ADVANCED_FACE('',(#11322),#11356,.F.);
#11322 = FACE_BOUND('',#11323,.T.);
#11323 = EDGE_LOOP('',(#11324,#11334,#11342,#11350));
#11324 = ORIENTED_EDGE('',*,*,#11325,.F.);
#11325 = EDGE_CURVE('',#11326,#11328,#11330,.T.);
#11326 = VERTEX_POINT('',#11327);
#11327 = CARTESIAN_POINT('',(-2.499920990308E-02,3.694913386432,
    -2.651438545932));
#11328 = VERTEX_POINT('',#11329);
#11329 = CARTESIAN_POINT('',(-0.882362689003,3.694913423909,
    -2.651438583408));
#11330 = LINE('',#11331,#11332);
#11331 = CARTESIAN_POINT('',(-2.499920990308E-02,3.694913386432,
    -2.651438545932));
#11332 = VECTOR('',#11333,1.);
#11333 = DIRECTION('',(-1.,4.371139210811E-08,-4.371138446537E-08));
#11334 = ORIENTED_EDGE('',*,*,#11335,.T.);
#11335 = EDGE_CURVE('',#11326,#11336,#11338,.T.);
#11336 = VERTEX_POINT('',#11337);
#11337 = CARTESIAN_POINT('',(-2.499921645979E-02,3.544913386432,
    -2.651438559045));
#11338 = LINE('',#11339,#11340);
#11339 = CARTESIAN_POINT('',(-2.499920990308E-02,3.694913386432,
    -2.651438545932));
#11340 = VECTOR('',#11341,1.);
#11341 = DIRECTION('',(-4.371138828674E-08,-1.,-8.742277657348E-08));
#11342 = ORIENTED_EDGE('',*,*,#11343,.T.);
#11343 = EDGE_CURVE('',#11336,#11344,#11346,.T.);
#11344 = VERTEX_POINT('',#11345);
#11345 = CARTESIAN_POINT('',(-0.88236269556,3.544913423909,
    -2.651438596522));
#11346 = LINE('',#11347,#11348);
#11347 = CARTESIAN_POINT('',(-2.499921645979E-02,3.544913386432,
    -2.651438559045));
#11348 = VECTOR('',#11349,1.);
#11349 = DIRECTION('',(-1.,4.371139210811E-08,-4.371138446537E-08));
#11350 = ORIENTED_EDGE('',*,*,#11351,.F.);
#11351 = EDGE_CURVE('',#11328,#11344,#11352,.T.);
#11352 = LINE('',#11353,#11354);
#11353 = CARTESIAN_POINT('',(-0.882362689003,3.694913423909,
    -2.651438583408));
#11354 = VECTOR('',#11355,1.);
#11355 = DIRECTION('',(-4.371138828674E-08,-1.,-8.742277657348E-08));
#11356 = PLANE('',#11357);
#11357 = AXIS2_PLACEMENT_3D('',#11358,#11359,#11360);
#11358 = CARTESIAN_POINT('',(2.500079009692E-02,3.694913384246,
    -2.651438543746));
#11359 = DIRECTION('',(-4.371138828674E-08,-8.742277466279E-08,1.));
#11360 = DIRECTION('',(-1.,4.371139210811E-08,-4.371138446537E-08));
#11361 = ADVANCED_FACE('',(#11362),#11389,.T.);
#11362 = FACE_BOUND('',#11363,.T.);
#11363 = EDGE_LOOP('',(#11364,#11365,#11374,#11382));
#11364 = ORIENTED_EDGE('',*,*,#11335,.F.);
#11365 = ORIENTED_EDGE('',*,*,#11366,.F.);
#11366 = EDGE_CURVE('',#11367,#11326,#11369,.T.);
#11367 = VERTEX_POINT('',#11368);
#11368 = CARTESIAN_POINT('',(2.500078791135E-02,3.694913379875,
    -2.601438543746));
#11369 = CIRCLE('',#11370,5.E-02);
#11370 = AXIS2_PLACEMENT_3D('',#11371,#11372,#11373);
#11371 = CARTESIAN_POINT('',(-2.499921208865E-02,3.694913382061,
    -2.601438545932));
#11372 = DIRECTION('',(4.371138828674E-08,1.,8.742277657348E-08));
#11373 = DIRECTION('',(1.,-4.371139210811E-08,4.371138446537E-08));
#11374 = ORIENTED_EDGE('',*,*,#11375,.T.);
#11375 = EDGE_CURVE('',#11367,#11376,#11378,.T.);
#11376 = VERTEX_POINT('',#11377);
#11377 = CARTESIAN_POINT('',(2.500078135464E-02,3.544913379875,
    -2.60143855686));
#11378 = LINE('',#11379,#11380);
#11379 = CARTESIAN_POINT('',(2.500078791135E-02,3.694913379875,
    -2.601438543746));
#11380 = VECTOR('',#11381,1.);
#11381 = DIRECTION('',(-4.371138828674E-08,-1.,-8.742277657348E-08));
#11382 = ORIENTED_EDGE('',*,*,#11383,.F.);
#11383 = EDGE_CURVE('',#11336,#11376,#11384,.T.);
#11384 = CIRCLE('',#11385,5.E-02);
#11385 = AXIS2_PLACEMENT_3D('',#11386,#11387,#11388);
#11386 = CARTESIAN_POINT('',(-2.499921864536E-02,3.544913382061,
    -2.601438559045));
#11387 = DIRECTION('',(-4.371138828674E-08,-1.,-8.742277657348E-08));
#11388 = DIRECTION('',(4.37113709395E-08,8.742277466279E-08,-1.));
#11389 = CYLINDRICAL_SURFACE('',#11390,5.E-02);
#11390 = AXIS2_PLACEMENT_3D('',#11391,#11392,#11393);
#11391 = CARTESIAN_POINT('',(-2.499868745988E-02,15.697020672116,
    -2.601437496674));
#11392 = DIRECTION('',(-4.371138828674E-08,-1.,-8.742277657348E-08));
#11393 = DIRECTION('',(4.371138828674E-08,8.742277466279E-08,-1.));
#11394 = ADVANCED_FACE('',(#11395),#11420,.F.);
#11395 = FACE_BOUND('',#11396,.T.);
#11396 = EDGE_LOOP('',(#11397,#11405,#11413,#11419));
#11397 = ORIENTED_EDGE('',*,*,#11398,.F.);
#11398 = EDGE_CURVE('',#11399,#11367,#11401,.T.);
#11399 = VERTEX_POINT('',#11400);
#11400 = CARTESIAN_POINT('',(0.625000787911,3.694913353648,
    -2.601438517519));
#11401 = LINE('',#11402,#11403);
#11402 = CARTESIAN_POINT('',(0.625000787911,3.694913353648,
    -2.601438517519));
#11403 = VECTOR('',#11404,1.);
#11404 = DIRECTION('',(-1.,4.371139210811E-08,-4.371138446537E-08));
#11405 = ORIENTED_EDGE('',*,*,#11406,.T.);
#11406 = EDGE_CURVE('',#11399,#11407,#11409,.T.);
#11407 = VERTEX_POINT('',#11408);
#11408 = CARTESIAN_POINT('',(0.625000781355,3.544913353648,
    -2.601438530633));
#11409 = LINE('',#11410,#11411);
#11410 = CARTESIAN_POINT('',(0.625000787911,3.694913353648,
    -2.601438517519));
#11411 = VECTOR('',#11412,1.);
#11412 = DIRECTION('',(-4.371138828674E-08,-1.,-8.742277657348E-08));
#11413 = ORIENTED_EDGE('',*,*,#11414,.T.);
#11414 = EDGE_CURVE('',#11407,#11376,#11415,.T.);
#11415 = LINE('',#11416,#11417);
#11416 = CARTESIAN_POINT('',(0.625000781355,3.544913353648,
    -2.601438530633));
#11417 = VECTOR('',#11418,1.);
#11418 = DIRECTION('',(-1.,4.371139210811E-08,-4.371138446537E-08));
#11419 = ORIENTED_EDGE('',*,*,#11375,.F.);
#11420 = PLANE('',#11421);
#11421 = AXIS2_PLACEMENT_3D('',#11422,#11423,#11424);
#11422 = CARTESIAN_POINT('',(0.625000787911,3.694913353648,
    -2.601438517519));
#11423 = DIRECTION('',(-4.371138828674E-08,-8.742277466279E-08,1.));
#11424 = DIRECTION('',(-1.,4.371139210811E-08,-4.371138446537E-08));
#11425 = ADVANCED_FACE('',(#11426),#11451,.F.);
#11426 = FACE_BOUND('',#11427,.T.);
#11427 = EDGE_LOOP('',(#11428,#11438,#11444,#11445));
#11428 = ORIENTED_EDGE('',*,*,#11429,.T.);
#11429 = EDGE_CURVE('',#11430,#11432,#11434,.T.);
#11430 = VERTEX_POINT('',#11431);
#11431 = CARTESIAN_POINT('',(0.625000789004,3.694913355834,
    -2.626438517519));
#11432 = VERTEX_POINT('',#11433);
#11433 = CARTESIAN_POINT('',(0.625000782447,3.544913355834,
    -2.626438530633));
#11434 = LINE('',#11435,#11436);
#11435 = CARTESIAN_POINT('',(0.625000789004,3.694913355834,
    -2.626438517519));
#11436 = VECTOR('',#11437,1.);
#11437 = DIRECTION('',(-4.371138828674E-08,-1.,-8.742277657348E-08));
#11438 = ORIENTED_EDGE('',*,*,#11439,.T.);
#11439 = EDGE_CURVE('',#11432,#11407,#11440,.T.);
#11440 = LINE('',#11441,#11442);
#11441 = CARTESIAN_POINT('',(0.625000782447,3.544913355834,
    -2.626438530633));
#11442 = VECTOR('',#11443,1.);
#11443 = DIRECTION('',(-4.371138828674E-08,-8.742277466279E-08,1.));
#11444 = ORIENTED_EDGE('',*,*,#11406,.F.);
#11445 = ORIENTED_EDGE('',*,*,#11446,.F.);
#11446 = EDGE_CURVE('',#11430,#11399,#11447,.T.);
#11447 = LINE('',#11448,#11449);
#11448 = CARTESIAN_POINT('',(0.625000789004,3.694913355834,
    -2.626438517519));
#11449 = VECTOR('',#11450,1.);
#11450 = DIRECTION('',(-4.371138828674E-08,-8.742277466279E-08,1.));
#11451 = PLANE('',#11452);
#11452 = AXIS2_PLACEMENT_3D('',#11453,#11454,#11455);
#11453 = CARTESIAN_POINT('',(0.625000789004,3.694913355834,
    -2.626438517519));
#11454 = DIRECTION('',(1.,-4.371139210811E-08,4.371138446537E-08));
#11455 = DIRECTION('',(-4.371138828674E-08,-1.,-8.742277657348E-08));
#11456 = ADVANCED_FACE('',(#11457),#11482,.F.);
#11457 = FACE_BOUND('',#11458,.T.);
#11458 = EDGE_LOOP('',(#11459,#11467,#11468,#11476));
#11459 = ORIENTED_EDGE('',*,*,#11460,.T.);
#11460 = EDGE_CURVE('',#11461,#11432,#11463,.T.);
#11461 = VERTEX_POINT('',#11462);
#11462 = CARTESIAN_POINT('',(1.450000782447,3.544913319772,
    -2.626438494571));
#11463 = LINE('',#11464,#11465);
#11464 = CARTESIAN_POINT('',(1.450000782447,3.544913319772,
    -2.626438494571));
#11465 = VECTOR('',#11466,1.);
#11466 = DIRECTION('',(-1.,4.371139210811E-08,-4.371138446537E-08));
#11467 = ORIENTED_EDGE('',*,*,#11429,.F.);
#11468 = ORIENTED_EDGE('',*,*,#11469,.F.);
#11469 = EDGE_CURVE('',#11470,#11430,#11472,.T.);
#11470 = VERTEX_POINT('',#11471);
#11471 = CARTESIAN_POINT('',(1.450000789004,3.694913319772,
    -2.626438481457));
#11472 = LINE('',#11473,#11474);
#11473 = CARTESIAN_POINT('',(1.450000789004,3.694913319772,
    -2.626438481457));
#11474 = VECTOR('',#11475,1.);
#11475 = DIRECTION('',(-1.,4.371139210811E-08,-4.371138446537E-08));
#11476 = ORIENTED_EDGE('',*,*,#11477,.T.);
#11477 = EDGE_CURVE('',#11470,#11461,#11478,.T.);
#11478 = LINE('',#11479,#11480);
#11479 = CARTESIAN_POINT('',(1.450000789004,3.694913319772,
    -2.626438481457));
#11480 = VECTOR('',#11481,1.);
#11481 = DIRECTION('',(-4.371138828674E-08,-1.,-8.742277657348E-08));
#11482 = PLANE('',#11483);
#11483 = AXIS2_PLACEMENT_3D('',#11484,#11485,#11486);
#11484 = CARTESIAN_POINT('',(1.550000789004,3.694913315401,
    -2.626438477086));
#11485 = DIRECTION('',(-4.371138828674E-08,-8.742277466279E-08,1.));
#11486 = DIRECTION('',(-1.,4.371139210811E-08,-4.371138446537E-08));
#11487 = ADVANCED_FACE('',(#11488),#11515,.T.);
#11488 = FACE_BOUND('',#11489,.T.);
#11489 = EDGE_LOOP('',(#11490,#11491,#11500,#11508));
#11490 = ORIENTED_EDGE('',*,*,#11477,.F.);
#11491 = ORIENTED_EDGE('',*,*,#11492,.F.);
#11492 = EDGE_CURVE('',#11493,#11470,#11495,.T.);
#11493 = VERTEX_POINT('',#11494);
#11494 = CARTESIAN_POINT('',(1.550000784633,3.694913306659,
    -2.526438477086));
#11495 = CIRCLE('',#11496,1.E-01);
#11496 = AXIS2_PLACEMENT_3D('',#11497,#11498,#11499);
#11497 = CARTESIAN_POINT('',(1.450000784633,3.69491331103,
    -2.526438481457));
#11498 = DIRECTION('',(4.371138828674E-08,1.,8.742277657348E-08));
#11499 = DIRECTION('',(1.,-4.371139210811E-08,4.371138446537E-08));
#11500 = ORIENTED_EDGE('',*,*,#11501,.T.);
#11501 = EDGE_CURVE('',#11493,#11502,#11504,.T.);
#11502 = VERTEX_POINT('',#11503);
#11503 = CARTESIAN_POINT('',(1.550000778076,3.544913306659,-2.5264384902
    ));
#11504 = LINE('',#11505,#11506);
#11505 = CARTESIAN_POINT('',(1.550000784633,3.694913306659,
    -2.526438477086));
#11506 = VECTOR('',#11507,1.);
#11507 = DIRECTION('',(-4.371138828674E-08,-1.,-8.742277657348E-08));
#11508 = ORIENTED_EDGE('',*,*,#11509,.F.);
#11509 = EDGE_CURVE('',#11461,#11502,#11510,.T.);
#11510 = CIRCLE('',#11511,1.E-01);
#11511 = AXIS2_PLACEMENT_3D('',#11512,#11513,#11514);
#11512 = CARTESIAN_POINT('',(1.450000778076,3.54491331103,
    -2.526438494571));
#11513 = DIRECTION('',(-4.371138828674E-08,-1.,-8.742277657348E-08));
#11514 = DIRECTION('',(4.371140129716E-08,8.742277466279E-08,-1.));
#11515 = CYLINDRICAL_SURFACE('',#11516,1.E-01);
#11516 = AXIS2_PLACEMENT_3D('',#11517,#11518,#11519);
#11517 = CARTESIAN_POINT('',(1.450001352564,16.68766084427,
    -2.526437345595));
#11518 = DIRECTION('',(-4.371138828674E-08,-1.,-8.742277657348E-08));
#11519 = DIRECTION('',(4.371138828674E-08,8.742277466279E-08,-1.));
#11520 = ADVANCED_FACE('',(#11521),#11546,.F.);
#11521 = FACE_BOUND('',#11522,.T.);
#11522 = EDGE_LOOP('',(#11523,#11531,#11539,#11545));
#11523 = ORIENTED_EDGE('',*,*,#11524,.F.);
#11524 = EDGE_CURVE('',#11525,#11493,#11527,.T.);
#11525 = VERTEX_POINT('',#11526);
#11526 = CARTESIAN_POINT('',(1.5500007442,3.694913225793,-1.601438477086
    ));
#11527 = LINE('',#11528,#11529);
#11528 = CARTESIAN_POINT('',(1.5500007442,3.694913225793,-1.601438477086
    ));
#11529 = VECTOR('',#11530,1.);
#11530 = DIRECTION('',(4.371138828674E-08,8.742277466279E-08,-1.));
#11531 = ORIENTED_EDGE('',*,*,#11532,.T.);
#11532 = EDGE_CURVE('',#11525,#11533,#11535,.T.);
#11533 = VERTEX_POINT('',#11534);
#11534 = CARTESIAN_POINT('',(1.550000737643,3.544913225793,-1.6014384902
    ));
#11535 = LINE('',#11536,#11537);
#11536 = CARTESIAN_POINT('',(1.5500007442,3.694913225793,-1.601438477086
    ));
#11537 = VECTOR('',#11538,1.);
#11538 = DIRECTION('',(-4.371138828674E-08,-1.,-8.742277657348E-08));
#11539 = ORIENTED_EDGE('',*,*,#11540,.T.);
#11540 = EDGE_CURVE('',#11533,#11502,#11541,.T.);
#11541 = LINE('',#11542,#11543);
#11542 = CARTESIAN_POINT('',(1.550000737643,3.544913225793,-1.6014384902
    ));
#11543 = VECTOR('',#11544,1.);
#11544 = DIRECTION('',(4.371138828674E-08,8.742277466279E-08,-1.));
#11545 = ORIENTED_EDGE('',*,*,#11501,.F.);
#11546 = PLANE('',#11547);
#11547 = AXIS2_PLACEMENT_3D('',#11548,#11549,#11550);
#11548 = CARTESIAN_POINT('',(1.5500007442,3.694913225793,-1.601438477086
    ));
#11549 = DIRECTION('',(-1.,4.371139210811E-08,-4.371138446537E-08));
#11550 = DIRECTION('',(-4.371138828674E-08,-8.742277466279E-08,1.));
#11551 = ADVANCED_FACE('',(#11552),#11577,.F.);
#11552 = FACE_BOUND('',#11553,.T.);
#11553 = EDGE_LOOP('',(#11554,#11562,#11563,#11571));
#11554 = ORIENTED_EDGE('',*,*,#11555,.T.);
#11555 = EDGE_CURVE('',#11556,#11533,#11558,.T.);
#11556 = VERTEX_POINT('',#11557);
#11557 = CARTESIAN_POINT('',(1.073426459902,3.544913246624,
    -1.601438511031));
#11558 = LINE('',#11559,#11560);
#11559 = CARTESIAN_POINT('',(1.073426459902,3.544913246624,
    -1.601438511031));
#11560 = VECTOR('',#11561,1.);
#11561 = DIRECTION('',(1.,-4.371139210811E-08,4.371138446537E-08));
#11562 = ORIENTED_EDGE('',*,*,#11532,.F.);
#11563 = ORIENTED_EDGE('',*,*,#11564,.F.);
#11564 = EDGE_CURVE('',#11565,#11525,#11567,.T.);
#11565 = VERTEX_POINT('',#11566);
#11566 = CARTESIAN_POINT('',(1.073426466459,3.694913246624,
    -1.601438497918));
#11567 = LINE('',#11568,#11569);
#11568 = CARTESIAN_POINT('',(1.073426466459,3.694913246624,
    -1.601438497918));
#11569 = VECTOR('',#11570,1.);
#11570 = DIRECTION('',(1.,-4.371139210811E-08,4.371138446537E-08));
#11571 = ORIENTED_EDGE('',*,*,#11572,.T.);
#11572 = EDGE_CURVE('',#11565,#11556,#11573,.T.);
#11573 = LINE('',#11574,#11575);
#11574 = CARTESIAN_POINT('',(1.073426466459,3.694913246624,
    -1.601438497918));
#11575 = VECTOR('',#11576,1.);
#11576 = DIRECTION('',(-4.371138828674E-08,-1.,-8.742277657348E-08));
#11577 = PLANE('',#11578);
#11578 = AXIS2_PLACEMENT_3D('',#11579,#11580,#11581);
#11579 = CARTESIAN_POINT('',(0.9800007442,3.694913250708,-1.601438502002
    ));
#11580 = DIRECTION('',(4.371138828674E-08,8.742277466279E-08,-1.));
#11581 = DIRECTION('',(-4.371138828674E-08,-1.,-8.742277657348E-08));
#11582 = ADVANCED_FACE('',(#11583),#11610,.T.);
#11583 = FACE_BOUND('',#11584,.T.);
#11584 = EDGE_LOOP('',(#11585,#11586,#11595,#11603));
#11585 = ORIENTED_EDGE('',*,*,#11572,.F.);
#11586 = ORIENTED_EDGE('',*,*,#11587,.F.);
#11587 = EDGE_CURVE('',#11588,#11565,#11590,.T.);
#11588 = VERTEX_POINT('',#11589);
#11589 = CARTESIAN_POINT('',(1.031823920028,3.694913250389,
    -1.623703538956));
#11590 = CIRCLE('',#11591,5.E-02);
#11591 = AXIS2_PLACEMENT_3D('',#11592,#11593,#11594);
#11592 = CARTESIAN_POINT('',(1.073426468644,3.694913250995,
    -1.651438497918));
#11593 = DIRECTION('',(4.371138828674E-08,1.,8.742277657348E-08));
#11594 = DIRECTION('',(-0.832050972326,-1.212323928659E-08,
    0.554699179241));
#11595 = ORIENTED_EDGE('',*,*,#11596,.T.);
#11596 = EDGE_CURVE('',#11588,#11597,#11599,.T.);
#11597 = VERTEX_POINT('',#11598);
#11598 = CARTESIAN_POINT('',(1.031823913471,3.544913250389,
    -1.623703552069));
#11599 = LINE('',#11600,#11601);
#11600 = CARTESIAN_POINT('',(1.031823920028,3.694913250389,
    -1.623703538956));
#11601 = VECTOR('',#11602,1.);
#11602 = DIRECTION('',(-4.371138828674E-08,-1.,-8.742277657348E-08));
#11603 = ORIENTED_EDGE('',*,*,#11604,.F.);
#11604 = EDGE_CURVE('',#11556,#11597,#11605,.T.);
#11605 = CIRCLE('',#11606,5.E-02);
#11606 = AXIS2_PLACEMENT_3D('',#11607,#11608,#11609);
#11607 = CARTESIAN_POINT('',(1.073426462088,3.544913250995,
    -1.651438511031));
#11608 = DIRECTION('',(-4.371138828674E-08,-1.,-8.742277657348E-08));
#11609 = DIRECTION('',(-4.371138828674E-08,-8.742277466279E-08,1.));
#11610 = CYLINDRICAL_SURFACE('',#11611,5.E-02);
#11611 = AXIS2_PLACEMENT_3D('',#11612,#11613,#11614);
#11612 = CARTESIAN_POINT('',(1.073427011941,16.124099063412,
    -1.651437411324));
#11613 = DIRECTION('',(-4.371138828674E-08,-1.,-8.742277657348E-08));
#11614 = DIRECTION('',(-4.371138828674E-08,-8.742277466279E-08,1.));
#11615 = ADVANCED_FACE('',(#11616),#11641,.T.);
#11616 = FACE_BOUND('',#11617,.T.);
#11617 = EDGE_LOOP('',(#11618,#11626,#11627,#11635));
#11618 = ORIENTED_EDGE('',*,*,#11619,.F.);
#11619 = EDGE_CURVE('',#11597,#11620,#11622,.T.);
#11620 = VERTEX_POINT('',#11621);
#11621 = CARTESIAN_POINT('',(0.984199468037,3.544913258716,
    -1.695140409402));
#11622 = LINE('',#11623,#11624);
#11623 = CARTESIAN_POINT('',(1.031823913471,3.544913250389,
    -1.623703552069));
#11624 = VECTOR('',#11625,1.);
#11625 = DIRECTION('',(-0.554699179241,9.698687745757E-08,
    -0.832050972326));
#11626 = ORIENTED_EDGE('',*,*,#11596,.F.);
#11627 = ORIENTED_EDGE('',*,*,#11628,.F.);
#11628 = EDGE_CURVE('',#11629,#11588,#11631,.T.);
#11629 = VERTEX_POINT('',#11630);
#11630 = CARTESIAN_POINT('',(0.984199474594,3.694913258716,
    -1.695140396289));
#11631 = LINE('',#11632,#11633);
#11632 = CARTESIAN_POINT('',(0.984199474594,3.694913258716,
    -1.695140396289));
#11633 = VECTOR('',#11634,1.);
#11634 = DIRECTION('',(0.554699179241,-9.698687745757E-08,0.832050972326
    ));
#11635 = ORIENTED_EDGE('',*,*,#11636,.F.);
#11636 = EDGE_CURVE('',#11620,#11629,#11637,.T.);
#11637 = LINE('',#11638,#11639);
#11638 = CARTESIAN_POINT('',(0.984199468037,3.544913258716,
    -1.695140409402));
#11639 = VECTOR('',#11640,1.);
#11640 = DIRECTION('',(4.371138828674E-08,1.,8.742277657348E-08));
#11641 = PLANE('',#11642);
#11642 = AXIS2_PLACEMENT_3D('',#11643,#11644,#11645);
#11643 = CARTESIAN_POINT('',(1.013333991323,3.619913253622,
    -1.651438507101));
#11644 = DIRECTION('',(-0.832050972326,-1.212323928659E-08,
    0.554699179241));
#11645 = DIRECTION('',(0.554699179241,-9.698687745757E-08,0.832050972326
    ));
#11646 = ADVANCED_FACE('',(#11647),#11674,.T.);
#11647 = FACE_BOUND('',#11648,.T.);
#11648 = EDGE_LOOP('',(#11649,#11659,#11666,#11667));
#11649 = ORIENTED_EDGE('',*,*,#11650,.F.);
#11650 = EDGE_CURVE('',#11651,#11653,#11655,.T.);
#11651 = VERTEX_POINT('',#11652);
#11652 = CARTESIAN_POINT('',(0.980000742345,3.544913260112,
    -1.709007889976));
#11653 = VERTEX_POINT('',#11654);
#11654 = CARTESIAN_POINT('',(0.980000748902,3.694913260112,
    -1.709007876863));
#11655 = LINE('',#11656,#11657);
#11656 = CARTESIAN_POINT('',(0.980000742345,3.544913260112,
    -1.709007889976));
#11657 = VECTOR('',#11658,1.);
#11658 = DIRECTION('',(4.371138828674E-08,1.,8.742277657348E-08));
#11659 = ORIENTED_EDGE('',*,*,#11660,.F.);
#11660 = EDGE_CURVE('',#11620,#11651,#11661,.T.);
#11661 = CIRCLE('',#11662,2.5E-02);
#11662 = AXIS2_PLACEMENT_3D('',#11663,#11664,#11665);
#11663 = CARTESIAN_POINT('',(1.005000742345,3.544913259019,
    -1.709007888883));
#11664 = DIRECTION('',(-4.371138828674E-08,-1.,-8.742277657348E-08));
#11665 = DIRECTION('',(-0.832050972326,-1.212323928659E-08,
    0.554699179241));
#11666 = ORIENTED_EDGE('',*,*,#11636,.T.);
#11667 = ORIENTED_EDGE('',*,*,#11668,.F.);
#11668 = EDGE_CURVE('',#11653,#11629,#11669,.T.);
#11669 = CIRCLE('',#11670,2.5E-02);
#11670 = AXIS2_PLACEMENT_3D('',#11671,#11672,#11673);
#11671 = CARTESIAN_POINT('',(1.005000748902,3.694913259019,
    -1.70900787577));
#11672 = DIRECTION('',(4.371138828674E-08,1.,8.742277657348E-08));
#11673 = DIRECTION('',(-1.,4.371139210811E-08,-4.371138446537E-08));
#11674 = CYLINDRICAL_SURFACE('',#11675,2.5E-02);
#11675 = AXIS2_PLACEMENT_3D('',#11676,#11677,#11678);
#11676 = CARTESIAN_POINT('',(1.005000389743,-4.521686740981,
    -1.709008594088));
#11677 = DIRECTION('',(4.371138828674E-08,1.,8.742277657348E-08));
#11678 = DIRECTION('',(-1.,4.371139210811E-08,-4.371138446537E-08));
#11679 = ADVANCED_FACE('',(#11680),#11705,.F.);
#11680 = FACE_BOUND('',#11681,.T.);
#11681 = EDGE_LOOP('',(#11682,#11690,#11698,#11704));
#11682 = ORIENTED_EDGE('',*,*,#11683,.F.);
#11683 = EDGE_CURVE('',#11684,#11653,#11686,.T.);
#11684 = VERTEX_POINT('',#11685);
#11685 = CARTESIAN_POINT('',(0.980000775891,3.69491331409,
    -2.326438502002));
#11686 = LINE('',#11687,#11688);
#11687 = CARTESIAN_POINT('',(0.980000775891,3.69491331409,
    -2.326438502002));
#11688 = VECTOR('',#11689,1.);
#11689 = DIRECTION('',(-4.371138828674E-08,-8.742277466279E-08,1.));
#11690 = ORIENTED_EDGE('',*,*,#11691,.F.);
#11691 = EDGE_CURVE('',#11692,#11684,#11694,.T.);
#11692 = VERTEX_POINT('',#11693);
#11693 = CARTESIAN_POINT('',(0.980000769334,3.54491331409,
    -2.326438515115));
#11694 = LINE('',#11695,#11696);
#11695 = CARTESIAN_POINT('',(0.980000769334,3.54491331409,
    -2.326438515115));
#11696 = VECTOR('',#11697,1.);
#11697 = DIRECTION('',(4.371138828674E-08,1.,8.742277657348E-08));
#11698 = ORIENTED_EDGE('',*,*,#11699,.T.);
#11699 = EDGE_CURVE('',#11692,#11651,#11700,.T.);
#11700 = LINE('',#11701,#11702);
#11701 = CARTESIAN_POINT('',(0.980000769334,3.54491331409,
    -2.326438515115));
#11702 = VECTOR('',#11703,1.);
#11703 = DIRECTION('',(-4.371138828674E-08,-8.742277466279E-08,1.));
#11704 = ORIENTED_EDGE('',*,*,#11650,.T.);
#11705 = PLANE('',#11706);
#11706 = AXIS2_PLACEMENT_3D('',#11707,#11708,#11709);
#11707 = CARTESIAN_POINT('',(0.980000776983,3.694913316275,
    -2.351438502002));
#11708 = DIRECTION('',(1.,-4.371139210811E-08,4.371138446537E-08));
#11709 = DIRECTION('',(-4.371138828674E-08,-1.,-8.742277657348E-08));
#11710 = ADVANCED_FACE('',(#11711),#11738,.F.);
#11711 = FACE_BOUND('',#11712,.F.);
#11712 = EDGE_LOOP('',(#11713,#11714,#11723,#11731));
#11713 = ORIENTED_EDGE('',*,*,#11691,.F.);
#11714 = ORIENTED_EDGE('',*,*,#11715,.T.);
#11715 = EDGE_CURVE('',#11692,#11716,#11718,.T.);
#11716 = VERTEX_POINT('',#11717);
#11717 = CARTESIAN_POINT('',(0.955000770427,3.544913317368,
    -2.351438516208));
#11718 = CIRCLE('',#11719,2.5E-02);
#11719 = AXIS2_PLACEMENT_3D('',#11720,#11721,#11722);
#11720 = CARTESIAN_POINT('',(0.955000769334,3.544913315182,
    -2.326438516208));
#11721 = DIRECTION('',(4.371138828674E-08,1.,8.742277657348E-08));
#11722 = DIRECTION('',(1.,-4.371139210811E-08,4.371138446537E-08));
#11723 = ORIENTED_EDGE('',*,*,#11724,.T.);
#11724 = EDGE_CURVE('',#11716,#11725,#11727,.T.);
#11725 = VERTEX_POINT('',#11726);
#11726 = CARTESIAN_POINT('',(0.955000776983,3.694913317368,
    -2.351438503095));
#11727 = LINE('',#11728,#11729);
#11728 = CARTESIAN_POINT('',(0.955000770427,3.544913317368,
    -2.351438516208));
#11729 = VECTOR('',#11730,1.);
#11730 = DIRECTION('',(4.371138828674E-08,1.,8.742277657348E-08));
#11731 = ORIENTED_EDGE('',*,*,#11732,.T.);
#11732 = EDGE_CURVE('',#11725,#11684,#11733,.T.);
#11733 = CIRCLE('',#11734,2.5E-02);
#11734 = AXIS2_PLACEMENT_3D('',#11735,#11736,#11737);
#11735 = CARTESIAN_POINT('',(0.955000775891,3.694913315182,
    -2.326438503095));
#11736 = DIRECTION('',(-4.371138828674E-08,-1.,-8.742277657348E-08));
#11737 = DIRECTION('',(4.371138828674E-08,8.742277466279E-08,-1.));
#11738 = CYLINDRICAL_SURFACE('',#11739,2.5E-02);
#11739 = AXIS2_PLACEMENT_3D('',#11740,#11741,#11742);
#11740 = CARTESIAN_POINT('',(0.955000416732,-4.521686684818,
    -2.326439221413));
#11741 = DIRECTION('',(4.371138828674E-08,1.,8.742277657348E-08));
#11742 = DIRECTION('',(1.,-4.371139210811E-08,4.371138446537E-08));
#11743 = ADVANCED_FACE('',(#11744),#11769,.F.);
#11744 = FACE_BOUND('',#11745,.T.);
#11745 = EDGE_LOOP('',(#11746,#11754,#11762,#11768));
#11746 = ORIENTED_EDGE('',*,*,#11747,.F.);
#11747 = EDGE_CURVE('',#11748,#11725,#11750,.T.);
#11748 = VERTEX_POINT('',#11749);
#11749 = CARTESIAN_POINT('',(0.950000776983,3.694913317587,
    -2.351438503313));
#11750 = LINE('',#11751,#11752);
#11751 = CARTESIAN_POINT('',(0.950000776983,3.694913317587,
    -2.351438503313));
#11752 = VECTOR('',#11753,1.);
#11753 = DIRECTION('',(1.,-4.371139210811E-08,4.371138446537E-08));
#11754 = ORIENTED_EDGE('',*,*,#11755,.T.);
#11755 = EDGE_CURVE('',#11748,#11756,#11758,.T.);
#11756 = VERTEX_POINT('',#11757);
#11757 = CARTESIAN_POINT('',(0.950000770427,3.544913317587,
    -2.351438516427));
#11758 = LINE('',#11759,#11760);
#11759 = CARTESIAN_POINT('',(0.950000776983,3.694913317587,
    -2.351438503313));
#11760 = VECTOR('',#11761,1.);
#11761 = DIRECTION('',(-4.371138828674E-08,-1.,-8.742277657348E-08));
#11762 = ORIENTED_EDGE('',*,*,#11763,.T.);
#11763 = EDGE_CURVE('',#11756,#11716,#11764,.T.);
#11764 = LINE('',#11765,#11766);
#11765 = CARTESIAN_POINT('',(0.950000770427,3.544913317587,
    -2.351438516427));
#11766 = VECTOR('',#11767,1.);
#11767 = DIRECTION('',(1.,-4.371148092595E-08,4.371138446536E-08));
#11768 = ORIENTED_EDGE('',*,*,#11724,.T.);
#11769 = PLANE('',#11770);
#11770 = AXIS2_PLACEMENT_3D('',#11771,#11772,#11773);
#11771 = CARTESIAN_POINT('',(-0.166382148458,3.694913366385,
    -2.351438552112));
#11772 = DIRECTION('',(4.371138828674E-08,8.742277466279E-08,-1.));
#11773 = DIRECTION('',(-4.371138828674E-08,-1.,-8.742277657348E-08));
#11774 = ADVANCED_FACE('',(#11775),#11829,.F.);
#11775 = FACE_BOUND('',#11776,.T.);
#11776 = EDGE_LOOP('',(#11777,#11778,#11784,#11785,#11791,#11792,#11800,
    #11808,#11816,#11822,#11823));
#11777 = ORIENTED_EDGE('',*,*,#11207,.T.);
#11778 = ORIENTED_EDGE('',*,*,#11779,.T.);
#11779 = EDGE_CURVE('',#11200,#11232,#11780,.T.);
#11780 = LINE('',#11781,#11782);
#11781 = CARTESIAN_POINT('',(0.950000792282,3.744913343813,
    -2.651438498942));
#11782 = VECTOR('',#11783,1.);
#11783 = DIRECTION('',(4.371138828674E-08,1.,8.742277657348E-08));
#11784 = ORIENTED_EDGE('',*,*,#11271,.T.);
#11785 = ORIENTED_EDGE('',*,*,#11786,.F.);
#11786 = EDGE_CURVE('',#11304,#11264,#11787,.T.);
#11787 = LINE('',#11788,#11789);
#11788 = CARTESIAN_POINT('',(0.950000731305,3.299913260762,
    -1.701438537845));
#11789 = VECTOR('',#11790,1.);
#11790 = DIRECTION('',(4.371138828674E-08,1.,8.742277657348E-08));
#11791 = ORIENTED_EDGE('',*,*,#11303,.T.);
#11792 = ORIENTED_EDGE('',*,*,#11793,.T.);
#11793 = EDGE_CURVE('',#11296,#11794,#11796,.T.);
#11794 = VERTEX_POINT('',#11795);
#11795 = CARTESIAN_POINT('',(0.950000778295,3.424913599165,
    -2.651438526917));
#11796 = LINE('',#11797,#11798);
#11797 = CARTESIAN_POINT('',(0.950000772831,3.299913343813,
    -2.651438537845));
#11798 = VECTOR('',#11799,1.);
#11799 = DIRECTION('',(4.371138828674E-08,1.,8.742277657348E-08));
#11800 = ORIENTED_EDGE('',*,*,#11801,.T.);
#11801 = EDGE_CURVE('',#11794,#11802,#11804,.T.);
#11802 = VERTEX_POINT('',#11803);
#11803 = CARTESIAN_POINT('',(0.950000776109,3.5249133307,-2.501438518175
    ));
#11804 = LINE('',#11805,#11806);
#11805 = CARTESIAN_POINT('',(0.950000778295,3.424913599165,
    -2.651438526917));
#11806 = VECTOR('',#11807,1.);
#11807 = DIRECTION('',(-1.212342926992E-08,0.554699142871,0.832050996573
    ));
#11808 = ORIENTED_EDGE('',*,*,#11809,.T.);
#11809 = EDGE_CURVE('',#11802,#11810,#11812,.T.);
#11810 = VERTEX_POINT('',#11811);
#11811 = CARTESIAN_POINT('',(0.950000776983,3.5449133307,-2.501438516427
    ));
#11812 = LINE('',#11813,#11814);
#11813 = CARTESIAN_POINT('',(0.950000776109,3.5249133307,-2.501438518175
    ));
#11814 = VECTOR('',#11815,1.);
#11815 = DIRECTION('',(4.37114104912E-08,1.,8.742277657348E-08));
#11816 = ORIENTED_EDGE('',*,*,#11817,.F.);
#11817 = EDGE_CURVE('',#11756,#11810,#11818,.T.);
#11818 = LINE('',#11819,#11820);
#11819 = CARTESIAN_POINT('',(0.950000770427,3.544913317587,
    -2.351438516427));
#11820 = VECTOR('',#11821,1.);
#11821 = DIRECTION('',(4.371138828674E-08,8.742277466279E-08,-1.));
#11822 = ORIENTED_EDGE('',*,*,#11755,.F.);
#11823 = ORIENTED_EDGE('',*,*,#11824,.T.);
#11824 = EDGE_CURVE('',#11748,#11208,#11825,.T.);
#11825 = LINE('',#11826,#11827);
#11826 = CARTESIAN_POINT('',(0.950000776983,3.694913317587,
    -2.351438503313));
#11827 = VECTOR('',#11828,1.);
#11828 = DIRECTION('',(4.371138828674E-08,8.742277466279E-08,-1.));
#11829 = PLANE('',#11830);
#11830 = AXIS2_PLACEMENT_3D('',#11831,#11832,#11833);
#11831 = CARTESIAN_POINT('',(0.950000772831,3.299913343813,
    -2.651438537845));
#11832 = DIRECTION('',(-1.,4.371139210811E-08,-4.371138446537E-08));
#11833 = DIRECTION('',(-4.371138828674E-08,-8.742277466279E-08,1.));
#11834 = ADVANCED_FACE('',(#11835),#11852,.T.);
#11835 = FACE_BOUND('',#11836,.T.);
#11836 = EDGE_LOOP('',(#11837,#11838,#11839,#11845,#11846));
#11837 = ORIENTED_EDGE('',*,*,#11095,.F.);
#11838 = ORIENTED_EDGE('',*,*,#11175,.T.);
#11839 = ORIENTED_EDGE('',*,*,#11840,.T.);
#11840 = EDGE_CURVE('',#11168,#11802,#11841,.T.);
#11841 = LINE('',#11842,#11843);
#11842 = CARTESIAN_POINT('',(-0.349999223891,3.524913387525,-2.501438575
    ));
#11843 = VECTOR('',#11844,1.);
#11844 = DIRECTION('',(1.,-4.371139210811E-08,4.371138446537E-08));
#11845 = ORIENTED_EDGE('',*,*,#11801,.F.);
#11846 = ORIENTED_EDGE('',*,*,#11847,.F.);
#11847 = EDGE_CURVE('',#11098,#11794,#11848,.T.);
#11848 = LINE('',#11849,#11850);
#11849 = CARTESIAN_POINT('',(-1.249999221705,3.424913679305,
    -2.651438623082));
#11850 = VECTOR('',#11851,1.);
#11851 = DIRECTION('',(1.,-3.642720592458E-08,4.371138510217E-08));
#11852 = PLANE('',#11853);
#11853 = AXIS2_PLACEMENT_3D('',#11854,#11855,#11856);
#11854 = CARTESIAN_POINT('',(-0.799999222798,3.474913541428,
    -2.576438599041));
#11855 = DIRECTION('',(6.061677486179E-08,0.832050996573,-0.554699142871
    ));
#11856 = DIRECTION('',(1.,-4.371139210811E-08,4.371138446537E-08));
#11857 = ADVANCED_FACE('',(#11858),#11876,.F.);
#11858 = FACE_BOUND('',#11859,.T.);
#11859 = EDGE_LOOP('',(#11860,#11861,#11862,#11870));
#11860 = ORIENTED_EDGE('',*,*,#11809,.F.);
#11861 = ORIENTED_EDGE('',*,*,#11840,.F.);
#11862 = ORIENTED_EDGE('',*,*,#11863,.T.);
#11863 = EDGE_CURVE('',#11168,#11864,#11866,.T.);
#11864 = VERTEX_POINT('',#11865);
#11865 = CARTESIAN_POINT('',(-0.349999223017,3.544913387525,
    -2.501438573251));
#11866 = LINE('',#11867,#11868);
#11867 = CARTESIAN_POINT('',(-0.349999223891,3.524913387525,-2.501438575
    ));
#11868 = VECTOR('',#11869,1.);
#11869 = DIRECTION('',(4.37114104912E-08,1.,8.742277657348E-08));
#11870 = ORIENTED_EDGE('',*,*,#11871,.F.);
#11871 = EDGE_CURVE('',#11810,#11864,#11872,.T.);
#11872 = LINE('',#11873,#11874);
#11873 = CARTESIAN_POINT('',(0.950000776983,3.5449133307,-2.501438516427
    ));
#11874 = VECTOR('',#11875,1.);
#11875 = DIRECTION('',(-1.,4.371139210811E-08,-4.371138446537E-08));
#11876 = PLANE('',#11877);
#11877 = AXIS2_PLACEMENT_3D('',#11878,#11879,#11880);
#11878 = CARTESIAN_POINT('',(-0.349999223891,3.524913387525,-2.501438575
    ));
#11879 = DIRECTION('',(-4.371138828674E-08,-8.742277466279E-08,1.));
#11880 = DIRECTION('',(-1.,4.371139210811E-08,-4.371138446537E-08));
#11881 = ADVANCED_FACE('',(#11882),#11916,.F.);
#11882 = FACE_BOUND('',#11883,.T.);
#11883 = EDGE_LOOP('',(#11884,#11894,#11902,#11910));
#11884 = ORIENTED_EDGE('',*,*,#11885,.T.);
#11885 = EDGE_CURVE('',#11886,#11888,#11890,.T.);
#11886 = VERTEX_POINT('',#11887);
#11887 = CARTESIAN_POINT('',(-0.409413377221,3.694913382549,
    -2.414820464205));
#11888 = VERTEX_POINT('',#11889);
#11889 = CARTESIAN_POINT('',(-0.409413383778,3.544913382549,
    -2.414820477319));
#11890 = LINE('',#11891,#11892);
#11891 = CARTESIAN_POINT('',(-0.409413377221,3.694913382549,
    -2.414820464205));
#11892 = VECTOR('',#11893,1.);
#11893 = DIRECTION('',(-4.371138828674E-08,-1.,-8.742277657348E-08));
#11894 = ORIENTED_EDGE('',*,*,#11895,.T.);
#11895 = EDGE_CURVE('',#11888,#11896,#11898,.T.);
#11896 = VERTEX_POINT('',#11897);
#11897 = CARTESIAN_POINT('',(-0.34999922748,3.544913378598,
    -2.399325419952));
#11898 = LINE('',#11899,#11900);
#11899 = CARTESIAN_POINT('',(-0.409413383778,3.544913382549,
    -2.414820477319));
#11900 = VECTOR('',#11901,1.);
#11901 = DIRECTION('',(0.967634326372,-6.435834694634E-08,0.252356514531
    ));
#11902 = ORIENTED_EDGE('',*,*,#11903,.F.);
#11903 = EDGE_CURVE('',#11904,#11896,#11906,.T.);
#11904 = VERTEX_POINT('',#11905);
#11905 = CARTESIAN_POINT('',(-0.349999220923,3.694913378598,
    -2.399325406839));
#11906 = LINE('',#11907,#11908);
#11907 = CARTESIAN_POINT('',(-0.349999220923,3.694913378598,
    -2.399325406839));
#11908 = VECTOR('',#11909,1.);
#11909 = DIRECTION('',(-4.371138828674E-08,-1.,-8.742277657348E-08));
#11910 = ORIENTED_EDGE('',*,*,#11911,.F.);
#11911 = EDGE_CURVE('',#11886,#11904,#11912,.T.);
#11912 = LINE('',#11913,#11914);
#11913 = CARTESIAN_POINT('',(-0.409413377221,3.694913382549,
    -2.414820464205));
#11914 = VECTOR('',#11915,1.);
#11915 = DIRECTION('',(0.967634326372,-6.435834694634E-08,0.252356514531
    ));
#11916 = PLANE('',#11917);
#11917 = AXIS2_PLACEMENT_3D('',#11918,#11919,#11920);
#11918 = CARTESIAN_POINT('',(-0.409413377221,3.694913382549,
    -2.414820464205));
#11919 = DIRECTION('',(0.252356514531,7.356242592591E-08,-0.967634326372
    ));
#11920 = DIRECTION('',(-4.371138828674E-08,-1.,-8.742277657348E-08));
#11921 = ADVANCED_FACE('',(#11922),#11949,.F.);
#11922 = FACE_BOUND('',#11923,.F.);
#11923 = EDGE_LOOP('',(#11924,#11933,#11934,#11943));
#11924 = ORIENTED_EDGE('',*,*,#11925,.T.);
#11925 = EDGE_CURVE('',#11926,#11886,#11928,.T.);
#11926 = VERTEX_POINT('',#11927);
#11927 = CARTESIAN_POINT('',(-0.422031200761,3.694913383242,
    -2.416438747887));
#11928 = CIRCLE('',#11929,5.E-02);
#11929 = AXIS2_PLACEMENT_3D('',#11930,#11931,#11932);
#11930 = CARTESIAN_POINT('',(-0.422031202947,3.694913378871,
    -2.366438747887));
#11931 = DIRECTION('',(-4.371138828674E-08,-1.,-8.742277657348E-08));
#11932 = DIRECTION('',(4.371138828674E-08,8.742277466279E-08,-1.));
#11933 = ORIENTED_EDGE('',*,*,#11885,.T.);
#11934 = ORIENTED_EDGE('',*,*,#11935,.F.);
#11935 = EDGE_CURVE('',#11936,#11888,#11938,.T.);
#11936 = VERTEX_POINT('',#11937);
#11937 = CARTESIAN_POINT('',(-0.422031207318,3.544913383242,-2.416438761
    ));
#11938 = CIRCLE('',#11939,5.E-02);
#11939 = AXIS2_PLACEMENT_3D('',#11940,#11941,#11942);
#11940 = CARTESIAN_POINT('',(-0.422031209504,3.544913378871,-2.366438761
    ));
#11941 = DIRECTION('',(-4.371138828674E-08,-1.,-8.742277657348E-08));
#11942 = DIRECTION('',(4.371138828674E-08,8.742277466279E-08,-1.));
#11943 = ORIENTED_EDGE('',*,*,#11944,.F.);
#11944 = EDGE_CURVE('',#11926,#11936,#11945,.T.);
#11945 = LINE('',#11946,#11947);
#11946 = CARTESIAN_POINT('',(-0.422031200761,3.694913383242,
    -2.416438747887));
#11947 = VECTOR('',#11948,1.);
#11948 = DIRECTION('',(-4.371138828674E-08,-1.,-8.742277657348E-08));
#11949 = CYLINDRICAL_SURFACE('',#11950,5.E-02);
#11950 = AXIS2_PLACEMENT_3D('',#11951,#11952,#11953);
#11951 = CARTESIAN_POINT('',(-0.422031202947,3.694913378871,
    -2.366438747887));
#11952 = DIRECTION('',(4.371138828674E-08,1.,8.742277657348E-08));
#11953 = DIRECTION('',(4.371138828674E-08,8.742277466279E-08,-1.));
#11954 = ADVANCED_FACE('',(#11955),#11980,.F.);
#11955 = FACE_BOUND('',#11956,.T.);
#11956 = EDGE_LOOP('',(#11957,#11967,#11973,#11974));
#11957 = ORIENTED_EDGE('',*,*,#11958,.T.);
#11958 = EDGE_CURVE('',#11959,#11961,#11963,.T.);
#11959 = VERTEX_POINT('',#11960);
#11960 = CARTESIAN_POINT('',(-0.931871320586,3.694913405528,
    -2.416438770172));
#11961 = VERTEX_POINT('',#11962);
#11962 = CARTESIAN_POINT('',(-0.931871327143,3.544913405528,
    -2.416438783286));
#11963 = LINE('',#11964,#11965);
#11964 = CARTESIAN_POINT('',(-0.931871320586,3.694913405528,
    -2.416438770172));
#11965 = VECTOR('',#11966,1.);
#11966 = DIRECTION('',(-4.371138828674E-08,-1.,-8.742277657348E-08));
#11967 = ORIENTED_EDGE('',*,*,#11968,.T.);
#11968 = EDGE_CURVE('',#11961,#11936,#11969,.T.);
#11969 = LINE('',#11970,#11971);
#11970 = CARTESIAN_POINT('',(-0.931871327143,3.544913405528,
    -2.416438783286));
#11971 = VECTOR('',#11972,1.);
#11972 = DIRECTION('',(1.,-4.371139210811E-08,4.371138446537E-08));
#11973 = ORIENTED_EDGE('',*,*,#11944,.F.);
#11974 = ORIENTED_EDGE('',*,*,#11975,.F.);
#11975 = EDGE_CURVE('',#11959,#11926,#11976,.T.);
#11976 = LINE('',#11977,#11978);
#11977 = CARTESIAN_POINT('',(-0.931871320586,3.694913405528,
    -2.416438770172));
#11978 = VECTOR('',#11979,1.);
#11979 = DIRECTION('',(1.,-4.371139210811E-08,4.371138446537E-08));
#11980 = PLANE('',#11981);
#11981 = AXIS2_PLACEMENT_3D('',#11982,#11983,#11984);
#11982 = CARTESIAN_POINT('',(-0.931871320586,3.694913405528,
    -2.416438770172));
#11983 = DIRECTION('',(4.371138828674E-08,8.742277466279E-08,-1.));
#11984 = DIRECTION('',(-4.371138828674E-08,-1.,-8.742277657348E-08));
#11985 = ADVANCED_FACE('',(#11986),#12011,.F.);
#11986 = FACE_BOUND('',#11987,.T.);
#11987 = EDGE_LOOP('',(#11988,#11998,#12004,#12005));
#11988 = ORIENTED_EDGE('',*,*,#11989,.T.);
#11989 = EDGE_CURVE('',#11990,#11992,#11994,.T.);
#11990 = VERTEX_POINT('',#11991);
#11991 = CARTESIAN_POINT('',(-0.931871333531,3.694913379638,
    -2.120293556559));
#11992 = VERTEX_POINT('',#11993);
#11993 = CARTESIAN_POINT('',(-0.931871340088,3.544913379638,
    -2.120293569672));
#11994 = LINE('',#11995,#11996);
#11995 = CARTESIAN_POINT('',(-0.931871333531,3.694913379638,
    -2.120293556559));
#11996 = VECTOR('',#11997,1.);
#11997 = DIRECTION('',(-4.371138828674E-08,-1.,-8.742277657348E-08));
#11998 = ORIENTED_EDGE('',*,*,#11999,.T.);
#11999 = EDGE_CURVE('',#11992,#11961,#12000,.T.);
#12000 = LINE('',#12001,#12002);
#12001 = CARTESIAN_POINT('',(-0.931871340088,3.544913379638,
    -2.120293569672));
#12002 = VECTOR('',#12003,1.);
#12003 = DIRECTION('',(4.371138828674E-08,8.742277466279E-08,-1.));
#12004 = ORIENTED_EDGE('',*,*,#11958,.F.);
#12005 = ORIENTED_EDGE('',*,*,#12006,.F.);
#12006 = EDGE_CURVE('',#11990,#11959,#12007,.T.);
#12007 = LINE('',#12008,#12009);
#12008 = CARTESIAN_POINT('',(-0.931871333531,3.694913379638,
    -2.120293556559));
#12009 = VECTOR('',#12010,1.);
#12010 = DIRECTION('',(4.371138828674E-08,8.742277466279E-08,-1.));
#12011 = PLANE('',#12012);
#12012 = AXIS2_PLACEMENT_3D('',#12013,#12014,#12015);
#12013 = CARTESIAN_POINT('',(-0.931871333531,3.694913379638,
    -2.120293556559));
#12014 = DIRECTION('',(-1.,4.371139210811E-08,-4.371138446537E-08));
#12015 = DIRECTION('',(-4.371138828674E-08,-8.742277466279E-08,1.));
#12016 = ADVANCED_FACE('',(#12017),#12044,.T.);
#12017 = FACE_BOUND('',#12018,.T.);
#12018 = EDGE_LOOP('',(#12019,#12029,#12036,#12037));
#12019 = ORIENTED_EDGE('',*,*,#12020,.T.);
#12020 = EDGE_CURVE('',#12021,#12023,#12025,.T.);
#12021 = VERTEX_POINT('',#12022);
#12022 = CARTESIAN_POINT('',(-0.932829508343,3.694913379081,
    -2.113438585614));
#12023 = VERTEX_POINT('',#12024);
#12024 = CARTESIAN_POINT('',(-0.9328295149,3.544913379081,
    -2.113438598728));
#12025 = LINE('',#12026,#12027);
#12026 = CARTESIAN_POINT('',(-0.932829508343,3.694913379081,
    -2.113438585614));
#12027 = VECTOR('',#12028,1.);
#12028 = DIRECTION('',(-4.371138828674E-08,-1.,-8.742277657348E-08));
#12029 = ORIENTED_EDGE('',*,*,#12030,.T.);
#12030 = EDGE_CURVE('',#12023,#11992,#12031,.T.);
#12031 = CIRCLE('',#12032,2.5E-02);
#12032 = AXIS2_PLACEMENT_3D('',#12033,#12034,#12035);
#12033 = CARTESIAN_POINT('',(-0.956871340088,3.544913380731,
    -2.120293570765));
#12034 = DIRECTION('',(4.371138828674E-08,1.,8.742277657348E-08));
#12035 = DIRECTION('',(0.961673007515,-6.600728979052E-08,0.274198881501
    ));
#12036 = ORIENTED_EDGE('',*,*,#11989,.F.);
#12037 = ORIENTED_EDGE('',*,*,#12038,.F.);
#12038 = EDGE_CURVE('',#12021,#11990,#12039,.T.);
#12039 = CIRCLE('',#12040,2.5E-02);
#12040 = AXIS2_PLACEMENT_3D('',#12041,#12042,#12043);
#12041 = CARTESIAN_POINT('',(-0.956871333531,3.694913380731,
    -2.120293557652));
#12042 = DIRECTION('',(4.371138828674E-08,1.,8.742277657348E-08));
#12043 = DIRECTION('',(0.961673007515,-6.600728979052E-08,0.274198881501
    ));
#12044 = CYLINDRICAL_SURFACE('',#12045,2.5E-02);
#12045 = AXIS2_PLACEMENT_3D('',#12046,#12047,#12048);
#12046 = CARTESIAN_POINT('',(-0.956871333531,3.694913380731,
    -2.120293557652));
#12047 = DIRECTION('',(4.371138828674E-08,1.,8.742277657348E-08));
#12048 = DIRECTION('',(4.371138828674E-08,8.742277466279E-08,-1.));
#12049 = ADVANCED_FACE('',(#12050),#12075,.F.);
#12050 = FACE_BOUND('',#12051,.T.);
#12051 = EDGE_LOOP('',(#12052,#12060,#12061,#12069));
#12052 = ORIENTED_EDGE('',*,*,#12053,.T.);
#12053 = EDGE_CURVE('',#12054,#12023,#12056,.T.);
#12054 = VERTEX_POINT('',#12055);
#12055 = CARTESIAN_POINT('',(-0.976697711369,3.544913367548,
    -1.959583629659));
#12056 = LINE('',#12057,#12058);
#12057 = CARTESIAN_POINT('',(-0.976697711369,3.544913367548,
    -1.959583629659));
#12058 = VECTOR('',#12059,1.);
#12059 = DIRECTION('',(0.274198881501,7.208651069569E-08,-0.961673007515
    ));
#12060 = ORIENTED_EDGE('',*,*,#12020,.F.);
#12061 = ORIENTED_EDGE('',*,*,#12062,.F.);
#12062 = EDGE_CURVE('',#12063,#12021,#12065,.T.);
#12063 = VERTEX_POINT('',#12064);
#12064 = CARTESIAN_POINT('',(-0.976697704812,3.694913367548,
    -1.959583616545));
#12065 = LINE('',#12066,#12067);
#12066 = CARTESIAN_POINT('',(-0.976697704812,3.694913367548,
    -1.959583616545));
#12067 = VECTOR('',#12068,1.);
#12068 = DIRECTION('',(0.274198881501,7.208651069569E-08,-0.961673007515
    ));
#12069 = ORIENTED_EDGE('',*,*,#12070,.T.);
#12070 = EDGE_CURVE('',#12063,#12054,#12071,.T.);
#12071 = LINE('',#12072,#12073);
#12072 = CARTESIAN_POINT('',(-0.976697704812,3.694913367548,
    -1.959583616545));
#12073 = VECTOR('',#12074,1.);
#12074 = DIRECTION('',(-4.371138828674E-08,-1.,-8.742277657348E-08));
#12075 = PLANE('',#12076);
#12076 = AXIS2_PLACEMENT_3D('',#12077,#12078,#12079);
#12077 = CARTESIAN_POINT('',(-0.981871341338,3.694913366188,
    -1.941438587758));
#12078 = DIRECTION('',(-0.961673007515,6.600728979053E-08,
    -0.274198881501));
#12079 = DIRECTION('',(4.371138828674E-08,1.,8.742277657348E-08));
#12080 = ADVANCED_FACE('',(#12081),#12108,.T.);
#12081 = FACE_BOUND('',#12082,.T.);
#12082 = EDGE_LOOP('',(#12083,#12084,#12093,#12101));
#12083 = ORIENTED_EDGE('',*,*,#12070,.F.);
#12084 = ORIENTED_EDGE('',*,*,#12085,.F.);
#12085 = EDGE_CURVE('',#12086,#12063,#12088,.T.);
#12086 = VERTEX_POINT('',#12087);
#12087 = CARTESIAN_POINT('',(-1.000739531092,3.694913367013,
    -1.941438588583));
#12088 = CIRCLE('',#12089,2.5E-02);
#12089 = AXIS2_PLACEMENT_3D('',#12090,#12091,#12092);
#12090 = CARTESIAN_POINT('',(-1.000739529999,3.694913369198,
    -1.966438588583));
#12091 = DIRECTION('',(4.371138828674E-08,1.,8.742277657348E-08));
#12092 = DIRECTION('',(-4.371138828674E-08,-8.742277466279E-08,1.));
#12093 = ORIENTED_EDGE('',*,*,#12094,.T.);
#12094 = EDGE_CURVE('',#12086,#12095,#12097,.T.);
#12095 = VERTEX_POINT('',#12096);
#12096 = CARTESIAN_POINT('',(-1.000739537649,3.544913367013,
    -1.941438601696));
#12097 = LINE('',#12098,#12099);
#12098 = CARTESIAN_POINT('',(-1.000739531092,3.694913367013,
    -1.941438588583));
#12099 = VECTOR('',#12100,1.);
#12100 = DIRECTION('',(-4.371138828674E-08,-1.,-8.742277657348E-08));
#12101 = ORIENTED_EDGE('',*,*,#12102,.F.);
#12102 = EDGE_CURVE('',#12054,#12095,#12103,.T.);
#12103 = CIRCLE('',#12104,2.5E-02);
#12104 = AXIS2_PLACEMENT_3D('',#12105,#12106,#12107);
#12105 = CARTESIAN_POINT('',(-1.000739536556,3.544913369198,
    -1.966438601696));
#12106 = DIRECTION('',(-4.371138828674E-08,-1.,-8.742277657348E-08));
#12107 = DIRECTION('',(0.961673007515,-6.600728979053E-08,0.274198881501
    ));
#12108 = CYLINDRICAL_SURFACE('',#12109,2.5E-02);
#12109 = AXIS2_PLACEMENT_3D('',#12110,#12111,#12112);
#12110 = CARTESIAN_POINT('',(-1.000739024036,15.26999636289,
    -1.966437576657));
#12111 = DIRECTION('',(-4.371138828674E-08,-1.,-8.742277657348E-08));
#12112 = DIRECTION('',(0.961673007515,-6.600728979053E-08,0.274198881501
    ));
#12113 = ADVANCED_FACE('',(#12114),#12139,.F.);
#12114 = FACE_BOUND('',#12115,.T.);
#12115 = EDGE_LOOP('',(#12116,#12124,#12125,#12133));
#12116 = ORIENTED_EDGE('',*,*,#12117,.T.);
#12117 = EDGE_CURVE('',#12118,#12095,#12120,.T.);
#12118 = VERTEX_POINT('',#12119);
#12119 = CARTESIAN_POINT('',(-1.157362726595,3.544913373859,
    -1.941438608542));
#12120 = LINE('',#12121,#12122);
#12121 = CARTESIAN_POINT('',(-1.157362726595,3.544913373859,
    -1.941438608542));
#12122 = VECTOR('',#12123,1.);
#12123 = DIRECTION('',(1.,-4.371139210811E-08,4.371138446537E-08));
#12124 = ORIENTED_EDGE('',*,*,#12094,.F.);
#12125 = ORIENTED_EDGE('',*,*,#12126,.F.);
#12126 = EDGE_CURVE('',#12127,#12086,#12129,.T.);
#12127 = VERTEX_POINT('',#12128);
#12128 = CARTESIAN_POINT('',(-1.157362720038,3.694913373859,
    -1.941438595429));
#12129 = LINE('',#12130,#12131);
#12130 = CARTESIAN_POINT('',(-1.157362720038,3.694913373859,
    -1.941438595429));
#12131 = VECTOR('',#12132,1.);
#12132 = DIRECTION('',(1.,-4.371139210811E-08,4.371138446537E-08));
#12133 = ORIENTED_EDGE('',*,*,#12134,.T.);
#12134 = EDGE_CURVE('',#12127,#12118,#12135,.T.);
#12135 = LINE('',#12136,#12137);
#12136 = CARTESIAN_POINT('',(-1.157362720038,3.694913373859,
    -1.941438595429));
#12137 = VECTOR('',#12138,1.);
#12138 = DIRECTION('',(-4.371138828674E-08,-1.,-8.742277657348E-08));
#12139 = PLANE('',#12140);
#12140 = AXIS2_PLACEMENT_3D('',#12141,#12142,#12143);
#12141 = CARTESIAN_POINT('',(-1.182362720038,3.694913374952,
    -1.941438596522));
#12142 = DIRECTION('',(4.371138828674E-08,8.742277466279E-08,-1.));
#12143 = DIRECTION('',(-4.371138828674E-08,-1.,-8.742277657348E-08));
#12144 = ADVANCED_FACE('',(#12145),#12172,.T.);
#12145 = FACE_BOUND('',#12146,.T.);
#12146 = EDGE_LOOP('',(#12147,#12148,#12157,#12165));
#12147 = ORIENTED_EDGE('',*,*,#12134,.F.);
#12148 = ORIENTED_EDGE('',*,*,#12149,.F.);
#12149 = EDGE_CURVE('',#12150,#12127,#12152,.T.);
#12150 = VERTEX_POINT('',#12151);
#12151 = CARTESIAN_POINT('',(-1.182362718945,3.694913377137,
    -1.966438596522));
#12152 = CIRCLE('',#12153,2.5E-02);
#12153 = AXIS2_PLACEMENT_3D('',#12154,#12155,#12156);
#12154 = CARTESIAN_POINT('',(-1.157362718945,3.694913376045,
    -1.966438595429));
#12155 = DIRECTION('',(4.371138828674E-08,1.,8.742277657348E-08));
#12156 = DIRECTION('',(-1.,4.371139210811E-08,-4.371138446537E-08));
#12157 = ORIENTED_EDGE('',*,*,#12158,.T.);
#12158 = EDGE_CURVE('',#12150,#12159,#12161,.T.);
#12159 = VERTEX_POINT('',#12160);
#12160 = CARTESIAN_POINT('',(-1.182362725502,3.544913377137,
    -1.966438609635));
#12161 = LINE('',#12162,#12163);
#12162 = CARTESIAN_POINT('',(-1.182362718945,3.694913377137,
    -1.966438596522));
#12163 = VECTOR('',#12164,1.);
#12164 = DIRECTION('',(-4.371138828674E-08,-1.,-8.742277657348E-08));
#12165 = ORIENTED_EDGE('',*,*,#12166,.F.);
#12166 = EDGE_CURVE('',#12118,#12159,#12167,.T.);
#12167 = CIRCLE('',#12168,2.5E-02);
#12168 = AXIS2_PLACEMENT_3D('',#12169,#12170,#12171);
#12169 = CARTESIAN_POINT('',(-1.157362725502,3.544913376045,
    -1.966438608542));
#12170 = DIRECTION('',(-4.371138828674E-08,-1.,-8.742277657348E-08));
#12171 = DIRECTION('',(-4.371138828674E-08,-8.742277466279E-08,1.));
#12172 = CYLINDRICAL_SURFACE('',#12173,2.5E-02);
#12173 = AXIS2_PLACEMENT_3D('',#12174,#12175,#12176);
#12174 = CARTESIAN_POINT('',(-1.157362213247,15.263935557479,
    -1.966437584033));
#12175 = DIRECTION('',(-4.371138828674E-08,-1.,-8.742277657348E-08));
#12176 = DIRECTION('',(-4.371138828674E-08,-8.742277466279E-08,1.));
#12177 = ADVANCED_FACE('',(#12178),#12203,.F.);
#12178 = FACE_BOUND('',#12179,.T.);
#12179 = EDGE_LOOP('',(#12180,#12188,#12189,#12197));
#12180 = ORIENTED_EDGE('',*,*,#12181,.T.);
#12181 = EDGE_CURVE('',#12182,#12159,#12184,.T.);
#12182 = VERTEX_POINT('',#12183);
#12183 = CARTESIAN_POINT('',(-1.182362708673,3.544913410795,
    -2.351438609635));
#12184 = LINE('',#12185,#12186);
#12185 = CARTESIAN_POINT('',(-1.182362708673,3.544913410795,
    -2.351438609635));
#12186 = VECTOR('',#12187,1.);
#12187 = DIRECTION('',(-4.371138828674E-08,-8.742277466279E-08,1.));
#12188 = ORIENTED_EDGE('',*,*,#12158,.F.);
#12189 = ORIENTED_EDGE('',*,*,#12190,.F.);
#12190 = EDGE_CURVE('',#12191,#12150,#12193,.T.);
#12191 = VERTEX_POINT('',#12192);
#12192 = CARTESIAN_POINT('',(-1.182362702116,3.694913410795,
    -2.351438596522));
#12193 = LINE('',#12194,#12195);
#12194 = CARTESIAN_POINT('',(-1.182362702116,3.694913410795,
    -2.351438596522));
#12195 = VECTOR('',#12196,1.);
#12196 = DIRECTION('',(-4.371138828674E-08,-8.742277466279E-08,1.));
#12197 = ORIENTED_EDGE('',*,*,#12198,.T.);
#12198 = EDGE_CURVE('',#12191,#12182,#12199,.T.);
#12199 = LINE('',#12200,#12201);
#12200 = CARTESIAN_POINT('',(-1.182362702116,3.694913410795,
    -2.351438596522));
#12201 = VECTOR('',#12202,1.);
#12202 = DIRECTION('',(-4.371138828674E-08,-1.,-8.742277657348E-08));
#12203 = PLANE('',#12204);
#12204 = AXIS2_PLACEMENT_3D('',#12205,#12206,#12207);
#12205 = CARTESIAN_POINT('',(-1.182362689003,3.694913437022,
    -2.651438596522));
#12206 = DIRECTION('',(1.,-4.371139210811E-08,4.371138446537E-08));
#12207 = DIRECTION('',(-4.371138828674E-08,-1.,-8.742277657348E-08));
#12208 = ADVANCED_FACE('',(#12209),#12250,.F.);
#12209 = FACE_BOUND('',#12210,.T.);
#12210 = EDGE_LOOP('',(#12211,#12212,#12213,#12214,#12215,#12216,#12217,
    #12218,#12219,#12220,#12221,#12222,#12223,#12224,#12225,#12226,
    #12227,#12233,#12234,#12235,#12236,#12237,#12238,#12239,#12240,
    #12241,#12242,#12243));
#12211 = ORIENTED_EDGE('',*,*,#11343,.F.);
#12212 = ORIENTED_EDGE('',*,*,#11383,.T.);
#12213 = ORIENTED_EDGE('',*,*,#11414,.F.);
#12214 = ORIENTED_EDGE('',*,*,#11439,.F.);
#12215 = ORIENTED_EDGE('',*,*,#11460,.F.);
#12216 = ORIENTED_EDGE('',*,*,#11509,.T.);
#12217 = ORIENTED_EDGE('',*,*,#11540,.F.);
#12218 = ORIENTED_EDGE('',*,*,#11555,.F.);
#12219 = ORIENTED_EDGE('',*,*,#11604,.T.);
#12220 = ORIENTED_EDGE('',*,*,#11619,.T.);
#12221 = ORIENTED_EDGE('',*,*,#11660,.T.);
#12222 = ORIENTED_EDGE('',*,*,#11699,.F.);
#12223 = ORIENTED_EDGE('',*,*,#11715,.T.);
#12224 = ORIENTED_EDGE('',*,*,#11763,.F.);
#12225 = ORIENTED_EDGE('',*,*,#11817,.T.);
#12226 = ORIENTED_EDGE('',*,*,#11871,.T.);
#12227 = ORIENTED_EDGE('',*,*,#12228,.F.);
#12228 = EDGE_CURVE('',#11896,#11864,#12229,.T.);
#12229 = LINE('',#12230,#12231);
#12230 = CARTESIAN_POINT('',(-0.34999922748,3.544913378598,
    -2.399325419952));
#12231 = VECTOR('',#12232,1.);
#12232 = DIRECTION('',(4.371138828674E-08,8.742277466279E-08,-1.));
#12233 = ORIENTED_EDGE('',*,*,#11895,.F.);
#12234 = ORIENTED_EDGE('',*,*,#11935,.F.);
#12235 = ORIENTED_EDGE('',*,*,#11968,.F.);
#12236 = ORIENTED_EDGE('',*,*,#11999,.F.);
#12237 = ORIENTED_EDGE('',*,*,#12030,.F.);
#12238 = ORIENTED_EDGE('',*,*,#12053,.F.);
#12239 = ORIENTED_EDGE('',*,*,#12102,.T.);
#12240 = ORIENTED_EDGE('',*,*,#12117,.F.);
#12241 = ORIENTED_EDGE('',*,*,#12166,.T.);
#12242 = ORIENTED_EDGE('',*,*,#12181,.F.);
#12243 = ORIENTED_EDGE('',*,*,#12244,.T.);
#12244 = EDGE_CURVE('',#12182,#11344,#12245,.T.);
#12245 = CIRCLE('',#12246,0.3);
#12246 = AXIS2_PLACEMENT_3D('',#12247,#12248,#12249);
#12247 = CARTESIAN_POINT('',(-0.882362708673,3.544913397682,
    -2.351438596522));
#12248 = DIRECTION('',(-4.371138828674E-08,-1.,-8.742277657348E-08));
#12249 = DIRECTION('',(-1.,4.371139210811E-08,-4.371138446537E-08));
#12250 = PLANE('',#12251);
#12251 = AXIS2_PLACEMENT_3D('',#12252,#12253,#12254);
#12252 = CARTESIAN_POINT('',(1.850000761685,3.544913260762,
    -2.151438477086));
#12253 = DIRECTION('',(4.371138828674E-08,1.,8.742277657348E-08));
#12254 = DIRECTION('',(1.,-4.371139210811E-08,4.371138446537E-08));
#12255 = ADVANCED_FACE('',(#12256),#12268,.T.);
#12256 = FACE_BOUND('',#12257,.T.);
#12257 = EDGE_LOOP('',(#12258,#12259,#12266,#12267));
#12258 = ORIENTED_EDGE('',*,*,#12198,.F.);
#12259 = ORIENTED_EDGE('',*,*,#12260,.F.);
#12260 = EDGE_CURVE('',#11328,#12191,#12261,.T.);
#12261 = CIRCLE('',#12262,0.3);
#12262 = AXIS2_PLACEMENT_3D('',#12263,#12264,#12265);
#12263 = CARTESIAN_POINT('',(-0.882362702116,3.694913397682,
    -2.351438583408));
#12264 = DIRECTION('',(4.371138828674E-08,1.,8.742277657348E-08));
#12265 = DIRECTION('',(4.371138828674E-08,8.742277466279E-08,-1.));
#12266 = ORIENTED_EDGE('',*,*,#11351,.T.);
#12267 = ORIENTED_EDGE('',*,*,#12244,.F.);
#12268 = CYLINDRICAL_SURFACE('',#12269,0.3);
#12269 = AXIS2_PLACEMENT_3D('',#12270,#12271,#12272);
#12270 = CARTESIAN_POINT('',(-0.882362189486,15.422537836044,
    -2.351437558147));
#12271 = DIRECTION('',(-4.371138828674E-08,-1.,-8.742277657348E-08));
#12272 = DIRECTION('',(-1.,4.371139210811E-08,-4.371138446537E-08));
#12273 = ADVANCED_FACE('',(#12274),#12309,.T.);
#12274 = FACE_BOUND('',#12275,.T.);
#12275 = EDGE_LOOP('',(#12276,#12277,#12278,#12279,#12280,#12281,#12282,
    #12283,#12284,#12285,#12286,#12292,#12293,#12294,#12295,#12296,
    #12297,#12298,#12299,#12300,#12301,#12302,#12303,#12304,#12305,
    #12306,#12307,#12308));
#12276 = ORIENTED_EDGE('',*,*,#12190,.T.);
#12277 = ORIENTED_EDGE('',*,*,#12149,.T.);
#12278 = ORIENTED_EDGE('',*,*,#12126,.T.);
#12279 = ORIENTED_EDGE('',*,*,#12085,.T.);
#12280 = ORIENTED_EDGE('',*,*,#12062,.T.);
#12281 = ORIENTED_EDGE('',*,*,#12038,.T.);
#12282 = ORIENTED_EDGE('',*,*,#12006,.T.);
#12283 = ORIENTED_EDGE('',*,*,#11975,.T.);
#12284 = ORIENTED_EDGE('',*,*,#11925,.T.);
#12285 = ORIENTED_EDGE('',*,*,#11911,.T.);
#12286 = ORIENTED_EDGE('',*,*,#12287,.T.);
#12287 = EDGE_CURVE('',#11904,#11190,#12288,.T.);
#12288 = LINE('',#12289,#12290);
#12289 = CARTESIAN_POINT('',(-0.349999220923,3.694913378598,
    -2.399325406839));
#12290 = VECTOR('',#12291,1.);
#12291 = DIRECTION('',(4.371138828674E-08,8.742277466279E-08,-1.));
#12292 = ORIENTED_EDGE('',*,*,#11215,.F.);
#12293 = ORIENTED_EDGE('',*,*,#11824,.F.);
#12294 = ORIENTED_EDGE('',*,*,#11747,.T.);
#12295 = ORIENTED_EDGE('',*,*,#11732,.T.);
#12296 = ORIENTED_EDGE('',*,*,#11683,.T.);
#12297 = ORIENTED_EDGE('',*,*,#11668,.T.);
#12298 = ORIENTED_EDGE('',*,*,#11628,.T.);
#12299 = ORIENTED_EDGE('',*,*,#11587,.T.);
#12300 = ORIENTED_EDGE('',*,*,#11564,.T.);
#12301 = ORIENTED_EDGE('',*,*,#11524,.T.);
#12302 = ORIENTED_EDGE('',*,*,#11492,.T.);
#12303 = ORIENTED_EDGE('',*,*,#11469,.T.);
#12304 = ORIENTED_EDGE('',*,*,#11446,.T.);
#12305 = ORIENTED_EDGE('',*,*,#11398,.T.);
#12306 = ORIENTED_EDGE('',*,*,#11366,.T.);
#12307 = ORIENTED_EDGE('',*,*,#11325,.T.);
#12308 = ORIENTED_EDGE('',*,*,#12260,.T.);
#12309 = PLANE('',#12310);
#12310 = AXIS2_PLACEMENT_3D('',#12311,#12312,#12313);
#12311 = CARTESIAN_POINT('',(1.850000768241,3.694913260762,
    -2.151438463973));
#12312 = DIRECTION('',(4.371138828674E-08,1.,8.742277657348E-08));
#12313 = DIRECTION('',(1.,-4.371139210811E-08,4.371138446537E-08));
#12314 = ADVANCED_FACE('',(#12315,#12331,#12337,#12343,#12349,#12355,
    #12361,#12367,#12373),#12422,.F.);
#12315 = FACE_BOUND('',#12316,.T.);
#12316 = EDGE_LOOP('',(#12317,#12318,#12324,#12325));
#12317 = ORIENTED_EDGE('',*,*,#10713,.T.);
#12318 = ORIENTED_EDGE('',*,*,#12319,.F.);
#12319 = EDGE_CURVE('',#2173,#10706,#12320,.T.);
#12320 = LINE('',#12321,#12322);
#12321 = CARTESIAN_POINT('',(-0.349999032437,8.124913368288,
    -2.281399172855));
#12322 = VECTOR('',#12323,1.);
#12323 = DIRECTION('',(4.371138828674E-08,8.742277466279E-08,-1.));
#12324 = ORIENTED_EDGE('',*,*,#2196,.F.);
#12325 = ORIENTED_EDGE('',*,*,#12326,.T.);
#12326 = EDGE_CURVE('',#2189,#10688,#12327,.T.);
#12327 = LINE('',#12328,#12329);
#12328 = CARTESIAN_POINT('',(-0.349999038993,7.974913368288,
    -2.281399185968));
#12329 = VECTOR('',#12330,1.);
#12330 = DIRECTION('',(4.371138828674E-08,8.742277466279E-08,-1.));
#12331 = FACE_BOUND('',#12332,.T.);
#12332 = EDGE_LOOP('',(#12333,#12334,#12335,#12336));
#12333 = ORIENTED_EDGE('',*,*,#10038,.T.);
#12334 = ORIENTED_EDGE('',*,*,#10509,.F.);
#12335 = ORIENTED_EDGE('',*,*,#9934,.F.);
#12336 = ORIENTED_EDGE('',*,*,#10384,.T.);
#12337 = FACE_BOUND('',#12338,.T.);
#12338 = EDGE_LOOP('',(#12339,#12340,#12341,#12342));
#12339 = ORIENTED_EDGE('',*,*,#3572,.T.);
#12340 = ORIENTED_EDGE('',*,*,#4039,.F.);
#12341 = ORIENTED_EDGE('',*,*,#3676,.F.);
#12342 = ORIENTED_EDGE('',*,*,#4181,.T.);
#12343 = FACE_BOUND('',#12344,.T.);
#12344 = EDGE_LOOP('',(#12345,#12346,#12347,#12348));
#12345 = ORIENTED_EDGE('',*,*,#4559,.T.);
#12346 = ORIENTED_EDGE('',*,*,#5026,.F.);
#12347 = ORIENTED_EDGE('',*,*,#4663,.F.);
#12348 = ORIENTED_EDGE('',*,*,#5168,.T.);
#12349 = FACE_BOUND('',#12350,.T.);
#12350 = EDGE_LOOP('',(#12351,#12352,#12353,#12354));
#12351 = ORIENTED_EDGE('',*,*,#5546,.T.);
#12352 = ORIENTED_EDGE('',*,*,#6013,.F.);
#12353 = ORIENTED_EDGE('',*,*,#5650,.F.);
#12354 = ORIENTED_EDGE('',*,*,#6155,.T.);
#12355 = FACE_BOUND('',#12356,.T.);
#12356 = EDGE_LOOP('',(#12357,#12358,#12359,#12360));
#12357 = ORIENTED_EDGE('',*,*,#6533,.T.);
#12358 = ORIENTED_EDGE('',*,*,#7000,.F.);
#12359 = ORIENTED_EDGE('',*,*,#6637,.F.);
#12360 = ORIENTED_EDGE('',*,*,#7142,.T.);
#12361 = FACE_BOUND('',#12362,.T.);
#12362 = EDGE_LOOP('',(#12363,#12364,#12365,#12366));
#12363 = ORIENTED_EDGE('',*,*,#8051,.T.);
#12364 = ORIENTED_EDGE('',*,*,#7987,.F.);
#12365 = ORIENTED_EDGE('',*,*,#7584,.F.);
#12366 = ORIENTED_EDGE('',*,*,#8162,.T.);
#12367 = FACE_BOUND('',#12368,.T.);
#12368 = EDGE_LOOP('',(#12369,#12370,#12371,#12372));
#12369 = ORIENTED_EDGE('',*,*,#9038,.T.);
#12370 = ORIENTED_EDGE('',*,*,#8929,.F.);
#12371 = ORIENTED_EDGE('',*,*,#8266,.F.);
#12372 = ORIENTED_EDGE('',*,*,#9149,.T.);
#12373 = FACE_BOUND('',#12374,.T.);
#12374 = EDGE_LOOP('',(#12375,#12376,#12377,#12378,#12379,#12380,#12381,
    #12382,#12383,#12384,#12392,#12400,#12406,#12407,#12413,#12414,
    #12420,#12421));
#12375 = ORIENTED_EDGE('',*,*,#11903,.T.);
#12376 = ORIENTED_EDGE('',*,*,#12228,.T.);
#12377 = ORIENTED_EDGE('',*,*,#11863,.F.);
#12378 = ORIENTED_EDGE('',*,*,#11167,.T.);
#12379 = ORIENTED_EDGE('',*,*,#11136,.T.);
#12380 = ORIENTED_EDGE('',*,*,#11064,.T.);
#12381 = ORIENTED_EDGE('',*,*,#2370,.T.);
#12382 = ORIENTED_EDGE('',*,*,#2331,.T.);
#12383 = ORIENTED_EDGE('',*,*,#2274,.T.);
#12384 = ORIENTED_EDGE('',*,*,#12385,.T.);
#12385 = EDGE_CURVE('',#2277,#12386,#12388,.T.);
#12386 = VERTEX_POINT('',#12387);
#12387 = CARTESIAN_POINT('',(-0.349998981293,9.074913387525,
    -2.501438089803));
#12388 = LINE('',#12389,#12390);
#12389 = CARTESIAN_POINT('',(-0.349999007956,9.074913334197,
    -1.891438089803));
#12390 = VECTOR('',#12391,1.);
#12391 = DIRECTION('',(4.371138828674E-08,8.742277466279E-08,-1.));
#12392 = ORIENTED_EDGE('',*,*,#12393,.F.);
#12393 = EDGE_CURVE('',#12394,#12386,#12396,.T.);
#12394 = VERTEX_POINT('',#12395);
#12395 = CARTESIAN_POINT('',(-0.349998982167,9.054913387525,
    -2.501438091552));
#12396 = LINE('',#12397,#12398);
#12397 = CARTESIAN_POINT('',(-0.349998982167,9.054913387525,
    -2.501438091552));
#12398 = VECTOR('',#12399,1.);
#12399 = DIRECTION('',(4.371136608228E-08,1.,8.742277657347E-08));
#12400 = ORIENTED_EDGE('',*,*,#12401,.T.);
#12401 = EDGE_CURVE('',#12394,#1807,#12402,.T.);
#12402 = LINE('',#12403,#12404);
#12403 = CARTESIAN_POINT('',(-0.349998982167,9.054913387525,
    -2.501438091552));
#12404 = VECTOR('',#12405,1.);
#12405 = DIRECTION('',(-4.371138828674E-08,-8.742277466279E-08,1.));
#12406 = ORIENTED_EDGE('',*,*,#1823,.F.);
#12407 = ORIENTED_EDGE('',*,*,#12408,.T.);
#12408 = EDGE_CURVE('',#1816,#1856,#12409,.T.);
#12409 = LINE('',#12410,#12411);
#12410 = CARTESIAN_POINT('',(-0.349998993187,8.904913378598,
    -2.399324951366));
#12411 = VECTOR('',#12412,1.);
#12412 = DIRECTION('',(4.371138828674E-08,8.742277466279E-08,-1.));
#12413 = ORIENTED_EDGE('',*,*,#1855,.F.);
#12414 = ORIENTED_EDGE('',*,*,#12415,.F.);
#12415 = EDGE_CURVE('',#11192,#1848,#12416,.T.);
#12416 = LINE('',#12417,#12418);
#12417 = CARTESIAN_POINT('',(-0.349999207718,3.744913400638,
    -2.651438555767));
#12418 = VECTOR('',#12419,1.);
#12419 = DIRECTION('',(4.371138828674E-08,1.,8.742277657348E-08));
#12420 = ORIENTED_EDGE('',*,*,#11189,.F.);
#12421 = ORIENTED_EDGE('',*,*,#12287,.F.);
#12422 = PLANE('',#12423);
#12423 = AXIS2_PLACEMENT_3D('',#12424,#12425,#12426);
#12424 = CARTESIAN_POINT('',(-0.349998982167,8.904913400638,
    -2.651438104665));
#12425 = DIRECTION('',(1.,-4.371139210811E-08,4.371138446537E-08));
#12426 = DIRECTION('',(-4.371138828674E-08,-1.,-8.742277657348E-08));
#12427 = ADVANCED_FACE('',(#12428),#12453,.F.);
#12428 = FACE_BOUND('',#12429,.T.);
#12429 = EDGE_LOOP('',(#12430,#12431,#12439,#12447));
#12430 = ORIENTED_EDGE('',*,*,#12393,.T.);
#12431 = ORIENTED_EDGE('',*,*,#12432,.T.);
#12432 = EDGE_CURVE('',#12386,#12433,#12435,.T.);
#12433 = VERTEX_POINT('',#12434);
#12434 = CARTESIAN_POINT('',(0.950001018707,9.0749133307,-2.501438032979
    ));
#12435 = LINE('',#12436,#12437);
#12436 = CARTESIAN_POINT('',(-0.349998981293,9.074913387525,
    -2.501438089803));
#12437 = VECTOR('',#12438,1.);
#12438 = DIRECTION('',(1.,-4.371139210811E-08,4.371138446537E-08));
#12439 = ORIENTED_EDGE('',*,*,#12440,.F.);
#12440 = EDGE_CURVE('',#12441,#12433,#12443,.T.);
#12441 = VERTEX_POINT('',#12442);
#12442 = CARTESIAN_POINT('',(0.950001017833,9.0549133307,-2.501438034727
    ));
#12443 = LINE('',#12444,#12445);
#12444 = CARTESIAN_POINT('',(0.950001017833,9.0549133307,-2.501438034727
    ));
#12445 = VECTOR('',#12446,1.);
#12446 = DIRECTION('',(4.371138828674E-08,1.,8.742277657348E-08));
#12447 = ORIENTED_EDGE('',*,*,#12448,.T.);
#12448 = EDGE_CURVE('',#12441,#12394,#12449,.T.);
#12449 = LINE('',#12450,#12451);
#12450 = CARTESIAN_POINT('',(0.950001017833,9.0549133307,-2.501438034727
    ));
#12451 = VECTOR('',#12452,1.);
#12452 = DIRECTION('',(-1.,4.371139210811E-08,-4.371138446537E-08));
#12453 = PLANE('',#12454);
#12454 = AXIS2_PLACEMENT_3D('',#12455,#12456,#12457);
#12455 = CARTESIAN_POINT('',(-0.349998988723,8.904913387525,
    -2.501438104665));
#12456 = DIRECTION('',(-4.371138828674E-08,-8.742277466279E-08,1.));
#12457 = DIRECTION('',(-1.,4.371139210811E-08,-4.371138446537E-08));
#12458 = ADVANCED_FACE('',(#12459),#12493,.T.);
#12459 = FACE_BOUND('',#12460,.T.);
#12460 = EDGE_LOOP('',(#12461,#12471,#12479,#12487));
#12461 = ORIENTED_EDGE('',*,*,#12462,.F.);
#12462 = EDGE_CURVE('',#12463,#12465,#12467,.T.);
#12463 = VERTEX_POINT('',#12464);
#12464 = CARTESIAN_POINT('',(0.950001011277,9.054913317587,
    -2.351438034727));
#12465 = VERTEX_POINT('',#12466);
#12466 = CARTESIAN_POINT('',(0.955001011277,9.054913317368,
    -2.351438034509));
#12467 = LINE('',#12468,#12469);
#12468 = CARTESIAN_POINT('',(0.950001011277,9.054913317587,
    -2.351438034727));
#12469 = VECTOR('',#12470,1.);
#12470 = DIRECTION('',(1.,-4.371139210811E-08,4.371138446537E-08));
#12471 = ORIENTED_EDGE('',*,*,#12472,.F.);
#12472 = EDGE_CURVE('',#12473,#12463,#12475,.T.);
#12473 = VERTEX_POINT('',#12474);
#12474 = CARTESIAN_POINT('',(0.95000100472,8.904913317587,-2.35143804784
    ));
#12475 = LINE('',#12476,#12477);
#12476 = CARTESIAN_POINT('',(0.95000100472,8.904913317587,-2.35143804784
    ));
#12477 = VECTOR('',#12478,1.);
#12478 = DIRECTION('',(4.371138828674E-08,1.,8.742277657348E-08));
#12479 = ORIENTED_EDGE('',*,*,#12480,.T.);
#12480 = EDGE_CURVE('',#12473,#12481,#12483,.T.);
#12481 = VERTEX_POINT('',#12482);
#12482 = CARTESIAN_POINT('',(0.95500100472,8.904913317368,
    -2.351438047622));
#12483 = LINE('',#12484,#12485);
#12484 = CARTESIAN_POINT('',(0.95000100472,8.904913317587,-2.35143804784
    ));
#12485 = VECTOR('',#12486,1.);
#12486 = DIRECTION('',(1.,-4.371139210811E-08,4.371138446537E-08));
#12487 = ORIENTED_EDGE('',*,*,#12488,.T.);
#12488 = EDGE_CURVE('',#12481,#12465,#12489,.T.);
#12489 = LINE('',#12490,#12491);
#12490 = CARTESIAN_POINT('',(0.95500100472,8.904913317368,
    -2.351438047622));
#12491 = VECTOR('',#12492,1.);
#12492 = DIRECTION('',(4.371138828674E-08,1.,8.742277657348E-08));
#12493 = PLANE('',#12494);
#12494 = AXIS2_PLACEMENT_3D('',#12495,#12496,#12497);
#12495 = CARTESIAN_POINT('',(-0.166381920721,8.904913366385,
    -2.351438096639));
#12496 = DIRECTION('',(-4.371138828674E-08,-8.742277466279E-08,1.));
#12497 = DIRECTION('',(-1.,4.371139210811E-08,-4.371138446537E-08));
#12498 = ADVANCED_FACE('',(#12499),#12526,.F.);
#12499 = FACE_BOUND('',#12500,.F.);
#12500 = EDGE_LOOP('',(#12501,#12511,#12518,#12519));
#12501 = ORIENTED_EDGE('',*,*,#12502,.F.);
#12502 = EDGE_CURVE('',#12503,#12505,#12507,.T.);
#12503 = VERTEX_POINT('',#12504);
#12504 = CARTESIAN_POINT('',(0.980001003627,8.90491331409,
    -2.326438046529));
#12505 = VERTEX_POINT('',#12506);
#12506 = CARTESIAN_POINT('',(0.980001010184,9.05491331409,
    -2.326438033416));
#12507 = LINE('',#12508,#12509);
#12508 = CARTESIAN_POINT('',(0.980001003627,8.90491331409,
    -2.326438046529));
#12509 = VECTOR('',#12510,1.);
#12510 = DIRECTION('',(4.371138828674E-08,1.,8.742277657348E-08));
#12511 = ORIENTED_EDGE('',*,*,#12512,.T.);
#12512 = EDGE_CURVE('',#12503,#12481,#12513,.T.);
#12513 = CIRCLE('',#12514,2.5E-02);
#12514 = AXIS2_PLACEMENT_3D('',#12515,#12516,#12517);
#12515 = CARTESIAN_POINT('',(0.955001003627,8.904913315182,
    -2.326438047622));
#12516 = DIRECTION('',(4.371138828674E-08,1.,8.742277657348E-08));
#12517 = DIRECTION('',(1.,-4.371139210811E-08,4.371138446537E-08));
#12518 = ORIENTED_EDGE('',*,*,#12488,.T.);
#12519 = ORIENTED_EDGE('',*,*,#12520,.T.);
#12520 = EDGE_CURVE('',#12465,#12505,#12521,.T.);
#12521 = CIRCLE('',#12522,2.5E-02);
#12522 = AXIS2_PLACEMENT_3D('',#12523,#12524,#12525);
#12523 = CARTESIAN_POINT('',(0.955001010184,9.054913315182,
    -2.326438034509));
#12524 = DIRECTION('',(-4.371138828674E-08,-1.,-8.742277657348E-08));
#12525 = DIRECTION('',(4.371138828674E-08,8.742277466279E-08,-1.));
#12526 = CYLINDRICAL_SURFACE('',#12527,2.5E-02);
#12527 = AXIS2_PLACEMENT_3D('',#12528,#12529,#12530);
#12528 = CARTESIAN_POINT('',(0.955000492281,-2.793310118384,
    -2.326439070313));
#12529 = DIRECTION('',(4.371138828674E-08,1.,8.742277657348E-08));
#12530 = DIRECTION('',(1.,-4.371139210811E-08,4.371138446537E-08));
#12531 = ADVANCED_FACE('',(#12532),#12557,.T.);
#12532 = FACE_BOUND('',#12533,.T.);
#12533 = EDGE_LOOP('',(#12534,#12542,#12543,#12551));
#12534 = ORIENTED_EDGE('',*,*,#12535,.F.);
#12535 = EDGE_CURVE('',#12505,#12536,#12538,.T.);
#12536 = VERTEX_POINT('',#12537);
#12537 = CARTESIAN_POINT('',(0.980000983195,9.054913260112,
    -1.709007408277));
#12538 = LINE('',#12539,#12540);
#12539 = CARTESIAN_POINT('',(0.980001010184,9.05491331409,
    -2.326438033416));
#12540 = VECTOR('',#12541,1.);
#12541 = DIRECTION('',(-4.371138828674E-08,-8.742277466279E-08,1.));
#12542 = ORIENTED_EDGE('',*,*,#12502,.F.);
#12543 = ORIENTED_EDGE('',*,*,#12544,.T.);
#12544 = EDGE_CURVE('',#12503,#12545,#12547,.T.);
#12545 = VERTEX_POINT('',#12546);
#12546 = CARTESIAN_POINT('',(0.980000976638,8.904913260112,
    -1.70900742139));
#12547 = LINE('',#12548,#12549);
#12548 = CARTESIAN_POINT('',(0.980001003627,8.90491331409,
    -2.326438046529));
#12549 = VECTOR('',#12550,1.);
#12550 = DIRECTION('',(-4.371138828674E-08,-8.742277466279E-08,1.));
#12551 = ORIENTED_EDGE('',*,*,#12552,.T.);
#12552 = EDGE_CURVE('',#12545,#12536,#12553,.T.);
#12553 = LINE('',#12554,#12555);
#12554 = CARTESIAN_POINT('',(0.980000976638,8.904913260112,
    -1.70900742139));
#12555 = VECTOR('',#12556,1.);
#12556 = DIRECTION('',(4.371138828674E-08,1.,8.742277657348E-08));
#12557 = PLANE('',#12558);
#12558 = AXIS2_PLACEMENT_3D('',#12559,#12560,#12561);
#12559 = CARTESIAN_POINT('',(0.98000100472,8.904913316275,
    -2.351438046529));
#12560 = DIRECTION('',(-1.,4.371139210811E-08,-4.371138446537E-08));
#12561 = DIRECTION('',(-4.371138828674E-08,-8.742277466279E-08,1.));
#12562 = ADVANCED_FACE('',(#12563),#12685,.T.);
#12563 = FACE_BOUND('',#12564,.T.);
#12564 = EDGE_LOOP('',(#12565,#12566,#12567,#12568,#12569,#12570,#12571,
    #12572,#12573,#12574,#12575,#12576,#12577,#12583,#12584,#12585,
    #12586,#12595,#12603,#12612,#12620,#12628,#12637,#12645,#12653,
    #12661,#12670,#12678));
#12565 = ORIENTED_EDGE('',*,*,#1528,.T.);
#12566 = ORIENTED_EDGE('',*,*,#1560,.T.);
#12567 = ORIENTED_EDGE('',*,*,#1599,.T.);
#12568 = ORIENTED_EDGE('',*,*,#1624,.T.);
#12569 = ORIENTED_EDGE('',*,*,#1663,.T.);
#12570 = ORIENTED_EDGE('',*,*,#1688,.T.);
#12571 = ORIENTED_EDGE('',*,*,#1721,.T.);
#12572 = ORIENTED_EDGE('',*,*,#1752,.T.);
#12573 = ORIENTED_EDGE('',*,*,#1783,.T.);
#12574 = ORIENTED_EDGE('',*,*,#1806,.T.);
#12575 = ORIENTED_EDGE('',*,*,#12401,.F.);
#12576 = ORIENTED_EDGE('',*,*,#12448,.F.);
#12577 = ORIENTED_EDGE('',*,*,#12578,.T.);
#12578 = EDGE_CURVE('',#12441,#12463,#12579,.T.);
#12579 = LINE('',#12580,#12581);
#12580 = CARTESIAN_POINT('',(0.950001017833,9.0549133307,-2.501438034727
    ));
#12581 = VECTOR('',#12582,1.);
#12582 = DIRECTION('',(-4.371138828674E-08,-8.742277466279E-08,1.));
#12583 = ORIENTED_EDGE('',*,*,#12462,.T.);
#12584 = ORIENTED_EDGE('',*,*,#12520,.T.);
#12585 = ORIENTED_EDGE('',*,*,#12535,.T.);
#12586 = ORIENTED_EDGE('',*,*,#12587,.T.);
#12587 = EDGE_CURVE('',#12536,#12588,#12590,.T.);
#12588 = VERTEX_POINT('',#12589);
#12589 = CARTESIAN_POINT('',(0.984199708887,9.054913258716,
    -1.695139927703));
#12590 = CIRCLE('',#12591,2.5E-02);
#12591 = AXIS2_PLACEMENT_3D('',#12592,#12593,#12594);
#12592 = CARTESIAN_POINT('',(1.005000983195,9.054913259019,
    -1.709007407184));
#12593 = DIRECTION('',(4.371138828674E-08,1.,8.742277657348E-08));
#12594 = DIRECTION('',(-1.,4.371139210811E-08,-4.371138446537E-08));
#12595 = ORIENTED_EDGE('',*,*,#12596,.T.);
#12596 = EDGE_CURVE('',#12588,#12597,#12599,.T.);
#12597 = VERTEX_POINT('',#12598);
#12598 = CARTESIAN_POINT('',(1.031824154321,9.054913250389,
    -1.62370307037));
#12599 = LINE('',#12600,#12601);
#12600 = CARTESIAN_POINT('',(0.984199708887,9.054913258716,
    -1.695139927703));
#12601 = VECTOR('',#12602,1.);
#12602 = DIRECTION('',(0.554699179241,-9.698687745757E-08,0.832050972326
    ));
#12603 = ORIENTED_EDGE('',*,*,#12604,.T.);
#12604 = EDGE_CURVE('',#12597,#12605,#12607,.T.);
#12605 = VERTEX_POINT('',#12606);
#12606 = CARTESIAN_POINT('',(1.073426700752,9.054913246624,
    -1.601438029332));
#12607 = CIRCLE('',#12608,5.E-02);
#12608 = AXIS2_PLACEMENT_3D('',#12609,#12610,#12611);
#12609 = CARTESIAN_POINT('',(1.073426702937,9.054913250995,
    -1.651438029332));
#12610 = DIRECTION('',(4.371138828674E-08,1.,8.742277657348E-08));
#12611 = DIRECTION('',(-0.832050972326,-1.212323928659E-08,
    0.554699179241));
#12612 = ORIENTED_EDGE('',*,*,#12613,.T.);
#12613 = EDGE_CURVE('',#12605,#12614,#12616,.T.);
#12614 = VERTEX_POINT('',#12615);
#12615 = CARTESIAN_POINT('',(1.550000978493,9.054913225793,-1.6014380085
    ));
#12616 = LINE('',#12617,#12618);
#12617 = CARTESIAN_POINT('',(1.073426700752,9.054913246624,
    -1.601438029332));
#12618 = VECTOR('',#12619,1.);
#12619 = DIRECTION('',(1.,-4.371139210811E-08,4.371138446537E-08));
#12620 = ORIENTED_EDGE('',*,*,#12621,.T.);
#12621 = EDGE_CURVE('',#12614,#12622,#12624,.T.);
#12622 = VERTEX_POINT('',#12623);
#12623 = CARTESIAN_POINT('',(1.550001018926,9.054913306659,-2.5264380085
    ));
#12624 = LINE('',#12625,#12626);
#12625 = CARTESIAN_POINT('',(1.550000978493,9.054913225793,-1.6014380085
    ));
#12626 = VECTOR('',#12627,1.);
#12627 = DIRECTION('',(4.371138828674E-08,8.742277466279E-08,-1.));
#12628 = ORIENTED_EDGE('',*,*,#12629,.T.);
#12629 = EDGE_CURVE('',#12622,#12630,#12632,.T.);
#12630 = VERTEX_POINT('',#12631);
#12631 = CARTESIAN_POINT('',(1.450001023297,9.054913319772,
    -2.626438012871));
#12632 = CIRCLE('',#12633,1.E-01);
#12633 = AXIS2_PLACEMENT_3D('',#12634,#12635,#12636);
#12634 = CARTESIAN_POINT('',(1.450001018926,9.05491331103,
    -2.526438012871));
#12635 = DIRECTION('',(4.371138828674E-08,1.,8.742277657348E-08));
#12636 = DIRECTION('',(1.,-4.371139210811E-08,4.371138446537E-08));
#12637 = ORIENTED_EDGE('',*,*,#12638,.T.);
#12638 = EDGE_CURVE('',#12630,#12639,#12641,.T.);
#12639 = VERTEX_POINT('',#12640);
#12640 = CARTESIAN_POINT('',(0.625001023297,9.054913355834,
    -2.626438048933));
#12641 = LINE('',#12642,#12643);
#12642 = CARTESIAN_POINT('',(1.450001023297,9.054913319772,
    -2.626438012871));
#12643 = VECTOR('',#12644,1.);
#12644 = DIRECTION('',(-1.,4.371139210811E-08,-4.371138446537E-08));
#12645 = ORIENTED_EDGE('',*,*,#12646,.T.);
#12646 = EDGE_CURVE('',#12639,#12647,#12649,.T.);
#12647 = VERTEX_POINT('',#12648);
#12648 = CARTESIAN_POINT('',(0.625001022204,9.054913353648,
    -2.601438048933));
#12649 = LINE('',#12650,#12651);
#12650 = CARTESIAN_POINT('',(0.625001023297,9.054913355834,
    -2.626438048933));
#12651 = VECTOR('',#12652,1.);
#12652 = DIRECTION('',(-4.371138828674E-08,-8.742277466279E-08,1.));
#12653 = ORIENTED_EDGE('',*,*,#12654,.T.);
#12654 = EDGE_CURVE('',#12647,#12655,#12657,.T.);
#12655 = VERTEX_POINT('',#12656);
#12656 = CARTESIAN_POINT('',(2.500102220439E-02,9.054913379875,
    -2.60143807516));
#12657 = LINE('',#12658,#12659);
#12658 = CARTESIAN_POINT('',(0.625001022204,9.054913353648,
    -2.601438048933));
#12659 = VECTOR('',#12660,1.);
#12660 = DIRECTION('',(-1.,4.371139210811E-08,-4.371138446537E-08));
#12661 = ORIENTED_EDGE('',*,*,#12662,.T.);
#12662 = EDGE_CURVE('',#12655,#12663,#12665,.T.);
#12663 = VERTEX_POINT('',#12664);
#12664 = CARTESIAN_POINT('',(-2.499897561004E-02,9.054913386432,
    -2.651438077346));
#12665 = CIRCLE('',#12666,5.E-02);
#12666 = AXIS2_PLACEMENT_3D('',#12667,#12668,#12669);
#12667 = CARTESIAN_POINT('',(-2.499897779561E-02,9.054913382061,
    -2.601438077346));
#12668 = DIRECTION('',(4.371138828674E-08,1.,8.742277657348E-08));
#12669 = DIRECTION('',(1.,-4.371139210811E-08,4.371138446537E-08));
#12670 = ORIENTED_EDGE('',*,*,#12671,.T.);
#12671 = EDGE_CURVE('',#12663,#12672,#12674,.T.);
#12672 = VERTEX_POINT('',#12673);
#12673 = CARTESIAN_POINT('',(-0.88236245471,9.054913423908,
    -2.651438114822));
#12674 = LINE('',#12675,#12676);
#12675 = CARTESIAN_POINT('',(-2.499897561004E-02,9.054913386432,
    -2.651438077346));
#12676 = VECTOR('',#12677,1.);
#12677 = DIRECTION('',(-1.,4.371139210811E-08,-4.371138446537E-08));
#12678 = ORIENTED_EDGE('',*,*,#12679,.T.);
#12679 = EDGE_CURVE('',#12672,#1529,#12680,.T.);
#12680 = CIRCLE('',#12681,0.3);
#12681 = AXIS2_PLACEMENT_3D('',#12682,#12683,#12684);
#12682 = CARTESIAN_POINT('',(-0.882362467823,9.054913397682,
    -2.351438114822));
#12683 = DIRECTION('',(4.371138828674E-08,1.,8.742277657348E-08));
#12684 = DIRECTION('',(4.371138828674E-08,8.742277466279E-08,-1.));
#12685 = PLANE('',#12686);
#12686 = AXIS2_PLACEMENT_3D('',#12687,#12688,#12689);
#12687 = CARTESIAN_POINT('',(1.850001002534,9.054913260762,
    -2.151437995387));
#12688 = DIRECTION('',(4.371138828674E-08,1.,8.742277657348E-08));
#12689 = DIRECTION('',(1.,-4.371139210811E-08,4.371138446537E-08));
#12690 = ADVANCED_FACE('',(#12691),#12710,.T.);
#12691 = FACE_BOUND('',#12692,.T.);
#12692 = EDGE_LOOP('',(#12693,#12694,#12703,#12709));
#12693 = ORIENTED_EDGE('',*,*,#12552,.F.);
#12694 = ORIENTED_EDGE('',*,*,#12695,.F.);
#12695 = EDGE_CURVE('',#12696,#12545,#12698,.T.);
#12696 = VERTEX_POINT('',#12697);
#12697 = CARTESIAN_POINT('',(0.98419970233,8.904913258716,
    -1.695139940816));
#12698 = CIRCLE('',#12699,2.5E-02);
#12699 = AXIS2_PLACEMENT_3D('',#12700,#12701,#12702);
#12700 = CARTESIAN_POINT('',(1.005000976638,8.904913259019,
    -1.709007420297));
#12701 = DIRECTION('',(-4.371138828674E-08,-1.,-8.742277657348E-08));
#12702 = DIRECTION('',(-0.832050972326,-1.212323928659E-08,
    0.554699179241));
#12703 = ORIENTED_EDGE('',*,*,#12704,.T.);
#12704 = EDGE_CURVE('',#12696,#12588,#12705,.T.);
#12705 = LINE('',#12706,#12707);
#12706 = CARTESIAN_POINT('',(0.98419970233,8.904913258716,
    -1.695139940816));
#12707 = VECTOR('',#12708,1.);
#12708 = DIRECTION('',(4.371138828674E-08,1.,8.742277657348E-08));
#12709 = ORIENTED_EDGE('',*,*,#12587,.F.);
#12710 = CYLINDRICAL_SURFACE('',#12711,2.5E-02);
#12711 = AXIS2_PLACEMENT_3D('',#12712,#12713,#12714);
#12712 = CARTESIAN_POINT('',(1.005000459888,-2.916949021699,
    -1.709008453797));
#12713 = DIRECTION('',(4.371138828674E-08,1.,8.742277657348E-08));
#12714 = DIRECTION('',(-1.,4.371139210811E-08,-4.371138446537E-08));
#12715 = ADVANCED_FACE('',(#12716),#12734,.T.);
#12716 = FACE_BOUND('',#12717,.T.);
#12717 = EDGE_LOOP('',(#12718,#12726,#12732,#12733));
#12718 = ORIENTED_EDGE('',*,*,#12719,.F.);
#12719 = EDGE_CURVE('',#12720,#12696,#12722,.T.);
#12720 = VERTEX_POINT('',#12721);
#12721 = CARTESIAN_POINT('',(1.031824147765,8.904913250389,
    -1.623703083483));
#12722 = LINE('',#12723,#12724);
#12723 = CARTESIAN_POINT('',(1.031824147765,8.904913250389,
    -1.623703083483));
#12724 = VECTOR('',#12725,1.);
#12725 = DIRECTION('',(-0.554699179241,9.698687745757E-08,
    -0.832050972326));
#12726 = ORIENTED_EDGE('',*,*,#12727,.F.);
#12727 = EDGE_CURVE('',#12597,#12720,#12728,.T.);
#12728 = LINE('',#12729,#12730);
#12729 = CARTESIAN_POINT('',(1.031824154321,9.054913250389,
    -1.62370307037));
#12730 = VECTOR('',#12731,1.);
#12731 = DIRECTION('',(-4.371138828674E-08,-1.,-8.742277657348E-08));
#12732 = ORIENTED_EDGE('',*,*,#12596,.F.);
#12733 = ORIENTED_EDGE('',*,*,#12704,.F.);
#12734 = PLANE('',#12735);
#12735 = AXIS2_PLACEMENT_3D('',#12736,#12737,#12738);
#12736 = CARTESIAN_POINT('',(1.013334225616,8.979913253622,
    -1.651438038515));
#12737 = DIRECTION('',(-0.832050972326,-1.212323928659E-08,
    0.554699179241));
#12738 = DIRECTION('',(0.554699179241,-9.698687745757E-08,0.832050972326
    ));
#12739 = ADVANCED_FACE('',(#12740),#12759,.T.);
#12740 = FACE_BOUND('',#12741,.T.);
#12741 = EDGE_LOOP('',(#12742,#12750,#12751,#12752));
#12742 = ORIENTED_EDGE('',*,*,#12743,.F.);
#12743 = EDGE_CURVE('',#12605,#12744,#12746,.T.);
#12744 = VERTEX_POINT('',#12745);
#12745 = CARTESIAN_POINT('',(1.073426694195,8.904913246624,
    -1.601438042445));
#12746 = LINE('',#12747,#12748);
#12747 = CARTESIAN_POINT('',(1.073426700752,9.054913246624,
    -1.601438029332));
#12748 = VECTOR('',#12749,1.);
#12749 = DIRECTION('',(-4.371138828674E-08,-1.,-8.742277657348E-08));
#12750 = ORIENTED_EDGE('',*,*,#12604,.F.);
#12751 = ORIENTED_EDGE('',*,*,#12727,.T.);
#12752 = ORIENTED_EDGE('',*,*,#12753,.F.);
#12753 = EDGE_CURVE('',#12744,#12720,#12754,.T.);
#12754 = CIRCLE('',#12755,5.E-02);
#12755 = AXIS2_PLACEMENT_3D('',#12756,#12757,#12758);
#12756 = CARTESIAN_POINT('',(1.073426696381,8.904913250995,
    -1.651438042445));
#12757 = DIRECTION('',(-4.371138828674E-08,-1.,-8.742277657348E-08));
#12758 = DIRECTION('',(-4.371138828674E-08,-8.742277466279E-08,1.));
#12759 = CYLINDRICAL_SURFACE('',#12760,5.E-02);
#12760 = AXIS2_PLACEMENT_3D('',#12761,#12762,#12763);
#12761 = CARTESIAN_POINT('',(1.07342705554,17.121513250995,
    -1.651437324127));
#12762 = DIRECTION('',(-4.371138828674E-08,-1.,-8.742277657348E-08));
#12763 = DIRECTION('',(-4.371138828674E-08,-8.742277466279E-08,1.));
#12764 = ADVANCED_FACE('',(#12765),#12783,.T.);
#12765 = FACE_BOUND('',#12766,.T.);
#12766 = EDGE_LOOP('',(#12767,#12775,#12781,#12782));
#12767 = ORIENTED_EDGE('',*,*,#12768,.T.);
#12768 = EDGE_CURVE('',#12744,#12769,#12771,.T.);
#12769 = VERTEX_POINT('',#12770);
#12770 = CARTESIAN_POINT('',(1.550000971936,8.904913225793,
    -1.601438021614));
#12771 = LINE('',#12772,#12773);
#12772 = CARTESIAN_POINT('',(1.073426694195,8.904913246624,
    -1.601438042445));
#12773 = VECTOR('',#12774,1.);
#12774 = DIRECTION('',(1.,-4.371139210811E-08,4.371138446537E-08));
#12775 = ORIENTED_EDGE('',*,*,#12776,.T.);
#12776 = EDGE_CURVE('',#12769,#12614,#12777,.T.);
#12777 = LINE('',#12778,#12779);
#12778 = CARTESIAN_POINT('',(1.550000971936,8.904913225793,
    -1.601438021614));
#12779 = VECTOR('',#12780,1.);
#12780 = DIRECTION('',(4.371138828674E-08,1.,8.742277657348E-08));
#12781 = ORIENTED_EDGE('',*,*,#12613,.F.);
#12782 = ORIENTED_EDGE('',*,*,#12743,.T.);
#12783 = PLANE('',#12784);
#12784 = AXIS2_PLACEMENT_3D('',#12785,#12786,#12787);
#12785 = CARTESIAN_POINT('',(0.980000971936,8.904913250708,
    -1.601438046529));
#12786 = DIRECTION('',(-4.371138828674E-08,-8.742277466279E-08,1.));
#12787 = DIRECTION('',(-1.,4.371139210811E-08,-4.371138446537E-08));
#12788 = ADVANCED_FACE('',(#12789),#12807,.T.);
#12789 = FACE_BOUND('',#12790,.T.);
#12790 = EDGE_LOOP('',(#12791,#12792,#12793,#12801));
#12791 = ORIENTED_EDGE('',*,*,#12621,.F.);
#12792 = ORIENTED_EDGE('',*,*,#12776,.F.);
#12793 = ORIENTED_EDGE('',*,*,#12794,.T.);
#12794 = EDGE_CURVE('',#12769,#12795,#12797,.T.);
#12795 = VERTEX_POINT('',#12796);
#12796 = CARTESIAN_POINT('',(1.550001012369,8.904913306659,
    -2.526438021614));
#12797 = LINE('',#12798,#12799);
#12798 = CARTESIAN_POINT('',(1.550000971936,8.904913225793,
    -1.601438021614));
#12799 = VECTOR('',#12800,1.);
#12800 = DIRECTION('',(4.371138828674E-08,8.742277466279E-08,-1.));
#12801 = ORIENTED_EDGE('',*,*,#12802,.F.);
#12802 = EDGE_CURVE('',#12622,#12795,#12803,.T.);
#12803 = LINE('',#12804,#12805);
#12804 = CARTESIAN_POINT('',(1.550001018926,9.054913306659,-2.5264380085
    ));
#12805 = VECTOR('',#12806,1.);
#12806 = DIRECTION('',(-4.371138828674E-08,-1.,-8.742277657348E-08));
#12807 = PLANE('',#12808);
#12808 = AXIS2_PLACEMENT_3D('',#12809,#12810,#12811);
#12809 = CARTESIAN_POINT('',(1.550000971936,8.904913225793,
    -1.601438021614));
#12810 = DIRECTION('',(1.,-4.371139210811E-08,4.371138446537E-08));
#12811 = DIRECTION('',(-4.371138828674E-08,-1.,-8.742277657348E-08));
#12812 = ADVANCED_FACE('',(#12813),#12832,.T.);
#12813 = FACE_BOUND('',#12814,.T.);
#12814 = EDGE_LOOP('',(#12815,#12823,#12824,#12825));
#12815 = ORIENTED_EDGE('',*,*,#12816,.F.);
#12816 = EDGE_CURVE('',#12630,#12817,#12819,.T.);
#12817 = VERTEX_POINT('',#12818);
#12818 = CARTESIAN_POINT('',(1.45000101674,8.904913319772,
    -2.626438025985));
#12819 = LINE('',#12820,#12821);
#12820 = CARTESIAN_POINT('',(1.450001023297,9.054913319772,
    -2.626438012871));
#12821 = VECTOR('',#12822,1.);
#12822 = DIRECTION('',(-4.371138828674E-08,-1.,-8.742277657348E-08));
#12823 = ORIENTED_EDGE('',*,*,#12629,.F.);
#12824 = ORIENTED_EDGE('',*,*,#12802,.T.);
#12825 = ORIENTED_EDGE('',*,*,#12826,.F.);
#12826 = EDGE_CURVE('',#12817,#12795,#12827,.T.);
#12827 = CIRCLE('',#12828,1.E-01);
#12828 = AXIS2_PLACEMENT_3D('',#12829,#12830,#12831);
#12829 = CARTESIAN_POINT('',(1.450001012369,8.90491331103,
    -2.526438025985));
#12830 = DIRECTION('',(-4.371138828674E-08,-1.,-8.742277657348E-08));
#12831 = DIRECTION('',(4.371140075506E-08,8.742277466279E-08,-1.));
#12832 = CYLINDRICAL_SURFACE('',#12833,1.E-01);
#12833 = AXIS2_PLACEMENT_3D('',#12834,#12835,#12836);
#12834 = CARTESIAN_POINT('',(1.450001371528,17.12151331103,
    -2.526437307667));
#12835 = DIRECTION('',(-4.371138828674E-08,-1.,-8.742277657348E-08));
#12836 = DIRECTION('',(4.371138828674E-08,8.742277466279E-08,-1.));
#12837 = ADVANCED_FACE('',(#12838),#12856,.T.);
#12838 = FACE_BOUND('',#12839,.T.);
#12839 = EDGE_LOOP('',(#12840,#12848,#12854,#12855));
#12840 = ORIENTED_EDGE('',*,*,#12841,.T.);
#12841 = EDGE_CURVE('',#12817,#12842,#12844,.T.);
#12842 = VERTEX_POINT('',#12843);
#12843 = CARTESIAN_POINT('',(0.62500101674,8.904913355834,
    -2.626438062047));
#12844 = LINE('',#12845,#12846);
#12845 = CARTESIAN_POINT('',(1.45000101674,8.904913319772,
    -2.626438025985));
#12846 = VECTOR('',#12847,1.);
#12847 = DIRECTION('',(-1.,4.371139210811E-08,-4.371138446537E-08));
#12848 = ORIENTED_EDGE('',*,*,#12849,.T.);
#12849 = EDGE_CURVE('',#12842,#12639,#12850,.T.);
#12850 = LINE('',#12851,#12852);
#12851 = CARTESIAN_POINT('',(0.62500101674,8.904913355834,
    -2.626438062047));
#12852 = VECTOR('',#12853,1.);
#12853 = DIRECTION('',(4.371138828674E-08,1.,8.742277657348E-08));
#12854 = ORIENTED_EDGE('',*,*,#12638,.F.);
#12855 = ORIENTED_EDGE('',*,*,#12816,.T.);
#12856 = PLANE('',#12857);
#12857 = AXIS2_PLACEMENT_3D('',#12858,#12859,#12860);
#12858 = CARTESIAN_POINT('',(1.55000101674,8.904913315401,
    -2.626438021614));
#12859 = DIRECTION('',(4.371138828674E-08,8.742277466279E-08,-1.));
#12860 = DIRECTION('',(-4.371138828674E-08,-1.,-8.742277657348E-08));
#12861 = ADVANCED_FACE('',(#12862),#12880,.T.);
#12862 = FACE_BOUND('',#12863,.T.);
#12863 = EDGE_LOOP('',(#12864,#12872,#12873,#12874));
#12864 = ORIENTED_EDGE('',*,*,#12865,.T.);
#12865 = EDGE_CURVE('',#12866,#12647,#12868,.T.);
#12866 = VERTEX_POINT('',#12867);
#12867 = CARTESIAN_POINT('',(0.625001015648,8.904913353648,
    -2.601438062047));
#12868 = LINE('',#12869,#12870);
#12869 = CARTESIAN_POINT('',(0.625001015648,8.904913353648,
    -2.601438062047));
#12870 = VECTOR('',#12871,1.);
#12871 = DIRECTION('',(4.371138828674E-08,1.,8.742277657348E-08));
#12872 = ORIENTED_EDGE('',*,*,#12646,.F.);
#12873 = ORIENTED_EDGE('',*,*,#12849,.F.);
#12874 = ORIENTED_EDGE('',*,*,#12875,.T.);
#12875 = EDGE_CURVE('',#12842,#12866,#12876,.T.);
#12876 = LINE('',#12877,#12878);
#12877 = CARTESIAN_POINT('',(0.62500101674,8.904913355834,
    -2.626438062047));
#12878 = VECTOR('',#12879,1.);
#12879 = DIRECTION('',(-4.371138828674E-08,-8.742277466279E-08,1.));
#12880 = PLANE('',#12881);
#12881 = AXIS2_PLACEMENT_3D('',#12882,#12883,#12884);
#12882 = CARTESIAN_POINT('',(0.62500101674,8.904913355834,
    -2.626438062047));
#12883 = DIRECTION('',(-1.,4.371139210811E-08,-4.371138446537E-08));
#12884 = DIRECTION('',(-4.371138828674E-08,-8.742277466279E-08,1.));
#12885 = ADVANCED_FACE('',(#12886),#12904,.T.);
#12886 = FACE_BOUND('',#12887,.T.);
#12887 = EDGE_LOOP('',(#12888,#12889,#12890,#12898));
#12888 = ORIENTED_EDGE('',*,*,#12654,.F.);
#12889 = ORIENTED_EDGE('',*,*,#12865,.F.);
#12890 = ORIENTED_EDGE('',*,*,#12891,.T.);
#12891 = EDGE_CURVE('',#12866,#12892,#12894,.T.);
#12892 = VERTEX_POINT('',#12893);
#12893 = CARTESIAN_POINT('',(2.500101564768E-02,8.904913379875,
    -2.601438088274));
#12894 = LINE('',#12895,#12896);
#12895 = CARTESIAN_POINT('',(0.625001015648,8.904913353648,
    -2.601438062047));
#12896 = VECTOR('',#12897,1.);
#12897 = DIRECTION('',(-1.,4.371139210811E-08,-4.371138446537E-08));
#12898 = ORIENTED_EDGE('',*,*,#12899,.F.);
#12899 = EDGE_CURVE('',#12655,#12892,#12900,.T.);
#12900 = LINE('',#12901,#12902);
#12901 = CARTESIAN_POINT('',(2.500102220439E-02,9.054913379875,
    -2.60143807516));
#12902 = VECTOR('',#12903,1.);
#12903 = DIRECTION('',(-4.371138828674E-08,-1.,-8.742277657348E-08));
#12904 = PLANE('',#12905);
#12905 = AXIS2_PLACEMENT_3D('',#12906,#12907,#12908);
#12906 = CARTESIAN_POINT('',(0.625001015648,8.904913353648,
    -2.601438062047));
#12907 = DIRECTION('',(4.371138828674E-08,8.742277466279E-08,-1.));
#12908 = DIRECTION('',(-4.371138828674E-08,-1.,-8.742277657348E-08));
#12909 = ADVANCED_FACE('',(#12910),#12929,.T.);
#12910 = FACE_BOUND('',#12911,.T.);
#12911 = EDGE_LOOP('',(#12912,#12920,#12921,#12922));
#12912 = ORIENTED_EDGE('',*,*,#12913,.F.);
#12913 = EDGE_CURVE('',#12663,#12914,#12916,.T.);
#12914 = VERTEX_POINT('',#12915);
#12915 = CARTESIAN_POINT('',(-2.499898216675E-02,8.904913386432,
    -2.651438090459));
#12916 = LINE('',#12917,#12918);
#12917 = CARTESIAN_POINT('',(-2.499897561004E-02,9.054913386432,
    -2.651438077346));
#12918 = VECTOR('',#12919,1.);
#12919 = DIRECTION('',(-4.371138828674E-08,-1.,-8.742277657348E-08));
#12920 = ORIENTED_EDGE('',*,*,#12662,.F.);
#12921 = ORIENTED_EDGE('',*,*,#12899,.T.);
#12922 = ORIENTED_EDGE('',*,*,#12923,.F.);
#12923 = EDGE_CURVE('',#12914,#12892,#12924,.T.);
#12924 = CIRCLE('',#12925,5.E-02);
#12925 = AXIS2_PLACEMENT_3D('',#12926,#12927,#12928);
#12926 = CARTESIAN_POINT('',(-2.499898435232E-02,8.904913382061,
    -2.601438090459));
#12927 = DIRECTION('',(-4.371138828674E-08,-1.,-8.742277657348E-08));
#12928 = DIRECTION('',(4.371136660269E-08,8.742277466279E-08,-1.));
#12929 = CYLINDRICAL_SURFACE('',#12930,5.E-02);
#12930 = AXIS2_PLACEMENT_3D('',#12931,#12932,#12933);
#12931 = CARTESIAN_POINT('',(-2.499862519333E-02,17.121513382061,
    -2.601437372141));
#12932 = DIRECTION('',(-4.371138828674E-08,-1.,-8.742277657348E-08));
#12933 = DIRECTION('',(4.371138828674E-08,8.742277466279E-08,-1.));
#12934 = ADVANCED_FACE('',(#12935),#12953,.T.);
#12935 = FACE_BOUND('',#12936,.T.);
#12936 = EDGE_LOOP('',(#12937,#12938,#12939,#12947));
#12937 = ORIENTED_EDGE('',*,*,#12671,.F.);
#12938 = ORIENTED_EDGE('',*,*,#12913,.T.);
#12939 = ORIENTED_EDGE('',*,*,#12940,.T.);
#12940 = EDGE_CURVE('',#12914,#12941,#12943,.T.);
#12941 = VERTEX_POINT('',#12942);
#12942 = CARTESIAN_POINT('',(-0.882362461267,8.904913423908,
    -2.651438127936));
#12943 = LINE('',#12944,#12945);
#12944 = CARTESIAN_POINT('',(-2.499898216675E-02,8.904913386432,
    -2.651438090459));
#12945 = VECTOR('',#12946,1.);
#12946 = DIRECTION('',(-1.,4.371139210811E-08,-4.371138446537E-08));
#12947 = ORIENTED_EDGE('',*,*,#12948,.F.);
#12948 = EDGE_CURVE('',#12672,#12941,#12949,.T.);
#12949 = LINE('',#12950,#12951);
#12950 = CARTESIAN_POINT('',(-0.88236245471,9.054913423908,
    -2.651438114822));
#12951 = VECTOR('',#12952,1.);
#12952 = DIRECTION('',(-4.371138828674E-08,-1.,-8.742277657348E-08));
#12953 = PLANE('',#12954);
#12954 = AXIS2_PLACEMENT_3D('',#12955,#12956,#12957);
#12955 = CARTESIAN_POINT('',(2.500101783325E-02,8.904913384246,
    -2.651438088274));
#12956 = DIRECTION('',(4.371138828674E-08,8.742277466279E-08,-1.));
#12957 = DIRECTION('',(-4.371138828674E-08,-1.,-8.742277657348E-08));
#12958 = ADVANCED_FACE('',(#12959),#12971,.T.);
#12959 = FACE_BOUND('',#12960,.T.);
#12960 = EDGE_LOOP('',(#12961,#12962,#12963,#12964));
#12961 = ORIENTED_EDGE('',*,*,#1536,.F.);
#12962 = ORIENTED_EDGE('',*,*,#12679,.F.);
#12963 = ORIENTED_EDGE('',*,*,#12948,.T.);
#12964 = ORIENTED_EDGE('',*,*,#12965,.F.);
#12965 = EDGE_CURVE('',#1511,#12941,#12966,.T.);
#12966 = CIRCLE('',#12967,0.3);
#12967 = AXIS2_PLACEMENT_3D('',#12968,#12969,#12970);
#12968 = CARTESIAN_POINT('',(-0.88236247438,8.904913397682,
    -2.351438127936));
#12969 = DIRECTION('',(-4.371138828674E-08,-1.,-8.742277657348E-08));
#12970 = DIRECTION('',(-1.,4.371139210811E-08,-4.371138446537E-08));
#12971 = CYLINDRICAL_SURFACE('',#12972,0.3);
#12972 = AXIS2_PLACEMENT_3D('',#12973,#12974,#12975);
#12973 = CARTESIAN_POINT('',(-0.882362115221,17.121513397682,
    -2.351437409618));
#12974 = DIRECTION('',(-4.371138828674E-08,-1.,-8.742277657348E-08));
#12975 = DIRECTION('',(-1.,4.371139210811E-08,-4.371138446537E-08));
#12976 = ADVANCED_FACE('',(#12977),#13012,.F.);
#12977 = FACE_BOUND('',#12978,.T.);
#12978 = EDGE_LOOP('',(#12979,#12980,#12981,#12982,#12983,#12984,#12985,
    #12986,#12987,#12988,#12989,#12990,#12991,#12992,#12993,#12999,
    #13000,#13001,#13002,#13003,#13004,#13005,#13006,#13007,#13008,
    #13009,#13010,#13011));
#12979 = ORIENTED_EDGE('',*,*,#12940,.F.);
#12980 = ORIENTED_EDGE('',*,*,#12923,.T.);
#12981 = ORIENTED_EDGE('',*,*,#12891,.F.);
#12982 = ORIENTED_EDGE('',*,*,#12875,.F.);
#12983 = ORIENTED_EDGE('',*,*,#12841,.F.);
#12984 = ORIENTED_EDGE('',*,*,#12826,.T.);
#12985 = ORIENTED_EDGE('',*,*,#12794,.F.);
#12986 = ORIENTED_EDGE('',*,*,#12768,.F.);
#12987 = ORIENTED_EDGE('',*,*,#12753,.T.);
#12988 = ORIENTED_EDGE('',*,*,#12719,.T.);
#12989 = ORIENTED_EDGE('',*,*,#12695,.T.);
#12990 = ORIENTED_EDGE('',*,*,#12544,.F.);
#12991 = ORIENTED_EDGE('',*,*,#12512,.T.);
#12992 = ORIENTED_EDGE('',*,*,#12480,.F.);
#12993 = ORIENTED_EDGE('',*,*,#12994,.F.);
#12994 = EDGE_CURVE('',#1840,#12473,#12995,.T.);
#12995 = LINE('',#12996,#12997);
#12996 = CARTESIAN_POINT('',(0.950001011277,8.9049133307,-2.50143804784)
  );
#12997 = VECTOR('',#12998,1.);
#12998 = DIRECTION('',(-4.371138828674E-08,-8.742277466279E-08,1.));
#12999 = ORIENTED_EDGE('',*,*,#1863,.T.);
#13000 = ORIENTED_EDGE('',*,*,#12408,.F.);
#13001 = ORIENTED_EDGE('',*,*,#1815,.F.);
#13002 = ORIENTED_EDGE('',*,*,#1773,.F.);
#13003 = ORIENTED_EDGE('',*,*,#1759,.F.);
#13004 = ORIENTED_EDGE('',*,*,#1728,.F.);
#13005 = ORIENTED_EDGE('',*,*,#1696,.F.);
#13006 = ORIENTED_EDGE('',*,*,#1647,.F.);
#13007 = ORIENTED_EDGE('',*,*,#1632,.T.);
#13008 = ORIENTED_EDGE('',*,*,#1583,.F.);
#13009 = ORIENTED_EDGE('',*,*,#1568,.T.);
#13010 = ORIENTED_EDGE('',*,*,#1510,.F.);
#13011 = ORIENTED_EDGE('',*,*,#12965,.T.);
#13012 = PLANE('',#13013);
#13013 = AXIS2_PLACEMENT_3D('',#13014,#13015,#13016);
#13014 = CARTESIAN_POINT('',(1.850000995978,8.904913260762,-2.1514380085
    ));
#13015 = DIRECTION('',(4.371138828674E-08,1.,8.742277657348E-08));
#13016 = DIRECTION('',(1.,-4.371139210811E-08,4.371138446537E-08));
#13017 = ADVANCED_FACE('',(#13018),#13071,.F.);
#13018 = FACE_BOUND('',#13019,.T.);
#13019 = EDGE_LOOP('',(#13020,#13021,#13022,#13023,#13031,#13039,#13047,
    #13055,#13063,#13069,#13070));
#13020 = ORIENTED_EDGE('',*,*,#12472,.T.);
#13021 = ORIENTED_EDGE('',*,*,#12578,.F.);
#13022 = ORIENTED_EDGE('',*,*,#12440,.T.);
#13023 = ORIENTED_EDGE('',*,*,#13024,.T.);
#13024 = EDGE_CURVE('',#12433,#13025,#13027,.T.);
#13025 = VERTEX_POINT('',#13026);
#13026 = CARTESIAN_POINT('',(0.950001029635,9.174913088461,
    -2.651438024236));
#13027 = LINE('',#13028,#13029);
#13028 = CARTESIAN_POINT('',(0.950001018707,9.0749133307,-2.501438032979
    ));
#13029 = VECTOR('',#13030,1.);
#13030 = DIRECTION('',(6.061677486179E-08,0.554699288352,-0.832050899586
    ));
#13031 = ORIENTED_EDGE('',*,*,#13032,.F.);
#13032 = EDGE_CURVE('',#13033,#13025,#13035,.T.);
#13033 = VERTEX_POINT('',#13034);
#13034 = CARTESIAN_POINT('',(0.950001035099,9.299913343813,
    -2.651438013308));
#13035 = LINE('',#13036,#13037);
#13036 = CARTESIAN_POINT('',(0.950001035099,9.299913343813,
    -2.651438013308));
#13037 = VECTOR('',#13038,1.);
#13038 = DIRECTION('',(-4.371138828674E-08,-1.,-8.742277657348E-08));
#13039 = ORIENTED_EDGE('',*,*,#13040,.T.);
#13040 = EDGE_CURVE('',#13033,#13041,#13043,.T.);
#13041 = VERTEX_POINT('',#13042);
#13042 = CARTESIAN_POINT('',(0.950000993573,9.299913260762,
    -1.701438013308));
#13043 = LINE('',#13044,#13045);
#13044 = CARTESIAN_POINT('',(0.950001035099,9.299913343813,
    -2.651438013308));
#13045 = VECTOR('',#13046,1.);
#13046 = DIRECTION('',(-4.371138828674E-08,-8.742277466279E-08,1.));
#13047 = ORIENTED_EDGE('',*,*,#13048,.F.);
#13048 = EDGE_CURVE('',#13049,#13041,#13051,.T.);
#13049 = VERTEX_POINT('',#13050);
#13050 = CARTESIAN_POINT('',(0.950000969751,8.754913260762,
    -1.701438060954));
#13051 = LINE('',#13052,#13053);
#13052 = CARTESIAN_POINT('',(0.950000969751,8.754913260762,
    -1.701438060954));
#13053 = VECTOR('',#13054,1.);
#13054 = DIRECTION('',(4.371138828674E-08,1.,8.742277657348E-08));
#13055 = ORIENTED_EDGE('',*,*,#13056,.F.);
#13056 = EDGE_CURVE('',#13057,#13049,#13059,.T.);
#13057 = VERTEX_POINT('',#13058);
#13058 = CARTESIAN_POINT('',(0.950001011277,8.754913343813,
    -2.651438060954));
#13059 = LINE('',#13060,#13061);
#13060 = CARTESIAN_POINT('',(0.950001011277,8.754913343813,
    -2.651438060954));
#13061 = VECTOR('',#13062,1.);
#13062 = DIRECTION('',(-4.371138828674E-08,-8.742277466279E-08,1.));
#13063 = ORIENTED_EDGE('',*,*,#13064,.F.);
#13064 = EDGE_CURVE('',#1838,#13057,#13065,.T.);
#13065 = LINE('',#13066,#13067);
#13066 = CARTESIAN_POINT('',(0.950001015648,8.854913343813,
    -2.651438052212));
#13067 = VECTOR('',#13068,1.);
#13068 = DIRECTION('',(-4.371138828674E-08,-1.,-8.742277657348E-08));
#13069 = ORIENTED_EDGE('',*,*,#1837,.T.);
#13070 = ORIENTED_EDGE('',*,*,#12994,.T.);
#13071 = PLANE('',#13072);
#13072 = AXIS2_PLACEMENT_3D('',#13073,#13074,#13075);
#13073 = CARTESIAN_POINT('',(0.950001011277,8.754913343813,
    -2.651438060954));
#13074 = DIRECTION('',(-1.,4.371139210811E-08,-4.371138446537E-08));
#13075 = DIRECTION('',(-4.371138828674E-08,-8.742277466279E-08,1.));
#13076 = ADVANCED_FACE('',(#13077),#13102,.T.);
#13077 = FACE_BOUND('',#13078,.T.);
#13078 = EDGE_LOOP('',(#13079,#13080,#13088,#13096));
#13079 = ORIENTED_EDGE('',*,*,#13040,.F.);
#13080 = ORIENTED_EDGE('',*,*,#13081,.T.);
#13081 = EDGE_CURVE('',#13033,#13082,#13084,.T.);
#13082 = VERTEX_POINT('',#13083);
#13083 = CARTESIAN_POINT('',(-1.249998964901,9.299913439978,
    -2.651438109474));
#13084 = LINE('',#13085,#13086);
#13085 = CARTESIAN_POINT('',(0.950001035099,9.299913343813,
    -2.651438013308));
#13086 = VECTOR('',#13087,1.);
#13087 = DIRECTION('',(-1.,4.371139210811E-08,-4.371138446537E-08));
#13088 = ORIENTED_EDGE('',*,*,#13089,.T.);
#13089 = EDGE_CURVE('',#13082,#13090,#13092,.T.);
#13090 = VERTEX_POINT('',#13091);
#13091 = CARTESIAN_POINT('',(-1.249999006427,9.299913356927,
    -1.701438109474));
#13092 = LINE('',#13093,#13094);
#13093 = CARTESIAN_POINT('',(-1.249998964901,9.299913439978,
    -2.651438109474));
#13094 = VECTOR('',#13095,1.);
#13095 = DIRECTION('',(-4.371138828674E-08,-8.742277466279E-08,1.));
#13096 = ORIENTED_EDGE('',*,*,#13097,.T.);
#13097 = EDGE_CURVE('',#13090,#13041,#13098,.T.);
#13098 = LINE('',#13099,#13100);
#13099 = CARTESIAN_POINT('',(-1.249999006427,9.299913356927,
    -1.701438109474));
#13100 = VECTOR('',#13101,1.);
#13101 = DIRECTION('',(1.,-4.371139210811E-08,4.371138446537E-08));
#13102 = PLANE('',#13103);
#13103 = AXIS2_PLACEMENT_3D('',#13104,#13105,#13106);
#13104 = CARTESIAN_POINT('',(1.850001035099,9.299913304473,
    -2.651437973968));
#13105 = DIRECTION('',(4.371138828674E-08,1.,8.742277657348E-08));
#13106 = DIRECTION('',(1.,-4.371139210811E-08,4.371138446537E-08));
#13107 = ADVANCED_FACE('',(#13108),#13119,.T.);
#13108 = FACE_BOUND('',#13109,.T.);
#13109 = EDGE_LOOP('',(#13110,#13111,#13112,#13113));
#13110 = ORIENTED_EDGE('',*,*,#11311,.T.);
#13111 = ORIENTED_EDGE('',*,*,#11786,.T.);
#13112 = ORIENTED_EDGE('',*,*,#11263,.T.);
#13113 = ORIENTED_EDGE('',*,*,#13114,.T.);
#13114 = EDGE_CURVE('',#11256,#11286,#13115,.T.);
#13115 = LINE('',#13116,#13117);
#13116 = CARTESIAN_POINT('',(-1.249999244872,3.844913356927,
    -1.701438586365));
#13117 = VECTOR('',#13118,1.);
#13118 = DIRECTION('',(-4.371138828674E-08,-1.,-8.742277657348E-08));
#13119 = PLANE('',#13120);
#13120 = AXIS2_PLACEMENT_3D('',#13121,#13122,#13123);
#13121 = CARTESIAN_POINT('',(1.850000862439,6.299913221421,
    -1.701438236237));
#13122 = DIRECTION('',(-4.371138828674E-08,-8.742277466279E-08,1.));
#13123 = DIRECTION('',(-1.,4.371139210811E-08,-4.371138446537E-08));
#13124 = ADVANCED_FACE('',(#13125),#13143,.T.);
#13125 = FACE_BOUND('',#13126,.T.);
#13126 = EDGE_LOOP('',(#13127,#13135,#13136,#13137));
#13127 = ORIENTED_EDGE('',*,*,#13128,.T.);
#13128 = EDGE_CURVE('',#13129,#13049,#13131,.T.);
#13129 = VERTEX_POINT('',#13130);
#13130 = CARTESIAN_POINT('',(-1.249999030249,8.754913356927,
    -1.701438157119));
#13131 = LINE('',#13132,#13133);
#13132 = CARTESIAN_POINT('',(-1.249999030249,8.754913356927,
    -1.701438157119));
#13133 = VECTOR('',#13134,1.);
#13134 = DIRECTION('',(1.,-4.371139210811E-08,4.371138446537E-08));
#13135 = ORIENTED_EDGE('',*,*,#13048,.T.);
#13136 = ORIENTED_EDGE('',*,*,#13097,.F.);
#13137 = ORIENTED_EDGE('',*,*,#13138,.T.);
#13138 = EDGE_CURVE('',#13090,#13129,#13139,.T.);
#13139 = LINE('',#13140,#13141);
#13140 = CARTESIAN_POINT('',(-1.249999006427,9.299913356927,
    -1.701438109474));
#13141 = VECTOR('',#13142,1.);
#13142 = DIRECTION('',(-4.371138828674E-08,-1.,-8.742277657348E-08));
#13143 = PLANE('',#13144);
#13144 = AXIS2_PLACEMENT_3D('',#13145,#13146,#13147);
#13145 = CARTESIAN_POINT('',(1.850000862439,6.299913221421,
    -1.701438236237));
#13146 = DIRECTION('',(-4.371138828674E-08,-8.742277466279E-08,1.));
#13147 = DIRECTION('',(-1.,4.371139210811E-08,-4.371138446537E-08));
#13148 = ADVANCED_FACE('',(#13149),#13183,.F.);
#13149 = FACE_BOUND('',#13150,.T.);
#13150 = EDGE_LOOP('',(#13151,#13161,#13167,#13168,#13169,#13177));
#13151 = ORIENTED_EDGE('',*,*,#13152,.T.);
#13152 = EDGE_CURVE('',#13153,#13155,#13157,.T.);
#13153 = VERTEX_POINT('',#13154);
#13154 = CARTESIAN_POINT('',(1.850000967565,8.75491321705,
    -1.651438021614));
#13155 = VERTEX_POINT('',#13156);
#13156 = CARTESIAN_POINT('',(1.850001011277,8.754913304473,
    -2.651438021614));
#13157 = LINE('',#13158,#13159);
#13158 = CARTESIAN_POINT('',(1.850000967565,8.75491321705,
    -1.651438021614));
#13159 = VECTOR('',#13160,1.);
#13160 = DIRECTION('',(4.371138828674E-08,8.742277466279E-08,-1.));
#13161 = ORIENTED_EDGE('',*,*,#13162,.T.);
#13162 = EDGE_CURVE('',#13155,#13057,#13163,.T.);
#13163 = LINE('',#13164,#13165);
#13164 = CARTESIAN_POINT('',(1.850001011277,8.754913304473,
    -2.651438021614));
#13165 = VECTOR('',#13166,1.);
#13166 = DIRECTION('',(-1.,4.371139210811E-08,-4.371138446537E-08));
#13167 = ORIENTED_EDGE('',*,*,#13056,.T.);
#13168 = ORIENTED_EDGE('',*,*,#13128,.F.);
#13169 = ORIENTED_EDGE('',*,*,#13170,.F.);
#13170 = EDGE_CURVE('',#13171,#13129,#13173,.T.);
#13171 = VERTEX_POINT('',#13172);
#13172 = CARTESIAN_POINT('',(-1.249999032435,8.754913352556,
    -1.651438157119));
#13173 = LINE('',#13174,#13175);
#13174 = CARTESIAN_POINT('',(-1.249999032435,8.754913352556,
    -1.651438157119));
#13175 = VECTOR('',#13176,1.);
#13176 = DIRECTION('',(4.371138828674E-08,8.742277466279E-08,-1.));
#13177 = ORIENTED_EDGE('',*,*,#13178,.F.);
#13178 = EDGE_CURVE('',#13153,#13171,#13179,.T.);
#13179 = LINE('',#13180,#13181);
#13180 = CARTESIAN_POINT('',(1.850000967565,8.75491321705,
    -1.651438021614));
#13181 = VECTOR('',#13182,1.);
#13182 = DIRECTION('',(-1.,4.371139210811E-08,-4.371138446537E-08));
#13183 = PLANE('',#13184);
#13184 = AXIS2_PLACEMENT_3D('',#13185,#13186,#13187);
#13185 = CARTESIAN_POINT('',(1.850001011277,8.754913304473,
    -2.651438021614));
#13186 = DIRECTION('',(-4.371138828674E-08,-1.,-8.742277657348E-08));
#13187 = DIRECTION('',(4.371138828674E-08,8.742277466279E-08,-1.));
#13188 = ADVANCED_FACE('',(#13189),#13223,.F.);
#13189 = FACE_BOUND('',#13190,.T.);
#13190 = EDGE_LOOP('',(#13191,#13201,#13209,#13217));
#13191 = ORIENTED_EDGE('',*,*,#13192,.T.);
#13192 = EDGE_CURVE('',#13193,#13195,#13197,.T.);
#13193 = VERTEX_POINT('',#13194);
#13194 = CARTESIAN_POINT('',(-0.749999044237,8.4849133307,
    -1.651438158867));
#13195 = VERTEX_POINT('',#13196);
#13196 = CARTESIAN_POINT('',(-0.749999042926,8.484913333323,
    -1.681438158867));
#13197 = LINE('',#13198,#13199);
#13198 = CARTESIAN_POINT('',(-0.749999044237,8.4849133307,
    -1.651438158867));
#13199 = VECTOR('',#13200,1.);
#13200 = DIRECTION('',(4.371138828674E-08,8.742277466279E-08,-1.));
#13201 = ORIENTED_EDGE('',*,*,#13202,.F.);
#13202 = EDGE_CURVE('',#13203,#13195,#13205,.T.);
#13203 = VERTEX_POINT('',#13204);
#13204 = CARTESIAN_POINT('',(-0.749999233944,4.114913333323,
    -1.681438540905));
#13205 = LINE('',#13206,#13207);
#13206 = CARTESIAN_POINT('',(-0.749999233944,4.114913333323,
    -1.681438540905));
#13207 = VECTOR('',#13208,1.);
#13208 = DIRECTION('',(4.371138828674E-08,1.,8.742277657348E-08));
#13209 = ORIENTED_EDGE('',*,*,#13210,.F.);
#13210 = EDGE_CURVE('',#13211,#13203,#13213,.T.);
#13211 = VERTEX_POINT('',#13212);
#13212 = CARTESIAN_POINT('',(-0.749999235256,4.1149133307,
    -1.651438540905));
#13213 = LINE('',#13214,#13215);
#13214 = CARTESIAN_POINT('',(-0.749999235256,4.1149133307,
    -1.651438540905));
#13215 = VECTOR('',#13216,1.);
#13216 = DIRECTION('',(4.371138828674E-08,8.742277466279E-08,-1.));
#13217 = ORIENTED_EDGE('',*,*,#13218,.T.);
#13218 = EDGE_CURVE('',#13211,#13193,#13219,.T.);
#13219 = LINE('',#13220,#13221);
#13220 = CARTESIAN_POINT('',(-0.749999235256,4.1149133307,
    -1.651438540905));
#13221 = VECTOR('',#13222,1.);
#13222 = DIRECTION('',(4.371138828674E-08,1.,8.742277657348E-08));
#13223 = PLANE('',#13224);
#13224 = AXIS2_PLACEMENT_3D('',#13225,#13226,#13227);
#13225 = CARTESIAN_POINT('',(-0.749999235256,4.1149133307,
    -1.651438540905));
#13226 = DIRECTION('',(1.,-4.371139210811E-08,4.371138446537E-08));
#13227 = DIRECTION('',(-4.371138828674E-08,-1.,-8.742277657348E-08));
#13228 = ADVANCED_FACE('',(#13229),#13254,.F.);
#13229 = FACE_BOUND('',#13230,.T.);
#13230 = EDGE_LOOP('',(#13231,#13239,#13240,#13248));
#13231 = ORIENTED_EDGE('',*,*,#13232,.T.);
#13232 = EDGE_CURVE('',#13233,#13211,#13235,.T.);
#13233 = VERTEX_POINT('',#13234);
#13234 = CARTESIAN_POINT('',(-1.249999235256,4.114913352556,
    -1.651438562761));
#13235 = LINE('',#13236,#13237);
#13236 = CARTESIAN_POINT('',(-1.249999235256,4.114913352556,
    -1.651438562761));
#13237 = VECTOR('',#13238,1.);
#13238 = DIRECTION('',(1.,-4.371139210811E-08,4.371138446537E-08));
#13239 = ORIENTED_EDGE('',*,*,#13210,.T.);
#13240 = ORIENTED_EDGE('',*,*,#13241,.F.);
#13241 = EDGE_CURVE('',#13242,#13203,#13244,.T.);
#13242 = VERTEX_POINT('',#13243);
#13243 = CARTESIAN_POINT('',(-1.249999233944,4.114913355178,
    -1.681438562761));
#13244 = LINE('',#13245,#13246);
#13245 = CARTESIAN_POINT('',(-1.249999233944,4.114913355178,
    -1.681438562761));
#13246 = VECTOR('',#13247,1.);
#13247 = DIRECTION('',(1.,-4.371139210811E-08,4.371138446537E-08));
#13248 = ORIENTED_EDGE('',*,*,#13249,.F.);
#13249 = EDGE_CURVE('',#13233,#13242,#13250,.T.);
#13250 = LINE('',#13251,#13252);
#13251 = CARTESIAN_POINT('',(-1.249999235256,4.114913352556,
    -1.651438562761));
#13252 = VECTOR('',#13253,1.);
#13253 = DIRECTION('',(4.371138828674E-08,8.742277466279E-08,-1.));
#13254 = PLANE('',#13255);
#13255 = AXIS2_PLACEMENT_3D('',#13256,#13257,#13258);
#13256 = CARTESIAN_POINT('',(-1.249999235256,4.114913352556,
    -1.651438562761));
#13257 = DIRECTION('',(-4.371138828674E-08,-1.,-8.742277657348E-08));
#13258 = DIRECTION('',(4.371138828674E-08,8.742277466279E-08,-1.));
#13259 = ADVANCED_FACE('',(#13260),#13292,.T.);
#13260 = FACE_BOUND('',#13261,.T.);
#13261 = EDGE_LOOP('',(#13262,#13268,#13269,#13275,#13276,#13284,#13290,
    #13291));
#13262 = ORIENTED_EDGE('',*,*,#13263,.T.);
#13263 = EDGE_CURVE('',#13233,#11248,#13264,.T.);
#13264 = LINE('',#13265,#13266);
#13265 = CARTESIAN_POINT('',(-1.249999235256,4.114913352556,
    -1.651438562761));
#13266 = VECTOR('',#13267,1.);
#13267 = DIRECTION('',(-4.371138828674E-08,-1.,-8.742277657348E-08));
#13268 = ORIENTED_EDGE('',*,*,#11247,.T.);
#13269 = ORIENTED_EDGE('',*,*,#13270,.F.);
#13270 = EDGE_CURVE('',#13153,#11240,#13271,.T.);
#13271 = LINE('',#13272,#13273);
#13272 = CARTESIAN_POINT('',(1.850000967565,8.75491321705,
    -1.651438021614));
#13273 = VECTOR('',#13274,1.);
#13274 = DIRECTION('',(-4.371138828674E-08,-1.,-8.742277657348E-08));
#13275 = ORIENTED_EDGE('',*,*,#13178,.T.);
#13276 = ORIENTED_EDGE('',*,*,#13277,.T.);
#13277 = EDGE_CURVE('',#13171,#13278,#13280,.T.);
#13278 = VERTEX_POINT('',#13279);
#13279 = CARTESIAN_POINT('',(-1.249999044237,8.484913352556,
    -1.651438180723));
#13280 = LINE('',#13281,#13282);
#13281 = CARTESIAN_POINT('',(-1.249999032435,8.754913352556,
    -1.651438157119));
#13282 = VECTOR('',#13283,1.);
#13283 = DIRECTION('',(-4.371138828674E-08,-1.,-8.742277657348E-08));
#13284 = ORIENTED_EDGE('',*,*,#13285,.T.);
#13285 = EDGE_CURVE('',#13278,#13193,#13286,.T.);
#13286 = LINE('',#13287,#13288);
#13287 = CARTESIAN_POINT('',(-1.249999044237,8.484913352556,
    -1.651438180723));
#13288 = VECTOR('',#13289,1.);
#13289 = DIRECTION('',(1.,-4.371139210811E-08,4.371138446537E-08));
#13290 = ORIENTED_EDGE('',*,*,#13218,.F.);
#13291 = ORIENTED_EDGE('',*,*,#13232,.F.);
#13292 = PLANE('',#13293);
#13293 = AXIS2_PLACEMENT_3D('',#13294,#13295,#13296);
#13294 = CARTESIAN_POINT('',(1.850000991388,9.29991321705,
    -1.651437973968));
#13295 = DIRECTION('',(-4.371138828674E-08,-8.742277466279E-08,1.));
#13296 = DIRECTION('',(-1.,4.371139210811E-08,-4.371138446537E-08));
#13297 = ADVANCED_FACE('',(#13298),#13316,.F.);
#13298 = FACE_BOUND('',#13299,.T.);
#13299 = EDGE_LOOP('',(#13300,#13308,#13309,#13310));
#13300 = ORIENTED_EDGE('',*,*,#13301,.F.);
#13301 = EDGE_CURVE('',#13195,#13302,#13304,.T.);
#13302 = VERTEX_POINT('',#13303);
#13303 = CARTESIAN_POINT('',(-1.249999042926,8.484913355178,
    -1.681438180723));
#13304 = LINE('',#13305,#13306);
#13305 = CARTESIAN_POINT('',(-0.749999042926,8.484913333323,
    -1.681438158867));
#13306 = VECTOR('',#13307,1.);
#13307 = DIRECTION('',(-1.,4.371139210811E-08,-4.371138446537E-08));
#13308 = ORIENTED_EDGE('',*,*,#13192,.F.);
#13309 = ORIENTED_EDGE('',*,*,#13285,.F.);
#13310 = ORIENTED_EDGE('',*,*,#13311,.T.);
#13311 = EDGE_CURVE('',#13278,#13302,#13312,.T.);
#13312 = LINE('',#13313,#13314);
#13313 = CARTESIAN_POINT('',(-1.249999044237,8.484913352556,
    -1.651438180723));
#13314 = VECTOR('',#13315,1.);
#13315 = DIRECTION('',(4.371138828674E-08,8.742277466279E-08,-1.));
#13316 = PLANE('',#13317);
#13317 = AXIS2_PLACEMENT_3D('',#13318,#13319,#13320);
#13318 = CARTESIAN_POINT('',(-0.749999044237,8.4849133307,
    -1.651438158867));
#13319 = DIRECTION('',(4.371138828674E-08,1.,8.742277657348E-08));
#13320 = DIRECTION('',(1.,-4.371139210811E-08,4.371138446537E-08));
#13321 = ADVANCED_FACE('',(#13322),#13358,.F.);
#13322 = FACE_BOUND('',#13323,.F.);
#13323 = EDGE_LOOP('',(#13324,#13335,#13343,#13352));
#13324 = ORIENTED_EDGE('',*,*,#13325,.F.);
#13325 = EDGE_CURVE('',#13326,#13328,#13330,.T.);
#13326 = VERTEX_POINT('',#13327);
#13327 = CARTESIAN_POINT('',(-1.260771799231,7.974913382301,
    -1.986300580624));
#13328 = VERTEX_POINT('',#13329);
#13329 = CARTESIAN_POINT('',(-1.282279774471,7.974913382816,
    -1.98143822672));
#13330 = CIRCLE('',#13331,5.E-02);
#13331 = AXIS2_PLACEMENT_3D('',#13332,#13333,#13334);
#13332 = CARTESIAN_POINT('',(-1.282279772285,7.974913387187,
    -2.03143822672));
#13333 = DIRECTION('',(-4.371138828674E-08,-1.,-8.742277657348E-08));
#13334 = DIRECTION('',(0.430159461092,-9.772403422297E-08,0.902752921919
    ));
#13335 = ORIENTED_EDGE('',*,*,#13336,.T.);
#13336 = EDGE_CURVE('',#13326,#13337,#13339,.T.);
#13337 = VERTEX_POINT('',#13338);
#13338 = CARTESIAN_POINT('',(-1.260771792675,8.124913382301,
    -1.98630056751));
#13339 = LINE('',#13340,#13341);
#13340 = CARTESIAN_POINT('',(-1.260771799231,7.974913382301,
    -1.986300580624));
#13341 = VECTOR('',#13342,1.);
#13342 = DIRECTION('',(4.371138828674E-08,1.,8.742277657348E-08));
#13343 = ORIENTED_EDGE('',*,*,#13344,.T.);
#13344 = EDGE_CURVE('',#13337,#13345,#13347,.T.);
#13345 = VERTEX_POINT('',#13346);
#13346 = CARTESIAN_POINT('',(-1.282279767914,8.124913382816,
    -1.981438213606));
#13347 = CIRCLE('',#13348,5.E-02);
#13348 = AXIS2_PLACEMENT_3D('',#13349,#13350,#13351);
#13349 = CARTESIAN_POINT('',(-1.282279765729,8.124913387187,
    -2.031438213606));
#13350 = DIRECTION('',(-4.371138828674E-08,-1.,-8.742277657348E-08));
#13351 = DIRECTION('',(0.430159461092,-9.772403422297E-08,0.902752921919
    ));
#13352 = ORIENTED_EDGE('',*,*,#13353,.F.);
#13353 = EDGE_CURVE('',#13328,#13345,#13354,.T.);
#13354 = LINE('',#13355,#13356);
#13355 = CARTESIAN_POINT('',(-1.282279774471,7.974913382816,
    -1.98143822672));
#13356 = VECTOR('',#13357,1.);
#13357 = DIRECTION('',(4.371138828674E-08,1.,8.742277657348E-08));
#13358 = CYLINDRICAL_SURFACE('',#13359,5.E-02);
#13359 = AXIS2_PLACEMENT_3D('',#13360,#13361,#13362);
#13360 = CARTESIAN_POINT('',(-1.282279772285,7.974913387187,
    -2.03143822672));
#13361 = DIRECTION('',(4.371138828674E-08,1.,8.742277657348E-08));
#13362 = DIRECTION('',(4.371138828674E-08,8.742277466279E-08,-1.));
#13363 = ADVANCED_FACE('',(#13364),#13389,.T.);
#13364 = FACE_BOUND('',#13365,.T.);
#13365 = EDGE_LOOP('',(#13366,#13376,#13382,#13383));
#13366 = ORIENTED_EDGE('',*,*,#13367,.T.);
#13367 = EDGE_CURVE('',#13368,#13370,#13372,.T.);
#13368 = VERTEX_POINT('',#13369);
#13369 = CARTESIAN_POINT('',(-1.349999052105,7.974913385776,
    -1.98143822968));
#13370 = VERTEX_POINT('',#13371);
#13371 = CARTESIAN_POINT('',(-1.349999045548,8.124913385776,
    -1.981438216566));
#13372 = LINE('',#13373,#13374);
#13373 = CARTESIAN_POINT('',(-1.349999052105,7.974913385776,
    -1.98143822968));
#13374 = VECTOR('',#13375,1.);
#13375 = DIRECTION('',(4.371138828674E-08,1.,8.742277657348E-08));
#13376 = ORIENTED_EDGE('',*,*,#13377,.F.);
#13377 = EDGE_CURVE('',#13345,#13370,#13378,.T.);
#13378 = LINE('',#13379,#13380);
#13379 = CARTESIAN_POINT('',(-1.282279767914,8.124913382816,
    -1.981438213606));
#13380 = VECTOR('',#13381,1.);
#13381 = DIRECTION('',(-1.,4.371139210811E-08,-4.371138446537E-08));
#13382 = ORIENTED_EDGE('',*,*,#13353,.F.);
#13383 = ORIENTED_EDGE('',*,*,#13384,.T.);
#13384 = EDGE_CURVE('',#13328,#13368,#13385,.T.);
#13385 = LINE('',#13386,#13387);
#13386 = CARTESIAN_POINT('',(-1.282279774471,7.974913382816,
    -1.98143822672));
#13387 = VECTOR('',#13388,1.);
#13388 = DIRECTION('',(-1.,4.371139210811E-08,-4.371138446537E-08));
#13389 = PLANE('',#13390);
#13390 = AXIS2_PLACEMENT_3D('',#13391,#13392,#13393);
#13391 = CARTESIAN_POINT('',(-1.282279774471,7.974913382816,
    -1.98143822672));
#13392 = DIRECTION('',(4.371138828674E-08,8.742277466279E-08,-1.));
#13393 = DIRECTION('',(-4.371138828674E-08,-1.,-8.742277657348E-08));
#13394 = ADVANCED_FACE('',(#13395),#13411,.T.);
#13395 = FACE_BOUND('',#13396,.T.);
#13396 = EDGE_LOOP('',(#13397,#13398,#13404,#13405));
#13397 = ORIENTED_EDGE('',*,*,#1174,.T.);
#13398 = ORIENTED_EDGE('',*,*,#13399,.F.);
#13399 = EDGE_CURVE('',#13370,#1177,#13400,.T.);
#13400 = LINE('',#13401,#13402);
#13401 = CARTESIAN_POINT('',(-1.349999045548,8.124913385776,
    -1.981438216566));
#13402 = VECTOR('',#13403,1.);
#13403 = DIRECTION('',(-4.371138828674E-08,-8.742277466279E-08,1.));
#13404 = ORIENTED_EDGE('',*,*,#13367,.F.);
#13405 = ORIENTED_EDGE('',*,*,#13406,.T.);
#13406 = EDGE_CURVE('',#13368,#1175,#13407,.T.);
#13407 = LINE('',#13408,#13409);
#13408 = CARTESIAN_POINT('',(-1.349999052105,7.974913385776,
    -1.98143822968));
#13409 = VECTOR('',#13410,1.);
#13410 = DIRECTION('',(-4.371138828674E-08,-8.742277466279E-08,1.));
#13411 = PLANE('',#13412);
#13412 = AXIS2_PLACEMENT_3D('',#13413,#13414,#13415);
#13413 = CARTESIAN_POINT('',(-1.349999052105,7.974913385776,
    -1.98143822968));
#13414 = DIRECTION('',(-1.,4.371139210811E-08,-4.371138446537E-08));
#13415 = DIRECTION('',(-4.371138828674E-08,-8.742277466279E-08,1.));
#13416 = ADVANCED_FACE('',(#13417),#13444,.F.);
#13417 = FACE_BOUND('',#13418,.F.);
#13418 = EDGE_LOOP('',(#13419,#13428,#13436,#13443));
#13419 = ORIENTED_EDGE('',*,*,#13420,.T.);
#13420 = EDGE_CURVE('',#1185,#13421,#13423,.T.);
#13421 = VERTEX_POINT('',#13422);
#13422 = CARTESIAN_POINT('',(-1.299562060968,8.124913352933,
    -1.630968214361));
#13423 = CIRCLE('',#13424,5.E-02);
#13424 = AXIS2_PLACEMENT_3D('',#13425,#13426,#13427);
#13425 = CARTESIAN_POINT('',(-1.349562060968,8.124913355118,
    -1.630968216546));
#13426 = DIRECTION('',(-4.371138828674E-08,-1.,-8.742277657348E-08));
#13427 = DIRECTION('',(-8.73995429087E-03,8.780147307221E-08,
    -0.99996180587));
#13428 = ORIENTED_EDGE('',*,*,#13429,.F.);
#13429 = EDGE_CURVE('',#13430,#13421,#13432,.T.);
#13430 = VERTEX_POINT('',#13431);
#13431 = CARTESIAN_POINT('',(-1.299562067525,7.974913352933,
    -1.630968227474));
#13432 = LINE('',#13433,#13434);
#13433 = CARTESIAN_POINT('',(-1.299562067525,7.974913352933,
    -1.630968227474));
#13434 = VECTOR('',#13435,1.);
#13435 = DIRECTION('',(4.371138828674E-08,1.,8.742277657348E-08));
#13436 = ORIENTED_EDGE('',*,*,#13437,.F.);
#13437 = EDGE_CURVE('',#1194,#13430,#13438,.T.);
#13438 = CIRCLE('',#13439,5.E-02);
#13439 = AXIS2_PLACEMENT_3D('',#13440,#13441,#13442);
#13440 = CARTESIAN_POINT('',(-1.349562067525,7.974913355118,
    -1.63096822966));
#13441 = DIRECTION('',(-4.371138828674E-08,-1.,-8.742277657348E-08));
#13442 = DIRECTION('',(-8.73995429087E-03,8.780147307221E-08,
    -0.99996180587));
#13443 = ORIENTED_EDGE('',*,*,#1193,.T.);
#13444 = CYLINDRICAL_SURFACE('',#13445,5.E-02);
#13445 = AXIS2_PLACEMENT_3D('',#13446,#13447,#13448);
#13446 = CARTESIAN_POINT('',(-1.349562067525,7.974913355118,
    -1.63096822966));
#13447 = DIRECTION('',(4.371138828674E-08,1.,8.742277657348E-08));
#13448 = DIRECTION('',(4.371138828674E-08,8.742277466279E-08,-1.));
#13449 = ADVANCED_FACE('',(#13450),#13475,.T.);
#13450 = FACE_BOUND('',#13451,.T.);
#13451 = EDGE_LOOP('',(#13452,#13462,#13468,#13469));
#13452 = ORIENTED_EDGE('',*,*,#13453,.T.);
#13453 = EDGE_CURVE('',#13454,#13456,#13458,.T.);
#13454 = VERTEX_POINT('',#13455);
#13455 = CARTESIAN_POINT('',(-1.299562068815,7.974913350351,
    -1.601438868128));
#13456 = VERTEX_POINT('',#13457);
#13457 = CARTESIAN_POINT('',(-1.299562062259,8.124913350351,
    -1.601438855015));
#13458 = LINE('',#13459,#13460);
#13459 = CARTESIAN_POINT('',(-1.299562068815,7.974913350351,
    -1.601438868128));
#13460 = VECTOR('',#13461,1.);
#13461 = DIRECTION('',(4.371138828674E-08,1.,8.742277657348E-08));
#13462 = ORIENTED_EDGE('',*,*,#13463,.F.);
#13463 = EDGE_CURVE('',#13421,#13456,#13464,.T.);
#13464 = LINE('',#13465,#13466);
#13465 = CARTESIAN_POINT('',(-1.299562060968,8.124913352933,
    -1.630968214361));
#13466 = VECTOR('',#13467,1.);
#13467 = DIRECTION('',(-4.371138828674E-08,-8.742277466279E-08,1.));
#13468 = ORIENTED_EDGE('',*,*,#13429,.F.);
#13469 = ORIENTED_EDGE('',*,*,#13470,.T.);
#13470 = EDGE_CURVE('',#13430,#13454,#13471,.T.);
#13471 = LINE('',#13472,#13473);
#13472 = CARTESIAN_POINT('',(-1.299562067525,7.974913352933,
    -1.630968227474));
#13473 = VECTOR('',#13474,1.);
#13474 = DIRECTION('',(-4.371138828674E-08,-8.742277466279E-08,1.));
#13475 = PLANE('',#13476);
#13476 = AXIS2_PLACEMENT_3D('',#13477,#13478,#13479);
#13477 = CARTESIAN_POINT('',(-1.299562067525,7.974913352933,
    -1.630968227474));
#13478 = DIRECTION('',(-1.,4.371139210811E-08,-4.371138446537E-08));
#13479 = DIRECTION('',(-4.371138828674E-08,-8.742277466279E-08,1.));
#13480 = ADVANCED_FACE('',(#13481),#13506,.T.);
#13481 = FACE_BOUND('',#13482,.T.);
#13482 = EDGE_LOOP('',(#13483,#13493,#13499,#13500));
#13483 = ORIENTED_EDGE('',*,*,#13484,.T.);
#13484 = EDGE_CURVE('',#13485,#13487,#13489,.T.);
#13485 = VERTEX_POINT('',#13486);
#13486 = CARTESIAN_POINT('',(-0.950222687689,7.974913335081,
    -1.601438852858));
#13487 = VERTEX_POINT('',#13488);
#13488 = CARTESIAN_POINT('',(-0.950222681133,8.124913335081,
    -1.601438839745));
#13489 = LINE('',#13490,#13491);
#13490 = CARTESIAN_POINT('',(-0.950222687689,7.974913335081,
    -1.601438852858));
#13491 = VECTOR('',#13492,1.);
#13492 = DIRECTION('',(4.371138828674E-08,1.,8.742277657348E-08));
#13493 = ORIENTED_EDGE('',*,*,#13494,.F.);
#13494 = EDGE_CURVE('',#13456,#13487,#13495,.T.);
#13495 = LINE('',#13496,#13497);
#13496 = CARTESIAN_POINT('',(-1.299562062259,8.124913350351,
    -1.601438855015));
#13497 = VECTOR('',#13498,1.);
#13498 = DIRECTION('',(1.,-4.371139210811E-08,4.371138446537E-08));
#13499 = ORIENTED_EDGE('',*,*,#13453,.F.);
#13500 = ORIENTED_EDGE('',*,*,#13501,.T.);
#13501 = EDGE_CURVE('',#13454,#13485,#13502,.T.);
#13502 = LINE('',#13503,#13504);
#13503 = CARTESIAN_POINT('',(-1.299562068815,7.974913350351,
    -1.601438868128));
#13504 = VECTOR('',#13505,1.);
#13505 = DIRECTION('',(1.,-4.371139210811E-08,4.371138446537E-08));
#13506 = PLANE('',#13507);
#13507 = AXIS2_PLACEMENT_3D('',#13508,#13509,#13510);
#13508 = CARTESIAN_POINT('',(-1.299562068815,7.974913350351,
    -1.601438868128));
#13509 = DIRECTION('',(-4.371138828674E-08,-8.742277466279E-08,1.));
#13510 = DIRECTION('',(-1.,4.371139210811E-08,-4.371138446537E-08));
#13511 = ADVANCED_FACE('',(#13512),#13539,.T.);
#13512 = FACE_BOUND('',#13513,.T.);
#13513 = EDGE_LOOP('',(#13514,#13524,#13531,#13532));
#13514 = ORIENTED_EDGE('',*,*,#13515,.T.);
#13515 = EDGE_CURVE('',#13516,#13518,#13520,.T.);
#13516 = VERTEX_POINT('',#13517);
#13517 = CARTESIAN_POINT('',(-1.020124252168,7.97491334458,
    -1.675149763219));
#13518 = VERTEX_POINT('',#13519);
#13519 = CARTESIAN_POINT('',(-1.020124245612,8.12491334458,
    -1.675149750105));
#13520 = LINE('',#13521,#13522);
#13521 = CARTESIAN_POINT('',(-1.020124252168,7.97491334458,
    -1.675149763219));
#13522 = VECTOR('',#13523,1.);
#13523 = DIRECTION('',(4.371138828674E-08,1.,8.742277657348E-08));
#13524 = ORIENTED_EDGE('',*,*,#13525,.F.);
#13525 = EDGE_CURVE('',#13487,#13518,#13526,.T.);
#13526 = CIRCLE('',#13527,7.E-02);
#13527 = AXIS2_PLACEMENT_3D('',#13528,#13529,#13530);
#13528 = CARTESIAN_POINT('',(-1.020124248671,8.124913338461,
    -1.605149750105));
#13529 = DIRECTION('',(4.371138828674E-08,1.,8.742277657348E-08));
#13530 = DIRECTION('',(0.998593821974,-4.828446639765E-08,
    5.301300514863E-02));
#13531 = ORIENTED_EDGE('',*,*,#13484,.F.);
#13532 = ORIENTED_EDGE('',*,*,#13533,.T.);
#13533 = EDGE_CURVE('',#13485,#13516,#13534,.T.);
#13534 = CIRCLE('',#13535,7.E-02);
#13535 = AXIS2_PLACEMENT_3D('',#13536,#13537,#13538);
#13536 = CARTESIAN_POINT('',(-1.020124255228,7.974913338461,
    -1.605149763219));
#13537 = DIRECTION('',(4.371138828674E-08,1.,8.742277657348E-08));
#13538 = DIRECTION('',(0.998593821974,-4.828446639765E-08,
    5.301300514863E-02));
#13539 = CYLINDRICAL_SURFACE('',#13540,7.E-02);
#13540 = AXIS2_PLACEMENT_3D('',#13541,#13542,#13543);
#13541 = CARTESIAN_POINT('',(-1.020124255228,7.974913338461,
    -1.605149763219));
#13542 = DIRECTION('',(4.371138828674E-08,1.,8.742277657348E-08));
#13543 = DIRECTION('',(4.371138828674E-08,8.742277466279E-08,-1.));
#13544 = ADVANCED_FACE('',(#13545),#13570,.T.);
#13545 = FACE_BOUND('',#13546,.T.);
#13546 = EDGE_LOOP('',(#13547,#13557,#13563,#13564));
#13547 = ORIENTED_EDGE('',*,*,#13548,.T.);
#13548 = EDGE_CURVE('',#13549,#13551,#13553,.T.);
#13549 = VERTEX_POINT('',#13550);
#13550 = CARTESIAN_POINT('',(-1.049999065493,7.974913345886,
    -1.675149764525));
#13551 = VERTEX_POINT('',#13552);
#13552 = CARTESIAN_POINT('',(-1.049999058937,8.124913345886,
    -1.675149751411));
#13553 = LINE('',#13554,#13555);
#13554 = CARTESIAN_POINT('',(-1.049999065493,7.974913345886,
    -1.675149764525));
#13555 = VECTOR('',#13556,1.);
#13556 = DIRECTION('',(4.371138828674E-08,1.,8.742277657348E-08));
#13557 = ORIENTED_EDGE('',*,*,#13558,.F.);
#13558 = EDGE_CURVE('',#13518,#13551,#13559,.T.);
#13559 = LINE('',#13560,#13561);
#13560 = CARTESIAN_POINT('',(-1.020124245612,8.12491334458,
    -1.675149750105));
#13561 = VECTOR('',#13562,1.);
#13562 = DIRECTION('',(-1.,4.371139210811E-08,-4.371138446537E-08));
#13563 = ORIENTED_EDGE('',*,*,#13515,.F.);
#13564 = ORIENTED_EDGE('',*,*,#13565,.T.);
#13565 = EDGE_CURVE('',#13516,#13549,#13566,.T.);
#13566 = LINE('',#13567,#13568);
#13567 = CARTESIAN_POINT('',(-1.020124252168,7.97491334458,
    -1.675149763219));
#13568 = VECTOR('',#13569,1.);
#13569 = DIRECTION('',(-1.,4.371139210811E-08,-4.371138446537E-08));
#13570 = PLANE('',#13571);
#13571 = AXIS2_PLACEMENT_3D('',#13572,#13573,#13574);
#13572 = CARTESIAN_POINT('',(-1.020124252168,7.97491334458,
    -1.675149763219));
#13573 = DIRECTION('',(4.371138828674E-08,8.742277466279E-08,-1.));
#13574 = DIRECTION('',(-4.371138828674E-08,-1.,-8.742277657348E-08));
#13575 = ADVANCED_FACE('',(#13576),#13601,.T.);
#13576 = FACE_BOUND('',#13577,.T.);
#13577 = EDGE_LOOP('',(#13578,#13586,#13587,#13595));
#13578 = ORIENTED_EDGE('',*,*,#13579,.F.);
#13579 = EDGE_CURVE('',#13551,#13580,#13582,.T.);
#13580 = VERTEX_POINT('',#13581);
#13581 = CARTESIAN_POINT('',(-1.049999058662,8.124913346436,
    -1.681438203453));
#13582 = LINE('',#13583,#13584);
#13583 = CARTESIAN_POINT('',(-1.049999058937,8.124913345886,
    -1.675149751411));
#13584 = VECTOR('',#13585,1.);
#13585 = DIRECTION('',(4.371138828674E-08,8.742277466279E-08,-1.));
#13586 = ORIENTED_EDGE('',*,*,#13548,.F.);
#13587 = ORIENTED_EDGE('',*,*,#13588,.T.);
#13588 = EDGE_CURVE('',#13549,#13589,#13591,.T.);
#13589 = VERTEX_POINT('',#13590);
#13590 = CARTESIAN_POINT('',(-1.049999065218,7.974913346436,
    -1.681438216566));
#13591 = LINE('',#13592,#13593);
#13592 = CARTESIAN_POINT('',(-1.049999065493,7.974913345886,
    -1.675149764525));
#13593 = VECTOR('',#13594,1.);
#13594 = DIRECTION('',(4.371138828674E-08,8.742277466279E-08,-1.));
#13595 = ORIENTED_EDGE('',*,*,#13596,.T.);
#13596 = EDGE_CURVE('',#13589,#13580,#13597,.T.);
#13597 = LINE('',#13598,#13599);
#13598 = CARTESIAN_POINT('',(-1.049999065218,7.974913346436,
    -1.681438216566));
#13599 = VECTOR('',#13600,1.);
#13600 = DIRECTION('',(4.371138828674E-08,1.,8.742277657348E-08));
#13601 = PLANE('',#13602);
#13602 = AXIS2_PLACEMENT_3D('',#13603,#13604,#13605);
#13603 = CARTESIAN_POINT('',(-1.049999065493,7.974913345886,
    -1.675149764525));
#13604 = DIRECTION('',(1.,-4.371139210811E-08,4.371138446537E-08));
#13605 = DIRECTION('',(-4.371138828674E-08,-1.,-8.742277657348E-08));
#13606 = ADVANCED_FACE('',(#13607),#13704,.T.);
#13607 = FACE_BOUND('',#13608,.T.);
#13608 = EDGE_LOOP('',(#13609,#13617,#13618,#13619,#13620,#13626,#13627,
    #13628,#13629,#13635,#13636,#13637,#13638,#13644,#13645,#13646,
    #13647,#13653,#13654,#13655,#13656,#13662,#13663,#13664,#13665,
    #13671,#13672,#13673,#13674,#13680,#13681,#13682,#13683,#13691,
    #13697,#13698));
#13609 = ORIENTED_EDGE('',*,*,#13610,.F.);
#13610 = EDGE_CURVE('',#10535,#13611,#13613,.T.);
#13611 = VERTEX_POINT('',#13612);
#13612 = CARTESIAN_POINT('',(-1.249999065218,7.974913355178,
    -1.681438225309));
#13613 = LINE('',#13614,#13615);
#13614 = CARTESIAN_POINT('',(-1.249999080517,7.624913355178,
    -1.681438255907));
#13615 = VECTOR('',#13616,1.);
#13616 = DIRECTION('',(4.371138828674E-08,1.,8.742277657348E-08));
#13617 = ORIENTED_EDGE('',*,*,#10534,.F.);
#13618 = ORIENTED_EDGE('',*,*,#10448,.F.);
#13619 = ORIENTED_EDGE('',*,*,#10398,.T.);
#13620 = ORIENTED_EDGE('',*,*,#13621,.F.);
#13621 = EDGE_CURVE('',#4072,#10401,#13622,.T.);
#13622 = LINE('',#13623,#13624);
#13623 = CARTESIAN_POINT('',(-1.249999102373,7.124913355178,
    -1.681438299618));
#13624 = VECTOR('',#13625,1.);
#13625 = DIRECTION('',(4.371138828674E-08,1.,8.742277657348E-08));
#13626 = ORIENTED_EDGE('',*,*,#4071,.F.);
#13627 = ORIENTED_EDGE('',*,*,#3961,.F.);
#13628 = ORIENTED_EDGE('',*,*,#4195,.T.);
#13629 = ORIENTED_EDGE('',*,*,#13630,.F.);
#13630 = EDGE_CURVE('',#5059,#4196,#13631,.T.);
#13631 = LINE('',#13632,#13633);
#13632 = CARTESIAN_POINT('',(-1.249999124229,6.624913355178,
    -1.681438343329));
#13633 = VECTOR('',#13634,1.);
#13634 = DIRECTION('',(4.371138828674E-08,1.,8.742277657348E-08));
#13635 = ORIENTED_EDGE('',*,*,#5058,.F.);
#13636 = ORIENTED_EDGE('',*,*,#4948,.F.);
#13637 = ORIENTED_EDGE('',*,*,#5182,.T.);
#13638 = ORIENTED_EDGE('',*,*,#13639,.F.);
#13639 = EDGE_CURVE('',#6046,#5183,#13640,.T.);
#13640 = LINE('',#13641,#13642);
#13641 = CARTESIAN_POINT('',(-1.249999146084,6.124913355178,
    -1.681438387041));
#13642 = VECTOR('',#13643,1.);
#13643 = DIRECTION('',(4.371138828674E-08,1.,8.742277657348E-08));
#13644 = ORIENTED_EDGE('',*,*,#6045,.F.);
#13645 = ORIENTED_EDGE('',*,*,#5935,.F.);
#13646 = ORIENTED_EDGE('',*,*,#6169,.T.);
#13647 = ORIENTED_EDGE('',*,*,#13648,.F.);
#13648 = EDGE_CURVE('',#7033,#6170,#13649,.T.);
#13649 = LINE('',#13650,#13651);
#13650 = CARTESIAN_POINT('',(-1.24999916794,5.624913355178,
    -1.681438430752));
#13651 = VECTOR('',#13652,1.);
#13652 = DIRECTION('',(4.371138828674E-08,1.,8.742277657348E-08));
#13653 = ORIENTED_EDGE('',*,*,#7032,.F.);
#13654 = ORIENTED_EDGE('',*,*,#6922,.F.);
#13655 = ORIENTED_EDGE('',*,*,#7156,.T.);
#13656 = ORIENTED_EDGE('',*,*,#13657,.F.);
#13657 = EDGE_CURVE('',#8013,#7157,#13658,.T.);
#13658 = LINE('',#13659,#13660);
#13659 = CARTESIAN_POINT('',(-1.249999189796,5.124913355178,
    -1.681438474464));
#13660 = VECTOR('',#13661,1.);
#13661 = DIRECTION('',(4.371138828674E-08,1.,8.742277657348E-08));
#13662 = ORIENTED_EDGE('',*,*,#8012,.F.);
#13663 = ORIENTED_EDGE('',*,*,#7900,.F.);
#13664 = ORIENTED_EDGE('',*,*,#8084,.T.);
#13665 = ORIENTED_EDGE('',*,*,#13666,.F.);
#13666 = EDGE_CURVE('',#9000,#8077,#13667,.T.);
#13667 = LINE('',#13668,#13669);
#13668 = CARTESIAN_POINT('',(-1.249999211652,4.624913355178,
    -1.681438518175));
#13669 = VECTOR('',#13670,1.);
#13670 = DIRECTION('',(4.371138828674E-08,1.,8.742277657348E-08));
#13671 = ORIENTED_EDGE('',*,*,#8999,.T.);
#13672 = ORIENTED_EDGE('',*,*,#8887,.F.);
#13673 = ORIENTED_EDGE('',*,*,#9097,.F.);
#13674 = ORIENTED_EDGE('',*,*,#13675,.F.);
#13675 = EDGE_CURVE('',#13242,#9098,#13676,.T.);
#13676 = LINE('',#13677,#13678);
#13677 = CARTESIAN_POINT('',(-1.249999233944,4.114913355178,
    -1.681438562761));
#13678 = VECTOR('',#13679,1.);
#13679 = DIRECTION('',(4.371138828674E-08,1.,8.742277657348E-08));
#13680 = ORIENTED_EDGE('',*,*,#13241,.T.);
#13681 = ORIENTED_EDGE('',*,*,#13202,.T.);
#13682 = ORIENTED_EDGE('',*,*,#13301,.T.);
#13683 = ORIENTED_EDGE('',*,*,#13684,.F.);
#13684 = EDGE_CURVE('',#13685,#13302,#13687,.T.);
#13685 = VERTEX_POINT('',#13686);
#13686 = CARTESIAN_POINT('',(-1.249999058662,8.124913355178,
    -1.681438212195));
#13687 = LINE('',#13688,#13689);
#13688 = CARTESIAN_POINT('',(-1.249999058662,8.124913355178,
    -1.681438212195));
#13689 = VECTOR('',#13690,1.);
#13690 = DIRECTION('',(4.371138828674E-08,1.,8.742277657348E-08));
#13691 = ORIENTED_EDGE('',*,*,#13692,.F.);
#13692 = EDGE_CURVE('',#13580,#13685,#13693,.T.);
#13693 = LINE('',#13694,#13695);
#13694 = CARTESIAN_POINT('',(-1.049999058662,8.124913346436,
    -1.681438203453));
#13695 = VECTOR('',#13696,1.);
#13696 = DIRECTION('',(-1.,4.371139210811E-08,-4.371138446537E-08));
#13697 = ORIENTED_EDGE('',*,*,#13596,.F.);
#13698 = ORIENTED_EDGE('',*,*,#13699,.T.);
#13699 = EDGE_CURVE('',#13589,#13611,#13700,.T.);
#13700 = LINE('',#13701,#13702);
#13701 = CARTESIAN_POINT('',(-1.049999065218,7.974913346436,
    -1.681438216566));
#13702 = VECTOR('',#13703,1.);
#13703 = DIRECTION('',(-1.,4.371139210811E-08,-4.371138446537E-08));
#13704 = PLANE('',#13705);
#13705 = AXIS2_PLACEMENT_3D('',#13706,#13707,#13708);
#13706 = CARTESIAN_POINT('',(1.850000861565,6.299913219673,
    -1.681438236237));
#13707 = DIRECTION('',(-4.371138828674E-08,-8.742277466279E-08,1.));
#13708 = DIRECTION('',(-1.,4.371139210811E-08,-4.371138446537E-08));
#13709 = ADVANCED_FACE('',(#13710),#13719,.T.);
#13710 = FACE_BOUND('',#13711,.T.);
#13711 = EDGE_LOOP('',(#13712,#13713,#13714,#13715,#13716,#13717,#13718)
  );
#13712 = ORIENTED_EDGE('',*,*,#9221,.T.);
#13713 = ORIENTED_EDGE('',*,*,#9253,.T.);
#13714 = ORIENTED_EDGE('',*,*,#9286,.T.);
#13715 = ORIENTED_EDGE('',*,*,#9317,.T.);
#13716 = ORIENTED_EDGE('',*,*,#9340,.T.);
#13717 = ORIENTED_EDGE('',*,*,#9481,.F.);
#13718 = ORIENTED_EDGE('',*,*,#9503,.T.);
#13719 = PLANE('',#13720);
#13720 = AXIS2_PLACEMENT_3D('',#13721,#13722,#13723);
#13721 = CARTESIAN_POINT('',(1.850000961883,8.124913260762,
    -2.15143807669));
#13722 = DIRECTION('',(4.371138828674E-08,1.,8.742277657348E-08));
#13723 = DIRECTION('',(1.,-4.371139210811E-08,4.371138446537E-08));
#13724 = ADVANCED_FACE('',(#13725),#13732,.T.);
#13725 = FACE_BOUND('',#13726,.T.);
#13726 = EDGE_LOOP('',(#13727,#13728,#13729,#13730,#13731));
#13727 = ORIENTED_EDGE('',*,*,#2809,.T.);
#13728 = ORIENTED_EDGE('',*,*,#2851,.T.);
#13729 = ORIENTED_EDGE('',*,*,#2882,.T.);
#13730 = ORIENTED_EDGE('',*,*,#2905,.T.);
#13731 = ORIENTED_EDGE('',*,*,#9829,.F.);
#13732 = PLANE('',#13733);
#13733 = AXIS2_PLACEMENT_3D('',#13734,#13735,#13736);
#13734 = CARTESIAN_POINT('',(1.850000961883,8.124913260762,
    -2.15143807669));
#13735 = DIRECTION('',(4.371138828674E-08,1.,8.742277657348E-08));
#13736 = DIRECTION('',(1.,-4.371139210811E-08,4.371138446537E-08));
#13737 = ADVANCED_FACE('',(#13738),#13747,.T.);
#13738 = FACE_BOUND('',#13739,.T.);
#13739 = EDGE_LOOP('',(#13740,#13741,#13742,#13743,#13744,#13745,#13746)
  );
#13740 = ORIENTED_EDGE('',*,*,#10705,.T.);
#13741 = ORIENTED_EDGE('',*,*,#10773,.T.);
#13742 = ORIENTED_EDGE('',*,*,#10557,.F.);
#13743 = ORIENTED_EDGE('',*,*,#2252,.T.);
#13744 = ORIENTED_EDGE('',*,*,#2211,.T.);
#13745 = ORIENTED_EDGE('',*,*,#2170,.T.);
#13746 = ORIENTED_EDGE('',*,*,#12319,.T.);
#13747 = PLANE('',#13748);
#13748 = AXIS2_PLACEMENT_3D('',#13749,#13750,#13751);
#13749 = CARTESIAN_POINT('',(1.850000961883,8.124913260762,
    -2.15143807669));
#13750 = DIRECTION('',(4.371138828674E-08,1.,8.742277657348E-08));
#13751 = DIRECTION('',(1.,-4.371139210811E-08,4.371138446537E-08));
#13752 = ADVANCED_FACE('',(#13753),#13780,.T.);
#13753 = FACE_BOUND('',#13754,.T.);
#13754 = EDGE_LOOP('',(#13755,#13763,#13764,#13765,#13766,#13767,#13768,
    #13769,#13770,#13771,#13772,#13773,#13774));
#13755 = ORIENTED_EDGE('',*,*,#13756,.T.);
#13756 = EDGE_CURVE('',#13757,#13337,#13759,.T.);
#13757 = VERTEX_POINT('',#13758);
#13758 = CARTESIAN_POINT('',(-1.249999045111,8.124913382279,
    -1.991433754204));
#13759 = LINE('',#13760,#13761);
#13760 = CARTESIAN_POINT('',(-1.249999045111,8.124913382279,
    -1.991433754204));
#13761 = VECTOR('',#13762,1.);
#13762 = DIRECTION('',(-0.902752921919,1.854849038977E-09,0.430159461092
    ));
#13763 = ORIENTED_EDGE('',*,*,#13344,.T.);
#13764 = ORIENTED_EDGE('',*,*,#13377,.T.);
#13765 = ORIENTED_EDGE('',*,*,#13399,.T.);
#13766 = ORIENTED_EDGE('',*,*,#1184,.T.);
#13767 = ORIENTED_EDGE('',*,*,#13420,.T.);
#13768 = ORIENTED_EDGE('',*,*,#13463,.T.);
#13769 = ORIENTED_EDGE('',*,*,#13494,.T.);
#13770 = ORIENTED_EDGE('',*,*,#13525,.T.);
#13771 = ORIENTED_EDGE('',*,*,#13558,.T.);
#13772 = ORIENTED_EDGE('',*,*,#13579,.T.);
#13773 = ORIENTED_EDGE('',*,*,#13692,.T.);
#13774 = ORIENTED_EDGE('',*,*,#13775,.T.);
#13775 = EDGE_CURVE('',#13685,#13757,#13776,.T.);
#13776 = LINE('',#13777,#13778);
#13777 = CARTESIAN_POINT('',(-1.249999058662,8.124913355178,
    -1.681438212195));
#13778 = VECTOR('',#13779,1.);
#13779 = DIRECTION('',(4.371138828674E-08,8.742277466279E-08,-1.));
#13780 = PLANE('',#13781);
#13781 = AXIS2_PLACEMENT_3D('',#13782,#13783,#13784);
#13782 = CARTESIAN_POINT('',(1.850000961883,8.124913260762,
    -2.15143807669));
#13783 = DIRECTION('',(4.371138828674E-08,1.,8.742277657348E-08));
#13784 = DIRECTION('',(1.,-4.371139210811E-08,4.371138446537E-08));
#13785 = ADVANCED_FACE('',(#13786),#13804,.T.);
#13786 = FACE_BOUND('',#13787,.T.);
#13787 = EDGE_LOOP('',(#13788,#13796,#13797,#13798));
#13788 = ORIENTED_EDGE('',*,*,#13789,.T.);
#13789 = EDGE_CURVE('',#13790,#13326,#13792,.T.);
#13790 = VERTEX_POINT('',#13791);
#13791 = CARTESIAN_POINT('',(-1.249999051668,7.974913382279,
    -1.991433767317));
#13792 = LINE('',#13793,#13794);
#13793 = CARTESIAN_POINT('',(-1.249999051668,7.974913382279,
    -1.991433767317));
#13794 = VECTOR('',#13795,1.);
#13795 = DIRECTION('',(-0.902752921919,1.854849038977E-09,0.430159461092
    ));
#13796 = ORIENTED_EDGE('',*,*,#13336,.T.);
#13797 = ORIENTED_EDGE('',*,*,#13756,.F.);
#13798 = ORIENTED_EDGE('',*,*,#13799,.F.);
#13799 = EDGE_CURVE('',#13790,#13757,#13800,.T.);
#13800 = LINE('',#13801,#13802);
#13801 = CARTESIAN_POINT('',(-1.249999051668,7.974913382279,
    -1.991433767317));
#13802 = VECTOR('',#13803,1.);
#13803 = DIRECTION('',(4.371138828674E-08,1.,8.742277657348E-08));
#13804 = PLANE('',#13805);
#13805 = AXIS2_PLACEMENT_3D('',#13806,#13807,#13808);
#13806 = CARTESIAN_POINT('',(-1.249999051668,7.974913382279,
    -1.991433767317));
#13807 = DIRECTION('',(-0.430159461092,9.772403422297E-08,
    -0.902752921919));
#13808 = DIRECTION('',(4.371138828674E-08,1.,8.742277657348E-08));
#13809 = ADVANCED_FACE('',(#13810),#13819,.F.);
#13810 = FACE_BOUND('',#13811,.T.);
#13811 = EDGE_LOOP('',(#13812,#13813,#13814,#13815,#13816,#13817,#13818)
  );
#13812 = ORIENTED_EDGE('',*,*,#9488,.T.);
#13813 = ORIENTED_EDGE('',*,*,#9349,.F.);
#13814 = ORIENTED_EDGE('',*,*,#9307,.F.);
#13815 = ORIENTED_EDGE('',*,*,#9293,.F.);
#13816 = ORIENTED_EDGE('',*,*,#9261,.F.);
#13817 = ORIENTED_EDGE('',*,*,#9203,.F.);
#13818 = ORIENTED_EDGE('',*,*,#9571,.F.);
#13819 = PLANE('',#13820);
#13820 = AXIS2_PLACEMENT_3D('',#13821,#13822,#13823);
#13821 = CARTESIAN_POINT('',(1.850000955326,7.974913260762,
    -2.151438089803));
#13822 = DIRECTION('',(4.371138828674E-08,1.,8.742277657348E-08));
#13823 = DIRECTION('',(1.,-4.371139210811E-08,4.371138446537E-08));
#13824 = ADVANCED_FACE('',(#13825),#13832,.F.);
#13825 = FACE_BOUND('',#13826,.T.);
#13826 = EDGE_LOOP('',(#13827,#13828,#13829,#13830,#13831));
#13827 = ORIENTED_EDGE('',*,*,#2914,.F.);
#13828 = ORIENTED_EDGE('',*,*,#2890,.F.);
#13829 = ORIENTED_EDGE('',*,*,#2858,.F.);
#13830 = ORIENTED_EDGE('',*,*,#2826,.F.);
#13831 = ORIENTED_EDGE('',*,*,#9836,.T.);
#13832 = PLANE('',#13833);
#13833 = AXIS2_PLACEMENT_3D('',#13834,#13835,#13836);
#13834 = CARTESIAN_POINT('',(1.850000955326,7.974913260762,
    -2.151438089803));
#13835 = DIRECTION('',(4.371138828674E-08,1.,8.742277657348E-08));
#13836 = DIRECTION('',(1.,-4.371139210811E-08,4.371138446537E-08));
#13837 = ADVANCED_FACE('',(#13838),#13847,.F.);
#13838 = FACE_BOUND('',#13839,.T.);
#13839 = EDGE_LOOP('',(#13840,#13841,#13842,#13843,#13844,#13845,#13846)
  );
#13840 = ORIENTED_EDGE('',*,*,#2188,.F.);
#13841 = ORIENTED_EDGE('',*,*,#2228,.F.);
#13842 = ORIENTED_EDGE('',*,*,#2243,.F.);
#13843 = ORIENTED_EDGE('',*,*,#10673,.T.);
#13844 = ORIENTED_EDGE('',*,*,#10781,.F.);
#13845 = ORIENTED_EDGE('',*,*,#10687,.F.);
#13846 = ORIENTED_EDGE('',*,*,#12326,.F.);
#13847 = PLANE('',#13848);
#13848 = AXIS2_PLACEMENT_3D('',#13849,#13850,#13851);
#13849 = CARTESIAN_POINT('',(1.850000955326,7.974913260762,
    -2.151438089803));
#13850 = DIRECTION('',(4.371138828674E-08,1.,8.742277657348E-08));
#13851 = DIRECTION('',(1.,-4.371139210811E-08,4.371138446537E-08));
#13852 = ADVANCED_FACE('',(#13853),#13873,.F.);
#13853 = FACE_BOUND('',#13854,.T.);
#13854 = EDGE_LOOP('',(#13855,#13856,#13857,#13858,#13859,#13860,#13861,
    #13862,#13863,#13864,#13865,#13866,#13867));
#13855 = ORIENTED_EDGE('',*,*,#13699,.F.);
#13856 = ORIENTED_EDGE('',*,*,#13588,.F.);
#13857 = ORIENTED_EDGE('',*,*,#13565,.F.);
#13858 = ORIENTED_EDGE('',*,*,#13533,.F.);
#13859 = ORIENTED_EDGE('',*,*,#13501,.F.);
#13860 = ORIENTED_EDGE('',*,*,#13470,.F.);
#13861 = ORIENTED_EDGE('',*,*,#13437,.F.);
#13862 = ORIENTED_EDGE('',*,*,#1201,.F.);
#13863 = ORIENTED_EDGE('',*,*,#13406,.F.);
#13864 = ORIENTED_EDGE('',*,*,#13384,.F.);
#13865 = ORIENTED_EDGE('',*,*,#13325,.F.);
#13866 = ORIENTED_EDGE('',*,*,#13789,.F.);
#13867 = ORIENTED_EDGE('',*,*,#13868,.F.);
#13868 = EDGE_CURVE('',#13611,#13790,#13869,.T.);
#13869 = LINE('',#13870,#13871);
#13870 = CARTESIAN_POINT('',(-1.249999065218,7.974913355178,
    -1.681438225309));
#13871 = VECTOR('',#13872,1.);
#13872 = DIRECTION('',(4.371138828674E-08,8.742277466279E-08,-1.));
#13873 = PLANE('',#13874);
#13874 = AXIS2_PLACEMENT_3D('',#13875,#13876,#13877);
#13875 = CARTESIAN_POINT('',(1.850000955326,7.974913260762,
    -2.151438089803));
#13876 = DIRECTION('',(4.371138828674E-08,1.,8.742277657348E-08));
#13877 = DIRECTION('',(1.,-4.371139210811E-08,4.371138446537E-08));
#13878 = ADVANCED_FACE('',(#13879),#13950,.F.);
#13879 = FACE_BOUND('',#13880,.T.);
#13880 = EDGE_LOOP('',(#13881,#13882,#13883,#13884,#13885,#13886,#13887,
    #13888,#13889,#13897,#13903,#13904,#13905,#13906,#13907,#13908,
    #13909,#13915,#13916,#13917,#13918,#13919,#13920,#13921,#13922,
    #13923,#13924,#13925,#13926,#13927,#13928,#13929,#13930,#13931,
    #13932,#13933,#13934,#13935,#13936,#13937,#13938,#13939,#13940,
    #13941,#13942,#13943,#13944,#13945,#13946,#13947,#13948,#13949));
#13881 = ORIENTED_EDGE('',*,*,#13799,.T.);
#13882 = ORIENTED_EDGE('',*,*,#13775,.F.);
#13883 = ORIENTED_EDGE('',*,*,#13684,.T.);
#13884 = ORIENTED_EDGE('',*,*,#13311,.F.);
#13885 = ORIENTED_EDGE('',*,*,#13277,.F.);
#13886 = ORIENTED_EDGE('',*,*,#13170,.T.);
#13887 = ORIENTED_EDGE('',*,*,#13138,.F.);
#13888 = ORIENTED_EDGE('',*,*,#13089,.F.);
#13889 = ORIENTED_EDGE('',*,*,#13890,.F.);
#13890 = EDGE_CURVE('',#13891,#13082,#13893,.T.);
#13891 = VERTEX_POINT('',#13892);
#13892 = CARTESIAN_POINT('',(-1.249998970365,9.174913200651,
    -2.651438120401));
#13893 = LINE('',#13894,#13895);
#13894 = CARTESIAN_POINT('',(-1.249998970365,9.174913200651,
    -2.651438120401));
#13895 = VECTOR('',#13896,1.);
#13896 = DIRECTION('',(4.371138828674E-08,1.,8.742277657348E-08));
#13897 = ORIENTED_EDGE('',*,*,#13898,.T.);
#13898 = EDGE_CURVE('',#13891,#2293,#13899,.T.);
#13899 = LINE('',#13900,#13901);
#13900 = CARTESIAN_POINT('',(-1.249998970365,9.174913200651,
    -2.651438120401));
#13901 = VECTOR('',#13902,1.);
#13902 = DIRECTION('',(-4.371138736505E-08,-6.633697313692E-08,1.));
#13903 = ORIENTED_EDGE('',*,*,#2292,.T.);
#13904 = ORIENTED_EDGE('',*,*,#2322,.F.);
#13905 = ORIENTED_EDGE('',*,*,#11044,.F.);
#13906 = ORIENTED_EDGE('',*,*,#11080,.T.);
#13907 = ORIENTED_EDGE('',*,*,#11151,.T.);
#13908 = ORIENTED_EDGE('',*,*,#11105,.T.);
#13909 = ORIENTED_EDGE('',*,*,#13910,.F.);
#13910 = EDGE_CURVE('',#11288,#11098,#13911,.T.);
#13911 = LINE('',#13912,#13913);
#13912 = CARTESIAN_POINT('',(-1.249999227169,3.299913439978,
    -2.65143863401));
#13913 = VECTOR('',#13914,1.);
#13914 = DIRECTION('',(4.371138828674E-08,1.,8.742277657348E-08));
#13915 = ORIENTED_EDGE('',*,*,#11285,.F.);
#13916 = ORIENTED_EDGE('',*,*,#13114,.F.);
#13917 = ORIENTED_EDGE('',*,*,#11255,.F.);
#13918 = ORIENTED_EDGE('',*,*,#13263,.F.);
#13919 = ORIENTED_EDGE('',*,*,#13249,.T.);
#13920 = ORIENTED_EDGE('',*,*,#13675,.T.);
#13921 = ORIENTED_EDGE('',*,*,#9116,.T.);
#13922 = ORIENTED_EDGE('',*,*,#8611,.T.);
#13923 = ORIENTED_EDGE('',*,*,#9007,.F.);
#13924 = ORIENTED_EDGE('',*,*,#13666,.T.);
#13925 = ORIENTED_EDGE('',*,*,#8076,.T.);
#13926 = ORIENTED_EDGE('',*,*,#7624,.T.);
#13927 = ORIENTED_EDGE('',*,*,#8020,.F.);
#13928 = ORIENTED_EDGE('',*,*,#13657,.T.);
#13929 = ORIENTED_EDGE('',*,*,#7175,.T.);
#13930 = ORIENTED_EDGE('',*,*,#7064,.T.);
#13931 = ORIENTED_EDGE('',*,*,#7040,.F.);
#13932 = ORIENTED_EDGE('',*,*,#13648,.T.);
#13933 = ORIENTED_EDGE('',*,*,#6188,.T.);
#13934 = ORIENTED_EDGE('',*,*,#6077,.T.);
#13935 = ORIENTED_EDGE('',*,*,#6053,.F.);
#13936 = ORIENTED_EDGE('',*,*,#13639,.T.);
#13937 = ORIENTED_EDGE('',*,*,#5201,.T.);
#13938 = ORIENTED_EDGE('',*,*,#5090,.T.);
#13939 = ORIENTED_EDGE('',*,*,#5066,.F.);
#13940 = ORIENTED_EDGE('',*,*,#13630,.T.);
#13941 = ORIENTED_EDGE('',*,*,#4214,.T.);
#13942 = ORIENTED_EDGE('',*,*,#4103,.T.);
#13943 = ORIENTED_EDGE('',*,*,#4079,.F.);
#13944 = ORIENTED_EDGE('',*,*,#13621,.T.);
#13945 = ORIENTED_EDGE('',*,*,#10424,.T.);
#13946 = ORIENTED_EDGE('',*,*,#10323,.T.);
#13947 = ORIENTED_EDGE('',*,*,#10542,.F.);
#13948 = ORIENTED_EDGE('',*,*,#13610,.T.);
#13949 = ORIENTED_EDGE('',*,*,#13868,.T.);
#13950 = PLANE('',#13951);
#13951 = AXIS2_PLACEMENT_3D('',#13952,#13953,#13954);
#13952 = CARTESIAN_POINT('',(-1.249999117891,6.299913396267,
    -2.151438371742));
#13953 = DIRECTION('',(1.,-4.371139210811E-08,4.371138446537E-08));
#13954 = DIRECTION('',(-4.371138828674E-08,-1.,-8.742277657348E-08));
#13955 = ADVANCED_FACE('',(#13956),#13974,.T.);
#13956 = FACE_BOUND('',#13957,.T.);
#13957 = EDGE_LOOP('',(#13958,#13959,#13960,#13968));
#13958 = ORIENTED_EDGE('',*,*,#2300,.F.);
#13959 = ORIENTED_EDGE('',*,*,#13898,.F.);
#13960 = ORIENTED_EDGE('',*,*,#13961,.F.);
#13961 = EDGE_CURVE('',#13962,#13891,#13964,.T.);
#13962 = VERTEX_POINT('',#13963);
#13963 = CARTESIAN_POINT('',(-1.049998981293,9.074913418123,
    -2.501438120401));
#13964 = LINE('',#13965,#13966);
#13965 = CARTESIAN_POINT('',(-1.049998981293,9.074913418123,
    -2.501438120401));
#13966 = VECTOR('',#13967,1.);
#13967 = DIRECTION('',(-0.74278155732,0.371389991283,-0.557086198429));
#13968 = ORIENTED_EDGE('',*,*,#13969,.T.);
#13969 = EDGE_CURVE('',#13962,#2301,#13970,.T.);
#13970 = LINE('',#13971,#13972);
#13971 = CARTESIAN_POINT('',(-1.049998981293,9.074913418123,
    -2.501438120401));
#13972 = VECTOR('',#13973,1.);
#13973 = DIRECTION('',(-4.371138828674E-08,-8.742277466279E-08,1.));
#13974 = PLANE('',#13975);
#13975 = AXIS2_PLACEMENT_3D('',#13976,#13977,#13978);
#13976 = CARTESIAN_POINT('',(-1.149998989161,9.124913290736,
    -2.271438120401));
#13977 = DIRECTION('',(-0.447212835686,-0.894427570906,
    -9.774163389103E-08));
#13978 = DIRECTION('',(-4.371138828674E-08,-8.742277466279E-08,1.));
#13979 = ADVANCED_FACE('',(#13980),#13991,.F.);
#13980 = FACE_BOUND('',#13981,.T.);
#13981 = EDGE_LOOP('',(#13982,#13983,#13984,#13985));
#13982 = ORIENTED_EDGE('',*,*,#12385,.F.);
#13983 = ORIENTED_EDGE('',*,*,#2308,.F.);
#13984 = ORIENTED_EDGE('',*,*,#13969,.F.);
#13985 = ORIENTED_EDGE('',*,*,#13986,.F.);
#13986 = EDGE_CURVE('',#12386,#13962,#13987,.T.);
#13987 = LINE('',#13988,#13989);
#13988 = CARTESIAN_POINT('',(-0.349998981293,9.074913387525,
    -2.501438089803));
#13989 = VECTOR('',#13990,1.);
#13990 = DIRECTION('',(-1.,4.371139210811E-08,-4.371138446537E-08));
#13991 = PLANE('',#13992);
#13992 = AXIS2_PLACEMENT_3D('',#13993,#13994,#13995);
#13993 = CARTESIAN_POINT('',(-1.249999007956,9.074913373537,
    -1.891438129144));
#13994 = DIRECTION('',(4.371138828674E-08,1.,8.742277657348E-08));
#13995 = DIRECTION('',(1.,-4.371139210811E-08,4.371138446537E-08));
#13996 = ADVANCED_FACE('',(#13997),#14009,.T.);
#13997 = FACE_BOUND('',#13998,.T.);
#13998 = EDGE_LOOP('',(#13999,#14000,#14006,#14007,#14008));
#13999 = ORIENTED_EDGE('',*,*,#13961,.T.);
#14000 = ORIENTED_EDGE('',*,*,#14001,.F.);
#14001 = EDGE_CURVE('',#13025,#13891,#14002,.T.);
#14002 = LINE('',#14003,#14004);
#14003 = CARTESIAN_POINT('',(0.950001029635,9.174913088461,
    -2.651438024236));
#14004 = VECTOR('',#14005,1.);
#14005 = DIRECTION('',(-1.,5.099557808977E-08,-4.371138382856E-08));
#14006 = ORIENTED_EDGE('',*,*,#13024,.F.);
#14007 = ORIENTED_EDGE('',*,*,#12432,.F.);
#14008 = ORIENTED_EDGE('',*,*,#13986,.T.);
#14009 = PLANE('',#14010);
#14010 = AXIS2_PLACEMENT_3D('',#14011,#14012,#14013);
#14011 = CARTESIAN_POINT('',(-0.799998975829,9.124913286076,
    -2.576438105102));
#14012 = DIRECTION('',(-1.212342926992E-08,-0.832050899586,
    -0.554699288352));
#14013 = DIRECTION('',(-1.,4.371139210811E-08,-4.371138446537E-08));
#14014 = ADVANCED_FACE('',(#14015),#14021,.T.);
#14015 = FACE_BOUND('',#14016,.T.);
#14016 = EDGE_LOOP('',(#14017,#14018,#14019,#14020));
#14017 = ORIENTED_EDGE('',*,*,#11793,.F.);
#14018 = ORIENTED_EDGE('',*,*,#11295,.T.);
#14019 = ORIENTED_EDGE('',*,*,#13910,.T.);
#14020 = ORIENTED_EDGE('',*,*,#11847,.T.);
#14021 = PLANE('',#14022);
#14022 = AXIS2_PLACEMENT_3D('',#14023,#14024,#14025);
#14023 = CARTESIAN_POINT('',(1.850000772831,3.299913304473,
    -2.651438498505));
#14024 = DIRECTION('',(4.371138828674E-08,8.742277466279E-08,-1.));
#14025 = DIRECTION('',(-4.371138828674E-08,-1.,-8.742277657348E-08));
#14026 = ADVANCED_FACE('',(#14027),#14058,.T.);
#14027 = FACE_BOUND('',#14028,.T.);
#14028 = EDGE_LOOP('',(#14029,#14030,#14038,#14044,#14045,#14046,#14052,
    #14053,#14054,#14055,#14056,#14057));
#14029 = ORIENTED_EDGE('',*,*,#13162,.F.);
#14030 = ORIENTED_EDGE('',*,*,#14031,.F.);
#14031 = EDGE_CURVE('',#14032,#13155,#14034,.T.);
#14032 = VERTEX_POINT('',#14033);
#14033 = CARTESIAN_POINT('',(1.850001007343,8.664913081171,
    -2.651438029482));
#14034 = LINE('',#14035,#14036);
#14035 = CARTESIAN_POINT('',(1.850001007343,8.664913081171,
    -2.651438029482));
#14036 = VECTOR('',#14037,1.);
#14037 = DIRECTION('',(4.371138828674E-08,1.,8.742277657348E-08));
#14038 = ORIENTED_EDGE('',*,*,#14039,.T.);
#14039 = EDGE_CURVE('',#14032,#9635,#14040,.T.);
#14040 = LINE('',#14041,#14042);
#14041 = CARTESIAN_POINT('',(1.850001007343,8.664913081171,
    -2.651438029482));
#14042 = VECTOR('',#14043,1.);
#14043 = DIRECTION('',(-0.894427610003,-0.447212757493,
    -7.819325267986E-08));
#14044 = ORIENTED_EDGE('',*,*,#9634,.T.);
#14045 = ORIENTED_EDGE('',*,*,#9671,.T.);
#14046 = ORIENTED_EDGE('',*,*,#14047,.F.);
#14047 = EDGE_CURVE('',#11230,#9664,#14048,.T.);
#14048 = LINE('',#14049,#14050);
#14049 = CARTESIAN_POINT('',(1.850000796654,3.844913304473,
    -2.651438450859));
#14050 = VECTOR('',#14051,1.);
#14051 = DIRECTION('',(4.371138828674E-08,1.,8.742277657348E-08));
#14052 = ORIENTED_EDGE('',*,*,#11229,.T.);
#14053 = ORIENTED_EDGE('',*,*,#11779,.F.);
#14054 = ORIENTED_EDGE('',*,*,#11199,.T.);
#14055 = ORIENTED_EDGE('',*,*,#12415,.T.);
#14056 = ORIENTED_EDGE('',*,*,#1847,.F.);
#14057 = ORIENTED_EDGE('',*,*,#13064,.T.);
#14058 = PLANE('',#14059);
#14059 = AXIS2_PLACEMENT_3D('',#14060,#14061,#14062);
#14060 = CARTESIAN_POINT('',(1.850000772831,3.299913304473,
    -2.651438498505));
#14061 = DIRECTION('',(4.371138828674E-08,8.742277466279E-08,-1.));
#14062 = DIRECTION('',(-4.371138828674E-08,-1.,-8.742277657348E-08));
#14063 = ADVANCED_FACE('',(#14064),#14070,.T.);
#14064 = FACE_BOUND('',#14065,.T.);
#14065 = EDGE_LOOP('',(#14066,#14067,#14068,#14069));
#14066 = ORIENTED_EDGE('',*,*,#13890,.T.);
#14067 = ORIENTED_EDGE('',*,*,#13081,.F.);
#14068 = ORIENTED_EDGE('',*,*,#13032,.T.);
#14069 = ORIENTED_EDGE('',*,*,#14001,.T.);
#14070 = PLANE('',#14071);
#14071 = AXIS2_PLACEMENT_3D('',#14072,#14073,#14074);
#14072 = CARTESIAN_POINT('',(1.850000772831,3.299913304473,
    -2.651438498505));
#14073 = DIRECTION('',(4.371138828674E-08,8.742277466279E-08,-1.));
#14074 = DIRECTION('',(-4.371138828674E-08,-1.,-8.742277657348E-08));
#14075 = ADVANCED_FACE('',(#14076),#14088,.T.);
#14076 = FACE_BOUND('',#14077,.T.);
#14077 = EDGE_LOOP('',(#14078,#14079,#14080,#14081,#14082));
#14078 = ORIENTED_EDGE('',*,*,#9585,.F.);
#14079 = ORIENTED_EDGE('',*,*,#9753,.T.);
#14080 = ORIENTED_EDGE('',*,*,#9642,.F.);
#14081 = ORIENTED_EDGE('',*,*,#14039,.F.);
#14082 = ORIENTED_EDGE('',*,*,#14083,.T.);
#14083 = EDGE_CURVE('',#14032,#9586,#14084,.T.);
#14084 = LINE('',#14085,#14086);
#14085 = CARTESIAN_POINT('',(1.850001007343,8.664913081171,
    -2.651438029482));
#14086 = VECTOR('',#14087,1.);
#14087 = DIRECTION('',(-4.371138828674E-08,-8.742277466279E-08,1.));
#14088 = PLANE('',#14089);
#14089 = AXIS2_PLACEMENT_3D('',#14090,#14091,#14092);
#14090 = CARTESIAN_POINT('',(1.750000988765,8.61491316441,
    -2.276438038224));
#14091 = DIRECTION('',(0.447212757493,-0.894427610003,
    -5.864505291189E-08));
#14092 = DIRECTION('',(-4.371138828674E-08,-8.742277466279E-08,1.));
#14093 = ADVANCED_FACE('',(#14094),#14104,.T.);
#14094 = FACE_BOUND('',#14095,.T.);
#14095 = EDGE_LOOP('',(#14096,#14097,#14098,#14099,#14100,#14101,#14102,
    #14103));
#14096 = ORIENTED_EDGE('',*,*,#14031,.T.);
#14097 = ORIENTED_EDGE('',*,*,#13152,.F.);
#14098 = ORIENTED_EDGE('',*,*,#13270,.T.);
#14099 = ORIENTED_EDGE('',*,*,#11239,.T.);
#14100 = ORIENTED_EDGE('',*,*,#14047,.T.);
#14101 = ORIENTED_EDGE('',*,*,#9663,.F.);
#14102 = ORIENTED_EDGE('',*,*,#9593,.T.);
#14103 = ORIENTED_EDGE('',*,*,#14083,.F.);
#14104 = PLANE('',#14105);
#14105 = AXIS2_PLACEMENT_3D('',#14106,#14107,#14108);
#14106 = CARTESIAN_POINT('',(1.850000882109,6.299913260762,
    -2.151438236237));
#14107 = DIRECTION('',(1.,-4.371139210811E-08,4.371138446537E-08));
#14108 = DIRECTION('',(-4.371138828674E-08,-1.,-8.742277657348E-08));
#14109 = ( GEOMETRIC_REPRESENTATION_CONTEXT(3) 
GLOBAL_UNCERTAINTY_ASSIGNED_CONTEXT((#14113)) 
GLOBAL_UNIT_ASSIGNED_CONTEXT((#14110,#14111,#14112)) 
REPRESENTATION_CONTEXT('Context #1',
  '3D Context with UNIT and UNCERTAINTY') );
#14110 = ( LENGTH_UNIT() NAMED_UNIT(*) SI_UNIT(.MILLI.,.METRE.) );
#14111 = ( NAMED_UNIT(*) PLANE_ANGLE_UNIT() SI_UNIT($,.RADIAN.) );
#14112 = ( NAMED_UNIT(*) SI_UNIT($,.STERADIAN.) SOLID_ANGLE_UNIT() );
#14113 = UNCERTAINTY_MEASURE_WITH_UNIT(LENGTH_MEASURE(1.E-07),#14110,
  'distance_accuracy_value','confusion accuracy');
#14114 = PRODUCT_RELATED_PRODUCT_CATEGORY('part',$,(#1164));
#14115 = MECHANICAL_DESIGN_GEOMETRIC_PRESENTATION_REPRESENTATION('',(
    #14116),#1154);
#14116 = STYLED_ITEM('color',(#14117),#15);
#14117 = PRESENTATION_STYLE_ASSIGNMENT((#14118));
#14118 = SURFACE_STYLE_USAGE(.BOTH.,#14119);
#14119 = SURFACE_SIDE_STYLE('',(#14120));
#14120 = SURFACE_STYLE_FILL_AREA(#14121);
#14121 = FILL_AREA_STYLE('',(#14122));
#14122 = FILL_AREA_STYLE_COLOUR('',#14123);
#14123 = COLOUR_RGB('',0.,0.501960785193,0.);
#14124 = MECHANICAL_DESIGN_GEOMETRIC_PRESENTATION_REPRESENTATION('',(
    #14125,#14133,#14141,#14148,#14155,#14163,#14170,#14177,#14184,
    #14191,#14198,#14205,#14212,#14219,#14226,#14233,#14240,#14247,
    #14254,#14261,#14268,#14275,#14282,#14289,#14296,#14303,#14310,
    #14317,#14324,#14331,#14338,#14345,#14352,#14359,#14366,#14373,
    #14380,#14387,#14394,#14401,#14408,#14415,#14422,#14429,#14436,
    #14443,#14450,#14457,#14464,#14471,#14478,#14485,#14492,#14499,
    #14506,#14513,#14520,#14527,#14534,#14541,#14548,#14555,#14562,
    #14569,#14576,#14583,#14590,#14597,#14604,#14611,#14618,#14625,
    #14632,#14639,#14646,#14653,#14660,#14667,#14674,#14681,#14688,
    #14695,#14702,#14709,#14716,#14723,#14730,#14737,#14744,#14751,
    #14758,#14765,#14772,#14779,#14786,#14793,#14800,#14807,#14814,
    #14821,#14828,#14835,#14842,#14849,#14856,#14863,#14870,#14877,
    #14884,#14891,#14898,#14905,#14912,#14919,#14926,#14933,#14940,
    #14947,#14954,#14961,#14968,#14975,#14982,#14989,#14996,#15003,
    #15010,#15017,#15024,#15031,#15038,#15045,#15052,#15059,#15066,
    #15073,#15080,#15087,#15094,#15101,#15108,#15115,#15122,#15129,
    #15136,#15143,#15150,#15157,#15164,#15171,#15178,#15185,#15192,
    #15199,#15206,#15213,#15220,#15227,#15234,#15241,#15248,#15255,
    #15262,#15269,#15276,#15283,#15290,#15297,#15304,#15311,#15318,
    #15325,#15332,#15339,#15346,#15353,#15360),#14109);
#14125 = STYLED_ITEM('color',(#14126),#1168);
#14126 = PRESENTATION_STYLE_ASSIGNMENT((#14127));
#14127 = SURFACE_STYLE_USAGE(.BOTH.,#14128);
#14128 = SURFACE_SIDE_STYLE('',(#14129));
#14129 = SURFACE_STYLE_FILL_AREA(#14130);
#14130 = FILL_AREA_STYLE('',(#14131));
#14131 = FILL_AREA_STYLE_COLOUR('',#14132);
#14132 = COLOUR_RGB('',0.843137261657,0.815686284108,0.752941164258);
#14133 = OVER_RIDING_STYLED_ITEM('overriding color',(#14134),#1506,
  #14125);
#14134 = PRESENTATION_STYLE_ASSIGNMENT((#14135));
#14135 = SURFACE_STYLE_USAGE(.BOTH.,#14136);
#14136 = SURFACE_SIDE_STYLE('',(#14137));
#14137 = SURFACE_STYLE_FILL_AREA(#14138);
#14138 = FILL_AREA_STYLE('',(#14139));
#14139 = FILL_AREA_STYLE_COLOUR('',#14140);
#14140 = COLOUR_RGB('',0.866666664203,0.909803911811,1.);
#14141 = OVER_RIDING_STYLED_ITEM('overriding color',(#14142),#1546,
  #14125);
#14142 = PRESENTATION_STYLE_ASSIGNMENT((#14143));
#14143 = SURFACE_STYLE_USAGE(.BOTH.,#14144);
#14144 = SURFACE_SIDE_STYLE('',(#14145));
#14145 = SURFACE_STYLE_FILL_AREA(#14146);
#14146 = FILL_AREA_STYLE('',(#14147));
#14147 = FILL_AREA_STYLE_COLOUR('',#14140);
#14148 = OVER_RIDING_STYLED_ITEM('overriding color',(#14149),#1579,
  #14125);
#14149 = PRESENTATION_STYLE_ASSIGNMENT((#14150));
#14150 = SURFACE_STYLE_USAGE(.BOTH.,#14151);
#14151 = SURFACE_SIDE_STYLE('',(#14152));
#14152 = SURFACE_STYLE_FILL_AREA(#14153);
#14153 = FILL_AREA_STYLE('',(#14154));
#14154 = FILL_AREA_STYLE_COLOUR('',#14140);
#14155 = OVER_RIDING_STYLED_ITEM('overriding color',(#14156),#1873,
  #14125);
#14156 = PRESENTATION_STYLE_ASSIGNMENT((#14157));
#14157 = SURFACE_STYLE_USAGE(.BOTH.,#14158);
#14158 = SURFACE_SIDE_STYLE('',(#14159));
#14159 = SURFACE_STYLE_FILL_AREA(#14160);
#14160 = FILL_AREA_STYLE('',(#14161));
#14161 = FILL_AREA_STYLE_COLOUR('',#14162);
#14162 = COLOUR_RGB('',0.101960784187,0.101960784187,0.101960784187);
#14163 = OVER_RIDING_STYLED_ITEM('overriding color',(#14164),#1905,
  #14125);
#14164 = PRESENTATION_STYLE_ASSIGNMENT((#14165));
#14165 = SURFACE_STYLE_USAGE(.BOTH.,#14166);
#14166 = SURFACE_SIDE_STYLE('',(#14167));
#14167 = SURFACE_STYLE_FILL_AREA(#14168);
#14168 = FILL_AREA_STYLE('',(#14169));
#14169 = FILL_AREA_STYLE_COLOUR('',#14162);
#14170 = OVER_RIDING_STYLED_ITEM('overriding color',(#14171),#1936,
  #14125);
#14171 = PRESENTATION_STYLE_ASSIGNMENT((#14172));
#14172 = SURFACE_STYLE_USAGE(.BOTH.,#14173);
#14173 = SURFACE_SIDE_STYLE('',(#14174));
#14174 = SURFACE_STYLE_FILL_AREA(#14175);
#14175 = FILL_AREA_STYLE('',(#14176));
#14176 = FILL_AREA_STYLE_COLOUR('',#14162);
#14177 = OVER_RIDING_STYLED_ITEM('overriding color',(#14178),#1960,
  #14125);
#14178 = PRESENTATION_STYLE_ASSIGNMENT((#14179));
#14179 = SURFACE_STYLE_USAGE(.BOTH.,#14180);
#14180 = SURFACE_SIDE_STYLE('',(#14181));
#14181 = SURFACE_STYLE_FILL_AREA(#14182);
#14182 = FILL_AREA_STYLE('',(#14183));
#14183 = FILL_AREA_STYLE_COLOUR('',#14162);
#14184 = OVER_RIDING_STYLED_ITEM('overriding color',(#14185),#1977,
  #14125);
#14185 = PRESENTATION_STYLE_ASSIGNMENT((#14186));
#14186 = SURFACE_STYLE_USAGE(.BOTH.,#14187);
#14187 = SURFACE_SIDE_STYLE('',(#14188));
#14188 = SURFACE_STYLE_FILL_AREA(#14189);
#14189 = FILL_AREA_STYLE('',(#14190));
#14190 = FILL_AREA_STYLE_COLOUR('',#14162);
#14191 = OVER_RIDING_STYLED_ITEM('overriding color',(#14192),#2569,
  #14125);
#14192 = PRESENTATION_STYLE_ASSIGNMENT((#14193));
#14193 = SURFACE_STYLE_USAGE(.BOTH.,#14194);
#14194 = SURFACE_SIDE_STYLE('',(#14195));
#14195 = SURFACE_STYLE_FILL_AREA(#14196);
#14196 = FILL_AREA_STYLE('',(#14197));
#14197 = FILL_AREA_STYLE_COLOUR('',#14162);
#14198 = OVER_RIDING_STYLED_ITEM('overriding color',(#14199),#2617,
  #14125);
#14199 = PRESENTATION_STYLE_ASSIGNMENT((#14200));
#14200 = SURFACE_STYLE_USAGE(.BOTH.,#14201);
#14201 = SURFACE_SIDE_STYLE('',(#14202));
#14202 = SURFACE_STYLE_FILL_AREA(#14203);
#14203 = FILL_AREA_STYLE('',(#14204));
#14204 = FILL_AREA_STYLE_COLOUR('',#14162);
#14205 = OVER_RIDING_STYLED_ITEM('overriding color',(#14206),#2648,
  #14125);
#14206 = PRESENTATION_STYLE_ASSIGNMENT((#14207));
#14207 = SURFACE_STYLE_USAGE(.BOTH.,#14208);
#14208 = SURFACE_SIDE_STYLE('',(#14209));
#14209 = SURFACE_STYLE_FILL_AREA(#14210);
#14210 = FILL_AREA_STYLE('',(#14211));
#14211 = FILL_AREA_STYLE_COLOUR('',#14162);
#14212 = OVER_RIDING_STYLED_ITEM('overriding color',(#14213),#2688,
  #14125);
#14213 = PRESENTATION_STYLE_ASSIGNMENT((#14214));
#14214 = SURFACE_STYLE_USAGE(.BOTH.,#14215);
#14215 = SURFACE_SIDE_STYLE('',(#14216));
#14216 = SURFACE_STYLE_FILL_AREA(#14217);
#14217 = FILL_AREA_STYLE('',(#14218));
#14218 = FILL_AREA_STYLE_COLOUR('',#14162);
#14219 = OVER_RIDING_STYLED_ITEM('overriding color',(#14220),#2728,
  #14125);
#14220 = PRESENTATION_STYLE_ASSIGNMENT((#14221));
#14221 = SURFACE_STYLE_USAGE(.BOTH.,#14222);
#14222 = SURFACE_SIDE_STYLE('',(#14223));
#14223 = SURFACE_STYLE_FILL_AREA(#14224);
#14224 = FILL_AREA_STYLE('',(#14225));
#14225 = FILL_AREA_STYLE_COLOUR('',#14162);
#14226 = OVER_RIDING_STYLED_ITEM('overriding color',(#14227),#2837,
  #14125);
#14227 = PRESENTATION_STYLE_ASSIGNMENT((#14228));
#14228 = SURFACE_STYLE_USAGE(.BOTH.,#14229);
#14229 = SURFACE_SIDE_STYLE('',(#14230));
#14230 = SURFACE_STYLE_FILL_AREA(#14231);
#14231 = FILL_AREA_STYLE('',(#14232));
#14232 = FILL_AREA_STYLE_COLOUR('',#14140);
#14233 = OVER_RIDING_STYLED_ITEM('overriding color',(#14234),#2868,
  #14125);
#14234 = PRESENTATION_STYLE_ASSIGNMENT((#14235));
#14235 = SURFACE_STYLE_USAGE(.BOTH.,#14236);
#14236 = SURFACE_SIDE_STYLE('',(#14237));
#14237 = SURFACE_STYLE_FILL_AREA(#14238);
#14238 = FILL_AREA_STYLE('',(#14239));
#14239 = FILL_AREA_STYLE_COLOUR('',#14140);
#14240 = OVER_RIDING_STYLED_ITEM('overriding color',(#14241),#2901,
  #14125);
#14241 = PRESENTATION_STYLE_ASSIGNMENT((#14242));
#14242 = SURFACE_STYLE_USAGE(.BOTH.,#14243);
#14243 = SURFACE_SIDE_STYLE('',(#14244));
#14244 = SURFACE_STYLE_FILL_AREA(#14245);
#14245 = FILL_AREA_STYLE('',(#14246));
#14246 = FILL_AREA_STYLE_COLOUR('',#14140);
#14247 = OVER_RIDING_STYLED_ITEM('overriding color',(#14248),#2974,
  #14125);
#14248 = PRESENTATION_STYLE_ASSIGNMENT((#14249));
#14249 = SURFACE_STYLE_USAGE(.BOTH.,#14250);
#14250 = SURFACE_SIDE_STYLE('',(#14251));
#14251 = SURFACE_STYLE_FILL_AREA(#14252);
#14252 = FILL_AREA_STYLE('',(#14253));
#14253 = FILL_AREA_STYLE_COLOUR('',#14140);
#14254 = OVER_RIDING_STYLED_ITEM('overriding color',(#14255),#3005,
  #14125);
#14255 = PRESENTATION_STYLE_ASSIGNMENT((#14256));
#14256 = SURFACE_STYLE_USAGE(.BOTH.,#14257);
#14257 = SURFACE_SIDE_STYLE('',(#14258));
#14258 = SURFACE_STYLE_FILL_AREA(#14259);
#14259 = FILL_AREA_STYLE('',(#14260));
#14260 = FILL_AREA_STYLE_COLOUR('',#14140);
#14261 = OVER_RIDING_STYLED_ITEM('overriding color',(#14262),#3038,
  #14125);
#14262 = PRESENTATION_STYLE_ASSIGNMENT((#14263));
#14263 = SURFACE_STYLE_USAGE(.BOTH.,#14264);
#14264 = SURFACE_SIDE_STYLE('',(#14265));
#14265 = SURFACE_STYLE_FILL_AREA(#14266);
#14266 = FILL_AREA_STYLE('',(#14267));
#14267 = FILL_AREA_STYLE_COLOUR('',#14140);
#14268 = OVER_RIDING_STYLED_ITEM('overriding color',(#14269),#3069,
  #14125);
#14269 = PRESENTATION_STYLE_ASSIGNMENT((#14270));
#14270 = SURFACE_STYLE_USAGE(.BOTH.,#14271);
#14271 = SURFACE_SIDE_STYLE('',(#14272));
#14272 = SURFACE_STYLE_FILL_AREA(#14273);
#14273 = FILL_AREA_STYLE('',(#14274));
#14274 = FILL_AREA_STYLE_COLOUR('',#14140);
#14275 = OVER_RIDING_STYLED_ITEM('overriding color',(#14276),#3109,
  #14125);
#14276 = PRESENTATION_STYLE_ASSIGNMENT((#14277));
#14277 = SURFACE_STYLE_USAGE(.BOTH.,#14278);
#14278 = SURFACE_SIDE_STYLE('',(#14279));
#14279 = SURFACE_STYLE_FILL_AREA(#14280);
#14280 = FILL_AREA_STYLE('',(#14281));
#14281 = FILL_AREA_STYLE_COLOUR('',#14140);
#14282 = OVER_RIDING_STYLED_ITEM('overriding color',(#14283),#3142,
  #14125);
#14283 = PRESENTATION_STYLE_ASSIGNMENT((#14284));
#14284 = SURFACE_STYLE_USAGE(.BOTH.,#14285);
#14285 = SURFACE_SIDE_STYLE('',(#14286));
#14286 = SURFACE_STYLE_FILL_AREA(#14287);
#14287 = FILL_AREA_STYLE('',(#14288));
#14288 = FILL_AREA_STYLE_COLOUR('',#14140);
#14289 = OVER_RIDING_STYLED_ITEM('overriding color',(#14290),#3173,
  #14125);
#14290 = PRESENTATION_STYLE_ASSIGNMENT((#14291));
#14291 = SURFACE_STYLE_USAGE(.BOTH.,#14292);
#14292 = SURFACE_SIDE_STYLE('',(#14293));
#14293 = SURFACE_STYLE_FILL_AREA(#14294);
#14294 = FILL_AREA_STYLE('',(#14295));
#14295 = FILL_AREA_STYLE_COLOUR('',#14140);
#14296 = OVER_RIDING_STYLED_ITEM('overriding color',(#14297),#3206,
  #14125);
#14297 = PRESENTATION_STYLE_ASSIGNMENT((#14298));
#14298 = SURFACE_STYLE_USAGE(.BOTH.,#14299);
#14299 = SURFACE_SIDE_STYLE('',(#14300));
#14300 = SURFACE_STYLE_FILL_AREA(#14301);
#14301 = FILL_AREA_STYLE('',(#14302));
#14302 = FILL_AREA_STYLE_COLOUR('',#14140);
#14303 = OVER_RIDING_STYLED_ITEM('overriding color',(#14304),#3237,
  #14125);
#14304 = PRESENTATION_STYLE_ASSIGNMENT((#14305));
#14305 = SURFACE_STYLE_USAGE(.BOTH.,#14306);
#14306 = SURFACE_SIDE_STYLE('',(#14307));
#14307 = SURFACE_STYLE_FILL_AREA(#14308);
#14308 = FILL_AREA_STYLE('',(#14309));
#14309 = FILL_AREA_STYLE_COLOUR('',#14140);
#14310 = OVER_RIDING_STYLED_ITEM('overriding color',(#14311),#3277,
  #14125);
#14311 = PRESENTATION_STYLE_ASSIGNMENT((#14312));
#14312 = SURFACE_STYLE_USAGE(.BOTH.,#14313);
#14313 = SURFACE_SIDE_STYLE('',(#14314));
#14314 = SURFACE_STYLE_FILL_AREA(#14315);
#14315 = FILL_AREA_STYLE('',(#14316));
#14316 = FILL_AREA_STYLE_COLOUR('',#14140);
#14317 = OVER_RIDING_STYLED_ITEM('overriding color',(#14318),#3310,
  #14125);
#14318 = PRESENTATION_STYLE_ASSIGNMENT((#14319));
#14319 = SURFACE_STYLE_USAGE(.BOTH.,#14320);
#14320 = SURFACE_SIDE_STYLE('',(#14321));
#14321 = SURFACE_STYLE_FILL_AREA(#14322);
#14322 = FILL_AREA_STYLE('',(#14323));
#14323 = FILL_AREA_STYLE_COLOUR('',#14140);
#14324 = OVER_RIDING_STYLED_ITEM('overriding color',(#14325),#3341,
  #14125);
#14325 = PRESENTATION_STYLE_ASSIGNMENT((#14326));
#14326 = SURFACE_STYLE_USAGE(.BOTH.,#14327);
#14327 = SURFACE_SIDE_STYLE('',(#14328));
#14328 = SURFACE_STYLE_FILL_AREA(#14329);
#14329 = FILL_AREA_STYLE('',(#14330));
#14330 = FILL_AREA_STYLE_COLOUR('',#14140);
#14331 = OVER_RIDING_STYLED_ITEM('overriding color',(#14332),#3374,
  #14125);
#14332 = PRESENTATION_STYLE_ASSIGNMENT((#14333));
#14333 = SURFACE_STYLE_USAGE(.BOTH.,#14334);
#14334 = SURFACE_SIDE_STYLE('',(#14335));
#14335 = SURFACE_STYLE_FILL_AREA(#14336);
#14336 = FILL_AREA_STYLE('',(#14337));
#14337 = FILL_AREA_STYLE_COLOUR('',#14140);
#14338 = OVER_RIDING_STYLED_ITEM('overriding color',(#14339),#3447,
  #14125);
#14339 = PRESENTATION_STYLE_ASSIGNMENT((#14340));
#14340 = SURFACE_STYLE_USAGE(.BOTH.,#14341);
#14341 = SURFACE_SIDE_STYLE('',(#14342));
#14342 = SURFACE_STYLE_FILL_AREA(#14343);
#14343 = FILL_AREA_STYLE('',(#14344));
#14344 = FILL_AREA_STYLE_COLOUR('',#14140);
#14345 = OVER_RIDING_STYLED_ITEM('overriding color',(#14346),#3478,
  #14125);
#14346 = PRESENTATION_STYLE_ASSIGNMENT((#14347));
#14347 = SURFACE_STYLE_USAGE(.BOTH.,#14348);
#14348 = SURFACE_SIDE_STYLE('',(#14349));
#14349 = SURFACE_STYLE_FILL_AREA(#14350);
#14350 = FILL_AREA_STYLE('',(#14351));
#14351 = FILL_AREA_STYLE_COLOUR('',#14140);
#14352 = OVER_RIDING_STYLED_ITEM('overriding color',(#14353),#3511,
  #14125);
#14353 = PRESENTATION_STYLE_ASSIGNMENT((#14354));
#14354 = SURFACE_STYLE_USAGE(.BOTH.,#14355);
#14355 = SURFACE_SIDE_STYLE('',(#14356));
#14356 = SURFACE_STYLE_FILL_AREA(#14357);
#14357 = FILL_AREA_STYLE('',(#14358));
#14358 = FILL_AREA_STYLE_COLOUR('',#14140);
#14359 = OVER_RIDING_STYLED_ITEM('overriding color',(#14360),#3542,
  #14125);
#14360 = PRESENTATION_STYLE_ASSIGNMENT((#14361));
#14361 = SURFACE_STYLE_USAGE(.BOTH.,#14362);
#14362 = SURFACE_SIDE_STYLE('',(#14363));
#14363 = SURFACE_STYLE_FILL_AREA(#14364);
#14364 = FILL_AREA_STYLE('',(#14365));
#14365 = FILL_AREA_STYLE_COLOUR('',#14140);
#14366 = OVER_RIDING_STYLED_ITEM('overriding color',(#14367),#3971,
  #14125);
#14367 = PRESENTATION_STYLE_ASSIGNMENT((#14368));
#14368 = SURFACE_STYLE_USAGE(.BOTH.,#14369);
#14369 = SURFACE_SIDE_STYLE('',(#14370));
#14370 = SURFACE_STYLE_FILL_AREA(#14371);
#14371 = FILL_AREA_STYLE('',(#14372));
#14372 = FILL_AREA_STYLE_COLOUR('',#14140);
#14373 = OVER_RIDING_STYLED_ITEM('overriding color',(#14374),#3998,
  #14125);
#14374 = PRESENTATION_STYLE_ASSIGNMENT((#14375));
#14375 = SURFACE_STYLE_USAGE(.BOTH.,#14376);
#14376 = SURFACE_SIDE_STYLE('',(#14377));
#14377 = SURFACE_STYLE_FILL_AREA(#14378);
#14378 = FILL_AREA_STYLE('',(#14379));
#14379 = FILL_AREA_STYLE_COLOUR('',#14140);
#14380 = OVER_RIDING_STYLED_ITEM('overriding color',(#14381),#4016,
  #14125);
#14381 = PRESENTATION_STYLE_ASSIGNMENT((#14382));
#14382 = SURFACE_STYLE_USAGE(.BOTH.,#14383);
#14383 = SURFACE_SIDE_STYLE('',(#14384));
#14384 = SURFACE_STYLE_FILL_AREA(#14385);
#14385 = FILL_AREA_STYLE('',(#14386));
#14386 = FILL_AREA_STYLE_COLOUR('',#14140);
#14387 = OVER_RIDING_STYLED_ITEM('overriding color',(#14388),#4113,
  #14125);
#14388 = PRESENTATION_STYLE_ASSIGNMENT((#14389));
#14389 = SURFACE_STYLE_USAGE(.BOTH.,#14390);
#14390 = SURFACE_SIDE_STYLE('',(#14391));
#14391 = SURFACE_STYLE_FILL_AREA(#14392);
#14392 = FILL_AREA_STYLE('',(#14393));
#14393 = FILL_AREA_STYLE_COLOUR('',#14140);
#14394 = OVER_RIDING_STYLED_ITEM('overriding color',(#14395),#4140,
  #14125);
#14395 = PRESENTATION_STYLE_ASSIGNMENT((#14396));
#14396 = SURFACE_STYLE_USAGE(.BOTH.,#14397);
#14397 = SURFACE_SIDE_STYLE('',(#14398));
#14398 = SURFACE_STYLE_FILL_AREA(#14399);
#14399 = FILL_AREA_STYLE('',(#14400));
#14400 = FILL_AREA_STYLE_COLOUR('',#14140);
#14401 = OVER_RIDING_STYLED_ITEM('overriding color',(#14402),#4158,
  #14125);
#14402 = PRESENTATION_STYLE_ASSIGNMENT((#14403));
#14403 = SURFACE_STYLE_USAGE(.BOTH.,#14404);
#14404 = SURFACE_SIDE_STYLE('',(#14405));
#14405 = SURFACE_STYLE_FILL_AREA(#14406);
#14406 = FILL_AREA_STYLE('',(#14407));
#14407 = FILL_AREA_STYLE_COLOUR('',#14140);
#14408 = OVER_RIDING_STYLED_ITEM('overriding color',(#14409),#4224,
  #14125);
#14409 = PRESENTATION_STYLE_ASSIGNMENT((#14410));
#14410 = SURFACE_STYLE_USAGE(.BOTH.,#14411);
#14411 = SURFACE_SIDE_STYLE('',(#14412));
#14412 = SURFACE_STYLE_FILL_AREA(#14413);
#14413 = FILL_AREA_STYLE('',(#14414));
#14414 = FILL_AREA_STYLE_COLOUR('',#14140);
#14415 = OVER_RIDING_STYLED_ITEM('overriding color',(#14416),#4264,
  #14125);
#14416 = PRESENTATION_STYLE_ASSIGNMENT((#14417));
#14417 = SURFACE_STYLE_USAGE(.BOTH.,#14418);
#14418 = SURFACE_SIDE_STYLE('',(#14419));
#14419 = SURFACE_STYLE_FILL_AREA(#14420);
#14420 = FILL_AREA_STYLE('',(#14421));
#14421 = FILL_AREA_STYLE_COLOUR('',#14140);
#14422 = OVER_RIDING_STYLED_ITEM('overriding color',(#14423),#4297,
  #14125);
#14423 = PRESENTATION_STYLE_ASSIGNMENT((#14424));
#14424 = SURFACE_STYLE_USAGE(.BOTH.,#14425);
#14425 = SURFACE_SIDE_STYLE('',(#14426));
#14426 = SURFACE_STYLE_FILL_AREA(#14427);
#14427 = FILL_AREA_STYLE('',(#14428));
#14428 = FILL_AREA_STYLE_COLOUR('',#14140);
#14429 = OVER_RIDING_STYLED_ITEM('overriding color',(#14430),#4328,
  #14125);
#14430 = PRESENTATION_STYLE_ASSIGNMENT((#14431));
#14431 = SURFACE_STYLE_USAGE(.BOTH.,#14432);
#14432 = SURFACE_SIDE_STYLE('',(#14433));
#14433 = SURFACE_STYLE_FILL_AREA(#14434);
#14434 = FILL_AREA_STYLE('',(#14435));
#14435 = FILL_AREA_STYLE_COLOUR('',#14140);
#14436 = OVER_RIDING_STYLED_ITEM('overriding color',(#14437),#4361,
  #14125);
#14437 = PRESENTATION_STYLE_ASSIGNMENT((#14438));
#14438 = SURFACE_STYLE_USAGE(.BOTH.,#14439);
#14439 = SURFACE_SIDE_STYLE('',(#14440));
#14440 = SURFACE_STYLE_FILL_AREA(#14441);
#14441 = FILL_AREA_STYLE('',(#14442));
#14442 = FILL_AREA_STYLE_COLOUR('',#14140);
#14443 = OVER_RIDING_STYLED_ITEM('overriding color',(#14444),#4434,
  #14125);
#14444 = PRESENTATION_STYLE_ASSIGNMENT((#14445));
#14445 = SURFACE_STYLE_USAGE(.BOTH.,#14446);
#14446 = SURFACE_SIDE_STYLE('',(#14447));
#14447 = SURFACE_STYLE_FILL_AREA(#14448);
#14448 = FILL_AREA_STYLE('',(#14449));
#14449 = FILL_AREA_STYLE_COLOUR('',#14140);
#14450 = OVER_RIDING_STYLED_ITEM('overriding color',(#14451),#4465,
  #14125);
#14451 = PRESENTATION_STYLE_ASSIGNMENT((#14452));
#14452 = SURFACE_STYLE_USAGE(.BOTH.,#14453);
#14453 = SURFACE_SIDE_STYLE('',(#14454));
#14454 = SURFACE_STYLE_FILL_AREA(#14455);
#14455 = FILL_AREA_STYLE('',(#14456));
#14456 = FILL_AREA_STYLE_COLOUR('',#14140);
#14457 = OVER_RIDING_STYLED_ITEM('overriding color',(#14458),#4498,
  #14125);
#14458 = PRESENTATION_STYLE_ASSIGNMENT((#14459));
#14459 = SURFACE_STYLE_USAGE(.BOTH.,#14460);
#14460 = SURFACE_SIDE_STYLE('',(#14461));
#14461 = SURFACE_STYLE_FILL_AREA(#14462);
#14462 = FILL_AREA_STYLE('',(#14463));
#14463 = FILL_AREA_STYLE_COLOUR('',#14140);
#14464 = OVER_RIDING_STYLED_ITEM('overriding color',(#14465),#4529,
  #14125);
#14465 = PRESENTATION_STYLE_ASSIGNMENT((#14466));
#14466 = SURFACE_STYLE_USAGE(.BOTH.,#14467);
#14467 = SURFACE_SIDE_STYLE('',(#14468));
#14468 = SURFACE_STYLE_FILL_AREA(#14469);
#14469 = FILL_AREA_STYLE('',(#14470));
#14470 = FILL_AREA_STYLE_COLOUR('',#14140);
#14471 = OVER_RIDING_STYLED_ITEM('overriding color',(#14472),#4958,
  #14125);
#14472 = PRESENTATION_STYLE_ASSIGNMENT((#14473));
#14473 = SURFACE_STYLE_USAGE(.BOTH.,#14474);
#14474 = SURFACE_SIDE_STYLE('',(#14475));
#14475 = SURFACE_STYLE_FILL_AREA(#14476);
#14476 = FILL_AREA_STYLE('',(#14477));
#14477 = FILL_AREA_STYLE_COLOUR('',#14140);
#14478 = OVER_RIDING_STYLED_ITEM('overriding color',(#14479),#4985,
  #14125);
#14479 = PRESENTATION_STYLE_ASSIGNMENT((#14480));
#14480 = SURFACE_STYLE_USAGE(.BOTH.,#14481);
#14481 = SURFACE_SIDE_STYLE('',(#14482));
#14482 = SURFACE_STYLE_FILL_AREA(#14483);
#14483 = FILL_AREA_STYLE('',(#14484));
#14484 = FILL_AREA_STYLE_COLOUR('',#14140);
#14485 = OVER_RIDING_STYLED_ITEM('overriding color',(#14486),#5003,
  #14125);
#14486 = PRESENTATION_STYLE_ASSIGNMENT((#14487));
#14487 = SURFACE_STYLE_USAGE(.BOTH.,#14488);
#14488 = SURFACE_SIDE_STYLE('',(#14489));
#14489 = SURFACE_STYLE_FILL_AREA(#14490);
#14490 = FILL_AREA_STYLE('',(#14491));
#14491 = FILL_AREA_STYLE_COLOUR('',#14140);
#14492 = OVER_RIDING_STYLED_ITEM('overriding color',(#14493),#5100,
  #14125);
#14493 = PRESENTATION_STYLE_ASSIGNMENT((#14494));
#14494 = SURFACE_STYLE_USAGE(.BOTH.,#14495);
#14495 = SURFACE_SIDE_STYLE('',(#14496));
#14496 = SURFACE_STYLE_FILL_AREA(#14497);
#14497 = FILL_AREA_STYLE('',(#14498));
#14498 = FILL_AREA_STYLE_COLOUR('',#14140);
#14499 = OVER_RIDING_STYLED_ITEM('overriding color',(#14500),#5127,
  #14125);
#14500 = PRESENTATION_STYLE_ASSIGNMENT((#14501));
#14501 = SURFACE_STYLE_USAGE(.BOTH.,#14502);
#14502 = SURFACE_SIDE_STYLE('',(#14503));
#14503 = SURFACE_STYLE_FILL_AREA(#14504);
#14504 = FILL_AREA_STYLE('',(#14505));
#14505 = FILL_AREA_STYLE_COLOUR('',#14140);
#14506 = OVER_RIDING_STYLED_ITEM('overriding color',(#14507),#5145,
  #14125);
#14507 = PRESENTATION_STYLE_ASSIGNMENT((#14508));
#14508 = SURFACE_STYLE_USAGE(.BOTH.,#14509);
#14509 = SURFACE_SIDE_STYLE('',(#14510));
#14510 = SURFACE_STYLE_FILL_AREA(#14511);
#14511 = FILL_AREA_STYLE('',(#14512));
#14512 = FILL_AREA_STYLE_COLOUR('',#14140);
#14513 = OVER_RIDING_STYLED_ITEM('overriding color',(#14514),#5211,
  #14125);
#14514 = PRESENTATION_STYLE_ASSIGNMENT((#14515));
#14515 = SURFACE_STYLE_USAGE(.BOTH.,#14516);
#14516 = SURFACE_SIDE_STYLE('',(#14517));
#14517 = SURFACE_STYLE_FILL_AREA(#14518);
#14518 = FILL_AREA_STYLE('',(#14519));
#14519 = FILL_AREA_STYLE_COLOUR('',#14140);
#14520 = OVER_RIDING_STYLED_ITEM('overriding color',(#14521),#5251,
  #14125);
#14521 = PRESENTATION_STYLE_ASSIGNMENT((#14522));
#14522 = SURFACE_STYLE_USAGE(.BOTH.,#14523);
#14523 = SURFACE_SIDE_STYLE('',(#14524));
#14524 = SURFACE_STYLE_FILL_AREA(#14525);
#14525 = FILL_AREA_STYLE('',(#14526));
#14526 = FILL_AREA_STYLE_COLOUR('',#14140);
#14527 = OVER_RIDING_STYLED_ITEM('overriding color',(#14528),#5284,
  #14125);
#14528 = PRESENTATION_STYLE_ASSIGNMENT((#14529));
#14529 = SURFACE_STYLE_USAGE(.BOTH.,#14530);
#14530 = SURFACE_SIDE_STYLE('',(#14531));
#14531 = SURFACE_STYLE_FILL_AREA(#14532);
#14532 = FILL_AREA_STYLE('',(#14533));
#14533 = FILL_AREA_STYLE_COLOUR('',#14140);
#14534 = OVER_RIDING_STYLED_ITEM('overriding color',(#14535),#5315,
  #14125);
#14535 = PRESENTATION_STYLE_ASSIGNMENT((#14536));
#14536 = SURFACE_STYLE_USAGE(.BOTH.,#14537);
#14537 = SURFACE_SIDE_STYLE('',(#14538));
#14538 = SURFACE_STYLE_FILL_AREA(#14539);
#14539 = FILL_AREA_STYLE('',(#14540));
#14540 = FILL_AREA_STYLE_COLOUR('',#14140);
#14541 = OVER_RIDING_STYLED_ITEM('overriding color',(#14542),#5348,
  #14125);
#14542 = PRESENTATION_STYLE_ASSIGNMENT((#14543));
#14543 = SURFACE_STYLE_USAGE(.BOTH.,#14544);
#14544 = SURFACE_SIDE_STYLE('',(#14545));
#14545 = SURFACE_STYLE_FILL_AREA(#14546);
#14546 = FILL_AREA_STYLE('',(#14547));
#14547 = FILL_AREA_STYLE_COLOUR('',#14140);
#14548 = OVER_RIDING_STYLED_ITEM('overriding color',(#14549),#5421,
  #14125);
#14549 = PRESENTATION_STYLE_ASSIGNMENT((#14550));
#14550 = SURFACE_STYLE_USAGE(.BOTH.,#14551);
#14551 = SURFACE_SIDE_STYLE('',(#14552));
#14552 = SURFACE_STYLE_FILL_AREA(#14553);
#14553 = FILL_AREA_STYLE('',(#14554));
#14554 = FILL_AREA_STYLE_COLOUR('',#14140);
#14555 = OVER_RIDING_STYLED_ITEM('overriding color',(#14556),#5452,
  #14125);
#14556 = PRESENTATION_STYLE_ASSIGNMENT((#14557));
#14557 = SURFACE_STYLE_USAGE(.BOTH.,#14558);
#14558 = SURFACE_SIDE_STYLE('',(#14559));
#14559 = SURFACE_STYLE_FILL_AREA(#14560);
#14560 = FILL_AREA_STYLE('',(#14561));
#14561 = FILL_AREA_STYLE_COLOUR('',#14140);
#14562 = OVER_RIDING_STYLED_ITEM('overriding color',(#14563),#5485,
  #14125);
#14563 = PRESENTATION_STYLE_ASSIGNMENT((#14564));
#14564 = SURFACE_STYLE_USAGE(.BOTH.,#14565);
#14565 = SURFACE_SIDE_STYLE('',(#14566));
#14566 = SURFACE_STYLE_FILL_AREA(#14567);
#14567 = FILL_AREA_STYLE('',(#14568));
#14568 = FILL_AREA_STYLE_COLOUR('',#14140);
#14569 = OVER_RIDING_STYLED_ITEM('overriding color',(#14570),#5516,
  #14125);
#14570 = PRESENTATION_STYLE_ASSIGNMENT((#14571));
#14571 = SURFACE_STYLE_USAGE(.BOTH.,#14572);
#14572 = SURFACE_SIDE_STYLE('',(#14573));
#14573 = SURFACE_STYLE_FILL_AREA(#14574);
#14574 = FILL_AREA_STYLE('',(#14575));
#14575 = FILL_AREA_STYLE_COLOUR('',#14140);
#14576 = OVER_RIDING_STYLED_ITEM('overriding color',(#14577),#5945,
  #14125);
#14577 = PRESENTATION_STYLE_ASSIGNMENT((#14578));
#14578 = SURFACE_STYLE_USAGE(.BOTH.,#14579);
#14579 = SURFACE_SIDE_STYLE('',(#14580));
#14580 = SURFACE_STYLE_FILL_AREA(#14581);
#14581 = FILL_AREA_STYLE('',(#14582));
#14582 = FILL_AREA_STYLE_COLOUR('',#14140);
#14583 = OVER_RIDING_STYLED_ITEM('overriding color',(#14584),#5972,
  #14125);
#14584 = PRESENTATION_STYLE_ASSIGNMENT((#14585));
#14585 = SURFACE_STYLE_USAGE(.BOTH.,#14586);
#14586 = SURFACE_SIDE_STYLE('',(#14587));
#14587 = SURFACE_STYLE_FILL_AREA(#14588);
#14588 = FILL_AREA_STYLE('',(#14589));
#14589 = FILL_AREA_STYLE_COLOUR('',#14140);
#14590 = OVER_RIDING_STYLED_ITEM('overriding color',(#14591),#5990,
  #14125);
#14591 = PRESENTATION_STYLE_ASSIGNMENT((#14592));
#14592 = SURFACE_STYLE_USAGE(.BOTH.,#14593);
#14593 = SURFACE_SIDE_STYLE('',(#14594));
#14594 = SURFACE_STYLE_FILL_AREA(#14595);
#14595 = FILL_AREA_STYLE('',(#14596));
#14596 = FILL_AREA_STYLE_COLOUR('',#14140);
#14597 = OVER_RIDING_STYLED_ITEM('overriding color',(#14598),#6087,
  #14125);
#14598 = PRESENTATION_STYLE_ASSIGNMENT((#14599));
#14599 = SURFACE_STYLE_USAGE(.BOTH.,#14600);
#14600 = SURFACE_SIDE_STYLE('',(#14601));
#14601 = SURFACE_STYLE_FILL_AREA(#14602);
#14602 = FILL_AREA_STYLE('',(#14603));
#14603 = FILL_AREA_STYLE_COLOUR('',#14140);
#14604 = OVER_RIDING_STYLED_ITEM('overriding color',(#14605),#6114,
  #14125);
#14605 = PRESENTATION_STYLE_ASSIGNMENT((#14606));
#14606 = SURFACE_STYLE_USAGE(.BOTH.,#14607);
#14607 = SURFACE_SIDE_STYLE('',(#14608));
#14608 = SURFACE_STYLE_FILL_AREA(#14609);
#14609 = FILL_AREA_STYLE('',(#14610));
#14610 = FILL_AREA_STYLE_COLOUR('',#14140);
#14611 = OVER_RIDING_STYLED_ITEM('overriding color',(#14612),#6132,
  #14125);
#14612 = PRESENTATION_STYLE_ASSIGNMENT((#14613));
#14613 = SURFACE_STYLE_USAGE(.BOTH.,#14614);
#14614 = SURFACE_SIDE_STYLE('',(#14615));
#14615 = SURFACE_STYLE_FILL_AREA(#14616);
#14616 = FILL_AREA_STYLE('',(#14617));
#14617 = FILL_AREA_STYLE_COLOUR('',#14140);
#14618 = OVER_RIDING_STYLED_ITEM('overriding color',(#14619),#6198,
  #14125);
#14619 = PRESENTATION_STYLE_ASSIGNMENT((#14620));
#14620 = SURFACE_STYLE_USAGE(.BOTH.,#14621);
#14621 = SURFACE_SIDE_STYLE('',(#14622));
#14622 = SURFACE_STYLE_FILL_AREA(#14623);
#14623 = FILL_AREA_STYLE('',(#14624));
#14624 = FILL_AREA_STYLE_COLOUR('',#14140);
#14625 = OVER_RIDING_STYLED_ITEM('overriding color',(#14626),#6238,
  #14125);
#14626 = PRESENTATION_STYLE_ASSIGNMENT((#14627));
#14627 = SURFACE_STYLE_USAGE(.BOTH.,#14628);
#14628 = SURFACE_SIDE_STYLE('',(#14629));
#14629 = SURFACE_STYLE_FILL_AREA(#14630);
#14630 = FILL_AREA_STYLE('',(#14631));
#14631 = FILL_AREA_STYLE_COLOUR('',#14140);
#14632 = OVER_RIDING_STYLED_ITEM('overriding color',(#14633),#6271,
  #14125);
#14633 = PRESENTATION_STYLE_ASSIGNMENT((#14634));
#14634 = SURFACE_STYLE_USAGE(.BOTH.,#14635);
#14635 = SURFACE_SIDE_STYLE('',(#14636));
#14636 = SURFACE_STYLE_FILL_AREA(#14637);
#14637 = FILL_AREA_STYLE('',(#14638));
#14638 = FILL_AREA_STYLE_COLOUR('',#14140);
#14639 = OVER_RIDING_STYLED_ITEM('overriding color',(#14640),#6302,
  #14125);
#14640 = PRESENTATION_STYLE_ASSIGNMENT((#14641));
#14641 = SURFACE_STYLE_USAGE(.BOTH.,#14642);
#14642 = SURFACE_SIDE_STYLE('',(#14643));
#14643 = SURFACE_STYLE_FILL_AREA(#14644);
#14644 = FILL_AREA_STYLE('',(#14645));
#14645 = FILL_AREA_STYLE_COLOUR('',#14140);
#14646 = OVER_RIDING_STYLED_ITEM('overriding color',(#14647),#6335,
  #14125);
#14647 = PRESENTATION_STYLE_ASSIGNMENT((#14648));
#14648 = SURFACE_STYLE_USAGE(.BOTH.,#14649);
#14649 = SURFACE_SIDE_STYLE('',(#14650));
#14650 = SURFACE_STYLE_FILL_AREA(#14651);
#14651 = FILL_AREA_STYLE('',(#14652));
#14652 = FILL_AREA_STYLE_COLOUR('',#14140);
#14653 = OVER_RIDING_STYLED_ITEM('overriding color',(#14654),#6408,
  #14125);
#14654 = PRESENTATION_STYLE_ASSIGNMENT((#14655));
#14655 = SURFACE_STYLE_USAGE(.BOTH.,#14656);
#14656 = SURFACE_SIDE_STYLE('',(#14657));
#14657 = SURFACE_STYLE_FILL_AREA(#14658);
#14658 = FILL_AREA_STYLE('',(#14659));
#14659 = FILL_AREA_STYLE_COLOUR('',#14140);
#14660 = OVER_RIDING_STYLED_ITEM('overriding color',(#14661),#6439,
  #14125);
#14661 = PRESENTATION_STYLE_ASSIGNMENT((#14662));
#14662 = SURFACE_STYLE_USAGE(.BOTH.,#14663);
#14663 = SURFACE_SIDE_STYLE('',(#14664));
#14664 = SURFACE_STYLE_FILL_AREA(#14665);
#14665 = FILL_AREA_STYLE('',(#14666));
#14666 = FILL_AREA_STYLE_COLOUR('',#14140);
#14667 = OVER_RIDING_STYLED_ITEM('overriding color',(#14668),#6472,
  #14125);
#14668 = PRESENTATION_STYLE_ASSIGNMENT((#14669));
#14669 = SURFACE_STYLE_USAGE(.BOTH.,#14670);
#14670 = SURFACE_SIDE_STYLE('',(#14671));
#14671 = SURFACE_STYLE_FILL_AREA(#14672);
#14672 = FILL_AREA_STYLE('',(#14673));
#14673 = FILL_AREA_STYLE_COLOUR('',#14140);
#14674 = OVER_RIDING_STYLED_ITEM('overriding color',(#14675),#6503,
  #14125);
#14675 = PRESENTATION_STYLE_ASSIGNMENT((#14676));
#14676 = SURFACE_STYLE_USAGE(.BOTH.,#14677);
#14677 = SURFACE_SIDE_STYLE('',(#14678));
#14678 = SURFACE_STYLE_FILL_AREA(#14679);
#14679 = FILL_AREA_STYLE('',(#14680));
#14680 = FILL_AREA_STYLE_COLOUR('',#14140);
#14681 = OVER_RIDING_STYLED_ITEM('overriding color',(#14682),#6932,
  #14125);
#14682 = PRESENTATION_STYLE_ASSIGNMENT((#14683));
#14683 = SURFACE_STYLE_USAGE(.BOTH.,#14684);
#14684 = SURFACE_SIDE_STYLE('',(#14685));
#14685 = SURFACE_STYLE_FILL_AREA(#14686);
#14686 = FILL_AREA_STYLE('',(#14687));
#14687 = FILL_AREA_STYLE_COLOUR('',#14140);
#14688 = OVER_RIDING_STYLED_ITEM('overriding color',(#14689),#6959,
  #14125);
#14689 = PRESENTATION_STYLE_ASSIGNMENT((#14690));
#14690 = SURFACE_STYLE_USAGE(.BOTH.,#14691);
#14691 = SURFACE_SIDE_STYLE('',(#14692));
#14692 = SURFACE_STYLE_FILL_AREA(#14693);
#14693 = FILL_AREA_STYLE('',(#14694));
#14694 = FILL_AREA_STYLE_COLOUR('',#14140);
#14695 = OVER_RIDING_STYLED_ITEM('overriding color',(#14696),#6977,
  #14125);
#14696 = PRESENTATION_STYLE_ASSIGNMENT((#14697));
#14697 = SURFACE_STYLE_USAGE(.BOTH.,#14698);
#14698 = SURFACE_SIDE_STYLE('',(#14699));
#14699 = SURFACE_STYLE_FILL_AREA(#14700);
#14700 = FILL_AREA_STYLE('',(#14701));
#14701 = FILL_AREA_STYLE_COLOUR('',#14140);
#14702 = OVER_RIDING_STYLED_ITEM('overriding color',(#14703),#7074,
  #14125);
#14703 = PRESENTATION_STYLE_ASSIGNMENT((#14704));
#14704 = SURFACE_STYLE_USAGE(.BOTH.,#14705);
#14705 = SURFACE_SIDE_STYLE('',(#14706));
#14706 = SURFACE_STYLE_FILL_AREA(#14707);
#14707 = FILL_AREA_STYLE('',(#14708));
#14708 = FILL_AREA_STYLE_COLOUR('',#14140);
#14709 = OVER_RIDING_STYLED_ITEM('overriding color',(#14710),#7101,
  #14125);
#14710 = PRESENTATION_STYLE_ASSIGNMENT((#14711));
#14711 = SURFACE_STYLE_USAGE(.BOTH.,#14712);
#14712 = SURFACE_SIDE_STYLE('',(#14713));
#14713 = SURFACE_STYLE_FILL_AREA(#14714);
#14714 = FILL_AREA_STYLE('',(#14715));
#14715 = FILL_AREA_STYLE_COLOUR('',#14140);
#14716 = OVER_RIDING_STYLED_ITEM('overriding color',(#14717),#7119,
  #14125);
#14717 = PRESENTATION_STYLE_ASSIGNMENT((#14718));
#14718 = SURFACE_STYLE_USAGE(.BOTH.,#14719);
#14719 = SURFACE_SIDE_STYLE('',(#14720));
#14720 = SURFACE_STYLE_FILL_AREA(#14721);
#14721 = FILL_AREA_STYLE('',(#14722));
#14722 = FILL_AREA_STYLE_COLOUR('',#14140);
#14723 = OVER_RIDING_STYLED_ITEM('overriding color',(#14724),#7185,
  #14125);
#14724 = PRESENTATION_STYLE_ASSIGNMENT((#14725));
#14725 = SURFACE_STYLE_USAGE(.BOTH.,#14726);
#14726 = SURFACE_SIDE_STYLE('',(#14727));
#14727 = SURFACE_STYLE_FILL_AREA(#14728);
#14728 = FILL_AREA_STYLE('',(#14729));
#14729 = FILL_AREA_STYLE_COLOUR('',#14140);
#14730 = OVER_RIDING_STYLED_ITEM('overriding color',(#14731),#7225,
  #14125);
#14731 = PRESENTATION_STYLE_ASSIGNMENT((#14732));
#14732 = SURFACE_STYLE_USAGE(.BOTH.,#14733);
#14733 = SURFACE_SIDE_STYLE('',(#14734));
#14734 = SURFACE_STYLE_FILL_AREA(#14735);
#14735 = FILL_AREA_STYLE('',(#14736));
#14736 = FILL_AREA_STYLE_COLOUR('',#14140);
#14737 = OVER_RIDING_STYLED_ITEM('overriding color',(#14738),#7258,
  #14125);
#14738 = PRESENTATION_STYLE_ASSIGNMENT((#14739));
#14739 = SURFACE_STYLE_USAGE(.BOTH.,#14740);
#14740 = SURFACE_SIDE_STYLE('',(#14741));
#14741 = SURFACE_STYLE_FILL_AREA(#14742);
#14742 = FILL_AREA_STYLE('',(#14743));
#14743 = FILL_AREA_STYLE_COLOUR('',#14140);
#14744 = OVER_RIDING_STYLED_ITEM('overriding color',(#14745),#7289,
  #14125);
#14745 = PRESENTATION_STYLE_ASSIGNMENT((#14746));
#14746 = SURFACE_STYLE_USAGE(.BOTH.,#14747);
#14747 = SURFACE_SIDE_STYLE('',(#14748));
#14748 = SURFACE_STYLE_FILL_AREA(#14749);
#14749 = FILL_AREA_STYLE('',(#14750));
#14750 = FILL_AREA_STYLE_COLOUR('',#14140);
#14751 = OVER_RIDING_STYLED_ITEM('overriding color',(#14752),#7322,
  #14125);
#14752 = PRESENTATION_STYLE_ASSIGNMENT((#14753));
#14753 = SURFACE_STYLE_USAGE(.BOTH.,#14754);
#14754 = SURFACE_SIDE_STYLE('',(#14755));
#14755 = SURFACE_STYLE_FILL_AREA(#14756);
#14756 = FILL_AREA_STYLE('',(#14757));
#14757 = FILL_AREA_STYLE_COLOUR('',#14140);
#14758 = OVER_RIDING_STYLED_ITEM('overriding color',(#14759),#7395,
  #14125);
#14759 = PRESENTATION_STYLE_ASSIGNMENT((#14760));
#14760 = SURFACE_STYLE_USAGE(.BOTH.,#14761);
#14761 = SURFACE_SIDE_STYLE('',(#14762));
#14762 = SURFACE_STYLE_FILL_AREA(#14763);
#14763 = FILL_AREA_STYLE('',(#14764));
#14764 = FILL_AREA_STYLE_COLOUR('',#14140);
#14765 = OVER_RIDING_STYLED_ITEM('overriding color',(#14766),#7426,
  #14125);
#14766 = PRESENTATION_STYLE_ASSIGNMENT((#14767));
#14767 = SURFACE_STYLE_USAGE(.BOTH.,#14768);
#14768 = SURFACE_SIDE_STYLE('',(#14769));
#14769 = SURFACE_STYLE_FILL_AREA(#14770);
#14770 = FILL_AREA_STYLE('',(#14771));
#14771 = FILL_AREA_STYLE_COLOUR('',#14140);
#14772 = OVER_RIDING_STYLED_ITEM('overriding color',(#14773),#7459,
  #14125);
#14773 = PRESENTATION_STYLE_ASSIGNMENT((#14774));
#14774 = SURFACE_STYLE_USAGE(.BOTH.,#14775);
#14775 = SURFACE_SIDE_STYLE('',(#14776));
#14776 = SURFACE_STYLE_FILL_AREA(#14777);
#14777 = FILL_AREA_STYLE('',(#14778));
#14778 = FILL_AREA_STYLE_COLOUR('',#14140);
#14779 = OVER_RIDING_STYLED_ITEM('overriding color',(#14780),#7910,
  #14125);
#14780 = PRESENTATION_STYLE_ASSIGNMENT((#14781));
#14781 = SURFACE_STYLE_USAGE(.BOTH.,#14782);
#14782 = SURFACE_SIDE_STYLE('',(#14783));
#14783 = SURFACE_STYLE_FILL_AREA(#14784);
#14784 = FILL_AREA_STYLE('',(#14785));
#14785 = FILL_AREA_STYLE_COLOUR('',#14140);
#14786 = OVER_RIDING_STYLED_ITEM('overriding color',(#14787),#7937,
  #14125);
#14787 = PRESENTATION_STYLE_ASSIGNMENT((#14788));
#14788 = SURFACE_STYLE_USAGE(.BOTH.,#14789);
#14789 = SURFACE_SIDE_STYLE('',(#14790));
#14790 = SURFACE_STYLE_FILL_AREA(#14791);
#14791 = FILL_AREA_STYLE('',(#14792));
#14792 = FILL_AREA_STYLE_COLOUR('',#14140);
#14793 = OVER_RIDING_STYLED_ITEM('overriding color',(#14794),#7955,
  #14125);
#14794 = PRESENTATION_STYLE_ASSIGNMENT((#14795));
#14795 = SURFACE_STYLE_USAGE(.BOTH.,#14796);
#14796 = SURFACE_SIDE_STYLE('',(#14797));
#14797 = SURFACE_STYLE_FILL_AREA(#14798);
#14798 = FILL_AREA_STYLE('',(#14799));
#14799 = FILL_AREA_STYLE_COLOUR('',#14140);
#14800 = OVER_RIDING_STYLED_ITEM('overriding color',(#14801),#8030,
  #14125);
#14801 = PRESENTATION_STYLE_ASSIGNMENT((#14802));
#14802 = SURFACE_STYLE_USAGE(.BOTH.,#14803);
#14803 = SURFACE_SIDE_STYLE('',(#14804));
#14804 = SURFACE_STYLE_FILL_AREA(#14805);
#14805 = FILL_AREA_STYLE('',(#14806));
#14806 = FILL_AREA_STYLE_COLOUR('',#14140);
#14807 = OVER_RIDING_STYLED_ITEM('overriding color',(#14808),#8094,
  #14125);
#14808 = PRESENTATION_STYLE_ASSIGNMENT((#14809));
#14809 = SURFACE_STYLE_USAGE(.BOTH.,#14810);
#14810 = SURFACE_SIDE_STYLE('',(#14811));
#14811 = SURFACE_STYLE_FILL_AREA(#14812);
#14812 = FILL_AREA_STYLE('',(#14813));
#14813 = FILL_AREA_STYLE_COLOUR('',#14140);
#14814 = OVER_RIDING_STYLED_ITEM('overriding color',(#14815),#8121,
  #14125);
#14815 = PRESENTATION_STYLE_ASSIGNMENT((#14816));
#14816 = SURFACE_STYLE_USAGE(.BOTH.,#14817);
#14817 = SURFACE_SIDE_STYLE('',(#14818));
#14818 = SURFACE_STYLE_FILL_AREA(#14819);
#14819 = FILL_AREA_STYLE('',(#14820));
#14820 = FILL_AREA_STYLE_COLOUR('',#14140);
#14821 = OVER_RIDING_STYLED_ITEM('overriding color',(#14822),#8139,
  #14125);
#14822 = PRESENTATION_STYLE_ASSIGNMENT((#14823));
#14823 = SURFACE_STYLE_USAGE(.BOTH.,#14824);
#14824 = SURFACE_SIDE_STYLE('',(#14825));
#14825 = SURFACE_STYLE_FILL_AREA(#14826);
#14826 = FILL_AREA_STYLE('',(#14827));
#14827 = FILL_AREA_STYLE_COLOUR('',#14140);
#14828 = OVER_RIDING_STYLED_ITEM('overriding color',(#14829),#8276,
  #14125);
#14829 = PRESENTATION_STYLE_ASSIGNMENT((#14830));
#14830 = SURFACE_STYLE_USAGE(.BOTH.,#14831);
#14831 = SURFACE_SIDE_STYLE('',(#14832));
#14832 = SURFACE_STYLE_FILL_AREA(#14833);
#14833 = FILL_AREA_STYLE('',(#14834));
#14834 = FILL_AREA_STYLE_COLOUR('',#14140);
#14835 = OVER_RIDING_STYLED_ITEM('overriding color',(#14836),#8316,
  #14125);
#14836 = PRESENTATION_STYLE_ASSIGNMENT((#14837));
#14837 = SURFACE_STYLE_USAGE(.BOTH.,#14838);
#14838 = SURFACE_SIDE_STYLE('',(#14839));
#14839 = SURFACE_STYLE_FILL_AREA(#14840);
#14840 = FILL_AREA_STYLE('',(#14841));
#14841 = FILL_AREA_STYLE_COLOUR('',#14140);
#14842 = OVER_RIDING_STYLED_ITEM('overriding color',(#14843),#8349,
  #14125);
#14843 = PRESENTATION_STYLE_ASSIGNMENT((#14844));
#14844 = SURFACE_STYLE_USAGE(.BOTH.,#14845);
#14845 = SURFACE_SIDE_STYLE('',(#14846));
#14846 = SURFACE_STYLE_FILL_AREA(#14847);
#14847 = FILL_AREA_STYLE('',(#14848));
#14848 = FILL_AREA_STYLE_COLOUR('',#14140);
#14849 = OVER_RIDING_STYLED_ITEM('overriding color',(#14850),#8380,
  #14125);
#14850 = PRESENTATION_STYLE_ASSIGNMENT((#14851));
#14851 = SURFACE_STYLE_USAGE(.BOTH.,#14852);
#14852 = SURFACE_SIDE_STYLE('',(#14853));
#14853 = SURFACE_STYLE_FILL_AREA(#14854);
#14854 = FILL_AREA_STYLE('',(#14855));
#14855 = FILL_AREA_STYLE_COLOUR('',#14140);
#14856 = OVER_RIDING_STYLED_ITEM('overriding color',(#14857),#8413,
  #14125);
#14857 = PRESENTATION_STYLE_ASSIGNMENT((#14858));
#14858 = SURFACE_STYLE_USAGE(.BOTH.,#14859);
#14859 = SURFACE_SIDE_STYLE('',(#14860));
#14860 = SURFACE_STYLE_FILL_AREA(#14861);
#14861 = FILL_AREA_STYLE('',(#14862));
#14862 = FILL_AREA_STYLE_COLOUR('',#14140);
#14863 = OVER_RIDING_STYLED_ITEM('overriding color',(#14864),#8486,
  #14125);
#14864 = PRESENTATION_STYLE_ASSIGNMENT((#14865));
#14865 = SURFACE_STYLE_USAGE(.BOTH.,#14866);
#14866 = SURFACE_SIDE_STYLE('',(#14867));
#14867 = SURFACE_STYLE_FILL_AREA(#14868);
#14868 = FILL_AREA_STYLE('',(#14869));
#14869 = FILL_AREA_STYLE_COLOUR('',#14140);
#14870 = OVER_RIDING_STYLED_ITEM('overriding color',(#14871),#8517,
  #14125);
#14871 = PRESENTATION_STYLE_ASSIGNMENT((#14872));
#14872 = SURFACE_STYLE_USAGE(.BOTH.,#14873);
#14873 = SURFACE_SIDE_STYLE('',(#14874));
#14874 = SURFACE_STYLE_FILL_AREA(#14875);
#14875 = FILL_AREA_STYLE('',(#14876));
#14876 = FILL_AREA_STYLE_COLOUR('',#14140);
#14877 = OVER_RIDING_STYLED_ITEM('overriding color',(#14878),#8550,
  #14125);
#14878 = PRESENTATION_STYLE_ASSIGNMENT((#14879));
#14879 = SURFACE_STYLE_USAGE(.BOTH.,#14880);
#14880 = SURFACE_SIDE_STYLE('',(#14881));
#14881 = SURFACE_STYLE_FILL_AREA(#14882);
#14882 = FILL_AREA_STYLE('',(#14883));
#14883 = FILL_AREA_STYLE_COLOUR('',#14140);
#14884 = OVER_RIDING_STYLED_ITEM('overriding color',(#14885),#8897,
  #14125);
#14885 = PRESENTATION_STYLE_ASSIGNMENT((#14886));
#14886 = SURFACE_STYLE_USAGE(.BOTH.,#14887);
#14887 = SURFACE_SIDE_STYLE('',(#14888));
#14888 = SURFACE_STYLE_FILL_AREA(#14889);
#14889 = FILL_AREA_STYLE('',(#14890));
#14890 = FILL_AREA_STYLE_COLOUR('',#14140);
#14891 = OVER_RIDING_STYLED_ITEM('overriding color',(#14892),#8939,
  #14125);
#14892 = PRESENTATION_STYLE_ASSIGNMENT((#14893));
#14893 = SURFACE_STYLE_USAGE(.BOTH.,#14894);
#14894 = SURFACE_SIDE_STYLE('',(#14895));
#14895 = SURFACE_STYLE_FILL_AREA(#14896);
#14896 = FILL_AREA_STYLE('',(#14897));
#14897 = FILL_AREA_STYLE_COLOUR('',#14140);
#14898 = OVER_RIDING_STYLED_ITEM('overriding color',(#14899),#8966,
  #14125);
#14899 = PRESENTATION_STYLE_ASSIGNMENT((#14900));
#14900 = SURFACE_STYLE_USAGE(.BOTH.,#14901);
#14901 = SURFACE_SIDE_STYLE('',(#14902));
#14902 = SURFACE_STYLE_FILL_AREA(#14903);
#14903 = FILL_AREA_STYLE('',(#14904));
#14904 = FILL_AREA_STYLE_COLOUR('',#14140);
#14905 = OVER_RIDING_STYLED_ITEM('overriding color',(#14906),#9017,
  #14125);
#14906 = PRESENTATION_STYLE_ASSIGNMENT((#14907));
#14907 = SURFACE_STYLE_USAGE(.BOTH.,#14908);
#14908 = SURFACE_SIDE_STYLE('',(#14909));
#14909 = SURFACE_STYLE_FILL_AREA(#14910);
#14910 = FILL_AREA_STYLE('',(#14911));
#14911 = FILL_AREA_STYLE_COLOUR('',#14140);
#14912 = OVER_RIDING_STYLED_ITEM('overriding color',(#14913),#9048,
  #14125);
#14913 = PRESENTATION_STYLE_ASSIGNMENT((#14914));
#14914 = SURFACE_STYLE_USAGE(.BOTH.,#14915);
#14915 = SURFACE_SIDE_STYLE('',(#14916));
#14916 = SURFACE_STYLE_FILL_AREA(#14917);
#14917 = FILL_AREA_STYLE('',(#14918));
#14918 = FILL_AREA_STYLE_COLOUR('',#14140);
#14919 = OVER_RIDING_STYLED_ITEM('overriding color',(#14920),#9075,
  #14125);
#14920 = PRESENTATION_STYLE_ASSIGNMENT((#14921));
#14921 = SURFACE_STYLE_USAGE(.BOTH.,#14922);
#14922 = SURFACE_SIDE_STYLE('',(#14923));
#14923 = SURFACE_STYLE_FILL_AREA(#14924);
#14924 = FILL_AREA_STYLE('',(#14925));
#14925 = FILL_AREA_STYLE_COLOUR('',#14140);
#14926 = OVER_RIDING_STYLED_ITEM('overriding color',(#14927),#9126,
  #14125);
#14927 = PRESENTATION_STYLE_ASSIGNMENT((#14928));
#14928 = SURFACE_STYLE_USAGE(.BOTH.,#14929);
#14929 = SURFACE_SIDE_STYLE('',(#14930));
#14930 = SURFACE_STYLE_FILL_AREA(#14931);
#14931 = FILL_AREA_STYLE('',(#14932));
#14932 = FILL_AREA_STYLE_COLOUR('',#14140);
#14933 = OVER_RIDING_STYLED_ITEM('overriding color',(#14934),#9199,
  #14125);
#14934 = PRESENTATION_STYLE_ASSIGNMENT((#14935));
#14935 = SURFACE_STYLE_USAGE(.BOTH.,#14936);
#14936 = SURFACE_SIDE_STYLE('',(#14937));
#14937 = SURFACE_STYLE_FILL_AREA(#14938);
#14938 = FILL_AREA_STYLE('',(#14939));
#14939 = FILL_AREA_STYLE_COLOUR('',#14140);
#14940 = OVER_RIDING_STYLED_ITEM('overriding color',(#14941),#9239,
  #14125);
#14941 = PRESENTATION_STYLE_ASSIGNMENT((#14942));
#14942 = SURFACE_STYLE_USAGE(.BOTH.,#14943);
#14943 = SURFACE_SIDE_STYLE('',(#14944));
#14944 = SURFACE_STYLE_FILL_AREA(#14945);
#14945 = FILL_AREA_STYLE('',(#14946));
#14946 = FILL_AREA_STYLE_COLOUR('',#14140);
#14947 = OVER_RIDING_STYLED_ITEM('overriding color',(#14948),#9272,
  #14125);
#14948 = PRESENTATION_STYLE_ASSIGNMENT((#14949));
#14949 = SURFACE_STYLE_USAGE(.BOTH.,#14950);
#14950 = SURFACE_SIDE_STYLE('',(#14951));
#14951 = SURFACE_STYLE_FILL_AREA(#14952);
#14952 = FILL_AREA_STYLE('',(#14953));
#14953 = FILL_AREA_STYLE_COLOUR('',#14140);
#14954 = OVER_RIDING_STYLED_ITEM('overriding color',(#14955),#9303,
  #14125);
#14955 = PRESENTATION_STYLE_ASSIGNMENT((#14956));
#14956 = SURFACE_STYLE_USAGE(.BOTH.,#14957);
#14957 = SURFACE_SIDE_STYLE('',(#14958));
#14958 = SURFACE_STYLE_FILL_AREA(#14959);
#14959 = FILL_AREA_STYLE('',(#14960));
#14960 = FILL_AREA_STYLE_COLOUR('',#14140);
#14961 = OVER_RIDING_STYLED_ITEM('overriding color',(#14962),#9336,
  #14125);
#14962 = PRESENTATION_STYLE_ASSIGNMENT((#14963));
#14963 = SURFACE_STYLE_USAGE(.BOTH.,#14964);
#14964 = SURFACE_SIDE_STYLE('',(#14965));
#14965 = SURFACE_STYLE_FILL_AREA(#14966);
#14966 = FILL_AREA_STYLE('',(#14967));
#14967 = FILL_AREA_STYLE_COLOUR('',#14140);
#14968 = OVER_RIDING_STYLED_ITEM('overriding color',(#14969),#10008,
  #14125);
#14969 = PRESENTATION_STYLE_ASSIGNMENT((#14970));
#14970 = SURFACE_STYLE_USAGE(.BOTH.,#14971);
#14971 = SURFACE_SIDE_STYLE('',(#14972));
#14972 = SURFACE_STYLE_FILL_AREA(#14973);
#14973 = FILL_AREA_STYLE('',(#14974));
#14974 = FILL_AREA_STYLE_COLOUR('',#14140);
#14975 = OVER_RIDING_STYLED_ITEM('overriding color',(#14976),#10333,
  #14125);
#14976 = PRESENTATION_STYLE_ASSIGNMENT((#14977));
#14977 = SURFACE_STYLE_USAGE(.BOTH.,#14978);
#14978 = SURFACE_SIDE_STYLE('',(#14979));
#14979 = SURFACE_STYLE_FILL_AREA(#14980);
#14980 = FILL_AREA_STYLE('',(#14981));
#14981 = FILL_AREA_STYLE_COLOUR('',#14140);
#14982 = OVER_RIDING_STYLED_ITEM('overriding color',(#14983),#10348,
  #14125);
#14983 = PRESENTATION_STYLE_ASSIGNMENT((#14984));
#14984 = SURFACE_STYLE_USAGE(.BOTH.,#14985);
#14985 = SURFACE_SIDE_STYLE('',(#14986));
#14986 = SURFACE_STYLE_FILL_AREA(#14987);
#14987 = FILL_AREA_STYLE('',(#14988));
#14988 = FILL_AREA_STYLE_COLOUR('',#14140);
#14989 = OVER_RIDING_STYLED_ITEM('overriding color',(#14990),#10361,
  #14125);
#14990 = PRESENTATION_STYLE_ASSIGNMENT((#14991));
#14991 = SURFACE_STYLE_USAGE(.BOTH.,#14992);
#14992 = SURFACE_SIDE_STYLE('',(#14993));
#14993 = SURFACE_STYLE_FILL_AREA(#14994);
#14994 = FILL_AREA_STYLE('',(#14995));
#14995 = FILL_AREA_STYLE_COLOUR('',#14140);
#14996 = OVER_RIDING_STYLED_ITEM('overriding color',(#14997),#10458,
  #14125);
#14997 = PRESENTATION_STYLE_ASSIGNMENT((#14998));
#14998 = SURFACE_STYLE_USAGE(.BOTH.,#14999);
#14999 = SURFACE_SIDE_STYLE('',(#15000));
#15000 = SURFACE_STYLE_FILL_AREA(#15001);
#15001 = FILL_AREA_STYLE('',(#15002));
#15002 = FILL_AREA_STYLE_COLOUR('',#14140);
#15003 = OVER_RIDING_STYLED_ITEM('overriding color',(#15004),#10473,
  #14125);
#15004 = PRESENTATION_STYLE_ASSIGNMENT((#15005));
#15005 = SURFACE_STYLE_USAGE(.BOTH.,#15006);
#15006 = SURFACE_SIDE_STYLE('',(#15007));
#15007 = SURFACE_STYLE_FILL_AREA(#15008);
#15008 = FILL_AREA_STYLE('',(#15009));
#15009 = FILL_AREA_STYLE_COLOUR('',#14140);
#15010 = OVER_RIDING_STYLED_ITEM('overriding color',(#15011),#10486,
  #14125);
#15011 = PRESENTATION_STYLE_ASSIGNMENT((#15012));
#15012 = SURFACE_STYLE_USAGE(.BOTH.,#15013);
#15013 = SURFACE_SIDE_STYLE('',(#15014));
#15014 = SURFACE_STYLE_FILL_AREA(#15015);
#15015 = FILL_AREA_STYLE('',(#15016));
#15016 = FILL_AREA_STYLE_COLOUR('',#14140);
#15017 = OVER_RIDING_STYLED_ITEM('overriding color',(#15018),#10552,
  #14125);
#15018 = PRESENTATION_STYLE_ASSIGNMENT((#15019));
#15019 = SURFACE_STYLE_USAGE(.BOTH.,#15020);
#15020 = SURFACE_SIDE_STYLE('',(#15021));
#15021 = SURFACE_STYLE_FILL_AREA(#15022);
#15022 = FILL_AREA_STYLE('',(#15023));
#15023 = FILL_AREA_STYLE_COLOUR('',#14162);
#15024 = OVER_RIDING_STYLED_ITEM('overriding color',(#15025),#10683,
  #14125);
#15025 = PRESENTATION_STYLE_ASSIGNMENT((#15026));
#15026 = SURFACE_STYLE_USAGE(.BOTH.,#15027);
#15027 = SURFACE_SIDE_STYLE('',(#15028));
#15028 = SURFACE_STYLE_FILL_AREA(#15029);
#15029 = FILL_AREA_STYLE('',(#15030));
#15030 = FILL_AREA_STYLE_COLOUR('',#14140);
#15031 = OVER_RIDING_STYLED_ITEM('overriding color',(#15032),#10723,
  #14125);
#15032 = PRESENTATION_STYLE_ASSIGNMENT((#15033));
#15033 = SURFACE_STYLE_USAGE(.BOTH.,#15034);
#15034 = SURFACE_SIDE_STYLE('',(#15035));
#15035 = SURFACE_STYLE_FILL_AREA(#15036);
#15036 = FILL_AREA_STYLE('',(#15037));
#15037 = FILL_AREA_STYLE_COLOUR('',#14162);
#15038 = OVER_RIDING_STYLED_ITEM('overriding color',(#15039),#10792,
  #14125);
#15039 = PRESENTATION_STYLE_ASSIGNMENT((#15040));
#15040 = SURFACE_STYLE_USAGE(.BOTH.,#15041);
#15041 = SURFACE_SIDE_STYLE('',(#15042));
#15042 = SURFACE_STYLE_FILL_AREA(#15043);
#15043 = FILL_AREA_STYLE('',(#15044));
#15044 = FILL_AREA_STYLE_COLOUR('',#14162);
#15045 = OVER_RIDING_STYLED_ITEM('overriding color',(#15046),#10809,
  #14125);
#15046 = PRESENTATION_STYLE_ASSIGNMENT((#15047));
#15047 = SURFACE_STYLE_USAGE(.BOTH.,#15048);
#15048 = SURFACE_SIDE_STYLE('',(#15049));
#15049 = SURFACE_STYLE_FILL_AREA(#15050);
#15050 = FILL_AREA_STYLE('',(#15051));
#15051 = FILL_AREA_STYLE_COLOUR('',#14162);
#15052 = OVER_RIDING_STYLED_ITEM('overriding color',(#15053),#10858,
  #14125);
#15053 = PRESENTATION_STYLE_ASSIGNMENT((#15054));
#15054 = SURFACE_STYLE_USAGE(.BOTH.,#15055);
#15055 = SURFACE_SIDE_STYLE('',(#15056));
#15056 = SURFACE_STYLE_FILL_AREA(#15057);
#15057 = FILL_AREA_STYLE('',(#15058));
#15058 = FILL_AREA_STYLE_COLOUR('',#14162);
#15059 = OVER_RIDING_STYLED_ITEM('overriding color',(#15060),#10882,
  #14125);
#15060 = PRESENTATION_STYLE_ASSIGNMENT((#15061));
#15061 = SURFACE_STYLE_USAGE(.BOTH.,#15062);
#15062 = SURFACE_SIDE_STYLE('',(#15063));
#15063 = SURFACE_STYLE_FILL_AREA(#15064);
#15064 = FILL_AREA_STYLE('',(#15065));
#15065 = FILL_AREA_STYLE_COLOUR('',#14162);
#15066 = OVER_RIDING_STYLED_ITEM('overriding color',(#15067),#10899,
  #14125);
#15067 = PRESENTATION_STYLE_ASSIGNMENT((#15068));
#15068 = SURFACE_STYLE_USAGE(.BOTH.,#15069);
#15069 = SURFACE_SIDE_STYLE('',(#15070));
#15070 = SURFACE_STYLE_FILL_AREA(#15071);
#15071 = FILL_AREA_STYLE('',(#15072));
#15072 = FILL_AREA_STYLE_COLOUR('',#14162);
#15073 = OVER_RIDING_STYLED_ITEM('overriding color',(#15074),#10936,
  #14125);
#15074 = PRESENTATION_STYLE_ASSIGNMENT((#15075));
#15075 = SURFACE_STYLE_USAGE(.BOTH.,#15076);
#15076 = SURFACE_SIDE_STYLE('',(#15077));
#15077 = SURFACE_STYLE_FILL_AREA(#15078);
#15078 = FILL_AREA_STYLE('',(#15079));
#15079 = FILL_AREA_STYLE_COLOUR('',#14162);
#15080 = OVER_RIDING_STYLED_ITEM('overriding color',(#15081),#10960,
  #14125);
#15081 = PRESENTATION_STYLE_ASSIGNMENT((#15082));
#15082 = SURFACE_STYLE_USAGE(.BOTH.,#15083);
#15083 = SURFACE_SIDE_STYLE('',(#15084));
#15084 = SURFACE_STYLE_FILL_AREA(#15085);
#15085 = FILL_AREA_STYLE('',(#15086));
#15086 = FILL_AREA_STYLE_COLOUR('',#14162);
#15087 = OVER_RIDING_STYLED_ITEM('overriding color',(#15088),#10984,
  #14125);
#15088 = PRESENTATION_STYLE_ASSIGNMENT((#15089));
#15089 = SURFACE_STYLE_USAGE(.BOTH.,#15090);
#15090 = SURFACE_SIDE_STYLE('',(#15091));
#15091 = SURFACE_STYLE_FILL_AREA(#15092);
#15092 = FILL_AREA_STYLE('',(#15093));
#15093 = FILL_AREA_STYLE_COLOUR('',#14162);
#15094 = OVER_RIDING_STYLED_ITEM('overriding color',(#15095),#11009,
  #14125);
#15095 = PRESENTATION_STYLE_ASSIGNMENT((#15096));
#15096 = SURFACE_STYLE_USAGE(.BOTH.,#15097);
#15097 = SURFACE_SIDE_STYLE('',(#15098));
#15098 = SURFACE_STYLE_FILL_AREA(#15099);
#15099 = FILL_AREA_STYLE('',(#15100));
#15100 = FILL_AREA_STYLE_COLOUR('',#14162);
#15101 = OVER_RIDING_STYLED_ITEM('overriding color',(#15102),#11026,
  #14125);
#15102 = PRESENTATION_STYLE_ASSIGNMENT((#15103));
#15103 = SURFACE_STYLE_USAGE(.BOTH.,#15104);
#15104 = SURFACE_SIDE_STYLE('',(#15105));
#15105 = SURFACE_STYLE_FILL_AREA(#15106);
#15106 = FILL_AREA_STYLE('',(#15107));
#15107 = FILL_AREA_STYLE_COLOUR('',#14162);
#15108 = OVER_RIDING_STYLED_ITEM('overriding color',(#15109),#11321,
  #14125);
#15109 = PRESENTATION_STYLE_ASSIGNMENT((#15110));
#15110 = SURFACE_STYLE_USAGE(.BOTH.,#15111);
#15111 = SURFACE_SIDE_STYLE('',(#15112));
#15112 = SURFACE_STYLE_FILL_AREA(#15113);
#15113 = FILL_AREA_STYLE('',(#15114));
#15114 = FILL_AREA_STYLE_COLOUR('',#14140);
#15115 = OVER_RIDING_STYLED_ITEM('overriding color',(#15116),#11361,
  #14125);
#15116 = PRESENTATION_STYLE_ASSIGNMENT((#15117));
#15117 = SURFACE_STYLE_USAGE(.BOTH.,#15118);
#15118 = SURFACE_SIDE_STYLE('',(#15119));
#15119 = SURFACE_STYLE_FILL_AREA(#15120);
#15120 = FILL_AREA_STYLE('',(#15121));
#15121 = FILL_AREA_STYLE_COLOUR('',#14140);
#15122 = OVER_RIDING_STYLED_ITEM('overriding color',(#15123),#11394,
  #14125);
#15123 = PRESENTATION_STYLE_ASSIGNMENT((#15124));
#15124 = SURFACE_STYLE_USAGE(.BOTH.,#15125);
#15125 = SURFACE_SIDE_STYLE('',(#15126));
#15126 = SURFACE_STYLE_FILL_AREA(#15127);
#15127 = FILL_AREA_STYLE('',(#15128));
#15128 = FILL_AREA_STYLE_COLOUR('',#14140);
#15129 = OVER_RIDING_STYLED_ITEM('overriding color',(#15130),#11425,
  #14125);
#15130 = PRESENTATION_STYLE_ASSIGNMENT((#15131));
#15131 = SURFACE_STYLE_USAGE(.BOTH.,#15132);
#15132 = SURFACE_SIDE_STYLE('',(#15133));
#15133 = SURFACE_STYLE_FILL_AREA(#15134);
#15134 = FILL_AREA_STYLE('',(#15135));
#15135 = FILL_AREA_STYLE_COLOUR('',#14140);
#15136 = OVER_RIDING_STYLED_ITEM('overriding color',(#15137),#11456,
  #14125);
#15137 = PRESENTATION_STYLE_ASSIGNMENT((#15138));
#15138 = SURFACE_STYLE_USAGE(.BOTH.,#15139);
#15139 = SURFACE_SIDE_STYLE('',(#15140));
#15140 = SURFACE_STYLE_FILL_AREA(#15141);
#15141 = FILL_AREA_STYLE('',(#15142));
#15142 = FILL_AREA_STYLE_COLOUR('',#14140);
#15143 = OVER_RIDING_STYLED_ITEM('overriding color',(#15144),#11487,
  #14125);
#15144 = PRESENTATION_STYLE_ASSIGNMENT((#15145));
#15145 = SURFACE_STYLE_USAGE(.BOTH.,#15146);
#15146 = SURFACE_SIDE_STYLE('',(#15147));
#15147 = SURFACE_STYLE_FILL_AREA(#15148);
#15148 = FILL_AREA_STYLE('',(#15149));
#15149 = FILL_AREA_STYLE_COLOUR('',#14140);
#15150 = OVER_RIDING_STYLED_ITEM('overriding color',(#15151),#11520,
  #14125);
#15151 = PRESENTATION_STYLE_ASSIGNMENT((#15152));
#15152 = SURFACE_STYLE_USAGE(.BOTH.,#15153);
#15153 = SURFACE_SIDE_STYLE('',(#15154));
#15154 = SURFACE_STYLE_FILL_AREA(#15155);
#15155 = FILL_AREA_STYLE('',(#15156));
#15156 = FILL_AREA_STYLE_COLOUR('',#14140);
#15157 = OVER_RIDING_STYLED_ITEM('overriding color',(#15158),#11551,
  #14125);
#15158 = PRESENTATION_STYLE_ASSIGNMENT((#15159));
#15159 = SURFACE_STYLE_USAGE(.BOTH.,#15160);
#15160 = SURFACE_SIDE_STYLE('',(#15161));
#15161 = SURFACE_STYLE_FILL_AREA(#15162);
#15162 = FILL_AREA_STYLE('',(#15163));
#15163 = FILL_AREA_STYLE_COLOUR('',#14140);
#15164 = OVER_RIDING_STYLED_ITEM('overriding color',(#15165),#11582,
  #14125);
#15165 = PRESENTATION_STYLE_ASSIGNMENT((#15166));
#15166 = SURFACE_STYLE_USAGE(.BOTH.,#15167);
#15167 = SURFACE_SIDE_STYLE('',(#15168));
#15168 = SURFACE_STYLE_FILL_AREA(#15169);
#15169 = FILL_AREA_STYLE('',(#15170));
#15170 = FILL_AREA_STYLE_COLOUR('',#14140);
#15171 = OVER_RIDING_STYLED_ITEM('overriding color',(#15172),#11615,
  #14125);
#15172 = PRESENTATION_STYLE_ASSIGNMENT((#15173));
#15173 = SURFACE_STYLE_USAGE(.BOTH.,#15174);
#15174 = SURFACE_SIDE_STYLE('',(#15175));
#15175 = SURFACE_STYLE_FILL_AREA(#15176);
#15176 = FILL_AREA_STYLE('',(#15177));
#15177 = FILL_AREA_STYLE_COLOUR('',#14140);
#15178 = OVER_RIDING_STYLED_ITEM('overriding color',(#15179),#11646,
  #14125);
#15179 = PRESENTATION_STYLE_ASSIGNMENT((#15180));
#15180 = SURFACE_STYLE_USAGE(.BOTH.,#15181);
#15181 = SURFACE_SIDE_STYLE('',(#15182));
#15182 = SURFACE_STYLE_FILL_AREA(#15183);
#15183 = FILL_AREA_STYLE('',(#15184));
#15184 = FILL_AREA_STYLE_COLOUR('',#14140);
#15185 = OVER_RIDING_STYLED_ITEM('overriding color',(#15186),#11679,
  #14125);
#15186 = PRESENTATION_STYLE_ASSIGNMENT((#15187));
#15187 = SURFACE_STYLE_USAGE(.BOTH.,#15188);
#15188 = SURFACE_SIDE_STYLE('',(#15189));
#15189 = SURFACE_STYLE_FILL_AREA(#15190);
#15190 = FILL_AREA_STYLE('',(#15191));
#15191 = FILL_AREA_STYLE_COLOUR('',#14140);
#15192 = OVER_RIDING_STYLED_ITEM('overriding color',(#15193),#12177,
  #14125);
#15193 = PRESENTATION_STYLE_ASSIGNMENT((#15194));
#15194 = SURFACE_STYLE_USAGE(.BOTH.,#15195);
#15195 = SURFACE_SIDE_STYLE('',(#15196));
#15196 = SURFACE_STYLE_FILL_AREA(#15197);
#15197 = FILL_AREA_STYLE('',(#15198));
#15198 = FILL_AREA_STYLE_COLOUR('',#14140);
#15199 = OVER_RIDING_STYLED_ITEM('overriding color',(#15200),#12208,
  #14125);
#15200 = PRESENTATION_STYLE_ASSIGNMENT((#15201));
#15201 = SURFACE_STYLE_USAGE(.BOTH.,#15202);
#15202 = SURFACE_SIDE_STYLE('',(#15203));
#15203 = SURFACE_STYLE_FILL_AREA(#15204);
#15204 = FILL_AREA_STYLE('',(#15205));
#15205 = FILL_AREA_STYLE_COLOUR('',#14140);
#15206 = OVER_RIDING_STYLED_ITEM('overriding color',(#15207),#12255,
  #14125);
#15207 = PRESENTATION_STYLE_ASSIGNMENT((#15208));
#15208 = SURFACE_STYLE_USAGE(.BOTH.,#15209);
#15209 = SURFACE_SIDE_STYLE('',(#15210));
#15210 = SURFACE_STYLE_FILL_AREA(#15211);
#15211 = FILL_AREA_STYLE('',(#15212));
#15212 = FILL_AREA_STYLE_COLOUR('',#14140);
#15213 = OVER_RIDING_STYLED_ITEM('overriding color',(#15214),#12273,
  #14125);
#15214 = PRESENTATION_STYLE_ASSIGNMENT((#15215));
#15215 = SURFACE_STYLE_USAGE(.BOTH.,#15216);
#15216 = SURFACE_SIDE_STYLE('',(#15217));
#15217 = SURFACE_STYLE_FILL_AREA(#15218);
#15218 = FILL_AREA_STYLE('',(#15219));
#15219 = FILL_AREA_STYLE_COLOUR('',#14140);
#15220 = OVER_RIDING_STYLED_ITEM('overriding color',(#15221),#12531,
  #14125);
#15221 = PRESENTATION_STYLE_ASSIGNMENT((#15222));
#15222 = SURFACE_STYLE_USAGE(.BOTH.,#15223);
#15223 = SURFACE_SIDE_STYLE('',(#15224));
#15224 = SURFACE_STYLE_FILL_AREA(#15225);
#15225 = FILL_AREA_STYLE('',(#15226));
#15226 = FILL_AREA_STYLE_COLOUR('',#14140);
#15227 = OVER_RIDING_STYLED_ITEM('overriding color',(#15228),#12562,
  #14125);
#15228 = PRESENTATION_STYLE_ASSIGNMENT((#15229));
#15229 = SURFACE_STYLE_USAGE(.BOTH.,#15230);
#15230 = SURFACE_SIDE_STYLE('',(#15231));
#15231 = SURFACE_STYLE_FILL_AREA(#15232);
#15232 = FILL_AREA_STYLE('',(#15233));
#15233 = FILL_AREA_STYLE_COLOUR('',#14140);
#15234 = OVER_RIDING_STYLED_ITEM('overriding color',(#15235),#12690,
  #14125);
#15235 = PRESENTATION_STYLE_ASSIGNMENT((#15236));
#15236 = SURFACE_STYLE_USAGE(.BOTH.,#15237);
#15237 = SURFACE_SIDE_STYLE('',(#15238));
#15238 = SURFACE_STYLE_FILL_AREA(#15239);
#15239 = FILL_AREA_STYLE('',(#15240));
#15240 = FILL_AREA_STYLE_COLOUR('',#14140);
#15241 = OVER_RIDING_STYLED_ITEM('overriding color',(#15242),#12715,
  #14125);
#15242 = PRESENTATION_STYLE_ASSIGNMENT((#15243));
#15243 = SURFACE_STYLE_USAGE(.BOTH.,#15244);
#15244 = SURFACE_SIDE_STYLE('',(#15245));
#15245 = SURFACE_STYLE_FILL_AREA(#15246);
#15246 = FILL_AREA_STYLE('',(#15247));
#15247 = FILL_AREA_STYLE_COLOUR('',#14140);
#15248 = OVER_RIDING_STYLED_ITEM('overriding color',(#15249),#12739,
  #14125);
#15249 = PRESENTATION_STYLE_ASSIGNMENT((#15250));
#15250 = SURFACE_STYLE_USAGE(.BOTH.,#15251);
#15251 = SURFACE_SIDE_STYLE('',(#15252));
#15252 = SURFACE_STYLE_FILL_AREA(#15253);
#15253 = FILL_AREA_STYLE('',(#15254));
#15254 = FILL_AREA_STYLE_COLOUR('',#14140);
#15255 = OVER_RIDING_STYLED_ITEM('overriding color',(#15256),#12764,
  #14125);
#15256 = PRESENTATION_STYLE_ASSIGNMENT((#15257));
#15257 = SURFACE_STYLE_USAGE(.BOTH.,#15258);
#15258 = SURFACE_SIDE_STYLE('',(#15259));
#15259 = SURFACE_STYLE_FILL_AREA(#15260);
#15260 = FILL_AREA_STYLE('',(#15261));
#15261 = FILL_AREA_STYLE_COLOUR('',#14140);
#15262 = OVER_RIDING_STYLED_ITEM('overriding color',(#15263),#12788,
  #14125);
#15263 = PRESENTATION_STYLE_ASSIGNMENT((#15264));
#15264 = SURFACE_STYLE_USAGE(.BOTH.,#15265);
#15265 = SURFACE_SIDE_STYLE('',(#15266));
#15266 = SURFACE_STYLE_FILL_AREA(#15267);
#15267 = FILL_AREA_STYLE('',(#15268));
#15268 = FILL_AREA_STYLE_COLOUR('',#14140);
#15269 = OVER_RIDING_STYLED_ITEM('overriding color',(#15270),#12812,
  #14125);
#15270 = PRESENTATION_STYLE_ASSIGNMENT((#15271));
#15271 = SURFACE_STYLE_USAGE(.BOTH.,#15272);
#15272 = SURFACE_SIDE_STYLE('',(#15273));
#15273 = SURFACE_STYLE_FILL_AREA(#15274);
#15274 = FILL_AREA_STYLE('',(#15275));
#15275 = FILL_AREA_STYLE_COLOUR('',#14140);
#15276 = OVER_RIDING_STYLED_ITEM('overriding color',(#15277),#12837,
  #14125);
#15277 = PRESENTATION_STYLE_ASSIGNMENT((#15278));
#15278 = SURFACE_STYLE_USAGE(.BOTH.,#15279);
#15279 = SURFACE_SIDE_STYLE('',(#15280));
#15280 = SURFACE_STYLE_FILL_AREA(#15281);
#15281 = FILL_AREA_STYLE('',(#15282));
#15282 = FILL_AREA_STYLE_COLOUR('',#14140);
#15283 = OVER_RIDING_STYLED_ITEM('overriding color',(#15284),#12861,
  #14125);
#15284 = PRESENTATION_STYLE_ASSIGNMENT((#15285));
#15285 = SURFACE_STYLE_USAGE(.BOTH.,#15286);
#15286 = SURFACE_SIDE_STYLE('',(#15287));
#15287 = SURFACE_STYLE_FILL_AREA(#15288);
#15288 = FILL_AREA_STYLE('',(#15289));
#15289 = FILL_AREA_STYLE_COLOUR('',#14140);
#15290 = OVER_RIDING_STYLED_ITEM('overriding color',(#15291),#12885,
  #14125);
#15291 = PRESENTATION_STYLE_ASSIGNMENT((#15292));
#15292 = SURFACE_STYLE_USAGE(.BOTH.,#15293);
#15293 = SURFACE_SIDE_STYLE('',(#15294));
#15294 = SURFACE_STYLE_FILL_AREA(#15295);
#15295 = FILL_AREA_STYLE('',(#15296));
#15296 = FILL_AREA_STYLE_COLOUR('',#14140);
#15297 = OVER_RIDING_STYLED_ITEM('overriding color',(#15298),#12909,
  #14125);
#15298 = PRESENTATION_STYLE_ASSIGNMENT((#15299));
#15299 = SURFACE_STYLE_USAGE(.BOTH.,#15300);
#15300 = SURFACE_SIDE_STYLE('',(#15301));
#15301 = SURFACE_STYLE_FILL_AREA(#15302);
#15302 = FILL_AREA_STYLE('',(#15303));
#15303 = FILL_AREA_STYLE_COLOUR('',#14140);
#15304 = OVER_RIDING_STYLED_ITEM('overriding color',(#15305),#12934,
  #14125);
#15305 = PRESENTATION_STYLE_ASSIGNMENT((#15306));
#15306 = SURFACE_STYLE_USAGE(.BOTH.,#15307);
#15307 = SURFACE_SIDE_STYLE('',(#15308));
#15308 = SURFACE_STYLE_FILL_AREA(#15309);
#15309 = FILL_AREA_STYLE('',(#15310));
#15310 = FILL_AREA_STYLE_COLOUR('',#14140);
#15311 = OVER_RIDING_STYLED_ITEM('overriding color',(#15312),#12958,
  #14125);
#15312 = PRESENTATION_STYLE_ASSIGNMENT((#15313));
#15313 = SURFACE_STYLE_USAGE(.BOTH.,#15314);
#15314 = SURFACE_SIDE_STYLE('',(#15315));
#15315 = SURFACE_STYLE_FILL_AREA(#15316);
#15316 = FILL_AREA_STYLE('',(#15317));
#15317 = FILL_AREA_STYLE_COLOUR('',#14140);
#15318 = OVER_RIDING_STYLED_ITEM('overriding color',(#15319),#12976,
  #14125);
#15319 = PRESENTATION_STYLE_ASSIGNMENT((#15320));
#15320 = SURFACE_STYLE_USAGE(.BOTH.,#15321);
#15321 = SURFACE_SIDE_STYLE('',(#15322));
#15322 = SURFACE_STYLE_FILL_AREA(#15323);
#15323 = FILL_AREA_STYLE('',(#15324));
#15324 = FILL_AREA_STYLE_COLOUR('',#14140);
#15325 = OVER_RIDING_STYLED_ITEM('overriding color',(#15326),#13709,
  #14125);
#15326 = PRESENTATION_STYLE_ASSIGNMENT((#15327));
#15327 = SURFACE_STYLE_USAGE(.BOTH.,#15328);
#15328 = SURFACE_SIDE_STYLE('',(#15329));
#15329 = SURFACE_STYLE_FILL_AREA(#15330);
#15330 = FILL_AREA_STYLE('',(#15331));
#15331 = FILL_AREA_STYLE_COLOUR('',#14140);
#15332 = OVER_RIDING_STYLED_ITEM('overriding color',(#15333),#13724,
  #14125);
#15333 = PRESENTATION_STYLE_ASSIGNMENT((#15334));
#15334 = SURFACE_STYLE_USAGE(.BOTH.,#15335);
#15335 = SURFACE_SIDE_STYLE('',(#15336));
#15336 = SURFACE_STYLE_FILL_AREA(#15337);
#15337 = FILL_AREA_STYLE('',(#15338));
#15338 = FILL_AREA_STYLE_COLOUR('',#14140);
#15339 = OVER_RIDING_STYLED_ITEM('overriding color',(#15340),#13737,
  #14125);
#15340 = PRESENTATION_STYLE_ASSIGNMENT((#15341));
#15341 = SURFACE_STYLE_USAGE(.BOTH.,#15342);
#15342 = SURFACE_SIDE_STYLE('',(#15343));
#15343 = SURFACE_STYLE_FILL_AREA(#15344);
#15344 = FILL_AREA_STYLE('',(#15345));
#15345 = FILL_AREA_STYLE_COLOUR('',#14140);
#15346 = OVER_RIDING_STYLED_ITEM('overriding color',(#15347),#13809,
  #14125);
#15347 = PRESENTATION_STYLE_ASSIGNMENT((#15348));
#15348 = SURFACE_STYLE_USAGE(.BOTH.,#15349);
#15349 = SURFACE_SIDE_STYLE('',(#15350));
#15350 = SURFACE_STYLE_FILL_AREA(#15351);
#15351 = FILL_AREA_STYLE('',(#15352));
#15352 = FILL_AREA_STYLE_COLOUR('',#14140);
#15353 = OVER_RIDING_STYLED_ITEM('overriding color',(#15354),#13824,
  #14125);
#15354 = PRESENTATION_STYLE_ASSIGNMENT((#15355));
#15355 = SURFACE_STYLE_USAGE(.BOTH.,#15356);
#15356 = SURFACE_SIDE_STYLE('',(#15357));
#15357 = SURFACE_STYLE_FILL_AREA(#15358);
#15358 = FILL_AREA_STYLE('',(#15359));
#15359 = FILL_AREA_STYLE_COLOUR('',#14140);
#15360 = OVER_RIDING_STYLED_ITEM('overriding color',(#15361),#13837,
  #14125);
#15361 = PRESENTATION_STYLE_ASSIGNMENT((#15362));
#15362 = SURFACE_STYLE_USAGE(.BOTH.,#15363);
#15363 = SURFACE_SIDE_STYLE('',(#15364));
#15364 = SURFACE_STYLE_FILL_AREA(#15365);
#15365 = FILL_AREA_STYLE('',(#15366));
#15366 = FILL_AREA_STYLE_COLOUR('',#14140);
ENDSEC;
END-ISO-10303-21;
