ISO-10303-21;
HEADER;
FILE_DESCRIPTION(('Open CASCADE Model'),'2;1');
FILE_NAME('Open CASCADE Shape Model','2026-05-06T11:52:46',('Author'),(
    'Open CASCADE'),'Open CASCADE STEP processor 7.5','Open CASCADE 7.5'
  ,'Unknown');
FILE_SCHEMA(('AUTOMOTIVE_DESIGN { 1 0 10303 214 1 1 1 1 }'));
ENDSEC;
DATA;
#1 = APPLICATION_PROTOCOL_DEFINITION('international standard',
  'automotive_design',2000,#2);
#2 = APPLICATION_CONTEXT(
  'core data for automotive mechanical design processes');
#3 = SHAPE_DEFINITION_REPRESENTATION(#4,#10);
#4 = PRODUCT_DEFINITION_SHAPE('','',#5);
#5 = PRODUCT_DEFINITION('design','',#6,#9);
#6 = PRODUCT_DEFINITION_FORMATION('','',#7);
#7 = PRODUCT('Open CASCADE STEP translator 7.5 3',
  'Open CASCADE STEP translator 7.5 3','',(#8));
#8 = PRODUCT_CONTEXT('',#2,'mechanical');
#9 = PRODUCT_DEFINITION_CONTEXT('part definition',#2,'design');
#10 = ADVANCED_BREP_SHAPE_REPRESENTATION('',(#11,#15),#1241);
#11 = AXIS2_PLACEMENT_3D('',#12,#13,#14);
#12 = CARTESIAN_POINT('',(0.,0.,0.));
#13 = DIRECTION('',(0.,0.,1.));
#14 = DIRECTION('',(1.,0.,-0.));
#15 = MANIFOLD_SOLID_BREP('',#16);
#16 = CLOSED_SHELL('',(#17,#57,#90,#121,#154,#185,#218,#249,#273,#306,
    #339,#372,#405,#438,#471,#504,#537,#570,#603,#636,#669,#702,#735,
    #768,#801,#834,#867,#900,#933,#966,#999,#1032,#1065,#1153));
#17 = ADVANCED_FACE('',(#18),#52,.T.);
#18 = FACE_BOUND('',#19,.T.);
#19 = EDGE_LOOP('',(#20,#30,#38,#46));
#20 = ORIENTED_EDGE('',*,*,#21,.T.);
#21 = EDGE_CURVE('',#22,#24,#26,.T.);
#22 = VERTEX_POINT('',#23);
#23 = CARTESIAN_POINT('',(-15.3,-14.3,-1.00144072));
#24 = VERTEX_POINT('',#25);
#25 = CARTESIAN_POINT('',(-15.3,-14.3,0.));
#26 = LINE('',#27,#28);
#27 = CARTESIAN_POINT('',(-15.3,-14.3,-1.00144072));
#28 = VECTOR('',#29,1.);
#29 = DIRECTION('',(0.,0.,1.));
#30 = ORIENTED_EDGE('',*,*,#31,.T.);
#31 = EDGE_CURVE('',#24,#32,#34,.T.);
#32 = VERTEX_POINT('',#33);
#33 = CARTESIAN_POINT('',(-15.3,-1.,0.));
#34 = LINE('',#35,#36);
#35 = CARTESIAN_POINT('',(-15.3,-14.3,0.));
#36 = VECTOR('',#37,1.);
#37 = DIRECTION('',(0.,1.,0.));
#38 = ORIENTED_EDGE('',*,*,#39,.F.);
#39 = EDGE_CURVE('',#40,#32,#42,.T.);
#40 = VERTEX_POINT('',#41);
#41 = CARTESIAN_POINT('',(-15.3,-1.,-1.00144072));
#42 = LINE('',#43,#44);
#43 = CARTESIAN_POINT('',(-15.3,-1.,-1.00144072));
#44 = VECTOR('',#45,1.);
#45 = DIRECTION('',(0.,0.,1.));
#46 = ORIENTED_EDGE('',*,*,#47,.F.);
#47 = EDGE_CURVE('',#22,#40,#48,.T.);
#48 = LINE('',#49,#50);
#49 = CARTESIAN_POINT('',(-15.3,-14.3,-1.00144072));
#50 = VECTOR('',#51,1.);
#51 = DIRECTION('',(0.,1.,0.));
#52 = PLANE('',#53);
#53 = AXIS2_PLACEMENT_3D('',#54,#55,#56);
#54 = CARTESIAN_POINT('',(-15.3,-14.3,-1.00144072));
#55 = DIRECTION('',(-1.,0.,0.));
#56 = DIRECTION('',(0.,1.,0.));
#57 = ADVANCED_FACE('',(#58),#85,.T.);
#58 = FACE_BOUND('',#59,.T.);
#59 = EDGE_LOOP('',(#60,#61,#70,#78));
#60 = ORIENTED_EDGE('',*,*,#39,.T.);
#61 = ORIENTED_EDGE('',*,*,#62,.T.);
#62 = EDGE_CURVE('',#32,#63,#65,.T.);
#63 = VERTEX_POINT('',#64);
#64 = CARTESIAN_POINT('',(-14.3,0.,0.));
#65 = CIRCLE('',#66,1.000364800791);
#66 = AXIS2_PLACEMENT_3D('',#67,#68,#69);
#67 = CARTESIAN_POINT('',(-14.2996352657,-1.0003647343,0.));
#68 = DIRECTION('',(0.,0.,-1.));
#69 = DIRECTION('',(-0.999999933533,3.646012926791E-04,0.));
#70 = ORIENTED_EDGE('',*,*,#71,.F.);
#71 = EDGE_CURVE('',#72,#63,#74,.T.);
#72 = VERTEX_POINT('',#73);
#73 = CARTESIAN_POINT('',(-14.3,0.,-1.00144072));
#74 = LINE('',#75,#76);
#75 = CARTESIAN_POINT('',(-14.3,0.,-1.00144072));
#76 = VECTOR('',#77,1.);
#77 = DIRECTION('',(0.,0.,1.));
#78 = ORIENTED_EDGE('',*,*,#79,.F.);
#79 = EDGE_CURVE('',#40,#72,#80,.T.);
#80 = CIRCLE('',#81,1.000364800791);
#81 = AXIS2_PLACEMENT_3D('',#82,#83,#84);
#82 = CARTESIAN_POINT('',(-14.2996352657,-1.0003647343,-1.00144072));
#83 = DIRECTION('',(0.,0.,-1.));
#84 = DIRECTION('',(-0.999999933533,3.646012926791E-04,0.));
#85 = CYLINDRICAL_SURFACE('',#86,1.000364800791);
#86 = AXIS2_PLACEMENT_3D('',#87,#88,#89);
#87 = CARTESIAN_POINT('',(-14.2996352657,-1.0003647343,-1.00144072));
#88 = DIRECTION('',(0.,0.,-1.));
#89 = DIRECTION('',(-0.999999933533,3.646012926791E-04,0.));
#90 = ADVANCED_FACE('',(#91),#116,.T.);
#91 = FACE_BOUND('',#92,.T.);
#92 = EDGE_LOOP('',(#93,#94,#102,#110));
#93 = ORIENTED_EDGE('',*,*,#71,.T.);
#94 = ORIENTED_EDGE('',*,*,#95,.T.);
#95 = EDGE_CURVE('',#63,#96,#98,.T.);
#96 = VERTEX_POINT('',#97);
#97 = CARTESIAN_POINT('',(14.3,-1.110223024625E-16,0.));
#98 = LINE('',#99,#100);
#99 = CARTESIAN_POINT('',(-14.3,0.,0.));
#100 = VECTOR('',#101,1.);
#101 = DIRECTION('',(1.,0.,0.));
#102 = ORIENTED_EDGE('',*,*,#103,.F.);
#103 = EDGE_CURVE('',#104,#96,#106,.T.);
#104 = VERTEX_POINT('',#105);
#105 = CARTESIAN_POINT('',(14.3,-1.110223024625E-16,-1.00144072));
#106 = LINE('',#107,#108);
#107 = CARTESIAN_POINT('',(14.3,-1.110223024625E-16,-1.00144072));
#108 = VECTOR('',#109,1.);
#109 = DIRECTION('',(0.,0.,1.));
#110 = ORIENTED_EDGE('',*,*,#111,.F.);
#111 = EDGE_CURVE('',#72,#104,#112,.T.);
#112 = LINE('',#113,#114);
#113 = CARTESIAN_POINT('',(-14.3,0.,-1.00144072));
#114 = VECTOR('',#115,1.);
#115 = DIRECTION('',(1.,0.,0.));
#116 = PLANE('',#117);
#117 = AXIS2_PLACEMENT_3D('',#118,#119,#120);
#118 = CARTESIAN_POINT('',(-14.3,0.,-1.00144072));
#119 = DIRECTION('',(0.,1.,0.));
#120 = DIRECTION('',(1.,0.,0.));
#121 = ADVANCED_FACE('',(#122),#149,.T.);
#122 = FACE_BOUND('',#123,.T.);
#123 = EDGE_LOOP('',(#124,#125,#134,#142));
#124 = ORIENTED_EDGE('',*,*,#103,.T.);
#125 = ORIENTED_EDGE('',*,*,#126,.T.);
#126 = EDGE_CURVE('',#96,#127,#129,.T.);
#127 = VERTEX_POINT('',#128);
#128 = CARTESIAN_POINT('',(15.3,-1.,0.));
#129 = CIRCLE('',#130,1.000364800791);
#130 = AXIS2_PLACEMENT_3D('',#131,#132,#133);
#131 = CARTESIAN_POINT('',(14.2996352657,-1.0003647343,0.));
#132 = DIRECTION('',(0.,0.,-1.));
#133 = DIRECTION('',(3.646012926784E-04,0.999999933533,0.));
#134 = ORIENTED_EDGE('',*,*,#135,.F.);
#135 = EDGE_CURVE('',#136,#127,#138,.T.);
#136 = VERTEX_POINT('',#137);
#137 = CARTESIAN_POINT('',(15.3,-1.,-1.00144072));
#138 = LINE('',#139,#140);
#139 = CARTESIAN_POINT('',(15.3,-1.,-1.00144072));
#140 = VECTOR('',#141,1.);
#141 = DIRECTION('',(0.,0.,1.));
#142 = ORIENTED_EDGE('',*,*,#143,.F.);
#143 = EDGE_CURVE('',#104,#136,#144,.T.);
#144 = CIRCLE('',#145,1.000364800791);
#145 = AXIS2_PLACEMENT_3D('',#146,#147,#148);
#146 = CARTESIAN_POINT('',(14.2996352657,-1.0003647343,-1.00144072));
#147 = DIRECTION('',(0.,0.,-1.));
#148 = DIRECTION('',(3.646012926784E-04,0.999999933533,0.));
#149 = CYLINDRICAL_SURFACE('',#150,1.000364800791);
#150 = AXIS2_PLACEMENT_3D('',#151,#152,#153);
#151 = CARTESIAN_POINT('',(14.2996352657,-1.0003647343,-1.00144072));
#152 = DIRECTION('',(0.,0.,-1.));
#153 = DIRECTION('',(3.646012926784E-04,0.999999933533,0.));
#154 = ADVANCED_FACE('',(#155),#180,.T.);
#155 = FACE_BOUND('',#156,.T.);
#156 = EDGE_LOOP('',(#157,#158,#166,#174));
#157 = ORIENTED_EDGE('',*,*,#135,.T.);
#158 = ORIENTED_EDGE('',*,*,#159,.T.);
#159 = EDGE_CURVE('',#127,#160,#162,.T.);
#160 = VERTEX_POINT('',#161);
#161 = CARTESIAN_POINT('',(15.3,-14.3,0.));
#162 = LINE('',#163,#164);
#163 = CARTESIAN_POINT('',(15.3,-1.,0.));
#164 = VECTOR('',#165,1.);
#165 = DIRECTION('',(0.,-1.,0.));
#166 = ORIENTED_EDGE('',*,*,#167,.F.);
#167 = EDGE_CURVE('',#168,#160,#170,.T.);
#168 = VERTEX_POINT('',#169);
#169 = CARTESIAN_POINT('',(15.3,-14.3,-1.00144072));
#170 = LINE('',#171,#172);
#171 = CARTESIAN_POINT('',(15.3,-14.3,-1.00144072));
#172 = VECTOR('',#173,1.);
#173 = DIRECTION('',(0.,0.,1.));
#174 = ORIENTED_EDGE('',*,*,#175,.F.);
#175 = EDGE_CURVE('',#136,#168,#176,.T.);
#176 = LINE('',#177,#178);
#177 = CARTESIAN_POINT('',(15.3,-1.,-1.00144072));
#178 = VECTOR('',#179,1.);
#179 = DIRECTION('',(0.,-1.,0.));
#180 = PLANE('',#181);
#181 = AXIS2_PLACEMENT_3D('',#182,#183,#184);
#182 = CARTESIAN_POINT('',(15.3,-1.,-1.00144072));
#183 = DIRECTION('',(1.,0.,-0.));
#184 = DIRECTION('',(0.,-1.,0.));
#185 = ADVANCED_FACE('',(#186),#213,.T.);
#186 = FACE_BOUND('',#187,.T.);
#187 = EDGE_LOOP('',(#188,#189,#198,#206));
#188 = ORIENTED_EDGE('',*,*,#167,.T.);
#189 = ORIENTED_EDGE('',*,*,#190,.T.);
#190 = EDGE_CURVE('',#160,#191,#193,.T.);
#191 = VERTEX_POINT('',#192);
#192 = CARTESIAN_POINT('',(14.3,-15.3,0.));
#193 = CIRCLE('',#194,1.000364800791);
#194 = AXIS2_PLACEMENT_3D('',#195,#196,#197);
#195 = CARTESIAN_POINT('',(14.2996352657,-14.2996352657,0.));
#196 = DIRECTION('',(0.,0.,-1.));
#197 = DIRECTION('',(0.999999933533,-3.646012926802E-04,0.));
#198 = ORIENTED_EDGE('',*,*,#199,.F.);
#199 = EDGE_CURVE('',#200,#191,#202,.T.);
#200 = VERTEX_POINT('',#201);
#201 = CARTESIAN_POINT('',(14.3,-15.3,-1.00144072));
#202 = LINE('',#203,#204);
#203 = CARTESIAN_POINT('',(14.3,-15.3,-1.00144072));
#204 = VECTOR('',#205,1.);
#205 = DIRECTION('',(0.,0.,1.));
#206 = ORIENTED_EDGE('',*,*,#207,.F.);
#207 = EDGE_CURVE('',#168,#200,#208,.T.);
#208 = CIRCLE('',#209,1.000364800791);
#209 = AXIS2_PLACEMENT_3D('',#210,#211,#212);
#210 = CARTESIAN_POINT('',(14.2996352657,-14.2996352657,-1.00144072));
#211 = DIRECTION('',(0.,0.,-1.));
#212 = DIRECTION('',(0.999999933533,-3.646012926802E-04,0.));
#213 = CYLINDRICAL_SURFACE('',#214,1.000364800791);
#214 = AXIS2_PLACEMENT_3D('',#215,#216,#217);
#215 = CARTESIAN_POINT('',(14.2996352657,-14.2996352657,-1.00144072));
#216 = DIRECTION('',(0.,0.,-1.));
#217 = DIRECTION('',(0.999999933533,-3.646012926802E-04,0.));
#218 = ADVANCED_FACE('',(#219),#244,.T.);
#219 = FACE_BOUND('',#220,.T.);
#220 = EDGE_LOOP('',(#221,#222,#230,#238));
#221 = ORIENTED_EDGE('',*,*,#199,.T.);
#222 = ORIENTED_EDGE('',*,*,#223,.T.);
#223 = EDGE_CURVE('',#191,#224,#226,.T.);
#224 = VERTEX_POINT('',#225);
#225 = CARTESIAN_POINT('',(-14.3,-15.3,0.));
#226 = LINE('',#227,#228);
#227 = CARTESIAN_POINT('',(14.3,-15.3,0.));
#228 = VECTOR('',#229,1.);
#229 = DIRECTION('',(-1.,0.,0.));
#230 = ORIENTED_EDGE('',*,*,#231,.F.);
#231 = EDGE_CURVE('',#232,#224,#234,.T.);
#232 = VERTEX_POINT('',#233);
#233 = CARTESIAN_POINT('',(-14.3,-15.3,-1.00144072));
#234 = LINE('',#235,#236);
#235 = CARTESIAN_POINT('',(-14.3,-15.3,-1.00144072));
#236 = VECTOR('',#237,1.);
#237 = DIRECTION('',(0.,0.,1.));
#238 = ORIENTED_EDGE('',*,*,#239,.F.);
#239 = EDGE_CURVE('',#200,#232,#240,.T.);
#240 = LINE('',#241,#242);
#241 = CARTESIAN_POINT('',(14.3,-15.3,-1.00144072));
#242 = VECTOR('',#243,1.);
#243 = DIRECTION('',(-1.,0.,0.));
#244 = PLANE('',#245);
#245 = AXIS2_PLACEMENT_3D('',#246,#247,#248);
#246 = CARTESIAN_POINT('',(14.3,-15.3,-1.00144072));
#247 = DIRECTION('',(0.,-1.,0.));
#248 = DIRECTION('',(-1.,0.,0.));
#249 = ADVANCED_FACE('',(#250),#268,.T.);
#250 = FACE_BOUND('',#251,.T.);
#251 = EDGE_LOOP('',(#252,#253,#260,#261));
#252 = ORIENTED_EDGE('',*,*,#231,.T.);
#253 = ORIENTED_EDGE('',*,*,#254,.T.);
#254 = EDGE_CURVE('',#224,#24,#255,.T.);
#255 = CIRCLE('',#256,1.000364800791);
#256 = AXIS2_PLACEMENT_3D('',#257,#258,#259);
#257 = CARTESIAN_POINT('',(-14.2996352657,-14.2996352657,0.));
#258 = DIRECTION('',(0.,0.,-1.));
#259 = DIRECTION('',(-3.646012926802E-04,-0.999999933533,-0.));
#260 = ORIENTED_EDGE('',*,*,#21,.F.);
#261 = ORIENTED_EDGE('',*,*,#262,.F.);
#262 = EDGE_CURVE('',#232,#22,#263,.T.);
#263 = CIRCLE('',#264,1.000364800791);
#264 = AXIS2_PLACEMENT_3D('',#265,#266,#267);
#265 = CARTESIAN_POINT('',(-14.2996352657,-14.2996352657,-1.00144072));
#266 = DIRECTION('',(0.,0.,-1.));
#267 = DIRECTION('',(-3.646012926802E-04,-0.999999933533,-0.));
#268 = CYLINDRICAL_SURFACE('',#269,1.000364800791);
#269 = AXIS2_PLACEMENT_3D('',#270,#271,#272);
#270 = CARTESIAN_POINT('',(-14.2996352657,-14.2996352657,-1.00144072));
#271 = DIRECTION('',(0.,0.,-1.));
#272 = DIRECTION('',(-3.646012926802E-04,-0.999999933533,-0.));
#273 = ADVANCED_FACE('',(#274),#301,.F.);
#274 = FACE_BOUND('',#275,.T.);
#275 = EDGE_LOOP('',(#276,#286,#293,#294));
#276 = ORIENTED_EDGE('',*,*,#277,.T.);
#277 = EDGE_CURVE('',#278,#280,#282,.T.);
#278 = VERTEX_POINT('',#279);
#279 = CARTESIAN_POINT('',(-12.475,-13.5,-1.00144072));
#280 = VERTEX_POINT('',#281);
#281 = CARTESIAN_POINT('',(-12.475,-13.5,0.));
#282 = LINE('',#283,#284);
#283 = CARTESIAN_POINT('',(-12.475,-13.5,-1.00144072));
#284 = VECTOR('',#285,1.);
#285 = DIRECTION('',(0.,0.,1.));
#286 = ORIENTED_EDGE('',*,*,#287,.T.);
#287 = EDGE_CURVE('',#280,#280,#288,.T.);
#288 = CIRCLE('',#289,1.025);
#289 = AXIS2_PLACEMENT_3D('',#290,#291,#292);
#290 = CARTESIAN_POINT('',(-13.5,-13.5,0.));
#291 = DIRECTION('',(0.,0.,1.));
#292 = DIRECTION('',(1.,0.,-0.));
#293 = ORIENTED_EDGE('',*,*,#277,.F.);
#294 = ORIENTED_EDGE('',*,*,#295,.F.);
#295 = EDGE_CURVE('',#278,#278,#296,.T.);
#296 = CIRCLE('',#297,1.025);
#297 = AXIS2_PLACEMENT_3D('',#298,#299,#300);
#298 = CARTESIAN_POINT('',(-13.5,-13.5,-1.00144072));
#299 = DIRECTION('',(0.,0.,1.));
#300 = DIRECTION('',(1.,0.,-0.));
#301 = CYLINDRICAL_SURFACE('',#302,1.025);
#302 = AXIS2_PLACEMENT_3D('',#303,#304,#305);
#303 = CARTESIAN_POINT('',(-13.5,-13.5,-1.00144072));
#304 = DIRECTION('',(-0.,-0.,-1.));
#305 = DIRECTION('',(1.,0.,-0.));
#306 = ADVANCED_FACE('',(#307),#334,.F.);
#307 = FACE_BOUND('',#308,.T.);
#308 = EDGE_LOOP('',(#309,#319,#326,#327));
#309 = ORIENTED_EDGE('',*,*,#310,.T.);
#310 = EDGE_CURVE('',#311,#313,#315,.T.);
#311 = VERTEX_POINT('',#312);
#312 = CARTESIAN_POINT('',(-12.95,-9.6,-1.00144072));
#313 = VERTEX_POINT('',#314);
#314 = CARTESIAN_POINT('',(-12.95,-9.6,0.));
#315 = LINE('',#316,#317);
#316 = CARTESIAN_POINT('',(-12.95,-9.6,-1.00144072));
#317 = VECTOR('',#318,1.);
#318 = DIRECTION('',(0.,0.,1.));
#319 = ORIENTED_EDGE('',*,*,#320,.T.);
#320 = EDGE_CURVE('',#313,#313,#321,.T.);
#321 = CIRCLE('',#322,0.55);
#322 = AXIS2_PLACEMENT_3D('',#323,#324,#325);
#323 = CARTESIAN_POINT('',(-13.5,-9.6,0.));
#324 = DIRECTION('',(0.,0.,1.));
#325 = DIRECTION('',(1.,0.,-0.));
#326 = ORIENTED_EDGE('',*,*,#310,.F.);
#327 = ORIENTED_EDGE('',*,*,#328,.F.);
#328 = EDGE_CURVE('',#311,#311,#329,.T.);
#329 = CIRCLE('',#330,0.55);
#330 = AXIS2_PLACEMENT_3D('',#331,#332,#333);
#331 = CARTESIAN_POINT('',(-13.5,-9.6,-1.00144072));
#332 = DIRECTION('',(0.,0.,1.));
#333 = DIRECTION('',(1.,0.,-0.));
#334 = CYLINDRICAL_SURFACE('',#335,0.55);
#335 = AXIS2_PLACEMENT_3D('',#336,#337,#338);
#336 = CARTESIAN_POINT('',(-13.5,-9.6,-1.00144072));
#337 = DIRECTION('',(-0.,-0.,-1.));
#338 = DIRECTION('',(1.,0.,-0.));
#339 = ADVANCED_FACE('',(#340),#367,.F.);
#340 = FACE_BOUND('',#341,.T.);
#341 = EDGE_LOOP('',(#342,#352,#359,#360));
#342 = ORIENTED_EDGE('',*,*,#343,.T.);
#343 = EDGE_CURVE('',#344,#346,#348,.T.);
#344 = VERTEX_POINT('',#345);
#345 = CARTESIAN_POINT('',(-8.35,-12.2,-1.00144072));
#346 = VERTEX_POINT('',#347);
#347 = CARTESIAN_POINT('',(-8.35,-12.2,0.));
#348 = LINE('',#349,#350);
#349 = CARTESIAN_POINT('',(-8.35,-12.2,-1.00144072));
#350 = VECTOR('',#351,1.);
#351 = DIRECTION('',(0.,0.,1.));
#352 = ORIENTED_EDGE('',*,*,#353,.T.);
#353 = EDGE_CURVE('',#346,#346,#354,.T.);
#354 = CIRCLE('',#355,0.45);
#355 = AXIS2_PLACEMENT_3D('',#356,#357,#358);
#356 = CARTESIAN_POINT('',(-8.8,-12.2,0.));
#357 = DIRECTION('',(0.,0.,1.));
#358 = DIRECTION('',(1.,0.,-0.));
#359 = ORIENTED_EDGE('',*,*,#343,.F.);
#360 = ORIENTED_EDGE('',*,*,#361,.F.);
#361 = EDGE_CURVE('',#344,#344,#362,.T.);
#362 = CIRCLE('',#363,0.45);
#363 = AXIS2_PLACEMENT_3D('',#364,#365,#366);
#364 = CARTESIAN_POINT('',(-8.8,-12.2,-1.00144072));
#365 = DIRECTION('',(0.,0.,1.));
#366 = DIRECTION('',(1.,0.,-0.));
#367 = CYLINDRICAL_SURFACE('',#368,0.45);
#368 = AXIS2_PLACEMENT_3D('',#369,#370,#371);
#369 = CARTESIAN_POINT('',(-8.8,-12.2,-1.00144072));
#370 = DIRECTION('',(-0.,-0.,-1.));
#371 = DIRECTION('',(1.,0.,-0.));
#372 = ADVANCED_FACE('',(#373),#400,.F.);
#373 = FACE_BOUND('',#374,.T.);
#374 = EDGE_LOOP('',(#375,#385,#392,#393));
#375 = ORIENTED_EDGE('',*,*,#376,.T.);
#376 = EDGE_CURVE('',#377,#379,#381,.T.);
#377 = VERTEX_POINT('',#378);
#378 = CARTESIAN_POINT('',(-0.73,-12.2,-1.00144072));
#379 = VERTEX_POINT('',#380);
#380 = CARTESIAN_POINT('',(-0.73,-12.2,0.));
#381 = LINE('',#382,#383);
#382 = CARTESIAN_POINT('',(-0.73,-12.2,-1.00144072));
#383 = VECTOR('',#384,1.);
#384 = DIRECTION('',(0.,0.,1.));
#385 = ORIENTED_EDGE('',*,*,#386,.T.);
#386 = EDGE_CURVE('',#379,#379,#387,.T.);
#387 = CIRCLE('',#388,0.45);
#388 = AXIS2_PLACEMENT_3D('',#389,#390,#391);
#389 = CARTESIAN_POINT('',(-1.18,-12.2,0.));
#390 = DIRECTION('',(0.,0.,1.));
#391 = DIRECTION('',(1.,0.,-0.));
#392 = ORIENTED_EDGE('',*,*,#376,.F.);
#393 = ORIENTED_EDGE('',*,*,#394,.F.);
#394 = EDGE_CURVE('',#377,#377,#395,.T.);
#395 = CIRCLE('',#396,0.45);
#396 = AXIS2_PLACEMENT_3D('',#397,#398,#399);
#397 = CARTESIAN_POINT('',(-1.18,-12.2,-1.00144072));
#398 = DIRECTION('',(0.,0.,1.));
#399 = DIRECTION('',(1.,0.,-0.));
#400 = CYLINDRICAL_SURFACE('',#401,0.45);
#401 = AXIS2_PLACEMENT_3D('',#402,#403,#404);
#402 = CARTESIAN_POINT('',(-1.18,-12.2,-1.00144072));
#403 = DIRECTION('',(-0.,-0.,-1.));
#404 = DIRECTION('',(1.,0.,-0.));
#405 = ADVANCED_FACE('',(#406),#433,.F.);
#406 = FACE_BOUND('',#407,.T.);
#407 = EDGE_LOOP('',(#408,#418,#425,#426));
#408 = ORIENTED_EDGE('',*,*,#409,.T.);
#409 = EDGE_CURVE('',#410,#412,#414,.T.);
#410 = VERTEX_POINT('',#411);
#411 = CARTESIAN_POINT('',(-5.81,-12.2,-1.00144072));
#412 = VERTEX_POINT('',#413);
#413 = CARTESIAN_POINT('',(-5.81,-12.2,0.));
#414 = LINE('',#415,#416);
#415 = CARTESIAN_POINT('',(-5.81,-12.2,-1.00144072));
#416 = VECTOR('',#417,1.);
#417 = DIRECTION('',(0.,0.,1.));
#418 = ORIENTED_EDGE('',*,*,#419,.T.);
#419 = EDGE_CURVE('',#412,#412,#420,.T.);
#420 = CIRCLE('',#421,0.45);
#421 = AXIS2_PLACEMENT_3D('',#422,#423,#424);
#422 = CARTESIAN_POINT('',(-6.26,-12.2,0.));
#423 = DIRECTION('',(0.,0.,1.));
#424 = DIRECTION('',(1.,0.,-0.));
#425 = ORIENTED_EDGE('',*,*,#409,.F.);
#426 = ORIENTED_EDGE('',*,*,#427,.F.);
#427 = EDGE_CURVE('',#410,#410,#428,.T.);
#428 = CIRCLE('',#429,0.45);
#429 = AXIS2_PLACEMENT_3D('',#430,#431,#432);
#430 = CARTESIAN_POINT('',(-6.26,-12.2,-1.00144072));
#431 = DIRECTION('',(0.,0.,1.));
#432 = DIRECTION('',(1.,0.,-0.));
#433 = CYLINDRICAL_SURFACE('',#434,0.45);
#434 = AXIS2_PLACEMENT_3D('',#435,#436,#437);
#435 = CARTESIAN_POINT('',(-6.26,-12.2,-1.00144072));
#436 = DIRECTION('',(-0.,-0.,-1.));
#437 = DIRECTION('',(1.,0.,-0.));
#438 = ADVANCED_FACE('',(#439),#466,.F.);
#439 = FACE_BOUND('',#440,.T.);
#440 = EDGE_LOOP('',(#441,#451,#458,#459));
#441 = ORIENTED_EDGE('',*,*,#442,.T.);
#442 = EDGE_CURVE('',#443,#445,#447,.T.);
#443 = VERTEX_POINT('',#444);
#444 = CARTESIAN_POINT('',(-3.27,-12.2,-1.00144072));
#445 = VERTEX_POINT('',#446);
#446 = CARTESIAN_POINT('',(-3.27,-12.2,0.));
#447 = LINE('',#448,#449);
#448 = CARTESIAN_POINT('',(-3.27,-12.2,-1.00144072));
#449 = VECTOR('',#450,1.);
#450 = DIRECTION('',(0.,0.,1.));
#451 = ORIENTED_EDGE('',*,*,#452,.T.);
#452 = EDGE_CURVE('',#445,#445,#453,.T.);
#453 = CIRCLE('',#454,0.45);
#454 = AXIS2_PLACEMENT_3D('',#455,#456,#457);
#455 = CARTESIAN_POINT('',(-3.72,-12.2,0.));
#456 = DIRECTION('',(0.,0.,1.));
#457 = DIRECTION('',(1.,0.,-0.));
#458 = ORIENTED_EDGE('',*,*,#442,.F.);
#459 = ORIENTED_EDGE('',*,*,#460,.F.);
#460 = EDGE_CURVE('',#443,#443,#461,.T.);
#461 = CIRCLE('',#462,0.45);
#462 = AXIS2_PLACEMENT_3D('',#463,#464,#465);
#463 = CARTESIAN_POINT('',(-3.72,-12.2,-1.00144072));
#464 = DIRECTION('',(0.,0.,1.));
#465 = DIRECTION('',(1.,0.,-0.));
#466 = CYLINDRICAL_SURFACE('',#467,0.45);
#467 = AXIS2_PLACEMENT_3D('',#468,#469,#470);
#468 = CARTESIAN_POINT('',(-3.72,-12.2,-1.00144072));
#469 = DIRECTION('',(-0.,-0.,-1.));
#470 = DIRECTION('',(1.,0.,-0.));
#471 = ADVANCED_FACE('',(#472),#499,.F.);
#472 = FACE_BOUND('',#473,.T.);
#473 = EDGE_LOOP('',(#474,#484,#491,#492));
#474 = ORIENTED_EDGE('',*,*,#475,.T.);
#475 = EDGE_CURVE('',#476,#478,#480,.T.);
#476 = VERTEX_POINT('',#477);
#477 = CARTESIAN_POINT('',(-8.35,-6.7,-1.00144072));
#478 = VERTEX_POINT('',#479);
#479 = CARTESIAN_POINT('',(-8.35,-6.7,0.));
#480 = LINE('',#481,#482);
#481 = CARTESIAN_POINT('',(-8.35,-6.7,-1.00144072));
#482 = VECTOR('',#483,1.);
#483 = DIRECTION('',(0.,0.,1.));
#484 = ORIENTED_EDGE('',*,*,#485,.T.);
#485 = EDGE_CURVE('',#478,#478,#486,.T.);
#486 = CIRCLE('',#487,0.45);
#487 = AXIS2_PLACEMENT_3D('',#488,#489,#490);
#488 = CARTESIAN_POINT('',(-8.8,-6.7,0.));
#489 = DIRECTION('',(0.,0.,1.));
#490 = DIRECTION('',(1.,0.,-0.));
#491 = ORIENTED_EDGE('',*,*,#475,.F.);
#492 = ORIENTED_EDGE('',*,*,#493,.F.);
#493 = EDGE_CURVE('',#476,#476,#494,.T.);
#494 = CIRCLE('',#495,0.45);
#495 = AXIS2_PLACEMENT_3D('',#496,#497,#498);
#496 = CARTESIAN_POINT('',(-8.8,-6.7,-1.00144072));
#497 = DIRECTION('',(0.,0.,1.));
#498 = DIRECTION('',(1.,0.,-0.));
#499 = CYLINDRICAL_SURFACE('',#500,0.45);
#500 = AXIS2_PLACEMENT_3D('',#501,#502,#503);
#501 = CARTESIAN_POINT('',(-8.8,-6.7,-1.00144072));
#502 = DIRECTION('',(-0.,-0.,-1.));
#503 = DIRECTION('',(1.,0.,-0.));
#504 = ADVANCED_FACE('',(#505),#532,.F.);
#505 = FACE_BOUND('',#506,.T.);
#506 = EDGE_LOOP('',(#507,#517,#524,#525));
#507 = ORIENTED_EDGE('',*,*,#508,.T.);
#508 = EDGE_CURVE('',#509,#511,#513,.T.);
#509 = VERTEX_POINT('',#510);
#510 = CARTESIAN_POINT('',(-12.475,-5.7,-1.00144072));
#511 = VERTEX_POINT('',#512);
#512 = CARTESIAN_POINT('',(-12.475,-5.7,0.));
#513 = LINE('',#514,#515);
#514 = CARTESIAN_POINT('',(-12.475,-5.7,-1.00144072));
#515 = VECTOR('',#516,1.);
#516 = DIRECTION('',(0.,0.,1.));
#517 = ORIENTED_EDGE('',*,*,#518,.T.);
#518 = EDGE_CURVE('',#511,#511,#519,.T.);
#519 = CIRCLE('',#520,1.025);
#520 = AXIS2_PLACEMENT_3D('',#521,#522,#523);
#521 = CARTESIAN_POINT('',(-13.5,-5.7,0.));
#522 = DIRECTION('',(0.,0.,1.));
#523 = DIRECTION('',(1.,0.,-0.));
#524 = ORIENTED_EDGE('',*,*,#508,.F.);
#525 = ORIENTED_EDGE('',*,*,#526,.F.);
#526 = EDGE_CURVE('',#509,#509,#527,.T.);
#527 = CIRCLE('',#528,1.025);
#528 = AXIS2_PLACEMENT_3D('',#529,#530,#531);
#529 = CARTESIAN_POINT('',(-13.5,-5.7,-1.00144072));
#530 = DIRECTION('',(0.,0.,1.));
#531 = DIRECTION('',(1.,0.,-0.));
#532 = CYLINDRICAL_SURFACE('',#533,1.025);
#533 = AXIS2_PLACEMENT_3D('',#534,#535,#536);
#534 = CARTESIAN_POINT('',(-13.5,-5.7,-1.00144072));
#535 = DIRECTION('',(-0.,-0.,-1.));
#536 = DIRECTION('',(1.,0.,-0.));
#537 = ADVANCED_FACE('',(#538),#565,.F.);
#538 = FACE_BOUND('',#539,.T.);
#539 = EDGE_LOOP('',(#540,#550,#557,#558));
#540 = ORIENTED_EDGE('',*,*,#541,.T.);
#541 = EDGE_CURVE('',#542,#544,#546,.T.);
#542 = VERTEX_POINT('',#543);
#543 = CARTESIAN_POINT('',(-12.95,-1.8,-1.00144072));
#544 = VERTEX_POINT('',#545);
#545 = CARTESIAN_POINT('',(-12.95,-1.8,0.));
#546 = LINE('',#547,#548);
#547 = CARTESIAN_POINT('',(-12.95,-1.8,-1.00144072));
#548 = VECTOR('',#549,1.);
#549 = DIRECTION('',(0.,0.,1.));
#550 = ORIENTED_EDGE('',*,*,#551,.T.);
#551 = EDGE_CURVE('',#544,#544,#552,.T.);
#552 = CIRCLE('',#553,0.55);
#553 = AXIS2_PLACEMENT_3D('',#554,#555,#556);
#554 = CARTESIAN_POINT('',(-13.5,-1.8,0.));
#555 = DIRECTION('',(0.,0.,1.));
#556 = DIRECTION('',(1.,0.,-0.));
#557 = ORIENTED_EDGE('',*,*,#541,.F.);
#558 = ORIENTED_EDGE('',*,*,#559,.F.);
#559 = EDGE_CURVE('',#542,#542,#560,.T.);
#560 = CIRCLE('',#561,0.55);
#561 = AXIS2_PLACEMENT_3D('',#562,#563,#564);
#562 = CARTESIAN_POINT('',(-13.5,-1.8,-1.00144072));
#563 = DIRECTION('',(0.,0.,1.));
#564 = DIRECTION('',(1.,0.,-0.));
#565 = CYLINDRICAL_SURFACE('',#566,0.55);
#566 = AXIS2_PLACEMENT_3D('',#567,#568,#569);
#567 = CARTESIAN_POINT('',(-13.5,-1.8,-1.00144072));
#568 = DIRECTION('',(-0.,-0.,-1.));
#569 = DIRECTION('',(1.,0.,-0.));
#570 = ADVANCED_FACE('',(#571),#598,.F.);
#571 = FACE_BOUND('',#572,.T.);
#572 = EDGE_LOOP('',(#573,#583,#590,#591));
#573 = ORIENTED_EDGE('',*,*,#574,.T.);
#574 = EDGE_CURVE('',#575,#577,#579,.T.);
#575 = VERTEX_POINT('',#576);
#576 = CARTESIAN_POINT('',(-0.73,-6.7,-1.00144072));
#577 = VERTEX_POINT('',#578);
#578 = CARTESIAN_POINT('',(-0.73,-6.7,0.));
#579 = LINE('',#580,#581);
#580 = CARTESIAN_POINT('',(-0.73,-6.7,-1.00144072));
#581 = VECTOR('',#582,1.);
#582 = DIRECTION('',(0.,0.,1.));
#583 = ORIENTED_EDGE('',*,*,#584,.T.);
#584 = EDGE_CURVE('',#577,#577,#585,.T.);
#585 = CIRCLE('',#586,0.45);
#586 = AXIS2_PLACEMENT_3D('',#587,#588,#589);
#587 = CARTESIAN_POINT('',(-1.18,-6.7,0.));
#588 = DIRECTION('',(0.,0.,1.));
#589 = DIRECTION('',(1.,0.,-0.));
#590 = ORIENTED_EDGE('',*,*,#574,.F.);
#591 = ORIENTED_EDGE('',*,*,#592,.F.);
#592 = EDGE_CURVE('',#575,#575,#593,.T.);
#593 = CIRCLE('',#594,0.45);
#594 = AXIS2_PLACEMENT_3D('',#595,#596,#597);
#595 = CARTESIAN_POINT('',(-1.18,-6.7,-1.00144072));
#596 = DIRECTION('',(0.,0.,1.));
#597 = DIRECTION('',(1.,0.,-0.));
#598 = CYLINDRICAL_SURFACE('',#599,0.45);
#599 = AXIS2_PLACEMENT_3D('',#600,#601,#602);
#600 = CARTESIAN_POINT('',(-1.18,-6.7,-1.00144072));
#601 = DIRECTION('',(-0.,-0.,-1.));
#602 = DIRECTION('',(1.,0.,-0.));
#603 = ADVANCED_FACE('',(#604),#631,.F.);
#604 = FACE_BOUND('',#605,.T.);
#605 = EDGE_LOOP('',(#606,#616,#623,#624));
#606 = ORIENTED_EDGE('',*,*,#607,.T.);
#607 = EDGE_CURVE('',#608,#610,#612,.T.);
#608 = VERTEX_POINT('',#609);
#609 = CARTESIAN_POINT('',(-5.81,-6.7,-1.00144072));
#610 = VERTEX_POINT('',#611);
#611 = CARTESIAN_POINT('',(-5.81,-6.7,0.));
#612 = LINE('',#613,#614);
#613 = CARTESIAN_POINT('',(-5.81,-6.7,-1.00144072));
#614 = VECTOR('',#615,1.);
#615 = DIRECTION('',(0.,0.,1.));
#616 = ORIENTED_EDGE('',*,*,#617,.T.);
#617 = EDGE_CURVE('',#610,#610,#618,.T.);
#618 = CIRCLE('',#619,0.45);
#619 = AXIS2_PLACEMENT_3D('',#620,#621,#622);
#620 = CARTESIAN_POINT('',(-6.26,-6.7,0.));
#621 = DIRECTION('',(0.,0.,1.));
#622 = DIRECTION('',(1.,0.,-0.));
#623 = ORIENTED_EDGE('',*,*,#607,.F.);
#624 = ORIENTED_EDGE('',*,*,#625,.F.);
#625 = EDGE_CURVE('',#608,#608,#626,.T.);
#626 = CIRCLE('',#627,0.45);
#627 = AXIS2_PLACEMENT_3D('',#628,#629,#630);
#628 = CARTESIAN_POINT('',(-6.26,-6.7,-1.00144072));
#629 = DIRECTION('',(0.,0.,1.));
#630 = DIRECTION('',(1.,0.,-0.));
#631 = CYLINDRICAL_SURFACE('',#632,0.45);
#632 = AXIS2_PLACEMENT_3D('',#633,#634,#635);
#633 = CARTESIAN_POINT('',(-6.26,-6.7,-1.00144072));
#634 = DIRECTION('',(-0.,-0.,-1.));
#635 = DIRECTION('',(1.,0.,-0.));
#636 = ADVANCED_FACE('',(#637),#664,.F.);
#637 = FACE_BOUND('',#638,.T.);
#638 = EDGE_LOOP('',(#639,#649,#656,#657));
#639 = ORIENTED_EDGE('',*,*,#640,.T.);
#640 = EDGE_CURVE('',#641,#643,#645,.T.);
#641 = VERTEX_POINT('',#642);
#642 = CARTESIAN_POINT('',(-3.27,-6.7,-1.00144072));
#643 = VERTEX_POINT('',#644);
#644 = CARTESIAN_POINT('',(-3.27,-6.7,0.));
#645 = LINE('',#646,#647);
#646 = CARTESIAN_POINT('',(-3.27,-6.7,-1.00144072));
#647 = VECTOR('',#648,1.);
#648 = DIRECTION('',(0.,0.,1.));
#649 = ORIENTED_EDGE('',*,*,#650,.T.);
#650 = EDGE_CURVE('',#643,#643,#651,.T.);
#651 = CIRCLE('',#652,0.45);
#652 = AXIS2_PLACEMENT_3D('',#653,#654,#655);
#653 = CARTESIAN_POINT('',(-3.72,-6.7,0.));
#654 = DIRECTION('',(0.,0.,1.));
#655 = DIRECTION('',(1.,0.,-0.));
#656 = ORIENTED_EDGE('',*,*,#640,.F.);
#657 = ORIENTED_EDGE('',*,*,#658,.F.);
#658 = EDGE_CURVE('',#641,#641,#659,.T.);
#659 = CIRCLE('',#660,0.45);
#660 = AXIS2_PLACEMENT_3D('',#661,#662,#663);
#661 = CARTESIAN_POINT('',(-3.72,-6.7,-1.00144072));
#662 = DIRECTION('',(0.,0.,1.));
#663 = DIRECTION('',(1.,0.,-0.));
#664 = CYLINDRICAL_SURFACE('',#665,0.45);
#665 = AXIS2_PLACEMENT_3D('',#666,#667,#668);
#666 = CARTESIAN_POINT('',(-3.72,-6.7,-1.00144072));
#667 = DIRECTION('',(-0.,-0.,-1.));
#668 = DIRECTION('',(1.,0.,-0.));
#669 = ADVANCED_FACE('',(#670),#697,.F.);
#670 = FACE_BOUND('',#671,.T.);
#671 = EDGE_LOOP('',(#672,#682,#689,#690));
#672 = ORIENTED_EDGE('',*,*,#673,.T.);
#673 = EDGE_CURVE('',#674,#676,#678,.T.);
#674 = VERTEX_POINT('',#675);
#675 = CARTESIAN_POINT('',(6.89,-12.2,-1.00144072));
#676 = VERTEX_POINT('',#677);
#677 = CARTESIAN_POINT('',(6.89,-12.2,0.));
#678 = LINE('',#679,#680);
#679 = CARTESIAN_POINT('',(6.89,-12.2,-1.00144072));
#680 = VECTOR('',#681,1.);
#681 = DIRECTION('',(0.,0.,1.));
#682 = ORIENTED_EDGE('',*,*,#683,.T.);
#683 = EDGE_CURVE('',#676,#676,#684,.T.);
#684 = CIRCLE('',#685,0.45);
#685 = AXIS2_PLACEMENT_3D('',#686,#687,#688);
#686 = CARTESIAN_POINT('',(6.44,-12.2,0.));
#687 = DIRECTION('',(0.,0.,1.));
#688 = DIRECTION('',(1.,0.,-0.));
#689 = ORIENTED_EDGE('',*,*,#673,.F.);
#690 = ORIENTED_EDGE('',*,*,#691,.F.);
#691 = EDGE_CURVE('',#674,#674,#692,.T.);
#692 = CIRCLE('',#693,0.45);
#693 = AXIS2_PLACEMENT_3D('',#694,#695,#696);
#694 = CARTESIAN_POINT('',(6.44,-12.2,-1.00144072));
#695 = DIRECTION('',(0.,0.,1.));
#696 = DIRECTION('',(1.,0.,-0.));
#697 = CYLINDRICAL_SURFACE('',#698,0.45);
#698 = AXIS2_PLACEMENT_3D('',#699,#700,#701);
#699 = CARTESIAN_POINT('',(6.44,-12.2,-1.00144072));
#700 = DIRECTION('',(-0.,-0.,-1.));
#701 = DIRECTION('',(1.,0.,-0.));
#702 = ADVANCED_FACE('',(#703),#730,.F.);
#703 = FACE_BOUND('',#704,.T.);
#704 = EDGE_LOOP('',(#705,#715,#722,#723));
#705 = ORIENTED_EDGE('',*,*,#706,.T.);
#706 = EDGE_CURVE('',#707,#709,#711,.T.);
#707 = VERTEX_POINT('',#708);
#708 = CARTESIAN_POINT('',(1.81,-12.2,-1.00144072));
#709 = VERTEX_POINT('',#710);
#710 = CARTESIAN_POINT('',(1.81,-12.2,0.));
#711 = LINE('',#712,#713);
#712 = CARTESIAN_POINT('',(1.81,-12.2,-1.00144072));
#713 = VECTOR('',#714,1.);
#714 = DIRECTION('',(0.,0.,1.));
#715 = ORIENTED_EDGE('',*,*,#716,.T.);
#716 = EDGE_CURVE('',#709,#709,#717,.T.);
#717 = CIRCLE('',#718,0.45);
#718 = AXIS2_PLACEMENT_3D('',#719,#720,#721);
#719 = CARTESIAN_POINT('',(1.36,-12.2,0.));
#720 = DIRECTION('',(0.,0.,1.));
#721 = DIRECTION('',(1.,0.,-0.));
#722 = ORIENTED_EDGE('',*,*,#706,.F.);
#723 = ORIENTED_EDGE('',*,*,#724,.F.);
#724 = EDGE_CURVE('',#707,#707,#725,.T.);
#725 = CIRCLE('',#726,0.45);
#726 = AXIS2_PLACEMENT_3D('',#727,#728,#729);
#727 = CARTESIAN_POINT('',(1.36,-12.2,-1.00144072));
#728 = DIRECTION('',(0.,0.,1.));
#729 = DIRECTION('',(1.,0.,-0.));
#730 = CYLINDRICAL_SURFACE('',#731,0.45);
#731 = AXIS2_PLACEMENT_3D('',#732,#733,#734);
#732 = CARTESIAN_POINT('',(1.36,-12.2,-1.00144072));
#733 = DIRECTION('',(-0.,-0.,-1.));
#734 = DIRECTION('',(1.,0.,-0.));
#735 = ADVANCED_FACE('',(#736),#763,.F.);
#736 = FACE_BOUND('',#737,.T.);
#737 = EDGE_LOOP('',(#738,#748,#755,#756));
#738 = ORIENTED_EDGE('',*,*,#739,.T.);
#739 = EDGE_CURVE('',#740,#742,#744,.T.);
#740 = VERTEX_POINT('',#741);
#741 = CARTESIAN_POINT('',(4.35,-12.2,-1.00144072));
#742 = VERTEX_POINT('',#743);
#743 = CARTESIAN_POINT('',(4.35,-12.2,0.));
#744 = LINE('',#745,#746);
#745 = CARTESIAN_POINT('',(4.35,-12.2,-1.00144072));
#746 = VECTOR('',#747,1.);
#747 = DIRECTION('',(0.,0.,1.));
#748 = ORIENTED_EDGE('',*,*,#749,.T.);
#749 = EDGE_CURVE('',#742,#742,#750,.T.);
#750 = CIRCLE('',#751,0.45);
#751 = AXIS2_PLACEMENT_3D('',#752,#753,#754);
#752 = CARTESIAN_POINT('',(3.9,-12.2,0.));
#753 = DIRECTION('',(0.,0.,1.));
#754 = DIRECTION('',(1.,0.,-0.));
#755 = ORIENTED_EDGE('',*,*,#739,.F.);
#756 = ORIENTED_EDGE('',*,*,#757,.F.);
#757 = EDGE_CURVE('',#740,#740,#758,.T.);
#758 = CIRCLE('',#759,0.45);
#759 = AXIS2_PLACEMENT_3D('',#760,#761,#762);
#760 = CARTESIAN_POINT('',(3.9,-12.2,-1.00144072));
#761 = DIRECTION('',(0.,0.,1.));
#762 = DIRECTION('',(1.,0.,-0.));
#763 = CYLINDRICAL_SURFACE('',#764,0.45);
#764 = AXIS2_PLACEMENT_3D('',#765,#766,#767);
#765 = CARTESIAN_POINT('',(3.9,-12.2,-1.00144072));
#766 = DIRECTION('',(-0.,-0.,-1.));
#767 = DIRECTION('',(1.,0.,-0.));
#768 = ADVANCED_FACE('',(#769),#796,.F.);
#769 = FACE_BOUND('',#770,.T.);
#770 = EDGE_LOOP('',(#771,#781,#788,#789));
#771 = ORIENTED_EDGE('',*,*,#772,.T.);
#772 = EDGE_CURVE('',#773,#775,#777,.T.);
#773 = VERTEX_POINT('',#774);
#774 = CARTESIAN_POINT('',(14.525,-13.5,-1.00144072));
#775 = VERTEX_POINT('',#776);
#776 = CARTESIAN_POINT('',(14.525,-13.5,0.));
#777 = LINE('',#778,#779);
#778 = CARTESIAN_POINT('',(14.525,-13.5,-1.00144072));
#779 = VECTOR('',#780,1.);
#780 = DIRECTION('',(0.,0.,1.));
#781 = ORIENTED_EDGE('',*,*,#782,.T.);
#782 = EDGE_CURVE('',#775,#775,#783,.T.);
#783 = CIRCLE('',#784,1.025);
#784 = AXIS2_PLACEMENT_3D('',#785,#786,#787);
#785 = CARTESIAN_POINT('',(13.5,-13.5,0.));
#786 = DIRECTION('',(0.,0.,1.));
#787 = DIRECTION('',(1.,0.,-0.));
#788 = ORIENTED_EDGE('',*,*,#772,.F.);
#789 = ORIENTED_EDGE('',*,*,#790,.F.);
#790 = EDGE_CURVE('',#773,#773,#791,.T.);
#791 = CIRCLE('',#792,1.025);
#792 = AXIS2_PLACEMENT_3D('',#793,#794,#795);
#793 = CARTESIAN_POINT('',(13.5,-13.5,-1.00144072));
#794 = DIRECTION('',(0.,0.,1.));
#795 = DIRECTION('',(1.,0.,-0.));
#796 = CYLINDRICAL_SURFACE('',#797,1.025);
#797 = AXIS2_PLACEMENT_3D('',#798,#799,#800);
#798 = CARTESIAN_POINT('',(13.5,-13.5,-1.00144072));
#799 = DIRECTION('',(-0.,-0.,-1.));
#800 = DIRECTION('',(1.,0.,-0.));
#801 = ADVANCED_FACE('',(#802),#829,.F.);
#802 = FACE_BOUND('',#803,.T.);
#803 = EDGE_LOOP('',(#804,#814,#821,#822));
#804 = ORIENTED_EDGE('',*,*,#805,.T.);
#805 = EDGE_CURVE('',#806,#808,#810,.T.);
#806 = VERTEX_POINT('',#807);
#807 = CARTESIAN_POINT('',(9.43,-12.2,-1.00144072));
#808 = VERTEX_POINT('',#809);
#809 = CARTESIAN_POINT('',(9.43,-12.2,0.));
#810 = LINE('',#811,#812);
#811 = CARTESIAN_POINT('',(9.43,-12.2,-1.00144072));
#812 = VECTOR('',#813,1.);
#813 = DIRECTION('',(0.,0.,1.));
#814 = ORIENTED_EDGE('',*,*,#815,.T.);
#815 = EDGE_CURVE('',#808,#808,#816,.T.);
#816 = CIRCLE('',#817,0.45);
#817 = AXIS2_PLACEMENT_3D('',#818,#819,#820);
#818 = CARTESIAN_POINT('',(8.98,-12.2,0.));
#819 = DIRECTION('',(0.,0.,1.));
#820 = DIRECTION('',(1.,0.,-0.));
#821 = ORIENTED_EDGE('',*,*,#805,.F.);
#822 = ORIENTED_EDGE('',*,*,#823,.F.);
#823 = EDGE_CURVE('',#806,#806,#824,.T.);
#824 = CIRCLE('',#825,0.45);
#825 = AXIS2_PLACEMENT_3D('',#826,#827,#828);
#826 = CARTESIAN_POINT('',(8.98,-12.2,-1.00144072));
#827 = DIRECTION('',(0.,0.,1.));
#828 = DIRECTION('',(1.,0.,-0.));
#829 = CYLINDRICAL_SURFACE('',#830,0.45);
#830 = AXIS2_PLACEMENT_3D('',#831,#832,#833);
#831 = CARTESIAN_POINT('',(8.98,-12.2,-1.00144072));
#832 = DIRECTION('',(-0.,-0.,-1.));
#833 = DIRECTION('',(1.,0.,-0.));
#834 = ADVANCED_FACE('',(#835),#862,.F.);
#835 = FACE_BOUND('',#836,.T.);
#836 = EDGE_LOOP('',(#837,#847,#854,#855));
#837 = ORIENTED_EDGE('',*,*,#838,.T.);
#838 = EDGE_CURVE('',#839,#841,#843,.T.);
#839 = VERTEX_POINT('',#840);
#840 = CARTESIAN_POINT('',(14.05,-9.6,-1.00144072));
#841 = VERTEX_POINT('',#842);
#842 = CARTESIAN_POINT('',(14.05,-9.6,0.));
#843 = LINE('',#844,#845);
#844 = CARTESIAN_POINT('',(14.05,-9.6,-1.00144072));
#845 = VECTOR('',#846,1.);
#846 = DIRECTION('',(0.,0.,1.));
#847 = ORIENTED_EDGE('',*,*,#848,.T.);
#848 = EDGE_CURVE('',#841,#841,#849,.T.);
#849 = CIRCLE('',#850,0.55);
#850 = AXIS2_PLACEMENT_3D('',#851,#852,#853);
#851 = CARTESIAN_POINT('',(13.5,-9.6,0.));
#852 = DIRECTION('',(0.,0.,1.));
#853 = DIRECTION('',(1.,0.,-0.));
#854 = ORIENTED_EDGE('',*,*,#838,.F.);
#855 = ORIENTED_EDGE('',*,*,#856,.F.);
#856 = EDGE_CURVE('',#839,#839,#857,.T.);
#857 = CIRCLE('',#858,0.55);
#858 = AXIS2_PLACEMENT_3D('',#859,#860,#861);
#859 = CARTESIAN_POINT('',(13.5,-9.6,-1.00144072));
#860 = DIRECTION('',(0.,0.,1.));
#861 = DIRECTION('',(1.,0.,-0.));
#862 = CYLINDRICAL_SURFACE('',#863,0.55);
#863 = AXIS2_PLACEMENT_3D('',#864,#865,#866);
#864 = CARTESIAN_POINT('',(13.5,-9.6,-1.00144072));
#865 = DIRECTION('',(-0.,-0.,-1.));
#866 = DIRECTION('',(1.,0.,-0.));
#867 = ADVANCED_FACE('',(#868),#895,.F.);
#868 = FACE_BOUND('',#869,.T.);
#869 = EDGE_LOOP('',(#870,#880,#887,#888));
#870 = ORIENTED_EDGE('',*,*,#871,.T.);
#871 = EDGE_CURVE('',#872,#874,#876,.T.);
#872 = VERTEX_POINT('',#873);
#873 = CARTESIAN_POINT('',(6.89,-6.7,-1.00144072));
#874 = VERTEX_POINT('',#875);
#875 = CARTESIAN_POINT('',(6.89,-6.7,0.));
#876 = LINE('',#877,#878);
#877 = CARTESIAN_POINT('',(6.89,-6.7,-1.00144072));
#878 = VECTOR('',#879,1.);
#879 = DIRECTION('',(0.,0.,1.));
#880 = ORIENTED_EDGE('',*,*,#881,.T.);
#881 = EDGE_CURVE('',#874,#874,#882,.T.);
#882 = CIRCLE('',#883,0.45);
#883 = AXIS2_PLACEMENT_3D('',#884,#885,#886);
#884 = CARTESIAN_POINT('',(6.44,-6.7,0.));
#885 = DIRECTION('',(0.,0.,1.));
#886 = DIRECTION('',(1.,0.,-0.));
#887 = ORIENTED_EDGE('',*,*,#871,.F.);
#888 = ORIENTED_EDGE('',*,*,#889,.F.);
#889 = EDGE_CURVE('',#872,#872,#890,.T.);
#890 = CIRCLE('',#891,0.45);
#891 = AXIS2_PLACEMENT_3D('',#892,#893,#894);
#892 = CARTESIAN_POINT('',(6.44,-6.7,-1.00144072));
#893 = DIRECTION('',(0.,0.,1.));
#894 = DIRECTION('',(1.,0.,-0.));
#895 = CYLINDRICAL_SURFACE('',#896,0.45);
#896 = AXIS2_PLACEMENT_3D('',#897,#898,#899);
#897 = CARTESIAN_POINT('',(6.44,-6.7,-1.00144072));
#898 = DIRECTION('',(-0.,-0.,-1.));
#899 = DIRECTION('',(1.,0.,-0.));
#900 = ADVANCED_FACE('',(#901),#928,.F.);
#901 = FACE_BOUND('',#902,.T.);
#902 = EDGE_LOOP('',(#903,#913,#920,#921));
#903 = ORIENTED_EDGE('',*,*,#904,.T.);
#904 = EDGE_CURVE('',#905,#907,#909,.T.);
#905 = VERTEX_POINT('',#906);
#906 = CARTESIAN_POINT('',(1.81,-6.7,-1.00144072));
#907 = VERTEX_POINT('',#908);
#908 = CARTESIAN_POINT('',(1.81,-6.7,0.));
#909 = LINE('',#910,#911);
#910 = CARTESIAN_POINT('',(1.81,-6.7,-1.00144072));
#911 = VECTOR('',#912,1.);
#912 = DIRECTION('',(0.,0.,1.));
#913 = ORIENTED_EDGE('',*,*,#914,.T.);
#914 = EDGE_CURVE('',#907,#907,#915,.T.);
#915 = CIRCLE('',#916,0.45);
#916 = AXIS2_PLACEMENT_3D('',#917,#918,#919);
#917 = CARTESIAN_POINT('',(1.36,-6.7,0.));
#918 = DIRECTION('',(0.,0.,1.));
#919 = DIRECTION('',(1.,0.,-0.));
#920 = ORIENTED_EDGE('',*,*,#904,.F.);
#921 = ORIENTED_EDGE('',*,*,#922,.F.);
#922 = EDGE_CURVE('',#905,#905,#923,.T.);
#923 = CIRCLE('',#924,0.45);
#924 = AXIS2_PLACEMENT_3D('',#925,#926,#927);
#925 = CARTESIAN_POINT('',(1.36,-6.7,-1.00144072));
#926 = DIRECTION('',(0.,0.,1.));
#927 = DIRECTION('',(1.,0.,-0.));
#928 = CYLINDRICAL_SURFACE('',#929,0.45);
#929 = AXIS2_PLACEMENT_3D('',#930,#931,#932);
#930 = CARTESIAN_POINT('',(1.36,-6.7,-1.00144072));
#931 = DIRECTION('',(-0.,-0.,-1.));
#932 = DIRECTION('',(1.,0.,-0.));
#933 = ADVANCED_FACE('',(#934),#961,.F.);
#934 = FACE_BOUND('',#935,.T.);
#935 = EDGE_LOOP('',(#936,#946,#953,#954));
#936 = ORIENTED_EDGE('',*,*,#937,.T.);
#937 = EDGE_CURVE('',#938,#940,#942,.T.);
#938 = VERTEX_POINT('',#939);
#939 = CARTESIAN_POINT('',(4.35,-6.7,-1.00144072));
#940 = VERTEX_POINT('',#941);
#941 = CARTESIAN_POINT('',(4.35,-6.7,0.));
#942 = LINE('',#943,#944);
#943 = CARTESIAN_POINT('',(4.35,-6.7,-1.00144072));
#944 = VECTOR('',#945,1.);
#945 = DIRECTION('',(0.,0.,1.));
#946 = ORIENTED_EDGE('',*,*,#947,.T.);
#947 = EDGE_CURVE('',#940,#940,#948,.T.);
#948 = CIRCLE('',#949,0.45);
#949 = AXIS2_PLACEMENT_3D('',#950,#951,#952);
#950 = CARTESIAN_POINT('',(3.9,-6.7,0.));
#951 = DIRECTION('',(0.,0.,1.));
#952 = DIRECTION('',(1.,0.,-0.));
#953 = ORIENTED_EDGE('',*,*,#937,.F.);
#954 = ORIENTED_EDGE('',*,*,#955,.F.);
#955 = EDGE_CURVE('',#938,#938,#956,.T.);
#956 = CIRCLE('',#957,0.45);
#957 = AXIS2_PLACEMENT_3D('',#958,#959,#960);
#958 = CARTESIAN_POINT('',(3.9,-6.7,-1.00144072));
#959 = DIRECTION('',(0.,0.,1.));
#960 = DIRECTION('',(1.,0.,-0.));
#961 = CYLINDRICAL_SURFACE('',#962,0.45);
#962 = AXIS2_PLACEMENT_3D('',#963,#964,#965);
#963 = CARTESIAN_POINT('',(3.9,-6.7,-1.00144072));
#964 = DIRECTION('',(-0.,-0.,-1.));
#965 = DIRECTION('',(1.,0.,-0.));
#966 = ADVANCED_FACE('',(#967),#994,.F.);
#967 = FACE_BOUND('',#968,.T.);
#968 = EDGE_LOOP('',(#969,#979,#986,#987));
#969 = ORIENTED_EDGE('',*,*,#970,.T.);
#970 = EDGE_CURVE('',#971,#973,#975,.T.);
#971 = VERTEX_POINT('',#972);
#972 = CARTESIAN_POINT('',(9.43,-6.7,-1.00144072));
#973 = VERTEX_POINT('',#974);
#974 = CARTESIAN_POINT('',(9.43,-6.7,0.));
#975 = LINE('',#976,#977);
#976 = CARTESIAN_POINT('',(9.43,-6.7,-1.00144072));
#977 = VECTOR('',#978,1.);
#978 = DIRECTION('',(0.,0.,1.));
#979 = ORIENTED_EDGE('',*,*,#980,.T.);
#980 = EDGE_CURVE('',#973,#973,#981,.T.);
#981 = CIRCLE('',#982,0.45);
#982 = AXIS2_PLACEMENT_3D('',#983,#984,#985);
#983 = CARTESIAN_POINT('',(8.98,-6.7,0.));
#984 = DIRECTION('',(0.,0.,1.));
#985 = DIRECTION('',(1.,0.,-0.));
#986 = ORIENTED_EDGE('',*,*,#970,.F.);
#987 = ORIENTED_EDGE('',*,*,#988,.F.);
#988 = EDGE_CURVE('',#971,#971,#989,.T.);
#989 = CIRCLE('',#990,0.45);
#990 = AXIS2_PLACEMENT_3D('',#991,#992,#993);
#991 = CARTESIAN_POINT('',(8.98,-6.7,-1.00144072));
#992 = DIRECTION('',(0.,0.,1.));
#993 = DIRECTION('',(1.,0.,-0.));
#994 = CYLINDRICAL_SURFACE('',#995,0.45);
#995 = AXIS2_PLACEMENT_3D('',#996,#997,#998);
#996 = CARTESIAN_POINT('',(8.98,-6.7,-1.00144072));
#997 = DIRECTION('',(-0.,-0.,-1.));
#998 = DIRECTION('',(1.,0.,-0.));
#999 = ADVANCED_FACE('',(#1000),#1027,.F.);
#1000 = FACE_BOUND('',#1001,.T.);
#1001 = EDGE_LOOP('',(#1002,#1012,#1019,#1020));
#1002 = ORIENTED_EDGE('',*,*,#1003,.T.);
#1003 = EDGE_CURVE('',#1004,#1006,#1008,.T.);
#1004 = VERTEX_POINT('',#1005);
#1005 = CARTESIAN_POINT('',(14.525,-5.7,-1.00144072));
#1006 = VERTEX_POINT('',#1007);
#1007 = CARTESIAN_POINT('',(14.525,-5.7,0.));
#1008 = LINE('',#1009,#1010);
#1009 = CARTESIAN_POINT('',(14.525,-5.7,-1.00144072));
#1010 = VECTOR('',#1011,1.);
#1011 = DIRECTION('',(0.,0.,1.));
#1012 = ORIENTED_EDGE('',*,*,#1013,.T.);
#1013 = EDGE_CURVE('',#1006,#1006,#1014,.T.);
#1014 = CIRCLE('',#1015,1.025);
#1015 = AXIS2_PLACEMENT_3D('',#1016,#1017,#1018);
#1016 = CARTESIAN_POINT('',(13.5,-5.7,0.));
#1017 = DIRECTION('',(0.,0.,1.));
#1018 = DIRECTION('',(1.,0.,-0.));
#1019 = ORIENTED_EDGE('',*,*,#1003,.F.);
#1020 = ORIENTED_EDGE('',*,*,#1021,.F.);
#1021 = EDGE_CURVE('',#1004,#1004,#1022,.T.);
#1022 = CIRCLE('',#1023,1.025);
#1023 = AXIS2_PLACEMENT_3D('',#1024,#1025,#1026);
#1024 = CARTESIAN_POINT('',(13.5,-5.7,-1.00144072));
#1025 = DIRECTION('',(0.,0.,1.));
#1026 = DIRECTION('',(1.,0.,-0.));
#1027 = CYLINDRICAL_SURFACE('',#1028,1.025);
#1028 = AXIS2_PLACEMENT_3D('',#1029,#1030,#1031);
#1029 = CARTESIAN_POINT('',(13.5,-5.7,-1.00144072));
#1030 = DIRECTION('',(-0.,-0.,-1.));
#1031 = DIRECTION('',(1.,0.,-0.));
#1032 = ADVANCED_FACE('',(#1033),#1060,.F.);
#1033 = FACE_BOUND('',#1034,.T.);
#1034 = EDGE_LOOP('',(#1035,#1045,#1052,#1053));
#1035 = ORIENTED_EDGE('',*,*,#1036,.T.);
#1036 = EDGE_CURVE('',#1037,#1039,#1041,.T.);
#1037 = VERTEX_POINT('',#1038);
#1038 = CARTESIAN_POINT('',(14.05,-1.8,-1.00144072));
#1039 = VERTEX_POINT('',#1040);
#1040 = CARTESIAN_POINT('',(14.05,-1.8,0.));
#1041 = LINE('',#1042,#1043);
#1042 = CARTESIAN_POINT('',(14.05,-1.8,-1.00144072));
#1043 = VECTOR('',#1044,1.);
#1044 = DIRECTION('',(0.,0.,1.));
#1045 = ORIENTED_EDGE('',*,*,#1046,.T.);
#1046 = EDGE_CURVE('',#1039,#1039,#1047,.T.);
#1047 = CIRCLE('',#1048,0.55);
#1048 = AXIS2_PLACEMENT_3D('',#1049,#1050,#1051);
#1049 = CARTESIAN_POINT('',(13.5,-1.8,0.));
#1050 = DIRECTION('',(0.,0.,1.));
#1051 = DIRECTION('',(1.,0.,-0.));
#1052 = ORIENTED_EDGE('',*,*,#1036,.F.);
#1053 = ORIENTED_EDGE('',*,*,#1054,.F.);
#1054 = EDGE_CURVE('',#1037,#1037,#1055,.T.);
#1055 = CIRCLE('',#1056,0.55);
#1056 = AXIS2_PLACEMENT_3D('',#1057,#1058,#1059);
#1057 = CARTESIAN_POINT('',(13.5,-1.8,-1.00144072));
#1058 = DIRECTION('',(0.,0.,1.));
#1059 = DIRECTION('',(1.,0.,-0.));
#1060 = CYLINDRICAL_SURFACE('',#1061,0.55);
#1061 = AXIS2_PLACEMENT_3D('',#1062,#1063,#1064);
#1062 = CARTESIAN_POINT('',(13.5,-1.8,-1.00144072));
#1063 = DIRECTION('',(-0.,-0.,-1.));
#1064 = DIRECTION('',(1.,0.,-0.));
#1065 = ADVANCED_FACE('',(#1066,#1076,#1079,#1082,#1085,#1088,#1091,
    #1094,#1097,#1100,#1103,#1106,#1109,#1112,#1115,#1118,#1121,#1124,
    #1127,#1130,#1133,#1136,#1139,#1142,#1145),#1148,.T.);
#1066 = FACE_BOUND('',#1067,.T.);
#1067 = EDGE_LOOP('',(#1068,#1069,#1070,#1071,#1072,#1073,#1074,#1075));
#1068 = ORIENTED_EDGE('',*,*,#47,.T.);
#1069 = ORIENTED_EDGE('',*,*,#79,.T.);
#1070 = ORIENTED_EDGE('',*,*,#111,.T.);
#1071 = ORIENTED_EDGE('',*,*,#143,.T.);
#1072 = ORIENTED_EDGE('',*,*,#175,.T.);
#1073 = ORIENTED_EDGE('',*,*,#207,.T.);
#1074 = ORIENTED_EDGE('',*,*,#239,.T.);
#1075 = ORIENTED_EDGE('',*,*,#262,.T.);
#1076 = FACE_BOUND('',#1077,.T.);
#1077 = EDGE_LOOP('',(#1078));
#1078 = ORIENTED_EDGE('',*,*,#295,.T.);
#1079 = FACE_BOUND('',#1080,.T.);
#1080 = EDGE_LOOP('',(#1081));
#1081 = ORIENTED_EDGE('',*,*,#328,.T.);
#1082 = FACE_BOUND('',#1083,.T.);
#1083 = EDGE_LOOP('',(#1084));
#1084 = ORIENTED_EDGE('',*,*,#361,.T.);
#1085 = FACE_BOUND('',#1086,.T.);
#1086 = EDGE_LOOP('',(#1087));
#1087 = ORIENTED_EDGE('',*,*,#394,.T.);
#1088 = FACE_BOUND('',#1089,.T.);
#1089 = EDGE_LOOP('',(#1090));
#1090 = ORIENTED_EDGE('',*,*,#427,.T.);
#1091 = FACE_BOUND('',#1092,.T.);
#1092 = EDGE_LOOP('',(#1093));
#1093 = ORIENTED_EDGE('',*,*,#460,.T.);
#1094 = FACE_BOUND('',#1095,.T.);
#1095 = EDGE_LOOP('',(#1096));
#1096 = ORIENTED_EDGE('',*,*,#493,.T.);
#1097 = FACE_BOUND('',#1098,.T.);
#1098 = EDGE_LOOP('',(#1099));
#1099 = ORIENTED_EDGE('',*,*,#526,.T.);
#1100 = FACE_BOUND('',#1101,.T.);
#1101 = EDGE_LOOP('',(#1102));
#1102 = ORIENTED_EDGE('',*,*,#559,.T.);
#1103 = FACE_BOUND('',#1104,.T.);
#1104 = EDGE_LOOP('',(#1105));
#1105 = ORIENTED_EDGE('',*,*,#592,.T.);
#1106 = FACE_BOUND('',#1107,.T.);
#1107 = EDGE_LOOP('',(#1108));
#1108 = ORIENTED_EDGE('',*,*,#625,.T.);
#1109 = FACE_BOUND('',#1110,.T.);
#1110 = EDGE_LOOP('',(#1111));
#1111 = ORIENTED_EDGE('',*,*,#658,.T.);
#1112 = FACE_BOUND('',#1113,.T.);
#1113 = EDGE_LOOP('',(#1114));
#1114 = ORIENTED_EDGE('',*,*,#691,.T.);
#1115 = FACE_BOUND('',#1116,.T.);
#1116 = EDGE_LOOP('',(#1117));
#1117 = ORIENTED_EDGE('',*,*,#724,.T.);
#1118 = FACE_BOUND('',#1119,.T.);
#1119 = EDGE_LOOP('',(#1120));
#1120 = ORIENTED_EDGE('',*,*,#757,.T.);
#1121 = FACE_BOUND('',#1122,.T.);
#1122 = EDGE_LOOP('',(#1123));
#1123 = ORIENTED_EDGE('',*,*,#790,.T.);
#1124 = FACE_BOUND('',#1125,.T.);
#1125 = EDGE_LOOP('',(#1126));
#1126 = ORIENTED_EDGE('',*,*,#823,.T.);
#1127 = FACE_BOUND('',#1128,.T.);
#1128 = EDGE_LOOP('',(#1129));
#1129 = ORIENTED_EDGE('',*,*,#856,.T.);
#1130 = FACE_BOUND('',#1131,.T.);
#1131 = EDGE_LOOP('',(#1132));
#1132 = ORIENTED_EDGE('',*,*,#889,.T.);
#1133 = FACE_BOUND('',#1134,.T.);
#1134 = EDGE_LOOP('',(#1135));
#1135 = ORIENTED_EDGE('',*,*,#922,.T.);
#1136 = FACE_BOUND('',#1137,.T.);
#1137 = EDGE_LOOP('',(#1138));
#1138 = ORIENTED_EDGE('',*,*,#955,.T.);
#1139 = FACE_BOUND('',#1140,.T.);
#1140 = EDGE_LOOP('',(#1141));
#1141 = ORIENTED_EDGE('',*,*,#988,.T.);
#1142 = FACE_BOUND('',#1143,.T.);
#1143 = EDGE_LOOP('',(#1144));
#1144 = ORIENTED_EDGE('',*,*,#1021,.T.);
#1145 = FACE_BOUND('',#1146,.T.);
#1146 = EDGE_LOOP('',(#1147));
#1147 = ORIENTED_EDGE('',*,*,#1054,.T.);
#1148 = PLANE('',#1149);
#1149 = AXIS2_PLACEMENT_3D('',#1150,#1151,#1152);
#1150 = CARTESIAN_POINT('',(-9.867431619806E-17,-7.65,-1.00144072));
#1151 = DIRECTION('',(-0.,-0.,-1.));
#1152 = DIRECTION('',(-1.,0.,0.));
#1153 = ADVANCED_FACE('',(#1154,#1164,#1167,#1170,#1173,#1176,#1179,
    #1182,#1185,#1188,#1191,#1194,#1197,#1200,#1203,#1206,#1209,#1212,
    #1215,#1218,#1221,#1224,#1227,#1230,#1233),#1236,.F.);
#1154 = FACE_BOUND('',#1155,.F.);
#1155 = EDGE_LOOP('',(#1156,#1157,#1158,#1159,#1160,#1161,#1162,#1163));
#1156 = ORIENTED_EDGE('',*,*,#31,.T.);
#1157 = ORIENTED_EDGE('',*,*,#62,.T.);
#1158 = ORIENTED_EDGE('',*,*,#95,.T.);
#1159 = ORIENTED_EDGE('',*,*,#126,.T.);
#1160 = ORIENTED_EDGE('',*,*,#159,.T.);
#1161 = ORIENTED_EDGE('',*,*,#190,.T.);
#1162 = ORIENTED_EDGE('',*,*,#223,.T.);
#1163 = ORIENTED_EDGE('',*,*,#254,.T.);
#1164 = FACE_BOUND('',#1165,.F.);
#1165 = EDGE_LOOP('',(#1166));
#1166 = ORIENTED_EDGE('',*,*,#287,.T.);
#1167 = FACE_BOUND('',#1168,.F.);
#1168 = EDGE_LOOP('',(#1169));
#1169 = ORIENTED_EDGE('',*,*,#320,.T.);
#1170 = FACE_BOUND('',#1171,.F.);
#1171 = EDGE_LOOP('',(#1172));
#1172 = ORIENTED_EDGE('',*,*,#353,.T.);
#1173 = FACE_BOUND('',#1174,.F.);
#1174 = EDGE_LOOP('',(#1175));
#1175 = ORIENTED_EDGE('',*,*,#386,.T.);
#1176 = FACE_BOUND('',#1177,.F.);
#1177 = EDGE_LOOP('',(#1178));
#1178 = ORIENTED_EDGE('',*,*,#419,.T.);
#1179 = FACE_BOUND('',#1180,.F.);
#1180 = EDGE_LOOP('',(#1181));
#1181 = ORIENTED_EDGE('',*,*,#452,.T.);
#1182 = FACE_BOUND('',#1183,.F.);
#1183 = EDGE_LOOP('',(#1184));
#1184 = ORIENTED_EDGE('',*,*,#485,.T.);
#1185 = FACE_BOUND('',#1186,.F.);
#1186 = EDGE_LOOP('',(#1187));
#1187 = ORIENTED_EDGE('',*,*,#518,.T.);
#1188 = FACE_BOUND('',#1189,.F.);
#1189 = EDGE_LOOP('',(#1190));
#1190 = ORIENTED_EDGE('',*,*,#551,.T.);
#1191 = FACE_BOUND('',#1192,.F.);
#1192 = EDGE_LOOP('',(#1193));
#1193 = ORIENTED_EDGE('',*,*,#584,.T.);
#1194 = FACE_BOUND('',#1195,.F.);
#1195 = EDGE_LOOP('',(#1196));
#1196 = ORIENTED_EDGE('',*,*,#617,.T.);
#1197 = FACE_BOUND('',#1198,.F.);
#1198 = EDGE_LOOP('',(#1199));
#1199 = ORIENTED_EDGE('',*,*,#650,.T.);
#1200 = FACE_BOUND('',#1201,.F.);
#1201 = EDGE_LOOP('',(#1202));
#1202 = ORIENTED_EDGE('',*,*,#683,.T.);
#1203 = FACE_BOUND('',#1204,.F.);
#1204 = EDGE_LOOP('',(#1205));
#1205 = ORIENTED_EDGE('',*,*,#716,.T.);
#1206 = FACE_BOUND('',#1207,.F.);
#1207 = EDGE_LOOP('',(#1208));
#1208 = ORIENTED_EDGE('',*,*,#749,.T.);
#1209 = FACE_BOUND('',#1210,.F.);
#1210 = EDGE_LOOP('',(#1211));
#1211 = ORIENTED_EDGE('',*,*,#782,.T.);
#1212 = FACE_BOUND('',#1213,.F.);
#1213 = EDGE_LOOP('',(#1214));
#1214 = ORIENTED_EDGE('',*,*,#815,.T.);
#1215 = FACE_BOUND('',#1216,.F.);
#1216 = EDGE_LOOP('',(#1217));
#1217 = ORIENTED_EDGE('',*,*,#848,.T.);
#1218 = FACE_BOUND('',#1219,.F.);
#1219 = EDGE_LOOP('',(#1220));
#1220 = ORIENTED_EDGE('',*,*,#881,.T.);
#1221 = FACE_BOUND('',#1222,.F.);
#1222 = EDGE_LOOP('',(#1223));
#1223 = ORIENTED_EDGE('',*,*,#914,.T.);
#1224 = FACE_BOUND('',#1225,.F.);
#1225 = EDGE_LOOP('',(#1226));
#1226 = ORIENTED_EDGE('',*,*,#947,.T.);
#1227 = FACE_BOUND('',#1228,.F.);
#1228 = EDGE_LOOP('',(#1229));
#1229 = ORIENTED_EDGE('',*,*,#980,.T.);
#1230 = FACE_BOUND('',#1231,.F.);
#1231 = EDGE_LOOP('',(#1232));
#1232 = ORIENTED_EDGE('',*,*,#1013,.T.);
#1233 = FACE_BOUND('',#1234,.F.);
#1234 = EDGE_LOOP('',(#1235));
#1235 = ORIENTED_EDGE('',*,*,#1046,.T.);
#1236 = PLANE('',#1237);
#1237 = AXIS2_PLACEMENT_3D('',#1238,#1239,#1240);
#1238 = CARTESIAN_POINT('',(-9.867431619806E-17,-7.65,0.));
#1239 = DIRECTION('',(-0.,-0.,-1.));
#1240 = DIRECTION('',(-1.,0.,0.));
#1241 = ( GEOMETRIC_REPRESENTATION_CONTEXT(3) 
GLOBAL_UNCERTAINTY_ASSIGNED_CONTEXT((#1245)) 
GLOBAL_UNIT_ASSIGNED_CONTEXT((#1242,#1243,#1244)) REPRESENTATION_CONTEXT
('Context #1','3D Context with UNIT and UNCERTAINTY') );
#1242 = ( LENGTH_UNIT() NAMED_UNIT(*) SI_UNIT(.MILLI.,.METRE.) );
#1243 = ( NAMED_UNIT(*) PLANE_ANGLE_UNIT() SI_UNIT($,.RADIAN.) );
#1244 = ( NAMED_UNIT(*) SI_UNIT($,.STERADIAN.) SOLID_ANGLE_UNIT() );
#1245 = UNCERTAINTY_MEASURE_WITH_UNIT(LENGTH_MEASURE(1.E-07),#1242,
  'distance_accuracy_value','confusion accuracy');
#1246 = PRODUCT_RELATED_PRODUCT_CATEGORY('part',$,(#7));
#1247 = SHAPE_DEFINITION_REPRESENTATION(#1248,#1254);
#1248 = PRODUCT_DEFINITION_SHAPE('','',#1249);
#1249 = PRODUCT_DEFINITION('design','',#1250,#1253);
#1250 = PRODUCT_DEFINITION_FORMATION('','',#1251);
#1251 = PRODUCT('Open CASCADE STEP translator 7.5 4',
  'Open CASCADE STEP translator 7.5 4','',(#1252));
#1252 = PRODUCT_CONTEXT('',#2,'mechanical');
#1253 = PRODUCT_DEFINITION_CONTEXT('part definition',#2,'design');
#1254 = ADVANCED_BREP_SHAPE_REPRESENTATION('',(#11,#1255),#14196);
#1255 = MANIFOLD_SOLID_BREP('',#1256);
#1256 = CLOSED_SHELL('',(#1257,#1299,#1341,#1383,#1425,#1467,#1509,#1551
    ,#1593,#1633,#1666,#1697,#1730,#1761,#1794,#1825,#1856,#1889,#1920,
    #1960,#1992,#2023,#2047,#2064,#2104,#2146,#2177,#2202,#2226,#2253,
    #2293,#2326,#2357,#2405,#2452,#2483,#2507,#2549,#2580,#2605,#2629,
    #2656,#2704,#2735,#2775,#2815,#2882,#2924,#2955,#2988,#3019,#3061,
    #3092,#3125,#3156,#3196,#3229,#3260,#3293,#3324,#3364,#3397,#3428,
    #3461,#3492,#3534,#3565,#3598,#3629,#3669,#3709,#3742,#3773,#3815,
    #3846,#3868,#3901,#3932,#3963,#3996,#4027,#4058,#4085,#4103,#4136,
    #4176,#4200,#4227,#4245,#4278,#4311,#4351,#4384,#4415,#4448,#4479,
    #4521,#4552,#4585,#4616,#4656,#4696,#4729,#4760,#4802,#4833,#4855,
    #4888,#4919,#4950,#4983,#5014,#5045,#5072,#5090,#5123,#5163,#5187,
    #5214,#5232,#5265,#5298,#5338,#5371,#5402,#5435,#5466,#5508,#5539,
    #5572,#5603,#5643,#5683,#5716,#5747,#5789,#5820,#5842,#5875,#5906,
    #5937,#5970,#6001,#6032,#6059,#6077,#6110,#6150,#6174,#6201,#6219,
    #6252,#6285,#6325,#6358,#6389,#6422,#6453,#6495,#6526,#6559,#6590,
    #6630,#6670,#6703,#6734,#6776,#6807,#6829,#6862,#6893,#6924,#6957,
    #6988,#7019,#7046,#7064,#7097,#7137,#7161,#7188,#7206,#7239,#7272,
    #7312,#7345,#7376,#7409,#7440,#7482,#7513,#7546,#7577,#7617,#7650,
    #7681,#7721,#7754,#7785,#7807,#7840,#7871,#7902,#7935,#7966,#7997,
    #8024,#8042,#8084,#8117,#8148,#8181,#8208,#8226,#8259,#8299,#8332,
    #8363,#8403,#8436,#8467,#8500,#8531,#8573,#8604,#8637,#8668,#8708,
    #8741,#8772,#8794,#8827,#8858,#8889,#8922,#8953,#8984,#9026,#9053,
    #9071,#9104,#9135,#9162,#9180,#9213,#9246,#9286,#9326,#9359,#9390,
    #9423,#9454,#9585,#9668,#9699,#9739,#9769,#9812,#9836,#9877,#9894,
    #9911,#9991,#10031,#10064,#10095,#10135,#10175,#10208,#10239,#10270,
    #10294,#10325,#10356,#10389,#10420,#10435,#10448,#10481,#10521,
    #10545,#10560,#10573,#10606,#10639,#10770,#10810,#10879,#10896,
    #10945,#10969,#10986,#11023,#11047,#11071,#11096,#11113,#11145,
    #11178,#11218,#11248,#11272,#11312,#11368,#11408,#11448,#11481,
    #11512,#11543,#11574,#11607,#11638,#11669,#11702,#11733,#11766,
    #11797,#11830,#11861,#11921,#11944,#11968,#12008,#12041,#12072,
    #12103,#12136,#12167,#12200,#12231,#12264,#12295,#12342,#12360,
    #12401,#12514,#12545,#12585,#12618,#12649,#12777,#12802,#12826,
    #12851,#12875,#12899,#12924,#12948,#12972,#12996,#13021,#13045,
    #13063,#13104,#13163,#13194,#13211,#13235,#13275,#13315,#13346,
    #13384,#13408,#13450,#13481,#13503,#13536,#13567,#13598,#13631,
    #13662,#13693,#13796,#13811,#13824,#13839,#13872,#13896,#13911,
    #13924,#13939,#13965,#14042,#14066,#14083,#14101,#14113,#14150,
    #14162,#14180));
#1257 = ADVANCED_FACE('',(#1258),#1294,.F.);
#1258 = FACE_BOUND('',#1259,.F.);
#1259 = EDGE_LOOP('',(#1260,#1270,#1279,#1287));
#1260 = ORIENTED_EDGE('',*,*,#1261,.T.);
#1261 = EDGE_CURVE('',#1262,#1264,#1266,.T.);
#1262 = VERTEX_POINT('',#1263);
#1263 = CARTESIAN_POINT('',(1.674917112644,-3.600002175909,
    7.952710958262E-02));
#1264 = VERTEX_POINT('',#1265);
#1265 = CARTESIAN_POINT('',(1.824917112644,-3.600002162796,
    7.952710958262E-02));
#1266 = LINE('',#1267,#1268);
#1267 = CARTESIAN_POINT('',(1.674917112644,-3.600002175909,
    7.952710958262E-02));
#1268 = VECTOR('',#1269,1.);
#1269 = DIRECTION('',(1.,8.742277657348E-08,0.));
#1270 = ORIENTED_EDGE('',*,*,#1271,.T.);
#1271 = EDGE_CURVE('',#1264,#1272,#1274,.T.);
#1272 = VERTEX_POINT('',#1273);
#1273 = CARTESIAN_POINT('',(1.824917112605,-3.599565162896,
    7.952901928912E-02));
#1274 = CIRCLE('',#1275,5.E-02);
#1275 = AXIS2_PLACEMENT_3D('',#1276,#1277,#1278);
#1276 = CARTESIAN_POINT('',(1.824917112605,-3.599565165081,
    2.952901928912E-02));
#1277 = DIRECTION('',(-1.,-8.742277657348E-08,0.));
#1278 = DIRECTION('',(7.640710712331E-10,-8.73995429087E-03,
    0.99996180587));
#1279 = ORIENTED_EDGE('',*,*,#1280,.F.);
#1280 = EDGE_CURVE('',#1281,#1272,#1283,.T.);
#1281 = VERTEX_POINT('',#1282);
#1282 = CARTESIAN_POINT('',(1.674917112605,-3.599565176009,
    7.952901928912E-02));
#1283 = LINE('',#1284,#1285);
#1284 = CARTESIAN_POINT('',(1.674917112605,-3.599565176009,
    7.952901928912E-02));
#1285 = VECTOR('',#1286,1.);
#1286 = DIRECTION('',(1.,8.742277657348E-08,0.));
#1287 = ORIENTED_EDGE('',*,*,#1288,.F.);
#1288 = EDGE_CURVE('',#1262,#1281,#1289,.T.);
#1289 = CIRCLE('',#1290,5.E-02);
#1290 = AXIS2_PLACEMENT_3D('',#1291,#1292,#1293);
#1291 = CARTESIAN_POINT('',(1.674917112605,-3.599565178195,
    2.952901928912E-02));
#1292 = DIRECTION('',(-1.,-8.742277657348E-08,0.));
#1293 = DIRECTION('',(7.640710712331E-10,-8.73995429087E-03,
    0.99996180587));
#1294 = CYLINDRICAL_SURFACE('',#1295,5.E-02);
#1295 = AXIS2_PLACEMENT_3D('',#1296,#1297,#1298);
#1296 = CARTESIAN_POINT('',(1.674917112605,-3.599565178195,
    2.952901928912E-02));
#1297 = DIRECTION('',(1.,8.742277657348E-08,0.));
#1298 = DIRECTION('',(-3.821370931908E-15,4.371138828674E-08,1.));
#1299 = ADVANCED_FACE('',(#1300),#1336,.F.);
#1300 = FACE_BOUND('',#1301,.F.);
#1301 = EDGE_LOOP('',(#1302,#1312,#1321,#1329));
#1302 = ORIENTED_EDGE('',*,*,#1303,.T.);
#1303 = EDGE_CURVE('',#1304,#1306,#1308,.T.);
#1304 = VERTEX_POINT('',#1305);
#1305 = CARTESIAN_POINT('',(1.174917112644,-3.600002219621,
    7.952710958262E-02));
#1306 = VERTEX_POINT('',#1307);
#1307 = CARTESIAN_POINT('',(1.324917112644,-3.600002206507,
    7.952710958262E-02));
#1308 = LINE('',#1309,#1310);
#1309 = CARTESIAN_POINT('',(1.174917112644,-3.600002219621,
    7.952710958262E-02));
#1310 = VECTOR('',#1311,1.);
#1311 = DIRECTION('',(1.,8.742277657348E-08,0.));
#1312 = ORIENTED_EDGE('',*,*,#1313,.T.);
#1313 = EDGE_CURVE('',#1306,#1314,#1316,.T.);
#1314 = VERTEX_POINT('',#1315);
#1315 = CARTESIAN_POINT('',(1.324917112605,-3.599565206607,
    7.952901928912E-02));
#1316 = CIRCLE('',#1317,5.E-02);
#1317 = AXIS2_PLACEMENT_3D('',#1318,#1319,#1320);
#1318 = CARTESIAN_POINT('',(1.324917112605,-3.599565208793,
    2.952901928912E-02));
#1319 = DIRECTION('',(-1.,-8.742277657348E-08,0.));
#1320 = DIRECTION('',(7.640710712331E-10,-8.73995429087E-03,
    0.99996180587));
#1321 = ORIENTED_EDGE('',*,*,#1322,.F.);
#1322 = EDGE_CURVE('',#1323,#1314,#1325,.T.);
#1323 = VERTEX_POINT('',#1324);
#1324 = CARTESIAN_POINT('',(1.174917112605,-3.59956521972,
    7.952901928912E-02));
#1325 = LINE('',#1326,#1327);
#1326 = CARTESIAN_POINT('',(1.174917112605,-3.59956521972,
    7.952901928912E-02));
#1327 = VECTOR('',#1328,1.);
#1328 = DIRECTION('',(1.,8.742277657348E-08,0.));
#1329 = ORIENTED_EDGE('',*,*,#1330,.F.);
#1330 = EDGE_CURVE('',#1304,#1323,#1331,.T.);
#1331 = CIRCLE('',#1332,5.E-02);
#1332 = AXIS2_PLACEMENT_3D('',#1333,#1334,#1335);
#1333 = CARTESIAN_POINT('',(1.174917112605,-3.599565221906,
    2.952901928912E-02));
#1334 = DIRECTION('',(-1.,-8.742277657348E-08,0.));
#1335 = DIRECTION('',(7.640710712331E-10,-8.73995429087E-03,
    0.99996180587));
#1336 = CYLINDRICAL_SURFACE('',#1337,5.E-02);
#1337 = AXIS2_PLACEMENT_3D('',#1338,#1339,#1340);
#1338 = CARTESIAN_POINT('',(1.174917112605,-3.599565221906,
    2.952901928912E-02));
#1339 = DIRECTION('',(1.,8.742277657348E-08,0.));
#1340 = DIRECTION('',(-3.821370931908E-15,4.371138828674E-08,1.));
#1341 = ADVANCED_FACE('',(#1342),#1378,.F.);
#1342 = FACE_BOUND('',#1343,.F.);
#1343 = EDGE_LOOP('',(#1344,#1354,#1363,#1371));
#1344 = ORIENTED_EDGE('',*,*,#1345,.T.);
#1345 = EDGE_CURVE('',#1346,#1348,#1350,.T.);
#1346 = VERTEX_POINT('',#1347);
#1347 = CARTESIAN_POINT('',(-1.825082887356,-3.600002481889,
    7.952710958262E-02));
#1348 = VERTEX_POINT('',#1349);
#1349 = CARTESIAN_POINT('',(-1.675082887356,-3.600002468775,
    7.952710958262E-02));
#1350 = LINE('',#1351,#1352);
#1351 = CARTESIAN_POINT('',(-1.825082887356,-3.600002481889,
    7.952710958262E-02));
#1352 = VECTOR('',#1353,1.);
#1353 = DIRECTION('',(1.,8.742277657348E-08,0.));
#1354 = ORIENTED_EDGE('',*,*,#1355,.T.);
#1355 = EDGE_CURVE('',#1348,#1356,#1358,.T.);
#1356 = VERTEX_POINT('',#1357);
#1357 = CARTESIAN_POINT('',(-1.675082887395,-3.599565468875,
    7.952901928912E-02));
#1358 = CIRCLE('',#1359,5.E-02);
#1359 = AXIS2_PLACEMENT_3D('',#1360,#1361,#1362);
#1360 = CARTESIAN_POINT('',(-1.675082887395,-3.599565471061,
    2.952901928912E-02));
#1361 = DIRECTION('',(-1.,-8.742277657348E-08,0.));
#1362 = DIRECTION('',(7.640710712331E-10,-8.73995429087E-03,
    0.99996180587));
#1363 = ORIENTED_EDGE('',*,*,#1364,.F.);
#1364 = EDGE_CURVE('',#1365,#1356,#1367,.T.);
#1365 = VERTEX_POINT('',#1366);
#1366 = CARTESIAN_POINT('',(-1.825082887395,-3.599565481989,
    7.952901928912E-02));
#1367 = LINE('',#1368,#1369);
#1368 = CARTESIAN_POINT('',(-1.825082887395,-3.599565481989,
    7.952901928912E-02));
#1369 = VECTOR('',#1370,1.);
#1370 = DIRECTION('',(1.,8.742277657348E-08,0.));
#1371 = ORIENTED_EDGE('',*,*,#1372,.F.);
#1372 = EDGE_CURVE('',#1346,#1365,#1373,.T.);
#1373 = CIRCLE('',#1374,5.E-02);
#1374 = AXIS2_PLACEMENT_3D('',#1375,#1376,#1377);
#1375 = CARTESIAN_POINT('',(-1.825082887395,-3.599565484174,
    2.952901928912E-02));
#1376 = DIRECTION('',(-1.,-8.742277657348E-08,0.));
#1377 = DIRECTION('',(7.640710712331E-10,-8.73995429087E-03,
    0.99996180587));
#1378 = CYLINDRICAL_SURFACE('',#1379,5.E-02);
#1379 = AXIS2_PLACEMENT_3D('',#1380,#1381,#1382);
#1380 = CARTESIAN_POINT('',(-1.825082887395,-3.599565484174,
    2.952901928912E-02));
#1381 = DIRECTION('',(1.,8.742277657348E-08,0.));
#1382 = DIRECTION('',(-3.821370931908E-15,4.371138828674E-08,1.));
#1383 = ADVANCED_FACE('',(#1384),#1420,.F.);
#1384 = FACE_BOUND('',#1385,.F.);
#1385 = EDGE_LOOP('',(#1386,#1396,#1405,#1413));
#1386 = ORIENTED_EDGE('',*,*,#1387,.T.);
#1387 = EDGE_CURVE('',#1388,#1390,#1392,.T.);
#1388 = VERTEX_POINT('',#1389);
#1389 = CARTESIAN_POINT('',(-1.325082887356,-3.600002438177,
    7.952710958262E-02));
#1390 = VERTEX_POINT('',#1391);
#1391 = CARTESIAN_POINT('',(-1.175082887356,-3.600002425064,
    7.952710958262E-02));
#1392 = LINE('',#1393,#1394);
#1393 = CARTESIAN_POINT('',(-1.325082887356,-3.600002438177,
    7.952710958262E-02));
#1394 = VECTOR('',#1395,1.);
#1395 = DIRECTION('',(1.,8.742277657348E-08,0.));
#1396 = ORIENTED_EDGE('',*,*,#1397,.T.);
#1397 = EDGE_CURVE('',#1390,#1398,#1400,.T.);
#1398 = VERTEX_POINT('',#1399);
#1399 = CARTESIAN_POINT('',(-1.175082887395,-3.599565425164,
    7.952901928912E-02));
#1400 = CIRCLE('',#1401,5.E-02);
#1401 = AXIS2_PLACEMENT_3D('',#1402,#1403,#1404);
#1402 = CARTESIAN_POINT('',(-1.175082887395,-3.59956542735,
    2.952901928912E-02));
#1403 = DIRECTION('',(-1.,-8.742277657348E-08,0.));
#1404 = DIRECTION('',(7.640710712331E-10,-8.73995429087E-03,
    0.99996180587));
#1405 = ORIENTED_EDGE('',*,*,#1406,.F.);
#1406 = EDGE_CURVE('',#1407,#1398,#1409,.T.);
#1407 = VERTEX_POINT('',#1408);
#1408 = CARTESIAN_POINT('',(-1.325082887395,-3.599565438277,
    7.952901928912E-02));
#1409 = LINE('',#1410,#1411);
#1410 = CARTESIAN_POINT('',(-1.325082887395,-3.599565438277,
    7.952901928912E-02));
#1411 = VECTOR('',#1412,1.);
#1412 = DIRECTION('',(1.,8.742277657348E-08,0.));
#1413 = ORIENTED_EDGE('',*,*,#1414,.F.);
#1414 = EDGE_CURVE('',#1388,#1407,#1415,.T.);
#1415 = CIRCLE('',#1416,5.E-02);
#1416 = AXIS2_PLACEMENT_3D('',#1417,#1418,#1419);
#1417 = CARTESIAN_POINT('',(-1.325082887395,-3.599565440463,
    2.952901928912E-02));
#1418 = DIRECTION('',(-1.,-8.742277657348E-08,0.));
#1419 = DIRECTION('',(7.640710712331E-10,-8.73995429087E-03,
    0.99996180587));
#1420 = CYLINDRICAL_SURFACE('',#1421,5.E-02);
#1421 = AXIS2_PLACEMENT_3D('',#1422,#1423,#1424);
#1422 = CARTESIAN_POINT('',(-1.325082887395,-3.599565440463,
    2.952901928912E-02));
#1423 = DIRECTION('',(1.,8.742277657348E-08,0.));
#1424 = DIRECTION('',(-3.821370931908E-15,4.371138828674E-08,1.));
#1425 = ADVANCED_FACE('',(#1426),#1462,.F.);
#1426 = FACE_BOUND('',#1427,.F.);
#1427 = EDGE_LOOP('',(#1428,#1438,#1447,#1455));
#1428 = ORIENTED_EDGE('',*,*,#1429,.T.);
#1429 = EDGE_CURVE('',#1430,#1432,#1434,.T.);
#1430 = VERTEX_POINT('',#1431);
#1431 = CARTESIAN_POINT('',(-0.825082887356,-3.600002394466,
    7.952710958262E-02));
#1432 = VERTEX_POINT('',#1433);
#1433 = CARTESIAN_POINT('',(-0.675082887356,-3.600002381353,
    7.952710958262E-02));
#1434 = LINE('',#1435,#1436);
#1435 = CARTESIAN_POINT('',(-0.825082887356,-3.600002394466,
    7.952710958262E-02));
#1436 = VECTOR('',#1437,1.);
#1437 = DIRECTION('',(1.,8.742277657348E-08,0.));
#1438 = ORIENTED_EDGE('',*,*,#1439,.T.);
#1439 = EDGE_CURVE('',#1432,#1440,#1442,.T.);
#1440 = VERTEX_POINT('',#1441);
#1441 = CARTESIAN_POINT('',(-0.675082887395,-3.599565381453,
    7.952901928912E-02));
#1442 = CIRCLE('',#1443,5.E-02);
#1443 = AXIS2_PLACEMENT_3D('',#1444,#1445,#1446);
#1444 = CARTESIAN_POINT('',(-0.675082887395,-3.599565383638,
    2.952901928912E-02));
#1445 = DIRECTION('',(-1.,-8.742277657348E-08,0.));
#1446 = DIRECTION('',(7.640710712331E-10,-8.73995429087E-03,
    0.99996180587));
#1447 = ORIENTED_EDGE('',*,*,#1448,.F.);
#1448 = EDGE_CURVE('',#1449,#1440,#1451,.T.);
#1449 = VERTEX_POINT('',#1450);
#1450 = CARTESIAN_POINT('',(-0.825082887395,-3.599565394566,
    7.952901928912E-02));
#1451 = LINE('',#1452,#1453);
#1452 = CARTESIAN_POINT('',(-0.825082887395,-3.599565394566,
    7.952901928912E-02));
#1453 = VECTOR('',#1454,1.);
#1454 = DIRECTION('',(1.,8.742277657348E-08,0.));
#1455 = ORIENTED_EDGE('',*,*,#1456,.F.);
#1456 = EDGE_CURVE('',#1430,#1449,#1457,.T.);
#1457 = CIRCLE('',#1458,5.E-02);
#1458 = AXIS2_PLACEMENT_3D('',#1459,#1460,#1461);
#1459 = CARTESIAN_POINT('',(-0.825082887395,-3.599565396752,
    2.952901928912E-02));
#1460 = DIRECTION('',(-1.,-8.742277657348E-08,0.));
#1461 = DIRECTION('',(7.640710712331E-10,-8.73995429087E-03,
    0.99996180587));
#1462 = CYLINDRICAL_SURFACE('',#1463,5.E-02);
#1463 = AXIS2_PLACEMENT_3D('',#1464,#1465,#1466);
#1464 = CARTESIAN_POINT('',(-0.825082887395,-3.599565396752,
    2.952901928912E-02));
#1465 = DIRECTION('',(1.,8.742277657348E-08,0.));
#1466 = DIRECTION('',(-3.821370931908E-15,4.371138828674E-08,1.));
#1467 = ADVANCED_FACE('',(#1468),#1504,.F.);
#1468 = FACE_BOUND('',#1469,.F.);
#1469 = EDGE_LOOP('',(#1470,#1480,#1489,#1497));
#1470 = ORIENTED_EDGE('',*,*,#1471,.T.);
#1471 = EDGE_CURVE('',#1472,#1474,#1476,.T.);
#1472 = VERTEX_POINT('',#1473);
#1473 = CARTESIAN_POINT('',(-0.325082887356,-3.600002350755,
    7.952710958262E-02));
#1474 = VERTEX_POINT('',#1475);
#1475 = CARTESIAN_POINT('',(-0.175082887356,-3.600002337641,
    7.952710958262E-02));
#1476 = LINE('',#1477,#1478);
#1477 = CARTESIAN_POINT('',(-0.325082887356,-3.600002350755,
    7.952710958262E-02));
#1478 = VECTOR('',#1479,1.);
#1479 = DIRECTION('',(1.,8.742277657348E-08,0.));
#1480 = ORIENTED_EDGE('',*,*,#1481,.T.);
#1481 = EDGE_CURVE('',#1474,#1482,#1484,.T.);
#1482 = VERTEX_POINT('',#1483);
#1483 = CARTESIAN_POINT('',(-0.175082887395,-3.599565337741,
    7.952901928912E-02));
#1484 = CIRCLE('',#1485,5.E-02);
#1485 = AXIS2_PLACEMENT_3D('',#1486,#1487,#1488);
#1486 = CARTESIAN_POINT('',(-0.175082887395,-3.599565339927,
    2.952901928912E-02));
#1487 = DIRECTION('',(-1.,-8.742277657348E-08,0.));
#1488 = DIRECTION('',(7.640710712331E-10,-8.73995429087E-03,
    0.99996180587));
#1489 = ORIENTED_EDGE('',*,*,#1490,.F.);
#1490 = EDGE_CURVE('',#1491,#1482,#1493,.T.);
#1491 = VERTEX_POINT('',#1492);
#1492 = CARTESIAN_POINT('',(-0.325082887395,-3.599565350855,
    7.952901928912E-02));
#1493 = LINE('',#1494,#1495);
#1494 = CARTESIAN_POINT('',(-0.325082887395,-3.599565350855,
    7.952901928912E-02));
#1495 = VECTOR('',#1496,1.);
#1496 = DIRECTION('',(1.,8.742277657348E-08,0.));
#1497 = ORIENTED_EDGE('',*,*,#1498,.F.);
#1498 = EDGE_CURVE('',#1472,#1491,#1499,.T.);
#1499 = CIRCLE('',#1500,5.E-02);
#1500 = AXIS2_PLACEMENT_3D('',#1501,#1502,#1503);
#1501 = CARTESIAN_POINT('',(-0.325082887395,-3.59956535304,
    2.952901928912E-02));
#1502 = DIRECTION('',(-1.,-8.742277657348E-08,0.));
#1503 = DIRECTION('',(7.640710712331E-10,-8.73995429087E-03,
    0.99996180587));
#1504 = CYLINDRICAL_SURFACE('',#1505,5.E-02);
#1505 = AXIS2_PLACEMENT_3D('',#1506,#1507,#1508);
#1506 = CARTESIAN_POINT('',(-0.325082887395,-3.59956535304,
    2.952901928912E-02));
#1507 = DIRECTION('',(1.,8.742277657348E-08,0.));
#1508 = DIRECTION('',(-3.821370931908E-15,4.371138828674E-08,1.));
#1509 = ADVANCED_FACE('',(#1510),#1546,.F.);
#1510 = FACE_BOUND('',#1511,.F.);
#1511 = EDGE_LOOP('',(#1512,#1522,#1531,#1539));
#1512 = ORIENTED_EDGE('',*,*,#1513,.T.);
#1513 = EDGE_CURVE('',#1514,#1516,#1518,.T.);
#1514 = VERTEX_POINT('',#1515);
#1515 = CARTESIAN_POINT('',(0.174917112644,-3.600002307043,
    7.952710958262E-02));
#1516 = VERTEX_POINT('',#1517);
#1517 = CARTESIAN_POINT('',(0.324917112644,-3.60000229393,
    7.952710958262E-02));
#1518 = LINE('',#1519,#1520);
#1519 = CARTESIAN_POINT('',(0.174917112644,-3.600002307043,
    7.952710958262E-02));
#1520 = VECTOR('',#1521,1.);
#1521 = DIRECTION('',(1.,8.742277657348E-08,0.));
#1522 = ORIENTED_EDGE('',*,*,#1523,.T.);
#1523 = EDGE_CURVE('',#1516,#1524,#1526,.T.);
#1524 = VERTEX_POINT('',#1525);
#1525 = CARTESIAN_POINT('',(0.324917112605,-3.59956529403,
    7.952901928912E-02));
#1526 = CIRCLE('',#1527,5.E-02);
#1527 = AXIS2_PLACEMENT_3D('',#1528,#1529,#1530);
#1528 = CARTESIAN_POINT('',(0.324917112605,-3.599565296215,
    2.952901928912E-02));
#1529 = DIRECTION('',(-1.,-8.742277657348E-08,0.));
#1530 = DIRECTION('',(7.640710712331E-10,-8.73995429087E-03,
    0.99996180587));
#1531 = ORIENTED_EDGE('',*,*,#1532,.F.);
#1532 = EDGE_CURVE('',#1533,#1524,#1535,.T.);
#1533 = VERTEX_POINT('',#1534);
#1534 = CARTESIAN_POINT('',(0.174917112605,-3.599565307143,
    7.952901928912E-02));
#1535 = LINE('',#1536,#1537);
#1536 = CARTESIAN_POINT('',(0.174917112605,-3.599565307143,
    7.952901928912E-02));
#1537 = VECTOR('',#1538,1.);
#1538 = DIRECTION('',(1.,8.742277657348E-08,0.));
#1539 = ORIENTED_EDGE('',*,*,#1540,.F.);
#1540 = EDGE_CURVE('',#1514,#1533,#1541,.T.);
#1541 = CIRCLE('',#1542,5.E-02);
#1542 = AXIS2_PLACEMENT_3D('',#1543,#1544,#1545);
#1543 = CARTESIAN_POINT('',(0.174917112605,-3.599565309329,
    2.952901928912E-02));
#1544 = DIRECTION('',(-1.,-8.742277657348E-08,0.));
#1545 = DIRECTION('',(7.640710712331E-10,-8.73995429087E-03,
    0.99996180587));
#1546 = CYLINDRICAL_SURFACE('',#1547,5.E-02);
#1547 = AXIS2_PLACEMENT_3D('',#1548,#1549,#1550);
#1548 = CARTESIAN_POINT('',(0.174917112605,-3.599565309329,
    2.952901928912E-02));
#1549 = DIRECTION('',(1.,8.742277657348E-08,0.));
#1550 = DIRECTION('',(-3.821370931908E-15,4.371138828674E-08,1.));
#1551 = ADVANCED_FACE('',(#1552),#1588,.F.);
#1552 = FACE_BOUND('',#1553,.F.);
#1553 = EDGE_LOOP('',(#1554,#1564,#1573,#1581));
#1554 = ORIENTED_EDGE('',*,*,#1555,.T.);
#1555 = EDGE_CURVE('',#1556,#1558,#1560,.T.);
#1556 = VERTEX_POINT('',#1557);
#1557 = CARTESIAN_POINT('',(0.674917112644,-3.600002263332,
    7.952710958262E-02));
#1558 = VERTEX_POINT('',#1559);
#1559 = CARTESIAN_POINT('',(0.824917112644,-3.600002250219,
    7.952710958262E-02));
#1560 = LINE('',#1561,#1562);
#1561 = CARTESIAN_POINT('',(0.674917112644,-3.600002263332,
    7.952710958262E-02));
#1562 = VECTOR('',#1563,1.);
#1563 = DIRECTION('',(1.,8.742277657348E-08,0.));
#1564 = ORIENTED_EDGE('',*,*,#1565,.T.);
#1565 = EDGE_CURVE('',#1558,#1566,#1568,.T.);
#1566 = VERTEX_POINT('',#1567);
#1567 = CARTESIAN_POINT('',(0.824917112605,-3.599565250318,
    7.952901928912E-02));
#1568 = CIRCLE('',#1569,5.E-02);
#1569 = AXIS2_PLACEMENT_3D('',#1570,#1571,#1572);
#1570 = CARTESIAN_POINT('',(0.824917112605,-3.599565252504,
    2.952901928912E-02));
#1571 = DIRECTION('',(-1.,-8.742277657348E-08,0.));
#1572 = DIRECTION('',(7.640710712331E-10,-8.73995429087E-03,
    0.99996180587));
#1573 = ORIENTED_EDGE('',*,*,#1574,.F.);
#1574 = EDGE_CURVE('',#1575,#1566,#1577,.T.);
#1575 = VERTEX_POINT('',#1576);
#1576 = CARTESIAN_POINT('',(0.674917112605,-3.599565263432,
    7.952901928912E-02));
#1577 = LINE('',#1578,#1579);
#1578 = CARTESIAN_POINT('',(0.674917112605,-3.599565263432,
    7.952901928912E-02));
#1579 = VECTOR('',#1580,1.);
#1580 = DIRECTION('',(1.,8.742277657348E-08,0.));
#1581 = ORIENTED_EDGE('',*,*,#1582,.F.);
#1582 = EDGE_CURVE('',#1556,#1575,#1583,.T.);
#1583 = CIRCLE('',#1584,5.E-02);
#1584 = AXIS2_PLACEMENT_3D('',#1585,#1586,#1587);
#1585 = CARTESIAN_POINT('',(0.674917112605,-3.599565265617,
    2.952901928912E-02));
#1586 = DIRECTION('',(-1.,-8.742277657348E-08,0.));
#1587 = DIRECTION('',(7.640710712331E-10,-8.73995429087E-03,
    0.99996180587));
#1588 = CYLINDRICAL_SURFACE('',#1589,5.E-02);
#1589 = AXIS2_PLACEMENT_3D('',#1590,#1591,#1592);
#1590 = CARTESIAN_POINT('',(0.674917112605,-3.599565265617,
    2.952901928912E-02));
#1591 = DIRECTION('',(1.,8.742277657348E-08,0.));
#1592 = DIRECTION('',(-3.821370931908E-15,4.371138828674E-08,1.));
#1593 = ADVANCED_FACE('',(#1594),#1628,.T.);
#1594 = FACE_BOUND('',#1595,.T.);
#1595 = EDGE_LOOP('',(#1596,#1606,#1614,#1622));
#1596 = ORIENTED_EDGE('',*,*,#1597,.T.);
#1597 = EDGE_CURVE('',#1598,#1600,#1602,.T.);
#1598 = VERTEX_POINT('',#1599);
#1599 = CARTESIAN_POINT('',(2.604917097988,-3.432365544399,
    0.749999011981));
#1600 = VERTEX_POINT('',#1601);
#1601 = CARTESIAN_POINT('',(2.604917097988,-3.432365561228,
    0.364999011981));
#1602 = LINE('',#1603,#1604);
#1603 = CARTESIAN_POINT('',(2.604917097988,-3.432365544399,
    0.749999011981));
#1604 = VECTOR('',#1605,1.);
#1605 = DIRECTION('',(3.821370931908E-15,-4.371138828674E-08,-1.));
#1606 = ORIENTED_EDGE('',*,*,#1607,.F.);
#1607 = EDGE_CURVE('',#1608,#1600,#1610,.T.);
#1608 = VERTEX_POINT('',#1609);
#1609 = CARTESIAN_POINT('',(2.754917097988,-3.432365548114,
    0.364999011981));
#1610 = LINE('',#1611,#1612);
#1611 = CARTESIAN_POINT('',(2.754917097988,-3.432365548114,
    0.364999011981));
#1612 = VECTOR('',#1613,1.);
#1613 = DIRECTION('',(-1.,-8.742277657348E-08,0.));
#1614 = ORIENTED_EDGE('',*,*,#1615,.F.);
#1615 = EDGE_CURVE('',#1616,#1608,#1618,.T.);
#1616 = VERTEX_POINT('',#1617);
#1617 = CARTESIAN_POINT('',(2.754917097988,-3.432365531285,
    0.749999011981));
#1618 = LINE('',#1619,#1620);
#1619 = CARTESIAN_POINT('',(2.754917097988,-3.432365531285,
    0.749999011981));
#1620 = VECTOR('',#1621,1.);
#1621 = DIRECTION('',(3.821370931908E-15,-4.371138828674E-08,-1.));
#1622 = ORIENTED_EDGE('',*,*,#1623,.T.);
#1623 = EDGE_CURVE('',#1616,#1598,#1624,.T.);
#1624 = LINE('',#1625,#1626);
#1625 = CARTESIAN_POINT('',(2.754917097988,-3.432365531285,
    0.749999011981));
#1626 = VECTOR('',#1627,1.);
#1627 = DIRECTION('',(-1.,-8.742277657348E-08,0.));
#1628 = PLANE('',#1629);
#1629 = AXIS2_PLACEMENT_3D('',#1630,#1631,#1632);
#1630 = CARTESIAN_POINT('',(2.604917097988,-3.432365531285,
    1.049999011981));
#1631 = DIRECTION('',(8.742277657348E-08,-1.,4.371138828674E-08));
#1632 = DIRECTION('',(3.821370931908E-15,-4.371138828674E-08,-1.));
#1633 = ADVANCED_FACE('',(#1634),#1661,.T.);
#1634 = FACE_BOUND('',#1635,.T.);
#1635 = EDGE_LOOP('',(#1636,#1646,#1653,#1654));
#1636 = ORIENTED_EDGE('',*,*,#1637,.F.);
#1637 = EDGE_CURVE('',#1638,#1640,#1642,.T.);
#1638 = VERTEX_POINT('',#1639);
#1639 = CARTESIAN_POINT('',(2.754917095803,-3.407365549207,
    0.339999010889));
#1640 = VERTEX_POINT('',#1641);
#1641 = CARTESIAN_POINT('',(2.604917095803,-3.40736556232,0.339999010889
    ));
#1642 = LINE('',#1643,#1644);
#1643 = CARTESIAN_POINT('',(2.754917095803,-3.407365549207,
    0.339999010889));
#1644 = VECTOR('',#1645,1.);
#1645 = DIRECTION('',(-1.,-8.742277657348E-08,0.));
#1646 = ORIENTED_EDGE('',*,*,#1647,.F.);
#1647 = EDGE_CURVE('',#1608,#1638,#1648,.T.);
#1648 = CIRCLE('',#1649,2.5E-02);
#1649 = AXIS2_PLACEMENT_3D('',#1650,#1651,#1652);
#1650 = CARTESIAN_POINT('',(2.754917095803,-3.407365548114,
    0.364999010889));
#1651 = DIRECTION('',(1.,8.742277657348E-08,-7.88860905221E-31));
#1652 = DIRECTION('',(8.742277657348E-08,-1.,4.371138828674E-08));
#1653 = ORIENTED_EDGE('',*,*,#1607,.T.);
#1654 = ORIENTED_EDGE('',*,*,#1655,.F.);
#1655 = EDGE_CURVE('',#1640,#1600,#1656,.T.);
#1656 = CIRCLE('',#1657,2.5E-02);
#1657 = AXIS2_PLACEMENT_3D('',#1658,#1659,#1660);
#1658 = CARTESIAN_POINT('',(2.604917095803,-3.407365561228,
    0.364999010889));
#1659 = DIRECTION('',(-1.,-8.742277657348E-08,7.88860905221E-31));
#1660 = DIRECTION('',(3.821370931908E-15,-4.371138828674E-08,-1.));
#1661 = CYLINDRICAL_SURFACE('',#1662,2.5E-02);
#1662 = AXIS2_PLACEMENT_3D('',#1663,#1664,#1665);
#1663 = CARTESIAN_POINT('',(10.821517095803,-3.40736484291,
    0.364999010889));
#1664 = DIRECTION('',(-1.,-8.742277657348E-08,0.));
#1665 = DIRECTION('',(3.821370931908E-15,-4.371138828674E-08,-1.));
#1666 = ADVANCED_FACE('',(#1667),#1692,.T.);
#1667 = FACE_BOUND('',#1668,.T.);
#1668 = EDGE_LOOP('',(#1669,#1677,#1685,#1691));
#1669 = ORIENTED_EDGE('',*,*,#1670,.T.);
#1670 = EDGE_CURVE('',#1640,#1671,#1673,.T.);
#1671 = VERTEX_POINT('',#1672);
#1672 = CARTESIAN_POINT('',(2.60491708211,-3.250742373374,0.339999004042
    ));
#1673 = LINE('',#1674,#1675);
#1674 = CARTESIAN_POINT('',(2.604917095803,-3.40736556232,0.339999010889
    ));
#1675 = VECTOR('',#1676,1.);
#1676 = DIRECTION('',(-8.742277657348E-08,1.,-4.371138828674E-08));
#1677 = ORIENTED_EDGE('',*,*,#1678,.F.);
#1678 = EDGE_CURVE('',#1679,#1671,#1681,.T.);
#1679 = VERTEX_POINT('',#1680);
#1680 = CARTESIAN_POINT('',(2.75491708211,-3.250742360261,0.339999004042
    ));
#1681 = LINE('',#1682,#1683);
#1682 = CARTESIAN_POINT('',(2.75491708211,-3.250742360261,0.339999004042
    ));
#1683 = VECTOR('',#1684,1.);
#1684 = DIRECTION('',(-1.,-8.742277657348E-08,0.));
#1685 = ORIENTED_EDGE('',*,*,#1686,.F.);
#1686 = EDGE_CURVE('',#1638,#1679,#1687,.T.);
#1687 = LINE('',#1688,#1689);
#1688 = CARTESIAN_POINT('',(2.754917095803,-3.407365549207,
    0.339999010889));
#1689 = VECTOR('',#1690,1.);
#1690 = DIRECTION('',(-8.742277657348E-08,1.,-4.371138828674E-08));
#1691 = ORIENTED_EDGE('',*,*,#1637,.T.);
#1692 = PLANE('',#1693);
#1693 = AXIS2_PLACEMENT_3D('',#1694,#1695,#1696);
#1694 = CARTESIAN_POINT('',(2.604917097988,-3.43236556232,0.339999011981
    ));
#1695 = DIRECTION('',(3.821370931908E-15,-4.371138828674E-08,-1.));
#1696 = DIRECTION('',(8.742277657348E-08,-1.,4.371138828674E-08));
#1697 = ADVANCED_FACE('',(#1698),#1725,.T.);
#1698 = FACE_BOUND('',#1699,.T.);
#1699 = EDGE_LOOP('',(#1700,#1710,#1717,#1718));
#1700 = ORIENTED_EDGE('',*,*,#1701,.F.);
#1701 = EDGE_CURVE('',#1702,#1704,#1706,.T.);
#1702 = VERTEX_POINT('',#1703);
#1703 = CARTESIAN_POINT('',(2.754917080008,-3.226700533981,
    0.358144032005));
#1704 = VERTEX_POINT('',#1705);
#1705 = CARTESIAN_POINT('',(2.604917080008,-3.226700547094,
    0.358144032005));
#1706 = LINE('',#1707,#1708);
#1707 = CARTESIAN_POINT('',(2.754917080008,-3.226700533981,
    0.358144032005));
#1708 = VECTOR('',#1709,1.);
#1709 = DIRECTION('',(-1.,-8.742277657348E-08,0.));
#1710 = ORIENTED_EDGE('',*,*,#1711,.F.);
#1711 = EDGE_CURVE('',#1679,#1702,#1712,.T.);
#1712 = CIRCLE('',#1713,2.5E-02);
#1713 = AXIS2_PLACEMENT_3D('',#1714,#1715,#1716);
#1714 = CARTESIAN_POINT('',(2.75491708211,-3.250742359168,0.364999004042
    ));
#1715 = DIRECTION('',(1.,8.742277657348E-08,-7.88860905221E-31));
#1716 = DIRECTION('',(3.821370931908E-15,-4.371138828674E-08,-1.));
#1717 = ORIENTED_EDGE('',*,*,#1678,.T.);
#1718 = ORIENTED_EDGE('',*,*,#1719,.F.);
#1719 = EDGE_CURVE('',#1704,#1671,#1720,.T.);
#1720 = CIRCLE('',#1721,2.5E-02);
#1721 = AXIS2_PLACEMENT_3D('',#1722,#1723,#1724);
#1722 = CARTESIAN_POINT('',(2.60491708211,-3.250742372282,0.364999004042
    ));
#1723 = DIRECTION('',(-1.,-8.742277657348E-08,0.));
#1724 = DIRECTION('',(-8.407212447276E-08,0.961673007515,-0.274198881501
    ));
#1725 = CYLINDRICAL_SURFACE('',#1726,2.5E-02);
#1726 = AXIS2_PLACEMENT_3D('',#1727,#1728,#1729);
#1727 = CARTESIAN_POINT('',(10.82151708211,-3.250741653964,
    0.364999004042));
#1728 = DIRECTION('',(-1.,-8.742277657348E-08,0.));
#1729 = DIRECTION('',(-8.407212447276E-08,0.961673007515,-0.274198881501
    ));
#1730 = ADVANCED_FACE('',(#1731),#1756,.T.);
#1731 = FACE_BOUND('',#1732,.T.);
#1732 = EDGE_LOOP('',(#1733,#1741,#1749,#1755));
#1733 = ORIENTED_EDGE('',*,*,#1734,.T.);
#1734 = EDGE_CURVE('',#1704,#1735,#1737,.T.);
#1735 = VERTEX_POINT('',#1736);
#1736 = CARTESIAN_POINT('',(2.604917076173,-3.182832350625,
    0.511999001074));
#1737 = LINE('',#1738,#1739);
#1738 = CARTESIAN_POINT('',(2.604917080008,-3.226700547094,
    0.358144032005));
#1739 = VECTOR('',#1740,1.);
#1740 = DIRECTION('',(-2.397122755415E-08,0.274198881501,0.961673007515)
  );
#1741 = ORIENTED_EDGE('',*,*,#1742,.T.);
#1742 = EDGE_CURVE('',#1735,#1743,#1745,.T.);
#1743 = VERTEX_POINT('',#1744);
#1744 = CARTESIAN_POINT('',(2.754917076173,-3.182832337512,
    0.511999001074));
#1745 = LINE('',#1746,#1747);
#1746 = CARTESIAN_POINT('',(2.604917076173,-3.182832350625,
    0.511999001074));
#1747 = VECTOR('',#1748,1.);
#1748 = DIRECTION('',(1.,8.742277657348E-08,0.));
#1749 = ORIENTED_EDGE('',*,*,#1750,.F.);
#1750 = EDGE_CURVE('',#1702,#1743,#1751,.T.);
#1751 = LINE('',#1752,#1753);
#1752 = CARTESIAN_POINT('',(2.754917080008,-3.226700533981,
    0.358144032005));
#1753 = VECTOR('',#1754,1.);
#1754 = DIRECTION('',(-2.397122755415E-08,0.274198881501,0.961673007515)
  );
#1755 = ORIENTED_EDGE('',*,*,#1701,.T.);
#1756 = PLANE('',#1757);
#1757 = AXIS2_PLACEMENT_3D('',#1758,#1759,#1760);
#1758 = CARTESIAN_POINT('',(2.604917080461,-3.23187418362,0.339999003218
    ));
#1759 = DIRECTION('',(-8.407212447276E-08,0.961673007515,-0.274198881501
    ));
#1760 = DIRECTION('',(1.,8.742277657348E-08,0.));
#1761 = ADVANCED_FACE('',(#1762),#1789,.T.);
#1762 = FACE_BOUND('',#1763,.T.);
#1763 = EDGE_LOOP('',(#1764,#1774,#1781,#1782));
#1764 = ORIENTED_EDGE('',*,*,#1765,.T.);
#1765 = EDGE_CURVE('',#1766,#1768,#1770,.T.);
#1766 = VERTEX_POINT('',#1767);
#1767 = CARTESIAN_POINT('',(2.60491707609,-3.181874175813,0.518853972019
    ));
#1768 = VERTEX_POINT('',#1769);
#1769 = CARTESIAN_POINT('',(2.75491707609,-3.1818741627,0.518853972019)
  );
#1770 = LINE('',#1771,#1772);
#1771 = CARTESIAN_POINT('',(2.60491707609,-3.181874175813,0.518853972019
    ));
#1772 = VECTOR('',#1773,1.);
#1773 = DIRECTION('',(1.,8.742277657348E-08,0.));
#1774 = ORIENTED_EDGE('',*,*,#1775,.F.);
#1775 = EDGE_CURVE('',#1743,#1768,#1776,.T.);
#1776 = CIRCLE('',#1777,2.5E-02);
#1777 = AXIS2_PLACEMENT_3D('',#1778,#1779,#1780);
#1778 = CARTESIAN_POINT('',(2.754917078275,-3.2068741627,0.518853973112)
  );
#1779 = DIRECTION('',(1.,8.742277657348E-08,0.));
#1780 = DIRECTION('',(-8.407212447276E-08,0.961673007515,-0.274198881501
    ));
#1781 = ORIENTED_EDGE('',*,*,#1742,.F.);
#1782 = ORIENTED_EDGE('',*,*,#1783,.T.);
#1783 = EDGE_CURVE('',#1735,#1766,#1784,.T.);
#1784 = CIRCLE('',#1785,2.5E-02);
#1785 = AXIS2_PLACEMENT_3D('',#1786,#1787,#1788);
#1786 = CARTESIAN_POINT('',(2.604917078275,-3.206874175813,
    0.518853973112));
#1787 = DIRECTION('',(1.,8.742277657348E-08,0.));
#1788 = DIRECTION('',(-8.407212447276E-08,0.961673007515,-0.274198881501
    ));
#1789 = CYLINDRICAL_SURFACE('',#1790,2.5E-02);
#1790 = AXIS2_PLACEMENT_3D('',#1791,#1792,#1793);
#1791 = CARTESIAN_POINT('',(2.604917078275,-3.206874175813,
    0.518853973112));
#1792 = DIRECTION('',(1.,8.742277657348E-08,0.));
#1793 = DIRECTION('',(-3.821370931908E-15,4.371138828674E-08,1.));
#1794 = ADVANCED_FACE('',(#1795),#1820,.T.);
#1795 = FACE_BOUND('',#1796,.T.);
#1796 = EDGE_LOOP('',(#1797,#1807,#1813,#1814));
#1797 = ORIENTED_EDGE('',*,*,#1798,.T.);
#1798 = EDGE_CURVE('',#1799,#1801,#1803,.T.);
#1799 = VERTEX_POINT('',#1800);
#1800 = CARTESIAN_POINT('',(2.60491707609,-3.181874162868,0.814999185632
    ));
#1801 = VERTEX_POINT('',#1802);
#1802 = CARTESIAN_POINT('',(2.75491707609,-3.181874149755,0.814999185632
    ));
#1803 = LINE('',#1804,#1805);
#1804 = CARTESIAN_POINT('',(2.60491707609,-3.181874162868,0.814999185632
    ));
#1805 = VECTOR('',#1806,1.);
#1806 = DIRECTION('',(1.,8.742277657348E-08,0.));
#1807 = ORIENTED_EDGE('',*,*,#1808,.F.);
#1808 = EDGE_CURVE('',#1768,#1801,#1809,.T.);
#1809 = LINE('',#1810,#1811);
#1810 = CARTESIAN_POINT('',(2.75491707609,-3.1818741627,0.518853972019)
  );
#1811 = VECTOR('',#1812,1.);
#1812 = DIRECTION('',(-3.821370931908E-15,4.371138828674E-08,1.));
#1813 = ORIENTED_EDGE('',*,*,#1765,.F.);
#1814 = ORIENTED_EDGE('',*,*,#1815,.T.);
#1815 = EDGE_CURVE('',#1766,#1799,#1816,.T.);
#1816 = LINE('',#1817,#1818);
#1817 = CARTESIAN_POINT('',(2.60491707609,-3.181874175813,0.518853972019
    ));
#1818 = VECTOR('',#1819,1.);
#1819 = DIRECTION('',(-3.821370931908E-15,4.371138828674E-08,1.));
#1820 = PLANE('',#1821);
#1821 = AXIS2_PLACEMENT_3D('',#1822,#1823,#1824);
#1822 = CARTESIAN_POINT('',(2.60491707609,-3.181874175813,0.518853972019
    ));
#1823 = DIRECTION('',(-8.742277657348E-08,1.,-4.371138828674E-08));
#1824 = DIRECTION('',(-1.,-8.742277657348E-08,0.));
#1825 = ADVANCED_FACE('',(#1826),#1851,.T.);
#1826 = FACE_BOUND('',#1827,.T.);
#1827 = EDGE_LOOP('',(#1828,#1838,#1844,#1845));
#1828 = ORIENTED_EDGE('',*,*,#1829,.T.);
#1829 = EDGE_CURVE('',#1830,#1832,#1834,.T.);
#1830 = VERTEX_POINT('',#1831);
#1831 = CARTESIAN_POINT('',(2.604917031518,-2.672034043043,
    0.814999163346));
#1832 = VERTEX_POINT('',#1833);
#1833 = CARTESIAN_POINT('',(2.754917031518,-2.67203402993,0.814999163346
    ));
#1834 = LINE('',#1835,#1836);
#1835 = CARTESIAN_POINT('',(2.604917031518,-2.672034043043,
    0.814999163346));
#1836 = VECTOR('',#1837,1.);
#1837 = DIRECTION('',(1.,8.742277657348E-08,0.));
#1838 = ORIENTED_EDGE('',*,*,#1839,.F.);
#1839 = EDGE_CURVE('',#1801,#1832,#1840,.T.);
#1840 = LINE('',#1841,#1842);
#1841 = CARTESIAN_POINT('',(2.75491707609,-3.181874149755,0.814999185632
    ));
#1842 = VECTOR('',#1843,1.);
#1843 = DIRECTION('',(-8.742277657348E-08,1.,-4.371138828674E-08));
#1844 = ORIENTED_EDGE('',*,*,#1798,.F.);
#1845 = ORIENTED_EDGE('',*,*,#1846,.T.);
#1846 = EDGE_CURVE('',#1799,#1830,#1847,.T.);
#1847 = LINE('',#1848,#1849);
#1848 = CARTESIAN_POINT('',(2.60491707609,-3.181874162868,0.814999185632
    ));
#1849 = VECTOR('',#1850,1.);
#1850 = DIRECTION('',(-8.742277657348E-08,1.,-4.371138828674E-08));
#1851 = PLANE('',#1852);
#1852 = AXIS2_PLACEMENT_3D('',#1853,#1854,#1855);
#1853 = CARTESIAN_POINT('',(2.60491707609,-3.181874162868,0.814999185632
    ));
#1854 = DIRECTION('',(3.821370931908E-15,-4.371138828674E-08,-1.));
#1855 = DIRECTION('',(8.742277657348E-08,-1.,4.371138828674E-08));
#1856 = ADVANCED_FACE('',(#1857),#1884,.F.);
#1857 = FACE_BOUND('',#1858,.F.);
#1858 = EDGE_LOOP('',(#1859,#1868,#1869,#1878));
#1859 = ORIENTED_EDGE('',*,*,#1860,.F.);
#1860 = EDGE_CURVE('',#1830,#1861,#1863,.T.);
#1861 = VERTEX_POINT('',#1862);
#1862 = CARTESIAN_POINT('',(2.604917030415,-2.659416219503,
    0.813380879665));
#1863 = CIRCLE('',#1864,5.E-02);
#1864 = AXIS2_PLACEMENT_3D('',#1865,#1866,#1867);
#1865 = CARTESIAN_POINT('',(2.604917031518,-2.672034045229,
    0.764999163346));
#1866 = DIRECTION('',(-1.,-8.742277657348E-08,7.88860905221E-31));
#1867 = DIRECTION('',(-3.821370931908E-15,4.371138828674E-08,1.));
#1868 = ORIENTED_EDGE('',*,*,#1829,.T.);
#1869 = ORIENTED_EDGE('',*,*,#1870,.T.);
#1870 = EDGE_CURVE('',#1832,#1871,#1873,.T.);
#1871 = VERTEX_POINT('',#1872);
#1872 = CARTESIAN_POINT('',(2.754917030415,-2.65941620639,0.813380879665
    ));
#1873 = CIRCLE('',#1874,5.E-02);
#1874 = AXIS2_PLACEMENT_3D('',#1875,#1876,#1877);
#1875 = CARTESIAN_POINT('',(2.754917031518,-2.672034032116,
    0.764999163346));
#1876 = DIRECTION('',(-1.,-8.742277657348E-08,7.88860905221E-31));
#1877 = DIRECTION('',(-3.821370931908E-15,4.371138828674E-08,1.));
#1878 = ORIENTED_EDGE('',*,*,#1879,.F.);
#1879 = EDGE_CURVE('',#1861,#1871,#1880,.T.);
#1880 = LINE('',#1881,#1882);
#1881 = CARTESIAN_POINT('',(2.604917030415,-2.659416219503,
    0.813380879665));
#1882 = VECTOR('',#1883,1.);
#1883 = DIRECTION('',(1.,8.742277657348E-08,0.));
#1884 = CYLINDRICAL_SURFACE('',#1885,5.E-02);
#1885 = AXIS2_PLACEMENT_3D('',#1886,#1887,#1888);
#1886 = CARTESIAN_POINT('',(2.604917031518,-2.672034045229,
    0.764999163346));
#1887 = DIRECTION('',(1.,8.742277657348E-08,0.));
#1888 = DIRECTION('',(-3.821370931908E-15,4.371138828674E-08,1.));
#1889 = ADVANCED_FACE('',(#1890),#1915,.T.);
#1890 = FACE_BOUND('',#1891,.T.);
#1891 = EDGE_LOOP('',(#1892,#1900,#1901,#1909));
#1892 = ORIENTED_EDGE('',*,*,#1893,.F.);
#1893 = EDGE_CURVE('',#1871,#1894,#1896,.T.);
#1894 = VERTEX_POINT('',#1895);
#1895 = CARTESIAN_POINT('',(2.754917025221,-2.600002050092,
    0.797885822298));
#1896 = LINE('',#1897,#1898);
#1897 = CARTESIAN_POINT('',(2.754917030415,-2.65941620639,0.813380879665
    ));
#1898 = VECTOR('',#1899,1.);
#1899 = DIRECTION('',(-8.459327951926E-08,0.967634326372,-0.252356514531
    ));
#1900 = ORIENTED_EDGE('',*,*,#1879,.F.);
#1901 = ORIENTED_EDGE('',*,*,#1902,.T.);
#1902 = EDGE_CURVE('',#1861,#1903,#1905,.T.);
#1903 = VERTEX_POINT('',#1904);
#1904 = CARTESIAN_POINT('',(2.604917025221,-2.600002063206,
    0.797885822298));
#1905 = LINE('',#1906,#1907);
#1906 = CARTESIAN_POINT('',(2.604917030415,-2.659416219503,
    0.813380879665));
#1907 = VECTOR('',#1908,1.);
#1908 = DIRECTION('',(-8.459327951926E-08,0.967634326372,-0.252356514531
    ));
#1909 = ORIENTED_EDGE('',*,*,#1910,.T.);
#1910 = EDGE_CURVE('',#1903,#1894,#1911,.T.);
#1911 = LINE('',#1912,#1913);
#1912 = CARTESIAN_POINT('',(2.604917025221,-2.600002063206,
    0.797885822298));
#1913 = VECTOR('',#1914,1.);
#1914 = DIRECTION('',(1.,8.742277657348E-08,0.));
#1915 = PLANE('',#1916);
#1916 = AXIS2_PLACEMENT_3D('',#1917,#1918,#1919);
#1917 = CARTESIAN_POINT('',(2.604917030415,-2.659416219503,
    0.813380879665));
#1918 = DIRECTION('',(2.206170718671E-08,-0.252356514531,-0.967634326372
    ));
#1919 = DIRECTION('',(8.459327951926E-08,-0.967634326372,0.252356514531)
  );
#1920 = ADVANCED_FACE('',(#1921),#1955,.F.);
#1921 = FACE_BOUND('',#1922,.T.);
#1922 = EDGE_LOOP('',(#1923,#1933,#1941,#1949));
#1923 = ORIENTED_EDGE('',*,*,#1924,.F.);
#1924 = EDGE_CURVE('',#1925,#1927,#1929,.T.);
#1925 = VERTEX_POINT('',#1926);
#1926 = CARTESIAN_POINT('',(2.554916911571,-1.300002056556,
    1.049998918773));
#1927 = VERTEX_POINT('',#1928);
#1928 = CARTESIAN_POINT('',(2.604916911571,-1.300002058742,
    0.899998918773));
#1929 = LINE('',#1930,#1931);
#1930 = CARTESIAN_POINT('',(2.554916911571,-1.300002056556,
    1.049998918773));
#1931 = VECTOR('',#1932,1.);
#1932 = DIRECTION('',(0.316227766017,-1.382275466741E-08,-0.948683298051
    ));
#1933 = ORIENTED_EDGE('',*,*,#1934,.T.);
#1934 = EDGE_CURVE('',#1925,#1935,#1937,.T.);
#1935 = VERTEX_POINT('',#1936);
#1936 = CARTESIAN_POINT('',(2.554917025221,-2.600002056556,
    1.049998975598));
#1937 = LINE('',#1938,#1939);
#1938 = CARTESIAN_POINT('',(2.554916911571,-1.300002056556,
    1.049998918773));
#1939 = VECTOR('',#1940,1.);
#1940 = DIRECTION('',(8.742277657348E-08,-1.,4.371138828674E-08));
#1941 = ORIENTED_EDGE('',*,*,#1942,.T.);
#1942 = EDGE_CURVE('',#1935,#1943,#1945,.T.);
#1943 = VERTEX_POINT('',#1944);
#1944 = CARTESIAN_POINT('',(2.604917025221,-2.600002058742,
    0.899998975598));
#1945 = LINE('',#1946,#1947);
#1946 = CARTESIAN_POINT('',(2.554917025221,-2.600002056556,
    1.049998975598));
#1947 = VECTOR('',#1948,1.);
#1948 = DIRECTION('',(0.316227766017,-1.382275466741E-08,-0.948683298051
    ));
#1949 = ORIENTED_EDGE('',*,*,#1950,.F.);
#1950 = EDGE_CURVE('',#1927,#1943,#1951,.T.);
#1951 = LINE('',#1952,#1953);
#1952 = CARTESIAN_POINT('',(2.604916911571,-1.300002058742,
    0.899998918773));
#1953 = VECTOR('',#1954,1.);
#1954 = DIRECTION('',(8.742277657348E-08,-1.,4.371138828674E-08));
#1955 = PLANE('',#1956);
#1956 = AXIS2_PLACEMENT_3D('',#1957,#1958,#1959);
#1957 = CARTESIAN_POINT('',(2.554917025221,-2.600002056556,
    1.049998975598));
#1958 = DIRECTION('',(-0.948683298051,-9.675928267187E-08,
    -0.316227766017));
#1959 = DIRECTION('',(8.742277657348E-08,-1.,4.371138828674E-08));
#1960 = ADVANCED_FACE('',(#1961),#1987,.T.);
#1961 = FACE_BOUND('',#1962,.T.);
#1962 = EDGE_LOOP('',(#1963,#1973,#1981));
#1963 = ORIENTED_EDGE('',*,*,#1964,.T.);
#1964 = EDGE_CURVE('',#1965,#1967,#1969,.T.);
#1965 = VERTEX_POINT('',#1966);
#1966 = CARTESIAN_POINT('',(-1.488142726488,-4.18187241176,
    1.009999044743));
#1967 = VERTEX_POINT('',#1968);
#1968 = CARTESIAN_POINT('',(-1.719082871457,-3.781872427924,
    1.009999027259));
#1969 = LINE('',#1970,#1971);
#1970 = CARTESIAN_POINT('',(-1.488142726488,-4.18187241176,
    1.009999044743));
#1971 = VECTOR('',#1972,1.);
#1972 = DIRECTION('',(-0.50000007571,0.866025360073,-3.7855172691E-08));
#1973 = ORIENTED_EDGE('',*,*,#1974,.T.);
#1974 = EDGE_CURVE('',#1967,#1975,#1977,.T.);
#1975 = VERTEX_POINT('',#1976);
#1976 = CARTESIAN_POINT('',(-1.950022946488,-4.181872452139,
    1.009999044743));
#1977 = LINE('',#1978,#1979);
#1978 = CARTESIAN_POINT('',(-1.719082871457,-3.781872427924,
    1.009999027259));
#1979 = VECTOR('',#1980,1.);
#1980 = DIRECTION('',(-0.49999992429,-0.866025447496,3.7855172691E-08));
#1981 = ORIENTED_EDGE('',*,*,#1982,.T.);
#1982 = EDGE_CURVE('',#1975,#1965,#1983,.T.);
#1983 = LINE('',#1984,#1985);
#1984 = CARTESIAN_POINT('',(-1.950022946488,-4.181872452139,
    1.009999044743));
#1985 = VECTOR('',#1986,1.);
#1986 = DIRECTION('',(1.,8.742277657348E-08,0.));
#1987 = PLANE('',#1988);
#1988 = AXIS2_PLACEMENT_3D('',#1989,#1990,#1991);
#1989 = CARTESIAN_POINT('',(2.549916832891,-0.400002058742,
    1.009998879433));
#1990 = DIRECTION('',(-3.821370931908E-15,4.371138828674E-08,1.));
#1991 = DIRECTION('',(-1.,-8.742277657348E-08,0.));
#1992 = ADVANCED_FACE('',(#1993),#2018,.F.);
#1993 = FACE_BOUND('',#1994,.T.);
#1994 = EDGE_LOOP('',(#1995,#2003,#2004,#2012));
#1995 = ORIENTED_EDGE('',*,*,#1996,.T.);
#1996 = EDGE_CURVE('',#1997,#1967,#1999,.T.);
#1997 = VERTEX_POINT('',#1998);
#1998 = CARTESIAN_POINT('',(-1.719082871457,-3.781872425738,
    1.059999027259));
#1999 = LINE('',#2000,#2001);
#2000 = CARTESIAN_POINT('',(-1.719082871457,-3.781872425738,
    1.059999027259));
#2001 = VECTOR('',#2002,1.);
#2002 = DIRECTION('',(3.821370931908E-15,-4.371138828674E-08,-1.));
#2003 = ORIENTED_EDGE('',*,*,#1964,.F.);
#2004 = ORIENTED_EDGE('',*,*,#2005,.F.);
#2005 = EDGE_CURVE('',#2006,#1965,#2008,.T.);
#2006 = VERTEX_POINT('',#2007);
#2007 = CARTESIAN_POINT('',(-1.488142726488,-4.181872409575,
    1.059999044743));
#2008 = LINE('',#2009,#2010);
#2009 = CARTESIAN_POINT('',(-1.488142726488,-4.181872409575,
    1.059999044743));
#2010 = VECTOR('',#2011,1.);
#2011 = DIRECTION('',(3.821370931908E-15,-4.371138828674E-08,-1.));
#2012 = ORIENTED_EDGE('',*,*,#2013,.T.);
#2013 = EDGE_CURVE('',#2006,#1997,#2014,.T.);
#2014 = LINE('',#2015,#2016);
#2015 = CARTESIAN_POINT('',(-1.488142726488,-4.181872409575,
    1.059999044743));
#2016 = VECTOR('',#2017,1.);
#2017 = DIRECTION('',(-0.50000007571,0.866025360073,-3.7855172691E-08));
#2018 = PLANE('',#2019);
#2019 = AXIS2_PLACEMENT_3D('',#2020,#2021,#2022);
#2020 = CARTESIAN_POINT('',(-1.488142726488,-4.181872409575,
    1.059999044743));
#2021 = DIRECTION('',(0.866025360073,0.50000007571,-2.185569414337E-08)
  );
#2022 = DIRECTION('',(-3.821370931908E-15,4.371138828674E-08,1.));
#2023 = ADVANCED_FACE('',(#2024),#2042,.F.);
#2024 = FACE_BOUND('',#2025,.T.);
#2025 = EDGE_LOOP('',(#2026,#2034,#2035,#2036));
#2026 = ORIENTED_EDGE('',*,*,#2027,.T.);
#2027 = EDGE_CURVE('',#2028,#1975,#2030,.T.);
#2028 = VERTEX_POINT('',#2029);
#2029 = CARTESIAN_POINT('',(-1.950022946488,-4.181872449954,
    1.059999044743));
#2030 = LINE('',#2031,#2032);
#2031 = CARTESIAN_POINT('',(-1.950022946488,-4.181872449954,
    1.059999044743));
#2032 = VECTOR('',#2033,1.);
#2033 = DIRECTION('',(3.821370931908E-15,-4.371138828674E-08,-1.));
#2034 = ORIENTED_EDGE('',*,*,#1974,.F.);
#2035 = ORIENTED_EDGE('',*,*,#1996,.F.);
#2036 = ORIENTED_EDGE('',*,*,#2037,.T.);
#2037 = EDGE_CURVE('',#1997,#2028,#2038,.T.);
#2038 = LINE('',#2039,#2040);
#2039 = CARTESIAN_POINT('',(-1.719082871457,-3.781872425738,
    1.059999027259));
#2040 = VECTOR('',#2041,1.);
#2041 = DIRECTION('',(-0.49999992429,-0.866025447496,3.7855172691E-08));
#2042 = PLANE('',#2043);
#2043 = AXIS2_PLACEMENT_3D('',#2044,#2045,#2046);
#2044 = CARTESIAN_POINT('',(-1.719082871457,-3.781872425738,
    1.059999027259));
#2045 = DIRECTION('',(-0.866025447496,0.49999992429,-2.185569414337E-08)
  );
#2046 = DIRECTION('',(3.821370931908E-15,-4.371138828674E-08,-1.));
#2047 = ADVANCED_FACE('',(#2048),#2059,.F.);
#2048 = FACE_BOUND('',#2049,.T.);
#2049 = EDGE_LOOP('',(#2050,#2051,#2052,#2053));
#2050 = ORIENTED_EDGE('',*,*,#2005,.T.);
#2051 = ORIENTED_EDGE('',*,*,#1982,.F.);
#2052 = ORIENTED_EDGE('',*,*,#2027,.F.);
#2053 = ORIENTED_EDGE('',*,*,#2054,.T.);
#2054 = EDGE_CURVE('',#2028,#2006,#2055,.T.);
#2055 = LINE('',#2056,#2057);
#2056 = CARTESIAN_POINT('',(-1.950022946488,-4.181872449954,
    1.059999044743));
#2057 = VECTOR('',#2058,1.);
#2058 = DIRECTION('',(1.,8.742277657348E-08,0.));
#2059 = PLANE('',#2060);
#2060 = AXIS2_PLACEMENT_3D('',#2061,#2062,#2063);
#2061 = CARTESIAN_POINT('',(-1.950022946488,-4.181872449954,
    1.059999044743));
#2062 = DIRECTION('',(8.742277657348E-08,-1.,4.371138828674E-08));
#2063 = DIRECTION('',(3.821370931908E-15,-4.371138828674E-08,-1.));
#2064 = ADVANCED_FACE('',(#2065),#2099,.T.);
#2065 = FACE_BOUND('',#2066,.T.);
#2066 = EDGE_LOOP('',(#2067,#2077,#2085,#2093));
#2067 = ORIENTED_EDGE('',*,*,#2068,.F.);
#2068 = EDGE_CURVE('',#2069,#2071,#2073,.T.);
#2069 = VERTEX_POINT('',#2070);
#2070 = CARTESIAN_POINT('',(2.549917141657,-3.931872056556,
    1.059999033816));
#2071 = VERTEX_POINT('',#2072);
#2072 = CARTESIAN_POINT('',(2.549917141657,-3.931872076227,
    0.609999033816));
#2073 = LINE('',#2074,#2075);
#2074 = CARTESIAN_POINT('',(2.549917141657,-3.931872056556,
    1.059999033816));
#2075 = VECTOR('',#2076,1.);
#2076 = DIRECTION('',(3.821370931908E-15,-4.371138828674E-08,-1.));
#2077 = ORIENTED_EDGE('',*,*,#2078,.F.);
#2078 = EDGE_CURVE('',#2079,#2069,#2081,.T.);
#2079 = VERTEX_POINT('',#2080);
#2080 = CARTESIAN_POINT('',(2.349917678588,-4.231872074041,
    1.059999046929));
#2081 = LINE('',#2082,#2083);
#2082 = CARTESIAN_POINT('',(2.349917678588,-4.231872074041,
    1.059999046929));
#2083 = VECTOR('',#2084,1.);
#2084 = DIRECTION('',(0.554699142871,0.832050996573,-3.637010206585E-08)
  );
#2085 = ORIENTED_EDGE('',*,*,#2086,.T.);
#2086 = EDGE_CURVE('',#2079,#2087,#2089,.T.);
#2087 = VERTEX_POINT('',#2088);
#2088 = CARTESIAN_POINT('',(2.349917678588,-4.231872093711,
    0.609999046929));
#2089 = LINE('',#2090,#2091);
#2090 = CARTESIAN_POINT('',(2.349917678588,-4.231872074041,
    1.059999046929));
#2091 = VECTOR('',#2092,1.);
#2092 = DIRECTION('',(3.821370931908E-15,-4.371138828674E-08,-1.));
#2093 = ORIENTED_EDGE('',*,*,#2094,.F.);
#2094 = EDGE_CURVE('',#2071,#2087,#2095,.T.);
#2095 = LINE('',#2096,#2097);
#2096 = CARTESIAN_POINT('',(2.549917141657,-3.931872076227,
    0.609999033816));
#2097 = VECTOR('',#2098,1.);
#2098 = DIRECTION('',(-0.554699142871,-0.832050996573,3.637010206585E-08
    ));
#2099 = PLANE('',#2100);
#2100 = AXIS2_PLACEMENT_3D('',#2101,#2102,#2103);
#2101 = CARTESIAN_POINT('',(2.449917410122,-4.081872075134,
    0.834999040372));
#2102 = DIRECTION('',(0.832050996573,-0.554699142871,2.424667279594E-08)
  );
#2103 = DIRECTION('',(0.554699142871,0.832050996573,-3.637010206585E-08)
  );
#2104 = ADVANCED_FACE('',(#2105),#2141,.F.);
#2105 = FACE_BOUND('',#2106,.T.);
#2106 = EDGE_LOOP('',(#2107,#2117,#2126,#2134));
#2107 = ORIENTED_EDGE('',*,*,#2108,.F.);
#2108 = EDGE_CURVE('',#2109,#2111,#2113,.T.);
#2109 = VERTEX_POINT('',#2110);
#2110 = CARTESIAN_POINT('',(2.759917058605,-2.981872063332,0.48499899229
    ));
#2111 = VERTEX_POINT('',#2112);
#2112 = CARTESIAN_POINT('',(2.759917062976,-3.031872063332,
    0.484998994475));
#2113 = LINE('',#2114,#2115);
#2114 = CARTESIAN_POINT('',(2.759917058605,-2.981872063332,0.48499899229
    ));
#2115 = VECTOR('',#2116,1.);
#2116 = DIRECTION('',(8.742277657348E-08,-1.,4.371138828674E-08));
#2117 = ORIENTED_EDGE('',*,*,#2118,.F.);
#2118 = EDGE_CURVE('',#2119,#2109,#2121,.T.);
#2119 = VERTEX_POINT('',#2120);
#2120 = CARTESIAN_POINT('',(2.759917058605,-2.981872050218,0.78499899229
    ));
#2121 = CIRCLE('',#2122,0.15);
#2122 = AXIS2_PLACEMENT_3D('',#2123,#2124,#2125);
#2123 = CARTESIAN_POINT('',(2.759917058605,-2.981872056775,0.63499899229
    ));
#2124 = DIRECTION('',(-1.,-8.742277657348E-08,7.88860905221E-31));
#2125 = DIRECTION('',(-3.821370931908E-15,4.371138828674E-08,1.));
#2126 = ORIENTED_EDGE('',*,*,#2127,.F.);
#2127 = EDGE_CURVE('',#2128,#2119,#2130,.T.);
#2128 = VERTEX_POINT('',#2129);
#2129 = CARTESIAN_POINT('',(2.759917062976,-3.031872050218,
    0.784998994475));
#2130 = LINE('',#2131,#2132);
#2131 = CARTESIAN_POINT('',(2.759917062976,-3.031872050218,
    0.784998994475));
#2132 = VECTOR('',#2133,1.);
#2133 = DIRECTION('',(-8.742277657348E-08,1.,-4.371138828674E-08));
#2134 = ORIENTED_EDGE('',*,*,#2135,.F.);
#2135 = EDGE_CURVE('',#2111,#2128,#2136,.T.);
#2136 = CIRCLE('',#2137,0.15);
#2137 = AXIS2_PLACEMENT_3D('',#2138,#2139,#2140);
#2138 = CARTESIAN_POINT('',(2.759917062976,-3.031872056775,
    0.634998994475));
#2139 = DIRECTION('',(-1.,-8.742277657348E-08,7.88860905221E-31));
#2140 = DIRECTION('',(3.821370931908E-15,-4.371138828674E-08,-1.));
#2141 = PLANE('',#2142);
#2142 = AXIS2_PLACEMENT_3D('',#2143,#2144,#2145);
#2143 = CARTESIAN_POINT('',(2.759916832891,-0.40000206049,0.549998879433
    ));
#2144 = DIRECTION('',(-1.,-8.742277657348E-08,0.));
#2145 = DIRECTION('',(-3.821370931908E-15,4.371138828674E-08,1.));
#2146 = ADVANCED_FACE('',(#2147),#2172,.F.);
#2147 = FACE_BOUND('',#2148,.T.);
#2148 = EDGE_LOOP('',(#2149,#2157,#2158,#2166));
#2149 = ORIENTED_EDGE('',*,*,#2150,.T.);
#2150 = EDGE_CURVE('',#2151,#2128,#2153,.T.);
#2151 = VERTEX_POINT('',#2152);
#2152 = CARTESIAN_POINT('',(2.549917062976,-3.031872068577,
    0.784998994475));
#2153 = LINE('',#2154,#2155);
#2154 = CARTESIAN_POINT('',(2.549917062976,-3.031872068577,
    0.784998994475));
#2155 = VECTOR('',#2156,1.);
#2156 = DIRECTION('',(1.,8.742277657348E-08,0.));
#2157 = ORIENTED_EDGE('',*,*,#2127,.T.);
#2158 = ORIENTED_EDGE('',*,*,#2159,.F.);
#2159 = EDGE_CURVE('',#2160,#2119,#2162,.T.);
#2160 = VERTEX_POINT('',#2161);
#2161 = CARTESIAN_POINT('',(2.549917058605,-2.981872068577,0.78499899229
    ));
#2162 = LINE('',#2163,#2164);
#2163 = CARTESIAN_POINT('',(2.549917058605,-2.981872068577,0.78499899229
    ));
#2164 = VECTOR('',#2165,1.);
#2165 = DIRECTION('',(1.,8.742277657348E-08,0.));
#2166 = ORIENTED_EDGE('',*,*,#2167,.F.);
#2167 = EDGE_CURVE('',#2151,#2160,#2168,.T.);
#2168 = LINE('',#2169,#2170);
#2169 = CARTESIAN_POINT('',(2.549917062976,-3.031872068577,
    0.784998994475));
#2170 = VECTOR('',#2171,1.);
#2171 = DIRECTION('',(-8.742277657348E-08,1.,-4.371138828674E-08));
#2172 = PLANE('',#2173);
#2173 = AXIS2_PLACEMENT_3D('',#2174,#2175,#2176);
#2174 = CARTESIAN_POINT('',(2.549917062976,-3.031872068577,
    0.784998994475));
#2175 = DIRECTION('',(3.821370931908E-15,-4.371138828674E-08,-1.));
#2176 = DIRECTION('',(8.742277657348E-08,-1.,4.371138828674E-08));
#2177 = ADVANCED_FACE('',(#2178),#2197,.T.);
#2178 = FACE_BOUND('',#2179,.T.);
#2179 = EDGE_LOOP('',(#2180,#2188,#2189,#2190));
#2180 = ORIENTED_EDGE('',*,*,#2181,.T.);
#2181 = EDGE_CURVE('',#2182,#2111,#2184,.T.);
#2182 = VERTEX_POINT('',#2183);
#2183 = CARTESIAN_POINT('',(2.549917062976,-3.03187208169,0.484998994475
    ));
#2184 = LINE('',#2185,#2186);
#2185 = CARTESIAN_POINT('',(2.549917062976,-3.03187208169,0.484998994475
    ));
#2186 = VECTOR('',#2187,1.);
#2187 = DIRECTION('',(1.,8.742277657348E-08,0.));
#2188 = ORIENTED_EDGE('',*,*,#2135,.T.);
#2189 = ORIENTED_EDGE('',*,*,#2150,.F.);
#2190 = ORIENTED_EDGE('',*,*,#2191,.F.);
#2191 = EDGE_CURVE('',#2182,#2151,#2192,.T.);
#2192 = CIRCLE('',#2193,0.15);
#2193 = AXIS2_PLACEMENT_3D('',#2194,#2195,#2196);
#2194 = CARTESIAN_POINT('',(2.549917062976,-3.031872075134,
    0.634998994475));
#2195 = DIRECTION('',(-1.,-8.742277657348E-08,0.));
#2196 = DIRECTION('',(3.821369415365E-15,-4.37113709395E-08,-1.));
#2197 = CYLINDRICAL_SURFACE('',#2198,0.15);
#2198 = AXIS2_PLACEMENT_3D('',#2199,#2200,#2201);
#2199 = CARTESIAN_POINT('',(2.549917062976,-3.031872075134,
    0.634998994475));
#2200 = DIRECTION('',(-1.,-8.742277657348E-08,0.));
#2201 = DIRECTION('',(-3.821370931908E-15,4.371138828674E-08,1.));
#2202 = ADVANCED_FACE('',(#2203),#2221,.F.);
#2203 = FACE_BOUND('',#2204,.T.);
#2204 = EDGE_LOOP('',(#2205,#2213,#2214,#2215));
#2205 = ORIENTED_EDGE('',*,*,#2206,.T.);
#2206 = EDGE_CURVE('',#2207,#2109,#2209,.T.);
#2207 = VERTEX_POINT('',#2208);
#2208 = CARTESIAN_POINT('',(2.549917058605,-2.98187208169,0.48499899229)
  );
#2209 = LINE('',#2210,#2211);
#2210 = CARTESIAN_POINT('',(2.549917058605,-2.98187208169,0.48499899229)
  );
#2211 = VECTOR('',#2212,1.);
#2212 = DIRECTION('',(1.,8.742277657348E-08,0.));
#2213 = ORIENTED_EDGE('',*,*,#2108,.T.);
#2214 = ORIENTED_EDGE('',*,*,#2181,.F.);
#2215 = ORIENTED_EDGE('',*,*,#2216,.F.);
#2216 = EDGE_CURVE('',#2207,#2182,#2217,.T.);
#2217 = LINE('',#2218,#2219);
#2218 = CARTESIAN_POINT('',(2.549917058605,-2.98187208169,0.48499899229)
  );
#2219 = VECTOR('',#2220,1.);
#2220 = DIRECTION('',(8.742277657348E-08,-1.,4.371138828674E-08));
#2221 = PLANE('',#2222);
#2222 = AXIS2_PLACEMENT_3D('',#2223,#2224,#2225);
#2223 = CARTESIAN_POINT('',(2.549917058605,-2.98187208169,0.48499899229)
  );
#2224 = DIRECTION('',(-3.821370931908E-15,4.371138828674E-08,1.));
#2225 = DIRECTION('',(-1.,-8.742277657348E-08,0.));
#2226 = ADVANCED_FACE('',(#2227),#2248,.T.);
#2227 = FACE_BOUND('',#2228,.T.);
#2228 = EDGE_LOOP('',(#2229,#2230,#2231,#2232,#2241));
#2229 = ORIENTED_EDGE('',*,*,#2159,.T.);
#2230 = ORIENTED_EDGE('',*,*,#2118,.T.);
#2231 = ORIENTED_EDGE('',*,*,#2206,.F.);
#2232 = ORIENTED_EDGE('',*,*,#2233,.F.);
#2233 = EDGE_CURVE('',#2234,#2207,#2236,.T.);
#2234 = VERTEX_POINT('',#2235);
#2235 = CARTESIAN_POINT('',(2.549917045491,-2.831872075134,
    0.634998985733));
#2236 = CIRCLE('',#2237,0.15);
#2237 = AXIS2_PLACEMENT_3D('',#2238,#2239,#2240);
#2238 = CARTESIAN_POINT('',(2.549917058605,-2.981872075134,0.63499899229
    ));
#2239 = DIRECTION('',(-1.,-8.742277657348E-08,7.88860905221E-31));
#2240 = DIRECTION('',(-8.742277657348E-08,1.,-4.371138828674E-08));
#2241 = ORIENTED_EDGE('',*,*,#2242,.F.);
#2242 = EDGE_CURVE('',#2160,#2234,#2243,.T.);
#2243 = CIRCLE('',#2244,0.15);
#2244 = AXIS2_PLACEMENT_3D('',#2245,#2246,#2247);
#2245 = CARTESIAN_POINT('',(2.549917058605,-2.981872075134,0.63499899229
    ));
#2246 = DIRECTION('',(-1.,-8.742277657348E-08,7.88860905221E-31));
#2247 = DIRECTION('',(-3.821370931908E-15,4.371138828674E-08,1.));
#2248 = CYLINDRICAL_SURFACE('',#2249,0.15);
#2249 = AXIS2_PLACEMENT_3D('',#2250,#2251,#2252);
#2250 = CARTESIAN_POINT('',(2.549917058605,-2.981872075134,0.63499899229
    ));
#2251 = DIRECTION('',(-1.,-8.742277657348E-08,0.));
#2252 = DIRECTION('',(-3.821370931908E-15,4.371138828674E-08,1.));
#2253 = ADVANCED_FACE('',(#2254),#2288,.T.);
#2254 = FACE_BOUND('',#2255,.T.);
#2255 = EDGE_LOOP('',(#2256,#2266,#2274,#2282));
#2256 = ORIENTED_EDGE('',*,*,#2257,.F.);
#2257 = EDGE_CURVE('',#2258,#2260,#2262,.T.);
#2258 = VERTEX_POINT('',#2259);
#2259 = CARTESIAN_POINT('',(1.824917028963,-2.642808284566,
    0.679959977469));
#2260 = VERTEX_POINT('',#2261);
#2261 = CARTESIAN_POINT('',(1.824917025221,-2.60000213655,0.679959975598
    ));
#2262 = LINE('',#2263,#2264);
#2263 = CARTESIAN_POINT('',(1.824917028963,-2.642808284566,
    0.679959977469));
#2264 = VECTOR('',#2265,1.);
#2265 = DIRECTION('',(-8.742277657348E-08,1.,-4.371138828674E-08));
#2266 = ORIENTED_EDGE('',*,*,#2267,.F.);
#2267 = EDGE_CURVE('',#2268,#2258,#2270,.T.);
#2268 = VERTEX_POINT('',#2269);
#2269 = CARTESIAN_POINT('',(1.674917028963,-2.642808297679,
    0.679959977469));
#2270 = LINE('',#2271,#2272);
#2271 = CARTESIAN_POINT('',(1.674917028963,-2.642808297679,
    0.679959977469));
#2272 = VECTOR('',#2273,1.);
#2273 = DIRECTION('',(1.,8.742277657348E-08,0.));
#2274 = ORIENTED_EDGE('',*,*,#2275,.T.);
#2275 = EDGE_CURVE('',#2268,#2276,#2278,.T.);
#2276 = VERTEX_POINT('',#2277);
#2277 = CARTESIAN_POINT('',(1.674917025221,-2.600002149663,
    0.679959975598));
#2278 = LINE('',#2279,#2280);
#2279 = CARTESIAN_POINT('',(1.674917028963,-2.642808297679,
    0.679959977469));
#2280 = VECTOR('',#2281,1.);
#2281 = DIRECTION('',(-8.742277657348E-08,1.,-4.371138828674E-08));
#2282 = ORIENTED_EDGE('',*,*,#2283,.T.);
#2283 = EDGE_CURVE('',#2276,#2260,#2284,.T.);
#2284 = LINE('',#2285,#2286);
#2285 = CARTESIAN_POINT('',(1.674917025221,-2.600002149663,
    0.679959975598));
#2286 = VECTOR('',#2287,1.);
#2287 = DIRECTION('',(1.,8.742277657348E-08,0.));
#2288 = PLANE('',#2289);
#2289 = AXIS2_PLACEMENT_3D('',#2290,#2291,#2292);
#2290 = CARTESIAN_POINT('',(1.674917028963,-2.642808297679,
    0.679959977469));
#2291 = DIRECTION('',(3.821370931908E-15,-4.371138828674E-08,-1.));
#2292 = DIRECTION('',(8.742277657348E-08,-1.,4.371138828674E-08));
#2293 = ADVANCED_FACE('',(#2294),#2321,.T.);
#2294 = FACE_BOUND('',#2295,.T.);
#2295 = EDGE_LOOP('',(#2296,#2297,#2306,#2314));
#2296 = ORIENTED_EDGE('',*,*,#2267,.T.);
#2297 = ORIENTED_EDGE('',*,*,#2298,.F.);
#2298 = EDGE_CURVE('',#2299,#2258,#2301,.T.);
#2299 = VERTEX_POINT('',#2300);
#2300 = CARTESIAN_POINT('',(1.824917032964,-2.688580405035,
    0.685268138432));
#2301 = CIRCLE('',#2302,0.2);
#2302 = AXIS2_PLACEMENT_3D('',#2303,#2304,#2305);
#2303 = CARTESIAN_POINT('',(1.824917028963,-2.642808275824,
    0.879959977469));
#2304 = DIRECTION('',(1.,8.742277657348E-08,-3.308722450212E-24));
#2305 = DIRECTION('',(2.000763312681E-08,-0.228860646058,-0.973459195183
    ));
#2306 = ORIENTED_EDGE('',*,*,#2307,.F.);
#2307 = EDGE_CURVE('',#2308,#2299,#2310,.T.);
#2308 = VERTEX_POINT('',#2309);
#2309 = CARTESIAN_POINT('',(1.674917032964,-2.688580418148,
    0.685268138432));
#2310 = LINE('',#2311,#2312);
#2311 = CARTESIAN_POINT('',(1.674917032964,-2.688580418148,
    0.685268138432));
#2312 = VECTOR('',#2313,1.);
#2313 = DIRECTION('',(1.,8.742277657348E-08,0.));
#2314 = ORIENTED_EDGE('',*,*,#2315,.T.);
#2315 = EDGE_CURVE('',#2308,#2268,#2316,.T.);
#2316 = CIRCLE('',#2317,0.2);
#2317 = AXIS2_PLACEMENT_3D('',#2318,#2319,#2320);
#2318 = CARTESIAN_POINT('',(1.674917028963,-2.642808288937,
    0.879959977469));
#2319 = DIRECTION('',(1.,8.742277657348E-08,-3.308722450212E-24));
#2320 = DIRECTION('',(2.000763312681E-08,-0.228860646058,-0.973459195183
    ));
#2321 = CYLINDRICAL_SURFACE('',#2322,0.2);
#2322 = AXIS2_PLACEMENT_3D('',#2323,#2324,#2325);
#2323 = CARTESIAN_POINT('',(1.674917028963,-2.642808288937,
    0.879959977469));
#2324 = DIRECTION('',(1.,8.742277657348E-08,0.));
#2325 = DIRECTION('',(-3.821370931908E-15,4.371138828674E-08,1.));
#2326 = ADVANCED_FACE('',(#2327),#2352,.T.);
#2327 = FACE_BOUND('',#2328,.T.);
#2328 = EDGE_LOOP('',(#2329,#2337,#2338,#2346));
#2329 = ORIENTED_EDGE('',*,*,#2330,.T.);
#2330 = EDGE_CURVE('',#2331,#2308,#2333,.T.);
#2331 = VERTEX_POINT('',#2332);
#2332 = CARTESIAN_POINT('',(1.674917045491,-2.831872147959,
    0.718956081411));
#2333 = LINE('',#2334,#2335);
#2334 = CARTESIAN_POINT('',(1.674917045491,-2.831872147959,
    0.718956081411));
#2335 = VECTOR('',#2336,1.);
#2336 = DIRECTION('',(-8.510250572385E-08,0.973459195183,-0.228860646058
    ));
#2337 = ORIENTED_EDGE('',*,*,#2307,.T.);
#2338 = ORIENTED_EDGE('',*,*,#2339,.F.);
#2339 = EDGE_CURVE('',#2340,#2299,#2342,.T.);
#2340 = VERTEX_POINT('',#2341);
#2341 = CARTESIAN_POINT('',(1.824917045491,-2.831872134845,
    0.718956081411));
#2342 = LINE('',#2343,#2344);
#2343 = CARTESIAN_POINT('',(1.824917045491,-2.831872134845,
    0.718956081411));
#2344 = VECTOR('',#2345,1.);
#2345 = DIRECTION('',(-8.510250572385E-08,0.973459195183,-0.228860646058
    ));
#2346 = ORIENTED_EDGE('',*,*,#2347,.F.);
#2347 = EDGE_CURVE('',#2331,#2340,#2348,.T.);
#2348 = LINE('',#2349,#2350);
#2349 = CARTESIAN_POINT('',(1.674917045491,-2.831872147959,
    0.718956081411));
#2350 = VECTOR('',#2351,1.);
#2351 = DIRECTION('',(1.,8.742277657348E-08,0.));
#2352 = PLANE('',#2353);
#2353 = AXIS2_PLACEMENT_3D('',#2354,#2355,#2356);
#2354 = CARTESIAN_POINT('',(1.674917045491,-2.831872147959,
    0.718956081411));
#2355 = DIRECTION('',(2.000763312681E-08,-0.228860646058,-0.973459195183
    ));
#2356 = DIRECTION('',(8.510250572385E-08,-0.973459195183,0.228860646058)
  );
#2357 = ADVANCED_FACE('',(#2358),#2400,.F.);
#2358 = FACE_BOUND('',#2359,.T.);
#2359 = EDGE_LOOP('',(#2360,#2370,#2378,#2386,#2394));
#2360 = ORIENTED_EDGE('',*,*,#2361,.F.);
#2361 = EDGE_CURVE('',#2362,#2364,#2366,.T.);
#2362 = VERTEX_POINT('',#2363);
#2363 = CARTESIAN_POINT('',(2.164917025221,-2.600002123872,
    0.289998975598));
#2364 = VERTEX_POINT('',#2365);
#2365 = CARTESIAN_POINT('',(2.774917025221,-2.600002070544,
    0.289998975598));
#2366 = LINE('',#2367,#2368);
#2367 = CARTESIAN_POINT('',(2.164917025221,-2.600002123872,
    0.289998975598));
#2368 = VECTOR('',#2369,1.);
#2369 = DIRECTION('',(1.,8.742277657348E-08,0.));
#2370 = ORIENTED_EDGE('',*,*,#2371,.F.);
#2371 = EDGE_CURVE('',#2372,#2362,#2374,.T.);
#2372 = VERTEX_POINT('',#2373);
#2373 = CARTESIAN_POINT('',(2.164917103901,-3.500002123872,
    0.289999014938));
#2374 = LINE('',#2375,#2376);
#2375 = CARTESIAN_POINT('',(2.164917103901,-3.500002123872,
    0.289999014938));
#2376 = VECTOR('',#2377,1.);
#2377 = DIRECTION('',(-8.742277657348E-08,1.,-4.371138828674E-08));
#2378 = ORIENTED_EDGE('',*,*,#2379,.F.);
#2379 = EDGE_CURVE('',#2380,#2372,#2382,.T.);
#2380 = VERTEX_POINT('',#2381);
#2381 = CARTESIAN_POINT('',(2.874916880599,-3.500002061802,
    0.289999014938));
#2382 = LINE('',#2383,#2384);
#2383 = CARTESIAN_POINT('',(2.874916880599,-3.500002061802,
    0.289999014938));
#2384 = VECTOR('',#2385,1.);
#2385 = DIRECTION('',(-1.,-8.742277657348E-08,0.));
#2386 = ORIENTED_EDGE('',*,*,#2387,.T.);
#2387 = EDGE_CURVE('',#2380,#2388,#2390,.T.);
#2388 = VERTEX_POINT('',#2389);
#2389 = CARTESIAN_POINT('',(2.774917086417,-3.300002070544,
    0.289999006196));
#2390 = LINE('',#2391,#2392);
#2391 = CARTESIAN_POINT('',(2.874916880599,-3.500002061802,
    0.289999014938));
#2392 = VECTOR('',#2393,1.);
#2393 = DIRECTION('',(-0.447212874783,0.894427551358,-3.909667170073E-08
    ));
#2394 = ORIENTED_EDGE('',*,*,#2395,.T.);
#2395 = EDGE_CURVE('',#2388,#2364,#2396,.T.);
#2396 = LINE('',#2397,#2398);
#2397 = CARTESIAN_POINT('',(2.774917086417,-3.300002070544,
    0.289999006196));
#2398 = VECTOR('',#2399,1.);
#2399 = DIRECTION('',(-8.742277657348E-08,1.,-4.371138828674E-08));
#2400 = PLANE('',#2401);
#2401 = AXIS2_PLACEMENT_3D('',#2402,#2403,#2404);
#2402 = CARTESIAN_POINT('',(2.164917103901,-3.500002123872,
    0.289999014938));
#2403 = DIRECTION('',(3.821370931908E-15,-4.371138828674E-08,-1.));
#2404 = DIRECTION('',(8.742277657348E-08,-1.,4.371138828674E-08));
#2405 = ADVANCED_FACE('',(#2406),#2447,.F.);
#2406 = FACE_BOUND('',#2407,.T.);
#2407 = EDGE_LOOP('',(#2408,#2416,#2417,#2425,#2433,#2441));
#2408 = ORIENTED_EDGE('',*,*,#2409,.T.);
#2409 = EDGE_CURVE('',#2410,#2372,#2412,.T.);
#2410 = VERTEX_POINT('',#2411);
#2411 = CARTESIAN_POINT('',(2.164917103901,-3.500002118627,
    0.409999014938));
#2412 = LINE('',#2413,#2414);
#2413 = CARTESIAN_POINT('',(2.164917103901,-3.500002118627,
    0.409999014938));
#2414 = VECTOR('',#2415,1.);
#2415 = DIRECTION('',(3.821370931908E-15,-4.371138828674E-08,-1.));
#2416 = ORIENTED_EDGE('',*,*,#2371,.T.);
#2417 = ORIENTED_EDGE('',*,*,#2418,.F.);
#2418 = EDGE_CURVE('',#2419,#2362,#2421,.T.);
#2419 = VERTEX_POINT('',#2420);
#2420 = CARTESIAN_POINT('',(2.164917025221,-2.60000211207,0.559998975598
    ));
#2421 = LINE('',#2422,#2423);
#2422 = CARTESIAN_POINT('',(2.164917025221,-2.60000211207,0.559998975598
    ));
#2423 = VECTOR('',#2424,1.);
#2424 = DIRECTION('',(3.821370931908E-15,-4.371138828674E-08,-1.));
#2425 = ORIENTED_EDGE('',*,*,#2426,.T.);
#2426 = EDGE_CURVE('',#2419,#2427,#2429,.T.);
#2427 = VERTEX_POINT('',#2428);
#2428 = CARTESIAN_POINT('',(2.164917033963,-2.700001863275,
    0.409998979969));
#2429 = LINE('',#2430,#2431);
#2430 = CARTESIAN_POINT('',(2.164917025221,-2.60000211207,0.559998975598
    ));
#2431 = VECTOR('',#2432,1.);
#2432 = DIRECTION('',(4.849334877145E-08,-0.554699251981,-0.832050923833
    ));
#2433 = ORIENTED_EDGE('',*,*,#2434,.T.);
#2434 = EDGE_CURVE('',#2427,#2435,#2437,.T.);
#2435 = VERTEX_POINT('',#2436);
#2436 = CARTESIAN_POINT('',(2.164917045491,-2.831872118627,
    0.409998985733));
#2437 = LINE('',#2438,#2439);
#2438 = CARTESIAN_POINT('',(2.164917033963,-2.700001863275,
    0.409998979969));
#2439 = VECTOR('',#2440,1.);
#2440 = DIRECTION('',(8.742277657348E-08,-1.,4.371138828674E-08));
#2441 = ORIENTED_EDGE('',*,*,#2442,.F.);
#2442 = EDGE_CURVE('',#2410,#2435,#2443,.T.);
#2443 = LINE('',#2444,#2445);
#2444 = CARTESIAN_POINT('',(2.164917103901,-3.500002118627,
    0.409999014938));
#2445 = VECTOR('',#2446,1.);
#2446 = DIRECTION('',(-8.742277657348E-08,1.,-4.371138828674E-08));
#2447 = PLANE('',#2448);
#2448 = AXIS2_PLACEMENT_3D('',#2449,#2450,#2451);
#2449 = CARTESIAN_POINT('',(2.164917103901,-3.500002090651,
    1.049999014938));
#2450 = DIRECTION('',(-1.,-8.742277657348E-08,0.));
#2451 = DIRECTION('',(-3.821370931908E-15,4.371138828674E-08,1.));
#2452 = ADVANCED_FACE('',(#2453),#2478,.T.);
#2453 = FACE_BOUND('',#2454,.T.);
#2454 = EDGE_LOOP('',(#2455,#2456,#2464,#2472));
#2455 = ORIENTED_EDGE('',*,*,#2426,.F.);
#2456 = ORIENTED_EDGE('',*,*,#2457,.F.);
#2457 = EDGE_CURVE('',#2458,#2419,#2460,.T.);
#2458 = VERTEX_POINT('',#2459);
#2459 = CARTESIAN_POINT('',(-2.165082974779,-2.600002490611,
    0.559998975598));
#2460 = LINE('',#2461,#2462);
#2461 = CARTESIAN_POINT('',(-2.165082974779,-2.600002490611,
    0.559998975598));
#2462 = VECTOR('',#2463,1.);
#2463 = DIRECTION('',(1.,8.742277657348E-08,0.));
#2464 = ORIENTED_EDGE('',*,*,#2465,.F.);
#2465 = EDGE_CURVE('',#2466,#2458,#2468,.T.);
#2466 = VERTEX_POINT('',#2467);
#2467 = CARTESIAN_POINT('',(-2.165082966037,-2.700002241815,
    0.409998979969));
#2468 = LINE('',#2469,#2470);
#2469 = CARTESIAN_POINT('',(-2.165082966037,-2.700002241815,
    0.409998979969));
#2470 = VECTOR('',#2471,1.);
#2471 = DIRECTION('',(-4.849334877145E-08,0.554699251981,0.832050923833)
  );
#2472 = ORIENTED_EDGE('',*,*,#2473,.T.);
#2473 = EDGE_CURVE('',#2466,#2427,#2474,.T.);
#2474 = LINE('',#2475,#2476);
#2475 = CARTESIAN_POINT('',(-2.165082966037,-2.700002241815,
    0.409998979969));
#2476 = VECTOR('',#2477,1.);
#2477 = DIRECTION('',(1.,8.742277657348E-08,0.));
#2478 = PLANE('',#2479);
#2479 = AXIS2_PLACEMENT_3D('',#2480,#2481,#2482);
#2480 = CARTESIAN_POINT('',(-8.297040813002E-05,-2.650002176943,
    0.484998977783));
#2481 = DIRECTION('',(7.2740202012E-08,-0.832050923833,0.554699251981));
#2482 = DIRECTION('',(1.,8.742277657348E-08,0.));
#2483 = ADVANCED_FACE('',(#2484),#2502,.T.);
#2484 = FACE_BOUND('',#2485,.T.);
#2485 = EDGE_LOOP('',(#2486,#2487,#2488,#2496));
#2486 = ORIENTED_EDGE('',*,*,#2434,.F.);
#2487 = ORIENTED_EDGE('',*,*,#2473,.F.);
#2488 = ORIENTED_EDGE('',*,*,#2489,.T.);
#2489 = EDGE_CURVE('',#2466,#2490,#2492,.T.);
#2490 = VERTEX_POINT('',#2491);
#2491 = CARTESIAN_POINT('',(-2.165082954509,-2.831872497167,
    0.409998985733));
#2492 = LINE('',#2493,#2494);
#2493 = CARTESIAN_POINT('',(-2.165082966037,-2.700002241815,
    0.409998979969));
#2494 = VECTOR('',#2495,1.);
#2495 = DIRECTION('',(8.742277657348E-08,-1.,4.371138828674E-08));
#2496 = ORIENTED_EDGE('',*,*,#2497,.F.);
#2497 = EDGE_CURVE('',#2435,#2490,#2498,.T.);
#2498 = LINE('',#2499,#2500);
#2499 = CARTESIAN_POINT('',(2.164917045491,-2.831872118627,
    0.409998985733));
#2500 = VECTOR('',#2501,1.);
#2501 = DIRECTION('',(-1.,-8.742277657348E-08,0.));
#2502 = PLANE('',#2503);
#2503 = AXIS2_PLACEMENT_3D('',#2504,#2505,#2506);
#2504 = CARTESIAN_POINT('',(-8.316710936586E-05,-0.400002307897,
    0.409998879433));
#2505 = DIRECTION('',(-3.821370931908E-15,4.371138828674E-08,1.));
#2506 = DIRECTION('',(-1.,-8.742277657348E-08,0.));
#2507 = ADVANCED_FACE('',(#2508),#2544,.T.);
#2508 = FACE_BOUND('',#2509,.T.);
#2509 = EDGE_LOOP('',(#2510,#2520,#2529,#2537));
#2510 = ORIENTED_EDGE('',*,*,#2511,.T.);
#2511 = EDGE_CURVE('',#2512,#2514,#2516,.T.);
#2512 = VERTEX_POINT('',#2513);
#2513 = CARTESIAN_POINT('',(-2.760082937024,-3.031872532792,
    0.784998994475));
#2514 = VERTEX_POINT('',#2515);
#2515 = CARTESIAN_POINT('',(-2.760082941395,-2.981872532792,
    0.78499899229));
#2516 = LINE('',#2517,#2518);
#2517 = CARTESIAN_POINT('',(-2.760082937024,-3.031872532792,
    0.784998994475));
#2518 = VECTOR('',#2519,1.);
#2519 = DIRECTION('',(-8.742277657348E-08,1.,-4.371138828674E-08));
#2520 = ORIENTED_EDGE('',*,*,#2521,.T.);
#2521 = EDGE_CURVE('',#2514,#2522,#2524,.T.);
#2522 = VERTEX_POINT('',#2523);
#2523 = CARTESIAN_POINT('',(-2.760082941395,-2.981872545905,
    0.48499899229));
#2524 = CIRCLE('',#2525,0.15);
#2525 = AXIS2_PLACEMENT_3D('',#2526,#2527,#2528);
#2526 = CARTESIAN_POINT('',(-2.760082941395,-2.981872539349,
    0.63499899229));
#2527 = DIRECTION('',(-1.,-8.742277657348E-08,7.88860905221E-31));
#2528 = DIRECTION('',(-3.821370931908E-15,4.371138828674E-08,1.));
#2529 = ORIENTED_EDGE('',*,*,#2530,.T.);
#2530 = EDGE_CURVE('',#2522,#2531,#2533,.T.);
#2531 = VERTEX_POINT('',#2532);
#2532 = CARTESIAN_POINT('',(-2.760082937024,-3.031872545905,
    0.484998994475));
#2533 = LINE('',#2534,#2535);
#2534 = CARTESIAN_POINT('',(-2.760082941395,-2.981872545905,
    0.48499899229));
#2535 = VECTOR('',#2536,1.);
#2536 = DIRECTION('',(8.742277657348E-08,-1.,4.371138828674E-08));
#2537 = ORIENTED_EDGE('',*,*,#2538,.T.);
#2538 = EDGE_CURVE('',#2531,#2512,#2539,.T.);
#2539 = CIRCLE('',#2540,0.15);
#2540 = AXIS2_PLACEMENT_3D('',#2541,#2542,#2543);
#2541 = CARTESIAN_POINT('',(-2.760082937024,-3.031872539349,
    0.634998994475));
#2542 = DIRECTION('',(-1.,-8.742277657348E-08,7.88860905221E-31));
#2543 = DIRECTION('',(3.821370931908E-15,-4.371138828674E-08,-1.));
#2544 = PLANE('',#2545);
#2545 = AXIS2_PLACEMENT_3D('',#2546,#2547,#2548);
#2546 = CARTESIAN_POINT('',(-2.760083167109,-0.400002543064,
    0.549998879433));
#2547 = DIRECTION('',(-1.,-8.742277657348E-08,0.));
#2548 = DIRECTION('',(-3.821370931908E-15,4.371138828674E-08,1.));
#2549 = ADVANCED_FACE('',(#2550),#2575,.T.);
#2550 = FACE_BOUND('',#2551,.T.);
#2551 = EDGE_LOOP('',(#2552,#2560,#2561,#2569));
#2552 = ORIENTED_EDGE('',*,*,#2553,.T.);
#2553 = EDGE_CURVE('',#2554,#2531,#2556,.T.);
#2554 = VERTEX_POINT('',#2555);
#2555 = CARTESIAN_POINT('',(-2.550082937024,-3.031872527547,
    0.484998994475));
#2556 = LINE('',#2557,#2558);
#2557 = CARTESIAN_POINT('',(-2.550082937024,-3.031872527547,
    0.484998994475));
#2558 = VECTOR('',#2559,1.);
#2559 = DIRECTION('',(-1.,-8.742277657348E-08,0.));
#2560 = ORIENTED_EDGE('',*,*,#2530,.F.);
#2561 = ORIENTED_EDGE('',*,*,#2562,.F.);
#2562 = EDGE_CURVE('',#2563,#2522,#2565,.T.);
#2563 = VERTEX_POINT('',#2564);
#2564 = CARTESIAN_POINT('',(-2.550082941395,-2.981872527547,
    0.48499899229));
#2565 = LINE('',#2566,#2567);
#2566 = CARTESIAN_POINT('',(-2.550082941395,-2.981872527547,
    0.48499899229));
#2567 = VECTOR('',#2568,1.);
#2568 = DIRECTION('',(-1.,-8.742277657348E-08,0.));
#2569 = ORIENTED_EDGE('',*,*,#2570,.T.);
#2570 = EDGE_CURVE('',#2563,#2554,#2571,.T.);
#2571 = LINE('',#2572,#2573);
#2572 = CARTESIAN_POINT('',(-2.550082941395,-2.981872527547,
    0.48499899229));
#2573 = VECTOR('',#2574,1.);
#2574 = DIRECTION('',(8.742277657348E-08,-1.,4.371138828674E-08));
#2575 = PLANE('',#2576);
#2576 = AXIS2_PLACEMENT_3D('',#2577,#2578,#2579);
#2577 = CARTESIAN_POINT('',(-2.550082941395,-2.981872527547,
    0.48499899229));
#2578 = DIRECTION('',(3.821370931908E-15,-4.371138828674E-08,-1.));
#2579 = DIRECTION('',(8.742277657348E-08,-1.,4.371138828674E-08));
#2580 = ADVANCED_FACE('',(#2581),#2600,.T.);
#2581 = FACE_BOUND('',#2582,.T.);
#2582 = EDGE_LOOP('',(#2583,#2591,#2592,#2593));
#2583 = ORIENTED_EDGE('',*,*,#2584,.T.);
#2584 = EDGE_CURVE('',#2585,#2512,#2587,.T.);
#2585 = VERTEX_POINT('',#2586);
#2586 = CARTESIAN_POINT('',(-2.550082937024,-3.031872514433,
    0.784998994475));
#2587 = LINE('',#2588,#2589);
#2588 = CARTESIAN_POINT('',(-2.550082937024,-3.031872514433,
    0.784998994475));
#2589 = VECTOR('',#2590,1.);
#2590 = DIRECTION('',(-1.,-8.742277657348E-08,0.));
#2591 = ORIENTED_EDGE('',*,*,#2538,.F.);
#2592 = ORIENTED_EDGE('',*,*,#2553,.F.);
#2593 = ORIENTED_EDGE('',*,*,#2594,.T.);
#2594 = EDGE_CURVE('',#2554,#2585,#2595,.T.);
#2595 = CIRCLE('',#2596,0.15);
#2596 = AXIS2_PLACEMENT_3D('',#2597,#2598,#2599);
#2597 = CARTESIAN_POINT('',(-2.550082937024,-3.03187252099,
    0.634998994475));
#2598 = DIRECTION('',(-1.,-8.742277657348E-08,7.88860905221E-31));
#2599 = DIRECTION('',(3.821370931908E-15,-4.371138828674E-08,-1.));
#2600 = CYLINDRICAL_SURFACE('',#2601,0.15);
#2601 = AXIS2_PLACEMENT_3D('',#2602,#2603,#2604);
#2602 = CARTESIAN_POINT('',(-2.550082937024,-3.03187252099,
    0.634998994475));
#2603 = DIRECTION('',(-1.,-8.742277657348E-08,0.));
#2604 = DIRECTION('',(-3.821370931908E-15,4.371138828674E-08,1.));
#2605 = ADVANCED_FACE('',(#2606),#2624,.T.);
#2606 = FACE_BOUND('',#2607,.T.);
#2607 = EDGE_LOOP('',(#2608,#2616,#2617,#2618));
#2608 = ORIENTED_EDGE('',*,*,#2609,.T.);
#2609 = EDGE_CURVE('',#2610,#2514,#2612,.T.);
#2610 = VERTEX_POINT('',#2611);
#2611 = CARTESIAN_POINT('',(-2.550082941395,-2.981872514433,
    0.78499899229));
#2612 = LINE('',#2613,#2614);
#2613 = CARTESIAN_POINT('',(-2.550082941395,-2.981872514433,
    0.78499899229));
#2614 = VECTOR('',#2615,1.);
#2615 = DIRECTION('',(-1.,-8.742277657348E-08,0.));
#2616 = ORIENTED_EDGE('',*,*,#2511,.F.);
#2617 = ORIENTED_EDGE('',*,*,#2584,.F.);
#2618 = ORIENTED_EDGE('',*,*,#2619,.T.);
#2619 = EDGE_CURVE('',#2585,#2610,#2620,.T.);
#2620 = LINE('',#2621,#2622);
#2621 = CARTESIAN_POINT('',(-2.550082937024,-3.031872514433,
    0.784998994475));
#2622 = VECTOR('',#2623,1.);
#2623 = DIRECTION('',(-8.742277657348E-08,1.,-4.371138828674E-08));
#2624 = PLANE('',#2625);
#2625 = AXIS2_PLACEMENT_3D('',#2626,#2627,#2628);
#2626 = CARTESIAN_POINT('',(-2.550082937024,-3.031872514433,
    0.784998994475));
#2627 = DIRECTION('',(-3.821370931908E-15,4.371138828674E-08,1.));
#2628 = DIRECTION('',(-1.,-8.742277657348E-08,0.));
#2629 = ADVANCED_FACE('',(#2630),#2651,.T.);
#2630 = FACE_BOUND('',#2631,.T.);
#2631 = EDGE_LOOP('',(#2632,#2641,#2642,#2643,#2644));
#2632 = ORIENTED_EDGE('',*,*,#2633,.T.);
#2633 = EDGE_CURVE('',#2634,#2563,#2636,.T.);
#2634 = VERTEX_POINT('',#2635);
#2635 = CARTESIAN_POINT('',(-2.550082954509,-2.83187252099,
    0.634998985733));
#2636 = CIRCLE('',#2637,0.15);
#2637 = AXIS2_PLACEMENT_3D('',#2638,#2639,#2640);
#2638 = CARTESIAN_POINT('',(-2.550082941395,-2.98187252099,0.63499899229
    ));
#2639 = DIRECTION('',(-1.,-8.742277657348E-08,7.88860905221E-31));
#2640 = DIRECTION('',(-8.742277657348E-08,1.,-4.371138828674E-08));
#2641 = ORIENTED_EDGE('',*,*,#2562,.T.);
#2642 = ORIENTED_EDGE('',*,*,#2521,.F.);
#2643 = ORIENTED_EDGE('',*,*,#2609,.F.);
#2644 = ORIENTED_EDGE('',*,*,#2645,.T.);
#2645 = EDGE_CURVE('',#2610,#2634,#2646,.T.);
#2646 = CIRCLE('',#2647,0.15);
#2647 = AXIS2_PLACEMENT_3D('',#2648,#2649,#2650);
#2648 = CARTESIAN_POINT('',(-2.550082941395,-2.98187252099,0.63499899229
    ));
#2649 = DIRECTION('',(-1.,-8.742277657348E-08,7.88860905221E-31));
#2650 = DIRECTION('',(-3.821370931908E-15,4.371138828674E-08,1.));
#2651 = CYLINDRICAL_SURFACE('',#2652,0.15);
#2652 = AXIS2_PLACEMENT_3D('',#2653,#2654,#2655);
#2653 = CARTESIAN_POINT('',(-2.550082941395,-2.98187252099,0.63499899229
    ));
#2654 = DIRECTION('',(-1.,-8.742277657348E-08,0.));
#2655 = DIRECTION('',(-3.821370931908E-15,4.371138828674E-08,1.));
#2656 = ADVANCED_FACE('',(#2657),#2699,.F.);
#2657 = FACE_BOUND('',#2658,.T.);
#2658 = EDGE_LOOP('',(#2659,#2669,#2677,#2685,#2693));
#2659 = ORIENTED_EDGE('',*,*,#2660,.F.);
#2660 = EDGE_CURVE('',#2661,#2663,#2665,.T.);
#2661 = VERTEX_POINT('',#2662);
#2662 = CARTESIAN_POINT('',(-1.95008288457,-3.631874578835,
    0.409999020702));
#2663 = VERTEX_POINT('',#2664);
#2664 = CARTESIAN_POINT('',(-1.95008288457,-3.631874570093,
    0.609999020702));
#2665 = LINE('',#2666,#2667);
#2666 = CARTESIAN_POINT('',(-1.95008288457,-3.631874578835,
    0.409999020702));
#2667 = VECTOR('',#2668,1.);
#2668 = DIRECTION('',(-3.821370931908E-15,4.371138828674E-08,1.));
#2669 = ORIENTED_EDGE('',*,*,#2670,.T.);
#2670 = EDGE_CURVE('',#2661,#2671,#2673,.T.);
#2671 = VERTEX_POINT('',#2672);
#2672 = CARTESIAN_POINT('',(-1.950082858343,-3.931874578835,
    0.409999033816));
#2673 = LINE('',#2674,#2675);
#2674 = CARTESIAN_POINT('',(-1.95008288457,-3.631874578835,
    0.409999020702));
#2675 = VECTOR('',#2676,1.);
#2676 = DIRECTION('',(8.742277657348E-08,-1.,4.371138828674E-08));
#2677 = ORIENTED_EDGE('',*,*,#2678,.T.);
#2678 = EDGE_CURVE('',#2671,#2679,#2681,.T.);
#2679 = VERTEX_POINT('',#2680);
#2680 = CARTESIAN_POINT('',(-1.950082858343,-3.931874572279,
    0.559999033816));
#2681 = LINE('',#2682,#2683);
#2682 = CARTESIAN_POINT('',(-1.950082858343,-3.931874578835,
    0.409999033816));
#2683 = VECTOR('',#2684,1.);
#2684 = DIRECTION('',(-3.821370931908E-15,4.371138828674E-08,1.));
#2685 = ORIENTED_EDGE('',*,*,#2686,.T.);
#2686 = EDGE_CURVE('',#2679,#2687,#2689,.T.);
#2687 = VERTEX_POINT('',#2688);
#2688 = CARTESIAN_POINT('',(-1.950082853972,-3.981874570093,
    0.609999036001));
#2689 = LINE('',#2690,#2691);
#2690 = CARTESIAN_POINT('',(-1.950082858343,-3.931874572279,
    0.559999033816));
#2691 = VECTOR('',#2692,1.);
#2692 = DIRECTION('',(6.181723544314E-08,-0.707106750278,0.707106812095)
  );
#2693 = ORIENTED_EDGE('',*,*,#2694,.F.);
#2694 = EDGE_CURVE('',#2663,#2687,#2695,.T.);
#2695 = LINE('',#2696,#2697);
#2696 = CARTESIAN_POINT('',(-1.95008288457,-3.631874570093,
    0.609999020702));
#2697 = VECTOR('',#2698,1.);
#2698 = DIRECTION('',(8.742277657348E-08,-1.,4.371138828674E-08));
#2699 = PLANE('',#2700);
#2700 = AXIS2_PLACEMENT_3D('',#2701,#2702,#2703);
#2701 = CARTESIAN_POINT('',(-1.95008288457,-3.631874578835,
    0.409999020702));
#2702 = DIRECTION('',(1.,8.742277657348E-08,0.));
#2703 = DIRECTION('',(-8.742277657348E-08,1.,-4.371138828674E-08));
#2704 = ADVANCED_FACE('',(#2705),#2730,.F.);
#2705 = FACE_BOUND('',#2706,.T.);
#2706 = EDGE_LOOP('',(#2707,#2708,#2716,#2724));
#2707 = ORIENTED_EDGE('',*,*,#2660,.T.);
#2708 = ORIENTED_EDGE('',*,*,#2709,.F.);
#2709 = EDGE_CURVE('',#2710,#2663,#2712,.T.);
#2710 = VERTEX_POINT('',#2711);
#2711 = CARTESIAN_POINT('',(-2.55008288457,-3.631874622547,
    0.609999020702));
#2712 = LINE('',#2713,#2714);
#2713 = CARTESIAN_POINT('',(-2.55008288457,-3.631874622547,
    0.609999020702));
#2714 = VECTOR('',#2715,1.);
#2715 = DIRECTION('',(1.,8.742277657348E-08,0.));
#2716 = ORIENTED_EDGE('',*,*,#2717,.F.);
#2717 = EDGE_CURVE('',#2718,#2710,#2720,.T.);
#2718 = VERTEX_POINT('',#2719);
#2719 = CARTESIAN_POINT('',(-2.55008288457,-3.631874631289,
    0.409999020702));
#2720 = LINE('',#2721,#2722);
#2721 = CARTESIAN_POINT('',(-2.55008288457,-3.631874631289,
    0.409999020702));
#2722 = VECTOR('',#2723,1.);
#2723 = DIRECTION('',(-3.821370931908E-15,4.371138828674E-08,1.));
#2724 = ORIENTED_EDGE('',*,*,#2725,.F.);
#2725 = EDGE_CURVE('',#2661,#2718,#2726,.T.);
#2726 = LINE('',#2727,#2728);
#2727 = CARTESIAN_POINT('',(-1.95008288457,-3.631874578835,
    0.409999020702));
#2728 = VECTOR('',#2729,1.);
#2729 = DIRECTION('',(-1.,-8.742277657348E-08,0.));
#2730 = PLANE('',#2731);
#2731 = AXIS2_PLACEMENT_3D('',#2732,#2733,#2734);
#2732 = CARTESIAN_POINT('',(-2.55008288457,-3.631874631289,
    0.409999020702));
#2733 = DIRECTION('',(-8.742277657348E-08,1.,-4.371138828674E-08));
#2734 = DIRECTION('',(-1.,-8.742277657348E-08,0.));
#2735 = ADVANCED_FACE('',(#2736),#2770,.T.);
#2736 = FACE_BOUND('',#2737,.T.);
#2737 = EDGE_LOOP('',(#2738,#2748,#2756,#2764));
#2738 = ORIENTED_EDGE('',*,*,#2739,.F.);
#2739 = EDGE_CURVE('',#2740,#2742,#2744,.T.);
#2740 = VERTEX_POINT('',#2741);
#2741 = CARTESIAN_POINT('',(-2.550082858343,-3.931872522083,
    0.609999033816));
#2742 = VERTEX_POINT('',#2743);
#2743 = CARTESIAN_POINT('',(-2.550082858343,-3.931872502413,
    1.059999033816));
#2744 = LINE('',#2745,#2746);
#2745 = CARTESIAN_POINT('',(-2.550082858343,-3.931872522083,
    0.609999033816));
#2746 = VECTOR('',#2747,1.);
#2747 = DIRECTION('',(-3.821370931908E-15,4.371138828674E-08,1.));
#2748 = ORIENTED_EDGE('',*,*,#2749,.F.);
#2749 = EDGE_CURVE('',#2750,#2740,#2752,.T.);
#2750 = VERTEX_POINT('',#2751);
#2751 = CARTESIAN_POINT('',(-2.350083342822,-4.231872504598,
    0.609999046929));
#2752 = LINE('',#2753,#2754);
#2753 = CARTESIAN_POINT('',(-2.350083342822,-4.231872504598,
    0.609999046929));
#2754 = VECTOR('',#2755,1.);
#2755 = DIRECTION('',(-0.554699288352,0.832050899586,-3.637010206585E-08
    ));
#2756 = ORIENTED_EDGE('',*,*,#2757,.T.);
#2757 = EDGE_CURVE('',#2750,#2758,#2760,.T.);
#2758 = VERTEX_POINT('',#2759);
#2759 = CARTESIAN_POINT('',(-2.350083342822,-4.231872484928,
    1.059999046929));
#2760 = LINE('',#2761,#2762);
#2761 = CARTESIAN_POINT('',(-2.350083342822,-4.231872504598,
    0.609999046929));
#2762 = VECTOR('',#2763,1.);
#2763 = DIRECTION('',(-3.821370931908E-15,4.371138828674E-08,1.));
#2764 = ORIENTED_EDGE('',*,*,#2765,.F.);
#2765 = EDGE_CURVE('',#2742,#2758,#2766,.T.);
#2766 = LINE('',#2767,#2768);
#2767 = CARTESIAN_POINT('',(-2.550082858343,-3.931872502413,
    1.059999033816));
#2768 = VECTOR('',#2769,1.);
#2769 = DIRECTION('',(0.554699288352,-0.832050899586,3.637010206585E-08)
  );
#2770 = PLANE('',#2771);
#2771 = AXIS2_PLACEMENT_3D('',#2772,#2773,#2774);
#2772 = CARTESIAN_POINT('',(-2.450083100582,-4.081872503505,
    0.834999040372));
#2773 = DIRECTION('',(-0.832050899586,-0.554699288352,2.424667279594E-08
    ));
#2774 = DIRECTION('',(3.821370931908E-15,-4.371138828674E-08,-1.));
#2775 = ADVANCED_FACE('',(#2776),#2810,.T.);
#2776 = FACE_BOUND('',#2777,.T.);
#2777 = EDGE_LOOP('',(#2778,#2788,#2796,#2804));
#2778 = ORIENTED_EDGE('',*,*,#2779,.F.);
#2779 = EDGE_CURVE('',#2780,#2782,#2784,.T.);
#2780 = VERTEX_POINT('',#2781);
#2781 = CARTESIAN_POINT('',(-2.55008288457,-3.631872506784,
    0.959999020702));
#2782 = VERTEX_POINT('',#2783);
#2783 = CARTESIAN_POINT('',(2.54991711543,-3.631872060928,0.959999020702
    ));
#2784 = LINE('',#2785,#2786);
#2785 = CARTESIAN_POINT('',(-2.55008288457,-3.631872506784,
    0.959999020702));
#2786 = VECTOR('',#2787,1.);
#2787 = DIRECTION('',(1.,8.742277657348E-08,0.));
#2788 = ORIENTED_EDGE('',*,*,#2789,.F.);
#2789 = EDGE_CURVE('',#2790,#2780,#2792,.T.);
#2790 = VERTEX_POINT('',#2791);
#2791 = CARTESIAN_POINT('',(-2.550082874971,-3.741674502413,
    1.059999025502));
#2792 = LINE('',#2793,#2794);
#2793 = CARTESIAN_POINT('',(-2.550082874971,-3.741674502413,
    1.059999025502));
#2794 = VECTOR('',#2795,1.);
#2795 = DIRECTION('',(-6.463484842832E-08,0.739336486001,-0.673336142255
    ));
#2796 = ORIENTED_EDGE('',*,*,#2797,.T.);
#2797 = EDGE_CURVE('',#2790,#2798,#2800,.T.);
#2798 = VERTEX_POINT('',#2799);
#2799 = CARTESIAN_POINT('',(2.549917125029,-3.741674056556,
    1.059999025502));
#2800 = LINE('',#2801,#2802);
#2801 = CARTESIAN_POINT('',(-2.550082874971,-3.741674502413,
    1.059999025502));
#2802 = VECTOR('',#2803,1.);
#2803 = DIRECTION('',(1.,8.742277657348E-08,0.));
#2804 = ORIENTED_EDGE('',*,*,#2805,.F.);
#2805 = EDGE_CURVE('',#2782,#2798,#2806,.T.);
#2806 = LINE('',#2807,#2808);
#2807 = CARTESIAN_POINT('',(2.54991711543,-3.631872060928,0.959999020702
    ));
#2808 = VECTOR('',#2809,1.);
#2809 = DIRECTION('',(6.463484842832E-08,-0.739336486001,0.673336142255)
  );
#2810 = PLANE('',#2811);
#2811 = AXIS2_PLACEMENT_3D('',#2812,#2813,#2814);
#2812 = CARTESIAN_POINT('',(2.54991711543,-3.631872060928,0.959999020702
    ));
#2813 = DIRECTION('',(-5.886491512322E-08,0.673336142255,0.739336486001)
  );
#2814 = DIRECTION('',(-1.,-8.742277657348E-08,0.));
#2815 = ADVANCED_FACE('',(#2816,#2870),#2877,.T.);
#2816 = FACE_BOUND('',#2817,.T.);
#2817 = EDGE_LOOP('',(#2818,#2826,#2834,#2840,#2841,#2847,#2848,#2854,
    #2855,#2863));
#2818 = ORIENTED_EDGE('',*,*,#2819,.T.);
#2819 = EDGE_CURVE('',#2820,#2634,#2822,.T.);
#2820 = VERTEX_POINT('',#2821);
#2821 = CARTESIAN_POINT('',(-2.550082954509,-2.831872515526,
    0.759998985733));
#2822 = LINE('',#2823,#2824);
#2823 = CARTESIAN_POINT('',(-2.550082954509,-2.831872515526,
    0.759998985733));
#2824 = VECTOR('',#2825,1.);
#2825 = DIRECTION('',(3.821370931908E-15,-4.371138828674E-08,-1.));
#2826 = ORIENTED_EDGE('',*,*,#2827,.T.);
#2827 = EDGE_CURVE('',#2634,#2828,#2830,.T.);
#2828 = VERTEX_POINT('',#2829);
#2829 = CARTESIAN_POINT('',(-2.550082954509,-2.831872530825,
    0.409998985733));
#2830 = LINE('',#2831,#2832);
#2831 = CARTESIAN_POINT('',(-2.550082954509,-2.83187252099,
    0.634998985733));
#2832 = VECTOR('',#2833,1.);
#2833 = DIRECTION('',(3.821370931908E-15,-4.371138828674E-08,-1.));
#2834 = ORIENTED_EDGE('',*,*,#2835,.T.);
#2835 = EDGE_CURVE('',#2828,#2718,#2836,.T.);
#2836 = LINE('',#2837,#2838);
#2837 = CARTESIAN_POINT('',(-2.550082954509,-2.831872530825,
    0.409998985733));
#2838 = VECTOR('',#2839,1.);
#2839 = DIRECTION('',(8.742277657348E-08,-1.,4.371138828674E-08));
#2840 = ORIENTED_EDGE('',*,*,#2717,.T.);
#2841 = ORIENTED_EDGE('',*,*,#2842,.F.);
#2842 = EDGE_CURVE('',#2740,#2710,#2843,.T.);
#2843 = LINE('',#2844,#2845);
#2844 = CARTESIAN_POINT('',(-2.550082858343,-3.931872522083,
    0.609999033816));
#2845 = VECTOR('',#2846,1.);
#2846 = DIRECTION('',(-8.742277657348E-08,1.,-4.371138828674E-08));
#2847 = ORIENTED_EDGE('',*,*,#2739,.T.);
#2848 = ORIENTED_EDGE('',*,*,#2849,.T.);
#2849 = EDGE_CURVE('',#2742,#2790,#2850,.T.);
#2850 = LINE('',#2851,#2852);
#2851 = CARTESIAN_POINT('',(-2.550082858343,-3.931872502413,
    1.059999033816));
#2852 = VECTOR('',#2853,1.);
#2853 = DIRECTION('',(-8.742277657348E-08,1.,-4.371138828674E-08));
#2854 = ORIENTED_EDGE('',*,*,#2789,.T.);
#2855 = ORIENTED_EDGE('',*,*,#2856,.T.);
#2856 = EDGE_CURVE('',#2780,#2857,#2859,.T.);
#2857 = VERTEX_POINT('',#2858);
#2858 = CARTESIAN_POINT('',(-2.550082937024,-3.031872506784,
    0.959998994475));
#2859 = LINE('',#2860,#2861);
#2860 = CARTESIAN_POINT('',(-2.55008288457,-3.631872506784,
    0.959999020702));
#2861 = VECTOR('',#2862,1.);
#2862 = DIRECTION('',(-8.742277657348E-08,1.,-4.371138828674E-08));
#2863 = ORIENTED_EDGE('',*,*,#2864,.T.);
#2864 = EDGE_CURVE('',#2857,#2820,#2865,.T.);
#2865 = CIRCLE('',#2866,0.2);
#2866 = AXIS2_PLACEMENT_3D('',#2867,#2868,#2869);
#2867 = CARTESIAN_POINT('',(-2.550082937024,-3.031872515526,
    0.759998994475));
#2868 = DIRECTION('',(-1.,-8.742277657348E-08,7.88860905221E-31));
#2869 = DIRECTION('',(-3.821370931908E-15,4.371138828674E-08,1.));
#2870 = FACE_BOUND('',#2871,.T.);
#2871 = EDGE_LOOP('',(#2872,#2873,#2874,#2875,#2876));
#2872 = ORIENTED_EDGE('',*,*,#2645,.F.);
#2873 = ORIENTED_EDGE('',*,*,#2619,.F.);
#2874 = ORIENTED_EDGE('',*,*,#2594,.F.);
#2875 = ORIENTED_EDGE('',*,*,#2570,.F.);
#2876 = ORIENTED_EDGE('',*,*,#2633,.F.);
#2877 = PLANE('',#2878);
#2878 = AXIS2_PLACEMENT_3D('',#2879,#2880,#2881);
#2879 = CARTESIAN_POINT('',(-2.550083167109,-0.400002546561,
    4.999887943268E-02));
#2880 = DIRECTION('',(-1.,-8.742277657348E-08,0.));
#2881 = DIRECTION('',(-3.821370931908E-15,4.371138828674E-08,1.));
#2882 = ADVANCED_FACE('',(#2883),#2919,.F.);
#2883 = FACE_BOUND('',#2884,.F.);
#2884 = EDGE_LOOP('',(#2885,#2895,#2904,#2912));
#2885 = ORIENTED_EDGE('',*,*,#2886,.T.);
#2886 = EDGE_CURVE('',#2887,#2889,#2891,.T.);
#2887 = VERTEX_POINT('',#2888);
#2888 = CARTESIAN_POINT('',(1.674916879245,-0.930229889549,0.72499890261
    ));
#2889 = VERTEX_POINT('',#2890);
#2890 = CARTESIAN_POINT('',(1.824916879245,-0.930229876435,0.72499890261
    ));
#2891 = LINE('',#2892,#2893);
#2892 = CARTESIAN_POINT('',(1.674916879245,-0.930229889549,0.72499890261
    ));
#2893 = VECTOR('',#2894,1.);
#2894 = DIRECTION('',(1.,8.742277657348E-08,0.));
#2895 = ORIENTED_EDGE('',*,*,#2896,.T.);
#2896 = EDGE_CURVE('',#2889,#2897,#2899,.T.);
#2897 = VERTEX_POINT('',#2898);
#2898 = CARTESIAN_POINT('',(1.824916878374,-0.920267094936,
    0.689975738438));
#2899 = CIRCLE('',#2900,6.5E-02);
#2900 = AXIS2_PLACEMENT_3D('',#2901,#2902,#2903);
#2901 = CARTESIAN_POINT('',(1.824916884056,-0.985265612774,
    0.690414690522));
#2902 = DIRECTION('',(-1.,-8.742277657348E-08,0.));
#2903 = DIRECTION('',(-7.402118279173E-08,0.846703635974,0.532064801343)
  );
#2904 = ORIENTED_EDGE('',*,*,#2905,.F.);
#2905 = EDGE_CURVE('',#2906,#2897,#2908,.T.);
#2906 = VERTEX_POINT('',#2907);
#2907 = CARTESIAN_POINT('',(1.674916878374,-0.92026710805,0.689975738438
    ));
#2908 = LINE('',#2909,#2910);
#2909 = CARTESIAN_POINT('',(1.674916878374,-0.92026710805,0.689975738438
    ));
#2910 = VECTOR('',#2911,1.);
#2911 = DIRECTION('',(1.,8.742277657348E-08,0.));
#2912 = ORIENTED_EDGE('',*,*,#2913,.F.);
#2913 = EDGE_CURVE('',#2887,#2906,#2914,.T.);
#2914 = CIRCLE('',#2915,6.5E-02);
#2915 = AXIS2_PLACEMENT_3D('',#2916,#2917,#2918);
#2916 = CARTESIAN_POINT('',(1.674916884056,-0.985265625887,
    0.690414690522));
#2917 = DIRECTION('',(-1.,-8.742277657348E-08,0.));
#2918 = DIRECTION('',(-7.402118279173E-08,0.846703635974,0.532064801343)
  );
#2919 = CYLINDRICAL_SURFACE('',#2920,6.5E-02);
#2920 = AXIS2_PLACEMENT_3D('',#2921,#2922,#2923);
#2921 = CARTESIAN_POINT('',(1.674916884056,-0.985265625887,
    0.690414690522));
#2922 = DIRECTION('',(1.,8.742277657348E-08,0.));
#2923 = DIRECTION('',(-3.821370931908E-15,4.371138828674E-08,1.));
#2924 = ADVANCED_FACE('',(#2925),#2950,.T.);
#2925 = FACE_BOUND('',#2926,.T.);
#2926 = EDGE_LOOP('',(#2927,#2937,#2943,#2944));
#2927 = ORIENTED_EDGE('',*,*,#2928,.T.);
#2928 = EDGE_CURVE('',#2929,#2931,#2933,.T.);
#2929 = VERTEX_POINT('',#2930);
#2930 = CARTESIAN_POINT('',(1.674916877044,-0.905059290549,
    0.691306230967));
#2931 = VERTEX_POINT('',#2932);
#2932 = CARTESIAN_POINT('',(1.824916877044,-0.905059277435,
    0.691306230967));
#2933 = LINE('',#2934,#2935);
#2934 = CARTESIAN_POINT('',(1.674916877044,-0.905059290549,
    0.691306230967));
#2935 = VECTOR('',#2936,1.);
#2936 = DIRECTION('',(1.,8.742277657348E-08,0.));
#2937 = ORIENTED_EDGE('',*,*,#2938,.F.);
#2938 = EDGE_CURVE('',#2897,#2931,#2939,.T.);
#2939 = LINE('',#2940,#2941);
#2940 = CARTESIAN_POINT('',(1.824916878374,-0.920267094936,
    0.689975738438));
#2941 = VECTOR('',#2942,1.);
#2942 = DIRECTION('',(-8.709011601122E-08,0.996194806716,
    8.715450115399E-02));
#2943 = ORIENTED_EDGE('',*,*,#2905,.F.);
#2944 = ORIENTED_EDGE('',*,*,#2945,.T.);
#2945 = EDGE_CURVE('',#2906,#2929,#2946,.T.);
#2946 = LINE('',#2947,#2948);
#2947 = CARTESIAN_POINT('',(1.674916878374,-0.92026710805,0.689975738438
    ));
#2948 = VECTOR('',#2949,1.);
#2949 = DIRECTION('',(-8.709011601122E-08,0.996194806716,
    8.715450115399E-02));
#2950 = PLANE('',#2951);
#2951 = AXIS2_PLACEMENT_3D('',#2952,#2953,#2954);
#2952 = CARTESIAN_POINT('',(1.674916878374,-0.92026710805,0.689975738438
    ));
#2953 = DIRECTION('',(-7.619288481758E-09,8.715450115399E-02,
    -0.996194806716));
#2954 = DIRECTION('',(1.,8.742277657348E-08,0.));
#2955 = ADVANCED_FACE('',(#2956),#2983,.T.);
#2956 = FACE_BOUND('',#2957,.T.);
#2957 = EDGE_LOOP('',(#2958,#2968,#2975,#2976));
#2958 = ORIENTED_EDGE('',*,*,#2959,.T.);
#2959 = EDGE_CURVE('',#2960,#2962,#2964,.T.);
#2960 = VERTEX_POINT('',#2961);
#2961 = CARTESIAN_POINT('',(1.674916874804,-0.87944082141,0.701098128014
    ));
#2962 = VERTEX_POINT('',#2963);
#2963 = CARTESIAN_POINT('',(1.824916874804,-0.879440808297,
    0.701098128014));
#2964 = LINE('',#2965,#2966);
#2965 = CARTESIAN_POINT('',(1.674916874804,-0.87944082141,0.701098128014
    ));
#2966 = VECTOR('',#2967,1.);
#2967 = DIRECTION('',(1.,8.742277657348E-08,0.));
#2968 = ORIENTED_EDGE('',*,*,#2969,.F.);
#2969 = EDGE_CURVE('',#2931,#2962,#2970,.T.);
#2970 = CIRCLE('',#2971,5.E-02);
#2971 = AXIS2_PLACEMENT_3D('',#2972,#2973,#2974);
#2972 = CARTESIAN_POINT('',(1.824916877425,-0.909417002493,
    0.741115971303));
#2973 = DIRECTION('',(1.,8.742277657348E-08,0.));
#2974 = DIRECTION('',(-7.619288481761E-09,8.715450115402E-02,
    -0.996194806716));
#2975 = ORIENTED_EDGE('',*,*,#2928,.F.);
#2976 = ORIENTED_EDGE('',*,*,#2977,.T.);
#2977 = EDGE_CURVE('',#2929,#2960,#2978,.T.);
#2978 = CIRCLE('',#2979,5.E-02);
#2979 = AXIS2_PLACEMENT_3D('',#2980,#2981,#2982);
#2980 = CARTESIAN_POINT('',(1.674916877425,-0.909417015606,
    0.741115971303));
#2981 = DIRECTION('',(1.,8.742277657348E-08,0.));
#2982 = DIRECTION('',(-7.619288481761E-09,8.715450115402E-02,
    -0.996194806716));
#2983 = CYLINDRICAL_SURFACE('',#2984,5.E-02);
#2984 = AXIS2_PLACEMENT_3D('',#2985,#2986,#2987);
#2985 = CARTESIAN_POINT('',(1.674916877425,-0.909417015606,
    0.741115971303));
#2986 = DIRECTION('',(1.,8.742277657348E-08,0.));
#2987 = DIRECTION('',(-3.821370931908E-15,4.371138828674E-08,1.));
#2988 = ADVANCED_FACE('',(#2989),#3014,.T.);
#2989 = FACE_BOUND('',#2990,.T.);
#2990 = EDGE_LOOP('',(#2991,#2999,#3000,#3008));
#2991 = ORIENTED_EDGE('',*,*,#2992,.F.);
#2992 = EDGE_CURVE('',#2962,#2993,#2995,.T.);
#2993 = VERTEX_POINT('',#2994);
#2994 = CARTESIAN_POINT('',(1.824916872015,-0.847533578802,
    0.724998898995));
#2995 = LINE('',#2996,#2997);
#2996 = CARTESIAN_POINT('',(1.824916874804,-0.879440808297,
    0.701098128014));
#2997 = VECTOR('',#2998,1.);
#2998 = DIRECTION('',(-6.996941945602E-08,0.800356865779,0.599523883929)
  );
#2999 = ORIENTED_EDGE('',*,*,#2959,.F.);
#3000 = ORIENTED_EDGE('',*,*,#3001,.T.);
#3001 = EDGE_CURVE('',#2960,#3002,#3004,.T.);
#3002 = VERTEX_POINT('',#3003);
#3003 = CARTESIAN_POINT('',(1.674916872015,-0.847533591915,
    0.724998898995));
#3004 = LINE('',#3005,#3006);
#3005 = CARTESIAN_POINT('',(1.674916874804,-0.87944082141,0.701098128014
    ));
#3006 = VECTOR('',#3007,1.);
#3007 = DIRECTION('',(-6.996941945602E-08,0.800356865779,0.599523883929)
  );
#3008 = ORIENTED_EDGE('',*,*,#3009,.T.);
#3009 = EDGE_CURVE('',#3002,#2993,#3010,.T.);
#3010 = LINE('',#3011,#3012);
#3011 = CARTESIAN_POINT('',(1.674916872015,-0.847533591915,
    0.724998898995));
#3012 = VECTOR('',#3013,1.);
#3013 = DIRECTION('',(1.,8.742277657348E-08,0.));
#3014 = PLANE('',#3015);
#3015 = AXIS2_PLACEMENT_3D('',#3016,#3017,#3018);
#3016 = CARTESIAN_POINT('',(1.674916874804,-0.87944082141,0.701098128014
    ));
#3017 = DIRECTION('',(-5.241204255516E-08,0.599523883929,-0.800356865779
    ));
#3018 = DIRECTION('',(1.,8.742277657348E-08,0.));
#3019 = ADVANCED_FACE('',(#3020),#3056,.F.);
#3020 = FACE_BOUND('',#3021,.F.);
#3021 = EDGE_LOOP('',(#3022,#3032,#3041,#3049));
#3022 = ORIENTED_EDGE('',*,*,#3023,.T.);
#3023 = EDGE_CURVE('',#3024,#3026,#3028,.T.);
#3024 = VERTEX_POINT('',#3025);
#3025 = CARTESIAN_POINT('',(1.174916879245,-0.93022993326,0.72499890261)
  );
#3026 = VERTEX_POINT('',#3027);
#3027 = CARTESIAN_POINT('',(1.324916879245,-0.930229920147,0.72499890261
    ));
#3028 = LINE('',#3029,#3030);
#3029 = CARTESIAN_POINT('',(1.174916879245,-0.93022993326,0.72499890261)
  );
#3030 = VECTOR('',#3031,1.);
#3031 = DIRECTION('',(1.,8.742277657348E-08,0.));
#3032 = ORIENTED_EDGE('',*,*,#3033,.T.);
#3033 = EDGE_CURVE('',#3026,#3034,#3036,.T.);
#3034 = VERTEX_POINT('',#3035);
#3035 = CARTESIAN_POINT('',(1.324916878374,-0.920267138648,
    0.689975738438));
#3036 = CIRCLE('',#3037,6.5E-02);
#3037 = AXIS2_PLACEMENT_3D('',#3038,#3039,#3040);
#3038 = CARTESIAN_POINT('',(1.324916884056,-0.985265656485,
    0.690414690522));
#3039 = DIRECTION('',(-1.,-8.742277657348E-08,0.));
#3040 = DIRECTION('',(-7.402118279173E-08,0.846703635974,0.532064801343)
  );
#3041 = ORIENTED_EDGE('',*,*,#3042,.F.);
#3042 = EDGE_CURVE('',#3043,#3034,#3045,.T.);
#3043 = VERTEX_POINT('',#3044);
#3044 = CARTESIAN_POINT('',(1.174916878374,-0.920267151761,
    0.689975738438));
#3045 = LINE('',#3046,#3047);
#3046 = CARTESIAN_POINT('',(1.174916878374,-0.920267151761,
    0.689975738438));
#3047 = VECTOR('',#3048,1.);
#3048 = DIRECTION('',(1.,8.742277657348E-08,0.));
#3049 = ORIENTED_EDGE('',*,*,#3050,.F.);
#3050 = EDGE_CURVE('',#3024,#3043,#3051,.T.);
#3051 = CIRCLE('',#3052,6.5E-02);
#3052 = AXIS2_PLACEMENT_3D('',#3053,#3054,#3055);
#3053 = CARTESIAN_POINT('',(1.174916884056,-0.985265669599,
    0.690414690522));
#3054 = DIRECTION('',(-1.,-8.742277657348E-08,0.));
#3055 = DIRECTION('',(-7.402118279173E-08,0.846703635974,0.532064801343)
  );
#3056 = CYLINDRICAL_SURFACE('',#3057,6.5E-02);
#3057 = AXIS2_PLACEMENT_3D('',#3058,#3059,#3060);
#3058 = CARTESIAN_POINT('',(1.174916884056,-0.985265669599,
    0.690414690522));
#3059 = DIRECTION('',(1.,8.742277657348E-08,0.));
#3060 = DIRECTION('',(-3.821370931908E-15,4.371138828674E-08,1.));
#3061 = ADVANCED_FACE('',(#3062),#3087,.T.);
#3062 = FACE_BOUND('',#3063,.T.);
#3063 = EDGE_LOOP('',(#3064,#3074,#3080,#3081));
#3064 = ORIENTED_EDGE('',*,*,#3065,.T.);
#3065 = EDGE_CURVE('',#3066,#3068,#3070,.T.);
#3066 = VERTEX_POINT('',#3067);
#3067 = CARTESIAN_POINT('',(1.174916877044,-0.90505933426,0.691306230967
    ));
#3068 = VERTEX_POINT('',#3069);
#3069 = CARTESIAN_POINT('',(1.324916877044,-0.905059321147,
    0.691306230967));
#3070 = LINE('',#3071,#3072);
#3071 = CARTESIAN_POINT('',(1.174916877044,-0.90505933426,0.691306230967
    ));
#3072 = VECTOR('',#3073,1.);
#3073 = DIRECTION('',(1.,8.742277657348E-08,0.));
#3074 = ORIENTED_EDGE('',*,*,#3075,.F.);
#3075 = EDGE_CURVE('',#3034,#3068,#3076,.T.);
#3076 = LINE('',#3077,#3078);
#3077 = CARTESIAN_POINT('',(1.324916878374,-0.920267138648,
    0.689975738438));
#3078 = VECTOR('',#3079,1.);
#3079 = DIRECTION('',(-8.709011601122E-08,0.996194806716,
    8.715450115399E-02));
#3080 = ORIENTED_EDGE('',*,*,#3042,.F.);
#3081 = ORIENTED_EDGE('',*,*,#3082,.T.);
#3082 = EDGE_CURVE('',#3043,#3066,#3083,.T.);
#3083 = LINE('',#3084,#3085);
#3084 = CARTESIAN_POINT('',(1.174916878374,-0.920267151761,
    0.689975738438));
#3085 = VECTOR('',#3086,1.);
#3086 = DIRECTION('',(-8.709011601122E-08,0.996194806716,
    8.715450115399E-02));
#3087 = PLANE('',#3088);
#3088 = AXIS2_PLACEMENT_3D('',#3089,#3090,#3091);
#3089 = CARTESIAN_POINT('',(1.174916878374,-0.920267151761,
    0.689975738438));
#3090 = DIRECTION('',(-7.619288481758E-09,8.715450115399E-02,
    -0.996194806716));
#3091 = DIRECTION('',(1.,8.742277657348E-08,0.));
#3092 = ADVANCED_FACE('',(#3093),#3120,.T.);
#3093 = FACE_BOUND('',#3094,.T.);
#3094 = EDGE_LOOP('',(#3095,#3105,#3112,#3113));
#3095 = ORIENTED_EDGE('',*,*,#3096,.T.);
#3096 = EDGE_CURVE('',#3097,#3099,#3101,.T.);
#3097 = VERTEX_POINT('',#3098);
#3098 = CARTESIAN_POINT('',(1.174916874804,-0.879440865121,
    0.701098128014));
#3099 = VERTEX_POINT('',#3100);
#3100 = CARTESIAN_POINT('',(1.324916874804,-0.879440852008,
    0.701098128014));
#3101 = LINE('',#3102,#3103);
#3102 = CARTESIAN_POINT('',(1.174916874804,-0.879440865121,
    0.701098128014));
#3103 = VECTOR('',#3104,1.);
#3104 = DIRECTION('',(1.,8.742277657348E-08,0.));
#3105 = ORIENTED_EDGE('',*,*,#3106,.F.);
#3106 = EDGE_CURVE('',#3068,#3099,#3107,.T.);
#3107 = CIRCLE('',#3108,5.E-02);
#3108 = AXIS2_PLACEMENT_3D('',#3109,#3110,#3111);
#3109 = CARTESIAN_POINT('',(1.324916877425,-0.909417046204,
    0.741115971303));
#3110 = DIRECTION('',(1.,8.742277657348E-08,0.));
#3111 = DIRECTION('',(-7.619288481761E-09,8.715450115402E-02,
    -0.996194806716));
#3112 = ORIENTED_EDGE('',*,*,#3065,.F.);
#3113 = ORIENTED_EDGE('',*,*,#3114,.T.);
#3114 = EDGE_CURVE('',#3066,#3097,#3115,.T.);
#3115 = CIRCLE('',#3116,5.E-02);
#3116 = AXIS2_PLACEMENT_3D('',#3117,#3118,#3119);
#3117 = CARTESIAN_POINT('',(1.174916877425,-0.909417059318,
    0.741115971303));
#3118 = DIRECTION('',(1.,8.742277657348E-08,0.));
#3119 = DIRECTION('',(-7.619288481761E-09,8.715450115402E-02,
    -0.996194806716));
#3120 = CYLINDRICAL_SURFACE('',#3121,5.E-02);
#3121 = AXIS2_PLACEMENT_3D('',#3122,#3123,#3124);
#3122 = CARTESIAN_POINT('',(1.174916877425,-0.909417059318,
    0.741115971303));
#3123 = DIRECTION('',(1.,8.742277657348E-08,0.));
#3124 = DIRECTION('',(-3.821370931908E-15,4.371138828674E-08,1.));
#3125 = ADVANCED_FACE('',(#3126),#3151,.T.);
#3126 = FACE_BOUND('',#3127,.T.);
#3127 = EDGE_LOOP('',(#3128,#3136,#3137,#3145));
#3128 = ORIENTED_EDGE('',*,*,#3129,.F.);
#3129 = EDGE_CURVE('',#3099,#3130,#3132,.T.);
#3130 = VERTEX_POINT('',#3131);
#3131 = CARTESIAN_POINT('',(1.324916872015,-0.847533622513,
    0.724998898995));
#3132 = LINE('',#3133,#3134);
#3133 = CARTESIAN_POINT('',(1.324916874804,-0.879440852008,
    0.701098128014));
#3134 = VECTOR('',#3135,1.);
#3135 = DIRECTION('',(-6.996941945602E-08,0.800356865779,0.599523883929)
  );
#3136 = ORIENTED_EDGE('',*,*,#3096,.F.);
#3137 = ORIENTED_EDGE('',*,*,#3138,.T.);
#3138 = EDGE_CURVE('',#3097,#3139,#3141,.T.);
#3139 = VERTEX_POINT('',#3140);
#3140 = CARTESIAN_POINT('',(1.174916872015,-0.847533635627,
    0.724998898995));
#3141 = LINE('',#3142,#3143);
#3142 = CARTESIAN_POINT('',(1.174916874804,-0.879440865121,
    0.701098128014));
#3143 = VECTOR('',#3144,1.);
#3144 = DIRECTION('',(-6.996941945602E-08,0.800356865779,0.599523883929)
  );
#3145 = ORIENTED_EDGE('',*,*,#3146,.T.);
#3146 = EDGE_CURVE('',#3139,#3130,#3147,.T.);
#3147 = LINE('',#3148,#3149);
#3148 = CARTESIAN_POINT('',(1.174916872015,-0.847533635627,
    0.724998898995));
#3149 = VECTOR('',#3150,1.);
#3150 = DIRECTION('',(1.,8.742277657348E-08,0.));
#3151 = PLANE('',#3152);
#3152 = AXIS2_PLACEMENT_3D('',#3153,#3154,#3155);
#3153 = CARTESIAN_POINT('',(1.174916874804,-0.879440865121,
    0.701098128014));
#3154 = DIRECTION('',(-5.241204255516E-08,0.599523883929,-0.800356865779
    ));
#3155 = DIRECTION('',(1.,8.742277657348E-08,0.));
#3156 = ADVANCED_FACE('',(#3157),#3191,.T.);
#3157 = FACE_BOUND('',#3158,.T.);
#3158 = EDGE_LOOP('',(#3159,#3169,#3177,#3185));
#3159 = ORIENTED_EDGE('',*,*,#3160,.T.);
#3160 = EDGE_CURVE('',#3161,#3163,#3165,.T.);
#3161 = VERTEX_POINT('',#3162);
#3162 = CARTESIAN_POINT('',(1.174916860232,-0.712755702347,
    0.299998893104));
#3163 = VERTEX_POINT('',#3164);
#3164 = CARTESIAN_POINT('',(1.174916875092,-0.882734877809,0.38474578624
    ));
#3165 = LINE('',#3166,#3167);
#3166 = CARTESIAN_POINT('',(1.174916860232,-0.712755702347,
    0.299998893104));
#3167 = VECTOR('',#3168,1.);
#3168 = DIRECTION('',(7.823794035716E-08,-0.894937720165,0.446191076811)
  );
#3169 = ORIENTED_EDGE('',*,*,#3170,.T.);
#3170 = EDGE_CURVE('',#3163,#3171,#3173,.T.);
#3171 = VERTEX_POINT('',#3172);
#3172 = CARTESIAN_POINT('',(1.324916875092,-0.882734864695,0.38474578624
    ));
#3173 = LINE('',#3174,#3175);
#3174 = CARTESIAN_POINT('',(1.174916875092,-0.882734877809,0.38474578624
    ));
#3175 = VECTOR('',#3176,1.);
#3176 = DIRECTION('',(1.,8.742277657348E-08,0.));
#3177 = ORIENTED_EDGE('',*,*,#3178,.F.);
#3178 = EDGE_CURVE('',#3179,#3171,#3181,.T.);
#3179 = VERTEX_POINT('',#3180);
#3180 = CARTESIAN_POINT('',(1.324916860232,-0.712755689233,
    0.299998893104));
#3181 = LINE('',#3182,#3183);
#3182 = CARTESIAN_POINT('',(1.324916860232,-0.712755689233,
    0.299998893104));
#3183 = VECTOR('',#3184,1.);
#3184 = DIRECTION('',(7.823794035716E-08,-0.894937720165,0.446191076811)
  );
#3185 = ORIENTED_EDGE('',*,*,#3186,.F.);
#3186 = EDGE_CURVE('',#3161,#3179,#3187,.T.);
#3187 = LINE('',#3188,#3189);
#3188 = CARTESIAN_POINT('',(1.174916860232,-0.712755702347,
    0.299998893104));
#3189 = VECTOR('',#3190,1.);
#3190 = DIRECTION('',(1.,8.742277657348E-08,0.));
#3191 = PLANE('',#3192);
#3192 = AXIS2_PLACEMENT_3D('',#3193,#3194,#3195);
#3193 = CARTESIAN_POINT('',(1.174916860232,-0.712755702347,
    0.299998893104));
#3194 = DIRECTION('',(-3.900726281713E-08,0.446191076811,0.894937720165)
  );
#3195 = DIRECTION('',(-1.,-8.742277657348E-08,0.));
#3196 = ADVANCED_FACE('',(#3197),#3224,.T.);
#3197 = FACE_BOUND('',#3198,.T.);
#3198 = EDGE_LOOP('',(#3199,#3209,#3216,#3217));
#3199 = ORIENTED_EDGE('',*,*,#3200,.T.);
#3200 = EDGE_CURVE('',#3201,#3203,#3205,.T.);
#3201 = VERTEX_POINT('',#3202);
#3202 = CARTESIAN_POINT('',(1.174916877043,-0.905044429464,
    0.389998900232));
#3203 = VERTEX_POINT('',#3204);
#3204 = CARTESIAN_POINT('',(1.324916877043,-0.90504441635,0.389998900232
    ));
#3205 = LINE('',#3206,#3207);
#3206 = CARTESIAN_POINT('',(1.174916877043,-0.905044429464,
    0.389998900232));
#3207 = VECTOR('',#3208,1.);
#3208 = DIRECTION('',(1.,8.742277657348E-08,0.));
#3209 = ORIENTED_EDGE('',*,*,#3210,.F.);
#3210 = EDGE_CURVE('',#3171,#3203,#3211,.T.);
#3211 = CIRCLE('',#3212,5.E-02);
#3212 = AXIS2_PLACEMENT_3D('',#3213,#3214,#3215);
#3213 = CARTESIAN_POINT('',(1.324916877043,-0.905044418536,
    0.339998900232));
#3214 = DIRECTION('',(1.,8.742277657348E-08,6.617444900424E-24));
#3215 = DIRECTION('',(-3.900726281713E-08,0.446191076811,0.894937720165)
  );
#3216 = ORIENTED_EDGE('',*,*,#3170,.F.);
#3217 = ORIENTED_EDGE('',*,*,#3218,.T.);
#3218 = EDGE_CURVE('',#3163,#3201,#3219,.T.);
#3219 = CIRCLE('',#3220,5.E-02);
#3220 = AXIS2_PLACEMENT_3D('',#3221,#3222,#3223);
#3221 = CARTESIAN_POINT('',(1.174916877043,-0.905044431649,
    0.339998900232));
#3222 = DIRECTION('',(1.,8.742277657348E-08,6.617444900424E-24));
#3223 = DIRECTION('',(-3.900726281713E-08,0.446191076811,0.894937720165)
  );
#3224 = CYLINDRICAL_SURFACE('',#3225,5.E-02);
#3225 = AXIS2_PLACEMENT_3D('',#3226,#3227,#3228);
#3226 = CARTESIAN_POINT('',(1.174916877043,-0.905044431649,
    0.339998900232));
#3227 = DIRECTION('',(1.,8.742277657348E-08,0.));
#3228 = DIRECTION('',(-3.821370931908E-15,4.371138828674E-08,1.));
#3229 = ADVANCED_FACE('',(#3230),#3255,.T.);
#3230 = FACE_BOUND('',#3231,.T.);
#3231 = EDGE_LOOP('',(#3232,#3242,#3248,#3249));
#3232 = ORIENTED_EDGE('',*,*,#3233,.T.);
#3233 = EDGE_CURVE('',#3234,#3236,#3238,.T.);
#3234 = VERTEX_POINT('',#3235);
#3235 = CARTESIAN_POINT('',(1.174916878374,-0.92026568273,0.389998900897
    ));
#3236 = VERTEX_POINT('',#3237);
#3237 = CARTESIAN_POINT('',(1.324916878374,-0.920265669617,
    0.389998900897));
#3238 = LINE('',#3239,#3240);
#3239 = CARTESIAN_POINT('',(1.174916878374,-0.92026568273,0.389998900897
    ));
#3240 = VECTOR('',#3241,1.);
#3241 = DIRECTION('',(1.,8.742277657348E-08,0.));
#3242 = ORIENTED_EDGE('',*,*,#3243,.F.);
#3243 = EDGE_CURVE('',#3203,#3236,#3244,.T.);
#3244 = LINE('',#3245,#3246);
#3245 = CARTESIAN_POINT('',(1.324916877043,-0.90504441635,0.389998900232
    ));
#3246 = VECTOR('',#3247,1.);
#3247 = DIRECTION('',(8.742277657348E-08,-1.,4.371138828674E-08));
#3248 = ORIENTED_EDGE('',*,*,#3200,.F.);
#3249 = ORIENTED_EDGE('',*,*,#3250,.T.);
#3250 = EDGE_CURVE('',#3201,#3234,#3251,.T.);
#3251 = LINE('',#3252,#3253);
#3252 = CARTESIAN_POINT('',(1.174916877043,-0.905044429464,
    0.389998900232));
#3253 = VECTOR('',#3254,1.);
#3254 = DIRECTION('',(8.742277657348E-08,-1.,4.371138828674E-08));
#3255 = PLANE('',#3256);
#3256 = AXIS2_PLACEMENT_3D('',#3257,#3258,#3259);
#3257 = CARTESIAN_POINT('',(1.174916877043,-0.905044429464,
    0.389998900232));
#3258 = DIRECTION('',(-3.821370931908E-15,4.371138828674E-08,1.));
#3259 = DIRECTION('',(-1.,-8.742277657348E-08,0.));
#3260 = ADVANCED_FACE('',(#3261),#3288,.F.);
#3261 = FACE_BOUND('',#3262,.F.);
#3262 = EDGE_LOOP('',(#3263,#3272,#3273,#3282));
#3263 = ORIENTED_EDGE('',*,*,#3264,.F.);
#3264 = EDGE_CURVE('',#3234,#3265,#3267,.T.);
#3265 = VERTEX_POINT('',#3266);
#3266 = CARTESIAN_POINT('',(1.174916884084,-0.985591275382,0.32499971921
    ));
#3267 = CIRCLE('',#3268,6.5E-02);
#3268 = AXIS2_PLACEMENT_3D('',#3269,#3270,#3271);
#3269 = CARTESIAN_POINT('',(1.174916884056,-0.98526568273,0.389998903739
    ));
#3270 = DIRECTION('',(-1.,-8.742277657348E-08,7.88860905221E-31));
#3271 = DIRECTION('',(-8.742277657348E-08,1.,-4.371138828674E-08));
#3272 = ORIENTED_EDGE('',*,*,#3233,.T.);
#3273 = ORIENTED_EDGE('',*,*,#3274,.T.);
#3274 = EDGE_CURVE('',#3236,#3275,#3277,.T.);
#3275 = VERTEX_POINT('',#3276);
#3276 = CARTESIAN_POINT('',(1.324916884084,-0.985591262268,0.32499971921
    ));
#3277 = CIRCLE('',#3278,6.5E-02);
#3278 = AXIS2_PLACEMENT_3D('',#3279,#3280,#3281);
#3279 = CARTESIAN_POINT('',(1.324916884056,-0.985265669617,
    0.389998903739));
#3280 = DIRECTION('',(-1.,-8.742277657348E-08,7.88860905221E-31));
#3281 = DIRECTION('',(-8.742277657348E-08,1.,-4.371138828674E-08));
#3282 = ORIENTED_EDGE('',*,*,#3283,.F.);
#3283 = EDGE_CURVE('',#3265,#3275,#3284,.T.);
#3284 = LINE('',#3285,#3286);
#3285 = CARTESIAN_POINT('',(1.174916884084,-0.985591275382,0.32499971921
    ));
#3286 = VECTOR('',#3287,1.);
#3287 = DIRECTION('',(1.,8.742277657348E-08,0.));
#3288 = CYLINDRICAL_SURFACE('',#3289,6.5E-02);
#3289 = AXIS2_PLACEMENT_3D('',#3290,#3291,#3292);
#3290 = CARTESIAN_POINT('',(1.174916884056,-0.98526568273,0.389998903739
    ));
#3291 = DIRECTION('',(1.,8.742277657348E-08,0.));
#3292 = DIRECTION('',(-3.821370931908E-15,4.371138828674E-08,1.));
#3293 = ADVANCED_FACE('',(#3294),#3319,.T.);
#3294 = FACE_BOUND('',#3295,.T.);
#3295 = EDGE_LOOP('',(#3296,#3304,#3305,#3313));
#3296 = ORIENTED_EDGE('',*,*,#3297,.F.);
#3297 = EDGE_CURVE('',#3275,#3298,#3300,.T.);
#3298 = VERTEX_POINT('',#3299);
#3299 = CARTESIAN_POINT('',(1.324916911916,-1.303951015735,
    0.326594440698));
#3300 = LINE('',#3301,#3302);
#3301 = CARTESIAN_POINT('',(1.324916884084,-0.985591262268,0.32499971921
    ));
#3302 = VECTOR('',#3303,1.);
#3303 = DIRECTION('',(8.742167979277E-08,-0.999987454291,
    5.009117716882E-03));
#3304 = ORIENTED_EDGE('',*,*,#3283,.F.);
#3305 = ORIENTED_EDGE('',*,*,#3306,.T.);
#3306 = EDGE_CURVE('',#3265,#3307,#3309,.T.);
#3307 = VERTEX_POINT('',#3308);
#3308 = CARTESIAN_POINT('',(1.174916911916,-1.303951028848,
    0.326594440698));
#3309 = LINE('',#3310,#3311);
#3310 = CARTESIAN_POINT('',(1.174916884084,-0.985591275382,0.32499971921
    ));
#3311 = VECTOR('',#3312,1.);
#3312 = DIRECTION('',(8.742167979277E-08,-0.999987454291,
    5.009117716882E-03));
#3313 = ORIENTED_EDGE('',*,*,#3314,.T.);
#3314 = EDGE_CURVE('',#3307,#3298,#3315,.T.);
#3315 = LINE('',#3316,#3317);
#3316 = CARTESIAN_POINT('',(1.174916911916,-1.303951028848,
    0.326594440698));
#3317 = VECTOR('',#3318,1.);
#3318 = DIRECTION('',(1.,8.742277657348E-08,0.));
#3319 = PLANE('',#3320);
#3320 = AXIS2_PLACEMENT_3D('',#3321,#3322,#3323);
#3321 = CARTESIAN_POINT('',(1.174916884084,-0.985591275382,0.32499971921
    ));
#3322 = DIRECTION('',(-4.379109789932E-10,5.009117716882E-03,
    0.999987454291));
#3323 = DIRECTION('',(-1.,-8.742277657348E-08,0.));
#3324 = ADVANCED_FACE('',(#3325),#3359,.T.);
#3325 = FACE_BOUND('',#3326,.T.);
#3326 = EDGE_LOOP('',(#3327,#3337,#3345,#3353));
#3327 = ORIENTED_EDGE('',*,*,#3328,.T.);
#3328 = EDGE_CURVE('',#3329,#3331,#3333,.T.);
#3329 = VERTEX_POINT('',#3330);
#3330 = CARTESIAN_POINT('',(0.674916860232,-0.712755746058,
    0.299998893104));
#3331 = VERTEX_POINT('',#3332);
#3332 = CARTESIAN_POINT('',(0.674916875092,-0.88273492152,0.38474578624)
  );
#3333 = LINE('',#3334,#3335);
#3334 = CARTESIAN_POINT('',(0.674916860232,-0.712755746058,
    0.299998893104));
#3335 = VECTOR('',#3336,1.);
#3336 = DIRECTION('',(7.823794035716E-08,-0.894937720165,0.446191076811)
  );
#3337 = ORIENTED_EDGE('',*,*,#3338,.T.);
#3338 = EDGE_CURVE('',#3331,#3339,#3341,.T.);
#3339 = VERTEX_POINT('',#3340);
#3340 = CARTESIAN_POINT('',(0.824916875092,-0.882734908407,0.38474578624
    ));
#3341 = LINE('',#3342,#3343);
#3342 = CARTESIAN_POINT('',(0.674916875092,-0.88273492152,0.38474578624)
  );
#3343 = VECTOR('',#3344,1.);
#3344 = DIRECTION('',(1.,8.742277657348E-08,0.));
#3345 = ORIENTED_EDGE('',*,*,#3346,.F.);
#3346 = EDGE_CURVE('',#3347,#3339,#3349,.T.);
#3347 = VERTEX_POINT('',#3348);
#3348 = CARTESIAN_POINT('',(0.824916860232,-0.712755732945,
    0.299998893104));
#3349 = LINE('',#3350,#3351);
#3350 = CARTESIAN_POINT('',(0.824916860232,-0.712755732945,
    0.299998893104));
#3351 = VECTOR('',#3352,1.);
#3352 = DIRECTION('',(7.823794035716E-08,-0.894937720165,0.446191076811)
  );
#3353 = ORIENTED_EDGE('',*,*,#3354,.F.);
#3354 = EDGE_CURVE('',#3329,#3347,#3355,.T.);
#3355 = LINE('',#3356,#3357);
#3356 = CARTESIAN_POINT('',(0.674916860232,-0.712755746058,
    0.299998893104));
#3357 = VECTOR('',#3358,1.);
#3358 = DIRECTION('',(1.,8.742277657348E-08,0.));
#3359 = PLANE('',#3360);
#3360 = AXIS2_PLACEMENT_3D('',#3361,#3362,#3363);
#3361 = CARTESIAN_POINT('',(0.674916860232,-0.712755746058,
    0.299998893104));
#3362 = DIRECTION('',(-3.900726281713E-08,0.446191076811,0.894937720165)
  );
#3363 = DIRECTION('',(-1.,-8.742277657348E-08,0.));
#3364 = ADVANCED_FACE('',(#3365),#3392,.T.);
#3365 = FACE_BOUND('',#3366,.T.);
#3366 = EDGE_LOOP('',(#3367,#3377,#3384,#3385));
#3367 = ORIENTED_EDGE('',*,*,#3368,.T.);
#3368 = EDGE_CURVE('',#3369,#3371,#3373,.T.);
#3369 = VERTEX_POINT('',#3370);
#3370 = CARTESIAN_POINT('',(0.674916877043,-0.905044473175,
    0.389998900232));
#3371 = VERTEX_POINT('',#3372);
#3372 = CARTESIAN_POINT('',(0.824916877043,-0.905044460062,
    0.389998900232));
#3373 = LINE('',#3374,#3375);
#3374 = CARTESIAN_POINT('',(0.674916877043,-0.905044473175,
    0.389998900232));
#3375 = VECTOR('',#3376,1.);
#3376 = DIRECTION('',(1.,8.742277657348E-08,0.));
#3377 = ORIENTED_EDGE('',*,*,#3378,.F.);
#3378 = EDGE_CURVE('',#3339,#3371,#3379,.T.);
#3379 = CIRCLE('',#3380,5.E-02);
#3380 = AXIS2_PLACEMENT_3D('',#3381,#3382,#3383);
#3381 = CARTESIAN_POINT('',(0.824916877043,-0.905044462247,
    0.339998900232));
#3382 = DIRECTION('',(1.,8.742277657348E-08,6.617444900424E-24));
#3383 = DIRECTION('',(-3.900726281713E-08,0.446191076811,0.894937720165)
  );
#3384 = ORIENTED_EDGE('',*,*,#3338,.F.);
#3385 = ORIENTED_EDGE('',*,*,#3386,.T.);
#3386 = EDGE_CURVE('',#3331,#3369,#3387,.T.);
#3387 = CIRCLE('',#3388,5.E-02);
#3388 = AXIS2_PLACEMENT_3D('',#3389,#3390,#3391);
#3389 = CARTESIAN_POINT('',(0.674916877043,-0.905044475361,
    0.339998900232));
#3390 = DIRECTION('',(1.,8.742277657348E-08,6.617444900424E-24));
#3391 = DIRECTION('',(-3.900726281713E-08,0.446191076811,0.894937720165)
  );
#3392 = CYLINDRICAL_SURFACE('',#3393,5.E-02);
#3393 = AXIS2_PLACEMENT_3D('',#3394,#3395,#3396);
#3394 = CARTESIAN_POINT('',(0.674916877043,-0.905044475361,
    0.339998900232));
#3395 = DIRECTION('',(1.,8.742277657348E-08,0.));
#3396 = DIRECTION('',(-3.821370931908E-15,4.371138828674E-08,1.));
#3397 = ADVANCED_FACE('',(#3398),#3423,.T.);
#3398 = FACE_BOUND('',#3399,.T.);
#3399 = EDGE_LOOP('',(#3400,#3410,#3416,#3417));
#3400 = ORIENTED_EDGE('',*,*,#3401,.T.);
#3401 = EDGE_CURVE('',#3402,#3404,#3406,.T.);
#3402 = VERTEX_POINT('',#3403);
#3403 = CARTESIAN_POINT('',(0.674916878374,-0.920265726441,
    0.389998900897));
#3404 = VERTEX_POINT('',#3405);
#3405 = CARTESIAN_POINT('',(0.824916878374,-0.920265713328,
    0.389998900897));
#3406 = LINE('',#3407,#3408);
#3407 = CARTESIAN_POINT('',(0.674916878374,-0.920265726441,
    0.389998900897));
#3408 = VECTOR('',#3409,1.);
#3409 = DIRECTION('',(1.,8.742277657348E-08,0.));
#3410 = ORIENTED_EDGE('',*,*,#3411,.F.);
#3411 = EDGE_CURVE('',#3371,#3404,#3412,.T.);
#3412 = LINE('',#3413,#3414);
#3413 = CARTESIAN_POINT('',(0.824916877043,-0.905044460062,
    0.389998900232));
#3414 = VECTOR('',#3415,1.);
#3415 = DIRECTION('',(8.742277657348E-08,-1.,4.371138828674E-08));
#3416 = ORIENTED_EDGE('',*,*,#3368,.F.);
#3417 = ORIENTED_EDGE('',*,*,#3418,.T.);
#3418 = EDGE_CURVE('',#3369,#3402,#3419,.T.);
#3419 = LINE('',#3420,#3421);
#3420 = CARTESIAN_POINT('',(0.674916877043,-0.905044473175,
    0.389998900232));
#3421 = VECTOR('',#3422,1.);
#3422 = DIRECTION('',(8.742277657348E-08,-1.,4.371138828674E-08));
#3423 = PLANE('',#3424);
#3424 = AXIS2_PLACEMENT_3D('',#3425,#3426,#3427);
#3425 = CARTESIAN_POINT('',(0.674916877043,-0.905044473175,
    0.389998900232));
#3426 = DIRECTION('',(-3.821370931908E-15,4.371138828674E-08,1.));
#3427 = DIRECTION('',(-1.,-8.742277657348E-08,0.));
#3428 = ADVANCED_FACE('',(#3429),#3456,.F.);
#3429 = FACE_BOUND('',#3430,.F.);
#3430 = EDGE_LOOP('',(#3431,#3440,#3441,#3450));
#3431 = ORIENTED_EDGE('',*,*,#3432,.F.);
#3432 = EDGE_CURVE('',#3402,#3433,#3435,.T.);
#3433 = VERTEX_POINT('',#3434);
#3434 = CARTESIAN_POINT('',(0.674916884084,-0.985591319093,0.32499971921
    ));
#3435 = CIRCLE('',#3436,6.5E-02);
#3436 = AXIS2_PLACEMENT_3D('',#3437,#3438,#3439);
#3437 = CARTESIAN_POINT('',(0.674916884056,-0.985265726441,
    0.389998903739));
#3438 = DIRECTION('',(-1.,-8.742277657348E-08,7.88860905221E-31));
#3439 = DIRECTION('',(-8.742277657348E-08,1.,-4.371138828674E-08));
#3440 = ORIENTED_EDGE('',*,*,#3401,.T.);
#3441 = ORIENTED_EDGE('',*,*,#3442,.T.);
#3442 = EDGE_CURVE('',#3404,#3443,#3445,.T.);
#3443 = VERTEX_POINT('',#3444);
#3444 = CARTESIAN_POINT('',(0.824916884084,-0.98559130598,0.32499971921)
  );
#3445 = CIRCLE('',#3446,6.5E-02);
#3446 = AXIS2_PLACEMENT_3D('',#3447,#3448,#3449);
#3447 = CARTESIAN_POINT('',(0.824916884056,-0.985265713328,
    0.389998903739));
#3448 = DIRECTION('',(-1.,-8.742277657348E-08,7.88860905221E-31));
#3449 = DIRECTION('',(-8.742277657348E-08,1.,-4.371138828674E-08));
#3450 = ORIENTED_EDGE('',*,*,#3451,.F.);
#3451 = EDGE_CURVE('',#3433,#3443,#3452,.T.);
#3452 = LINE('',#3453,#3454);
#3453 = CARTESIAN_POINT('',(0.674916884084,-0.985591319093,0.32499971921
    ));
#3454 = VECTOR('',#3455,1.);
#3455 = DIRECTION('',(1.,8.742277657348E-08,0.));
#3456 = CYLINDRICAL_SURFACE('',#3457,6.5E-02);
#3457 = AXIS2_PLACEMENT_3D('',#3458,#3459,#3460);
#3458 = CARTESIAN_POINT('',(0.674916884056,-0.985265726441,
    0.389998903739));
#3459 = DIRECTION('',(1.,8.742277657348E-08,0.));
#3460 = DIRECTION('',(-3.821370931908E-15,4.371138828674E-08,1.));
#3461 = ADVANCED_FACE('',(#3462),#3487,.T.);
#3462 = FACE_BOUND('',#3463,.T.);
#3463 = EDGE_LOOP('',(#3464,#3472,#3473,#3481));
#3464 = ORIENTED_EDGE('',*,*,#3465,.F.);
#3465 = EDGE_CURVE('',#3443,#3466,#3468,.T.);
#3466 = VERTEX_POINT('',#3467);
#3467 = CARTESIAN_POINT('',(0.824916911916,-1.303951059446,
    0.326594440698));
#3468 = LINE('',#3469,#3470);
#3469 = CARTESIAN_POINT('',(0.824916884084,-0.98559130598,0.32499971921)
  );
#3470 = VECTOR('',#3471,1.);
#3471 = DIRECTION('',(8.742167979277E-08,-0.999987454291,
    5.009117716882E-03));
#3472 = ORIENTED_EDGE('',*,*,#3451,.F.);
#3473 = ORIENTED_EDGE('',*,*,#3474,.T.);
#3474 = EDGE_CURVE('',#3433,#3475,#3477,.T.);
#3475 = VERTEX_POINT('',#3476);
#3476 = CARTESIAN_POINT('',(0.674916911916,-1.30395107256,0.326594440698
    ));
#3477 = LINE('',#3478,#3479);
#3478 = CARTESIAN_POINT('',(0.674916884084,-0.985591319093,0.32499971921
    ));
#3479 = VECTOR('',#3480,1.);
#3480 = DIRECTION('',(8.742167979277E-08,-0.999987454291,
    5.009117716882E-03));
#3481 = ORIENTED_EDGE('',*,*,#3482,.T.);
#3482 = EDGE_CURVE('',#3475,#3466,#3483,.T.);
#3483 = LINE('',#3484,#3485);
#3484 = CARTESIAN_POINT('',(0.674916911916,-1.30395107256,0.326594440698
    ));
#3485 = VECTOR('',#3486,1.);
#3486 = DIRECTION('',(1.,8.742277657348E-08,0.));
#3487 = PLANE('',#3488);
#3488 = AXIS2_PLACEMENT_3D('',#3489,#3490,#3491);
#3489 = CARTESIAN_POINT('',(0.674916884084,-0.985591319093,0.32499971921
    ));
#3490 = DIRECTION('',(-4.379109789932E-10,5.009117716882E-03,
    0.999987454291));
#3491 = DIRECTION('',(-1.,-8.742277657348E-08,0.));
#3492 = ADVANCED_FACE('',(#3493),#3529,.F.);
#3493 = FACE_BOUND('',#3494,.F.);
#3494 = EDGE_LOOP('',(#3495,#3505,#3514,#3522));
#3495 = ORIENTED_EDGE('',*,*,#3496,.T.);
#3496 = EDGE_CURVE('',#3497,#3499,#3501,.T.);
#3497 = VERTEX_POINT('',#3498);
#3498 = CARTESIAN_POINT('',(0.674916879245,-0.930229976972,0.72499890261
    ));
#3499 = VERTEX_POINT('',#3500);
#3500 = CARTESIAN_POINT('',(0.824916879245,-0.930229963858,0.72499890261
    ));
#3501 = LINE('',#3502,#3503);
#3502 = CARTESIAN_POINT('',(0.674916879245,-0.930229976972,0.72499890261
    ));
#3503 = VECTOR('',#3504,1.);
#3504 = DIRECTION('',(1.,8.742277657348E-08,0.));
#3505 = ORIENTED_EDGE('',*,*,#3506,.T.);
#3506 = EDGE_CURVE('',#3499,#3507,#3509,.T.);
#3507 = VERTEX_POINT('',#3508);
#3508 = CARTESIAN_POINT('',(0.824916878374,-0.920267182359,
    0.689975738438));
#3509 = CIRCLE('',#3510,6.5E-02);
#3510 = AXIS2_PLACEMENT_3D('',#3511,#3512,#3513);
#3511 = CARTESIAN_POINT('',(0.824916884056,-0.985265700196,
    0.690414690522));
#3512 = DIRECTION('',(-1.,-8.742277657348E-08,0.));
#3513 = DIRECTION('',(-7.402118279173E-08,0.846703635974,0.532064801343)
  );
#3514 = ORIENTED_EDGE('',*,*,#3515,.F.);
#3515 = EDGE_CURVE('',#3516,#3507,#3518,.T.);
#3516 = VERTEX_POINT('',#3517);
#3517 = CARTESIAN_POINT('',(0.674916878374,-0.920267195472,
    0.689975738438));
#3518 = LINE('',#3519,#3520);
#3519 = CARTESIAN_POINT('',(0.674916878374,-0.920267195472,
    0.689975738438));
#3520 = VECTOR('',#3521,1.);
#3521 = DIRECTION('',(1.,8.742277657348E-08,0.));
#3522 = ORIENTED_EDGE('',*,*,#3523,.F.);
#3523 = EDGE_CURVE('',#3497,#3516,#3524,.T.);
#3524 = CIRCLE('',#3525,6.5E-02);
#3525 = AXIS2_PLACEMENT_3D('',#3526,#3527,#3528);
#3526 = CARTESIAN_POINT('',(0.674916884056,-0.98526571331,0.690414690522
    ));
#3527 = DIRECTION('',(-1.,-8.742277657348E-08,0.));
#3528 = DIRECTION('',(-7.402118279173E-08,0.846703635974,0.532064801343)
  );
#3529 = CYLINDRICAL_SURFACE('',#3530,6.5E-02);
#3530 = AXIS2_PLACEMENT_3D('',#3531,#3532,#3533);
#3531 = CARTESIAN_POINT('',(0.674916884056,-0.98526571331,0.690414690522
    ));
#3532 = DIRECTION('',(1.,8.742277657348E-08,0.));
#3533 = DIRECTION('',(-3.821370931908E-15,4.371138828674E-08,1.));
#3534 = ADVANCED_FACE('',(#3535),#3560,.T.);
#3535 = FACE_BOUND('',#3536,.T.);
#3536 = EDGE_LOOP('',(#3537,#3547,#3553,#3554));
#3537 = ORIENTED_EDGE('',*,*,#3538,.T.);
#3538 = EDGE_CURVE('',#3539,#3541,#3543,.T.);
#3539 = VERTEX_POINT('',#3540);
#3540 = CARTESIAN_POINT('',(0.674916877044,-0.905059377971,
    0.691306230967));
#3541 = VERTEX_POINT('',#3542);
#3542 = CARTESIAN_POINT('',(0.824916877044,-0.905059364858,
    0.691306230967));
#3543 = LINE('',#3544,#3545);
#3544 = CARTESIAN_POINT('',(0.674916877044,-0.905059377971,
    0.691306230967));
#3545 = VECTOR('',#3546,1.);
#3546 = DIRECTION('',(1.,8.742277657348E-08,0.));
#3547 = ORIENTED_EDGE('',*,*,#3548,.F.);
#3548 = EDGE_CURVE('',#3507,#3541,#3549,.T.);
#3549 = LINE('',#3550,#3551);
#3550 = CARTESIAN_POINT('',(0.824916878374,-0.920267182359,
    0.689975738438));
#3551 = VECTOR('',#3552,1.);
#3552 = DIRECTION('',(-8.709011601122E-08,0.996194806716,
    8.715450115399E-02));
#3553 = ORIENTED_EDGE('',*,*,#3515,.F.);
#3554 = ORIENTED_EDGE('',*,*,#3555,.T.);
#3555 = EDGE_CURVE('',#3516,#3539,#3556,.T.);
#3556 = LINE('',#3557,#3558);
#3557 = CARTESIAN_POINT('',(0.674916878374,-0.920267195472,
    0.689975738438));
#3558 = VECTOR('',#3559,1.);
#3559 = DIRECTION('',(-8.709011601122E-08,0.996194806716,
    8.715450115399E-02));
#3560 = PLANE('',#3561);
#3561 = AXIS2_PLACEMENT_3D('',#3562,#3563,#3564);
#3562 = CARTESIAN_POINT('',(0.674916878374,-0.920267195472,
    0.689975738438));
#3563 = DIRECTION('',(-7.619288481758E-09,8.715450115399E-02,
    -0.996194806716));
#3564 = DIRECTION('',(1.,8.742277657348E-08,0.));
#3565 = ADVANCED_FACE('',(#3566),#3593,.T.);
#3566 = FACE_BOUND('',#3567,.T.);
#3567 = EDGE_LOOP('',(#3568,#3578,#3585,#3586));
#3568 = ORIENTED_EDGE('',*,*,#3569,.T.);
#3569 = EDGE_CURVE('',#3570,#3572,#3574,.T.);
#3570 = VERTEX_POINT('',#3571);
#3571 = CARTESIAN_POINT('',(0.674916874804,-0.879440908833,
    0.701098128014));
#3572 = VERTEX_POINT('',#3573);
#3573 = CARTESIAN_POINT('',(0.824916874804,-0.879440895719,
    0.701098128014));
#3574 = LINE('',#3575,#3576);
#3575 = CARTESIAN_POINT('',(0.674916874804,-0.879440908833,
    0.701098128014));
#3576 = VECTOR('',#3577,1.);
#3577 = DIRECTION('',(1.,8.742277657348E-08,0.));
#3578 = ORIENTED_EDGE('',*,*,#3579,.F.);
#3579 = EDGE_CURVE('',#3541,#3572,#3580,.T.);
#3580 = CIRCLE('',#3581,5.E-02);
#3581 = AXIS2_PLACEMENT_3D('',#3582,#3583,#3584);
#3582 = CARTESIAN_POINT('',(0.824916877425,-0.909417089916,
    0.741115971303));
#3583 = DIRECTION('',(1.,8.742277657348E-08,0.));
#3584 = DIRECTION('',(-7.619288481761E-09,8.715450115402E-02,
    -0.996194806716));
#3585 = ORIENTED_EDGE('',*,*,#3538,.F.);
#3586 = ORIENTED_EDGE('',*,*,#3587,.T.);
#3587 = EDGE_CURVE('',#3539,#3570,#3588,.T.);
#3588 = CIRCLE('',#3589,5.E-02);
#3589 = AXIS2_PLACEMENT_3D('',#3590,#3591,#3592);
#3590 = CARTESIAN_POINT('',(0.674916877425,-0.909417103029,
    0.741115971303));
#3591 = DIRECTION('',(1.,8.742277657348E-08,0.));
#3592 = DIRECTION('',(-7.619288481761E-09,8.715450115402E-02,
    -0.996194806716));
#3593 = CYLINDRICAL_SURFACE('',#3594,5.E-02);
#3594 = AXIS2_PLACEMENT_3D('',#3595,#3596,#3597);
#3595 = CARTESIAN_POINT('',(0.674916877425,-0.909417103029,
    0.741115971303));
#3596 = DIRECTION('',(1.,8.742277657348E-08,0.));
#3597 = DIRECTION('',(-3.821370931908E-15,4.371138828674E-08,1.));
#3598 = ADVANCED_FACE('',(#3599),#3624,.T.);
#3599 = FACE_BOUND('',#3600,.T.);
#3600 = EDGE_LOOP('',(#3601,#3609,#3610,#3618));
#3601 = ORIENTED_EDGE('',*,*,#3602,.F.);
#3602 = EDGE_CURVE('',#3572,#3603,#3605,.T.);
#3603 = VERTEX_POINT('',#3604);
#3604 = CARTESIAN_POINT('',(0.824916872015,-0.847533666225,
    0.724998898995));
#3605 = LINE('',#3606,#3607);
#3606 = CARTESIAN_POINT('',(0.824916874804,-0.879440895719,
    0.701098128014));
#3607 = VECTOR('',#3608,1.);
#3608 = DIRECTION('',(-6.996941945602E-08,0.800356865779,0.599523883929)
  );
#3609 = ORIENTED_EDGE('',*,*,#3569,.F.);
#3610 = ORIENTED_EDGE('',*,*,#3611,.T.);
#3611 = EDGE_CURVE('',#3570,#3612,#3614,.T.);
#3612 = VERTEX_POINT('',#3613);
#3613 = CARTESIAN_POINT('',(0.674916872015,-0.847533679338,
    0.724998898995));
#3614 = LINE('',#3615,#3616);
#3615 = CARTESIAN_POINT('',(0.674916874804,-0.879440908833,
    0.701098128014));
#3616 = VECTOR('',#3617,1.);
#3617 = DIRECTION('',(-6.996941945602E-08,0.800356865779,0.599523883929)
  );
#3618 = ORIENTED_EDGE('',*,*,#3619,.T.);
#3619 = EDGE_CURVE('',#3612,#3603,#3620,.T.);
#3620 = LINE('',#3621,#3622);
#3621 = CARTESIAN_POINT('',(0.674916872015,-0.847533679338,
    0.724998898995));
#3622 = VECTOR('',#3623,1.);
#3623 = DIRECTION('',(1.,8.742277657348E-08,0.));
#3624 = PLANE('',#3625);
#3625 = AXIS2_PLACEMENT_3D('',#3626,#3627,#3628);
#3626 = CARTESIAN_POINT('',(0.674916874804,-0.879440908833,
    0.701098128014));
#3627 = DIRECTION('',(-5.241204255516E-08,0.599523883929,-0.800356865779
    ));
#3628 = DIRECTION('',(1.,8.742277657348E-08,0.));
#3629 = ADVANCED_FACE('',(#3630),#3664,.T.);
#3630 = FACE_BOUND('',#3631,.T.);
#3631 = EDGE_LOOP('',(#3632,#3642,#3650,#3658));
#3632 = ORIENTED_EDGE('',*,*,#3633,.T.);
#3633 = EDGE_CURVE('',#3634,#3636,#3638,.T.);
#3634 = VERTEX_POINT('',#3635);
#3635 = CARTESIAN_POINT('',(0.674917025221,-2.600002227687,
    0.894998975598));
#3636 = VERTEX_POINT('',#3637);
#3637 = CARTESIAN_POINT('',(0.674917050076,-2.884308682053,
    0.894998988025));
#3638 = LINE('',#3639,#3640);
#3639 = CARTESIAN_POINT('',(0.674917025221,-2.600002227687,
    0.894998975598));
#3640 = VECTOR('',#3641,1.);
#3641 = DIRECTION('',(8.742277657348E-08,-1.,4.371138828674E-08));
#3642 = ORIENTED_EDGE('',*,*,#3643,.F.);
#3643 = EDGE_CURVE('',#3644,#3636,#3646,.T.);
#3644 = VERTEX_POINT('',#3645);
#3645 = CARTESIAN_POINT('',(0.824917050076,-2.884308668939,
    0.894998988025));
#3646 = LINE('',#3647,#3648);
#3647 = CARTESIAN_POINT('',(0.824917050076,-2.884308668939,
    0.894998988025));
#3648 = VECTOR('',#3649,1.);
#3649 = DIRECTION('',(-1.,-8.742277657348E-08,0.));
#3650 = ORIENTED_EDGE('',*,*,#3651,.F.);
#3651 = EDGE_CURVE('',#3652,#3644,#3654,.T.);
#3652 = VERTEX_POINT('',#3653);
#3653 = CARTESIAN_POINT('',(0.824917025221,-2.600002214573,
    0.894998975598));
#3654 = LINE('',#3655,#3656);
#3655 = CARTESIAN_POINT('',(0.824917025221,-2.600002214573,
    0.894998975598));
#3656 = VECTOR('',#3657,1.);
#3657 = DIRECTION('',(8.742277657348E-08,-1.,4.371138828674E-08));
#3658 = ORIENTED_EDGE('',*,*,#3659,.F.);
#3659 = EDGE_CURVE('',#3634,#3652,#3660,.T.);
#3660 = LINE('',#3661,#3662);
#3661 = CARTESIAN_POINT('',(0.674917025221,-2.600002227687,
    0.894998975598));
#3662 = VECTOR('',#3663,1.);
#3663 = DIRECTION('',(1.,8.742277657348E-08,0.));
#3664 = PLANE('',#3665);
#3665 = AXIS2_PLACEMENT_3D('',#3666,#3667,#3668);
#3666 = CARTESIAN_POINT('',(0.674917025221,-2.600002227687,
    0.894998975598));
#3667 = DIRECTION('',(-3.821370931908E-15,4.371138828674E-08,1.));
#3668 = DIRECTION('',(-1.,-8.742277657348E-08,0.));
#3669 = ADVANCED_FACE('',(#3670),#3704,.T.);
#3670 = FACE_BOUND('',#3671,.T.);
#3671 = EDGE_LOOP('',(#3672,#3682,#3690,#3698));
#3672 = ORIENTED_EDGE('',*,*,#3673,.T.);
#3673 = EDGE_CURVE('',#3674,#3676,#3678,.T.);
#3674 = VERTEX_POINT('',#3675);
#3675 = CARTESIAN_POINT('',(0.674917045491,-2.831872235382,
    0.718956081411));
#3676 = VERTEX_POINT('',#3677);
#3677 = CARTESIAN_POINT('',(0.674917032964,-2.688580505571,
    0.685268138432));
#3678 = LINE('',#3679,#3680);
#3679 = CARTESIAN_POINT('',(0.674917045491,-2.831872235382,
    0.718956081411));
#3680 = VECTOR('',#3681,1.);
#3681 = DIRECTION('',(-8.510250572385E-08,0.973459195183,-0.228860646058
    ));
#3682 = ORIENTED_EDGE('',*,*,#3683,.T.);
#3683 = EDGE_CURVE('',#3676,#3684,#3686,.T.);
#3684 = VERTEX_POINT('',#3685);
#3685 = CARTESIAN_POINT('',(0.824917032964,-2.688580492458,
    0.685268138432));
#3686 = LINE('',#3687,#3688);
#3687 = CARTESIAN_POINT('',(0.674917032964,-2.688580505571,
    0.685268138432));
#3688 = VECTOR('',#3689,1.);
#3689 = DIRECTION('',(1.,8.742277657348E-08,0.));
#3690 = ORIENTED_EDGE('',*,*,#3691,.F.);
#3691 = EDGE_CURVE('',#3692,#3684,#3694,.T.);
#3692 = VERTEX_POINT('',#3693);
#3693 = CARTESIAN_POINT('',(0.824917045491,-2.831872222268,
    0.718956081411));
#3694 = LINE('',#3695,#3696);
#3695 = CARTESIAN_POINT('',(0.824917045491,-2.831872222268,
    0.718956081411));
#3696 = VECTOR('',#3697,1.);
#3697 = DIRECTION('',(-8.510250572385E-08,0.973459195183,-0.228860646058
    ));
#3698 = ORIENTED_EDGE('',*,*,#3699,.F.);
#3699 = EDGE_CURVE('',#3674,#3692,#3700,.T.);
#3700 = LINE('',#3701,#3702);
#3701 = CARTESIAN_POINT('',(0.674917045491,-2.831872235382,
    0.718956081411));
#3702 = VECTOR('',#3703,1.);
#3703 = DIRECTION('',(1.,8.742277657348E-08,0.));
#3704 = PLANE('',#3705);
#3705 = AXIS2_PLACEMENT_3D('',#3706,#3707,#3708);
#3706 = CARTESIAN_POINT('',(0.674917045491,-2.831872235382,
    0.718956081411));
#3707 = DIRECTION('',(2.000763312681E-08,-0.228860646058,-0.973459195183
    ));
#3708 = DIRECTION('',(8.510250572385E-08,-0.973459195183,0.228860646058)
  );
#3709 = ADVANCED_FACE('',(#3710),#3737,.T.);
#3710 = FACE_BOUND('',#3711,.T.);
#3711 = EDGE_LOOP('',(#3712,#3722,#3729,#3730));
#3712 = ORIENTED_EDGE('',*,*,#3713,.T.);
#3713 = EDGE_CURVE('',#3714,#3716,#3718,.T.);
#3714 = VERTEX_POINT('',#3715);
#3715 = CARTESIAN_POINT('',(0.674917028963,-2.642808385102,
    0.679959977469));
#3716 = VERTEX_POINT('',#3717);
#3717 = CARTESIAN_POINT('',(0.824917028963,-2.642808371989,
    0.679959977469));
#3718 = LINE('',#3719,#3720);
#3719 = CARTESIAN_POINT('',(0.674917028963,-2.642808385102,
    0.679959977469));
#3720 = VECTOR('',#3721,1.);
#3721 = DIRECTION('',(1.,8.742277657348E-08,0.));
#3722 = ORIENTED_EDGE('',*,*,#3723,.F.);
#3723 = EDGE_CURVE('',#3684,#3716,#3724,.T.);
#3724 = CIRCLE('',#3725,0.2);
#3725 = AXIS2_PLACEMENT_3D('',#3726,#3727,#3728);
#3726 = CARTESIAN_POINT('',(0.824917028963,-2.642808363246,
    0.879959977469));
#3727 = DIRECTION('',(1.,8.742277657348E-08,-3.308722450212E-24));
#3728 = DIRECTION('',(2.000763312681E-08,-0.228860646058,-0.973459195183
    ));
#3729 = ORIENTED_EDGE('',*,*,#3683,.F.);
#3730 = ORIENTED_EDGE('',*,*,#3731,.T.);
#3731 = EDGE_CURVE('',#3676,#3714,#3732,.T.);
#3732 = CIRCLE('',#3733,0.2);
#3733 = AXIS2_PLACEMENT_3D('',#3734,#3735,#3736);
#3734 = CARTESIAN_POINT('',(0.674917028963,-2.64280837636,0.879959977469
    ));
#3735 = DIRECTION('',(1.,8.742277657348E-08,-3.308722450212E-24));
#3736 = DIRECTION('',(2.000763312681E-08,-0.228860646058,-0.973459195183
    ));
#3737 = CYLINDRICAL_SURFACE('',#3738,0.2);
#3738 = AXIS2_PLACEMENT_3D('',#3739,#3740,#3741);
#3739 = CARTESIAN_POINT('',(0.674917028963,-2.64280837636,0.879959977469
    ));
#3740 = DIRECTION('',(1.,8.742277657348E-08,0.));
#3741 = DIRECTION('',(-3.821370931908E-15,4.371138828674E-08,1.));
#3742 = ADVANCED_FACE('',(#3743),#3768,.T.);
#3743 = FACE_BOUND('',#3744,.T.);
#3744 = EDGE_LOOP('',(#3745,#3753,#3754,#3762));
#3745 = ORIENTED_EDGE('',*,*,#3746,.F.);
#3746 = EDGE_CURVE('',#3716,#3747,#3749,.T.);
#3747 = VERTEX_POINT('',#3748);
#3748 = CARTESIAN_POINT('',(0.824917025221,-2.600002223973,
    0.679959975598));
#3749 = LINE('',#3750,#3751);
#3750 = CARTESIAN_POINT('',(0.824917028963,-2.642808371989,
    0.679959977469));
#3751 = VECTOR('',#3752,1.);
#3752 = DIRECTION('',(-8.742277657348E-08,1.,-4.371138828674E-08));
#3753 = ORIENTED_EDGE('',*,*,#3713,.F.);
#3754 = ORIENTED_EDGE('',*,*,#3755,.T.);
#3755 = EDGE_CURVE('',#3714,#3756,#3758,.T.);
#3756 = VERTEX_POINT('',#3757);
#3757 = CARTESIAN_POINT('',(0.674917025221,-2.600002237086,
    0.679959975598));
#3758 = LINE('',#3759,#3760);
#3759 = CARTESIAN_POINT('',(0.674917028963,-2.642808385102,
    0.679959977469));
#3760 = VECTOR('',#3761,1.);
#3761 = DIRECTION('',(-8.742277657348E-08,1.,-4.371138828674E-08));
#3762 = ORIENTED_EDGE('',*,*,#3763,.T.);
#3763 = EDGE_CURVE('',#3756,#3747,#3764,.T.);
#3764 = LINE('',#3765,#3766);
#3765 = CARTESIAN_POINT('',(0.674917025221,-2.600002237086,
    0.679959975598));
#3766 = VECTOR('',#3767,1.);
#3767 = DIRECTION('',(1.,8.742277657348E-08,0.));
#3768 = PLANE('',#3769);
#3769 = AXIS2_PLACEMENT_3D('',#3770,#3771,#3772);
#3770 = CARTESIAN_POINT('',(0.674917028963,-2.642808385102,
    0.679959977469));
#3771 = DIRECTION('',(3.821370931908E-15,-4.371138828674E-08,-1.));
#3772 = DIRECTION('',(8.742277657348E-08,-1.,4.371138828674E-08));
#3773 = ADVANCED_FACE('',(#3774),#3810,.F.);
#3774 = FACE_BOUND('',#3775,.F.);
#3775 = EDGE_LOOP('',(#3776,#3787,#3795,#3804));
#3776 = ORIENTED_EDGE('',*,*,#3777,.F.);
#3777 = EDGE_CURVE('',#3778,#3780,#3782,.T.);
#3778 = VERTEX_POINT('',#3779);
#3779 = CARTESIAN_POINT('',(0.674917104843,-3.510774997324,
    0.384861370253));
#3780 = VERTEX_POINT('',#3781);
#3781 = CARTESIAN_POINT('',(0.674917106723,-3.532282972564,
    0.379999016349));
#3782 = CIRCLE('',#3783,5.E-02);
#3783 = AXIS2_PLACEMENT_3D('',#3784,#3785,#3786);
#3784 = CARTESIAN_POINT('',(0.674917106723,-3.532282970378,
    0.429999016349));
#3785 = DIRECTION('',(-1.,-8.742277657348E-08,6.617444900424E-24));
#3786 = DIRECTION('',(-3.760573445801E-08,0.430159461092,-0.902752921919
    ));
#3787 = ORIENTED_EDGE('',*,*,#3788,.T.);
#3788 = EDGE_CURVE('',#3778,#3789,#3791,.T.);
#3789 = VERTEX_POINT('',#3790);
#3790 = CARTESIAN_POINT('',(0.824917104843,-3.510774984211,
    0.384861370253));
#3791 = LINE('',#3792,#3793);
#3792 = CARTESIAN_POINT('',(0.674917104843,-3.510774997324,
    0.384861370253));
#3793 = VECTOR('',#3794,1.);
#3794 = DIRECTION('',(1.,8.742277657348E-08,0.));
#3795 = ORIENTED_EDGE('',*,*,#3796,.T.);
#3796 = EDGE_CURVE('',#3789,#3797,#3799,.T.);
#3797 = VERTEX_POINT('',#3798);
#3798 = CARTESIAN_POINT('',(0.824917106723,-3.53228295945,0.379999016349
    ));
#3799 = CIRCLE('',#3800,5.E-02);
#3800 = AXIS2_PLACEMENT_3D('',#3801,#3802,#3803);
#3801 = CARTESIAN_POINT('',(0.824917106723,-3.532282957265,
    0.429999016349));
#3802 = DIRECTION('',(-1.,-8.742277657348E-08,6.617444900424E-24));
#3803 = DIRECTION('',(-3.760573445801E-08,0.430159461092,-0.902752921919
    ));
#3804 = ORIENTED_EDGE('',*,*,#3805,.F.);
#3805 = EDGE_CURVE('',#3780,#3797,#3806,.T.);
#3806 = LINE('',#3807,#3808);
#3807 = CARTESIAN_POINT('',(0.674917106723,-3.532282972564,
    0.379999016349));
#3808 = VECTOR('',#3809,1.);
#3809 = DIRECTION('',(1.,8.742277657348E-08,0.));
#3810 = CYLINDRICAL_SURFACE('',#3811,5.E-02);
#3811 = AXIS2_PLACEMENT_3D('',#3812,#3813,#3814);
#3812 = CARTESIAN_POINT('',(0.674917106723,-3.532282970378,
    0.429999016349));
#3813 = DIRECTION('',(1.,8.742277657348E-08,0.));
#3814 = DIRECTION('',(-3.821370931908E-15,4.371138828674E-08,1.));
#3815 = ADVANCED_FACE('',(#3816),#3841,.T.);
#3816 = FACE_BOUND('',#3817,.T.);
#3817 = EDGE_LOOP('',(#3818,#3828,#3834,#3835));
#3818 = ORIENTED_EDGE('',*,*,#3819,.T.);
#3819 = EDGE_CURVE('',#3820,#3822,#3824,.T.);
#3820 = VERTEX_POINT('',#3821);
#3821 = CARTESIAN_POINT('',(0.674917112644,-3.600002250198,
    0.379999019309));
#3822 = VERTEX_POINT('',#3823);
#3823 = CARTESIAN_POINT('',(0.824917112644,-3.600002237084,
    0.379999019309));
#3824 = LINE('',#3825,#3826);
#3825 = CARTESIAN_POINT('',(0.674917112644,-3.600002250198,
    0.379999019309));
#3826 = VECTOR('',#3827,1.);
#3827 = DIRECTION('',(1.,8.742277657348E-08,0.));
#3828 = ORIENTED_EDGE('',*,*,#3829,.F.);
#3829 = EDGE_CURVE('',#3797,#3822,#3830,.T.);
#3830 = LINE('',#3831,#3832);
#3831 = CARTESIAN_POINT('',(0.824917106723,-3.53228295945,0.379999016349
    ));
#3832 = VECTOR('',#3833,1.);
#3833 = DIRECTION('',(8.742277657348E-08,-1.,4.371138828674E-08));
#3834 = ORIENTED_EDGE('',*,*,#3805,.F.);
#3835 = ORIENTED_EDGE('',*,*,#3836,.T.);
#3836 = EDGE_CURVE('',#3780,#3820,#3837,.T.);
#3837 = LINE('',#3838,#3839);
#3838 = CARTESIAN_POINT('',(0.674917106723,-3.532282972564,
    0.379999016349));
#3839 = VECTOR('',#3840,1.);
#3840 = DIRECTION('',(8.742277657348E-08,-1.,4.371138828674E-08));
#3841 = PLANE('',#3842);
#3842 = AXIS2_PLACEMENT_3D('',#3843,#3844,#3845);
#3843 = CARTESIAN_POINT('',(0.674917106723,-3.532282972564,
    0.379999016349));
#3844 = DIRECTION('',(-3.821370931908E-15,4.371138828674E-08,1.));
#3845 = DIRECTION('',(-1.,-8.742277657348E-08,0.));
#3846 = ADVANCED_FACE('',(#3847),#3863,.T.);
#3847 = FACE_BOUND('',#3848,.T.);
#3848 = EDGE_LOOP('',(#3849,#3850,#3856,#3857));
#3849 = ORIENTED_EDGE('',*,*,#1555,.T.);
#3850 = ORIENTED_EDGE('',*,*,#3851,.F.);
#3851 = EDGE_CURVE('',#3822,#1558,#3852,.T.);
#3852 = LINE('',#3853,#3854);
#3853 = CARTESIAN_POINT('',(0.824917112644,-3.600002237084,
    0.379999019309));
#3854 = VECTOR('',#3855,1.);
#3855 = DIRECTION('',(3.821370931908E-15,-4.371138828674E-08,-1.));
#3856 = ORIENTED_EDGE('',*,*,#3819,.F.);
#3857 = ORIENTED_EDGE('',*,*,#3858,.T.);
#3858 = EDGE_CURVE('',#3820,#1556,#3859,.T.);
#3859 = LINE('',#3860,#3861);
#3860 = CARTESIAN_POINT('',(0.674917112644,-3.600002250198,
    0.379999019309));
#3861 = VECTOR('',#3862,1.);
#3862 = DIRECTION('',(3.821370931908E-15,-4.371138828674E-08,-1.));
#3863 = PLANE('',#3864);
#3864 = AXIS2_PLACEMENT_3D('',#3865,#3866,#3867);
#3865 = CARTESIAN_POINT('',(0.674917112644,-3.600002250198,
    0.379999019309));
#3866 = DIRECTION('',(8.742277657348E-08,-1.,4.371138828674E-08));
#3867 = DIRECTION('',(3.821370931908E-15,-4.371138828674E-08,-1.));
#3868 = ADVANCED_FACE('',(#3869),#3896,.F.);
#3869 = FACE_BOUND('',#3870,.F.);
#3870 = EDGE_LOOP('',(#3871,#3880,#3888,#3895));
#3871 = ORIENTED_EDGE('',*,*,#3872,.T.);
#3872 = EDGE_CURVE('',#1566,#3873,#3875,.T.);
#3873 = VERTEX_POINT('',#3874);
#3874 = CARTESIAN_POINT('',(0.824917108234,-3.549565252504,
    2.952901710355E-02));
#3875 = CIRCLE('',#3876,5.E-02);
#3876 = AXIS2_PLACEMENT_3D('',#3877,#3878,#3879);
#3877 = CARTESIAN_POINT('',(0.824917112605,-3.599565252504,
    2.952901928912E-02));
#3878 = DIRECTION('',(-1.,-8.742277657348E-08,0.));
#3879 = DIRECTION('',(7.640710712331E-10,-8.73995429087E-03,
    0.99996180587));
#3880 = ORIENTED_EDGE('',*,*,#3881,.F.);
#3881 = EDGE_CURVE('',#3882,#3873,#3884,.T.);
#3882 = VERTEX_POINT('',#3883);
#3883 = CARTESIAN_POINT('',(0.674917108234,-3.549565265617,
    2.952901710355E-02));
#3884 = LINE('',#3885,#3886);
#3885 = CARTESIAN_POINT('',(0.674917108234,-3.549565265617,
    2.952901710355E-02));
#3886 = VECTOR('',#3887,1.);
#3887 = DIRECTION('',(1.,8.742277657348E-08,0.));
#3888 = ORIENTED_EDGE('',*,*,#3889,.F.);
#3889 = EDGE_CURVE('',#1575,#3882,#3890,.T.);
#3890 = CIRCLE('',#3891,5.E-02);
#3891 = AXIS2_PLACEMENT_3D('',#3892,#3893,#3894);
#3892 = CARTESIAN_POINT('',(0.674917112605,-3.599565265617,
    2.952901928912E-02));
#3893 = DIRECTION('',(-1.,-8.742277657348E-08,0.));
#3894 = DIRECTION('',(7.640710712331E-10,-8.73995429087E-03,
    0.99996180587));
#3895 = ORIENTED_EDGE('',*,*,#1574,.T.);
#3896 = CYLINDRICAL_SURFACE('',#3897,5.E-02);
#3897 = AXIS2_PLACEMENT_3D('',#3898,#3899,#3900);
#3898 = CARTESIAN_POINT('',(0.674917112605,-3.599565265617,
    2.952901928912E-02));
#3899 = DIRECTION('',(1.,8.742277657348E-08,0.));
#3900 = DIRECTION('',(-3.821370931908E-15,4.371138828674E-08,1.));
#3901 = ADVANCED_FACE('',(#3902),#3927,.T.);
#3902 = FACE_BOUND('',#3903,.T.);
#3903 = EDGE_LOOP('',(#3904,#3914,#3920,#3921));
#3904 = ORIENTED_EDGE('',*,*,#3905,.T.);
#3905 = EDGE_CURVE('',#3906,#3908,#3910,.T.);
#3906 = VERTEX_POINT('',#3907);
#3907 = CARTESIAN_POINT('',(0.674917108234,-3.549565266908,
    -3.422422500954E-07));
#3908 = VERTEX_POINT('',#3909);
#3909 = CARTESIAN_POINT('',(0.824917108234,-3.549565253795,
    -3.422422500954E-07));
#3910 = LINE('',#3911,#3912);
#3911 = CARTESIAN_POINT('',(0.674917108234,-3.549565266908,
    -3.422422500954E-07));
#3912 = VECTOR('',#3913,1.);
#3913 = DIRECTION('',(1.,8.742277657348E-08,0.));
#3914 = ORIENTED_EDGE('',*,*,#3915,.F.);
#3915 = EDGE_CURVE('',#3873,#3908,#3916,.T.);
#3916 = LINE('',#3917,#3918);
#3917 = CARTESIAN_POINT('',(0.824917108234,-3.549565252504,
    2.952901710355E-02));
#3918 = VECTOR('',#3919,1.);
#3919 = DIRECTION('',(3.821370931908E-15,-4.371138828674E-08,-1.));
#3920 = ORIENTED_EDGE('',*,*,#3881,.F.);
#3921 = ORIENTED_EDGE('',*,*,#3922,.T.);
#3922 = EDGE_CURVE('',#3882,#3906,#3923,.T.);
#3923 = LINE('',#3924,#3925);
#3924 = CARTESIAN_POINT('',(0.674917108234,-3.549565265617,
    2.952901710355E-02));
#3925 = VECTOR('',#3926,1.);
#3926 = DIRECTION('',(3.821370931908E-15,-4.371138828674E-08,-1.));
#3927 = PLANE('',#3928);
#3928 = AXIS2_PLACEMENT_3D('',#3929,#3930,#3931);
#3929 = CARTESIAN_POINT('',(0.674917108234,-3.549565265617,
    2.952901710355E-02));
#3930 = DIRECTION('',(8.742277657348E-08,-1.,4.371138828674E-08));
#3931 = DIRECTION('',(3.821370931908E-15,-4.371138828674E-08,-1.));
#3932 = ADVANCED_FACE('',(#3933),#3958,.T.);
#3933 = FACE_BOUND('',#3934,.T.);
#3934 = EDGE_LOOP('',(#3935,#3945,#3951,#3952));
#3935 = ORIENTED_EDGE('',*,*,#3936,.T.);
#3936 = EDGE_CURVE('',#3937,#3939,#3941,.T.);
#3937 = VERTEX_POINT('',#3938);
#3938 = CARTESIAN_POINT('',(0.674917077694,-3.200225885782,
    -3.575123593835E-07));
#3939 = VERTEX_POINT('',#3940);
#3940 = CARTESIAN_POINT('',(0.824917077694,-3.200225872669,
    -3.575123593835E-07));
#3941 = LINE('',#3942,#3943);
#3942 = CARTESIAN_POINT('',(0.674917077694,-3.200225885782,
    -3.575123593835E-07));
#3943 = VECTOR('',#3944,1.);
#3944 = DIRECTION('',(1.,8.742277657348E-08,0.));
#3945 = ORIENTED_EDGE('',*,*,#3946,.F.);
#3946 = EDGE_CURVE('',#3908,#3939,#3947,.T.);
#3947 = LINE('',#3948,#3949);
#3948 = CARTESIAN_POINT('',(0.824917108234,-3.549565253795,
    -3.422422500954E-07));
#3949 = VECTOR('',#3950,1.);
#3950 = DIRECTION('',(-8.742277657348E-08,1.,-4.371138828674E-08));
#3951 = ORIENTED_EDGE('',*,*,#3905,.F.);
#3952 = ORIENTED_EDGE('',*,*,#3953,.T.);
#3953 = EDGE_CURVE('',#3906,#3937,#3954,.T.);
#3954 = LINE('',#3955,#3956);
#3955 = CARTESIAN_POINT('',(0.674917108234,-3.549565266908,
    -3.422422500954E-07));
#3956 = VECTOR('',#3957,1.);
#3957 = DIRECTION('',(-8.742277657348E-08,1.,-4.371138828674E-08));
#3958 = PLANE('',#3959);
#3959 = AXIS2_PLACEMENT_3D('',#3960,#3961,#3962);
#3960 = CARTESIAN_POINT('',(0.674917108234,-3.549565266908,
    -3.422422500954E-07));
#3961 = DIRECTION('',(3.821370931908E-15,-4.371138828674E-08,-1.));
#3962 = DIRECTION('',(8.742277657348E-08,-1.,4.371138828674E-08));
#3963 = ADVANCED_FACE('',(#3964),#3991,.T.);
#3964 = FACE_BOUND('',#3965,.T.);
#3965 = EDGE_LOOP('',(#3966,#3976,#3983,#3984));
#3966 = ORIENTED_EDGE('',*,*,#3967,.T.);
#3967 = EDGE_CURVE('',#3968,#3970,#3972,.T.);
#3968 = VERTEX_POINT('',#3969);
#3969 = CARTESIAN_POINT('',(0.674917083805,-3.270127450261,
    7.371055284804E-02));
#3970 = VERTEX_POINT('',#3971);
#3971 = CARTESIAN_POINT('',(0.824917083805,-3.270127437148,
    7.371055284804E-02));
#3972 = LINE('',#3973,#3974);
#3973 = CARTESIAN_POINT('',(0.674917083805,-3.270127450261,
    7.371055284804E-02));
#3974 = VECTOR('',#3975,1.);
#3975 = DIRECTION('',(1.,8.742277657348E-08,0.));
#3976 = ORIENTED_EDGE('',*,*,#3977,.F.);
#3977 = EDGE_CURVE('',#3939,#3970,#3978,.T.);
#3978 = CIRCLE('',#3979,7.E-02);
#3979 = AXIS2_PLACEMENT_3D('',#3980,#3981,#3982);
#3980 = CARTESIAN_POINT('',(0.824917083805,-3.270127440208,
    3.710552848035E-03));
#3981 = DIRECTION('',(1.,8.742277657348E-08,8.27180612553E-25));
#3982 = DIRECTION('',(-8.729984458611E-08,0.998593821974,
    -5.301300514863E-02));
#3983 = ORIENTED_EDGE('',*,*,#3936,.F.);
#3984 = ORIENTED_EDGE('',*,*,#3985,.T.);
#3985 = EDGE_CURVE('',#3937,#3968,#3986,.T.);
#3986 = CIRCLE('',#3987,7.E-02);
#3987 = AXIS2_PLACEMENT_3D('',#3988,#3989,#3990);
#3988 = CARTESIAN_POINT('',(0.674917083805,-3.270127453321,
    3.710552848035E-03));
#3989 = DIRECTION('',(1.,8.742277657348E-08,8.27180612553E-25));
#3990 = DIRECTION('',(-8.729984458611E-08,0.998593821974,
    -5.301300514863E-02));
#3991 = CYLINDRICAL_SURFACE('',#3992,7.E-02);
#3992 = AXIS2_PLACEMENT_3D('',#3993,#3994,#3995);
#3993 = CARTESIAN_POINT('',(0.674917083805,-3.270127453321,
    3.710552848035E-03));
#3994 = DIRECTION('',(1.,8.742277657348E-08,0.));
#3995 = DIRECTION('',(-3.821370931908E-15,4.371138828674E-08,1.));
#3996 = ADVANCED_FACE('',(#3997),#4022,.T.);
#3997 = FACE_BOUND('',#3998,.T.);
#3998 = EDGE_LOOP('',(#3999,#4009,#4015,#4016));
#3999 = ORIENTED_EDGE('',*,*,#4000,.T.);
#4000 = EDGE_CURVE('',#4001,#4003,#4005,.T.);
#4001 = VERTEX_POINT('',#4002);
#4002 = CARTESIAN_POINT('',(0.674917086417,-3.300002263586,
    7.37105541539E-02));
#4003 = VERTEX_POINT('',#4004);
#4004 = CARTESIAN_POINT('',(0.824917086417,-3.300002250473,
    7.37105541539E-02));
#4005 = LINE('',#4006,#4007);
#4006 = CARTESIAN_POINT('',(0.674917086417,-3.300002263586,
    7.37105541539E-02));
#4007 = VECTOR('',#4008,1.);
#4008 = DIRECTION('',(1.,8.742277657348E-08,0.));
#4009 = ORIENTED_EDGE('',*,*,#4010,.F.);
#4010 = EDGE_CURVE('',#3970,#4003,#4011,.T.);
#4011 = LINE('',#4012,#4013);
#4012 = CARTESIAN_POINT('',(0.824917083805,-3.270127437148,
    7.371055284804E-02));
#4013 = VECTOR('',#4014,1.);
#4014 = DIRECTION('',(8.742277657348E-08,-1.,4.371138828674E-08));
#4015 = ORIENTED_EDGE('',*,*,#3967,.F.);
#4016 = ORIENTED_EDGE('',*,*,#4017,.T.);
#4017 = EDGE_CURVE('',#3968,#4001,#4018,.T.);
#4018 = LINE('',#4019,#4020);
#4019 = CARTESIAN_POINT('',(0.674917083805,-3.270127450261,
    7.371055284804E-02));
#4020 = VECTOR('',#4021,1.);
#4021 = DIRECTION('',(8.742277657348E-08,-1.,4.371138828674E-08));
#4022 = PLANE('',#4023);
#4023 = AXIS2_PLACEMENT_3D('',#4024,#4025,#4026);
#4024 = CARTESIAN_POINT('',(0.674917083805,-3.270127450261,
    7.371055284804E-02));
#4025 = DIRECTION('',(-3.821370931908E-15,4.371138828674E-08,1.));
#4026 = DIRECTION('',(-1.,-8.742277657348E-08,0.));
#4027 = ADVANCED_FACE('',(#4028),#4053,.T.);
#4028 = FACE_BOUND('',#4029,.T.);
#4029 = EDGE_LOOP('',(#4030,#4038,#4039,#4047));
#4030 = ORIENTED_EDGE('',*,*,#4031,.F.);
#4031 = EDGE_CURVE('',#4003,#4032,#4034,.T.);
#4032 = VERTEX_POINT('',#4033);
#4033 = CARTESIAN_POINT('',(0.824917086417,-3.300002250198,
    7.99990061957E-02));
#4034 = LINE('',#4035,#4036);
#4035 = CARTESIAN_POINT('',(0.824917086417,-3.300002250473,
    7.37105541539E-02));
#4036 = VECTOR('',#4037,1.);
#4037 = DIRECTION('',(-3.821370931908E-15,4.371138828674E-08,1.));
#4038 = ORIENTED_EDGE('',*,*,#4000,.F.);
#4039 = ORIENTED_EDGE('',*,*,#4040,.T.);
#4040 = EDGE_CURVE('',#4001,#4041,#4043,.T.);
#4041 = VERTEX_POINT('',#4042);
#4042 = CARTESIAN_POINT('',(0.674917086417,-3.300002263311,
    7.99990061957E-02));
#4043 = LINE('',#4044,#4045);
#4044 = CARTESIAN_POINT('',(0.674917086417,-3.300002263586,
    7.37105541539E-02));
#4045 = VECTOR('',#4046,1.);
#4046 = DIRECTION('',(-3.821370931908E-15,4.371138828674E-08,1.));
#4047 = ORIENTED_EDGE('',*,*,#4048,.T.);
#4048 = EDGE_CURVE('',#4041,#4032,#4049,.T.);
#4049 = LINE('',#4050,#4051);
#4050 = CARTESIAN_POINT('',(0.674917086417,-3.300002263311,
    7.99990061957E-02));
#4051 = VECTOR('',#4052,1.);
#4052 = DIRECTION('',(1.,8.742277657348E-08,0.));
#4053 = PLANE('',#4054);
#4054 = AXIS2_PLACEMENT_3D('',#4055,#4056,#4057);
#4055 = CARTESIAN_POINT('',(0.674917086417,-3.300002263586,
    7.37105541539E-02));
#4056 = DIRECTION('',(-8.742277657348E-08,1.,-4.371138828674E-08));
#4057 = DIRECTION('',(-1.,-8.742277657348E-08,0.));
#4058 = ADVANCED_FACE('',(#4059),#4080,.T.);
#4059 = FACE_BOUND('',#4060,.T.);
#4060 = EDGE_LOOP('',(#4061,#4062,#4063,#4064,#4065,#4066,#4074));
#4061 = ORIENTED_EDGE('',*,*,#3346,.T.);
#4062 = ORIENTED_EDGE('',*,*,#3378,.T.);
#4063 = ORIENTED_EDGE('',*,*,#3411,.T.);
#4064 = ORIENTED_EDGE('',*,*,#3442,.T.);
#4065 = ORIENTED_EDGE('',*,*,#3465,.T.);
#4066 = ORIENTED_EDGE('',*,*,#4067,.F.);
#4067 = EDGE_CURVE('',#4068,#3466,#4070,.T.);
#4068 = VERTEX_POINT('',#4069);
#4069 = CARTESIAN_POINT('',(0.824916885344,-1.000002240581,0.29999890566
    ));
#4070 = LINE('',#4071,#4072);
#4071 = CARTESIAN_POINT('',(0.824916885344,-1.000002240581,0.29999890566
    ));
#4072 = VECTOR('',#4073,1.);
#4073 = DIRECTION('',(8.709002045547E-08,-0.996193713686,
    8.716699382592E-02));
#4074 = ORIENTED_EDGE('',*,*,#4075,.T.);
#4075 = EDGE_CURVE('',#4068,#3347,#4076,.T.);
#4076 = LINE('',#4077,#4078);
#4077 = CARTESIAN_POINT('',(0.824916885344,-1.000002240581,0.29999890566
    ));
#4078 = VECTOR('',#4079,1.);
#4079 = DIRECTION('',(-8.742277657348E-08,1.,-4.371138828674E-08));
#4080 = PLANE('',#4081);
#4081 = AXIS2_PLACEMENT_3D('',#4082,#4083,#4084);
#4082 = CARTESIAN_POINT('',(0.824916832891,-0.400002229654,
    0.549998879433));
#4083 = DIRECTION('',(1.,8.742277657348E-08,0.));
#4084 = DIRECTION('',(-8.742277657348E-08,1.,-4.371138828674E-08));
#4085 = ADVANCED_FACE('',(#4086),#4098,.T.);
#4086 = FACE_BOUND('',#4087,.T.);
#4087 = EDGE_LOOP('',(#4088,#4089,#4090,#4091,#4092));
#4088 = ORIENTED_EDGE('',*,*,#3506,.T.);
#4089 = ORIENTED_EDGE('',*,*,#3548,.T.);
#4090 = ORIENTED_EDGE('',*,*,#3579,.T.);
#4091 = ORIENTED_EDGE('',*,*,#3602,.T.);
#4092 = ORIENTED_EDGE('',*,*,#4093,.F.);
#4093 = EDGE_CURVE('',#3499,#3603,#4094,.T.);
#4094 = LINE('',#4095,#4096);
#4095 = CARTESIAN_POINT('',(0.824916879245,-0.930229963858,0.72499890261
    ));
#4096 = VECTOR('',#4097,1.);
#4097 = DIRECTION('',(-8.742277657348E-08,1.,-4.371138828674E-08));
#4098 = PLANE('',#4099);
#4099 = AXIS2_PLACEMENT_3D('',#4100,#4101,#4102);
#4100 = CARTESIAN_POINT('',(0.824916832891,-0.400002229654,
    0.549998879433));
#4101 = DIRECTION('',(1.,8.742277657348E-08,0.));
#4102 = DIRECTION('',(-8.742277657348E-08,1.,-4.371138828674E-08));
#4103 = ADVANCED_FACE('',(#4104),#4131,.T.);
#4104 = FACE_BOUND('',#4105,.T.);
#4105 = EDGE_LOOP('',(#4106,#4107,#4116,#4122,#4123,#4124,#4125));
#4106 = ORIENTED_EDGE('',*,*,#3651,.T.);
#4107 = ORIENTED_EDGE('',*,*,#4108,.T.);
#4108 = EDGE_CURVE('',#3644,#4109,#4111,.T.);
#4109 = VERTEX_POINT('',#4110);
#4110 = CARTESIAN_POINT('',(0.824917045491,-2.831872220474,
    0.759998985733));
#4111 = CIRCLE('',#4112,0.2);
#4112 = AXIS2_PLACEMENT_3D('',#4113,#4114,#4115);
#4113 = CARTESIAN_POINT('',(0.824917062976,-3.031872220474,
    0.759998994475));
#4114 = DIRECTION('',(-1.,-8.742277657348E-08,-6.617444900424E-24));
#4115 = DIRECTION('',(-6.450207698107E-08,0.737817757674,0.674999967749)
  );
#4116 = ORIENTED_EDGE('',*,*,#4117,.F.);
#4117 = EDGE_CURVE('',#3692,#4109,#4118,.T.);
#4118 = LINE('',#4119,#4120);
#4119 = CARTESIAN_POINT('',(0.824917045491,-2.831872222268,
    0.718956081411));
#4120 = VECTOR('',#4121,1.);
#4121 = DIRECTION('',(-3.821370931908E-15,4.371138828674E-08,1.));
#4122 = ORIENTED_EDGE('',*,*,#3691,.T.);
#4123 = ORIENTED_EDGE('',*,*,#3723,.T.);
#4124 = ORIENTED_EDGE('',*,*,#3746,.T.);
#4125 = ORIENTED_EDGE('',*,*,#4126,.T.);
#4126 = EDGE_CURVE('',#3747,#3652,#4127,.T.);
#4127 = LINE('',#4128,#4129);
#4128 = CARTESIAN_POINT('',(0.824917025221,-2.600002223973,
    0.679959975598));
#4129 = VECTOR('',#4130,1.);
#4130 = DIRECTION('',(-3.821370931908E-15,4.371138828674E-08,1.));
#4131 = PLANE('',#4132);
#4132 = AXIS2_PLACEMENT_3D('',#4133,#4134,#4135);
#4133 = CARTESIAN_POINT('',(0.824916832891,-0.400002229654,
    0.549998879433));
#4134 = DIRECTION('',(1.,8.742277657348E-08,0.));
#4135 = DIRECTION('',(-8.742277657348E-08,1.,-4.371138828674E-08));
#4136 = ADVANCED_FACE('',(#4137),#4171,.T.);
#4137 = FACE_BOUND('',#4138,.T.);
#4138 = EDGE_LOOP('',(#4139,#4147,#4148,#4149,#4150,#4151,#4152,#4153,
    #4154,#4155,#4156,#4157,#4165));
#4139 = ORIENTED_EDGE('',*,*,#4140,.T.);
#4140 = EDGE_CURVE('',#4141,#3789,#4143,.T.);
#4141 = VERTEX_POINT('',#4142);
#4142 = CARTESIAN_POINT('',(0.824917103901,-3.500002236648,
    0.389994556946));
#4143 = LINE('',#4144,#4145);
#4144 = CARTESIAN_POINT('',(0.824917103901,-3.500002236648,
    0.389994556946));
#4145 = VECTOR('',#4146,1.);
#4146 = DIRECTION('',(7.892116699397E-08,-0.902752921919,-0.430159461092
    ));
#4147 = ORIENTED_EDGE('',*,*,#3796,.T.);
#4148 = ORIENTED_EDGE('',*,*,#3829,.T.);
#4149 = ORIENTED_EDGE('',*,*,#3851,.T.);
#4150 = ORIENTED_EDGE('',*,*,#1565,.T.);
#4151 = ORIENTED_EDGE('',*,*,#3872,.T.);
#4152 = ORIENTED_EDGE('',*,*,#3915,.T.);
#4153 = ORIENTED_EDGE('',*,*,#3946,.T.);
#4154 = ORIENTED_EDGE('',*,*,#3977,.T.);
#4155 = ORIENTED_EDGE('',*,*,#4010,.T.);
#4156 = ORIENTED_EDGE('',*,*,#4031,.T.);
#4157 = ORIENTED_EDGE('',*,*,#4158,.T.);
#4158 = EDGE_CURVE('',#4032,#4159,#4161,.T.);
#4159 = VERTEX_POINT('',#4160);
#4160 = CARTESIAN_POINT('',(0.824917103901,-3.500002250198,
    7.999901493798E-02));
#4161 = LINE('',#4162,#4163);
#4162 = CARTESIAN_POINT('',(0.824917086417,-3.300002250198,
    7.99990061957E-02));
#4163 = VECTOR('',#4164,1.);
#4164 = DIRECTION('',(8.742277657348E-08,-1.,4.371138828674E-08));
#4165 = ORIENTED_EDGE('',*,*,#4166,.T.);
#4166 = EDGE_CURVE('',#4159,#4141,#4167,.T.);
#4167 = LINE('',#4168,#4169);
#4168 = CARTESIAN_POINT('',(0.824917103901,-3.500002250198,
    7.999901493798E-02));
#4169 = VECTOR('',#4170,1.);
#4170 = DIRECTION('',(-3.821370931908E-15,4.371138828674E-08,1.));
#4171 = PLANE('',#4172);
#4172 = AXIS2_PLACEMENT_3D('',#4173,#4174,#4175);
#4173 = CARTESIAN_POINT('',(0.824916832891,-0.400002229654,
    0.549998879433));
#4174 = DIRECTION('',(1.,8.742277657348E-08,0.));
#4175 = DIRECTION('',(-8.742277657348E-08,1.,-4.371138828674E-08));
#4176 = ADVANCED_FACE('',(#4177),#4195,.T.);
#4177 = FACE_BOUND('',#4178,.T.);
#4178 = EDGE_LOOP('',(#4179,#4187,#4188,#4189));
#4179 = ORIENTED_EDGE('',*,*,#4180,.T.);
#4180 = EDGE_CURVE('',#4181,#3778,#4183,.T.);
#4181 = VERTEX_POINT('',#4182);
#4182 = CARTESIAN_POINT('',(0.674917103901,-3.500002249761,
    0.389994556946));
#4183 = LINE('',#4184,#4185);
#4184 = CARTESIAN_POINT('',(0.674917103901,-3.500002249761,
    0.389994556946));
#4185 = VECTOR('',#4186,1.);
#4186 = DIRECTION('',(7.892116699397E-08,-0.902752921919,-0.430159461092
    ));
#4187 = ORIENTED_EDGE('',*,*,#3788,.T.);
#4188 = ORIENTED_EDGE('',*,*,#4140,.F.);
#4189 = ORIENTED_EDGE('',*,*,#4190,.F.);
#4190 = EDGE_CURVE('',#4181,#4141,#4191,.T.);
#4191 = LINE('',#4192,#4193);
#4192 = CARTESIAN_POINT('',(0.674917103901,-3.500002249761,
    0.389994556946));
#4193 = VECTOR('',#4194,1.);
#4194 = DIRECTION('',(1.,8.742277657348E-08,0.));
#4195 = PLANE('',#4196);
#4196 = AXIS2_PLACEMENT_3D('',#4197,#4198,#4199);
#4197 = CARTESIAN_POINT('',(0.674917103901,-3.500002249761,
    0.389994556946));
#4198 = DIRECTION('',(3.760573445801E-08,-0.430159461092,0.902752921919)
  );
#4199 = DIRECTION('',(1.,8.742277657348E-08,0.));
#4200 = ADVANCED_FACE('',(#4201),#4222,.F.);
#4201 = FACE_BOUND('',#4202,.T.);
#4202 = EDGE_LOOP('',(#4203,#4211,#4212,#4213,#4214,#4215,#4216));
#4203 = ORIENTED_EDGE('',*,*,#4204,.T.);
#4204 = EDGE_CURVE('',#4205,#3475,#4207,.T.);
#4205 = VERTEX_POINT('',#4206);
#4206 = CARTESIAN_POINT('',(0.674916885344,-1.000002253695,0.29999890566
    ));
#4207 = LINE('',#4208,#4209);
#4208 = CARTESIAN_POINT('',(0.674916885344,-1.000002253695,0.29999890566
    ));
#4209 = VECTOR('',#4210,1.);
#4210 = DIRECTION('',(8.709002045547E-08,-0.996193713686,
    8.716699382592E-02));
#4211 = ORIENTED_EDGE('',*,*,#3474,.F.);
#4212 = ORIENTED_EDGE('',*,*,#3432,.F.);
#4213 = ORIENTED_EDGE('',*,*,#3418,.F.);
#4214 = ORIENTED_EDGE('',*,*,#3386,.F.);
#4215 = ORIENTED_EDGE('',*,*,#3328,.F.);
#4216 = ORIENTED_EDGE('',*,*,#4217,.F.);
#4217 = EDGE_CURVE('',#4205,#3329,#4218,.T.);
#4218 = LINE('',#4219,#4220);
#4219 = CARTESIAN_POINT('',(0.674916885344,-1.000002253695,0.29999890566
    ));
#4220 = VECTOR('',#4221,1.);
#4221 = DIRECTION('',(-8.742277657348E-08,1.,-4.371138828674E-08));
#4222 = PLANE('',#4223);
#4223 = AXIS2_PLACEMENT_3D('',#4224,#4225,#4226);
#4224 = CARTESIAN_POINT('',(0.674916832891,-0.400002242767,
    0.549998879433));
#4225 = DIRECTION('',(1.,8.742277657348E-08,0.));
#4226 = DIRECTION('',(-8.742277657348E-08,1.,-4.371138828674E-08));
#4227 = ADVANCED_FACE('',(#4228),#4240,.F.);
#4228 = FACE_BOUND('',#4229,.T.);
#4229 = EDGE_LOOP('',(#4230,#4231,#4232,#4233,#4234));
#4230 = ORIENTED_EDGE('',*,*,#3611,.F.);
#4231 = ORIENTED_EDGE('',*,*,#3587,.F.);
#4232 = ORIENTED_EDGE('',*,*,#3555,.F.);
#4233 = ORIENTED_EDGE('',*,*,#3523,.F.);
#4234 = ORIENTED_EDGE('',*,*,#4235,.T.);
#4235 = EDGE_CURVE('',#3497,#3612,#4236,.T.);
#4236 = LINE('',#4237,#4238);
#4237 = CARTESIAN_POINT('',(0.674916879245,-0.930229976972,0.72499890261
    ));
#4238 = VECTOR('',#4239,1.);
#4239 = DIRECTION('',(-8.742277657348E-08,1.,-4.371138828674E-08));
#4240 = PLANE('',#4241);
#4241 = AXIS2_PLACEMENT_3D('',#4242,#4243,#4244);
#4242 = CARTESIAN_POINT('',(0.674916832891,-0.400002242767,
    0.549998879433));
#4243 = DIRECTION('',(1.,8.742277657348E-08,0.));
#4244 = DIRECTION('',(-8.742277657348E-08,1.,-4.371138828674E-08));
#4245 = ADVANCED_FACE('',(#4246),#4273,.F.);
#4246 = FACE_BOUND('',#4247,.T.);
#4247 = EDGE_LOOP('',(#4248,#4249,#4250,#4251,#4259,#4266,#4267));
#4248 = ORIENTED_EDGE('',*,*,#3755,.F.);
#4249 = ORIENTED_EDGE('',*,*,#3731,.F.);
#4250 = ORIENTED_EDGE('',*,*,#3673,.F.);
#4251 = ORIENTED_EDGE('',*,*,#4252,.T.);
#4252 = EDGE_CURVE('',#3674,#4253,#4255,.T.);
#4253 = VERTEX_POINT('',#4254);
#4254 = CARTESIAN_POINT('',(0.674917045491,-2.831872233588,
    0.759998985733));
#4255 = LINE('',#4256,#4257);
#4256 = CARTESIAN_POINT('',(0.674917045491,-2.831872235382,
    0.718956081411));
#4257 = VECTOR('',#4258,1.);
#4258 = DIRECTION('',(-3.821370931908E-15,4.371138828674E-08,1.));
#4259 = ORIENTED_EDGE('',*,*,#4260,.F.);
#4260 = EDGE_CURVE('',#3636,#4253,#4261,.T.);
#4261 = CIRCLE('',#4262,0.2);
#4262 = AXIS2_PLACEMENT_3D('',#4263,#4264,#4265);
#4263 = CARTESIAN_POINT('',(0.674917062976,-3.031872233588,
    0.759998994475));
#4264 = DIRECTION('',(-1.,-8.742277657348E-08,-6.617444900424E-24));
#4265 = DIRECTION('',(-6.450207698107E-08,0.737817757674,0.674999967749)
  );
#4266 = ORIENTED_EDGE('',*,*,#3633,.F.);
#4267 = ORIENTED_EDGE('',*,*,#4268,.F.);
#4268 = EDGE_CURVE('',#3756,#3634,#4269,.T.);
#4269 = LINE('',#4270,#4271);
#4270 = CARTESIAN_POINT('',(0.674917025221,-2.600002237086,
    0.679959975598));
#4271 = VECTOR('',#4272,1.);
#4272 = DIRECTION('',(-3.821370931908E-15,4.371138828674E-08,1.));
#4273 = PLANE('',#4274);
#4274 = AXIS2_PLACEMENT_3D('',#4275,#4276,#4277);
#4275 = CARTESIAN_POINT('',(0.674916832891,-0.400002242767,
    0.549998879433));
#4276 = DIRECTION('',(1.,8.742277657348E-08,0.));
#4277 = DIRECTION('',(-8.742277657348E-08,1.,-4.371138828674E-08));
#4278 = ADVANCED_FACE('',(#4279),#4306,.F.);
#4279 = FACE_BOUND('',#4280,.T.);
#4280 = EDGE_LOOP('',(#4281,#4289,#4290,#4291,#4292,#4293,#4294,#4295,
    #4296,#4297,#4298,#4299,#4300));
#4281 = ORIENTED_EDGE('',*,*,#4282,.F.);
#4282 = EDGE_CURVE('',#4041,#4283,#4285,.T.);
#4283 = VERTEX_POINT('',#4284);
#4284 = CARTESIAN_POINT('',(0.674917103901,-3.500002263311,
    7.999901493798E-02));
#4285 = LINE('',#4286,#4287);
#4286 = CARTESIAN_POINT('',(0.674917086417,-3.300002263311,
    7.99990061957E-02));
#4287 = VECTOR('',#4288,1.);
#4288 = DIRECTION('',(8.742277657348E-08,-1.,4.371138828674E-08));
#4289 = ORIENTED_EDGE('',*,*,#4040,.F.);
#4290 = ORIENTED_EDGE('',*,*,#4017,.F.);
#4291 = ORIENTED_EDGE('',*,*,#3985,.F.);
#4292 = ORIENTED_EDGE('',*,*,#3953,.F.);
#4293 = ORIENTED_EDGE('',*,*,#3922,.F.);
#4294 = ORIENTED_EDGE('',*,*,#3889,.F.);
#4295 = ORIENTED_EDGE('',*,*,#1582,.F.);
#4296 = ORIENTED_EDGE('',*,*,#3858,.F.);
#4297 = ORIENTED_EDGE('',*,*,#3836,.F.);
#4298 = ORIENTED_EDGE('',*,*,#3777,.F.);
#4299 = ORIENTED_EDGE('',*,*,#4180,.F.);
#4300 = ORIENTED_EDGE('',*,*,#4301,.F.);
#4301 = EDGE_CURVE('',#4283,#4181,#4302,.T.);
#4302 = LINE('',#4303,#4304);
#4303 = CARTESIAN_POINT('',(0.674917103901,-3.500002263311,
    7.999901493798E-02));
#4304 = VECTOR('',#4305,1.);
#4305 = DIRECTION('',(-3.821370931908E-15,4.371138828674E-08,1.));
#4306 = PLANE('',#4307);
#4307 = AXIS2_PLACEMENT_3D('',#4308,#4309,#4310);
#4308 = CARTESIAN_POINT('',(0.674916832891,-0.400002242767,
    0.549998879433));
#4309 = DIRECTION('',(1.,8.742277657348E-08,0.));
#4310 = DIRECTION('',(-8.742277657348E-08,1.,-4.371138828674E-08));
#4311 = ADVANCED_FACE('',(#4312),#4346,.T.);
#4312 = FACE_BOUND('',#4313,.T.);
#4313 = EDGE_LOOP('',(#4314,#4324,#4332,#4340));
#4314 = ORIENTED_EDGE('',*,*,#4315,.T.);
#4315 = EDGE_CURVE('',#4316,#4318,#4320,.T.);
#4316 = VERTEX_POINT('',#4317);
#4317 = CARTESIAN_POINT('',(0.174916860232,-0.71275578977,0.299998893104
    ));
#4318 = VERTEX_POINT('',#4319);
#4319 = CARTESIAN_POINT('',(0.174916875092,-0.882734965231,0.38474578624
    ));
#4320 = LINE('',#4321,#4322);
#4321 = CARTESIAN_POINT('',(0.174916860232,-0.71275578977,0.299998893104
    ));
#4322 = VECTOR('',#4323,1.);
#4323 = DIRECTION('',(7.823794035716E-08,-0.894937720165,0.446191076811)
  );
#4324 = ORIENTED_EDGE('',*,*,#4325,.T.);
#4325 = EDGE_CURVE('',#4318,#4326,#4328,.T.);
#4326 = VERTEX_POINT('',#4327);
#4327 = CARTESIAN_POINT('',(0.324916875092,-0.882734952118,0.38474578624
    ));
#4328 = LINE('',#4329,#4330);
#4329 = CARTESIAN_POINT('',(0.174916875092,-0.882734965231,0.38474578624
    ));
#4330 = VECTOR('',#4331,1.);
#4331 = DIRECTION('',(1.,8.742277657348E-08,0.));
#4332 = ORIENTED_EDGE('',*,*,#4333,.F.);
#4333 = EDGE_CURVE('',#4334,#4326,#4336,.T.);
#4334 = VERTEX_POINT('',#4335);
#4335 = CARTESIAN_POINT('',(0.324916860232,-0.712755776656,
    0.299998893104));
#4336 = LINE('',#4337,#4338);
#4337 = CARTESIAN_POINT('',(0.324916860232,-0.712755776656,
    0.299998893104));
#4338 = VECTOR('',#4339,1.);
#4339 = DIRECTION('',(7.823794035716E-08,-0.894937720165,0.446191076811)
  );
#4340 = ORIENTED_EDGE('',*,*,#4341,.F.);
#4341 = EDGE_CURVE('',#4316,#4334,#4342,.T.);
#4342 = LINE('',#4343,#4344);
#4343 = CARTESIAN_POINT('',(0.174916860232,-0.71275578977,0.299998893104
    ));
#4344 = VECTOR('',#4345,1.);
#4345 = DIRECTION('',(1.,8.742277657348E-08,0.));
#4346 = PLANE('',#4347);
#4347 = AXIS2_PLACEMENT_3D('',#4348,#4349,#4350);
#4348 = CARTESIAN_POINT('',(0.174916860232,-0.71275578977,0.299998893104
    ));
#4349 = DIRECTION('',(-3.900726281713E-08,0.446191076811,0.894937720165)
  );
#4350 = DIRECTION('',(-1.,-8.742277657348E-08,0.));
#4351 = ADVANCED_FACE('',(#4352),#4379,.T.);
#4352 = FACE_BOUND('',#4353,.T.);
#4353 = EDGE_LOOP('',(#4354,#4364,#4371,#4372));
#4354 = ORIENTED_EDGE('',*,*,#4355,.T.);
#4355 = EDGE_CURVE('',#4356,#4358,#4360,.T.);
#4356 = VERTEX_POINT('',#4357);
#4357 = CARTESIAN_POINT('',(0.174916877043,-0.905044516886,
    0.389998900232));
#4358 = VERTEX_POINT('',#4359);
#4359 = CARTESIAN_POINT('',(0.324916877043,-0.905044503773,
    0.389998900232));
#4360 = LINE('',#4361,#4362);
#4361 = CARTESIAN_POINT('',(0.174916877043,-0.905044516886,
    0.389998900232));
#4362 = VECTOR('',#4363,1.);
#4363 = DIRECTION('',(1.,8.742277657348E-08,0.));
#4364 = ORIENTED_EDGE('',*,*,#4365,.F.);
#4365 = EDGE_CURVE('',#4326,#4358,#4366,.T.);
#4366 = CIRCLE('',#4367,5.E-02);
#4367 = AXIS2_PLACEMENT_3D('',#4368,#4369,#4370);
#4368 = CARTESIAN_POINT('',(0.324916877043,-0.905044505959,
    0.339998900232));
#4369 = DIRECTION('',(1.,8.742277657348E-08,6.617444900424E-24));
#4370 = DIRECTION('',(-3.900726281713E-08,0.446191076811,0.894937720165)
  );
#4371 = ORIENTED_EDGE('',*,*,#4325,.F.);
#4372 = ORIENTED_EDGE('',*,*,#4373,.T.);
#4373 = EDGE_CURVE('',#4318,#4356,#4374,.T.);
#4374 = CIRCLE('',#4375,5.E-02);
#4375 = AXIS2_PLACEMENT_3D('',#4376,#4377,#4378);
#4376 = CARTESIAN_POINT('',(0.174916877043,-0.905044519072,
    0.339998900232));
#4377 = DIRECTION('',(1.,8.742277657348E-08,6.617444900424E-24));
#4378 = DIRECTION('',(-3.900726281713E-08,0.446191076811,0.894937720165)
  );
#4379 = CYLINDRICAL_SURFACE('',#4380,5.E-02);
#4380 = AXIS2_PLACEMENT_3D('',#4381,#4382,#4383);
#4381 = CARTESIAN_POINT('',(0.174916877043,-0.905044519072,
    0.339998900232));
#4382 = DIRECTION('',(1.,8.742277657348E-08,0.));
#4383 = DIRECTION('',(-3.821370931908E-15,4.371138828674E-08,1.));
#4384 = ADVANCED_FACE('',(#4385),#4410,.T.);
#4385 = FACE_BOUND('',#4386,.T.);
#4386 = EDGE_LOOP('',(#4387,#4397,#4403,#4404));
#4387 = ORIENTED_EDGE('',*,*,#4388,.T.);
#4388 = EDGE_CURVE('',#4389,#4391,#4393,.T.);
#4389 = VERTEX_POINT('',#4390);
#4390 = CARTESIAN_POINT('',(0.174916878374,-0.920265770153,
    0.389998900897));
#4391 = VERTEX_POINT('',#4392);
#4392 = CARTESIAN_POINT('',(0.324916878374,-0.920265757039,
    0.389998900897));
#4393 = LINE('',#4394,#4395);
#4394 = CARTESIAN_POINT('',(0.174916878374,-0.920265770153,
    0.389998900897));
#4395 = VECTOR('',#4396,1.);
#4396 = DIRECTION('',(1.,8.742277657348E-08,0.));
#4397 = ORIENTED_EDGE('',*,*,#4398,.F.);
#4398 = EDGE_CURVE('',#4358,#4391,#4399,.T.);
#4399 = LINE('',#4400,#4401);
#4400 = CARTESIAN_POINT('',(0.324916877043,-0.905044503773,
    0.389998900232));
#4401 = VECTOR('',#4402,1.);
#4402 = DIRECTION('',(8.742277657348E-08,-1.,4.371138828674E-08));
#4403 = ORIENTED_EDGE('',*,*,#4355,.F.);
#4404 = ORIENTED_EDGE('',*,*,#4405,.T.);
#4405 = EDGE_CURVE('',#4356,#4389,#4406,.T.);
#4406 = LINE('',#4407,#4408);
#4407 = CARTESIAN_POINT('',(0.174916877043,-0.905044516886,
    0.389998900232));
#4408 = VECTOR('',#4409,1.);
#4409 = DIRECTION('',(8.742277657348E-08,-1.,4.371138828674E-08));
#4410 = PLANE('',#4411);
#4411 = AXIS2_PLACEMENT_3D('',#4412,#4413,#4414);
#4412 = CARTESIAN_POINT('',(0.174916877043,-0.905044516886,
    0.389998900232));
#4413 = DIRECTION('',(-3.821370931908E-15,4.371138828674E-08,1.));
#4414 = DIRECTION('',(-1.,-8.742277657348E-08,0.));
#4415 = ADVANCED_FACE('',(#4416),#4443,.F.);
#4416 = FACE_BOUND('',#4417,.F.);
#4417 = EDGE_LOOP('',(#4418,#4427,#4428,#4437));
#4418 = ORIENTED_EDGE('',*,*,#4419,.F.);
#4419 = EDGE_CURVE('',#4389,#4420,#4422,.T.);
#4420 = VERTEX_POINT('',#4421);
#4421 = CARTESIAN_POINT('',(0.174916884084,-0.985591362804,0.32499971921
    ));
#4422 = CIRCLE('',#4423,6.5E-02);
#4423 = AXIS2_PLACEMENT_3D('',#4424,#4425,#4426);
#4424 = CARTESIAN_POINT('',(0.174916884056,-0.985265770153,
    0.389998903739));
#4425 = DIRECTION('',(-1.,-8.742277657348E-08,7.88860905221E-31));
#4426 = DIRECTION('',(-8.742277657348E-08,1.,-4.371138828674E-08));
#4427 = ORIENTED_EDGE('',*,*,#4388,.T.);
#4428 = ORIENTED_EDGE('',*,*,#4429,.T.);
#4429 = EDGE_CURVE('',#4391,#4430,#4432,.T.);
#4430 = VERTEX_POINT('',#4431);
#4431 = CARTESIAN_POINT('',(0.324916884084,-0.985591349691,0.32499971921
    ));
#4432 = CIRCLE('',#4433,6.5E-02);
#4433 = AXIS2_PLACEMENT_3D('',#4434,#4435,#4436);
#4434 = CARTESIAN_POINT('',(0.324916884056,-0.985265757039,
    0.389998903739));
#4435 = DIRECTION('',(-1.,-8.742277657348E-08,7.88860905221E-31));
#4436 = DIRECTION('',(-8.742277657348E-08,1.,-4.371138828674E-08));
#4437 = ORIENTED_EDGE('',*,*,#4438,.F.);
#4438 = EDGE_CURVE('',#4420,#4430,#4439,.T.);
#4439 = LINE('',#4440,#4441);
#4440 = CARTESIAN_POINT('',(0.174916884084,-0.985591362804,0.32499971921
    ));
#4441 = VECTOR('',#4442,1.);
#4442 = DIRECTION('',(1.,8.742277657348E-08,0.));
#4443 = CYLINDRICAL_SURFACE('',#4444,6.5E-02);
#4444 = AXIS2_PLACEMENT_3D('',#4445,#4446,#4447);
#4445 = CARTESIAN_POINT('',(0.174916884056,-0.985265770153,
    0.389998903739));
#4446 = DIRECTION('',(1.,8.742277657348E-08,0.));
#4447 = DIRECTION('',(-3.821370931908E-15,4.371138828674E-08,1.));
#4448 = ADVANCED_FACE('',(#4449),#4474,.T.);
#4449 = FACE_BOUND('',#4450,.T.);
#4450 = EDGE_LOOP('',(#4451,#4459,#4460,#4468));
#4451 = ORIENTED_EDGE('',*,*,#4452,.F.);
#4452 = EDGE_CURVE('',#4430,#4453,#4455,.T.);
#4453 = VERTEX_POINT('',#4454);
#4454 = CARTESIAN_POINT('',(0.324916911916,-1.303951103158,
    0.326594440698));
#4455 = LINE('',#4456,#4457);
#4456 = CARTESIAN_POINT('',(0.324916884084,-0.985591349691,0.32499971921
    ));
#4457 = VECTOR('',#4458,1.);
#4458 = DIRECTION('',(8.742167979277E-08,-0.999987454291,
    5.009117716882E-03));
#4459 = ORIENTED_EDGE('',*,*,#4438,.F.);
#4460 = ORIENTED_EDGE('',*,*,#4461,.T.);
#4461 = EDGE_CURVE('',#4420,#4462,#4464,.T.);
#4462 = VERTEX_POINT('',#4463);
#4463 = CARTESIAN_POINT('',(0.174916911916,-1.303951116271,
    0.326594440698));
#4464 = LINE('',#4465,#4466);
#4465 = CARTESIAN_POINT('',(0.174916884084,-0.985591362804,0.32499971921
    ));
#4466 = VECTOR('',#4467,1.);
#4467 = DIRECTION('',(8.742167979277E-08,-0.999987454291,
    5.009117716882E-03));
#4468 = ORIENTED_EDGE('',*,*,#4469,.T.);
#4469 = EDGE_CURVE('',#4462,#4453,#4470,.T.);
#4470 = LINE('',#4471,#4472);
#4471 = CARTESIAN_POINT('',(0.174916911916,-1.303951116271,
    0.326594440698));
#4472 = VECTOR('',#4473,1.);
#4473 = DIRECTION('',(1.,8.742277657348E-08,0.));
#4474 = PLANE('',#4475);
#4475 = AXIS2_PLACEMENT_3D('',#4476,#4477,#4478);
#4476 = CARTESIAN_POINT('',(0.174916884084,-0.985591362804,0.32499971921
    ));
#4477 = DIRECTION('',(-4.379109789932E-10,5.009117716882E-03,
    0.999987454291));
#4478 = DIRECTION('',(-1.,-8.742277657348E-08,0.));
#4479 = ADVANCED_FACE('',(#4480),#4516,.F.);
#4480 = FACE_BOUND('',#4481,.F.);
#4481 = EDGE_LOOP('',(#4482,#4492,#4501,#4509));
#4482 = ORIENTED_EDGE('',*,*,#4483,.T.);
#4483 = EDGE_CURVE('',#4484,#4486,#4488,.T.);
#4484 = VERTEX_POINT('',#4485);
#4485 = CARTESIAN_POINT('',(0.174916879245,-0.930230020683,0.72499890261
    ));
#4486 = VERTEX_POINT('',#4487);
#4487 = CARTESIAN_POINT('',(0.324916879245,-0.93023000757,0.72499890261)
  );
#4488 = LINE('',#4489,#4490);
#4489 = CARTESIAN_POINT('',(0.174916879245,-0.930230020683,0.72499890261
    ));
#4490 = VECTOR('',#4491,1.);
#4491 = DIRECTION('',(1.,8.742277657348E-08,0.));
#4492 = ORIENTED_EDGE('',*,*,#4493,.T.);
#4493 = EDGE_CURVE('',#4486,#4494,#4496,.T.);
#4494 = VERTEX_POINT('',#4495);
#4495 = CARTESIAN_POINT('',(0.324916878374,-0.92026722607,0.689975738438
    ));
#4496 = CIRCLE('',#4497,6.5E-02);
#4497 = AXIS2_PLACEMENT_3D('',#4498,#4499,#4500);
#4498 = CARTESIAN_POINT('',(0.324916884056,-0.985265743908,
    0.690414690522));
#4499 = DIRECTION('',(-1.,-8.742277657348E-08,0.));
#4500 = DIRECTION('',(-7.402118279173E-08,0.846703635974,0.532064801343)
  );
#4501 = ORIENTED_EDGE('',*,*,#4502,.F.);
#4502 = EDGE_CURVE('',#4503,#4494,#4505,.T.);
#4503 = VERTEX_POINT('',#4504);
#4504 = CARTESIAN_POINT('',(0.174916878374,-0.920267239184,
    0.689975738438));
#4505 = LINE('',#4506,#4507);
#4506 = CARTESIAN_POINT('',(0.174916878374,-0.920267239184,
    0.689975738438));
#4507 = VECTOR('',#4508,1.);
#4508 = DIRECTION('',(1.,8.742277657348E-08,0.));
#4509 = ORIENTED_EDGE('',*,*,#4510,.F.);
#4510 = EDGE_CURVE('',#4484,#4503,#4511,.T.);
#4511 = CIRCLE('',#4512,6.5E-02);
#4512 = AXIS2_PLACEMENT_3D('',#4513,#4514,#4515);
#4513 = CARTESIAN_POINT('',(0.174916884056,-0.985265757021,
    0.690414690522));
#4514 = DIRECTION('',(-1.,-8.742277657348E-08,0.));
#4515 = DIRECTION('',(-7.402118279173E-08,0.846703635974,0.532064801343)
  );
#4516 = CYLINDRICAL_SURFACE('',#4517,6.5E-02);
#4517 = AXIS2_PLACEMENT_3D('',#4518,#4519,#4520);
#4518 = CARTESIAN_POINT('',(0.174916884056,-0.985265757021,
    0.690414690522));
#4519 = DIRECTION('',(1.,8.742277657348E-08,0.));
#4520 = DIRECTION('',(-3.821370931908E-15,4.371138828674E-08,1.));
#4521 = ADVANCED_FACE('',(#4522),#4547,.T.);
#4522 = FACE_BOUND('',#4523,.T.);
#4523 = EDGE_LOOP('',(#4524,#4534,#4540,#4541));
#4524 = ORIENTED_EDGE('',*,*,#4525,.T.);
#4525 = EDGE_CURVE('',#4526,#4528,#4530,.T.);
#4526 = VERTEX_POINT('',#4527);
#4527 = CARTESIAN_POINT('',(0.174916877044,-0.905059421683,
    0.691306230967));
#4528 = VERTEX_POINT('',#4529);
#4529 = CARTESIAN_POINT('',(0.324916877044,-0.905059408569,
    0.691306230967));
#4530 = LINE('',#4531,#4532);
#4531 = CARTESIAN_POINT('',(0.174916877044,-0.905059421683,
    0.691306230967));
#4532 = VECTOR('',#4533,1.);
#4533 = DIRECTION('',(1.,8.742277657348E-08,0.));
#4534 = ORIENTED_EDGE('',*,*,#4535,.F.);
#4535 = EDGE_CURVE('',#4494,#4528,#4536,.T.);
#4536 = LINE('',#4537,#4538);
#4537 = CARTESIAN_POINT('',(0.324916878374,-0.92026722607,0.689975738438
    ));
#4538 = VECTOR('',#4539,1.);
#4539 = DIRECTION('',(-8.709011601122E-08,0.996194806716,
    8.715450115399E-02));
#4540 = ORIENTED_EDGE('',*,*,#4502,.F.);
#4541 = ORIENTED_EDGE('',*,*,#4542,.T.);
#4542 = EDGE_CURVE('',#4503,#4526,#4543,.T.);
#4543 = LINE('',#4544,#4545);
#4544 = CARTESIAN_POINT('',(0.174916878374,-0.920267239184,
    0.689975738438));
#4545 = VECTOR('',#4546,1.);
#4546 = DIRECTION('',(-8.709011601122E-08,0.996194806716,
    8.715450115399E-02));
#4547 = PLANE('',#4548);
#4548 = AXIS2_PLACEMENT_3D('',#4549,#4550,#4551);
#4549 = CARTESIAN_POINT('',(0.174916878374,-0.920267239184,
    0.689975738438));
#4550 = DIRECTION('',(-7.619288481758E-09,8.715450115399E-02,
    -0.996194806716));
#4551 = DIRECTION('',(1.,8.742277657348E-08,0.));
#4552 = ADVANCED_FACE('',(#4553),#4580,.T.);
#4553 = FACE_BOUND('',#4554,.T.);
#4554 = EDGE_LOOP('',(#4555,#4565,#4572,#4573));
#4555 = ORIENTED_EDGE('',*,*,#4556,.T.);
#4556 = EDGE_CURVE('',#4557,#4559,#4561,.T.);
#4557 = VERTEX_POINT('',#4558);
#4558 = CARTESIAN_POINT('',(0.174916874804,-0.879440952544,
    0.701098128014));
#4559 = VERTEX_POINT('',#4560);
#4560 = CARTESIAN_POINT('',(0.324916874804,-0.879440939431,
    0.701098128014));
#4561 = LINE('',#4562,#4563);
#4562 = CARTESIAN_POINT('',(0.174916874804,-0.879440952544,
    0.701098128014));
#4563 = VECTOR('',#4564,1.);
#4564 = DIRECTION('',(1.,8.742277657348E-08,0.));
#4565 = ORIENTED_EDGE('',*,*,#4566,.F.);
#4566 = EDGE_CURVE('',#4528,#4559,#4567,.T.);
#4567 = CIRCLE('',#4568,5.E-02);
#4568 = AXIS2_PLACEMENT_3D('',#4569,#4570,#4571);
#4569 = CARTESIAN_POINT('',(0.324916877425,-0.909417133627,
    0.741115971303));
#4570 = DIRECTION('',(1.,8.742277657348E-08,0.));
#4571 = DIRECTION('',(-7.619288481761E-09,8.715450115402E-02,
    -0.996194806716));
#4572 = ORIENTED_EDGE('',*,*,#4525,.F.);
#4573 = ORIENTED_EDGE('',*,*,#4574,.T.);
#4574 = EDGE_CURVE('',#4526,#4557,#4575,.T.);
#4575 = CIRCLE('',#4576,5.E-02);
#4576 = AXIS2_PLACEMENT_3D('',#4577,#4578,#4579);
#4577 = CARTESIAN_POINT('',(0.174916877425,-0.90941714674,0.741115971303
    ));
#4578 = DIRECTION('',(1.,8.742277657348E-08,0.));
#4579 = DIRECTION('',(-7.619288481761E-09,8.715450115402E-02,
    -0.996194806716));
#4580 = CYLINDRICAL_SURFACE('',#4581,5.E-02);
#4581 = AXIS2_PLACEMENT_3D('',#4582,#4583,#4584);
#4582 = CARTESIAN_POINT('',(0.174916877425,-0.90941714674,0.741115971303
    ));
#4583 = DIRECTION('',(1.,8.742277657348E-08,0.));
#4584 = DIRECTION('',(-3.821370931908E-15,4.371138828674E-08,1.));
#4585 = ADVANCED_FACE('',(#4586),#4611,.T.);
#4586 = FACE_BOUND('',#4587,.T.);
#4587 = EDGE_LOOP('',(#4588,#4596,#4597,#4605));
#4588 = ORIENTED_EDGE('',*,*,#4589,.F.);
#4589 = EDGE_CURVE('',#4559,#4590,#4592,.T.);
#4590 = VERTEX_POINT('',#4591);
#4591 = CARTESIAN_POINT('',(0.324916872015,-0.847533709936,
    0.724998898995));
#4592 = LINE('',#4593,#4594);
#4593 = CARTESIAN_POINT('',(0.324916874804,-0.879440939431,
    0.701098128014));
#4594 = VECTOR('',#4595,1.);
#4595 = DIRECTION('',(-6.996941945602E-08,0.800356865779,0.599523883929)
  );
#4596 = ORIENTED_EDGE('',*,*,#4556,.F.);
#4597 = ORIENTED_EDGE('',*,*,#4598,.T.);
#4598 = EDGE_CURVE('',#4557,#4599,#4601,.T.);
#4599 = VERTEX_POINT('',#4600);
#4600 = CARTESIAN_POINT('',(0.174916872015,-0.84753372305,0.724998898995
    ));
#4601 = LINE('',#4602,#4603);
#4602 = CARTESIAN_POINT('',(0.174916874804,-0.879440952544,
    0.701098128014));
#4603 = VECTOR('',#4604,1.);
#4604 = DIRECTION('',(-6.996941945602E-08,0.800356865779,0.599523883929)
  );
#4605 = ORIENTED_EDGE('',*,*,#4606,.T.);
#4606 = EDGE_CURVE('',#4599,#4590,#4607,.T.);
#4607 = LINE('',#4608,#4609);
#4608 = CARTESIAN_POINT('',(0.174916872015,-0.84753372305,0.724998898995
    ));
#4609 = VECTOR('',#4610,1.);
#4610 = DIRECTION('',(1.,8.742277657348E-08,0.));
#4611 = PLANE('',#4612);
#4612 = AXIS2_PLACEMENT_3D('',#4613,#4614,#4615);
#4613 = CARTESIAN_POINT('',(0.174916874804,-0.879440952544,
    0.701098128014));
#4614 = DIRECTION('',(-5.241204255516E-08,0.599523883929,-0.800356865779
    ));
#4615 = DIRECTION('',(1.,8.742277657348E-08,0.));
#4616 = ADVANCED_FACE('',(#4617),#4651,.T.);
#4617 = FACE_BOUND('',#4618,.T.);
#4618 = EDGE_LOOP('',(#4619,#4629,#4637,#4645));
#4619 = ORIENTED_EDGE('',*,*,#4620,.T.);
#4620 = EDGE_CURVE('',#4621,#4623,#4625,.T.);
#4621 = VERTEX_POINT('',#4622);
#4622 = CARTESIAN_POINT('',(0.174917025221,-2.600002271398,
    0.894998975598));
#4623 = VERTEX_POINT('',#4624);
#4624 = CARTESIAN_POINT('',(0.174917050076,-2.884308725764,
    0.894998988025));
#4625 = LINE('',#4626,#4627);
#4626 = CARTESIAN_POINT('',(0.174917025221,-2.600002271398,
    0.894998975598));
#4627 = VECTOR('',#4628,1.);
#4628 = DIRECTION('',(8.742277657348E-08,-1.,4.371138828674E-08));
#4629 = ORIENTED_EDGE('',*,*,#4630,.F.);
#4630 = EDGE_CURVE('',#4631,#4623,#4633,.T.);
#4631 = VERTEX_POINT('',#4632);
#4632 = CARTESIAN_POINT('',(0.324917050076,-2.88430871265,0.894998988025
    ));
#4633 = LINE('',#4634,#4635);
#4634 = CARTESIAN_POINT('',(0.324917050076,-2.88430871265,0.894998988025
    ));
#4635 = VECTOR('',#4636,1.);
#4636 = DIRECTION('',(-1.,-8.742277657348E-08,0.));
#4637 = ORIENTED_EDGE('',*,*,#4638,.F.);
#4638 = EDGE_CURVE('',#4639,#4631,#4641,.T.);
#4639 = VERTEX_POINT('',#4640);
#4640 = CARTESIAN_POINT('',(0.324917025221,-2.600002258284,
    0.894998975598));
#4641 = LINE('',#4642,#4643);
#4642 = CARTESIAN_POINT('',(0.324917025221,-2.600002258284,
    0.894998975598));
#4643 = VECTOR('',#4644,1.);
#4644 = DIRECTION('',(8.742277657348E-08,-1.,4.371138828674E-08));
#4645 = ORIENTED_EDGE('',*,*,#4646,.F.);
#4646 = EDGE_CURVE('',#4621,#4639,#4647,.T.);
#4647 = LINE('',#4648,#4649);
#4648 = CARTESIAN_POINT('',(0.174917025221,-2.600002271398,
    0.894998975598));
#4649 = VECTOR('',#4650,1.);
#4650 = DIRECTION('',(1.,8.742277657348E-08,0.));
#4651 = PLANE('',#4652);
#4652 = AXIS2_PLACEMENT_3D('',#4653,#4654,#4655);
#4653 = CARTESIAN_POINT('',(0.174917025221,-2.600002271398,
    0.894998975598));
#4654 = DIRECTION('',(-3.821370931908E-15,4.371138828674E-08,1.));
#4655 = DIRECTION('',(-1.,-8.742277657348E-08,0.));
#4656 = ADVANCED_FACE('',(#4657),#4691,.T.);
#4657 = FACE_BOUND('',#4658,.T.);
#4658 = EDGE_LOOP('',(#4659,#4669,#4677,#4685));
#4659 = ORIENTED_EDGE('',*,*,#4660,.T.);
#4660 = EDGE_CURVE('',#4661,#4663,#4665,.T.);
#4661 = VERTEX_POINT('',#4662);
#4662 = CARTESIAN_POINT('',(0.174917045491,-2.831872279093,
    0.718956081411));
#4663 = VERTEX_POINT('',#4664);
#4664 = CARTESIAN_POINT('',(0.174917032964,-2.688580549283,
    0.685268138432));
#4665 = LINE('',#4666,#4667);
#4666 = CARTESIAN_POINT('',(0.174917045491,-2.831872279093,
    0.718956081411));
#4667 = VECTOR('',#4668,1.);
#4668 = DIRECTION('',(-8.510250572385E-08,0.973459195183,-0.228860646058
    ));
#4669 = ORIENTED_EDGE('',*,*,#4670,.T.);
#4670 = EDGE_CURVE('',#4663,#4671,#4673,.T.);
#4671 = VERTEX_POINT('',#4672);
#4672 = CARTESIAN_POINT('',(0.324917032964,-2.688580536169,
    0.685268138432));
#4673 = LINE('',#4674,#4675);
#4674 = CARTESIAN_POINT('',(0.174917032964,-2.688580549283,
    0.685268138432));
#4675 = VECTOR('',#4676,1.);
#4676 = DIRECTION('',(1.,8.742277657348E-08,0.));
#4677 = ORIENTED_EDGE('',*,*,#4678,.F.);
#4678 = EDGE_CURVE('',#4679,#4671,#4681,.T.);
#4679 = VERTEX_POINT('',#4680);
#4680 = CARTESIAN_POINT('',(0.324917045491,-2.83187226598,0.718956081411
    ));
#4681 = LINE('',#4682,#4683);
#4682 = CARTESIAN_POINT('',(0.324917045491,-2.83187226598,0.718956081411
    ));
#4683 = VECTOR('',#4684,1.);
#4684 = DIRECTION('',(-8.510250572385E-08,0.973459195183,-0.228860646058
    ));
#4685 = ORIENTED_EDGE('',*,*,#4686,.F.);
#4686 = EDGE_CURVE('',#4661,#4679,#4687,.T.);
#4687 = LINE('',#4688,#4689);
#4688 = CARTESIAN_POINT('',(0.174917045491,-2.831872279093,
    0.718956081411));
#4689 = VECTOR('',#4690,1.);
#4690 = DIRECTION('',(1.,8.742277657348E-08,0.));
#4691 = PLANE('',#4692);
#4692 = AXIS2_PLACEMENT_3D('',#4693,#4694,#4695);
#4693 = CARTESIAN_POINT('',(0.174917045491,-2.831872279093,
    0.718956081411));
#4694 = DIRECTION('',(2.000763312681E-08,-0.228860646058,-0.973459195183
    ));
#4695 = DIRECTION('',(8.510250572385E-08,-0.973459195183,0.228860646058)
  );
#4696 = ADVANCED_FACE('',(#4697),#4724,.T.);
#4697 = FACE_BOUND('',#4698,.T.);
#4698 = EDGE_LOOP('',(#4699,#4709,#4716,#4717));
#4699 = ORIENTED_EDGE('',*,*,#4700,.T.);
#4700 = EDGE_CURVE('',#4701,#4703,#4705,.T.);
#4701 = VERTEX_POINT('',#4702);
#4702 = CARTESIAN_POINT('',(0.174917028963,-2.642808428814,
    0.679959977469));
#4703 = VERTEX_POINT('',#4704);
#4704 = CARTESIAN_POINT('',(0.324917028963,-2.6428084157,0.679959977469)
  );
#4705 = LINE('',#4706,#4707);
#4706 = CARTESIAN_POINT('',(0.174917028963,-2.642808428814,
    0.679959977469));
#4707 = VECTOR('',#4708,1.);
#4708 = DIRECTION('',(1.,8.742277657348E-08,0.));
#4709 = ORIENTED_EDGE('',*,*,#4710,.F.);
#4710 = EDGE_CURVE('',#4671,#4703,#4711,.T.);
#4711 = CIRCLE('',#4712,0.2);
#4712 = AXIS2_PLACEMENT_3D('',#4713,#4714,#4715);
#4713 = CARTESIAN_POINT('',(0.324917028963,-2.642808406958,
    0.879959977469));
#4714 = DIRECTION('',(1.,8.742277657348E-08,-3.308722450212E-24));
#4715 = DIRECTION('',(2.000763312681E-08,-0.228860646058,-0.973459195183
    ));
#4716 = ORIENTED_EDGE('',*,*,#4670,.F.);
#4717 = ORIENTED_EDGE('',*,*,#4718,.T.);
#4718 = EDGE_CURVE('',#4663,#4701,#4719,.T.);
#4719 = CIRCLE('',#4720,0.2);
#4720 = AXIS2_PLACEMENT_3D('',#4721,#4722,#4723);
#4721 = CARTESIAN_POINT('',(0.174917028963,-2.642808420071,
    0.879959977469));
#4722 = DIRECTION('',(1.,8.742277657348E-08,-3.308722450212E-24));
#4723 = DIRECTION('',(2.000763312681E-08,-0.228860646058,-0.973459195183
    ));
#4724 = CYLINDRICAL_SURFACE('',#4725,0.2);
#4725 = AXIS2_PLACEMENT_3D('',#4726,#4727,#4728);
#4726 = CARTESIAN_POINT('',(0.174917028963,-2.642808420071,
    0.879959977469));
#4727 = DIRECTION('',(1.,8.742277657348E-08,0.));
#4728 = DIRECTION('',(-3.821370931908E-15,4.371138828674E-08,1.));
#4729 = ADVANCED_FACE('',(#4730),#4755,.T.);
#4730 = FACE_BOUND('',#4731,.T.);
#4731 = EDGE_LOOP('',(#4732,#4740,#4741,#4749));
#4732 = ORIENTED_EDGE('',*,*,#4733,.F.);
#4733 = EDGE_CURVE('',#4703,#4734,#4736,.T.);
#4734 = VERTEX_POINT('',#4735);
#4735 = CARTESIAN_POINT('',(0.324917025221,-2.600002267684,
    0.679959975598));
#4736 = LINE('',#4737,#4738);
#4737 = CARTESIAN_POINT('',(0.324917028963,-2.6428084157,0.679959977469)
  );
#4738 = VECTOR('',#4739,1.);
#4739 = DIRECTION('',(-8.742277657348E-08,1.,-4.371138828674E-08));
#4740 = ORIENTED_EDGE('',*,*,#4700,.F.);
#4741 = ORIENTED_EDGE('',*,*,#4742,.T.);
#4742 = EDGE_CURVE('',#4701,#4743,#4745,.T.);
#4743 = VERTEX_POINT('',#4744);
#4744 = CARTESIAN_POINT('',(0.174917025221,-2.600002280798,
    0.679959975598));
#4745 = LINE('',#4746,#4747);
#4746 = CARTESIAN_POINT('',(0.174917028963,-2.642808428814,
    0.679959977469));
#4747 = VECTOR('',#4748,1.);
#4748 = DIRECTION('',(-8.742277657348E-08,1.,-4.371138828674E-08));
#4749 = ORIENTED_EDGE('',*,*,#4750,.T.);
#4750 = EDGE_CURVE('',#4743,#4734,#4751,.T.);
#4751 = LINE('',#4752,#4753);
#4752 = CARTESIAN_POINT('',(0.174917025221,-2.600002280798,
    0.679959975598));
#4753 = VECTOR('',#4754,1.);
#4754 = DIRECTION('',(1.,8.742277657348E-08,0.));
#4755 = PLANE('',#4756);
#4756 = AXIS2_PLACEMENT_3D('',#4757,#4758,#4759);
#4757 = CARTESIAN_POINT('',(0.174917028963,-2.642808428814,
    0.679959977469));
#4758 = DIRECTION('',(3.821370931908E-15,-4.371138828674E-08,-1.));
#4759 = DIRECTION('',(8.742277657348E-08,-1.,4.371138828674E-08));
#4760 = ADVANCED_FACE('',(#4761),#4797,.F.);
#4761 = FACE_BOUND('',#4762,.F.);
#4762 = EDGE_LOOP('',(#4763,#4774,#4782,#4791));
#4763 = ORIENTED_EDGE('',*,*,#4764,.F.);
#4764 = EDGE_CURVE('',#4765,#4767,#4769,.T.);
#4765 = VERTEX_POINT('',#4766);
#4766 = CARTESIAN_POINT('',(0.174917104843,-3.510775041036,
    0.384861370253));
#4767 = VERTEX_POINT('',#4768);
#4768 = CARTESIAN_POINT('',(0.174917106723,-3.532283016275,
    0.379999016349));
#4769 = CIRCLE('',#4770,5.E-02);
#4770 = AXIS2_PLACEMENT_3D('',#4771,#4772,#4773);
#4771 = CARTESIAN_POINT('',(0.174917106723,-3.53228301409,0.429999016349
    ));
#4772 = DIRECTION('',(-1.,-8.742277657348E-08,6.617444900424E-24));
#4773 = DIRECTION('',(-3.760573445801E-08,0.430159461092,-0.902752921919
    ));
#4774 = ORIENTED_EDGE('',*,*,#4775,.T.);
#4775 = EDGE_CURVE('',#4765,#4776,#4778,.T.);
#4776 = VERTEX_POINT('',#4777);
#4777 = CARTESIAN_POINT('',(0.324917104843,-3.510775027922,
    0.384861370253));
#4778 = LINE('',#4779,#4780);
#4779 = CARTESIAN_POINT('',(0.174917104843,-3.510775041036,
    0.384861370253));
#4780 = VECTOR('',#4781,1.);
#4781 = DIRECTION('',(1.,8.742277657348E-08,0.));
#4782 = ORIENTED_EDGE('',*,*,#4783,.T.);
#4783 = EDGE_CURVE('',#4776,#4784,#4786,.T.);
#4784 = VERTEX_POINT('',#4785);
#4785 = CARTESIAN_POINT('',(0.324917106723,-3.532283003162,
    0.379999016349));
#4786 = CIRCLE('',#4787,5.E-02);
#4787 = AXIS2_PLACEMENT_3D('',#4788,#4789,#4790);
#4788 = CARTESIAN_POINT('',(0.324917106723,-3.532283000976,
    0.429999016349));
#4789 = DIRECTION('',(-1.,-8.742277657348E-08,6.617444900424E-24));
#4790 = DIRECTION('',(-3.760573445801E-08,0.430159461092,-0.902752921919
    ));
#4791 = ORIENTED_EDGE('',*,*,#4792,.F.);
#4792 = EDGE_CURVE('',#4767,#4784,#4793,.T.);
#4793 = LINE('',#4794,#4795);
#4794 = CARTESIAN_POINT('',(0.174917106723,-3.532283016275,
    0.379999016349));
#4795 = VECTOR('',#4796,1.);
#4796 = DIRECTION('',(1.,8.742277657348E-08,0.));
#4797 = CYLINDRICAL_SURFACE('',#4798,5.E-02);
#4798 = AXIS2_PLACEMENT_3D('',#4799,#4800,#4801);
#4799 = CARTESIAN_POINT('',(0.174917106723,-3.53228301409,0.429999016349
    ));
#4800 = DIRECTION('',(1.,8.742277657348E-08,0.));
#4801 = DIRECTION('',(-3.821370931908E-15,4.371138828674E-08,1.));
#4802 = ADVANCED_FACE('',(#4803),#4828,.T.);
#4803 = FACE_BOUND('',#4804,.T.);
#4804 = EDGE_LOOP('',(#4805,#4815,#4821,#4822));
#4805 = ORIENTED_EDGE('',*,*,#4806,.T.);
#4806 = EDGE_CURVE('',#4807,#4809,#4811,.T.);
#4807 = VERTEX_POINT('',#4808);
#4808 = CARTESIAN_POINT('',(0.174917112644,-3.600002293909,
    0.379999019309));
#4809 = VERTEX_POINT('',#4810);
#4810 = CARTESIAN_POINT('',(0.324917112644,-3.600002280796,
    0.379999019309));
#4811 = LINE('',#4812,#4813);
#4812 = CARTESIAN_POINT('',(0.174917112644,-3.600002293909,
    0.379999019309));
#4813 = VECTOR('',#4814,1.);
#4814 = DIRECTION('',(1.,8.742277657348E-08,0.));
#4815 = ORIENTED_EDGE('',*,*,#4816,.F.);
#4816 = EDGE_CURVE('',#4784,#4809,#4817,.T.);
#4817 = LINE('',#4818,#4819);
#4818 = CARTESIAN_POINT('',(0.324917106723,-3.532283003162,
    0.379999016349));
#4819 = VECTOR('',#4820,1.);
#4820 = DIRECTION('',(8.742277657348E-08,-1.,4.371138828674E-08));
#4821 = ORIENTED_EDGE('',*,*,#4792,.F.);
#4822 = ORIENTED_EDGE('',*,*,#4823,.T.);
#4823 = EDGE_CURVE('',#4767,#4807,#4824,.T.);
#4824 = LINE('',#4825,#4826);
#4825 = CARTESIAN_POINT('',(0.174917106723,-3.532283016275,
    0.379999016349));
#4826 = VECTOR('',#4827,1.);
#4827 = DIRECTION('',(8.742277657348E-08,-1.,4.371138828674E-08));
#4828 = PLANE('',#4829);
#4829 = AXIS2_PLACEMENT_3D('',#4830,#4831,#4832);
#4830 = CARTESIAN_POINT('',(0.174917106723,-3.532283016275,
    0.379999016349));
#4831 = DIRECTION('',(-3.821370931908E-15,4.371138828674E-08,1.));
#4832 = DIRECTION('',(-1.,-8.742277657348E-08,0.));
#4833 = ADVANCED_FACE('',(#4834),#4850,.T.);
#4834 = FACE_BOUND('',#4835,.T.);
#4835 = EDGE_LOOP('',(#4836,#4837,#4843,#4844));
#4836 = ORIENTED_EDGE('',*,*,#1513,.T.);
#4837 = ORIENTED_EDGE('',*,*,#4838,.F.);
#4838 = EDGE_CURVE('',#4809,#1516,#4839,.T.);
#4839 = LINE('',#4840,#4841);
#4840 = CARTESIAN_POINT('',(0.324917112644,-3.600002280796,
    0.379999019309));
#4841 = VECTOR('',#4842,1.);
#4842 = DIRECTION('',(3.821370931908E-15,-4.371138828674E-08,-1.));
#4843 = ORIENTED_EDGE('',*,*,#4806,.F.);
#4844 = ORIENTED_EDGE('',*,*,#4845,.T.);
#4845 = EDGE_CURVE('',#4807,#1514,#4846,.T.);
#4846 = LINE('',#4847,#4848);
#4847 = CARTESIAN_POINT('',(0.174917112644,-3.600002293909,
    0.379999019309));
#4848 = VECTOR('',#4849,1.);
#4849 = DIRECTION('',(3.821370931908E-15,-4.371138828674E-08,-1.));
#4850 = PLANE('',#4851);
#4851 = AXIS2_PLACEMENT_3D('',#4852,#4853,#4854);
#4852 = CARTESIAN_POINT('',(0.174917112644,-3.600002293909,
    0.379999019309));
#4853 = DIRECTION('',(8.742277657348E-08,-1.,4.371138828674E-08));
#4854 = DIRECTION('',(3.821370931908E-15,-4.371138828674E-08,-1.));
#4855 = ADVANCED_FACE('',(#4856),#4883,.F.);
#4856 = FACE_BOUND('',#4857,.F.);
#4857 = EDGE_LOOP('',(#4858,#4867,#4875,#4882));
#4858 = ORIENTED_EDGE('',*,*,#4859,.T.);
#4859 = EDGE_CURVE('',#1524,#4860,#4862,.T.);
#4860 = VERTEX_POINT('',#4861);
#4861 = CARTESIAN_POINT('',(0.324917108234,-3.549565296215,
    2.952901710355E-02));
#4862 = CIRCLE('',#4863,5.E-02);
#4863 = AXIS2_PLACEMENT_3D('',#4864,#4865,#4866);
#4864 = CARTESIAN_POINT('',(0.324917112605,-3.599565296215,
    2.952901928912E-02));
#4865 = DIRECTION('',(-1.,-8.742277657348E-08,0.));
#4866 = DIRECTION('',(7.640710712331E-10,-8.73995429087E-03,
    0.99996180587));
#4867 = ORIENTED_EDGE('',*,*,#4868,.F.);
#4868 = EDGE_CURVE('',#4869,#4860,#4871,.T.);
#4869 = VERTEX_POINT('',#4870);
#4870 = CARTESIAN_POINT('',(0.174917108234,-3.549565309329,
    2.952901710355E-02));
#4871 = LINE('',#4872,#4873);
#4872 = CARTESIAN_POINT('',(0.174917108234,-3.549565309329,
    2.952901710355E-02));
#4873 = VECTOR('',#4874,1.);
#4874 = DIRECTION('',(1.,8.742277657348E-08,0.));
#4875 = ORIENTED_EDGE('',*,*,#4876,.F.);
#4876 = EDGE_CURVE('',#1533,#4869,#4877,.T.);
#4877 = CIRCLE('',#4878,5.E-02);
#4878 = AXIS2_PLACEMENT_3D('',#4879,#4880,#4881);
#4879 = CARTESIAN_POINT('',(0.174917112605,-3.599565309329,
    2.952901928912E-02));
#4880 = DIRECTION('',(-1.,-8.742277657348E-08,0.));
#4881 = DIRECTION('',(7.640710712331E-10,-8.73995429087E-03,
    0.99996180587));
#4882 = ORIENTED_EDGE('',*,*,#1532,.T.);
#4883 = CYLINDRICAL_SURFACE('',#4884,5.E-02);
#4884 = AXIS2_PLACEMENT_3D('',#4885,#4886,#4887);
#4885 = CARTESIAN_POINT('',(0.174917112605,-3.599565309329,
    2.952901928912E-02));
#4886 = DIRECTION('',(1.,8.742277657348E-08,0.));
#4887 = DIRECTION('',(-3.821370931908E-15,4.371138828674E-08,1.));
#4888 = ADVANCED_FACE('',(#4889),#4914,.T.);
#4889 = FACE_BOUND('',#4890,.T.);
#4890 = EDGE_LOOP('',(#4891,#4901,#4907,#4908));
#4891 = ORIENTED_EDGE('',*,*,#4892,.T.);
#4892 = EDGE_CURVE('',#4893,#4895,#4897,.T.);
#4893 = VERTEX_POINT('',#4894);
#4894 = CARTESIAN_POINT('',(0.174917108234,-3.54956531062,
    -3.422422500954E-07));
#4895 = VERTEX_POINT('',#4896);
#4896 = CARTESIAN_POINT('',(0.324917108234,-3.549565297506,
    -3.422422500954E-07));
#4897 = LINE('',#4898,#4899);
#4898 = CARTESIAN_POINT('',(0.174917108234,-3.54956531062,
    -3.422422500954E-07));
#4899 = VECTOR('',#4900,1.);
#4900 = DIRECTION('',(1.,8.742277657348E-08,0.));
#4901 = ORIENTED_EDGE('',*,*,#4902,.F.);
#4902 = EDGE_CURVE('',#4860,#4895,#4903,.T.);
#4903 = LINE('',#4904,#4905);
#4904 = CARTESIAN_POINT('',(0.324917108234,-3.549565296215,
    2.952901710355E-02));
#4905 = VECTOR('',#4906,1.);
#4906 = DIRECTION('',(3.821370931908E-15,-4.371138828674E-08,-1.));
#4907 = ORIENTED_EDGE('',*,*,#4868,.F.);
#4908 = ORIENTED_EDGE('',*,*,#4909,.T.);
#4909 = EDGE_CURVE('',#4869,#4893,#4910,.T.);
#4910 = LINE('',#4911,#4912);
#4911 = CARTESIAN_POINT('',(0.174917108234,-3.549565309329,
    2.952901710355E-02));
#4912 = VECTOR('',#4913,1.);
#4913 = DIRECTION('',(3.821370931908E-15,-4.371138828674E-08,-1.));
#4914 = PLANE('',#4915);
#4915 = AXIS2_PLACEMENT_3D('',#4916,#4917,#4918);
#4916 = CARTESIAN_POINT('',(0.174917108234,-3.549565309329,
    2.952901710355E-02));
#4917 = DIRECTION('',(8.742277657348E-08,-1.,4.371138828674E-08));
#4918 = DIRECTION('',(3.821370931908E-15,-4.371138828674E-08,-1.));
#4919 = ADVANCED_FACE('',(#4920),#4945,.T.);
#4920 = FACE_BOUND('',#4921,.T.);
#4921 = EDGE_LOOP('',(#4922,#4932,#4938,#4939));
#4922 = ORIENTED_EDGE('',*,*,#4923,.T.);
#4923 = EDGE_CURVE('',#4924,#4926,#4928,.T.);
#4924 = VERTEX_POINT('',#4925);
#4925 = CARTESIAN_POINT('',(0.174917077694,-3.200225929494,
    -3.575123593835E-07));
#4926 = VERTEX_POINT('',#4927);
#4927 = CARTESIAN_POINT('',(0.324917077694,-3.20022591638,
    -3.575123593835E-07));
#4928 = LINE('',#4929,#4930);
#4929 = CARTESIAN_POINT('',(0.174917077694,-3.200225929494,
    -3.575123593835E-07));
#4930 = VECTOR('',#4931,1.);
#4931 = DIRECTION('',(1.,8.742277657348E-08,0.));
#4932 = ORIENTED_EDGE('',*,*,#4933,.F.);
#4933 = EDGE_CURVE('',#4895,#4926,#4934,.T.);
#4934 = LINE('',#4935,#4936);
#4935 = CARTESIAN_POINT('',(0.324917108234,-3.549565297506,
    -3.422422500954E-07));
#4936 = VECTOR('',#4937,1.);
#4937 = DIRECTION('',(-8.742277657348E-08,1.,-4.371138828674E-08));
#4938 = ORIENTED_EDGE('',*,*,#4892,.F.);
#4939 = ORIENTED_EDGE('',*,*,#4940,.T.);
#4940 = EDGE_CURVE('',#4893,#4924,#4941,.T.);
#4941 = LINE('',#4942,#4943);
#4942 = CARTESIAN_POINT('',(0.174917108234,-3.54956531062,
    -3.422422500954E-07));
#4943 = VECTOR('',#4944,1.);
#4944 = DIRECTION('',(-8.742277657348E-08,1.,-4.371138828674E-08));
#4945 = PLANE('',#4946);
#4946 = AXIS2_PLACEMENT_3D('',#4947,#4948,#4949);
#4947 = CARTESIAN_POINT('',(0.174917108234,-3.54956531062,
    -3.422422500954E-07));
#4948 = DIRECTION('',(3.821370931908E-15,-4.371138828674E-08,-1.));
#4949 = DIRECTION('',(8.742277657348E-08,-1.,4.371138828674E-08));
#4950 = ADVANCED_FACE('',(#4951),#4978,.T.);
#4951 = FACE_BOUND('',#4952,.T.);
#4952 = EDGE_LOOP('',(#4953,#4963,#4970,#4971));
#4953 = ORIENTED_EDGE('',*,*,#4954,.T.);
#4954 = EDGE_CURVE('',#4955,#4957,#4959,.T.);
#4955 = VERTEX_POINT('',#4956);
#4956 = CARTESIAN_POINT('',(0.174917083805,-3.270127493973,
    7.371055284804E-02));
#4957 = VERTEX_POINT('',#4958);
#4958 = CARTESIAN_POINT('',(0.324917083805,-3.270127480859,
    7.371055284804E-02));
#4959 = LINE('',#4960,#4961);
#4960 = CARTESIAN_POINT('',(0.174917083805,-3.270127493973,
    7.371055284804E-02));
#4961 = VECTOR('',#4962,1.);
#4962 = DIRECTION('',(1.,8.742277657348E-08,0.));
#4963 = ORIENTED_EDGE('',*,*,#4964,.F.);
#4964 = EDGE_CURVE('',#4926,#4957,#4965,.T.);
#4965 = CIRCLE('',#4966,7.E-02);
#4966 = AXIS2_PLACEMENT_3D('',#4967,#4968,#4969);
#4967 = CARTESIAN_POINT('',(0.324917083805,-3.270127483919,
    3.710552848035E-03));
#4968 = DIRECTION('',(1.,8.742277657348E-08,8.27180612553E-25));
#4969 = DIRECTION('',(-8.729984458611E-08,0.998593821974,
    -5.301300514863E-02));
#4970 = ORIENTED_EDGE('',*,*,#4923,.F.);
#4971 = ORIENTED_EDGE('',*,*,#4972,.T.);
#4972 = EDGE_CURVE('',#4924,#4955,#4973,.T.);
#4973 = CIRCLE('',#4974,7.E-02);
#4974 = AXIS2_PLACEMENT_3D('',#4975,#4976,#4977);
#4975 = CARTESIAN_POINT('',(0.174917083805,-3.270127497032,
    3.710552848035E-03));
#4976 = DIRECTION('',(1.,8.742277657348E-08,8.27180612553E-25));
#4977 = DIRECTION('',(-8.729984458611E-08,0.998593821974,
    -5.301300514863E-02));
#4978 = CYLINDRICAL_SURFACE('',#4979,7.E-02);
#4979 = AXIS2_PLACEMENT_3D('',#4980,#4981,#4982);
#4980 = CARTESIAN_POINT('',(0.174917083805,-3.270127497032,
    3.710552848035E-03));
#4981 = DIRECTION('',(1.,8.742277657348E-08,0.));
#4982 = DIRECTION('',(-3.821370931908E-15,4.371138828674E-08,1.));
#4983 = ADVANCED_FACE('',(#4984),#5009,.T.);
#4984 = FACE_BOUND('',#4985,.T.);
#4985 = EDGE_LOOP('',(#4986,#4996,#5002,#5003));
#4986 = ORIENTED_EDGE('',*,*,#4987,.T.);
#4987 = EDGE_CURVE('',#4988,#4990,#4992,.T.);
#4988 = VERTEX_POINT('',#4989);
#4989 = CARTESIAN_POINT('',(0.174917086417,-3.300002307298,
    7.37105541539E-02));
#4990 = VERTEX_POINT('',#4991);
#4991 = CARTESIAN_POINT('',(0.324917086417,-3.300002294184,
    7.37105541539E-02));
#4992 = LINE('',#4993,#4994);
#4993 = CARTESIAN_POINT('',(0.174917086417,-3.300002307298,
    7.37105541539E-02));
#4994 = VECTOR('',#4995,1.);
#4995 = DIRECTION('',(1.,8.742277657348E-08,0.));
#4996 = ORIENTED_EDGE('',*,*,#4997,.F.);
#4997 = EDGE_CURVE('',#4957,#4990,#4998,.T.);
#4998 = LINE('',#4999,#5000);
#4999 = CARTESIAN_POINT('',(0.324917083805,-3.270127480859,
    7.371055284804E-02));
#5000 = VECTOR('',#5001,1.);
#5001 = DIRECTION('',(8.742277657348E-08,-1.,4.371138828674E-08));
#5002 = ORIENTED_EDGE('',*,*,#4954,.F.);
#5003 = ORIENTED_EDGE('',*,*,#5004,.T.);
#5004 = EDGE_CURVE('',#4955,#4988,#5005,.T.);
#5005 = LINE('',#5006,#5007);
#5006 = CARTESIAN_POINT('',(0.174917083805,-3.270127493973,
    7.371055284804E-02));
#5007 = VECTOR('',#5008,1.);
#5008 = DIRECTION('',(8.742277657348E-08,-1.,4.371138828674E-08));
#5009 = PLANE('',#5010);
#5010 = AXIS2_PLACEMENT_3D('',#5011,#5012,#5013);
#5011 = CARTESIAN_POINT('',(0.174917083805,-3.270127493973,
    7.371055284804E-02));
#5012 = DIRECTION('',(-3.821370931908E-15,4.371138828674E-08,1.));
#5013 = DIRECTION('',(-1.,-8.742277657348E-08,0.));
#5014 = ADVANCED_FACE('',(#5015),#5040,.T.);
#5015 = FACE_BOUND('',#5016,.T.);
#5016 = EDGE_LOOP('',(#5017,#5025,#5026,#5034));
#5017 = ORIENTED_EDGE('',*,*,#5018,.F.);
#5018 = EDGE_CURVE('',#4990,#5019,#5021,.T.);
#5019 = VERTEX_POINT('',#5020);
#5020 = CARTESIAN_POINT('',(0.324917086417,-3.300002293909,
    7.99990061957E-02));
#5021 = LINE('',#5022,#5023);
#5022 = CARTESIAN_POINT('',(0.324917086417,-3.300002294184,
    7.37105541539E-02));
#5023 = VECTOR('',#5024,1.);
#5024 = DIRECTION('',(-3.821370931908E-15,4.371138828674E-08,1.));
#5025 = ORIENTED_EDGE('',*,*,#4987,.F.);
#5026 = ORIENTED_EDGE('',*,*,#5027,.T.);
#5027 = EDGE_CURVE('',#4988,#5028,#5030,.T.);
#5028 = VERTEX_POINT('',#5029);
#5029 = CARTESIAN_POINT('',(0.174917086417,-3.300002307023,
    7.99990061957E-02));
#5030 = LINE('',#5031,#5032);
#5031 = CARTESIAN_POINT('',(0.174917086417,-3.300002307298,
    7.37105541539E-02));
#5032 = VECTOR('',#5033,1.);
#5033 = DIRECTION('',(-3.821370931908E-15,4.371138828674E-08,1.));
#5034 = ORIENTED_EDGE('',*,*,#5035,.T.);
#5035 = EDGE_CURVE('',#5028,#5019,#5036,.T.);
#5036 = LINE('',#5037,#5038);
#5037 = CARTESIAN_POINT('',(0.174917086417,-3.300002307023,
    7.99990061957E-02));
#5038 = VECTOR('',#5039,1.);
#5039 = DIRECTION('',(1.,8.742277657348E-08,0.));
#5040 = PLANE('',#5041);
#5041 = AXIS2_PLACEMENT_3D('',#5042,#5043,#5044);
#5042 = CARTESIAN_POINT('',(0.174917086417,-3.300002307298,
    7.37105541539E-02));
#5043 = DIRECTION('',(-8.742277657348E-08,1.,-4.371138828674E-08));
#5044 = DIRECTION('',(-1.,-8.742277657348E-08,0.));
#5045 = ADVANCED_FACE('',(#5046),#5067,.T.);
#5046 = FACE_BOUND('',#5047,.T.);
#5047 = EDGE_LOOP('',(#5048,#5049,#5050,#5051,#5052,#5053,#5061));
#5048 = ORIENTED_EDGE('',*,*,#4333,.T.);
#5049 = ORIENTED_EDGE('',*,*,#4365,.T.);
#5050 = ORIENTED_EDGE('',*,*,#4398,.T.);
#5051 = ORIENTED_EDGE('',*,*,#4429,.T.);
#5052 = ORIENTED_EDGE('',*,*,#4452,.T.);
#5053 = ORIENTED_EDGE('',*,*,#5054,.F.);
#5054 = EDGE_CURVE('',#5055,#4453,#5057,.T.);
#5055 = VERTEX_POINT('',#5056);
#5056 = CARTESIAN_POINT('',(0.324916885344,-1.000002284293,0.29999890566
    ));
#5057 = LINE('',#5058,#5059);
#5058 = CARTESIAN_POINT('',(0.324916885344,-1.000002284293,0.29999890566
    ));
#5059 = VECTOR('',#5060,1.);
#5060 = DIRECTION('',(8.709002045547E-08,-0.996193713686,
    8.716699382592E-02));
#5061 = ORIENTED_EDGE('',*,*,#5062,.T.);
#5062 = EDGE_CURVE('',#5055,#4334,#5063,.T.);
#5063 = LINE('',#5064,#5065);
#5064 = CARTESIAN_POINT('',(0.324916885344,-1.000002284293,0.29999890566
    ));
#5065 = VECTOR('',#5066,1.);
#5066 = DIRECTION('',(-8.742277657348E-08,1.,-4.371138828674E-08));
#5067 = PLANE('',#5068);
#5068 = AXIS2_PLACEMENT_3D('',#5069,#5070,#5071);
#5069 = CARTESIAN_POINT('',(0.324916832891,-0.400002273365,
    0.549998879433));
#5070 = DIRECTION('',(1.,8.742277657348E-08,0.));
#5071 = DIRECTION('',(-8.742277657348E-08,1.,-4.371138828674E-08));
#5072 = ADVANCED_FACE('',(#5073),#5085,.T.);
#5073 = FACE_BOUND('',#5074,.T.);
#5074 = EDGE_LOOP('',(#5075,#5076,#5077,#5078,#5079));
#5075 = ORIENTED_EDGE('',*,*,#4493,.T.);
#5076 = ORIENTED_EDGE('',*,*,#4535,.T.);
#5077 = ORIENTED_EDGE('',*,*,#4566,.T.);
#5078 = ORIENTED_EDGE('',*,*,#4589,.T.);
#5079 = ORIENTED_EDGE('',*,*,#5080,.F.);
#5080 = EDGE_CURVE('',#4486,#4590,#5081,.T.);
#5081 = LINE('',#5082,#5083);
#5082 = CARTESIAN_POINT('',(0.324916879245,-0.93023000757,0.72499890261)
  );
#5083 = VECTOR('',#5084,1.);
#5084 = DIRECTION('',(-8.742277657348E-08,1.,-4.371138828674E-08));
#5085 = PLANE('',#5086);
#5086 = AXIS2_PLACEMENT_3D('',#5087,#5088,#5089);
#5087 = CARTESIAN_POINT('',(0.324916832891,-0.400002273365,
    0.549998879433));
#5088 = DIRECTION('',(1.,8.742277657348E-08,0.));
#5089 = DIRECTION('',(-8.742277657348E-08,1.,-4.371138828674E-08));
#5090 = ADVANCED_FACE('',(#5091),#5118,.T.);
#5091 = FACE_BOUND('',#5092,.T.);
#5092 = EDGE_LOOP('',(#5093,#5094,#5103,#5109,#5110,#5111,#5112));
#5093 = ORIENTED_EDGE('',*,*,#4638,.T.);
#5094 = ORIENTED_EDGE('',*,*,#5095,.T.);
#5095 = EDGE_CURVE('',#4631,#5096,#5098,.T.);
#5096 = VERTEX_POINT('',#5097);
#5097 = CARTESIAN_POINT('',(0.324917045491,-2.831872264186,
    0.759998985733));
#5098 = CIRCLE('',#5099,0.2);
#5099 = AXIS2_PLACEMENT_3D('',#5100,#5101,#5102);
#5100 = CARTESIAN_POINT('',(0.324917062976,-3.031872264186,
    0.759998994475));
#5101 = DIRECTION('',(-1.,-8.742277657348E-08,-6.617444900424E-24));
#5102 = DIRECTION('',(-6.450207698107E-08,0.737817757674,0.674999967749)
  );
#5103 = ORIENTED_EDGE('',*,*,#5104,.F.);
#5104 = EDGE_CURVE('',#4679,#5096,#5105,.T.);
#5105 = LINE('',#5106,#5107);
#5106 = CARTESIAN_POINT('',(0.324917045491,-2.83187226598,0.718956081411
    ));
#5107 = VECTOR('',#5108,1.);
#5108 = DIRECTION('',(-3.821370931908E-15,4.371138828674E-08,1.));
#5109 = ORIENTED_EDGE('',*,*,#4678,.T.);
#5110 = ORIENTED_EDGE('',*,*,#4710,.T.);
#5111 = ORIENTED_EDGE('',*,*,#4733,.T.);
#5112 = ORIENTED_EDGE('',*,*,#5113,.T.);
#5113 = EDGE_CURVE('',#4734,#4639,#5114,.T.);
#5114 = LINE('',#5115,#5116);
#5115 = CARTESIAN_POINT('',(0.324917025221,-2.600002267684,
    0.679959975598));
#5116 = VECTOR('',#5117,1.);
#5117 = DIRECTION('',(-3.821370931908E-15,4.371138828674E-08,1.));
#5118 = PLANE('',#5119);
#5119 = AXIS2_PLACEMENT_3D('',#5120,#5121,#5122);
#5120 = CARTESIAN_POINT('',(0.324916832891,-0.400002273365,
    0.549998879433));
#5121 = DIRECTION('',(1.,8.742277657348E-08,0.));
#5122 = DIRECTION('',(-8.742277657348E-08,1.,-4.371138828674E-08));
#5123 = ADVANCED_FACE('',(#5124),#5158,.T.);
#5124 = FACE_BOUND('',#5125,.T.);
#5125 = EDGE_LOOP('',(#5126,#5134,#5135,#5136,#5137,#5138,#5139,#5140,
    #5141,#5142,#5143,#5144,#5152));
#5126 = ORIENTED_EDGE('',*,*,#5127,.T.);
#5127 = EDGE_CURVE('',#5128,#4776,#5130,.T.);
#5128 = VERTEX_POINT('',#5129);
#5129 = CARTESIAN_POINT('',(0.324917103901,-3.500002280359,
    0.389994556946));
#5130 = LINE('',#5131,#5132);
#5131 = CARTESIAN_POINT('',(0.324917103901,-3.500002280359,
    0.389994556946));
#5132 = VECTOR('',#5133,1.);
#5133 = DIRECTION('',(7.892116699397E-08,-0.902752921919,-0.430159461092
    ));
#5134 = ORIENTED_EDGE('',*,*,#4783,.T.);
#5135 = ORIENTED_EDGE('',*,*,#4816,.T.);
#5136 = ORIENTED_EDGE('',*,*,#4838,.T.);
#5137 = ORIENTED_EDGE('',*,*,#1523,.T.);
#5138 = ORIENTED_EDGE('',*,*,#4859,.T.);
#5139 = ORIENTED_EDGE('',*,*,#4902,.T.);
#5140 = ORIENTED_EDGE('',*,*,#4933,.T.);
#5141 = ORIENTED_EDGE('',*,*,#4964,.T.);
#5142 = ORIENTED_EDGE('',*,*,#4997,.T.);
#5143 = ORIENTED_EDGE('',*,*,#5018,.T.);
#5144 = ORIENTED_EDGE('',*,*,#5145,.T.);
#5145 = EDGE_CURVE('',#5019,#5146,#5148,.T.);
#5146 = VERTEX_POINT('',#5147);
#5147 = CARTESIAN_POINT('',(0.324917103901,-3.500002293909,
    7.999901493798E-02));
#5148 = LINE('',#5149,#5150);
#5149 = CARTESIAN_POINT('',(0.324917086417,-3.300002293909,
    7.99990061957E-02));
#5150 = VECTOR('',#5151,1.);
#5151 = DIRECTION('',(8.742277657348E-08,-1.,4.371138828674E-08));
#5152 = ORIENTED_EDGE('',*,*,#5153,.T.);
#5153 = EDGE_CURVE('',#5146,#5128,#5154,.T.);
#5154 = LINE('',#5155,#5156);
#5155 = CARTESIAN_POINT('',(0.324917103901,-3.500002293909,
    7.999901493798E-02));
#5156 = VECTOR('',#5157,1.);
#5157 = DIRECTION('',(-3.821370931908E-15,4.371138828674E-08,1.));
#5158 = PLANE('',#5159);
#5159 = AXIS2_PLACEMENT_3D('',#5160,#5161,#5162);
#5160 = CARTESIAN_POINT('',(0.324916832891,-0.400002273365,
    0.549998879433));
#5161 = DIRECTION('',(1.,8.742277657348E-08,0.));
#5162 = DIRECTION('',(-8.742277657348E-08,1.,-4.371138828674E-08));
#5163 = ADVANCED_FACE('',(#5164),#5182,.T.);
#5164 = FACE_BOUND('',#5165,.T.);
#5165 = EDGE_LOOP('',(#5166,#5174,#5175,#5176));
#5166 = ORIENTED_EDGE('',*,*,#5167,.T.);
#5167 = EDGE_CURVE('',#5168,#4765,#5170,.T.);
#5168 = VERTEX_POINT('',#5169);
#5169 = CARTESIAN_POINT('',(0.174917103901,-3.500002293472,
    0.389994556946));
#5170 = LINE('',#5171,#5172);
#5171 = CARTESIAN_POINT('',(0.174917103901,-3.500002293472,
    0.389994556946));
#5172 = VECTOR('',#5173,1.);
#5173 = DIRECTION('',(7.892116699397E-08,-0.902752921919,-0.430159461092
    ));
#5174 = ORIENTED_EDGE('',*,*,#4775,.T.);
#5175 = ORIENTED_EDGE('',*,*,#5127,.F.);
#5176 = ORIENTED_EDGE('',*,*,#5177,.F.);
#5177 = EDGE_CURVE('',#5168,#5128,#5178,.T.);
#5178 = LINE('',#5179,#5180);
#5179 = CARTESIAN_POINT('',(0.174917103901,-3.500002293472,
    0.389994556946));
#5180 = VECTOR('',#5181,1.);
#5181 = DIRECTION('',(1.,8.742277657348E-08,0.));
#5182 = PLANE('',#5183);
#5183 = AXIS2_PLACEMENT_3D('',#5184,#5185,#5186);
#5184 = CARTESIAN_POINT('',(0.174917103901,-3.500002293472,
    0.389994556946));
#5185 = DIRECTION('',(3.760573445801E-08,-0.430159461092,0.902752921919)
  );
#5186 = DIRECTION('',(1.,8.742277657348E-08,0.));
#5187 = ADVANCED_FACE('',(#5188),#5209,.F.);
#5188 = FACE_BOUND('',#5189,.T.);
#5189 = EDGE_LOOP('',(#5190,#5198,#5199,#5200,#5201,#5202,#5203));
#5190 = ORIENTED_EDGE('',*,*,#5191,.T.);
#5191 = EDGE_CURVE('',#5192,#4462,#5194,.T.);
#5192 = VERTEX_POINT('',#5193);
#5193 = CARTESIAN_POINT('',(0.174916885344,-1.000002297406,0.29999890566
    ));
#5194 = LINE('',#5195,#5196);
#5195 = CARTESIAN_POINT('',(0.174916885344,-1.000002297406,0.29999890566
    ));
#5196 = VECTOR('',#5197,1.);
#5197 = DIRECTION('',(8.709002045547E-08,-0.996193713686,
    8.716699382592E-02));
#5198 = ORIENTED_EDGE('',*,*,#4461,.F.);
#5199 = ORIENTED_EDGE('',*,*,#4419,.F.);
#5200 = ORIENTED_EDGE('',*,*,#4405,.F.);
#5201 = ORIENTED_EDGE('',*,*,#4373,.F.);
#5202 = ORIENTED_EDGE('',*,*,#4315,.F.);
#5203 = ORIENTED_EDGE('',*,*,#5204,.F.);
#5204 = EDGE_CURVE('',#5192,#4316,#5205,.T.);
#5205 = LINE('',#5206,#5207);
#5206 = CARTESIAN_POINT('',(0.174916885344,-1.000002297406,0.29999890566
    ));
#5207 = VECTOR('',#5208,1.);
#5208 = DIRECTION('',(-8.742277657348E-08,1.,-4.371138828674E-08));
#5209 = PLANE('',#5210);
#5210 = AXIS2_PLACEMENT_3D('',#5211,#5212,#5213);
#5211 = CARTESIAN_POINT('',(0.174916832891,-0.400002286478,
    0.549998879433));
#5212 = DIRECTION('',(1.,8.742277657348E-08,0.));
#5213 = DIRECTION('',(-8.742277657348E-08,1.,-4.371138828674E-08));
#5214 = ADVANCED_FACE('',(#5215),#5227,.F.);
#5215 = FACE_BOUND('',#5216,.T.);
#5216 = EDGE_LOOP('',(#5217,#5218,#5219,#5220,#5221));
#5217 = ORIENTED_EDGE('',*,*,#4598,.F.);
#5218 = ORIENTED_EDGE('',*,*,#4574,.F.);
#5219 = ORIENTED_EDGE('',*,*,#4542,.F.);
#5220 = ORIENTED_EDGE('',*,*,#4510,.F.);
#5221 = ORIENTED_EDGE('',*,*,#5222,.T.);
#5222 = EDGE_CURVE('',#4484,#4599,#5223,.T.);
#5223 = LINE('',#5224,#5225);
#5224 = CARTESIAN_POINT('',(0.174916879245,-0.930230020683,0.72499890261
    ));
#5225 = VECTOR('',#5226,1.);
#5226 = DIRECTION('',(-8.742277657348E-08,1.,-4.371138828674E-08));
#5227 = PLANE('',#5228);
#5228 = AXIS2_PLACEMENT_3D('',#5229,#5230,#5231);
#5229 = CARTESIAN_POINT('',(0.174916832891,-0.400002286478,
    0.549998879433));
#5230 = DIRECTION('',(1.,8.742277657348E-08,0.));
#5231 = DIRECTION('',(-8.742277657348E-08,1.,-4.371138828674E-08));
#5232 = ADVANCED_FACE('',(#5233),#5260,.F.);
#5233 = FACE_BOUND('',#5234,.T.);
#5234 = EDGE_LOOP('',(#5235,#5236,#5237,#5238,#5246,#5253,#5254));
#5235 = ORIENTED_EDGE('',*,*,#4742,.F.);
#5236 = ORIENTED_EDGE('',*,*,#4718,.F.);
#5237 = ORIENTED_EDGE('',*,*,#4660,.F.);
#5238 = ORIENTED_EDGE('',*,*,#5239,.T.);
#5239 = EDGE_CURVE('',#4661,#5240,#5242,.T.);
#5240 = VERTEX_POINT('',#5241);
#5241 = CARTESIAN_POINT('',(0.174917045491,-2.831872277299,
    0.759998985733));
#5242 = LINE('',#5243,#5244);
#5243 = CARTESIAN_POINT('',(0.174917045491,-2.831872279093,
    0.718956081411));
#5244 = VECTOR('',#5245,1.);
#5245 = DIRECTION('',(-3.821370931908E-15,4.371138828674E-08,1.));
#5246 = ORIENTED_EDGE('',*,*,#5247,.F.);
#5247 = EDGE_CURVE('',#4623,#5240,#5248,.T.);
#5248 = CIRCLE('',#5249,0.2);
#5249 = AXIS2_PLACEMENT_3D('',#5250,#5251,#5252);
#5250 = CARTESIAN_POINT('',(0.174917062976,-3.031872277299,
    0.759998994475));
#5251 = DIRECTION('',(-1.,-8.742277657348E-08,-6.617444900424E-24));
#5252 = DIRECTION('',(-6.450207698107E-08,0.737817757674,0.674999967749)
  );
#5253 = ORIENTED_EDGE('',*,*,#4620,.F.);
#5254 = ORIENTED_EDGE('',*,*,#5255,.F.);
#5255 = EDGE_CURVE('',#4743,#4621,#5256,.T.);
#5256 = LINE('',#5257,#5258);
#5257 = CARTESIAN_POINT('',(0.174917025221,-2.600002280798,
    0.679959975598));
#5258 = VECTOR('',#5259,1.);
#5259 = DIRECTION('',(-3.821370931908E-15,4.371138828674E-08,1.));
#5260 = PLANE('',#5261);
#5261 = AXIS2_PLACEMENT_3D('',#5262,#5263,#5264);
#5262 = CARTESIAN_POINT('',(0.174916832891,-0.400002286478,
    0.549998879433));
#5263 = DIRECTION('',(1.,8.742277657348E-08,0.));
#5264 = DIRECTION('',(-8.742277657348E-08,1.,-4.371138828674E-08));
#5265 = ADVANCED_FACE('',(#5266),#5293,.F.);
#5266 = FACE_BOUND('',#5267,.T.);
#5267 = EDGE_LOOP('',(#5268,#5276,#5277,#5278,#5279,#5280,#5281,#5282,
    #5283,#5284,#5285,#5286,#5287));
#5268 = ORIENTED_EDGE('',*,*,#5269,.F.);
#5269 = EDGE_CURVE('',#5028,#5270,#5272,.T.);
#5270 = VERTEX_POINT('',#5271);
#5271 = CARTESIAN_POINT('',(0.174917103901,-3.500002307023,
    7.999901493798E-02));
#5272 = LINE('',#5273,#5274);
#5273 = CARTESIAN_POINT('',(0.174917086417,-3.300002307023,
    7.99990061957E-02));
#5274 = VECTOR('',#5275,1.);
#5275 = DIRECTION('',(8.742277657348E-08,-1.,4.371138828674E-08));
#5276 = ORIENTED_EDGE('',*,*,#5027,.F.);
#5277 = ORIENTED_EDGE('',*,*,#5004,.F.);
#5278 = ORIENTED_EDGE('',*,*,#4972,.F.);
#5279 = ORIENTED_EDGE('',*,*,#4940,.F.);
#5280 = ORIENTED_EDGE('',*,*,#4909,.F.);
#5281 = ORIENTED_EDGE('',*,*,#4876,.F.);
#5282 = ORIENTED_EDGE('',*,*,#1540,.F.);
#5283 = ORIENTED_EDGE('',*,*,#4845,.F.);
#5284 = ORIENTED_EDGE('',*,*,#4823,.F.);
#5285 = ORIENTED_EDGE('',*,*,#4764,.F.);
#5286 = ORIENTED_EDGE('',*,*,#5167,.F.);
#5287 = ORIENTED_EDGE('',*,*,#5288,.F.);
#5288 = EDGE_CURVE('',#5270,#5168,#5289,.T.);
#5289 = LINE('',#5290,#5291);
#5290 = CARTESIAN_POINT('',(0.174917103901,-3.500002307023,
    7.999901493798E-02));
#5291 = VECTOR('',#5292,1.);
#5292 = DIRECTION('',(-3.821370931908E-15,4.371138828674E-08,1.));
#5293 = PLANE('',#5294);
#5294 = AXIS2_PLACEMENT_3D('',#5295,#5296,#5297);
#5295 = CARTESIAN_POINT('',(0.174916832891,-0.400002286478,
    0.549998879433));
#5296 = DIRECTION('',(1.,8.742277657348E-08,0.));
#5297 = DIRECTION('',(-8.742277657348E-08,1.,-4.371138828674E-08));
#5298 = ADVANCED_FACE('',(#5299),#5333,.T.);
#5299 = FACE_BOUND('',#5300,.T.);
#5300 = EDGE_LOOP('',(#5301,#5311,#5319,#5327));
#5301 = ORIENTED_EDGE('',*,*,#5302,.T.);
#5302 = EDGE_CURVE('',#5303,#5305,#5307,.T.);
#5303 = VERTEX_POINT('',#5304);
#5304 = CARTESIAN_POINT('',(-0.325083139768,-0.712755833481,
    0.299998893104));
#5305 = VERTEX_POINT('',#5306);
#5306 = CARTESIAN_POINT('',(-0.325083124908,-0.882735008943,
    0.38474578624));
#5307 = LINE('',#5308,#5309);
#5308 = CARTESIAN_POINT('',(-0.325083139768,-0.712755833481,
    0.299998893104));
#5309 = VECTOR('',#5310,1.);
#5310 = DIRECTION('',(7.823794035716E-08,-0.894937720165,0.446191076811)
  );
#5311 = ORIENTED_EDGE('',*,*,#5312,.T.);
#5312 = EDGE_CURVE('',#5305,#5313,#5315,.T.);
#5313 = VERTEX_POINT('',#5314);
#5314 = CARTESIAN_POINT('',(-0.175083124908,-0.882734995829,
    0.38474578624));
#5315 = LINE('',#5316,#5317);
#5316 = CARTESIAN_POINT('',(-0.325083124908,-0.882735008943,
    0.38474578624));
#5317 = VECTOR('',#5318,1.);
#5318 = DIRECTION('',(1.,8.742277657348E-08,0.));
#5319 = ORIENTED_EDGE('',*,*,#5320,.F.);
#5320 = EDGE_CURVE('',#5321,#5313,#5323,.T.);
#5321 = VERTEX_POINT('',#5322);
#5322 = CARTESIAN_POINT('',(-0.175083139768,-0.712755820368,
    0.299998893104));
#5323 = LINE('',#5324,#5325);
#5324 = CARTESIAN_POINT('',(-0.175083139768,-0.712755820368,
    0.299998893104));
#5325 = VECTOR('',#5326,1.);
#5326 = DIRECTION('',(7.823794035716E-08,-0.894937720165,0.446191076811)
  );
#5327 = ORIENTED_EDGE('',*,*,#5328,.F.);
#5328 = EDGE_CURVE('',#5303,#5321,#5329,.T.);
#5329 = LINE('',#5330,#5331);
#5330 = CARTESIAN_POINT('',(-0.325083139768,-0.712755833481,
    0.299998893104));
#5331 = VECTOR('',#5332,1.);
#5332 = DIRECTION('',(1.,8.742277657348E-08,0.));
#5333 = PLANE('',#5334);
#5334 = AXIS2_PLACEMENT_3D('',#5335,#5336,#5337);
#5335 = CARTESIAN_POINT('',(-0.325083139768,-0.712755833481,
    0.299998893104));
#5336 = DIRECTION('',(-3.900726281713E-08,0.446191076811,0.894937720165)
  );
#5337 = DIRECTION('',(-1.,-8.742277657348E-08,0.));
#5338 = ADVANCED_FACE('',(#5339),#5366,.T.);
#5339 = FACE_BOUND('',#5340,.T.);
#5340 = EDGE_LOOP('',(#5341,#5351,#5358,#5359));
#5341 = ORIENTED_EDGE('',*,*,#5342,.T.);
#5342 = EDGE_CURVE('',#5343,#5345,#5347,.T.);
#5343 = VERTEX_POINT('',#5344);
#5344 = CARTESIAN_POINT('',(-0.325083122957,-0.905044560598,
    0.389998900232));
#5345 = VERTEX_POINT('',#5346);
#5346 = CARTESIAN_POINT('',(-0.175083122957,-0.905044547484,
    0.389998900232));
#5347 = LINE('',#5348,#5349);
#5348 = CARTESIAN_POINT('',(-0.325083122957,-0.905044560598,
    0.389998900232));
#5349 = VECTOR('',#5350,1.);
#5350 = DIRECTION('',(1.,8.742277657348E-08,0.));
#5351 = ORIENTED_EDGE('',*,*,#5352,.F.);
#5352 = EDGE_CURVE('',#5313,#5345,#5353,.T.);
#5353 = CIRCLE('',#5354,5.E-02);
#5354 = AXIS2_PLACEMENT_3D('',#5355,#5356,#5357);
#5355 = CARTESIAN_POINT('',(-0.175083122957,-0.90504454967,
    0.339998900232));
#5356 = DIRECTION('',(1.,8.742277657348E-08,6.617444900424E-24));
#5357 = DIRECTION('',(-3.900726281713E-08,0.446191076811,0.894937720165)
  );
#5358 = ORIENTED_EDGE('',*,*,#5312,.F.);
#5359 = ORIENTED_EDGE('',*,*,#5360,.T.);
#5360 = EDGE_CURVE('',#5305,#5343,#5361,.T.);
#5361 = CIRCLE('',#5362,5.E-02);
#5362 = AXIS2_PLACEMENT_3D('',#5363,#5364,#5365);
#5363 = CARTESIAN_POINT('',(-0.325083122957,-0.905044562783,
    0.339998900232));
#5364 = DIRECTION('',(1.,8.742277657348E-08,6.617444900424E-24));
#5365 = DIRECTION('',(-3.900726281713E-08,0.446191076811,0.894937720165)
  );
#5366 = CYLINDRICAL_SURFACE('',#5367,5.E-02);
#5367 = AXIS2_PLACEMENT_3D('',#5368,#5369,#5370);
#5368 = CARTESIAN_POINT('',(-0.325083122957,-0.905044562783,
    0.339998900232));
#5369 = DIRECTION('',(1.,8.742277657348E-08,0.));
#5370 = DIRECTION('',(-3.821370931908E-15,4.371138828674E-08,1.));
#5371 = ADVANCED_FACE('',(#5372),#5397,.T.);
#5372 = FACE_BOUND('',#5373,.T.);
#5373 = EDGE_LOOP('',(#5374,#5384,#5390,#5391));
#5374 = ORIENTED_EDGE('',*,*,#5375,.T.);
#5375 = EDGE_CURVE('',#5376,#5378,#5380,.T.);
#5376 = VERTEX_POINT('',#5377);
#5377 = CARTESIAN_POINT('',(-0.325083121626,-0.920265813864,
    0.389998900897));
#5378 = VERTEX_POINT('',#5379);
#5379 = CARTESIAN_POINT('',(-0.175083121626,-0.920265800751,
    0.389998900897));
#5380 = LINE('',#5381,#5382);
#5381 = CARTESIAN_POINT('',(-0.325083121626,-0.920265813864,
    0.389998900897));
#5382 = VECTOR('',#5383,1.);
#5383 = DIRECTION('',(1.,8.742277657348E-08,0.));
#5384 = ORIENTED_EDGE('',*,*,#5385,.F.);
#5385 = EDGE_CURVE('',#5345,#5378,#5386,.T.);
#5386 = LINE('',#5387,#5388);
#5387 = CARTESIAN_POINT('',(-0.175083122957,-0.905044547484,
    0.389998900232));
#5388 = VECTOR('',#5389,1.);
#5389 = DIRECTION('',(8.742277657348E-08,-1.,4.371138828674E-08));
#5390 = ORIENTED_EDGE('',*,*,#5342,.F.);
#5391 = ORIENTED_EDGE('',*,*,#5392,.T.);
#5392 = EDGE_CURVE('',#5343,#5376,#5393,.T.);
#5393 = LINE('',#5394,#5395);
#5394 = CARTESIAN_POINT('',(-0.325083122957,-0.905044560598,
    0.389998900232));
#5395 = VECTOR('',#5396,1.);
#5396 = DIRECTION('',(8.742277657348E-08,-1.,4.371138828674E-08));
#5397 = PLANE('',#5398);
#5398 = AXIS2_PLACEMENT_3D('',#5399,#5400,#5401);
#5399 = CARTESIAN_POINT('',(-0.325083122957,-0.905044560598,
    0.389998900232));
#5400 = DIRECTION('',(-3.821370931908E-15,4.371138828674E-08,1.));
#5401 = DIRECTION('',(-1.,-8.742277657348E-08,0.));
#5402 = ADVANCED_FACE('',(#5403),#5430,.F.);
#5403 = FACE_BOUND('',#5404,.F.);
#5404 = EDGE_LOOP('',(#5405,#5414,#5415,#5424));
#5405 = ORIENTED_EDGE('',*,*,#5406,.F.);
#5406 = EDGE_CURVE('',#5376,#5407,#5409,.T.);
#5407 = VERTEX_POINT('',#5408);
#5408 = CARTESIAN_POINT('',(-0.325083115916,-0.985591406516,
    0.32499971921));
#5409 = CIRCLE('',#5410,6.5E-02);
#5410 = AXIS2_PLACEMENT_3D('',#5411,#5412,#5413);
#5411 = CARTESIAN_POINT('',(-0.325083115944,-0.985265813864,
    0.389998903739));
#5412 = DIRECTION('',(-1.,-8.742277657348E-08,7.88860905221E-31));
#5413 = DIRECTION('',(-8.742277657348E-08,1.,-4.371138828674E-08));
#5414 = ORIENTED_EDGE('',*,*,#5375,.T.);
#5415 = ORIENTED_EDGE('',*,*,#5416,.T.);
#5416 = EDGE_CURVE('',#5378,#5417,#5419,.T.);
#5417 = VERTEX_POINT('',#5418);
#5418 = CARTESIAN_POINT('',(-0.175083115916,-0.985591393402,
    0.32499971921));
#5419 = CIRCLE('',#5420,6.5E-02);
#5420 = AXIS2_PLACEMENT_3D('',#5421,#5422,#5423);
#5421 = CARTESIAN_POINT('',(-0.175083115944,-0.985265800751,
    0.389998903739));
#5422 = DIRECTION('',(-1.,-8.742277657348E-08,7.88860905221E-31));
#5423 = DIRECTION('',(-8.742277657348E-08,1.,-4.371138828674E-08));
#5424 = ORIENTED_EDGE('',*,*,#5425,.F.);
#5425 = EDGE_CURVE('',#5407,#5417,#5426,.T.);
#5426 = LINE('',#5427,#5428);
#5427 = CARTESIAN_POINT('',(-0.325083115916,-0.985591406516,
    0.32499971921));
#5428 = VECTOR('',#5429,1.);
#5429 = DIRECTION('',(1.,8.742277657348E-08,0.));
#5430 = CYLINDRICAL_SURFACE('',#5431,6.5E-02);
#5431 = AXIS2_PLACEMENT_3D('',#5432,#5433,#5434);
#5432 = CARTESIAN_POINT('',(-0.325083115944,-0.985265813864,
    0.389998903739));
#5433 = DIRECTION('',(1.,8.742277657348E-08,0.));
#5434 = DIRECTION('',(-3.821370931908E-15,4.371138828674E-08,1.));
#5435 = ADVANCED_FACE('',(#5436),#5461,.T.);
#5436 = FACE_BOUND('',#5437,.T.);
#5437 = EDGE_LOOP('',(#5438,#5446,#5447,#5455));
#5438 = ORIENTED_EDGE('',*,*,#5439,.F.);
#5439 = EDGE_CURVE('',#5417,#5440,#5442,.T.);
#5440 = VERTEX_POINT('',#5441);
#5441 = CARTESIAN_POINT('',(-0.175083088084,-1.303951146869,
    0.326594440698));
#5442 = LINE('',#5443,#5444);
#5443 = CARTESIAN_POINT('',(-0.175083115916,-0.985591393402,
    0.32499971921));
#5444 = VECTOR('',#5445,1.);
#5445 = DIRECTION('',(8.742167979277E-08,-0.999987454291,
    5.009117716882E-03));
#5446 = ORIENTED_EDGE('',*,*,#5425,.F.);
#5447 = ORIENTED_EDGE('',*,*,#5448,.T.);
#5448 = EDGE_CURVE('',#5407,#5449,#5451,.T.);
#5449 = VERTEX_POINT('',#5450);
#5450 = CARTESIAN_POINT('',(-0.325083088084,-1.303951159983,
    0.326594440698));
#5451 = LINE('',#5452,#5453);
#5452 = CARTESIAN_POINT('',(-0.325083115916,-0.985591406516,
    0.32499971921));
#5453 = VECTOR('',#5454,1.);
#5454 = DIRECTION('',(8.742167979277E-08,-0.999987454291,
    5.009117716882E-03));
#5455 = ORIENTED_EDGE('',*,*,#5456,.T.);
#5456 = EDGE_CURVE('',#5449,#5440,#5457,.T.);
#5457 = LINE('',#5458,#5459);
#5458 = CARTESIAN_POINT('',(-0.325083088084,-1.303951159983,
    0.326594440698));
#5459 = VECTOR('',#5460,1.);
#5460 = DIRECTION('',(1.,8.742277657348E-08,0.));
#5461 = PLANE('',#5462);
#5462 = AXIS2_PLACEMENT_3D('',#5463,#5464,#5465);
#5463 = CARTESIAN_POINT('',(-0.325083115916,-0.985591406516,
    0.32499971921));
#5464 = DIRECTION('',(-4.379109789932E-10,5.009117716882E-03,
    0.999987454291));
#5465 = DIRECTION('',(-1.,-8.742277657348E-08,0.));
#5466 = ADVANCED_FACE('',(#5467),#5503,.F.);
#5467 = FACE_BOUND('',#5468,.F.);
#5468 = EDGE_LOOP('',(#5469,#5479,#5488,#5496));
#5469 = ORIENTED_EDGE('',*,*,#5470,.T.);
#5470 = EDGE_CURVE('',#5471,#5473,#5475,.T.);
#5471 = VERTEX_POINT('',#5472);
#5472 = CARTESIAN_POINT('',(-0.325083120755,-0.930230064394,
    0.72499890261));
#5473 = VERTEX_POINT('',#5474);
#5474 = CARTESIAN_POINT('',(-0.175083120755,-0.930230051281,
    0.72499890261));
#5475 = LINE('',#5476,#5477);
#5476 = CARTESIAN_POINT('',(-0.325083120755,-0.930230064394,
    0.72499890261));
#5477 = VECTOR('',#5478,1.);
#5478 = DIRECTION('',(1.,8.742277657348E-08,0.));
#5479 = ORIENTED_EDGE('',*,*,#5480,.T.);
#5480 = EDGE_CURVE('',#5473,#5481,#5483,.T.);
#5481 = VERTEX_POINT('',#5482);
#5482 = CARTESIAN_POINT('',(-0.175083121626,-0.920267269782,
    0.689975738438));
#5483 = CIRCLE('',#5484,6.5E-02);
#5484 = AXIS2_PLACEMENT_3D('',#5485,#5486,#5487);
#5485 = CARTESIAN_POINT('',(-0.175083115944,-0.985265787619,
    0.690414690522));
#5486 = DIRECTION('',(-1.,-8.742277657348E-08,0.));
#5487 = DIRECTION('',(-7.402118279173E-08,0.846703635974,0.532064801343)
  );
#5488 = ORIENTED_EDGE('',*,*,#5489,.F.);
#5489 = EDGE_CURVE('',#5490,#5481,#5492,.T.);
#5490 = VERTEX_POINT('',#5491);
#5491 = CARTESIAN_POINT('',(-0.325083121626,-0.920267282895,
    0.689975738438));
#5492 = LINE('',#5493,#5494);
#5493 = CARTESIAN_POINT('',(-0.325083121626,-0.920267282895,
    0.689975738438));
#5494 = VECTOR('',#5495,1.);
#5495 = DIRECTION('',(1.,8.742277657348E-08,0.));
#5496 = ORIENTED_EDGE('',*,*,#5497,.F.);
#5497 = EDGE_CURVE('',#5471,#5490,#5498,.T.);
#5498 = CIRCLE('',#5499,6.5E-02);
#5499 = AXIS2_PLACEMENT_3D('',#5500,#5501,#5502);
#5500 = CARTESIAN_POINT('',(-0.325083115944,-0.985265800733,
    0.690414690522));
#5501 = DIRECTION('',(-1.,-8.742277657348E-08,0.));
#5502 = DIRECTION('',(-7.402118279173E-08,0.846703635974,0.532064801343)
  );
#5503 = CYLINDRICAL_SURFACE('',#5504,6.5E-02);
#5504 = AXIS2_PLACEMENT_3D('',#5505,#5506,#5507);
#5505 = CARTESIAN_POINT('',(-0.325083115944,-0.985265800733,
    0.690414690522));
#5506 = DIRECTION('',(1.,8.742277657348E-08,0.));
#5507 = DIRECTION('',(-3.821370931908E-15,4.371138828674E-08,1.));
#5508 = ADVANCED_FACE('',(#5509),#5534,.T.);
#5509 = FACE_BOUND('',#5510,.T.);
#5510 = EDGE_LOOP('',(#5511,#5521,#5527,#5528));
#5511 = ORIENTED_EDGE('',*,*,#5512,.T.);
#5512 = EDGE_CURVE('',#5513,#5515,#5517,.T.);
#5513 = VERTEX_POINT('',#5514);
#5514 = CARTESIAN_POINT('',(-0.325083122956,-0.905059465394,
    0.691306230967));
#5515 = VERTEX_POINT('',#5516);
#5516 = CARTESIAN_POINT('',(-0.175083122956,-0.905059452281,
    0.691306230967));
#5517 = LINE('',#5518,#5519);
#5518 = CARTESIAN_POINT('',(-0.325083122956,-0.905059465394,
    0.691306230967));
#5519 = VECTOR('',#5520,1.);
#5520 = DIRECTION('',(1.,8.742277657348E-08,0.));
#5521 = ORIENTED_EDGE('',*,*,#5522,.F.);
#5522 = EDGE_CURVE('',#5481,#5515,#5523,.T.);
#5523 = LINE('',#5524,#5525);
#5524 = CARTESIAN_POINT('',(-0.175083121626,-0.920267269782,
    0.689975738438));
#5525 = VECTOR('',#5526,1.);
#5526 = DIRECTION('',(-8.709011601122E-08,0.996194806716,
    8.715450115399E-02));
#5527 = ORIENTED_EDGE('',*,*,#5489,.F.);
#5528 = ORIENTED_EDGE('',*,*,#5529,.T.);
#5529 = EDGE_CURVE('',#5490,#5513,#5530,.T.);
#5530 = LINE('',#5531,#5532);
#5531 = CARTESIAN_POINT('',(-0.325083121626,-0.920267282895,
    0.689975738438));
#5532 = VECTOR('',#5533,1.);
#5533 = DIRECTION('',(-8.709011601122E-08,0.996194806716,
    8.715450115399E-02));
#5534 = PLANE('',#5535);
#5535 = AXIS2_PLACEMENT_3D('',#5536,#5537,#5538);
#5536 = CARTESIAN_POINT('',(-0.325083121626,-0.920267282895,
    0.689975738438));
#5537 = DIRECTION('',(-7.619288481758E-09,8.715450115399E-02,
    -0.996194806716));
#5538 = DIRECTION('',(1.,8.742277657348E-08,0.));
#5539 = ADVANCED_FACE('',(#5540),#5567,.T.);
#5540 = FACE_BOUND('',#5541,.T.);
#5541 = EDGE_LOOP('',(#5542,#5552,#5559,#5560));
#5542 = ORIENTED_EDGE('',*,*,#5543,.T.);
#5543 = EDGE_CURVE('',#5544,#5546,#5548,.T.);
#5544 = VERTEX_POINT('',#5545);
#5545 = CARTESIAN_POINT('',(-0.325083125196,-0.879440996255,
    0.701098128014));
#5546 = VERTEX_POINT('',#5547);
#5547 = CARTESIAN_POINT('',(-0.175083125196,-0.879440983142,
    0.701098128014));
#5548 = LINE('',#5549,#5550);
#5549 = CARTESIAN_POINT('',(-0.325083125196,-0.879440996255,
    0.701098128014));
#5550 = VECTOR('',#5551,1.);
#5551 = DIRECTION('',(1.,8.742277657348E-08,0.));
#5552 = ORIENTED_EDGE('',*,*,#5553,.F.);
#5553 = EDGE_CURVE('',#5515,#5546,#5554,.T.);
#5554 = CIRCLE('',#5555,5.E-02);
#5555 = AXIS2_PLACEMENT_3D('',#5556,#5557,#5558);
#5556 = CARTESIAN_POINT('',(-0.175083122575,-0.909417177338,
    0.741115971303));
#5557 = DIRECTION('',(1.,8.742277657348E-08,0.));
#5558 = DIRECTION('',(-7.619288481761E-09,8.715450115402E-02,
    -0.996194806716));
#5559 = ORIENTED_EDGE('',*,*,#5512,.F.);
#5560 = ORIENTED_EDGE('',*,*,#5561,.T.);
#5561 = EDGE_CURVE('',#5513,#5544,#5562,.T.);
#5562 = CIRCLE('',#5563,5.E-02);
#5563 = AXIS2_PLACEMENT_3D('',#5564,#5565,#5566);
#5564 = CARTESIAN_POINT('',(-0.325083122575,-0.909417190452,
    0.741115971303));
#5565 = DIRECTION('',(1.,8.742277657348E-08,0.));
#5566 = DIRECTION('',(-7.619288481761E-09,8.715450115402E-02,
    -0.996194806716));
#5567 = CYLINDRICAL_SURFACE('',#5568,5.E-02);
#5568 = AXIS2_PLACEMENT_3D('',#5569,#5570,#5571);
#5569 = CARTESIAN_POINT('',(-0.325083122575,-0.909417190452,
    0.741115971303));
#5570 = DIRECTION('',(1.,8.742277657348E-08,0.));
#5571 = DIRECTION('',(-3.821370931908E-15,4.371138828674E-08,1.));
#5572 = ADVANCED_FACE('',(#5573),#5598,.T.);
#5573 = FACE_BOUND('',#5574,.T.);
#5574 = EDGE_LOOP('',(#5575,#5583,#5584,#5592));
#5575 = ORIENTED_EDGE('',*,*,#5576,.F.);
#5576 = EDGE_CURVE('',#5546,#5577,#5579,.T.);
#5577 = VERTEX_POINT('',#5578);
#5578 = CARTESIAN_POINT('',(-0.175083127985,-0.847533753648,
    0.724998898995));
#5579 = LINE('',#5580,#5581);
#5580 = CARTESIAN_POINT('',(-0.175083125196,-0.879440983142,
    0.701098128014));
#5581 = VECTOR('',#5582,1.);
#5582 = DIRECTION('',(-6.996941945602E-08,0.800356865779,0.599523883929)
  );
#5583 = ORIENTED_EDGE('',*,*,#5543,.F.);
#5584 = ORIENTED_EDGE('',*,*,#5585,.T.);
#5585 = EDGE_CURVE('',#5544,#5586,#5588,.T.);
#5586 = VERTEX_POINT('',#5587);
#5587 = CARTESIAN_POINT('',(-0.325083127985,-0.847533766761,
    0.724998898995));
#5588 = LINE('',#5589,#5590);
#5589 = CARTESIAN_POINT('',(-0.325083125196,-0.879440996255,
    0.701098128014));
#5590 = VECTOR('',#5591,1.);
#5591 = DIRECTION('',(-6.996941945602E-08,0.800356865779,0.599523883929)
  );
#5592 = ORIENTED_EDGE('',*,*,#5593,.T.);
#5593 = EDGE_CURVE('',#5586,#5577,#5594,.T.);
#5594 = LINE('',#5595,#5596);
#5595 = CARTESIAN_POINT('',(-0.325083127985,-0.847533766761,
    0.724998898995));
#5596 = VECTOR('',#5597,1.);
#5597 = DIRECTION('',(1.,8.742277657348E-08,0.));
#5598 = PLANE('',#5599);
#5599 = AXIS2_PLACEMENT_3D('',#5600,#5601,#5602);
#5600 = CARTESIAN_POINT('',(-0.325083125196,-0.879440996255,
    0.701098128014));
#5601 = DIRECTION('',(-5.241204255516E-08,0.599523883929,-0.800356865779
    ));
#5602 = DIRECTION('',(1.,8.742277657348E-08,0.));
#5603 = ADVANCED_FACE('',(#5604),#5638,.T.);
#5604 = FACE_BOUND('',#5605,.T.);
#5605 = EDGE_LOOP('',(#5606,#5616,#5624,#5632));
#5606 = ORIENTED_EDGE('',*,*,#5607,.T.);
#5607 = EDGE_CURVE('',#5608,#5610,#5612,.T.);
#5608 = VERTEX_POINT('',#5609);
#5609 = CARTESIAN_POINT('',(-0.325082974779,-2.600002315109,
    0.894998975598));
#5610 = VERTEX_POINT('',#5611);
#5611 = CARTESIAN_POINT('',(-0.325082949924,-2.884308769475,
    0.894998988025));
#5612 = LINE('',#5613,#5614);
#5613 = CARTESIAN_POINT('',(-0.325082974779,-2.600002315109,
    0.894998975598));
#5614 = VECTOR('',#5615,1.);
#5615 = DIRECTION('',(8.742277657348E-08,-1.,4.371138828674E-08));
#5616 = ORIENTED_EDGE('',*,*,#5617,.F.);
#5617 = EDGE_CURVE('',#5618,#5610,#5620,.T.);
#5618 = VERTEX_POINT('',#5619);
#5619 = CARTESIAN_POINT('',(-0.175082949924,-2.884308756362,
    0.894998988025));
#5620 = LINE('',#5621,#5622);
#5621 = CARTESIAN_POINT('',(-0.175082949924,-2.884308756362,
    0.894998988025));
#5622 = VECTOR('',#5623,1.);
#5623 = DIRECTION('',(-1.,-8.742277657348E-08,0.));
#5624 = ORIENTED_EDGE('',*,*,#5625,.F.);
#5625 = EDGE_CURVE('',#5626,#5618,#5628,.T.);
#5626 = VERTEX_POINT('',#5627);
#5627 = CARTESIAN_POINT('',(-0.175082974779,-2.600002301996,
    0.894998975598));
#5628 = LINE('',#5629,#5630);
#5629 = CARTESIAN_POINT('',(-0.175082974779,-2.600002301996,
    0.894998975598));
#5630 = VECTOR('',#5631,1.);
#5631 = DIRECTION('',(8.742277657348E-08,-1.,4.371138828674E-08));
#5632 = ORIENTED_EDGE('',*,*,#5633,.F.);
#5633 = EDGE_CURVE('',#5608,#5626,#5634,.T.);
#5634 = LINE('',#5635,#5636);
#5635 = CARTESIAN_POINT('',(-0.325082974779,-2.600002315109,
    0.894998975598));
#5636 = VECTOR('',#5637,1.);
#5637 = DIRECTION('',(1.,8.742277657348E-08,0.));
#5638 = PLANE('',#5639);
#5639 = AXIS2_PLACEMENT_3D('',#5640,#5641,#5642);
#5640 = CARTESIAN_POINT('',(-0.325082974779,-2.600002315109,
    0.894998975598));
#5641 = DIRECTION('',(-3.821370931908E-15,4.371138828674E-08,1.));
#5642 = DIRECTION('',(-1.,-8.742277657348E-08,0.));
#5643 = ADVANCED_FACE('',(#5644),#5678,.T.);
#5644 = FACE_BOUND('',#5645,.T.);
#5645 = EDGE_LOOP('',(#5646,#5656,#5664,#5672));
#5646 = ORIENTED_EDGE('',*,*,#5647,.T.);
#5647 = EDGE_CURVE('',#5648,#5650,#5652,.T.);
#5648 = VERTEX_POINT('',#5649);
#5649 = CARTESIAN_POINT('',(-0.325082954509,-2.831872322804,
    0.718956081411));
#5650 = VERTEX_POINT('',#5651);
#5651 = CARTESIAN_POINT('',(-0.325082967035,-2.688580592994,
    0.685268138432));
#5652 = LINE('',#5653,#5654);
#5653 = CARTESIAN_POINT('',(-0.325082954509,-2.831872322804,
    0.718956081411));
#5654 = VECTOR('',#5655,1.);
#5655 = DIRECTION('',(-8.510250572385E-08,0.973459195183,-0.228860646058
    ));
#5656 = ORIENTED_EDGE('',*,*,#5657,.T.);
#5657 = EDGE_CURVE('',#5650,#5658,#5660,.T.);
#5658 = VERTEX_POINT('',#5659);
#5659 = CARTESIAN_POINT('',(-0.175082967035,-2.688580579881,
    0.685268138432));
#5660 = LINE('',#5661,#5662);
#5661 = CARTESIAN_POINT('',(-0.325082967035,-2.688580592994,
    0.685268138432));
#5662 = VECTOR('',#5663,1.);
#5663 = DIRECTION('',(1.,8.742277657348E-08,0.));
#5664 = ORIENTED_EDGE('',*,*,#5665,.F.);
#5665 = EDGE_CURVE('',#5666,#5658,#5668,.T.);
#5666 = VERTEX_POINT('',#5667);
#5667 = CARTESIAN_POINT('',(-0.175082954509,-2.831872309691,
    0.718956081411));
#5668 = LINE('',#5669,#5670);
#5669 = CARTESIAN_POINT('',(-0.175082954509,-2.831872309691,
    0.718956081411));
#5670 = VECTOR('',#5671,1.);
#5671 = DIRECTION('',(-8.510250572385E-08,0.973459195183,-0.228860646058
    ));
#5672 = ORIENTED_EDGE('',*,*,#5673,.F.);
#5673 = EDGE_CURVE('',#5648,#5666,#5674,.T.);
#5674 = LINE('',#5675,#5676);
#5675 = CARTESIAN_POINT('',(-0.325082954509,-2.831872322804,
    0.718956081411));
#5676 = VECTOR('',#5677,1.);
#5677 = DIRECTION('',(1.,8.742277657348E-08,0.));
#5678 = PLANE('',#5679);
#5679 = AXIS2_PLACEMENT_3D('',#5680,#5681,#5682);
#5680 = CARTESIAN_POINT('',(-0.325082954509,-2.831872322804,
    0.718956081411));
#5681 = DIRECTION('',(2.000763312681E-08,-0.228860646058,-0.973459195183
    ));
#5682 = DIRECTION('',(8.510250572385E-08,-0.973459195183,0.228860646058)
  );
#5683 = ADVANCED_FACE('',(#5684),#5711,.T.);
#5684 = FACE_BOUND('',#5685,.T.);
#5685 = EDGE_LOOP('',(#5686,#5696,#5703,#5704));
#5686 = ORIENTED_EDGE('',*,*,#5687,.T.);
#5687 = EDGE_CURVE('',#5688,#5690,#5692,.T.);
#5688 = VERTEX_POINT('',#5689);
#5689 = CARTESIAN_POINT('',(-0.325082971037,-2.642808472525,
    0.679959977469));
#5690 = VERTEX_POINT('',#5691);
#5691 = CARTESIAN_POINT('',(-0.175082971037,-2.642808459412,
    0.679959977469));
#5692 = LINE('',#5693,#5694);
#5693 = CARTESIAN_POINT('',(-0.325082971037,-2.642808472525,
    0.679959977469));
#5694 = VECTOR('',#5695,1.);
#5695 = DIRECTION('',(1.,8.742277657348E-08,0.));
#5696 = ORIENTED_EDGE('',*,*,#5697,.F.);
#5697 = EDGE_CURVE('',#5658,#5690,#5698,.T.);
#5698 = CIRCLE('',#5699,0.2);
#5699 = AXIS2_PLACEMENT_3D('',#5700,#5701,#5702);
#5700 = CARTESIAN_POINT('',(-0.175082971037,-2.642808450669,
    0.879959977469));
#5701 = DIRECTION('',(1.,8.742277657348E-08,-3.308722450212E-24));
#5702 = DIRECTION('',(2.000763312681E-08,-0.228860646058,-0.973459195183
    ));
#5703 = ORIENTED_EDGE('',*,*,#5657,.F.);
#5704 = ORIENTED_EDGE('',*,*,#5705,.T.);
#5705 = EDGE_CURVE('',#5650,#5688,#5706,.T.);
#5706 = CIRCLE('',#5707,0.2);
#5707 = AXIS2_PLACEMENT_3D('',#5708,#5709,#5710);
#5708 = CARTESIAN_POINT('',(-0.325082971037,-2.642808463783,
    0.879959977469));
#5709 = DIRECTION('',(1.,8.742277657348E-08,-3.308722450212E-24));
#5710 = DIRECTION('',(2.000763312681E-08,-0.228860646058,-0.973459195183
    ));
#5711 = CYLINDRICAL_SURFACE('',#5712,0.2);
#5712 = AXIS2_PLACEMENT_3D('',#5713,#5714,#5715);
#5713 = CARTESIAN_POINT('',(-0.325082971037,-2.642808463783,
    0.879959977469));
#5714 = DIRECTION('',(1.,8.742277657348E-08,0.));
#5715 = DIRECTION('',(-3.821370931908E-15,4.371138828674E-08,1.));
#5716 = ADVANCED_FACE('',(#5717),#5742,.T.);
#5717 = FACE_BOUND('',#5718,.T.);
#5718 = EDGE_LOOP('',(#5719,#5727,#5728,#5736));
#5719 = ORIENTED_EDGE('',*,*,#5720,.F.);
#5720 = EDGE_CURVE('',#5690,#5721,#5723,.T.);
#5721 = VERTEX_POINT('',#5722);
#5722 = CARTESIAN_POINT('',(-0.175082974779,-2.600002311396,
    0.679959975598));
#5723 = LINE('',#5724,#5725);
#5724 = CARTESIAN_POINT('',(-0.175082971037,-2.642808459412,
    0.679959977469));
#5725 = VECTOR('',#5726,1.);
#5726 = DIRECTION('',(-8.742277657348E-08,1.,-4.371138828674E-08));
#5727 = ORIENTED_EDGE('',*,*,#5687,.F.);
#5728 = ORIENTED_EDGE('',*,*,#5729,.T.);
#5729 = EDGE_CURVE('',#5688,#5730,#5732,.T.);
#5730 = VERTEX_POINT('',#5731);
#5731 = CARTESIAN_POINT('',(-0.325082974779,-2.600002324509,
    0.679959975598));
#5732 = LINE('',#5733,#5734);
#5733 = CARTESIAN_POINT('',(-0.325082971037,-2.642808472525,
    0.679959977469));
#5734 = VECTOR('',#5735,1.);
#5735 = DIRECTION('',(-8.742277657348E-08,1.,-4.371138828674E-08));
#5736 = ORIENTED_EDGE('',*,*,#5737,.T.);
#5737 = EDGE_CURVE('',#5730,#5721,#5738,.T.);
#5738 = LINE('',#5739,#5740);
#5739 = CARTESIAN_POINT('',(-0.325082974779,-2.600002324509,
    0.679959975598));
#5740 = VECTOR('',#5741,1.);
#5741 = DIRECTION('',(1.,8.742277657348E-08,0.));
#5742 = PLANE('',#5743);
#5743 = AXIS2_PLACEMENT_3D('',#5744,#5745,#5746);
#5744 = CARTESIAN_POINT('',(-0.325082971037,-2.642808472525,
    0.679959977469));
#5745 = DIRECTION('',(3.821370931908E-15,-4.371138828674E-08,-1.));
#5746 = DIRECTION('',(8.742277657348E-08,-1.,4.371138828674E-08));
#5747 = ADVANCED_FACE('',(#5748),#5784,.F.);
#5748 = FACE_BOUND('',#5749,.F.);
#5749 = EDGE_LOOP('',(#5750,#5761,#5769,#5778));
#5750 = ORIENTED_EDGE('',*,*,#5751,.F.);
#5751 = EDGE_CURVE('',#5752,#5754,#5756,.T.);
#5752 = VERTEX_POINT('',#5753);
#5753 = CARTESIAN_POINT('',(-0.325082895157,-3.510775084747,
    0.384861370253));
#5754 = VERTEX_POINT('',#5755);
#5755 = CARTESIAN_POINT('',(-0.325082893277,-3.532283059987,
    0.379999016349));
#5756 = CIRCLE('',#5757,5.E-02);
#5757 = AXIS2_PLACEMENT_3D('',#5758,#5759,#5760);
#5758 = CARTESIAN_POINT('',(-0.325082893277,-3.532283057801,
    0.429999016349));
#5759 = DIRECTION('',(-1.,-8.742277657348E-08,6.617444900424E-24));
#5760 = DIRECTION('',(-3.760573445801E-08,0.430159461092,-0.902752921919
    ));
#5761 = ORIENTED_EDGE('',*,*,#5762,.T.);
#5762 = EDGE_CURVE('',#5752,#5763,#5765,.T.);
#5763 = VERTEX_POINT('',#5764);
#5764 = CARTESIAN_POINT('',(-0.175082895157,-3.510775071634,
    0.384861370253));
#5765 = LINE('',#5766,#5767);
#5766 = CARTESIAN_POINT('',(-0.325082895157,-3.510775084747,
    0.384861370253));
#5767 = VECTOR('',#5768,1.);
#5768 = DIRECTION('',(1.,8.742277657348E-08,0.));
#5769 = ORIENTED_EDGE('',*,*,#5770,.T.);
#5770 = EDGE_CURVE('',#5763,#5771,#5773,.T.);
#5771 = VERTEX_POINT('',#5772);
#5772 = CARTESIAN_POINT('',(-0.175082893277,-3.532283046873,
    0.379999016349));
#5773 = CIRCLE('',#5774,5.E-02);
#5774 = AXIS2_PLACEMENT_3D('',#5775,#5776,#5777);
#5775 = CARTESIAN_POINT('',(-0.175082893277,-3.532283044688,
    0.429999016349));
#5776 = DIRECTION('',(-1.,-8.742277657348E-08,6.617444900424E-24));
#5777 = DIRECTION('',(-3.760573445801E-08,0.430159461092,-0.902752921919
    ));
#5778 = ORIENTED_EDGE('',*,*,#5779,.F.);
#5779 = EDGE_CURVE('',#5754,#5771,#5780,.T.);
#5780 = LINE('',#5781,#5782);
#5781 = CARTESIAN_POINT('',(-0.325082893277,-3.532283059987,
    0.379999016349));
#5782 = VECTOR('',#5783,1.);
#5783 = DIRECTION('',(1.,8.742277657348E-08,0.));
#5784 = CYLINDRICAL_SURFACE('',#5785,5.E-02);
#5785 = AXIS2_PLACEMENT_3D('',#5786,#5787,#5788);
#5786 = CARTESIAN_POINT('',(-0.325082893277,-3.532283057801,
    0.429999016349));
#5787 = DIRECTION('',(1.,8.742277657348E-08,0.));
#5788 = DIRECTION('',(-3.821370931908E-15,4.371138828674E-08,1.));
#5789 = ADVANCED_FACE('',(#5790),#5815,.T.);
#5790 = FACE_BOUND('',#5791,.T.);
#5791 = EDGE_LOOP('',(#5792,#5802,#5808,#5809));
#5792 = ORIENTED_EDGE('',*,*,#5793,.T.);
#5793 = EDGE_CURVE('',#5794,#5796,#5798,.T.);
#5794 = VERTEX_POINT('',#5795);
#5795 = CARTESIAN_POINT('',(-0.325082887356,-3.600002337621,
    0.379999019309));
#5796 = VERTEX_POINT('',#5797);
#5797 = CARTESIAN_POINT('',(-0.175082887356,-3.600002324507,
    0.379999019309));
#5798 = LINE('',#5799,#5800);
#5799 = CARTESIAN_POINT('',(-0.325082887356,-3.600002337621,
    0.379999019309));
#5800 = VECTOR('',#5801,1.);
#5801 = DIRECTION('',(1.,8.742277657348E-08,0.));
#5802 = ORIENTED_EDGE('',*,*,#5803,.F.);
#5803 = EDGE_CURVE('',#5771,#5796,#5804,.T.);
#5804 = LINE('',#5805,#5806);
#5805 = CARTESIAN_POINT('',(-0.175082893277,-3.532283046873,
    0.379999016349));
#5806 = VECTOR('',#5807,1.);
#5807 = DIRECTION('',(8.742277657348E-08,-1.,4.371138828674E-08));
#5808 = ORIENTED_EDGE('',*,*,#5779,.F.);
#5809 = ORIENTED_EDGE('',*,*,#5810,.T.);
#5810 = EDGE_CURVE('',#5754,#5794,#5811,.T.);
#5811 = LINE('',#5812,#5813);
#5812 = CARTESIAN_POINT('',(-0.325082893277,-3.532283059987,
    0.379999016349));
#5813 = VECTOR('',#5814,1.);
#5814 = DIRECTION('',(8.742277657348E-08,-1.,4.371138828674E-08));
#5815 = PLANE('',#5816);
#5816 = AXIS2_PLACEMENT_3D('',#5817,#5818,#5819);
#5817 = CARTESIAN_POINT('',(-0.325082893277,-3.532283059987,
    0.379999016349));
#5818 = DIRECTION('',(-3.821370931908E-15,4.371138828674E-08,1.));
#5819 = DIRECTION('',(-1.,-8.742277657348E-08,0.));
#5820 = ADVANCED_FACE('',(#5821),#5837,.T.);
#5821 = FACE_BOUND('',#5822,.T.);
#5822 = EDGE_LOOP('',(#5823,#5824,#5830,#5831));
#5823 = ORIENTED_EDGE('',*,*,#1471,.T.);
#5824 = ORIENTED_EDGE('',*,*,#5825,.F.);
#5825 = EDGE_CURVE('',#5796,#1474,#5826,.T.);
#5826 = LINE('',#5827,#5828);
#5827 = CARTESIAN_POINT('',(-0.175082887356,-3.600002324507,
    0.379999019309));
#5828 = VECTOR('',#5829,1.);
#5829 = DIRECTION('',(3.821370931908E-15,-4.371138828674E-08,-1.));
#5830 = ORIENTED_EDGE('',*,*,#5793,.F.);
#5831 = ORIENTED_EDGE('',*,*,#5832,.T.);
#5832 = EDGE_CURVE('',#5794,#1472,#5833,.T.);
#5833 = LINE('',#5834,#5835);
#5834 = CARTESIAN_POINT('',(-0.325082887356,-3.600002337621,
    0.379999019309));
#5835 = VECTOR('',#5836,1.);
#5836 = DIRECTION('',(3.821370931908E-15,-4.371138828674E-08,-1.));
#5837 = PLANE('',#5838);
#5838 = AXIS2_PLACEMENT_3D('',#5839,#5840,#5841);
#5839 = CARTESIAN_POINT('',(-0.325082887356,-3.600002337621,
    0.379999019309));
#5840 = DIRECTION('',(8.742277657348E-08,-1.,4.371138828674E-08));
#5841 = DIRECTION('',(3.821370931908E-15,-4.371138828674E-08,-1.));
#5842 = ADVANCED_FACE('',(#5843),#5870,.F.);
#5843 = FACE_BOUND('',#5844,.F.);
#5844 = EDGE_LOOP('',(#5845,#5854,#5862,#5869));
#5845 = ORIENTED_EDGE('',*,*,#5846,.T.);
#5846 = EDGE_CURVE('',#1482,#5847,#5849,.T.);
#5847 = VERTEX_POINT('',#5848);
#5848 = CARTESIAN_POINT('',(-0.175082891766,-3.549565339927,
    2.952901710355E-02));
#5849 = CIRCLE('',#5850,5.E-02);
#5850 = AXIS2_PLACEMENT_3D('',#5851,#5852,#5853);
#5851 = CARTESIAN_POINT('',(-0.175082887395,-3.599565339927,
    2.952901928912E-02));
#5852 = DIRECTION('',(-1.,-8.742277657348E-08,0.));
#5853 = DIRECTION('',(7.640710712331E-10,-8.73995429087E-03,
    0.99996180587));
#5854 = ORIENTED_EDGE('',*,*,#5855,.F.);
#5855 = EDGE_CURVE('',#5856,#5847,#5858,.T.);
#5856 = VERTEX_POINT('',#5857);
#5857 = CARTESIAN_POINT('',(-0.325082891766,-3.54956535304,
    2.952901710355E-02));
#5858 = LINE('',#5859,#5860);
#5859 = CARTESIAN_POINT('',(-0.325082891766,-3.54956535304,
    2.952901710355E-02));
#5860 = VECTOR('',#5861,1.);
#5861 = DIRECTION('',(1.,8.742277657348E-08,0.));
#5862 = ORIENTED_EDGE('',*,*,#5863,.F.);
#5863 = EDGE_CURVE('',#1491,#5856,#5864,.T.);
#5864 = CIRCLE('',#5865,5.E-02);
#5865 = AXIS2_PLACEMENT_3D('',#5866,#5867,#5868);
#5866 = CARTESIAN_POINT('',(-0.325082887395,-3.59956535304,
    2.952901928912E-02));
#5867 = DIRECTION('',(-1.,-8.742277657348E-08,0.));
#5868 = DIRECTION('',(7.640710712331E-10,-8.73995429087E-03,
    0.99996180587));
#5869 = ORIENTED_EDGE('',*,*,#1490,.T.);
#5870 = CYLINDRICAL_SURFACE('',#5871,5.E-02);
#5871 = AXIS2_PLACEMENT_3D('',#5872,#5873,#5874);
#5872 = CARTESIAN_POINT('',(-0.325082887395,-3.59956535304,
    2.952901928912E-02));
#5873 = DIRECTION('',(1.,8.742277657348E-08,0.));
#5874 = DIRECTION('',(-3.821370931908E-15,4.371138828674E-08,1.));
#5875 = ADVANCED_FACE('',(#5876),#5901,.T.);
#5876 = FACE_BOUND('',#5877,.T.);
#5877 = EDGE_LOOP('',(#5878,#5888,#5894,#5895));
#5878 = ORIENTED_EDGE('',*,*,#5879,.T.);
#5879 = EDGE_CURVE('',#5880,#5882,#5884,.T.);
#5880 = VERTEX_POINT('',#5881);
#5881 = CARTESIAN_POINT('',(-0.325082891766,-3.549565354331,
    -3.422422500954E-07));
#5882 = VERTEX_POINT('',#5883);
#5883 = CARTESIAN_POINT('',(-0.175082891766,-3.549565341218,
    -3.422422500954E-07));
#5884 = LINE('',#5885,#5886);
#5885 = CARTESIAN_POINT('',(-0.325082891766,-3.549565354331,
    -3.422422500954E-07));
#5886 = VECTOR('',#5887,1.);
#5887 = DIRECTION('',(1.,8.742277657348E-08,0.));
#5888 = ORIENTED_EDGE('',*,*,#5889,.F.);
#5889 = EDGE_CURVE('',#5847,#5882,#5890,.T.);
#5890 = LINE('',#5891,#5892);
#5891 = CARTESIAN_POINT('',(-0.175082891766,-3.549565339927,
    2.952901710355E-02));
#5892 = VECTOR('',#5893,1.);
#5893 = DIRECTION('',(3.821370931908E-15,-4.371138828674E-08,-1.));
#5894 = ORIENTED_EDGE('',*,*,#5855,.F.);
#5895 = ORIENTED_EDGE('',*,*,#5896,.T.);
#5896 = EDGE_CURVE('',#5856,#5880,#5897,.T.);
#5897 = LINE('',#5898,#5899);
#5898 = CARTESIAN_POINT('',(-0.325082891766,-3.54956535304,
    2.952901710355E-02));
#5899 = VECTOR('',#5900,1.);
#5900 = DIRECTION('',(3.821370931908E-15,-4.371138828674E-08,-1.));
#5901 = PLANE('',#5902);
#5902 = AXIS2_PLACEMENT_3D('',#5903,#5904,#5905);
#5903 = CARTESIAN_POINT('',(-0.325082891766,-3.54956535304,
    2.952901710355E-02));
#5904 = DIRECTION('',(8.742277657348E-08,-1.,4.371138828674E-08));
#5905 = DIRECTION('',(3.821370931908E-15,-4.371138828674E-08,-1.));
#5906 = ADVANCED_FACE('',(#5907),#5932,.T.);
#5907 = FACE_BOUND('',#5908,.T.);
#5908 = EDGE_LOOP('',(#5909,#5919,#5925,#5926));
#5909 = ORIENTED_EDGE('',*,*,#5910,.T.);
#5910 = EDGE_CURVE('',#5911,#5913,#5915,.T.);
#5911 = VERTEX_POINT('',#5912);
#5912 = CARTESIAN_POINT('',(-0.325082922306,-3.200225973205,
    -3.575123593835E-07));
#5913 = VERTEX_POINT('',#5914);
#5914 = CARTESIAN_POINT('',(-0.175082922306,-3.200225960092,
    -3.575123593835E-07));
#5915 = LINE('',#5916,#5917);
#5916 = CARTESIAN_POINT('',(-0.325082922306,-3.200225973205,
    -3.575123593835E-07));
#5917 = VECTOR('',#5918,1.);
#5918 = DIRECTION('',(1.,8.742277657348E-08,0.));
#5919 = ORIENTED_EDGE('',*,*,#5920,.F.);
#5920 = EDGE_CURVE('',#5882,#5913,#5921,.T.);
#5921 = LINE('',#5922,#5923);
#5922 = CARTESIAN_POINT('',(-0.175082891766,-3.549565341218,
    -3.422422500954E-07));
#5923 = VECTOR('',#5924,1.);
#5924 = DIRECTION('',(-8.742277657348E-08,1.,-4.371138828674E-08));
#5925 = ORIENTED_EDGE('',*,*,#5879,.F.);
#5926 = ORIENTED_EDGE('',*,*,#5927,.T.);
#5927 = EDGE_CURVE('',#5880,#5911,#5928,.T.);
#5928 = LINE('',#5929,#5930);
#5929 = CARTESIAN_POINT('',(-0.325082891766,-3.549565354331,
    -3.422422500954E-07));
#5930 = VECTOR('',#5931,1.);
#5931 = DIRECTION('',(-8.742277657348E-08,1.,-4.371138828674E-08));
#5932 = PLANE('',#5933);
#5933 = AXIS2_PLACEMENT_3D('',#5934,#5935,#5936);
#5934 = CARTESIAN_POINT('',(-0.325082891766,-3.549565354331,
    -3.422422500954E-07));
#5935 = DIRECTION('',(3.821370931908E-15,-4.371138828674E-08,-1.));
#5936 = DIRECTION('',(8.742277657348E-08,-1.,4.371138828674E-08));
#5937 = ADVANCED_FACE('',(#5938),#5965,.T.);
#5938 = FACE_BOUND('',#5939,.T.);
#5939 = EDGE_LOOP('',(#5940,#5950,#5957,#5958));
#5940 = ORIENTED_EDGE('',*,*,#5941,.T.);
#5941 = EDGE_CURVE('',#5942,#5944,#5946,.T.);
#5942 = VERTEX_POINT('',#5943);
#5943 = CARTESIAN_POINT('',(-0.325082916195,-3.270127537684,
    7.371055284804E-02));
#5944 = VERTEX_POINT('',#5945);
#5945 = CARTESIAN_POINT('',(-0.175082916195,-3.270127524571,
    7.371055284804E-02));
#5946 = LINE('',#5947,#5948);
#5947 = CARTESIAN_POINT('',(-0.325082916195,-3.270127537684,
    7.371055284804E-02));
#5948 = VECTOR('',#5949,1.);
#5949 = DIRECTION('',(1.,8.742277657348E-08,0.));
#5950 = ORIENTED_EDGE('',*,*,#5951,.F.);
#5951 = EDGE_CURVE('',#5913,#5944,#5952,.T.);
#5952 = CIRCLE('',#5953,7.E-02);
#5953 = AXIS2_PLACEMENT_3D('',#5954,#5955,#5956);
#5954 = CARTESIAN_POINT('',(-0.175082916195,-3.27012752763,
    3.710552848035E-03));
#5955 = DIRECTION('',(1.,8.742277657348E-08,8.27180612553E-25));
#5956 = DIRECTION('',(-8.729984458611E-08,0.998593821974,
    -5.301300514863E-02));
#5957 = ORIENTED_EDGE('',*,*,#5910,.F.);
#5958 = ORIENTED_EDGE('',*,*,#5959,.T.);
#5959 = EDGE_CURVE('',#5911,#5942,#5960,.T.);
#5960 = CIRCLE('',#5961,7.E-02);
#5961 = AXIS2_PLACEMENT_3D('',#5962,#5963,#5964);
#5962 = CARTESIAN_POINT('',(-0.325082916195,-3.270127540744,
    3.710552848035E-03));
#5963 = DIRECTION('',(1.,8.742277657348E-08,8.27180612553E-25));
#5964 = DIRECTION('',(-8.729984458611E-08,0.998593821974,
    -5.301300514863E-02));
#5965 = CYLINDRICAL_SURFACE('',#5966,7.E-02);
#5966 = AXIS2_PLACEMENT_3D('',#5967,#5968,#5969);
#5967 = CARTESIAN_POINT('',(-0.325082916195,-3.270127540744,
    3.710552848035E-03));
#5968 = DIRECTION('',(1.,8.742277657348E-08,0.));
#5969 = DIRECTION('',(-3.821370931908E-15,4.371138828674E-08,1.));
#5970 = ADVANCED_FACE('',(#5971),#5996,.T.);
#5971 = FACE_BOUND('',#5972,.T.);
#5972 = EDGE_LOOP('',(#5973,#5983,#5989,#5990));
#5973 = ORIENTED_EDGE('',*,*,#5974,.T.);
#5974 = EDGE_CURVE('',#5975,#5977,#5979,.T.);
#5975 = VERTEX_POINT('',#5976);
#5976 = CARTESIAN_POINT('',(-0.325082913583,-3.300002351009,
    7.37105541539E-02));
#5977 = VERTEX_POINT('',#5978);
#5978 = CARTESIAN_POINT('',(-0.175082913583,-3.300002337896,
    7.37105541539E-02));
#5979 = LINE('',#5980,#5981);
#5980 = CARTESIAN_POINT('',(-0.325082913583,-3.300002351009,
    7.37105541539E-02));
#5981 = VECTOR('',#5982,1.);
#5982 = DIRECTION('',(1.,8.742277657348E-08,0.));
#5983 = ORIENTED_EDGE('',*,*,#5984,.F.);
#5984 = EDGE_CURVE('',#5944,#5977,#5985,.T.);
#5985 = LINE('',#5986,#5987);
#5986 = CARTESIAN_POINT('',(-0.175082916195,-3.270127524571,
    7.371055284804E-02));
#5987 = VECTOR('',#5988,1.);
#5988 = DIRECTION('',(8.742277657348E-08,-1.,4.371138828674E-08));
#5989 = ORIENTED_EDGE('',*,*,#5941,.F.);
#5990 = ORIENTED_EDGE('',*,*,#5991,.T.);
#5991 = EDGE_CURVE('',#5942,#5975,#5992,.T.);
#5992 = LINE('',#5993,#5994);
#5993 = CARTESIAN_POINT('',(-0.325082916195,-3.270127537684,
    7.371055284804E-02));
#5994 = VECTOR('',#5995,1.);
#5995 = DIRECTION('',(8.742277657348E-08,-1.,4.371138828674E-08));
#5996 = PLANE('',#5997);
#5997 = AXIS2_PLACEMENT_3D('',#5998,#5999,#6000);
#5998 = CARTESIAN_POINT('',(-0.325082916195,-3.270127537684,
    7.371055284804E-02));
#5999 = DIRECTION('',(-3.821370931908E-15,4.371138828674E-08,1.));
#6000 = DIRECTION('',(-1.,-8.742277657348E-08,0.));
#6001 = ADVANCED_FACE('',(#6002),#6027,.T.);
#6002 = FACE_BOUND('',#6003,.T.);
#6003 = EDGE_LOOP('',(#6004,#6012,#6013,#6021));
#6004 = ORIENTED_EDGE('',*,*,#6005,.F.);
#6005 = EDGE_CURVE('',#5977,#6006,#6008,.T.);
#6006 = VERTEX_POINT('',#6007);
#6007 = CARTESIAN_POINT('',(-0.175082913583,-3.300002337621,
    7.99990061957E-02));
#6008 = LINE('',#6009,#6010);
#6009 = CARTESIAN_POINT('',(-0.175082913583,-3.300002337896,
    7.37105541539E-02));
#6010 = VECTOR('',#6011,1.);
#6011 = DIRECTION('',(-1.706258296524E-14,4.371138828674E-08,1.));
#6012 = ORIENTED_EDGE('',*,*,#5974,.F.);
#6013 = ORIENTED_EDGE('',*,*,#6014,.T.);
#6014 = EDGE_CURVE('',#5975,#6015,#6017,.T.);
#6015 = VERTEX_POINT('',#6016);
#6016 = CARTESIAN_POINT('',(-0.325082913583,-3.300002350734,
    7.99990061957E-02));
#6017 = LINE('',#6018,#6019);
#6018 = CARTESIAN_POINT('',(-0.325082913583,-3.300002351009,
    7.37105541539E-02));
#6019 = VECTOR('',#6020,1.);
#6020 = DIRECTION('',(-3.821370931908E-15,4.371138828674E-08,1.));
#6021 = ORIENTED_EDGE('',*,*,#6022,.T.);
#6022 = EDGE_CURVE('',#6015,#6006,#6023,.T.);
#6023 = LINE('',#6024,#6025);
#6024 = CARTESIAN_POINT('',(-0.325082913583,-3.300002350734,
    7.99990061957E-02));
#6025 = VECTOR('',#6026,1.);
#6026 = DIRECTION('',(1.,8.742277657348E-08,0.));
#6027 = PLANE('',#6028);
#6028 = AXIS2_PLACEMENT_3D('',#6029,#6030,#6031);
#6029 = CARTESIAN_POINT('',(-0.325082913583,-3.300002351009,
    7.37105541539E-02));
#6030 = DIRECTION('',(-8.742277657348E-08,1.,-4.371138828674E-08));
#6031 = DIRECTION('',(-1.,-8.742277657348E-08,0.));
#6032 = ADVANCED_FACE('',(#6033),#6054,.T.);
#6033 = FACE_BOUND('',#6034,.T.);
#6034 = EDGE_LOOP('',(#6035,#6036,#6037,#6038,#6039,#6040,#6048));
#6035 = ORIENTED_EDGE('',*,*,#5320,.T.);
#6036 = ORIENTED_EDGE('',*,*,#5352,.T.);
#6037 = ORIENTED_EDGE('',*,*,#5385,.T.);
#6038 = ORIENTED_EDGE('',*,*,#5416,.T.);
#6039 = ORIENTED_EDGE('',*,*,#5439,.T.);
#6040 = ORIENTED_EDGE('',*,*,#6041,.F.);
#6041 = EDGE_CURVE('',#6042,#5440,#6044,.T.);
#6042 = VERTEX_POINT('',#6043);
#6043 = CARTESIAN_POINT('',(-0.175083114656,-1.000002328004,
    0.29999890566));
#6044 = LINE('',#6045,#6046);
#6045 = CARTESIAN_POINT('',(-0.175083114656,-1.000002328004,
    0.29999890566));
#6046 = VECTOR('',#6047,1.);
#6047 = DIRECTION('',(8.709002045547E-08,-0.996193713686,
    8.716699382592E-02));
#6048 = ORIENTED_EDGE('',*,*,#6049,.T.);
#6049 = EDGE_CURVE('',#6042,#5321,#6050,.T.);
#6050 = LINE('',#6051,#6052);
#6051 = CARTESIAN_POINT('',(-0.175083114656,-1.000002328004,
    0.29999890566));
#6052 = VECTOR('',#6053,1.);
#6053 = DIRECTION('',(-8.742277657348E-08,1.,-4.371138828674E-08));
#6054 = PLANE('',#6055);
#6055 = AXIS2_PLACEMENT_3D('',#6056,#6057,#6058);
#6056 = CARTESIAN_POINT('',(-0.175083167109,-0.400002317076,
    0.549998879433));
#6057 = DIRECTION('',(1.,8.742277657348E-08,0.));
#6058 = DIRECTION('',(-8.742277657348E-08,1.,-4.371138828674E-08));
#6059 = ADVANCED_FACE('',(#6060),#6072,.T.);
#6060 = FACE_BOUND('',#6061,.T.);
#6061 = EDGE_LOOP('',(#6062,#6063,#6064,#6065,#6066));
#6062 = ORIENTED_EDGE('',*,*,#5480,.T.);
#6063 = ORIENTED_EDGE('',*,*,#5522,.T.);
#6064 = ORIENTED_EDGE('',*,*,#5553,.T.);
#6065 = ORIENTED_EDGE('',*,*,#5576,.T.);
#6066 = ORIENTED_EDGE('',*,*,#6067,.F.);
#6067 = EDGE_CURVE('',#5473,#5577,#6068,.T.);
#6068 = LINE('',#6069,#6070);
#6069 = CARTESIAN_POINT('',(-0.175083120755,-0.930230051281,
    0.72499890261));
#6070 = VECTOR('',#6071,1.);
#6071 = DIRECTION('',(-8.742277657348E-08,1.,-4.371138828674E-08));
#6072 = PLANE('',#6073);
#6073 = AXIS2_PLACEMENT_3D('',#6074,#6075,#6076);
#6074 = CARTESIAN_POINT('',(-0.175083167109,-0.400002317076,
    0.549998879433));
#6075 = DIRECTION('',(1.,8.742277657348E-08,0.));
#6076 = DIRECTION('',(-8.742277657348E-08,1.,-4.371138828674E-08));
#6077 = ADVANCED_FACE('',(#6078),#6105,.T.);
#6078 = FACE_BOUND('',#6079,.T.);
#6079 = EDGE_LOOP('',(#6080,#6081,#6090,#6096,#6097,#6098,#6099));
#6080 = ORIENTED_EDGE('',*,*,#5625,.T.);
#6081 = ORIENTED_EDGE('',*,*,#6082,.T.);
#6082 = EDGE_CURVE('',#5618,#6083,#6085,.T.);
#6083 = VERTEX_POINT('',#6084);
#6084 = CARTESIAN_POINT('',(-0.175082954509,-2.831872307897,
    0.759998985733));
#6085 = CIRCLE('',#6086,0.2);
#6086 = AXIS2_PLACEMENT_3D('',#6087,#6088,#6089);
#6087 = CARTESIAN_POINT('',(-0.175082937024,-3.031872307897,
    0.759998994475));
#6088 = DIRECTION('',(-1.,-8.742277657348E-08,-6.617444900424E-24));
#6089 = DIRECTION('',(-6.450207698107E-08,0.737817757674,0.674999967749)
  );
#6090 = ORIENTED_EDGE('',*,*,#6091,.F.);
#6091 = EDGE_CURVE('',#5666,#6083,#6092,.T.);
#6092 = LINE('',#6093,#6094);
#6093 = CARTESIAN_POINT('',(-0.175082954509,-2.831872309691,
    0.718956081411));
#6094 = VECTOR('',#6095,1.);
#6095 = DIRECTION('',(-3.821370931908E-15,4.371138828674E-08,1.));
#6096 = ORIENTED_EDGE('',*,*,#5665,.T.);
#6097 = ORIENTED_EDGE('',*,*,#5697,.T.);
#6098 = ORIENTED_EDGE('',*,*,#5720,.T.);
#6099 = ORIENTED_EDGE('',*,*,#6100,.T.);
#6100 = EDGE_CURVE('',#5721,#5626,#6101,.T.);
#6101 = LINE('',#6102,#6103);
#6102 = CARTESIAN_POINT('',(-0.175082974779,-2.600002311396,
    0.679959975598));
#6103 = VECTOR('',#6104,1.);
#6104 = DIRECTION('',(-3.821370931908E-15,4.371138828674E-08,1.));
#6105 = PLANE('',#6106);
#6106 = AXIS2_PLACEMENT_3D('',#6107,#6108,#6109);
#6107 = CARTESIAN_POINT('',(-0.175083167109,-0.400002317076,
    0.549998879433));
#6108 = DIRECTION('',(1.,8.742277657348E-08,0.));
#6109 = DIRECTION('',(-8.742277657348E-08,1.,-4.371138828674E-08));
#6110 = ADVANCED_FACE('',(#6111),#6145,.T.);
#6111 = FACE_BOUND('',#6112,.T.);
#6112 = EDGE_LOOP('',(#6113,#6121,#6122,#6123,#6124,#6125,#6126,#6127,
    #6128,#6129,#6130,#6131,#6139));
#6113 = ORIENTED_EDGE('',*,*,#6114,.T.);
#6114 = EDGE_CURVE('',#6115,#5763,#6117,.T.);
#6115 = VERTEX_POINT('',#6116);
#6116 = CARTESIAN_POINT('',(-0.175082896099,-3.50000232407,
    0.389994556946));
#6117 = LINE('',#6118,#6119);
#6118 = CARTESIAN_POINT('',(-0.175082896099,-3.50000232407,
    0.389994556946));
#6119 = VECTOR('',#6120,1.);
#6120 = DIRECTION('',(7.892116699397E-08,-0.902752921919,-0.430159461092
    ));
#6121 = ORIENTED_EDGE('',*,*,#5770,.T.);
#6122 = ORIENTED_EDGE('',*,*,#5803,.T.);
#6123 = ORIENTED_EDGE('',*,*,#5825,.T.);
#6124 = ORIENTED_EDGE('',*,*,#1481,.T.);
#6125 = ORIENTED_EDGE('',*,*,#5846,.T.);
#6126 = ORIENTED_EDGE('',*,*,#5889,.T.);
#6127 = ORIENTED_EDGE('',*,*,#5920,.T.);
#6128 = ORIENTED_EDGE('',*,*,#5951,.T.);
#6129 = ORIENTED_EDGE('',*,*,#5984,.T.);
#6130 = ORIENTED_EDGE('',*,*,#6005,.T.);
#6131 = ORIENTED_EDGE('',*,*,#6132,.T.);
#6132 = EDGE_CURVE('',#6006,#6133,#6135,.T.);
#6133 = VERTEX_POINT('',#6134);
#6134 = CARTESIAN_POINT('',(-0.175082896099,-3.500002337621,
    7.999901493798E-02));
#6135 = LINE('',#6136,#6137);
#6136 = CARTESIAN_POINT('',(-0.175082913583,-3.300002337621,
    7.99990061957E-02));
#6137 = VECTOR('',#6138,1.);
#6138 = DIRECTION('',(8.742277657348E-08,-1.,4.371138828674E-08));
#6139 = ORIENTED_EDGE('',*,*,#6140,.T.);
#6140 = EDGE_CURVE('',#6133,#6115,#6141,.T.);
#6141 = LINE('',#6142,#6143);
#6142 = CARTESIAN_POINT('',(-0.175082896099,-3.500002337621,
    7.999901493798E-02));
#6143 = VECTOR('',#6144,1.);
#6144 = DIRECTION('',(-3.821370931908E-15,4.371138828674E-08,1.));
#6145 = PLANE('',#6146);
#6146 = AXIS2_PLACEMENT_3D('',#6147,#6148,#6149);
#6147 = CARTESIAN_POINT('',(-0.175083167109,-0.400002317076,
    0.549998879433));
#6148 = DIRECTION('',(1.,8.742277657348E-08,0.));
#6149 = DIRECTION('',(-8.742277657348E-08,1.,-4.371138828674E-08));
#6150 = ADVANCED_FACE('',(#6151),#6169,.T.);
#6151 = FACE_BOUND('',#6152,.T.);
#6152 = EDGE_LOOP('',(#6153,#6161,#6162,#6163));
#6153 = ORIENTED_EDGE('',*,*,#6154,.T.);
#6154 = EDGE_CURVE('',#6155,#5752,#6157,.T.);
#6155 = VERTEX_POINT('',#6156);
#6156 = CARTESIAN_POINT('',(-0.325082896099,-3.500002337184,
    0.389994556946));
#6157 = LINE('',#6158,#6159);
#6158 = CARTESIAN_POINT('',(-0.325082896099,-3.500002337184,
    0.389994556946));
#6159 = VECTOR('',#6160,1.);
#6160 = DIRECTION('',(7.892116699397E-08,-0.902752921919,-0.430159461092
    ));
#6161 = ORIENTED_EDGE('',*,*,#5762,.T.);
#6162 = ORIENTED_EDGE('',*,*,#6114,.F.);
#6163 = ORIENTED_EDGE('',*,*,#6164,.F.);
#6164 = EDGE_CURVE('',#6155,#6115,#6165,.T.);
#6165 = LINE('',#6166,#6167);
#6166 = CARTESIAN_POINT('',(-0.325082896099,-3.500002337184,
    0.389994556946));
#6167 = VECTOR('',#6168,1.);
#6168 = DIRECTION('',(1.,8.742277657348E-08,0.));
#6169 = PLANE('',#6170);
#6170 = AXIS2_PLACEMENT_3D('',#6171,#6172,#6173);
#6171 = CARTESIAN_POINT('',(-0.325082896099,-3.500002337184,
    0.389994556946));
#6172 = DIRECTION('',(3.760573445801E-08,-0.430159461092,0.902752921919)
  );
#6173 = DIRECTION('',(1.,8.742277657348E-08,0.));
#6174 = ADVANCED_FACE('',(#6175),#6196,.F.);
#6175 = FACE_BOUND('',#6176,.T.);
#6176 = EDGE_LOOP('',(#6177,#6185,#6186,#6187,#6188,#6189,#6190));
#6177 = ORIENTED_EDGE('',*,*,#6178,.T.);
#6178 = EDGE_CURVE('',#6179,#5449,#6181,.T.);
#6179 = VERTEX_POINT('',#6180);
#6180 = CARTESIAN_POINT('',(-0.325083114656,-1.000002341118,
    0.29999890566));
#6181 = LINE('',#6182,#6183);
#6182 = CARTESIAN_POINT('',(-0.325083114656,-1.000002341118,
    0.29999890566));
#6183 = VECTOR('',#6184,1.);
#6184 = DIRECTION('',(8.709002045547E-08,-0.996193713686,
    8.716699382592E-02));
#6185 = ORIENTED_EDGE('',*,*,#5448,.F.);
#6186 = ORIENTED_EDGE('',*,*,#5406,.F.);
#6187 = ORIENTED_EDGE('',*,*,#5392,.F.);
#6188 = ORIENTED_EDGE('',*,*,#5360,.F.);
#6189 = ORIENTED_EDGE('',*,*,#5302,.F.);
#6190 = ORIENTED_EDGE('',*,*,#6191,.F.);
#6191 = EDGE_CURVE('',#6179,#5303,#6192,.T.);
#6192 = LINE('',#6193,#6194);
#6193 = CARTESIAN_POINT('',(-0.325083114656,-1.000002341118,
    0.29999890566));
#6194 = VECTOR('',#6195,1.);
#6195 = DIRECTION('',(-8.742277657348E-08,1.,-4.371138828674E-08));
#6196 = PLANE('',#6197);
#6197 = AXIS2_PLACEMENT_3D('',#6198,#6199,#6200);
#6198 = CARTESIAN_POINT('',(-0.325083167109,-0.40000233019,
    0.549998879433));
#6199 = DIRECTION('',(1.,8.742277657348E-08,0.));
#6200 = DIRECTION('',(-8.742277657348E-08,1.,-4.371138828674E-08));
#6201 = ADVANCED_FACE('',(#6202),#6214,.F.);
#6202 = FACE_BOUND('',#6203,.T.);
#6203 = EDGE_LOOP('',(#6204,#6205,#6206,#6207,#6208));
#6204 = ORIENTED_EDGE('',*,*,#5585,.F.);
#6205 = ORIENTED_EDGE('',*,*,#5561,.F.);
#6206 = ORIENTED_EDGE('',*,*,#5529,.F.);
#6207 = ORIENTED_EDGE('',*,*,#5497,.F.);
#6208 = ORIENTED_EDGE('',*,*,#6209,.T.);
#6209 = EDGE_CURVE('',#5471,#5586,#6210,.T.);
#6210 = LINE('',#6211,#6212);
#6211 = CARTESIAN_POINT('',(-0.325083120755,-0.930230064394,
    0.72499890261));
#6212 = VECTOR('',#6213,1.);
#6213 = DIRECTION('',(-8.742277657348E-08,1.,-4.371138828674E-08));
#6214 = PLANE('',#6215);
#6215 = AXIS2_PLACEMENT_3D('',#6216,#6217,#6218);
#6216 = CARTESIAN_POINT('',(-0.325083167109,-0.40000233019,
    0.549998879433));
#6217 = DIRECTION('',(1.,8.742277657348E-08,0.));
#6218 = DIRECTION('',(-8.742277657348E-08,1.,-4.371138828674E-08));
#6219 = ADVANCED_FACE('',(#6220),#6247,.F.);
#6220 = FACE_BOUND('',#6221,.T.);
#6221 = EDGE_LOOP('',(#6222,#6223,#6224,#6225,#6233,#6240,#6241));
#6222 = ORIENTED_EDGE('',*,*,#5729,.F.);
#6223 = ORIENTED_EDGE('',*,*,#5705,.F.);
#6224 = ORIENTED_EDGE('',*,*,#5647,.F.);
#6225 = ORIENTED_EDGE('',*,*,#6226,.T.);
#6226 = EDGE_CURVE('',#5648,#6227,#6229,.T.);
#6227 = VERTEX_POINT('',#6228);
#6228 = CARTESIAN_POINT('',(-0.325082954509,-2.83187232101,
    0.759998985733));
#6229 = LINE('',#6230,#6231);
#6230 = CARTESIAN_POINT('',(-0.325082954509,-2.831872322804,
    0.718956081411));
#6231 = VECTOR('',#6232,1.);
#6232 = DIRECTION('',(-3.821370931908E-15,4.371138828674E-08,1.));
#6233 = ORIENTED_EDGE('',*,*,#6234,.F.);
#6234 = EDGE_CURVE('',#5610,#6227,#6235,.T.);
#6235 = CIRCLE('',#6236,0.2);
#6236 = AXIS2_PLACEMENT_3D('',#6237,#6238,#6239);
#6237 = CARTESIAN_POINT('',(-0.325082937024,-3.03187232101,
    0.759998994475));
#6238 = DIRECTION('',(-1.,-8.742277657348E-08,-6.617444900424E-24));
#6239 = DIRECTION('',(-6.450207698107E-08,0.737817757674,0.674999967749)
  );
#6240 = ORIENTED_EDGE('',*,*,#5607,.F.);
#6241 = ORIENTED_EDGE('',*,*,#6242,.F.);
#6242 = EDGE_CURVE('',#5730,#5608,#6243,.T.);
#6243 = LINE('',#6244,#6245);
#6244 = CARTESIAN_POINT('',(-0.325082974779,-2.600002324509,
    0.679959975598));
#6245 = VECTOR('',#6246,1.);
#6246 = DIRECTION('',(-3.821370931908E-15,4.371138828674E-08,1.));
#6247 = PLANE('',#6248);
#6248 = AXIS2_PLACEMENT_3D('',#6249,#6250,#6251);
#6249 = CARTESIAN_POINT('',(-0.325083167109,-0.40000233019,
    0.549998879433));
#6250 = DIRECTION('',(1.,8.742277657348E-08,0.));
#6251 = DIRECTION('',(-8.742277657348E-08,1.,-4.371138828674E-08));
#6252 = ADVANCED_FACE('',(#6253),#6280,.F.);
#6253 = FACE_BOUND('',#6254,.T.);
#6254 = EDGE_LOOP('',(#6255,#6263,#6264,#6265,#6266,#6267,#6268,#6269,
    #6270,#6271,#6272,#6273,#6274));
#6255 = ORIENTED_EDGE('',*,*,#6256,.F.);
#6256 = EDGE_CURVE('',#6015,#6257,#6259,.T.);
#6257 = VERTEX_POINT('',#6258);
#6258 = CARTESIAN_POINT('',(-0.325082896099,-3.500002350734,
    7.999901493798E-02));
#6259 = LINE('',#6260,#6261);
#6260 = CARTESIAN_POINT('',(-0.325082913583,-3.300002350734,
    7.99990061957E-02));
#6261 = VECTOR('',#6262,1.);
#6262 = DIRECTION('',(8.742277657348E-08,-1.,4.371138828674E-08));
#6263 = ORIENTED_EDGE('',*,*,#6014,.F.);
#6264 = ORIENTED_EDGE('',*,*,#5991,.F.);
#6265 = ORIENTED_EDGE('',*,*,#5959,.F.);
#6266 = ORIENTED_EDGE('',*,*,#5927,.F.);
#6267 = ORIENTED_EDGE('',*,*,#5896,.F.);
#6268 = ORIENTED_EDGE('',*,*,#5863,.F.);
#6269 = ORIENTED_EDGE('',*,*,#1498,.F.);
#6270 = ORIENTED_EDGE('',*,*,#5832,.F.);
#6271 = ORIENTED_EDGE('',*,*,#5810,.F.);
#6272 = ORIENTED_EDGE('',*,*,#5751,.F.);
#6273 = ORIENTED_EDGE('',*,*,#6154,.F.);
#6274 = ORIENTED_EDGE('',*,*,#6275,.F.);
#6275 = EDGE_CURVE('',#6257,#6155,#6276,.T.);
#6276 = LINE('',#6277,#6278);
#6277 = CARTESIAN_POINT('',(-0.325082896099,-3.500002350734,
    7.999901493798E-02));
#6278 = VECTOR('',#6279,1.);
#6279 = DIRECTION('',(-3.821370931908E-15,4.371138828674E-08,1.));
#6280 = PLANE('',#6281);
#6281 = AXIS2_PLACEMENT_3D('',#6282,#6283,#6284);
#6282 = CARTESIAN_POINT('',(-0.325083167109,-0.40000233019,
    0.549998879433));
#6283 = DIRECTION('',(1.,8.742277657348E-08,0.));
#6284 = DIRECTION('',(-8.742277657348E-08,1.,-4.371138828674E-08));
#6285 = ADVANCED_FACE('',(#6286),#6320,.T.);
#6286 = FACE_BOUND('',#6287,.T.);
#6287 = EDGE_LOOP('',(#6288,#6298,#6306,#6314));
#6288 = ORIENTED_EDGE('',*,*,#6289,.T.);
#6289 = EDGE_CURVE('',#6290,#6292,#6294,.T.);
#6290 = VERTEX_POINT('',#6291);
#6291 = CARTESIAN_POINT('',(-0.825083139768,-0.712755877192,
    0.299998893104));
#6292 = VERTEX_POINT('',#6293);
#6293 = CARTESIAN_POINT('',(-0.825083124908,-0.882735052654,
    0.38474578624));
#6294 = LINE('',#6295,#6296);
#6295 = CARTESIAN_POINT('',(-0.825083139768,-0.712755877192,
    0.299998893104));
#6296 = VECTOR('',#6297,1.);
#6297 = DIRECTION('',(7.823794035716E-08,-0.894937720165,0.446191076811)
  );
#6298 = ORIENTED_EDGE('',*,*,#6299,.T.);
#6299 = EDGE_CURVE('',#6292,#6300,#6302,.T.);
#6300 = VERTEX_POINT('',#6301);
#6301 = CARTESIAN_POINT('',(-0.675083124908,-0.882735039541,
    0.38474578624));
#6302 = LINE('',#6303,#6304);
#6303 = CARTESIAN_POINT('',(-0.825083124908,-0.882735052654,
    0.38474578624));
#6304 = VECTOR('',#6305,1.);
#6305 = DIRECTION('',(1.,8.742277657348E-08,0.));
#6306 = ORIENTED_EDGE('',*,*,#6307,.F.);
#6307 = EDGE_CURVE('',#6308,#6300,#6310,.T.);
#6308 = VERTEX_POINT('',#6309);
#6309 = CARTESIAN_POINT('',(-0.675083139768,-0.712755864079,
    0.299998893104));
#6310 = LINE('',#6311,#6312);
#6311 = CARTESIAN_POINT('',(-0.675083139768,-0.712755864079,
    0.299998893104));
#6312 = VECTOR('',#6313,1.);
#6313 = DIRECTION('',(7.823794035716E-08,-0.894937720165,0.446191076811)
  );
#6314 = ORIENTED_EDGE('',*,*,#6315,.F.);
#6315 = EDGE_CURVE('',#6290,#6308,#6316,.T.);
#6316 = LINE('',#6317,#6318);
#6317 = CARTESIAN_POINT('',(-0.825083139768,-0.712755877192,
    0.299998893104));
#6318 = VECTOR('',#6319,1.);
#6319 = DIRECTION('',(1.,8.742277657348E-08,0.));
#6320 = PLANE('',#6321);
#6321 = AXIS2_PLACEMENT_3D('',#6322,#6323,#6324);
#6322 = CARTESIAN_POINT('',(-0.825083139768,-0.712755877192,
    0.299998893104));
#6323 = DIRECTION('',(-3.900726281713E-08,0.446191076811,0.894937720165)
  );
#6324 = DIRECTION('',(-1.,-8.742277657348E-08,0.));
#6325 = ADVANCED_FACE('',(#6326),#6353,.T.);
#6326 = FACE_BOUND('',#6327,.T.);
#6327 = EDGE_LOOP('',(#6328,#6338,#6345,#6346));
#6328 = ORIENTED_EDGE('',*,*,#6329,.T.);
#6329 = EDGE_CURVE('',#6330,#6332,#6334,.T.);
#6330 = VERTEX_POINT('',#6331);
#6331 = CARTESIAN_POINT('',(-0.825083122957,-0.905044604309,
    0.389998900232));
#6332 = VERTEX_POINT('',#6333);
#6333 = CARTESIAN_POINT('',(-0.675083122957,-0.905044591196,
    0.389998900232));
#6334 = LINE('',#6335,#6336);
#6335 = CARTESIAN_POINT('',(-0.825083122957,-0.905044604309,
    0.389998900232));
#6336 = VECTOR('',#6337,1.);
#6337 = DIRECTION('',(1.,8.742277657348E-08,0.));
#6338 = ORIENTED_EDGE('',*,*,#6339,.F.);
#6339 = EDGE_CURVE('',#6300,#6332,#6340,.T.);
#6340 = CIRCLE('',#6341,5.E-02);
#6341 = AXIS2_PLACEMENT_3D('',#6342,#6343,#6344);
#6342 = CARTESIAN_POINT('',(-0.675083122957,-0.905044593381,
    0.339998900232));
#6343 = DIRECTION('',(1.,8.742277657348E-08,6.617444900424E-24));
#6344 = DIRECTION('',(-3.900726281713E-08,0.446191076811,0.894937720165)
  );
#6345 = ORIENTED_EDGE('',*,*,#6299,.F.);
#6346 = ORIENTED_EDGE('',*,*,#6347,.T.);
#6347 = EDGE_CURVE('',#6292,#6330,#6348,.T.);
#6348 = CIRCLE('',#6349,5.E-02);
#6349 = AXIS2_PLACEMENT_3D('',#6350,#6351,#6352);
#6350 = CARTESIAN_POINT('',(-0.825083122957,-0.905044606495,
    0.339998900232));
#6351 = DIRECTION('',(1.,8.742277657348E-08,6.617444900424E-24));
#6352 = DIRECTION('',(-3.900726281713E-08,0.446191076811,0.894937720165)
  );
#6353 = CYLINDRICAL_SURFACE('',#6354,5.E-02);
#6354 = AXIS2_PLACEMENT_3D('',#6355,#6356,#6357);
#6355 = CARTESIAN_POINT('',(-0.825083122957,-0.905044606495,
    0.339998900232));
#6356 = DIRECTION('',(1.,8.742277657348E-08,0.));
#6357 = DIRECTION('',(-3.821370931908E-15,4.371138828674E-08,1.));
#6358 = ADVANCED_FACE('',(#6359),#6384,.T.);
#6359 = FACE_BOUND('',#6360,.T.);
#6360 = EDGE_LOOP('',(#6361,#6371,#6377,#6378));
#6361 = ORIENTED_EDGE('',*,*,#6362,.T.);
#6362 = EDGE_CURVE('',#6363,#6365,#6367,.T.);
#6363 = VERTEX_POINT('',#6364);
#6364 = CARTESIAN_POINT('',(-0.825083121626,-0.920265857576,
    0.389998900897));
#6365 = VERTEX_POINT('',#6366);
#6366 = CARTESIAN_POINT('',(-0.675083121626,-0.920265844462,
    0.389998900897));
#6367 = LINE('',#6368,#6369);
#6368 = CARTESIAN_POINT('',(-0.825083121626,-0.920265857576,
    0.389998900897));
#6369 = VECTOR('',#6370,1.);
#6370 = DIRECTION('',(1.,8.742277657348E-08,0.));
#6371 = ORIENTED_EDGE('',*,*,#6372,.F.);
#6372 = EDGE_CURVE('',#6332,#6365,#6373,.T.);
#6373 = LINE('',#6374,#6375);
#6374 = CARTESIAN_POINT('',(-0.675083122957,-0.905044591196,
    0.389998900232));
#6375 = VECTOR('',#6376,1.);
#6376 = DIRECTION('',(8.742277657348E-08,-1.,4.371138828674E-08));
#6377 = ORIENTED_EDGE('',*,*,#6329,.F.);
#6378 = ORIENTED_EDGE('',*,*,#6379,.T.);
#6379 = EDGE_CURVE('',#6330,#6363,#6380,.T.);
#6380 = LINE('',#6381,#6382);
#6381 = CARTESIAN_POINT('',(-0.825083122957,-0.905044604309,
    0.389998900232));
#6382 = VECTOR('',#6383,1.);
#6383 = DIRECTION('',(8.742277657348E-08,-1.,4.371138828674E-08));
#6384 = PLANE('',#6385);
#6385 = AXIS2_PLACEMENT_3D('',#6386,#6387,#6388);
#6386 = CARTESIAN_POINT('',(-0.825083122957,-0.905044604309,
    0.389998900232));
#6387 = DIRECTION('',(-3.821370931908E-15,4.371138828674E-08,1.));
#6388 = DIRECTION('',(-1.,-8.742277657348E-08,0.));
#6389 = ADVANCED_FACE('',(#6390),#6417,.F.);
#6390 = FACE_BOUND('',#6391,.F.);
#6391 = EDGE_LOOP('',(#6392,#6401,#6402,#6411));
#6392 = ORIENTED_EDGE('',*,*,#6393,.F.);
#6393 = EDGE_CURVE('',#6363,#6394,#6396,.T.);
#6394 = VERTEX_POINT('',#6395);
#6395 = CARTESIAN_POINT('',(-0.825083115916,-0.985591450227,
    0.32499971921));
#6396 = CIRCLE('',#6397,6.5E-02);
#6397 = AXIS2_PLACEMENT_3D('',#6398,#6399,#6400);
#6398 = CARTESIAN_POINT('',(-0.825083115944,-0.985265857576,
    0.389998903739));
#6399 = DIRECTION('',(-1.,-8.742277657348E-08,7.88860905221E-31));
#6400 = DIRECTION('',(-8.742277657348E-08,1.,-4.371138828674E-08));
#6401 = ORIENTED_EDGE('',*,*,#6362,.T.);
#6402 = ORIENTED_EDGE('',*,*,#6403,.T.);
#6403 = EDGE_CURVE('',#6365,#6404,#6406,.T.);
#6404 = VERTEX_POINT('',#6405);
#6405 = CARTESIAN_POINT('',(-0.675083115916,-0.985591437114,
    0.32499971921));
#6406 = CIRCLE('',#6407,6.5E-02);
#6407 = AXIS2_PLACEMENT_3D('',#6408,#6409,#6410);
#6408 = CARTESIAN_POINT('',(-0.675083115944,-0.985265844462,
    0.389998903739));
#6409 = DIRECTION('',(-1.,-8.742277657348E-08,7.88860905221E-31));
#6410 = DIRECTION('',(-8.742277657348E-08,1.,-4.371138828674E-08));
#6411 = ORIENTED_EDGE('',*,*,#6412,.F.);
#6412 = EDGE_CURVE('',#6394,#6404,#6413,.T.);
#6413 = LINE('',#6414,#6415);
#6414 = CARTESIAN_POINT('',(-0.825083115916,-0.985591450227,
    0.32499971921));
#6415 = VECTOR('',#6416,1.);
#6416 = DIRECTION('',(1.,8.742277657348E-08,0.));
#6417 = CYLINDRICAL_SURFACE('',#6418,6.5E-02);
#6418 = AXIS2_PLACEMENT_3D('',#6419,#6420,#6421);
#6419 = CARTESIAN_POINT('',(-0.825083115944,-0.985265857576,
    0.389998903739));
#6420 = DIRECTION('',(1.,8.742277657348E-08,0.));
#6421 = DIRECTION('',(-3.821370931908E-15,4.371138828674E-08,1.));
#6422 = ADVANCED_FACE('',(#6423),#6448,.T.);
#6423 = FACE_BOUND('',#6424,.T.);
#6424 = EDGE_LOOP('',(#6425,#6433,#6434,#6442));
#6425 = ORIENTED_EDGE('',*,*,#6426,.F.);
#6426 = EDGE_CURVE('',#6404,#6427,#6429,.T.);
#6427 = VERTEX_POINT('',#6428);
#6428 = CARTESIAN_POINT('',(-0.675083088084,-1.303951190581,
    0.326594440698));
#6429 = LINE('',#6430,#6431);
#6430 = CARTESIAN_POINT('',(-0.675083115916,-0.985591437114,
    0.32499971921));
#6431 = VECTOR('',#6432,1.);
#6432 = DIRECTION('',(8.742167979277E-08,-0.999987454291,
    5.009117716882E-03));
#6433 = ORIENTED_EDGE('',*,*,#6412,.F.);
#6434 = ORIENTED_EDGE('',*,*,#6435,.T.);
#6435 = EDGE_CURVE('',#6394,#6436,#6438,.T.);
#6436 = VERTEX_POINT('',#6437);
#6437 = CARTESIAN_POINT('',(-0.825083088084,-1.303951203694,
    0.326594440698));
#6438 = LINE('',#6439,#6440);
#6439 = CARTESIAN_POINT('',(-0.825083115916,-0.985591450227,
    0.32499971921));
#6440 = VECTOR('',#6441,1.);
#6441 = DIRECTION('',(8.742167979277E-08,-0.999987454291,
    5.009117716882E-03));
#6442 = ORIENTED_EDGE('',*,*,#6443,.T.);
#6443 = EDGE_CURVE('',#6436,#6427,#6444,.T.);
#6444 = LINE('',#6445,#6446);
#6445 = CARTESIAN_POINT('',(-0.825083088084,-1.303951203694,
    0.326594440698));
#6446 = VECTOR('',#6447,1.);
#6447 = DIRECTION('',(1.,8.742277657348E-08,0.));
#6448 = PLANE('',#6449);
#6449 = AXIS2_PLACEMENT_3D('',#6450,#6451,#6452);
#6450 = CARTESIAN_POINT('',(-0.825083115916,-0.985591450227,
    0.32499971921));
#6451 = DIRECTION('',(-4.379109789932E-10,5.009117716882E-03,
    0.999987454291));
#6452 = DIRECTION('',(-1.,-8.742277657348E-08,0.));
#6453 = ADVANCED_FACE('',(#6454),#6490,.F.);
#6454 = FACE_BOUND('',#6455,.F.);
#6455 = EDGE_LOOP('',(#6456,#6466,#6475,#6483));
#6456 = ORIENTED_EDGE('',*,*,#6457,.T.);
#6457 = EDGE_CURVE('',#6458,#6460,#6462,.T.);
#6458 = VERTEX_POINT('',#6459);
#6459 = CARTESIAN_POINT('',(-0.825083120755,-0.930230108106,
    0.72499890261));
#6460 = VERTEX_POINT('',#6461);
#6461 = CARTESIAN_POINT('',(-0.675083120755,-0.930230094992,
    0.72499890261));
#6462 = LINE('',#6463,#6464);
#6463 = CARTESIAN_POINT('',(-0.825083120755,-0.930230108106,
    0.72499890261));
#6464 = VECTOR('',#6465,1.);
#6465 = DIRECTION('',(1.,8.742277657348E-08,0.));
#6466 = ORIENTED_EDGE('',*,*,#6467,.T.);
#6467 = EDGE_CURVE('',#6460,#6468,#6470,.T.);
#6468 = VERTEX_POINT('',#6469);
#6469 = CARTESIAN_POINT('',(-0.675083121626,-0.920267313493,
    0.689975738438));
#6470 = CIRCLE('',#6471,6.5E-02);
#6471 = AXIS2_PLACEMENT_3D('',#6472,#6473,#6474);
#6472 = CARTESIAN_POINT('',(-0.675083115944,-0.985265831331,
    0.690414690522));
#6473 = DIRECTION('',(-1.,-8.742277657348E-08,0.));
#6474 = DIRECTION('',(-7.402118279173E-08,0.846703635974,0.532064801343)
  );
#6475 = ORIENTED_EDGE('',*,*,#6476,.F.);
#6476 = EDGE_CURVE('',#6477,#6468,#6479,.T.);
#6477 = VERTEX_POINT('',#6478);
#6478 = CARTESIAN_POINT('',(-0.825083121626,-0.920267326607,
    0.689975738438));
#6479 = LINE('',#6480,#6481);
#6480 = CARTESIAN_POINT('',(-0.825083121626,-0.920267326607,
    0.689975738438));
#6481 = VECTOR('',#6482,1.);
#6482 = DIRECTION('',(1.,8.742277657348E-08,0.));
#6483 = ORIENTED_EDGE('',*,*,#6484,.F.);
#6484 = EDGE_CURVE('',#6458,#6477,#6485,.T.);
#6485 = CIRCLE('',#6486,6.5E-02);
#6486 = AXIS2_PLACEMENT_3D('',#6487,#6488,#6489);
#6487 = CARTESIAN_POINT('',(-0.825083115944,-0.985265844444,
    0.690414690522));
#6488 = DIRECTION('',(-1.,-8.742277657348E-08,0.));
#6489 = DIRECTION('',(-7.402118279173E-08,0.846703635974,0.532064801343)
  );
#6490 = CYLINDRICAL_SURFACE('',#6491,6.5E-02);
#6491 = AXIS2_PLACEMENT_3D('',#6492,#6493,#6494);
#6492 = CARTESIAN_POINT('',(-0.825083115944,-0.985265844444,
    0.690414690522));
#6493 = DIRECTION('',(1.,8.742277657348E-08,0.));
#6494 = DIRECTION('',(-3.821370931908E-15,4.371138828674E-08,1.));
#6495 = ADVANCED_FACE('',(#6496),#6521,.T.);
#6496 = FACE_BOUND('',#6497,.T.);
#6497 = EDGE_LOOP('',(#6498,#6508,#6514,#6515));
#6498 = ORIENTED_EDGE('',*,*,#6499,.T.);
#6499 = EDGE_CURVE('',#6500,#6502,#6504,.T.);
#6500 = VERTEX_POINT('',#6501);
#6501 = CARTESIAN_POINT('',(-0.825083122956,-0.905059509106,
    0.691306230967));
#6502 = VERTEX_POINT('',#6503);
#6503 = CARTESIAN_POINT('',(-0.675083122956,-0.905059495992,
    0.691306230967));
#6504 = LINE('',#6505,#6506);
#6505 = CARTESIAN_POINT('',(-0.825083122956,-0.905059509106,
    0.691306230967));
#6506 = VECTOR('',#6507,1.);
#6507 = DIRECTION('',(1.,8.742277657348E-08,0.));
#6508 = ORIENTED_EDGE('',*,*,#6509,.F.);
#6509 = EDGE_CURVE('',#6468,#6502,#6510,.T.);
#6510 = LINE('',#6511,#6512);
#6511 = CARTESIAN_POINT('',(-0.675083121626,-0.920267313493,
    0.689975738438));
#6512 = VECTOR('',#6513,1.);
#6513 = DIRECTION('',(-8.709011601122E-08,0.996194806716,
    8.715450115399E-02));
#6514 = ORIENTED_EDGE('',*,*,#6476,.F.);
#6515 = ORIENTED_EDGE('',*,*,#6516,.T.);
#6516 = EDGE_CURVE('',#6477,#6500,#6517,.T.);
#6517 = LINE('',#6518,#6519);
#6518 = CARTESIAN_POINT('',(-0.825083121626,-0.920267326607,
    0.689975738438));
#6519 = VECTOR('',#6520,1.);
#6520 = DIRECTION('',(-8.709011601122E-08,0.996194806716,
    8.715450115399E-02));
#6521 = PLANE('',#6522);
#6522 = AXIS2_PLACEMENT_3D('',#6523,#6524,#6525);
#6523 = CARTESIAN_POINT('',(-0.825083121626,-0.920267326607,
    0.689975738438));
#6524 = DIRECTION('',(-7.619288481758E-09,8.715450115399E-02,
    -0.996194806716));
#6525 = DIRECTION('',(1.,8.742277657348E-08,0.));
#6526 = ADVANCED_FACE('',(#6527),#6554,.T.);
#6527 = FACE_BOUND('',#6528,.T.);
#6528 = EDGE_LOOP('',(#6529,#6539,#6546,#6547));
#6529 = ORIENTED_EDGE('',*,*,#6530,.T.);
#6530 = EDGE_CURVE('',#6531,#6533,#6535,.T.);
#6531 = VERTEX_POINT('',#6532);
#6532 = CARTESIAN_POINT('',(-0.825083125196,-0.879441039967,
    0.701098128014));
#6533 = VERTEX_POINT('',#6534);
#6534 = CARTESIAN_POINT('',(-0.675083125196,-0.879441026853,
    0.701098128014));
#6535 = LINE('',#6536,#6537);
#6536 = CARTESIAN_POINT('',(-0.825083125196,-0.879441039967,
    0.701098128014));
#6537 = VECTOR('',#6538,1.);
#6538 = DIRECTION('',(1.,8.742277657348E-08,0.));
#6539 = ORIENTED_EDGE('',*,*,#6540,.F.);
#6540 = EDGE_CURVE('',#6502,#6533,#6541,.T.);
#6541 = CIRCLE('',#6542,5.E-02);
#6542 = AXIS2_PLACEMENT_3D('',#6543,#6544,#6545);
#6543 = CARTESIAN_POINT('',(-0.675083122575,-0.90941722105,
    0.741115971303));
#6544 = DIRECTION('',(1.,8.742277657348E-08,0.));
#6545 = DIRECTION('',(-7.619288481761E-09,8.715450115402E-02,
    -0.996194806716));
#6546 = ORIENTED_EDGE('',*,*,#6499,.F.);
#6547 = ORIENTED_EDGE('',*,*,#6548,.T.);
#6548 = EDGE_CURVE('',#6500,#6531,#6549,.T.);
#6549 = CIRCLE('',#6550,5.E-02);
#6550 = AXIS2_PLACEMENT_3D('',#6551,#6552,#6553);
#6551 = CARTESIAN_POINT('',(-0.825083122575,-0.909417234163,
    0.741115971303));
#6552 = DIRECTION('',(1.,8.742277657348E-08,0.));
#6553 = DIRECTION('',(-7.619288481761E-09,8.715450115402E-02,
    -0.996194806716));
#6554 = CYLINDRICAL_SURFACE('',#6555,5.E-02);
#6555 = AXIS2_PLACEMENT_3D('',#6556,#6557,#6558);
#6556 = CARTESIAN_POINT('',(-0.825083122575,-0.909417234163,
    0.741115971303));
#6557 = DIRECTION('',(1.,8.742277657348E-08,0.));
#6558 = DIRECTION('',(-3.821370931908E-15,4.371138828674E-08,1.));
#6559 = ADVANCED_FACE('',(#6560),#6585,.T.);
#6560 = FACE_BOUND('',#6561,.T.);
#6561 = EDGE_LOOP('',(#6562,#6570,#6571,#6579));
#6562 = ORIENTED_EDGE('',*,*,#6563,.F.);
#6563 = EDGE_CURVE('',#6533,#6564,#6566,.T.);
#6564 = VERTEX_POINT('',#6565);
#6565 = CARTESIAN_POINT('',(-0.675083127985,-0.847533797359,
    0.724998898995));
#6566 = LINE('',#6567,#6568);
#6567 = CARTESIAN_POINT('',(-0.675083125196,-0.879441026853,
    0.701098128014));
#6568 = VECTOR('',#6569,1.);
#6569 = DIRECTION('',(-6.996941945602E-08,0.800356865779,0.599523883929)
  );
#6570 = ORIENTED_EDGE('',*,*,#6530,.F.);
#6571 = ORIENTED_EDGE('',*,*,#6572,.T.);
#6572 = EDGE_CURVE('',#6531,#6573,#6575,.T.);
#6573 = VERTEX_POINT('',#6574);
#6574 = CARTESIAN_POINT('',(-0.825083127985,-0.847533810472,
    0.724998898995));
#6575 = LINE('',#6576,#6577);
#6576 = CARTESIAN_POINT('',(-0.825083125196,-0.879441039967,
    0.701098128014));
#6577 = VECTOR('',#6578,1.);
#6578 = DIRECTION('',(-6.996941945602E-08,0.800356865779,0.599523883929)
  );
#6579 = ORIENTED_EDGE('',*,*,#6580,.T.);
#6580 = EDGE_CURVE('',#6573,#6564,#6581,.T.);
#6581 = LINE('',#6582,#6583);
#6582 = CARTESIAN_POINT('',(-0.825083127985,-0.847533810472,
    0.724998898995));
#6583 = VECTOR('',#6584,1.);
#6584 = DIRECTION('',(1.,8.742277657348E-08,0.));
#6585 = PLANE('',#6586);
#6586 = AXIS2_PLACEMENT_3D('',#6587,#6588,#6589);
#6587 = CARTESIAN_POINT('',(-0.825083125196,-0.879441039967,
    0.701098128014));
#6588 = DIRECTION('',(-5.241204255516E-08,0.599523883929,-0.800356865779
    ));
#6589 = DIRECTION('',(1.,8.742277657348E-08,0.));
#6590 = ADVANCED_FACE('',(#6591),#6625,.T.);
#6591 = FACE_BOUND('',#6592,.T.);
#6592 = EDGE_LOOP('',(#6593,#6603,#6611,#6619));
#6593 = ORIENTED_EDGE('',*,*,#6594,.T.);
#6594 = EDGE_CURVE('',#6595,#6597,#6599,.T.);
#6595 = VERTEX_POINT('',#6596);
#6596 = CARTESIAN_POINT('',(-0.825082974779,-2.600002358821,
    0.894998975598));
#6597 = VERTEX_POINT('',#6598);
#6598 = CARTESIAN_POINT('',(-0.825082949924,-2.884308813187,
    0.894998988025));
#6599 = LINE('',#6600,#6601);
#6600 = CARTESIAN_POINT('',(-0.825082974779,-2.600002358821,
    0.894998975598));
#6601 = VECTOR('',#6602,1.);
#6602 = DIRECTION('',(8.742277657348E-08,-1.,4.371138828674E-08));
#6603 = ORIENTED_EDGE('',*,*,#6604,.F.);
#6604 = EDGE_CURVE('',#6605,#6597,#6607,.T.);
#6605 = VERTEX_POINT('',#6606);
#6606 = CARTESIAN_POINT('',(-0.675082949924,-2.884308800073,
    0.894998988025));
#6607 = LINE('',#6608,#6609);
#6608 = CARTESIAN_POINT('',(-0.675082949924,-2.884308800073,
    0.894998988025));
#6609 = VECTOR('',#6610,1.);
#6610 = DIRECTION('',(-1.,-8.742277657348E-08,0.));
#6611 = ORIENTED_EDGE('',*,*,#6612,.F.);
#6612 = EDGE_CURVE('',#6613,#6605,#6615,.T.);
#6613 = VERTEX_POINT('',#6614);
#6614 = CARTESIAN_POINT('',(-0.675082974779,-2.600002345707,
    0.894998975598));
#6615 = LINE('',#6616,#6617);
#6616 = CARTESIAN_POINT('',(-0.675082974779,-2.600002345707,
    0.894998975598));
#6617 = VECTOR('',#6618,1.);
#6618 = DIRECTION('',(8.742277657348E-08,-1.,4.371138828674E-08));
#6619 = ORIENTED_EDGE('',*,*,#6620,.F.);
#6620 = EDGE_CURVE('',#6595,#6613,#6621,.T.);
#6621 = LINE('',#6622,#6623);
#6622 = CARTESIAN_POINT('',(-0.825082974779,-2.600002358821,
    0.894998975598));
#6623 = VECTOR('',#6624,1.);
#6624 = DIRECTION('',(1.,8.742277657348E-08,0.));
#6625 = PLANE('',#6626);
#6626 = AXIS2_PLACEMENT_3D('',#6627,#6628,#6629);
#6627 = CARTESIAN_POINT('',(-0.825082974779,-2.600002358821,
    0.894998975598));
#6628 = DIRECTION('',(-3.821370931908E-15,4.371138828674E-08,1.));
#6629 = DIRECTION('',(-1.,-8.742277657348E-08,0.));
#6630 = ADVANCED_FACE('',(#6631),#6665,.T.);
#6631 = FACE_BOUND('',#6632,.T.);
#6632 = EDGE_LOOP('',(#6633,#6643,#6651,#6659));
#6633 = ORIENTED_EDGE('',*,*,#6634,.T.);
#6634 = EDGE_CURVE('',#6635,#6637,#6639,.T.);
#6635 = VERTEX_POINT('',#6636);
#6636 = CARTESIAN_POINT('',(-0.825082954509,-2.831872366516,
    0.718956081411));
#6637 = VERTEX_POINT('',#6638);
#6638 = CARTESIAN_POINT('',(-0.825082967035,-2.688580636705,
    0.685268138432));
#6639 = LINE('',#6640,#6641);
#6640 = CARTESIAN_POINT('',(-0.825082954509,-2.831872366516,
    0.718956081411));
#6641 = VECTOR('',#6642,1.);
#6642 = DIRECTION('',(-8.510250572385E-08,0.973459195183,-0.228860646058
    ));
#6643 = ORIENTED_EDGE('',*,*,#6644,.T.);
#6644 = EDGE_CURVE('',#6637,#6645,#6647,.T.);
#6645 = VERTEX_POINT('',#6646);
#6646 = CARTESIAN_POINT('',(-0.675082967035,-2.688580623592,
    0.685268138432));
#6647 = LINE('',#6648,#6649);
#6648 = CARTESIAN_POINT('',(-0.825082967035,-2.688580636705,
    0.685268138432));
#6649 = VECTOR('',#6650,1.);
#6650 = DIRECTION('',(1.,8.742277657348E-08,0.));
#6651 = ORIENTED_EDGE('',*,*,#6652,.F.);
#6652 = EDGE_CURVE('',#6653,#6645,#6655,.T.);
#6653 = VERTEX_POINT('',#6654);
#6654 = CARTESIAN_POINT('',(-0.675082954509,-2.831872353402,
    0.718956081411));
#6655 = LINE('',#6656,#6657);
#6656 = CARTESIAN_POINT('',(-0.675082954509,-2.831872353402,
    0.718956081411));
#6657 = VECTOR('',#6658,1.);
#6658 = DIRECTION('',(-8.510250572385E-08,0.973459195183,-0.228860646058
    ));
#6659 = ORIENTED_EDGE('',*,*,#6660,.F.);
#6660 = EDGE_CURVE('',#6635,#6653,#6661,.T.);
#6661 = LINE('',#6662,#6663);
#6662 = CARTESIAN_POINT('',(-0.825082954509,-2.831872366516,
    0.718956081411));
#6663 = VECTOR('',#6664,1.);
#6664 = DIRECTION('',(1.,8.742277657348E-08,0.));
#6665 = PLANE('',#6666);
#6666 = AXIS2_PLACEMENT_3D('',#6667,#6668,#6669);
#6667 = CARTESIAN_POINT('',(-0.825082954509,-2.831872366516,
    0.718956081411));
#6668 = DIRECTION('',(2.000763312681E-08,-0.228860646058,-0.973459195183
    ));
#6669 = DIRECTION('',(8.510250572385E-08,-0.973459195183,0.228860646058)
  );
#6670 = ADVANCED_FACE('',(#6671),#6698,.T.);
#6671 = FACE_BOUND('',#6672,.T.);
#6672 = EDGE_LOOP('',(#6673,#6683,#6690,#6691));
#6673 = ORIENTED_EDGE('',*,*,#6674,.T.);
#6674 = EDGE_CURVE('',#6675,#6677,#6679,.T.);
#6675 = VERTEX_POINT('',#6676);
#6676 = CARTESIAN_POINT('',(-0.825082971037,-2.642808516236,
    0.679959977469));
#6677 = VERTEX_POINT('',#6678);
#6678 = CARTESIAN_POINT('',(-0.675082971037,-2.642808503123,
    0.679959977469));
#6679 = LINE('',#6680,#6681);
#6680 = CARTESIAN_POINT('',(-0.825082971037,-2.642808516236,
    0.679959977469));
#6681 = VECTOR('',#6682,1.);
#6682 = DIRECTION('',(1.,8.742277657348E-08,0.));
#6683 = ORIENTED_EDGE('',*,*,#6684,.F.);
#6684 = EDGE_CURVE('',#6645,#6677,#6685,.T.);
#6685 = CIRCLE('',#6686,0.2);
#6686 = AXIS2_PLACEMENT_3D('',#6687,#6688,#6689);
#6687 = CARTESIAN_POINT('',(-0.675082971037,-2.642808494381,
    0.879959977469));
#6688 = DIRECTION('',(1.,8.742277657348E-08,-3.308722450212E-24));
#6689 = DIRECTION('',(2.000763312681E-08,-0.228860646058,-0.973459195183
    ));
#6690 = ORIENTED_EDGE('',*,*,#6644,.F.);
#6691 = ORIENTED_EDGE('',*,*,#6692,.T.);
#6692 = EDGE_CURVE('',#6637,#6675,#6693,.T.);
#6693 = CIRCLE('',#6694,0.2);
#6694 = AXIS2_PLACEMENT_3D('',#6695,#6696,#6697);
#6695 = CARTESIAN_POINT('',(-0.825082971037,-2.642808507494,
    0.879959977469));
#6696 = DIRECTION('',(1.,8.742277657348E-08,-3.308722450212E-24));
#6697 = DIRECTION('',(2.000763312681E-08,-0.228860646058,-0.973459195183
    ));
#6698 = CYLINDRICAL_SURFACE('',#6699,0.2);
#6699 = AXIS2_PLACEMENT_3D('',#6700,#6701,#6702);
#6700 = CARTESIAN_POINT('',(-0.825082971037,-2.642808507494,
    0.879959977469));
#6701 = DIRECTION('',(1.,8.742277657348E-08,0.));
#6702 = DIRECTION('',(-3.821370931908E-15,4.371138828674E-08,1.));
#6703 = ADVANCED_FACE('',(#6704),#6729,.T.);
#6704 = FACE_BOUND('',#6705,.T.);
#6705 = EDGE_LOOP('',(#6706,#6714,#6715,#6723));
#6706 = ORIENTED_EDGE('',*,*,#6707,.F.);
#6707 = EDGE_CURVE('',#6677,#6708,#6710,.T.);
#6708 = VERTEX_POINT('',#6709);
#6709 = CARTESIAN_POINT('',(-0.675082974779,-2.600002355107,
    0.679959975598));
#6710 = LINE('',#6711,#6712);
#6711 = CARTESIAN_POINT('',(-0.675082971037,-2.642808503123,
    0.679959977469));
#6712 = VECTOR('',#6713,1.);
#6713 = DIRECTION('',(-8.742277657348E-08,1.,-4.371138828674E-08));
#6714 = ORIENTED_EDGE('',*,*,#6674,.F.);
#6715 = ORIENTED_EDGE('',*,*,#6716,.T.);
#6716 = EDGE_CURVE('',#6675,#6717,#6719,.T.);
#6717 = VERTEX_POINT('',#6718);
#6718 = CARTESIAN_POINT('',(-0.825082974779,-2.60000236822,
    0.679959975598));
#6719 = LINE('',#6720,#6721);
#6720 = CARTESIAN_POINT('',(-0.825082971037,-2.642808516236,
    0.679959977469));
#6721 = VECTOR('',#6722,1.);
#6722 = DIRECTION('',(-8.742277657348E-08,1.,-4.371138828674E-08));
#6723 = ORIENTED_EDGE('',*,*,#6724,.T.);
#6724 = EDGE_CURVE('',#6717,#6708,#6725,.T.);
#6725 = LINE('',#6726,#6727);
#6726 = CARTESIAN_POINT('',(-0.825082974779,-2.60000236822,
    0.679959975598));
#6727 = VECTOR('',#6728,1.);
#6728 = DIRECTION('',(1.,8.742277657348E-08,0.));
#6729 = PLANE('',#6730);
#6730 = AXIS2_PLACEMENT_3D('',#6731,#6732,#6733);
#6731 = CARTESIAN_POINT('',(-0.825082971037,-2.642808516236,
    0.679959977469));
#6732 = DIRECTION('',(3.821370931908E-15,-4.371138828674E-08,-1.));
#6733 = DIRECTION('',(8.742277657348E-08,-1.,4.371138828674E-08));
#6734 = ADVANCED_FACE('',(#6735),#6771,.F.);
#6735 = FACE_BOUND('',#6736,.F.);
#6736 = EDGE_LOOP('',(#6737,#6748,#6756,#6765));
#6737 = ORIENTED_EDGE('',*,*,#6738,.F.);
#6738 = EDGE_CURVE('',#6739,#6741,#6743,.T.);
#6739 = VERTEX_POINT('',#6740);
#6740 = CARTESIAN_POINT('',(-0.825082895157,-3.510775128459,
    0.384861370253));
#6741 = VERTEX_POINT('',#6742);
#6742 = CARTESIAN_POINT('',(-0.825082893277,-3.532283103698,
    0.379999016349));
#6743 = CIRCLE('',#6744,5.E-02);
#6744 = AXIS2_PLACEMENT_3D('',#6745,#6746,#6747);
#6745 = CARTESIAN_POINT('',(-0.825082893277,-3.532283101512,
    0.429999016349));
#6746 = DIRECTION('',(-1.,-8.742277657348E-08,6.617444900424E-24));
#6747 = DIRECTION('',(-3.760573445801E-08,0.430159461092,-0.902752921919
    ));
#6748 = ORIENTED_EDGE('',*,*,#6749,.T.);
#6749 = EDGE_CURVE('',#6739,#6750,#6752,.T.);
#6750 = VERTEX_POINT('',#6751);
#6751 = CARTESIAN_POINT('',(-0.675082895157,-3.510775115345,
    0.384861370253));
#6752 = LINE('',#6753,#6754);
#6753 = CARTESIAN_POINT('',(-0.825082895157,-3.510775128459,
    0.384861370253));
#6754 = VECTOR('',#6755,1.);
#6755 = DIRECTION('',(1.,8.742277657348E-08,0.));
#6756 = ORIENTED_EDGE('',*,*,#6757,.T.);
#6757 = EDGE_CURVE('',#6750,#6758,#6760,.T.);
#6758 = VERTEX_POINT('',#6759);
#6759 = CARTESIAN_POINT('',(-0.675082893277,-3.532283090585,
    0.379999016349));
#6760 = CIRCLE('',#6761,5.E-02);
#6761 = AXIS2_PLACEMENT_3D('',#6762,#6763,#6764);
#6762 = CARTESIAN_POINT('',(-0.675082893277,-3.532283088399,
    0.429999016349));
#6763 = DIRECTION('',(-1.,-8.742277657348E-08,6.617444900424E-24));
#6764 = DIRECTION('',(-3.760573445801E-08,0.430159461092,-0.902752921919
    ));
#6765 = ORIENTED_EDGE('',*,*,#6766,.F.);
#6766 = EDGE_CURVE('',#6741,#6758,#6767,.T.);
#6767 = LINE('',#6768,#6769);
#6768 = CARTESIAN_POINT('',(-0.825082893277,-3.532283103698,
    0.379999016349));
#6769 = VECTOR('',#6770,1.);
#6770 = DIRECTION('',(1.,8.742277657348E-08,0.));
#6771 = CYLINDRICAL_SURFACE('',#6772,5.E-02);
#6772 = AXIS2_PLACEMENT_3D('',#6773,#6774,#6775);
#6773 = CARTESIAN_POINT('',(-0.825082893277,-3.532283101512,
    0.429999016349));
#6774 = DIRECTION('',(1.,8.742277657348E-08,0.));
#6775 = DIRECTION('',(-3.821370931908E-15,4.371138828674E-08,1.));
#6776 = ADVANCED_FACE('',(#6777),#6802,.T.);
#6777 = FACE_BOUND('',#6778,.T.);
#6778 = EDGE_LOOP('',(#6779,#6789,#6795,#6796));
#6779 = ORIENTED_EDGE('',*,*,#6780,.T.);
#6780 = EDGE_CURVE('',#6781,#6783,#6785,.T.);
#6781 = VERTEX_POINT('',#6782);
#6782 = CARTESIAN_POINT('',(-0.825082887356,-3.600002381332,
    0.379999019309));
#6783 = VERTEX_POINT('',#6784);
#6784 = CARTESIAN_POINT('',(-0.675082887356,-3.600002368219,
    0.379999019309));
#6785 = LINE('',#6786,#6787);
#6786 = CARTESIAN_POINT('',(-0.825082887356,-3.600002381332,
    0.379999019309));
#6787 = VECTOR('',#6788,1.);
#6788 = DIRECTION('',(1.,8.742277657348E-08,0.));
#6789 = ORIENTED_EDGE('',*,*,#6790,.F.);
#6790 = EDGE_CURVE('',#6758,#6783,#6791,.T.);
#6791 = LINE('',#6792,#6793);
#6792 = CARTESIAN_POINT('',(-0.675082893277,-3.532283090585,
    0.379999016349));
#6793 = VECTOR('',#6794,1.);
#6794 = DIRECTION('',(8.742277657348E-08,-1.,4.371138828674E-08));
#6795 = ORIENTED_EDGE('',*,*,#6766,.F.);
#6796 = ORIENTED_EDGE('',*,*,#6797,.T.);
#6797 = EDGE_CURVE('',#6741,#6781,#6798,.T.);
#6798 = LINE('',#6799,#6800);
#6799 = CARTESIAN_POINT('',(-0.825082893277,-3.532283103698,
    0.379999016349));
#6800 = VECTOR('',#6801,1.);
#6801 = DIRECTION('',(8.742277657348E-08,-1.,4.371138828674E-08));
#6802 = PLANE('',#6803);
#6803 = AXIS2_PLACEMENT_3D('',#6804,#6805,#6806);
#6804 = CARTESIAN_POINT('',(-0.825082893277,-3.532283103698,
    0.379999016349));
#6805 = DIRECTION('',(-3.821370931908E-15,4.371138828674E-08,1.));
#6806 = DIRECTION('',(-1.,-8.742277657348E-08,0.));
#6807 = ADVANCED_FACE('',(#6808),#6824,.T.);
#6808 = FACE_BOUND('',#6809,.T.);
#6809 = EDGE_LOOP('',(#6810,#6811,#6817,#6818));
#6810 = ORIENTED_EDGE('',*,*,#1429,.T.);
#6811 = ORIENTED_EDGE('',*,*,#6812,.F.);
#6812 = EDGE_CURVE('',#6783,#1432,#6813,.T.);
#6813 = LINE('',#6814,#6815);
#6814 = CARTESIAN_POINT('',(-0.675082887356,-3.600002368219,
    0.379999019309));
#6815 = VECTOR('',#6816,1.);
#6816 = DIRECTION('',(3.821370931908E-15,-4.371138828674E-08,-1.));
#6817 = ORIENTED_EDGE('',*,*,#6780,.F.);
#6818 = ORIENTED_EDGE('',*,*,#6819,.T.);
#6819 = EDGE_CURVE('',#6781,#1430,#6820,.T.);
#6820 = LINE('',#6821,#6822);
#6821 = CARTESIAN_POINT('',(-0.825082887356,-3.600002381332,
    0.379999019309));
#6822 = VECTOR('',#6823,1.);
#6823 = DIRECTION('',(3.821370931908E-15,-4.371138828674E-08,-1.));
#6824 = PLANE('',#6825);
#6825 = AXIS2_PLACEMENT_3D('',#6826,#6827,#6828);
#6826 = CARTESIAN_POINT('',(-0.825082887356,-3.600002381332,
    0.379999019309));
#6827 = DIRECTION('',(8.742277657348E-08,-1.,4.371138828674E-08));
#6828 = DIRECTION('',(3.821370931908E-15,-4.371138828674E-08,-1.));
#6829 = ADVANCED_FACE('',(#6830),#6857,.F.);
#6830 = FACE_BOUND('',#6831,.F.);
#6831 = EDGE_LOOP('',(#6832,#6841,#6849,#6856));
#6832 = ORIENTED_EDGE('',*,*,#6833,.T.);
#6833 = EDGE_CURVE('',#1440,#6834,#6836,.T.);
#6834 = VERTEX_POINT('',#6835);
#6835 = CARTESIAN_POINT('',(-0.675082891766,-3.549565383638,
    2.952901710355E-02));
#6836 = CIRCLE('',#6837,5.E-02);
#6837 = AXIS2_PLACEMENT_3D('',#6838,#6839,#6840);
#6838 = CARTESIAN_POINT('',(-0.675082887395,-3.599565383638,
    2.952901928912E-02));
#6839 = DIRECTION('',(-1.,-8.742277657348E-08,0.));
#6840 = DIRECTION('',(7.640710712331E-10,-8.73995429087E-03,
    0.99996180587));
#6841 = ORIENTED_EDGE('',*,*,#6842,.F.);
#6842 = EDGE_CURVE('',#6843,#6834,#6845,.T.);
#6843 = VERTEX_POINT('',#6844);
#6844 = CARTESIAN_POINT('',(-0.825082891766,-3.549565396752,
    2.952901710355E-02));
#6845 = LINE('',#6846,#6847);
#6846 = CARTESIAN_POINT('',(-0.825082891766,-3.549565396752,
    2.952901710355E-02));
#6847 = VECTOR('',#6848,1.);
#6848 = DIRECTION('',(1.,8.742277657348E-08,0.));
#6849 = ORIENTED_EDGE('',*,*,#6850,.F.);
#6850 = EDGE_CURVE('',#1449,#6843,#6851,.T.);
#6851 = CIRCLE('',#6852,5.E-02);
#6852 = AXIS2_PLACEMENT_3D('',#6853,#6854,#6855);
#6853 = CARTESIAN_POINT('',(-0.825082887395,-3.599565396752,
    2.952901928912E-02));
#6854 = DIRECTION('',(-1.,-8.742277657348E-08,0.));
#6855 = DIRECTION('',(7.640710712331E-10,-8.73995429087E-03,
    0.99996180587));
#6856 = ORIENTED_EDGE('',*,*,#1448,.T.);
#6857 = CYLINDRICAL_SURFACE('',#6858,5.E-02);
#6858 = AXIS2_PLACEMENT_3D('',#6859,#6860,#6861);
#6859 = CARTESIAN_POINT('',(-0.825082887395,-3.599565396752,
    2.952901928912E-02));
#6860 = DIRECTION('',(1.,8.742277657348E-08,0.));
#6861 = DIRECTION('',(-3.821370931908E-15,4.371138828674E-08,1.));
#6862 = ADVANCED_FACE('',(#6863),#6888,.T.);
#6863 = FACE_BOUND('',#6864,.T.);
#6864 = EDGE_LOOP('',(#6865,#6875,#6881,#6882));
#6865 = ORIENTED_EDGE('',*,*,#6866,.T.);
#6866 = EDGE_CURVE('',#6867,#6869,#6871,.T.);
#6867 = VERTEX_POINT('',#6868);
#6868 = CARTESIAN_POINT('',(-0.825082891766,-3.549565398042,
    -3.422422500954E-07));
#6869 = VERTEX_POINT('',#6870);
#6870 = CARTESIAN_POINT('',(-0.675082891766,-3.549565384929,
    -3.422422500954E-07));
#6871 = LINE('',#6872,#6873);
#6872 = CARTESIAN_POINT('',(-0.825082891766,-3.549565398042,
    -3.422422500954E-07));
#6873 = VECTOR('',#6874,1.);
#6874 = DIRECTION('',(1.,8.742277657348E-08,0.));
#6875 = ORIENTED_EDGE('',*,*,#6876,.F.);
#6876 = EDGE_CURVE('',#6834,#6869,#6877,.T.);
#6877 = LINE('',#6878,#6879);
#6878 = CARTESIAN_POINT('',(-0.675082891766,-3.549565383638,
    2.952901710355E-02));
#6879 = VECTOR('',#6880,1.);
#6880 = DIRECTION('',(3.821370931908E-15,-4.371138828674E-08,-1.));
#6881 = ORIENTED_EDGE('',*,*,#6842,.F.);
#6882 = ORIENTED_EDGE('',*,*,#6883,.T.);
#6883 = EDGE_CURVE('',#6843,#6867,#6884,.T.);
#6884 = LINE('',#6885,#6886);
#6885 = CARTESIAN_POINT('',(-0.825082891766,-3.549565396752,
    2.952901710355E-02));
#6886 = VECTOR('',#6887,1.);
#6887 = DIRECTION('',(3.821370931908E-15,-4.371138828674E-08,-1.));
#6888 = PLANE('',#6889);
#6889 = AXIS2_PLACEMENT_3D('',#6890,#6891,#6892);
#6890 = CARTESIAN_POINT('',(-0.825082891766,-3.549565396752,
    2.952901710355E-02));
#6891 = DIRECTION('',(8.742277657348E-08,-1.,4.371138828674E-08));
#6892 = DIRECTION('',(3.821370931908E-15,-4.371138828674E-08,-1.));
#6893 = ADVANCED_FACE('',(#6894),#6919,.T.);
#6894 = FACE_BOUND('',#6895,.T.);
#6895 = EDGE_LOOP('',(#6896,#6906,#6912,#6913));
#6896 = ORIENTED_EDGE('',*,*,#6897,.T.);
#6897 = EDGE_CURVE('',#6898,#6900,#6902,.T.);
#6898 = VERTEX_POINT('',#6899);
#6899 = CARTESIAN_POINT('',(-0.825082922306,-3.200226016916,
    -3.575123593835E-07));
#6900 = VERTEX_POINT('',#6901);
#6901 = CARTESIAN_POINT('',(-0.675082922306,-3.200226003803,
    -3.575123593835E-07));
#6902 = LINE('',#6903,#6904);
#6903 = CARTESIAN_POINT('',(-0.825082922306,-3.200226016916,
    -3.575123593835E-07));
#6904 = VECTOR('',#6905,1.);
#6905 = DIRECTION('',(1.,8.742277657348E-08,0.));
#6906 = ORIENTED_EDGE('',*,*,#6907,.F.);
#6907 = EDGE_CURVE('',#6869,#6900,#6908,.T.);
#6908 = LINE('',#6909,#6910);
#6909 = CARTESIAN_POINT('',(-0.675082891766,-3.549565384929,
    -3.422422500954E-07));
#6910 = VECTOR('',#6911,1.);
#6911 = DIRECTION('',(-8.742277657348E-08,1.,-4.371138828674E-08));
#6912 = ORIENTED_EDGE('',*,*,#6866,.F.);
#6913 = ORIENTED_EDGE('',*,*,#6914,.T.);
#6914 = EDGE_CURVE('',#6867,#6898,#6915,.T.);
#6915 = LINE('',#6916,#6917);
#6916 = CARTESIAN_POINT('',(-0.825082891766,-3.549565398042,
    -3.422422500954E-07));
#6917 = VECTOR('',#6918,1.);
#6918 = DIRECTION('',(-8.742277657348E-08,1.,-4.371138828674E-08));
#6919 = PLANE('',#6920);
#6920 = AXIS2_PLACEMENT_3D('',#6921,#6922,#6923);
#6921 = CARTESIAN_POINT('',(-0.825082891766,-3.549565398042,
    -3.422422500954E-07));
#6922 = DIRECTION('',(3.821370931908E-15,-4.371138828674E-08,-1.));
#6923 = DIRECTION('',(8.742277657348E-08,-1.,4.371138828674E-08));
#6924 = ADVANCED_FACE('',(#6925),#6952,.T.);
#6925 = FACE_BOUND('',#6926,.T.);
#6926 = EDGE_LOOP('',(#6927,#6937,#6944,#6945));
#6927 = ORIENTED_EDGE('',*,*,#6928,.T.);
#6928 = EDGE_CURVE('',#6929,#6931,#6933,.T.);
#6929 = VERTEX_POINT('',#6930);
#6930 = CARTESIAN_POINT('',(-0.825082916195,-3.270127581395,
    7.371055284804E-02));
#6931 = VERTEX_POINT('',#6932);
#6932 = CARTESIAN_POINT('',(-0.675082916195,-3.270127568282,
    7.371055284804E-02));
#6933 = LINE('',#6934,#6935);
#6934 = CARTESIAN_POINT('',(-0.825082916195,-3.270127581395,
    7.371055284804E-02));
#6935 = VECTOR('',#6936,1.);
#6936 = DIRECTION('',(1.,8.742277657348E-08,0.));
#6937 = ORIENTED_EDGE('',*,*,#6938,.F.);
#6938 = EDGE_CURVE('',#6900,#6931,#6939,.T.);
#6939 = CIRCLE('',#6940,7.E-02);
#6940 = AXIS2_PLACEMENT_3D('',#6941,#6942,#6943);
#6941 = CARTESIAN_POINT('',(-0.675082916195,-3.270127571342,
    3.710552848035E-03));
#6942 = DIRECTION('',(1.,8.742277657348E-08,8.27180612553E-25));
#6943 = DIRECTION('',(-8.729984458611E-08,0.998593821974,
    -5.301300514863E-02));
#6944 = ORIENTED_EDGE('',*,*,#6897,.F.);
#6945 = ORIENTED_EDGE('',*,*,#6946,.T.);
#6946 = EDGE_CURVE('',#6898,#6929,#6947,.T.);
#6947 = CIRCLE('',#6948,7.E-02);
#6948 = AXIS2_PLACEMENT_3D('',#6949,#6950,#6951);
#6949 = CARTESIAN_POINT('',(-0.825082916195,-3.270127584455,
    3.710552848035E-03));
#6950 = DIRECTION('',(1.,8.742277657348E-08,8.27180612553E-25));
#6951 = DIRECTION('',(-8.729984458611E-08,0.998593821974,
    -5.301300514863E-02));
#6952 = CYLINDRICAL_SURFACE('',#6953,7.E-02);
#6953 = AXIS2_PLACEMENT_3D('',#6954,#6955,#6956);
#6954 = CARTESIAN_POINT('',(-0.825082916195,-3.270127584455,
    3.710552848035E-03));
#6955 = DIRECTION('',(1.,8.742277657348E-08,0.));
#6956 = DIRECTION('',(-3.821370931908E-15,4.371138828674E-08,1.));
#6957 = ADVANCED_FACE('',(#6958),#6983,.T.);
#6958 = FACE_BOUND('',#6959,.T.);
#6959 = EDGE_LOOP('',(#6960,#6970,#6976,#6977));
#6960 = ORIENTED_EDGE('',*,*,#6961,.T.);
#6961 = EDGE_CURVE('',#6962,#6964,#6966,.T.);
#6962 = VERTEX_POINT('',#6963);
#6963 = CARTESIAN_POINT('',(-0.825082913583,-3.30000239472,
    7.37105541539E-02));
#6964 = VERTEX_POINT('',#6965);
#6965 = CARTESIAN_POINT('',(-0.675082913583,-3.300002381607,
    7.37105541539E-02));
#6966 = LINE('',#6967,#6968);
#6967 = CARTESIAN_POINT('',(-0.825082913583,-3.30000239472,
    7.37105541539E-02));
#6968 = VECTOR('',#6969,1.);
#6969 = DIRECTION('',(1.,8.742277657348E-08,0.));
#6970 = ORIENTED_EDGE('',*,*,#6971,.F.);
#6971 = EDGE_CURVE('',#6931,#6964,#6972,.T.);
#6972 = LINE('',#6973,#6974);
#6973 = CARTESIAN_POINT('',(-0.675082916195,-3.270127568282,
    7.371055284804E-02));
#6974 = VECTOR('',#6975,1.);
#6975 = DIRECTION('',(8.742277657348E-08,-1.,4.371138828674E-08));
#6976 = ORIENTED_EDGE('',*,*,#6928,.F.);
#6977 = ORIENTED_EDGE('',*,*,#6978,.T.);
#6978 = EDGE_CURVE('',#6929,#6962,#6979,.T.);
#6979 = LINE('',#6980,#6981);
#6980 = CARTESIAN_POINT('',(-0.825082916195,-3.270127581395,
    7.371055284804E-02));
#6981 = VECTOR('',#6982,1.);
#6982 = DIRECTION('',(8.742277657348E-08,-1.,4.371138828674E-08));
#6983 = PLANE('',#6984);
#6984 = AXIS2_PLACEMENT_3D('',#6985,#6986,#6987);
#6985 = CARTESIAN_POINT('',(-0.825082916195,-3.270127581395,
    7.371055284804E-02));
#6986 = DIRECTION('',(-3.821370931908E-15,4.371138828674E-08,1.));
#6987 = DIRECTION('',(-1.,-8.742277657348E-08,0.));
#6988 = ADVANCED_FACE('',(#6989),#7014,.T.);
#6989 = FACE_BOUND('',#6990,.T.);
#6990 = EDGE_LOOP('',(#6991,#6999,#7000,#7008));
#6991 = ORIENTED_EDGE('',*,*,#6992,.F.);
#6992 = EDGE_CURVE('',#6964,#6993,#6995,.T.);
#6993 = VERTEX_POINT('',#6994);
#6994 = CARTESIAN_POINT('',(-0.675082913583,-3.300002381332,
    7.99990061957E-02));
#6995 = LINE('',#6996,#6997);
#6996 = CARTESIAN_POINT('',(-0.675082913583,-3.300002381607,
    7.37105541539E-02));
#6997 = VECTOR('',#6998,1.);
#6998 = DIRECTION('',(-3.821370931908E-15,4.371138828674E-08,1.));
#6999 = ORIENTED_EDGE('',*,*,#6961,.F.);
#7000 = ORIENTED_EDGE('',*,*,#7001,.T.);
#7001 = EDGE_CURVE('',#6962,#7002,#7004,.T.);
#7002 = VERTEX_POINT('',#7003);
#7003 = CARTESIAN_POINT('',(-0.825082913583,-3.300002394445,
    7.99990061957E-02));
#7004 = LINE('',#7005,#7006);
#7005 = CARTESIAN_POINT('',(-0.825082913583,-3.30000239472,
    7.37105541539E-02));
#7006 = VECTOR('',#7007,1.);
#7007 = DIRECTION('',(-3.821370931908E-15,4.371138828674E-08,1.));
#7008 = ORIENTED_EDGE('',*,*,#7009,.T.);
#7009 = EDGE_CURVE('',#7002,#6993,#7010,.T.);
#7010 = LINE('',#7011,#7012);
#7011 = CARTESIAN_POINT('',(-0.825082913583,-3.300002394445,
    7.99990061957E-02));
#7012 = VECTOR('',#7013,1.);
#7013 = DIRECTION('',(1.,8.742277657348E-08,0.));
#7014 = PLANE('',#7015);
#7015 = AXIS2_PLACEMENT_3D('',#7016,#7017,#7018);
#7016 = CARTESIAN_POINT('',(-0.825082913583,-3.30000239472,
    7.37105541539E-02));
#7017 = DIRECTION('',(-8.742277657348E-08,1.,-4.371138828674E-08));
#7018 = DIRECTION('',(-1.,-8.742277657348E-08,0.));
#7019 = ADVANCED_FACE('',(#7020),#7041,.T.);
#7020 = FACE_BOUND('',#7021,.T.);
#7021 = EDGE_LOOP('',(#7022,#7023,#7024,#7025,#7026,#7027,#7035));
#7022 = ORIENTED_EDGE('',*,*,#6307,.T.);
#7023 = ORIENTED_EDGE('',*,*,#6339,.T.);
#7024 = ORIENTED_EDGE('',*,*,#6372,.T.);
#7025 = ORIENTED_EDGE('',*,*,#6403,.T.);
#7026 = ORIENTED_EDGE('',*,*,#6426,.T.);
#7027 = ORIENTED_EDGE('',*,*,#7028,.F.);
#7028 = EDGE_CURVE('',#7029,#6427,#7031,.T.);
#7029 = VERTEX_POINT('',#7030);
#7030 = CARTESIAN_POINT('',(-0.675083114656,-1.000002371716,
    0.29999890566));
#7031 = LINE('',#7032,#7033);
#7032 = CARTESIAN_POINT('',(-0.675083114656,-1.000002371716,
    0.29999890566));
#7033 = VECTOR('',#7034,1.);
#7034 = DIRECTION('',(8.709002045547E-08,-0.996193713686,
    8.716699382592E-02));
#7035 = ORIENTED_EDGE('',*,*,#7036,.T.);
#7036 = EDGE_CURVE('',#7029,#6308,#7037,.T.);
#7037 = LINE('',#7038,#7039);
#7038 = CARTESIAN_POINT('',(-0.675083114656,-1.000002371716,
    0.29999890566));
#7039 = VECTOR('',#7040,1.);
#7040 = DIRECTION('',(-8.742277657348E-08,1.,-4.371138828674E-08));
#7041 = PLANE('',#7042);
#7042 = AXIS2_PLACEMENT_3D('',#7043,#7044,#7045);
#7043 = CARTESIAN_POINT('',(-0.675083167109,-0.400002360788,
    0.549998879433));
#7044 = DIRECTION('',(1.,8.742277657348E-08,0.));
#7045 = DIRECTION('',(-8.742277657348E-08,1.,-4.371138828674E-08));
#7046 = ADVANCED_FACE('',(#7047),#7059,.T.);
#7047 = FACE_BOUND('',#7048,.T.);
#7048 = EDGE_LOOP('',(#7049,#7050,#7051,#7052,#7053));
#7049 = ORIENTED_EDGE('',*,*,#6467,.T.);
#7050 = ORIENTED_EDGE('',*,*,#6509,.T.);
#7051 = ORIENTED_EDGE('',*,*,#6540,.T.);
#7052 = ORIENTED_EDGE('',*,*,#6563,.T.);
#7053 = ORIENTED_EDGE('',*,*,#7054,.F.);
#7054 = EDGE_CURVE('',#6460,#6564,#7055,.T.);
#7055 = LINE('',#7056,#7057);
#7056 = CARTESIAN_POINT('',(-0.675083120755,-0.930230094992,
    0.72499890261));
#7057 = VECTOR('',#7058,1.);
#7058 = DIRECTION('',(-8.742277657348E-08,1.,-4.371138828674E-08));
#7059 = PLANE('',#7060);
#7060 = AXIS2_PLACEMENT_3D('',#7061,#7062,#7063);
#7061 = CARTESIAN_POINT('',(-0.675083167109,-0.400002360788,
    0.549998879433));
#7062 = DIRECTION('',(1.,8.742277657348E-08,0.));
#7063 = DIRECTION('',(-8.742277657348E-08,1.,-4.371138828674E-08));
#7064 = ADVANCED_FACE('',(#7065),#7092,.T.);
#7065 = FACE_BOUND('',#7066,.T.);
#7066 = EDGE_LOOP('',(#7067,#7068,#7077,#7083,#7084,#7085,#7086));
#7067 = ORIENTED_EDGE('',*,*,#6612,.T.);
#7068 = ORIENTED_EDGE('',*,*,#7069,.T.);
#7069 = EDGE_CURVE('',#6605,#7070,#7072,.T.);
#7070 = VERTEX_POINT('',#7071);
#7071 = CARTESIAN_POINT('',(-0.675082954509,-2.831872351608,
    0.759998985733));
#7072 = CIRCLE('',#7073,0.2);
#7073 = AXIS2_PLACEMENT_3D('',#7074,#7075,#7076);
#7074 = CARTESIAN_POINT('',(-0.675082937024,-3.031872351608,
    0.759998994475));
#7075 = DIRECTION('',(-1.,-8.742277657348E-08,-6.617444900424E-24));
#7076 = DIRECTION('',(-6.450207698107E-08,0.737817757674,0.674999967749)
  );
#7077 = ORIENTED_EDGE('',*,*,#7078,.F.);
#7078 = EDGE_CURVE('',#6653,#7070,#7079,.T.);
#7079 = LINE('',#7080,#7081);
#7080 = CARTESIAN_POINT('',(-0.675082954509,-2.831872353402,
    0.718956081411));
#7081 = VECTOR('',#7082,1.);
#7082 = DIRECTION('',(-1.734652275724E-14,4.371138828674E-08,1.));
#7083 = ORIENTED_EDGE('',*,*,#6652,.T.);
#7084 = ORIENTED_EDGE('',*,*,#6684,.T.);
#7085 = ORIENTED_EDGE('',*,*,#6707,.T.);
#7086 = ORIENTED_EDGE('',*,*,#7087,.T.);
#7087 = EDGE_CURVE('',#6708,#6613,#7088,.T.);
#7088 = LINE('',#7089,#7090);
#7089 = CARTESIAN_POINT('',(-0.675082974779,-2.600002355107,
    0.679959975598));
#7090 = VECTOR('',#7091,1.);
#7091 = DIRECTION('',(-3.821370931908E-15,4.371138828674E-08,1.));
#7092 = PLANE('',#7093);
#7093 = AXIS2_PLACEMENT_3D('',#7094,#7095,#7096);
#7094 = CARTESIAN_POINT('',(-0.675083167109,-0.400002360788,
    0.549998879433));
#7095 = DIRECTION('',(1.,8.742277657348E-08,0.));
#7096 = DIRECTION('',(-8.742277657348E-08,1.,-4.371138828674E-08));
#7097 = ADVANCED_FACE('',(#7098),#7132,.T.);
#7098 = FACE_BOUND('',#7099,.T.);
#7099 = EDGE_LOOP('',(#7100,#7108,#7109,#7110,#7111,#7112,#7113,#7114,
    #7115,#7116,#7117,#7118,#7126));
#7100 = ORIENTED_EDGE('',*,*,#7101,.T.);
#7101 = EDGE_CURVE('',#7102,#6750,#7104,.T.);
#7102 = VERTEX_POINT('',#7103);
#7103 = CARTESIAN_POINT('',(-0.675082896099,-3.500002367782,
    0.389994556946));
#7104 = LINE('',#7105,#7106);
#7105 = CARTESIAN_POINT('',(-0.675082896099,-3.500002367782,
    0.389994556946));
#7106 = VECTOR('',#7107,1.);
#7107 = DIRECTION('',(7.892116699397E-08,-0.902752921919,-0.430159461092
    ));
#7108 = ORIENTED_EDGE('',*,*,#6757,.T.);
#7109 = ORIENTED_EDGE('',*,*,#6790,.T.);
#7110 = ORIENTED_EDGE('',*,*,#6812,.T.);
#7111 = ORIENTED_EDGE('',*,*,#1439,.T.);
#7112 = ORIENTED_EDGE('',*,*,#6833,.T.);
#7113 = ORIENTED_EDGE('',*,*,#6876,.T.);
#7114 = ORIENTED_EDGE('',*,*,#6907,.T.);
#7115 = ORIENTED_EDGE('',*,*,#6938,.T.);
#7116 = ORIENTED_EDGE('',*,*,#6971,.T.);
#7117 = ORIENTED_EDGE('',*,*,#6992,.T.);
#7118 = ORIENTED_EDGE('',*,*,#7119,.T.);
#7119 = EDGE_CURVE('',#6993,#7120,#7122,.T.);
#7120 = VERTEX_POINT('',#7121);
#7121 = CARTESIAN_POINT('',(-0.675082896099,-3.500002381332,
    7.999901493798E-02));
#7122 = LINE('',#7123,#7124);
#7123 = CARTESIAN_POINT('',(-0.675082913583,-3.300002381332,
    7.99990061957E-02));
#7124 = VECTOR('',#7125,1.);
#7125 = DIRECTION('',(8.742277657348E-08,-1.,4.371138828674E-08));
#7126 = ORIENTED_EDGE('',*,*,#7127,.T.);
#7127 = EDGE_CURVE('',#7120,#7102,#7128,.T.);
#7128 = LINE('',#7129,#7130);
#7129 = CARTESIAN_POINT('',(-0.675082896099,-3.500002381332,
    7.999901493798E-02));
#7130 = VECTOR('',#7131,1.);
#7131 = DIRECTION('',(-3.821370931908E-15,4.371138828674E-08,1.));
#7132 = PLANE('',#7133);
#7133 = AXIS2_PLACEMENT_3D('',#7134,#7135,#7136);
#7134 = CARTESIAN_POINT('',(-0.675083167109,-0.400002360788,
    0.549998879433));
#7135 = DIRECTION('',(1.,8.742277657348E-08,0.));
#7136 = DIRECTION('',(-8.742277657348E-08,1.,-4.371138828674E-08));
#7137 = ADVANCED_FACE('',(#7138),#7156,.T.);
#7138 = FACE_BOUND('',#7139,.T.);
#7139 = EDGE_LOOP('',(#7140,#7148,#7149,#7150));
#7140 = ORIENTED_EDGE('',*,*,#7141,.T.);
#7141 = EDGE_CURVE('',#7142,#6739,#7144,.T.);
#7142 = VERTEX_POINT('',#7143);
#7143 = CARTESIAN_POINT('',(-0.825082896099,-3.500002380895,
    0.389994556946));
#7144 = LINE('',#7145,#7146);
#7145 = CARTESIAN_POINT('',(-0.825082896099,-3.500002380895,
    0.389994556946));
#7146 = VECTOR('',#7147,1.);
#7147 = DIRECTION('',(7.892116699397E-08,-0.902752921919,-0.430159461092
    ));
#7148 = ORIENTED_EDGE('',*,*,#6749,.T.);
#7149 = ORIENTED_EDGE('',*,*,#7101,.F.);
#7150 = ORIENTED_EDGE('',*,*,#7151,.F.);
#7151 = EDGE_CURVE('',#7142,#7102,#7152,.T.);
#7152 = LINE('',#7153,#7154);
#7153 = CARTESIAN_POINT('',(-0.825082896099,-3.500002380895,
    0.389994556946));
#7154 = VECTOR('',#7155,1.);
#7155 = DIRECTION('',(1.,8.742277657348E-08,0.));
#7156 = PLANE('',#7157);
#7157 = AXIS2_PLACEMENT_3D('',#7158,#7159,#7160);
#7158 = CARTESIAN_POINT('',(-0.825082896099,-3.500002380895,
    0.389994556946));
#7159 = DIRECTION('',(3.760573445801E-08,-0.430159461092,0.902752921919)
  );
#7160 = DIRECTION('',(1.,8.742277657348E-08,0.));
#7161 = ADVANCED_FACE('',(#7162),#7183,.F.);
#7162 = FACE_BOUND('',#7163,.T.);
#7163 = EDGE_LOOP('',(#7164,#7172,#7173,#7174,#7175,#7176,#7177));
#7164 = ORIENTED_EDGE('',*,*,#7165,.T.);
#7165 = EDGE_CURVE('',#7166,#6436,#7168,.T.);
#7166 = VERTEX_POINT('',#7167);
#7167 = CARTESIAN_POINT('',(-0.825083114656,-1.000002384829,
    0.29999890566));
#7168 = LINE('',#7169,#7170);
#7169 = CARTESIAN_POINT('',(-0.825083114656,-1.000002384829,
    0.29999890566));
#7170 = VECTOR('',#7171,1.);
#7171 = DIRECTION('',(8.709002045547E-08,-0.996193713686,
    8.716699382592E-02));
#7172 = ORIENTED_EDGE('',*,*,#6435,.F.);
#7173 = ORIENTED_EDGE('',*,*,#6393,.F.);
#7174 = ORIENTED_EDGE('',*,*,#6379,.F.);
#7175 = ORIENTED_EDGE('',*,*,#6347,.F.);
#7176 = ORIENTED_EDGE('',*,*,#6289,.F.);
#7177 = ORIENTED_EDGE('',*,*,#7178,.F.);
#7178 = EDGE_CURVE('',#7166,#6290,#7179,.T.);
#7179 = LINE('',#7180,#7181);
#7180 = CARTESIAN_POINT('',(-0.825083114656,-1.000002384829,
    0.29999890566));
#7181 = VECTOR('',#7182,1.);
#7182 = DIRECTION('',(-8.742277657348E-08,1.,-4.371138828674E-08));
#7183 = PLANE('',#7184);
#7184 = AXIS2_PLACEMENT_3D('',#7185,#7186,#7187);
#7185 = CARTESIAN_POINT('',(-0.825083167109,-0.400002373901,
    0.549998879433));
#7186 = DIRECTION('',(1.,8.742277657348E-08,0.));
#7187 = DIRECTION('',(-8.742277657348E-08,1.,-4.371138828674E-08));
#7188 = ADVANCED_FACE('',(#7189),#7201,.F.);
#7189 = FACE_BOUND('',#7190,.T.);
#7190 = EDGE_LOOP('',(#7191,#7192,#7193,#7194,#7195));
#7191 = ORIENTED_EDGE('',*,*,#6572,.F.);
#7192 = ORIENTED_EDGE('',*,*,#6548,.F.);
#7193 = ORIENTED_EDGE('',*,*,#6516,.F.);
#7194 = ORIENTED_EDGE('',*,*,#6484,.F.);
#7195 = ORIENTED_EDGE('',*,*,#7196,.T.);
#7196 = EDGE_CURVE('',#6458,#6573,#7197,.T.);
#7197 = LINE('',#7198,#7199);
#7198 = CARTESIAN_POINT('',(-0.825083120755,-0.930230108106,
    0.72499890261));
#7199 = VECTOR('',#7200,1.);
#7200 = DIRECTION('',(-8.742277657348E-08,1.,-4.371138828674E-08));
#7201 = PLANE('',#7202);
#7202 = AXIS2_PLACEMENT_3D('',#7203,#7204,#7205);
#7203 = CARTESIAN_POINT('',(-0.825083167109,-0.400002373901,
    0.549998879433));
#7204 = DIRECTION('',(1.,8.742277657348E-08,0.));
#7205 = DIRECTION('',(-8.742277657348E-08,1.,-4.371138828674E-08));
#7206 = ADVANCED_FACE('',(#7207),#7234,.F.);
#7207 = FACE_BOUND('',#7208,.T.);
#7208 = EDGE_LOOP('',(#7209,#7210,#7211,#7212,#7220,#7227,#7228));
#7209 = ORIENTED_EDGE('',*,*,#6716,.F.);
#7210 = ORIENTED_EDGE('',*,*,#6692,.F.);
#7211 = ORIENTED_EDGE('',*,*,#6634,.F.);
#7212 = ORIENTED_EDGE('',*,*,#7213,.T.);
#7213 = EDGE_CURVE('',#6635,#7214,#7216,.T.);
#7214 = VERTEX_POINT('',#7215);
#7215 = CARTESIAN_POINT('',(-0.825082954509,-2.831872364722,
    0.759998985733));
#7216 = LINE('',#7217,#7218);
#7217 = CARTESIAN_POINT('',(-0.825082954509,-2.831872366516,
    0.718956081411));
#7218 = VECTOR('',#7219,1.);
#7219 = DIRECTION('',(-3.821370931908E-15,4.371138828674E-08,1.));
#7220 = ORIENTED_EDGE('',*,*,#7221,.F.);
#7221 = EDGE_CURVE('',#6597,#7214,#7222,.T.);
#7222 = CIRCLE('',#7223,0.2);
#7223 = AXIS2_PLACEMENT_3D('',#7224,#7225,#7226);
#7224 = CARTESIAN_POINT('',(-0.825082937024,-3.031872364722,
    0.759998994475));
#7225 = DIRECTION('',(-1.,-8.742277657348E-08,-6.617444900424E-24));
#7226 = DIRECTION('',(-6.450207698107E-08,0.737817757674,0.674999967749)
  );
#7227 = ORIENTED_EDGE('',*,*,#6594,.F.);
#7228 = ORIENTED_EDGE('',*,*,#7229,.F.);
#7229 = EDGE_CURVE('',#6717,#6595,#7230,.T.);
#7230 = LINE('',#7231,#7232);
#7231 = CARTESIAN_POINT('',(-0.825082974779,-2.60000236822,
    0.679959975598));
#7232 = VECTOR('',#7233,1.);
#7233 = DIRECTION('',(-3.821370931908E-15,4.371138828674E-08,1.));
#7234 = PLANE('',#7235);
#7235 = AXIS2_PLACEMENT_3D('',#7236,#7237,#7238);
#7236 = CARTESIAN_POINT('',(-0.825083167109,-0.400002373901,
    0.549998879433));
#7237 = DIRECTION('',(1.,8.742277657348E-08,0.));
#7238 = DIRECTION('',(-8.742277657348E-08,1.,-4.371138828674E-08));
#7239 = ADVANCED_FACE('',(#7240),#7267,.F.);
#7240 = FACE_BOUND('',#7241,.T.);
#7241 = EDGE_LOOP('',(#7242,#7250,#7251,#7252,#7253,#7254,#7255,#7256,
    #7257,#7258,#7259,#7260,#7261));
#7242 = ORIENTED_EDGE('',*,*,#7243,.F.);
#7243 = EDGE_CURVE('',#7002,#7244,#7246,.T.);
#7244 = VERTEX_POINT('',#7245);
#7245 = CARTESIAN_POINT('',(-0.825082896099,-3.500002394445,
    7.999901493798E-02));
#7246 = LINE('',#7247,#7248);
#7247 = CARTESIAN_POINT('',(-0.825082913583,-3.300002394445,
    7.99990061957E-02));
#7248 = VECTOR('',#7249,1.);
#7249 = DIRECTION('',(8.742277657348E-08,-1.,4.371138828674E-08));
#7250 = ORIENTED_EDGE('',*,*,#7001,.F.);
#7251 = ORIENTED_EDGE('',*,*,#6978,.F.);
#7252 = ORIENTED_EDGE('',*,*,#6946,.F.);
#7253 = ORIENTED_EDGE('',*,*,#6914,.F.);
#7254 = ORIENTED_EDGE('',*,*,#6883,.F.);
#7255 = ORIENTED_EDGE('',*,*,#6850,.F.);
#7256 = ORIENTED_EDGE('',*,*,#1456,.F.);
#7257 = ORIENTED_EDGE('',*,*,#6819,.F.);
#7258 = ORIENTED_EDGE('',*,*,#6797,.F.);
#7259 = ORIENTED_EDGE('',*,*,#6738,.F.);
#7260 = ORIENTED_EDGE('',*,*,#7141,.F.);
#7261 = ORIENTED_EDGE('',*,*,#7262,.F.);
#7262 = EDGE_CURVE('',#7244,#7142,#7263,.T.);
#7263 = LINE('',#7264,#7265);
#7264 = CARTESIAN_POINT('',(-0.825082896099,-3.500002394445,
    7.999901493798E-02));
#7265 = VECTOR('',#7266,1.);
#7266 = DIRECTION('',(-3.821370931908E-15,4.371138828674E-08,1.));
#7267 = PLANE('',#7268);
#7268 = AXIS2_PLACEMENT_3D('',#7269,#7270,#7271);
#7269 = CARTESIAN_POINT('',(-0.825083167109,-0.400002373901,
    0.549998879433));
#7270 = DIRECTION('',(1.,8.742277657348E-08,0.));
#7271 = DIRECTION('',(-8.742277657348E-08,1.,-4.371138828674E-08));
#7272 = ADVANCED_FACE('',(#7273),#7307,.T.);
#7273 = FACE_BOUND('',#7274,.T.);
#7274 = EDGE_LOOP('',(#7275,#7285,#7293,#7301));
#7275 = ORIENTED_EDGE('',*,*,#7276,.T.);
#7276 = EDGE_CURVE('',#7277,#7279,#7281,.T.);
#7277 = VERTEX_POINT('',#7278);
#7278 = CARTESIAN_POINT('',(-1.325083139768,-0.712755920904,
    0.299998893104));
#7279 = VERTEX_POINT('',#7280);
#7280 = CARTESIAN_POINT('',(-1.325083124908,-0.882735096366,
    0.38474578624));
#7281 = LINE('',#7282,#7283);
#7282 = CARTESIAN_POINT('',(-1.325083139768,-0.712755920904,
    0.299998893104));
#7283 = VECTOR('',#7284,1.);
#7284 = DIRECTION('',(7.823794035716E-08,-0.894937720165,0.446191076811)
  );
#7285 = ORIENTED_EDGE('',*,*,#7286,.T.);
#7286 = EDGE_CURVE('',#7279,#7287,#7289,.T.);
#7287 = VERTEX_POINT('',#7288);
#7288 = CARTESIAN_POINT('',(-1.175083124908,-0.882735083252,
    0.38474578624));
#7289 = LINE('',#7290,#7291);
#7290 = CARTESIAN_POINT('',(-1.325083124908,-0.882735096366,
    0.38474578624));
#7291 = VECTOR('',#7292,1.);
#7292 = DIRECTION('',(1.,8.742277657348E-08,0.));
#7293 = ORIENTED_EDGE('',*,*,#7294,.F.);
#7294 = EDGE_CURVE('',#7295,#7287,#7297,.T.);
#7295 = VERTEX_POINT('',#7296);
#7296 = CARTESIAN_POINT('',(-1.175083139768,-0.71275590779,
    0.299998893104));
#7297 = LINE('',#7298,#7299);
#7298 = CARTESIAN_POINT('',(-1.175083139768,-0.71275590779,
    0.299998893104));
#7299 = VECTOR('',#7300,1.);
#7300 = DIRECTION('',(7.823794035716E-08,-0.894937720165,0.446191076811)
  );
#7301 = ORIENTED_EDGE('',*,*,#7302,.F.);
#7302 = EDGE_CURVE('',#7277,#7295,#7303,.T.);
#7303 = LINE('',#7304,#7305);
#7304 = CARTESIAN_POINT('',(-1.325083139768,-0.712755920904,
    0.299998893104));
#7305 = VECTOR('',#7306,1.);
#7306 = DIRECTION('',(1.,8.742277657348E-08,0.));
#7307 = PLANE('',#7308);
#7308 = AXIS2_PLACEMENT_3D('',#7309,#7310,#7311);
#7309 = CARTESIAN_POINT('',(-1.325083139768,-0.712755920904,
    0.299998893104));
#7310 = DIRECTION('',(-3.900726281713E-08,0.446191076811,0.894937720165)
  );
#7311 = DIRECTION('',(-1.,-8.742277657348E-08,0.));
#7312 = ADVANCED_FACE('',(#7313),#7340,.T.);
#7313 = FACE_BOUND('',#7314,.T.);
#7314 = EDGE_LOOP('',(#7315,#7325,#7332,#7333));
#7315 = ORIENTED_EDGE('',*,*,#7316,.T.);
#7316 = EDGE_CURVE('',#7317,#7319,#7321,.T.);
#7317 = VERTEX_POINT('',#7318);
#7318 = CARTESIAN_POINT('',(-1.325083122957,-0.905044648021,
    0.389998900232));
#7319 = VERTEX_POINT('',#7320);
#7320 = CARTESIAN_POINT('',(-1.175083122957,-0.905044634907,
    0.389998900232));
#7321 = LINE('',#7322,#7323);
#7322 = CARTESIAN_POINT('',(-1.325083122957,-0.905044648021,
    0.389998900232));
#7323 = VECTOR('',#7324,1.);
#7324 = DIRECTION('',(1.,8.742277657348E-08,0.));
#7325 = ORIENTED_EDGE('',*,*,#7326,.F.);
#7326 = EDGE_CURVE('',#7287,#7319,#7327,.T.);
#7327 = CIRCLE('',#7328,5.E-02);
#7328 = AXIS2_PLACEMENT_3D('',#7329,#7330,#7331);
#7329 = CARTESIAN_POINT('',(-1.175083122957,-0.905044637093,
    0.339998900232));
#7330 = DIRECTION('',(1.,8.742277657348E-08,6.617444900424E-24));
#7331 = DIRECTION('',(-3.900726281713E-08,0.446191076811,0.894937720165)
  );
#7332 = ORIENTED_EDGE('',*,*,#7286,.F.);
#7333 = ORIENTED_EDGE('',*,*,#7334,.T.);
#7334 = EDGE_CURVE('',#7279,#7317,#7335,.T.);
#7335 = CIRCLE('',#7336,5.E-02);
#7336 = AXIS2_PLACEMENT_3D('',#7337,#7338,#7339);
#7337 = CARTESIAN_POINT('',(-1.325083122957,-0.905044650206,
    0.339998900232));
#7338 = DIRECTION('',(1.,8.742277657348E-08,6.617444900424E-24));
#7339 = DIRECTION('',(-3.900726281713E-08,0.446191076811,0.894937720165)
  );
#7340 = CYLINDRICAL_SURFACE('',#7341,5.E-02);
#7341 = AXIS2_PLACEMENT_3D('',#7342,#7343,#7344);
#7342 = CARTESIAN_POINT('',(-1.325083122957,-0.905044650206,
    0.339998900232));
#7343 = DIRECTION('',(1.,8.742277657348E-08,0.));
#7344 = DIRECTION('',(-3.821370931908E-15,4.371138828674E-08,1.));
#7345 = ADVANCED_FACE('',(#7346),#7371,.T.);
#7346 = FACE_BOUND('',#7347,.T.);
#7347 = EDGE_LOOP('',(#7348,#7358,#7364,#7365));
#7348 = ORIENTED_EDGE('',*,*,#7349,.T.);
#7349 = EDGE_CURVE('',#7350,#7352,#7354,.T.);
#7350 = VERTEX_POINT('',#7351);
#7351 = CARTESIAN_POINT('',(-1.325083121626,-0.920265901287,
    0.389998900897));
#7352 = VERTEX_POINT('',#7353);
#7353 = CARTESIAN_POINT('',(-1.175083121626,-0.920265888174,
    0.389998900897));
#7354 = LINE('',#7355,#7356);
#7355 = CARTESIAN_POINT('',(-1.325083121626,-0.920265901287,
    0.389998900897));
#7356 = VECTOR('',#7357,1.);
#7357 = DIRECTION('',(1.,8.742277657348E-08,0.));
#7358 = ORIENTED_EDGE('',*,*,#7359,.F.);
#7359 = EDGE_CURVE('',#7319,#7352,#7360,.T.);
#7360 = LINE('',#7361,#7362);
#7361 = CARTESIAN_POINT('',(-1.175083122957,-0.905044634907,
    0.389998900232));
#7362 = VECTOR('',#7363,1.);
#7363 = DIRECTION('',(8.742277657348E-08,-1.,4.371138828674E-08));
#7364 = ORIENTED_EDGE('',*,*,#7316,.F.);
#7365 = ORIENTED_EDGE('',*,*,#7366,.T.);
#7366 = EDGE_CURVE('',#7317,#7350,#7367,.T.);
#7367 = LINE('',#7368,#7369);
#7368 = CARTESIAN_POINT('',(-1.325083122957,-0.905044648021,
    0.389998900232));
#7369 = VECTOR('',#7370,1.);
#7370 = DIRECTION('',(8.742277657348E-08,-1.,4.371138828674E-08));
#7371 = PLANE('',#7372);
#7372 = AXIS2_PLACEMENT_3D('',#7373,#7374,#7375);
#7373 = CARTESIAN_POINT('',(-1.325083122957,-0.905044648021,
    0.389998900232));
#7374 = DIRECTION('',(-3.821370931908E-15,4.371138828674E-08,1.));
#7375 = DIRECTION('',(-1.,-8.742277657348E-08,0.));
#7376 = ADVANCED_FACE('',(#7377),#7404,.F.);
#7377 = FACE_BOUND('',#7378,.F.);
#7378 = EDGE_LOOP('',(#7379,#7388,#7389,#7398));
#7379 = ORIENTED_EDGE('',*,*,#7380,.F.);
#7380 = EDGE_CURVE('',#7350,#7381,#7383,.T.);
#7381 = VERTEX_POINT('',#7382);
#7382 = CARTESIAN_POINT('',(-1.325083115916,-0.985591493939,
    0.32499971921));
#7383 = CIRCLE('',#7384,6.5E-02);
#7384 = AXIS2_PLACEMENT_3D('',#7385,#7386,#7387);
#7385 = CARTESIAN_POINT('',(-1.325083115944,-0.985265901287,
    0.389998903739));
#7386 = DIRECTION('',(-1.,-8.742277657348E-08,7.88860905221E-31));
#7387 = DIRECTION('',(-8.742277657348E-08,1.,-4.371138828674E-08));
#7388 = ORIENTED_EDGE('',*,*,#7349,.T.);
#7389 = ORIENTED_EDGE('',*,*,#7390,.T.);
#7390 = EDGE_CURVE('',#7352,#7391,#7393,.T.);
#7391 = VERTEX_POINT('',#7392);
#7392 = CARTESIAN_POINT('',(-1.175083115916,-0.985591480825,
    0.32499971921));
#7393 = CIRCLE('',#7394,6.5E-02);
#7394 = AXIS2_PLACEMENT_3D('',#7395,#7396,#7397);
#7395 = CARTESIAN_POINT('',(-1.175083115944,-0.985265888174,
    0.389998903739));
#7396 = DIRECTION('',(-1.,-8.742277657348E-08,7.88860905221E-31));
#7397 = DIRECTION('',(-8.742277657348E-08,1.,-4.371138828674E-08));
#7398 = ORIENTED_EDGE('',*,*,#7399,.F.);
#7399 = EDGE_CURVE('',#7381,#7391,#7400,.T.);
#7400 = LINE('',#7401,#7402);
#7401 = CARTESIAN_POINT('',(-1.325083115916,-0.985591493939,
    0.32499971921));
#7402 = VECTOR('',#7403,1.);
#7403 = DIRECTION('',(1.,8.742277657348E-08,0.));
#7404 = CYLINDRICAL_SURFACE('',#7405,6.5E-02);
#7405 = AXIS2_PLACEMENT_3D('',#7406,#7407,#7408);
#7406 = CARTESIAN_POINT('',(-1.325083115944,-0.985265901287,
    0.389998903739));
#7407 = DIRECTION('',(1.,8.742277657348E-08,0.));
#7408 = DIRECTION('',(-3.821370931908E-15,4.371138828674E-08,1.));
#7409 = ADVANCED_FACE('',(#7410),#7435,.T.);
#7410 = FACE_BOUND('',#7411,.T.);
#7411 = EDGE_LOOP('',(#7412,#7420,#7421,#7429));
#7412 = ORIENTED_EDGE('',*,*,#7413,.F.);
#7413 = EDGE_CURVE('',#7391,#7414,#7416,.T.);
#7414 = VERTEX_POINT('',#7415);
#7415 = CARTESIAN_POINT('',(-1.175083088084,-1.303951234292,
    0.326594440698));
#7416 = LINE('',#7417,#7418);
#7417 = CARTESIAN_POINT('',(-1.175083115916,-0.985591480825,
    0.32499971921));
#7418 = VECTOR('',#7419,1.);
#7419 = DIRECTION('',(8.742167979277E-08,-0.999987454291,
    5.009117716882E-03));
#7420 = ORIENTED_EDGE('',*,*,#7399,.F.);
#7421 = ORIENTED_EDGE('',*,*,#7422,.T.);
#7422 = EDGE_CURVE('',#7381,#7423,#7425,.T.);
#7423 = VERTEX_POINT('',#7424);
#7424 = CARTESIAN_POINT('',(-1.325083088084,-1.303951247405,
    0.326594440698));
#7425 = LINE('',#7426,#7427);
#7426 = CARTESIAN_POINT('',(-1.325083115916,-0.985591493939,
    0.32499971921));
#7427 = VECTOR('',#7428,1.);
#7428 = DIRECTION('',(8.742167979277E-08,-0.999987454291,
    5.009117716882E-03));
#7429 = ORIENTED_EDGE('',*,*,#7430,.T.);
#7430 = EDGE_CURVE('',#7423,#7414,#7431,.T.);
#7431 = LINE('',#7432,#7433);
#7432 = CARTESIAN_POINT('',(-1.325083088084,-1.303951247405,
    0.326594440698));
#7433 = VECTOR('',#7434,1.);
#7434 = DIRECTION('',(1.,8.742277657348E-08,0.));
#7435 = PLANE('',#7436);
#7436 = AXIS2_PLACEMENT_3D('',#7437,#7438,#7439);
#7437 = CARTESIAN_POINT('',(-1.325083115916,-0.985591493939,
    0.32499971921));
#7438 = DIRECTION('',(-4.379109789932E-10,5.009117716882E-03,
    0.999987454291));
#7439 = DIRECTION('',(-1.,-8.742277657348E-08,0.));
#7440 = ADVANCED_FACE('',(#7441),#7477,.F.);
#7441 = FACE_BOUND('',#7442,.F.);
#7442 = EDGE_LOOP('',(#7443,#7453,#7462,#7470));
#7443 = ORIENTED_EDGE('',*,*,#7444,.T.);
#7444 = EDGE_CURVE('',#7445,#7447,#7449,.T.);
#7445 = VERTEX_POINT('',#7446);
#7446 = CARTESIAN_POINT('',(-1.325083120755,-0.930230151817,
    0.72499890261));
#7447 = VERTEX_POINT('',#7448);
#7448 = CARTESIAN_POINT('',(-1.175083120755,-0.930230138704,
    0.72499890261));
#7449 = LINE('',#7450,#7451);
#7450 = CARTESIAN_POINT('',(-1.325083120755,-0.930230151817,
    0.72499890261));
#7451 = VECTOR('',#7452,1.);
#7452 = DIRECTION('',(1.,8.742277657348E-08,0.));
#7453 = ORIENTED_EDGE('',*,*,#7454,.T.);
#7454 = EDGE_CURVE('',#7447,#7455,#7457,.T.);
#7455 = VERTEX_POINT('',#7456);
#7456 = CARTESIAN_POINT('',(-1.175083121626,-0.920267357205,
    0.689975738438));
#7457 = CIRCLE('',#7458,6.5E-02);
#7458 = AXIS2_PLACEMENT_3D('',#7459,#7460,#7461);
#7459 = CARTESIAN_POINT('',(-1.175083115944,-0.985265875042,
    0.690414690522));
#7460 = DIRECTION('',(-1.,-8.742277657348E-08,0.));
#7461 = DIRECTION('',(-7.402118279173E-08,0.846703635974,0.532064801343)
  );
#7462 = ORIENTED_EDGE('',*,*,#7463,.F.);
#7463 = EDGE_CURVE('',#7464,#7455,#7466,.T.);
#7464 = VERTEX_POINT('',#7465);
#7465 = CARTESIAN_POINT('',(-1.325083121626,-0.920267370318,
    0.689975738438));
#7466 = LINE('',#7467,#7468);
#7467 = CARTESIAN_POINT('',(-1.325083121626,-0.920267370318,
    0.689975738438));
#7468 = VECTOR('',#7469,1.);
#7469 = DIRECTION('',(1.,8.742277657348E-08,0.));
#7470 = ORIENTED_EDGE('',*,*,#7471,.F.);
#7471 = EDGE_CURVE('',#7445,#7464,#7472,.T.);
#7472 = CIRCLE('',#7473,6.5E-02);
#7473 = AXIS2_PLACEMENT_3D('',#7474,#7475,#7476);
#7474 = CARTESIAN_POINT('',(-1.325083115944,-0.985265888155,
    0.690414690522));
#7475 = DIRECTION('',(-1.,-8.742277657348E-08,0.));
#7476 = DIRECTION('',(-7.402118279173E-08,0.846703635974,0.532064801343)
  );
#7477 = CYLINDRICAL_SURFACE('',#7478,6.5E-02);
#7478 = AXIS2_PLACEMENT_3D('',#7479,#7480,#7481);
#7479 = CARTESIAN_POINT('',(-1.325083115944,-0.985265888155,
    0.690414690522));
#7480 = DIRECTION('',(1.,8.742277657348E-08,0.));
#7481 = DIRECTION('',(-3.821370931908E-15,4.371138828674E-08,1.));
#7482 = ADVANCED_FACE('',(#7483),#7508,.T.);
#7483 = FACE_BOUND('',#7484,.T.);
#7484 = EDGE_LOOP('',(#7485,#7495,#7501,#7502));
#7485 = ORIENTED_EDGE('',*,*,#7486,.T.);
#7486 = EDGE_CURVE('',#7487,#7489,#7491,.T.);
#7487 = VERTEX_POINT('',#7488);
#7488 = CARTESIAN_POINT('',(-1.325083122956,-0.905059552817,
    0.691306230967));
#7489 = VERTEX_POINT('',#7490);
#7490 = CARTESIAN_POINT('',(-1.175083122956,-0.905059539704,
    0.691306230967));
#7491 = LINE('',#7492,#7493);
#7492 = CARTESIAN_POINT('',(-1.325083122956,-0.905059552817,
    0.691306230967));
#7493 = VECTOR('',#7494,1.);
#7494 = DIRECTION('',(1.,8.742277657348E-08,0.));
#7495 = ORIENTED_EDGE('',*,*,#7496,.F.);
#7496 = EDGE_CURVE('',#7455,#7489,#7497,.T.);
#7497 = LINE('',#7498,#7499);
#7498 = CARTESIAN_POINT('',(-1.175083121626,-0.920267357205,
    0.689975738438));
#7499 = VECTOR('',#7500,1.);
#7500 = DIRECTION('',(-8.709011601122E-08,0.996194806716,
    8.715450115399E-02));
#7501 = ORIENTED_EDGE('',*,*,#7463,.F.);
#7502 = ORIENTED_EDGE('',*,*,#7503,.T.);
#7503 = EDGE_CURVE('',#7464,#7487,#7504,.T.);
#7504 = LINE('',#7505,#7506);
#7505 = CARTESIAN_POINT('',(-1.325083121626,-0.920267370318,
    0.689975738438));
#7506 = VECTOR('',#7507,1.);
#7507 = DIRECTION('',(-8.709011601122E-08,0.996194806716,
    8.715450115399E-02));
#7508 = PLANE('',#7509);
#7509 = AXIS2_PLACEMENT_3D('',#7510,#7511,#7512);
#7510 = CARTESIAN_POINT('',(-1.325083121626,-0.920267370318,
    0.689975738438));
#7511 = DIRECTION('',(-7.619288481758E-09,8.715450115399E-02,
    -0.996194806716));
#7512 = DIRECTION('',(1.,8.742277657348E-08,0.));
#7513 = ADVANCED_FACE('',(#7514),#7541,.T.);
#7514 = FACE_BOUND('',#7515,.T.);
#7515 = EDGE_LOOP('',(#7516,#7526,#7533,#7534));
#7516 = ORIENTED_EDGE('',*,*,#7517,.T.);
#7517 = EDGE_CURVE('',#7518,#7520,#7522,.T.);
#7518 = VERTEX_POINT('',#7519);
#7519 = CARTESIAN_POINT('',(-1.325083125196,-0.879441083678,
    0.701098128014));
#7520 = VERTEX_POINT('',#7521);
#7521 = CARTESIAN_POINT('',(-1.175083125196,-0.879441070565,
    0.701098128014));
#7522 = LINE('',#7523,#7524);
#7523 = CARTESIAN_POINT('',(-1.325083125196,-0.879441083678,
    0.701098128014));
#7524 = VECTOR('',#7525,1.);
#7525 = DIRECTION('',(1.,8.742277657348E-08,0.));
#7526 = ORIENTED_EDGE('',*,*,#7527,.F.);
#7527 = EDGE_CURVE('',#7489,#7520,#7528,.T.);
#7528 = CIRCLE('',#7529,5.E-02);
#7529 = AXIS2_PLACEMENT_3D('',#7530,#7531,#7532);
#7530 = CARTESIAN_POINT('',(-1.175083122575,-0.909417264761,
    0.741115971303));
#7531 = DIRECTION('',(1.,8.742277657348E-08,0.));
#7532 = DIRECTION('',(-7.619288481761E-09,8.715450115402E-02,
    -0.996194806716));
#7533 = ORIENTED_EDGE('',*,*,#7486,.F.);
#7534 = ORIENTED_EDGE('',*,*,#7535,.T.);
#7535 = EDGE_CURVE('',#7487,#7518,#7536,.T.);
#7536 = CIRCLE('',#7537,5.E-02);
#7537 = AXIS2_PLACEMENT_3D('',#7538,#7539,#7540);
#7538 = CARTESIAN_POINT('',(-1.325083122575,-0.909417277875,
    0.741115971303));
#7539 = DIRECTION('',(1.,8.742277657348E-08,0.));
#7540 = DIRECTION('',(-7.619288481761E-09,8.715450115402E-02,
    -0.996194806716));
#7541 = CYLINDRICAL_SURFACE('',#7542,5.E-02);
#7542 = AXIS2_PLACEMENT_3D('',#7543,#7544,#7545);
#7543 = CARTESIAN_POINT('',(-1.325083122575,-0.909417277875,
    0.741115971303));
#7544 = DIRECTION('',(1.,8.742277657348E-08,0.));
#7545 = DIRECTION('',(-3.821370931908E-15,4.371138828674E-08,1.));
#7546 = ADVANCED_FACE('',(#7547),#7572,.T.);
#7547 = FACE_BOUND('',#7548,.T.);
#7548 = EDGE_LOOP('',(#7549,#7557,#7558,#7566));
#7549 = ORIENTED_EDGE('',*,*,#7550,.F.);
#7550 = EDGE_CURVE('',#7520,#7551,#7553,.T.);
#7551 = VERTEX_POINT('',#7552);
#7552 = CARTESIAN_POINT('',(-1.175083127985,-0.84753384107,
    0.724998898995));
#7553 = LINE('',#7554,#7555);
#7554 = CARTESIAN_POINT('',(-1.175083125196,-0.879441070565,
    0.701098128014));
#7555 = VECTOR('',#7556,1.);
#7556 = DIRECTION('',(-6.996941945602E-08,0.800356865779,0.599523883929)
  );
#7557 = ORIENTED_EDGE('',*,*,#7517,.F.);
#7558 = ORIENTED_EDGE('',*,*,#7559,.T.);
#7559 = EDGE_CURVE('',#7518,#7560,#7562,.T.);
#7560 = VERTEX_POINT('',#7561);
#7561 = CARTESIAN_POINT('',(-1.325083127985,-0.847533854184,
    0.724998898995));
#7562 = LINE('',#7563,#7564);
#7563 = CARTESIAN_POINT('',(-1.325083125196,-0.879441083678,
    0.701098128014));
#7564 = VECTOR('',#7565,1.);
#7565 = DIRECTION('',(-6.996941945602E-08,0.800356865779,0.599523883929)
  );
#7566 = ORIENTED_EDGE('',*,*,#7567,.T.);
#7567 = EDGE_CURVE('',#7560,#7551,#7568,.T.);
#7568 = LINE('',#7569,#7570);
#7569 = CARTESIAN_POINT('',(-1.325083127985,-0.847533854184,
    0.724998898995));
#7570 = VECTOR('',#7571,1.);
#7571 = DIRECTION('',(1.,8.742277657348E-08,0.));
#7572 = PLANE('',#7573);
#7573 = AXIS2_PLACEMENT_3D('',#7574,#7575,#7576);
#7574 = CARTESIAN_POINT('',(-1.325083125196,-0.879441083678,
    0.701098128014));
#7575 = DIRECTION('',(-5.241204255516E-08,0.599523883929,-0.800356865779
    ));
#7576 = DIRECTION('',(1.,8.742277657348E-08,0.));
#7577 = ADVANCED_FACE('',(#7578),#7612,.T.);
#7578 = FACE_BOUND('',#7579,.T.);
#7579 = EDGE_LOOP('',(#7580,#7590,#7598,#7606));
#7580 = ORIENTED_EDGE('',*,*,#7581,.T.);
#7581 = EDGE_CURVE('',#7582,#7584,#7586,.T.);
#7582 = VERTEX_POINT('',#7583);
#7583 = CARTESIAN_POINT('',(-1.325082954509,-2.831872410227,
    0.718956081411));
#7584 = VERTEX_POINT('',#7585);
#7585 = CARTESIAN_POINT('',(-1.325082967035,-2.688580680417,
    0.685268138432));
#7586 = LINE('',#7587,#7588);
#7587 = CARTESIAN_POINT('',(-1.325082954509,-2.831872410227,
    0.718956081411));
#7588 = VECTOR('',#7589,1.);
#7589 = DIRECTION('',(-8.510250572385E-08,0.973459195183,-0.228860646058
    ));
#7590 = ORIENTED_EDGE('',*,*,#7591,.T.);
#7591 = EDGE_CURVE('',#7584,#7592,#7594,.T.);
#7592 = VERTEX_POINT('',#7593);
#7593 = CARTESIAN_POINT('',(-1.175082967035,-2.688580667303,
    0.685268138432));
#7594 = LINE('',#7595,#7596);
#7595 = CARTESIAN_POINT('',(-1.325082967035,-2.688580680417,
    0.685268138432));
#7596 = VECTOR('',#7597,1.);
#7597 = DIRECTION('',(1.,8.742277657348E-08,0.));
#7598 = ORIENTED_EDGE('',*,*,#7599,.F.);
#7599 = EDGE_CURVE('',#7600,#7592,#7602,.T.);
#7600 = VERTEX_POINT('',#7601);
#7601 = CARTESIAN_POINT('',(-1.175082954509,-2.831872397114,
    0.718956081411));
#7602 = LINE('',#7603,#7604);
#7603 = CARTESIAN_POINT('',(-1.175082954509,-2.831872397114,
    0.718956081411));
#7604 = VECTOR('',#7605,1.);
#7605 = DIRECTION('',(-8.510250572385E-08,0.973459195183,-0.228860646058
    ));
#7606 = ORIENTED_EDGE('',*,*,#7607,.F.);
#7607 = EDGE_CURVE('',#7582,#7600,#7608,.T.);
#7608 = LINE('',#7609,#7610);
#7609 = CARTESIAN_POINT('',(-1.325082954509,-2.831872410227,
    0.718956081411));
#7610 = VECTOR('',#7611,1.);
#7611 = DIRECTION('',(1.,8.742277657348E-08,0.));
#7612 = PLANE('',#7613);
#7613 = AXIS2_PLACEMENT_3D('',#7614,#7615,#7616);
#7614 = CARTESIAN_POINT('',(-1.325082954509,-2.831872410227,
    0.718956081411));
#7615 = DIRECTION('',(2.000763312681E-08,-0.228860646058,-0.973459195183
    ));
#7616 = DIRECTION('',(8.510250572385E-08,-0.973459195183,0.228860646058)
  );
#7617 = ADVANCED_FACE('',(#7618),#7645,.T.);
#7618 = FACE_BOUND('',#7619,.T.);
#7619 = EDGE_LOOP('',(#7620,#7630,#7637,#7638));
#7620 = ORIENTED_EDGE('',*,*,#7621,.T.);
#7621 = EDGE_CURVE('',#7622,#7624,#7626,.T.);
#7622 = VERTEX_POINT('',#7623);
#7623 = CARTESIAN_POINT('',(-1.325082971037,-2.642808559948,
    0.679959977469));
#7624 = VERTEX_POINT('',#7625);
#7625 = CARTESIAN_POINT('',(-1.175082971037,-2.642808546834,
    0.679959977469));
#7626 = LINE('',#7627,#7628);
#7627 = CARTESIAN_POINT('',(-1.325082971037,-2.642808559948,
    0.679959977469));
#7628 = VECTOR('',#7629,1.);
#7629 = DIRECTION('',(1.,8.742277657348E-08,0.));
#7630 = ORIENTED_EDGE('',*,*,#7631,.F.);
#7631 = EDGE_CURVE('',#7592,#7624,#7632,.T.);
#7632 = CIRCLE('',#7633,0.2);
#7633 = AXIS2_PLACEMENT_3D('',#7634,#7635,#7636);
#7634 = CARTESIAN_POINT('',(-1.175082971037,-2.642808538092,
    0.879959977469));
#7635 = DIRECTION('',(1.,8.742277657348E-08,-3.308722450212E-24));
#7636 = DIRECTION('',(2.000763312681E-08,-0.228860646058,-0.973459195183
    ));
#7637 = ORIENTED_EDGE('',*,*,#7591,.F.);
#7638 = ORIENTED_EDGE('',*,*,#7639,.T.);
#7639 = EDGE_CURVE('',#7584,#7622,#7640,.T.);
#7640 = CIRCLE('',#7641,0.2);
#7641 = AXIS2_PLACEMENT_3D('',#7642,#7643,#7644);
#7642 = CARTESIAN_POINT('',(-1.325082971037,-2.642808551205,
    0.879959977469));
#7643 = DIRECTION('',(1.,8.742277657348E-08,-3.308722450212E-24));
#7644 = DIRECTION('',(2.000763312681E-08,-0.228860646058,-0.973459195183
    ));
#7645 = CYLINDRICAL_SURFACE('',#7646,0.2);
#7646 = AXIS2_PLACEMENT_3D('',#7647,#7648,#7649);
#7647 = CARTESIAN_POINT('',(-1.325082971037,-2.642808551205,
    0.879959977469));
#7648 = DIRECTION('',(1.,8.742277657348E-08,0.));
#7649 = DIRECTION('',(-3.821370931908E-15,4.371138828674E-08,1.));
#7650 = ADVANCED_FACE('',(#7651),#7676,.T.);
#7651 = FACE_BOUND('',#7652,.T.);
#7652 = EDGE_LOOP('',(#7653,#7661,#7662,#7670));
#7653 = ORIENTED_EDGE('',*,*,#7654,.F.);
#7654 = EDGE_CURVE('',#7624,#7655,#7657,.T.);
#7655 = VERTEX_POINT('',#7656);
#7656 = CARTESIAN_POINT('',(-1.175082974779,-2.600002398818,
    0.679959975598));
#7657 = LINE('',#7658,#7659);
#7658 = CARTESIAN_POINT('',(-1.175082971037,-2.642808546834,
    0.679959977469));
#7659 = VECTOR('',#7660,1.);
#7660 = DIRECTION('',(-8.742277657348E-08,1.,-4.371138828674E-08));
#7661 = ORIENTED_EDGE('',*,*,#7621,.F.);
#7662 = ORIENTED_EDGE('',*,*,#7663,.T.);
#7663 = EDGE_CURVE('',#7622,#7664,#7666,.T.);
#7664 = VERTEX_POINT('',#7665);
#7665 = CARTESIAN_POINT('',(-1.325082974779,-2.600002411932,
    0.679959975598));
#7666 = LINE('',#7667,#7668);
#7667 = CARTESIAN_POINT('',(-1.325082971037,-2.642808559948,
    0.679959977469));
#7668 = VECTOR('',#7669,1.);
#7669 = DIRECTION('',(-8.742277657348E-08,1.,-4.371138828674E-08));
#7670 = ORIENTED_EDGE('',*,*,#7671,.T.);
#7671 = EDGE_CURVE('',#7664,#7655,#7672,.T.);
#7672 = LINE('',#7673,#7674);
#7673 = CARTESIAN_POINT('',(-1.325082974779,-2.600002411932,
    0.679959975598));
#7674 = VECTOR('',#7675,1.);
#7675 = DIRECTION('',(1.,8.742277657348E-08,0.));
#7676 = PLANE('',#7677);
#7677 = AXIS2_PLACEMENT_3D('',#7678,#7679,#7680);
#7678 = CARTESIAN_POINT('',(-1.325082971037,-2.642808559948,
    0.679959977469));
#7679 = DIRECTION('',(3.821370931908E-15,-4.371138828674E-08,-1.));
#7680 = DIRECTION('',(8.742277657348E-08,-1.,4.371138828674E-08));
#7681 = ADVANCED_FACE('',(#7682),#7716,.T.);
#7682 = FACE_BOUND('',#7683,.T.);
#7683 = EDGE_LOOP('',(#7684,#7694,#7702,#7710));
#7684 = ORIENTED_EDGE('',*,*,#7685,.T.);
#7685 = EDGE_CURVE('',#7686,#7688,#7690,.T.);
#7686 = VERTEX_POINT('',#7687);
#7687 = CARTESIAN_POINT('',(-1.325082896099,-3.500002424607,
    0.389994556946));
#7688 = VERTEX_POINT('',#7689);
#7689 = CARTESIAN_POINT('',(-1.325082895157,-3.51077517217,
    0.384861370253));
#7690 = LINE('',#7691,#7692);
#7691 = CARTESIAN_POINT('',(-1.325082896099,-3.500002424607,
    0.389994556946));
#7692 = VECTOR('',#7693,1.);
#7693 = DIRECTION('',(7.892116699397E-08,-0.902752921919,-0.430159461092
    ));
#7694 = ORIENTED_EDGE('',*,*,#7695,.T.);
#7695 = EDGE_CURVE('',#7688,#7696,#7698,.T.);
#7696 = VERTEX_POINT('',#7697);
#7697 = CARTESIAN_POINT('',(-1.175082895157,-3.510775159056,
    0.384861370253));
#7698 = LINE('',#7699,#7700);
#7699 = CARTESIAN_POINT('',(-1.325082895157,-3.51077517217,
    0.384861370253));
#7700 = VECTOR('',#7701,1.);
#7701 = DIRECTION('',(1.,8.742277657348E-08,0.));
#7702 = ORIENTED_EDGE('',*,*,#7703,.F.);
#7703 = EDGE_CURVE('',#7704,#7696,#7706,.T.);
#7704 = VERTEX_POINT('',#7705);
#7705 = CARTESIAN_POINT('',(-1.175082896099,-3.500002411493,
    0.389994556946));
#7706 = LINE('',#7707,#7708);
#7707 = CARTESIAN_POINT('',(-1.175082896099,-3.500002411493,
    0.389994556946));
#7708 = VECTOR('',#7709,1.);
#7709 = DIRECTION('',(7.892116699397E-08,-0.902752921919,-0.430159461092
    ));
#7710 = ORIENTED_EDGE('',*,*,#7711,.F.);
#7711 = EDGE_CURVE('',#7686,#7704,#7712,.T.);
#7712 = LINE('',#7713,#7714);
#7713 = CARTESIAN_POINT('',(-1.325082896099,-3.500002424607,
    0.389994556946));
#7714 = VECTOR('',#7715,1.);
#7715 = DIRECTION('',(1.,8.742277657348E-08,0.));
#7716 = PLANE('',#7717);
#7717 = AXIS2_PLACEMENT_3D('',#7718,#7719,#7720);
#7718 = CARTESIAN_POINT('',(-1.325082896099,-3.500002424607,
    0.389994556946));
#7719 = DIRECTION('',(3.760573445801E-08,-0.430159461092,0.902752921919)
  );
#7720 = DIRECTION('',(1.,8.742277657348E-08,0.));
#7721 = ADVANCED_FACE('',(#7722),#7749,.F.);
#7722 = FACE_BOUND('',#7723,.F.);
#7723 = EDGE_LOOP('',(#7724,#7733,#7734,#7743));
#7724 = ORIENTED_EDGE('',*,*,#7725,.F.);
#7725 = EDGE_CURVE('',#7688,#7726,#7728,.T.);
#7726 = VERTEX_POINT('',#7727);
#7727 = CARTESIAN_POINT('',(-1.325082893277,-3.532283147409,
    0.379999016349));
#7728 = CIRCLE('',#7729,5.E-02);
#7729 = AXIS2_PLACEMENT_3D('',#7730,#7731,#7732);
#7730 = CARTESIAN_POINT('',(-1.325082893277,-3.532283145224,
    0.429999016349));
#7731 = DIRECTION('',(-1.,-8.742277657348E-08,6.617444900424E-24));
#7732 = DIRECTION('',(-3.760573445801E-08,0.430159461092,-0.902752921919
    ));
#7733 = ORIENTED_EDGE('',*,*,#7695,.T.);
#7734 = ORIENTED_EDGE('',*,*,#7735,.T.);
#7735 = EDGE_CURVE('',#7696,#7736,#7738,.T.);
#7736 = VERTEX_POINT('',#7737);
#7737 = CARTESIAN_POINT('',(-1.175082893277,-3.532283134296,
    0.379999016349));
#7738 = CIRCLE('',#7739,5.E-02);
#7739 = AXIS2_PLACEMENT_3D('',#7740,#7741,#7742);
#7740 = CARTESIAN_POINT('',(-1.175082893277,-3.53228313211,
    0.429999016349));
#7741 = DIRECTION('',(-1.,-8.742277657348E-08,6.617444900424E-24));
#7742 = DIRECTION('',(-3.760573445801E-08,0.430159461092,-0.902752921919
    ));
#7743 = ORIENTED_EDGE('',*,*,#7744,.F.);
#7744 = EDGE_CURVE('',#7726,#7736,#7745,.T.);
#7745 = LINE('',#7746,#7747);
#7746 = CARTESIAN_POINT('',(-1.325082893277,-3.532283147409,
    0.379999016349));
#7747 = VECTOR('',#7748,1.);
#7748 = DIRECTION('',(1.,8.742277657348E-08,0.));
#7749 = CYLINDRICAL_SURFACE('',#7750,5.E-02);
#7750 = AXIS2_PLACEMENT_3D('',#7751,#7752,#7753);
#7751 = CARTESIAN_POINT('',(-1.325082893277,-3.532283145224,
    0.429999016349));
#7752 = DIRECTION('',(1.,8.742277657348E-08,0.));
#7753 = DIRECTION('',(-3.821370931908E-15,4.371138828674E-08,1.));
#7754 = ADVANCED_FACE('',(#7755),#7780,.T.);
#7755 = FACE_BOUND('',#7756,.T.);
#7756 = EDGE_LOOP('',(#7757,#7767,#7773,#7774));
#7757 = ORIENTED_EDGE('',*,*,#7758,.T.);
#7758 = EDGE_CURVE('',#7759,#7761,#7763,.T.);
#7759 = VERTEX_POINT('',#7760);
#7760 = CARTESIAN_POINT('',(-1.325082887356,-3.600002425043,
    0.379999019309));
#7761 = VERTEX_POINT('',#7762);
#7762 = CARTESIAN_POINT('',(-1.175082887356,-3.60000241193,
    0.379999019309));
#7763 = LINE('',#7764,#7765);
#7764 = CARTESIAN_POINT('',(-1.325082887356,-3.600002425043,
    0.379999019309));
#7765 = VECTOR('',#7766,1.);
#7766 = DIRECTION('',(1.,8.742277657348E-08,0.));
#7767 = ORIENTED_EDGE('',*,*,#7768,.F.);
#7768 = EDGE_CURVE('',#7736,#7761,#7769,.T.);
#7769 = LINE('',#7770,#7771);
#7770 = CARTESIAN_POINT('',(-1.175082893277,-3.532283134296,
    0.379999016349));
#7771 = VECTOR('',#7772,1.);
#7772 = DIRECTION('',(8.742277657348E-08,-1.,4.371138828674E-08));
#7773 = ORIENTED_EDGE('',*,*,#7744,.F.);
#7774 = ORIENTED_EDGE('',*,*,#7775,.T.);
#7775 = EDGE_CURVE('',#7726,#7759,#7776,.T.);
#7776 = LINE('',#7777,#7778);
#7777 = CARTESIAN_POINT('',(-1.325082893277,-3.532283147409,
    0.379999016349));
#7778 = VECTOR('',#7779,1.);
#7779 = DIRECTION('',(8.742277657348E-08,-1.,4.371138828674E-08));
#7780 = PLANE('',#7781);
#7781 = AXIS2_PLACEMENT_3D('',#7782,#7783,#7784);
#7782 = CARTESIAN_POINT('',(-1.325082893277,-3.532283147409,
    0.379999016349));
#7783 = DIRECTION('',(-3.821370931908E-15,4.371138828674E-08,1.));
#7784 = DIRECTION('',(-1.,-8.742277657348E-08,0.));
#7785 = ADVANCED_FACE('',(#7786),#7802,.T.);
#7786 = FACE_BOUND('',#7787,.T.);
#7787 = EDGE_LOOP('',(#7788,#7789,#7795,#7796));
#7788 = ORIENTED_EDGE('',*,*,#1387,.T.);
#7789 = ORIENTED_EDGE('',*,*,#7790,.F.);
#7790 = EDGE_CURVE('',#7761,#1390,#7791,.T.);
#7791 = LINE('',#7792,#7793);
#7792 = CARTESIAN_POINT('',(-1.175082887356,-3.60000241193,
    0.379999019309));
#7793 = VECTOR('',#7794,1.);
#7794 = DIRECTION('',(3.821370931908E-15,-4.371138828674E-08,-1.));
#7795 = ORIENTED_EDGE('',*,*,#7758,.F.);
#7796 = ORIENTED_EDGE('',*,*,#7797,.T.);
#7797 = EDGE_CURVE('',#7759,#1388,#7798,.T.);
#7798 = LINE('',#7799,#7800);
#7799 = CARTESIAN_POINT('',(-1.325082887356,-3.600002425043,
    0.379999019309));
#7800 = VECTOR('',#7801,1.);
#7801 = DIRECTION('',(3.821370931908E-15,-4.371138828674E-08,-1.));
#7802 = PLANE('',#7803);
#7803 = AXIS2_PLACEMENT_3D('',#7804,#7805,#7806);
#7804 = CARTESIAN_POINT('',(-1.325082887356,-3.600002425043,
    0.379999019309));
#7805 = DIRECTION('',(8.742277657348E-08,-1.,4.371138828674E-08));
#7806 = DIRECTION('',(3.821370931908E-15,-4.371138828674E-08,-1.));
#7807 = ADVANCED_FACE('',(#7808),#7835,.F.);
#7808 = FACE_BOUND('',#7809,.F.);
#7809 = EDGE_LOOP('',(#7810,#7819,#7827,#7834));
#7810 = ORIENTED_EDGE('',*,*,#7811,.T.);
#7811 = EDGE_CURVE('',#1398,#7812,#7814,.T.);
#7812 = VERTEX_POINT('',#7813);
#7813 = CARTESIAN_POINT('',(-1.175082891766,-3.54956542735,
    2.952901710355E-02));
#7814 = CIRCLE('',#7815,5.E-02);
#7815 = AXIS2_PLACEMENT_3D('',#7816,#7817,#7818);
#7816 = CARTESIAN_POINT('',(-1.175082887395,-3.59956542735,
    2.952901928912E-02));
#7817 = DIRECTION('',(-1.,-8.742277657348E-08,0.));
#7818 = DIRECTION('',(7.640710712331E-10,-8.73995429087E-03,
    0.99996180587));
#7819 = ORIENTED_EDGE('',*,*,#7820,.F.);
#7820 = EDGE_CURVE('',#7821,#7812,#7823,.T.);
#7821 = VERTEX_POINT('',#7822);
#7822 = CARTESIAN_POINT('',(-1.325082891766,-3.549565440463,
    2.952901710355E-02));
#7823 = LINE('',#7824,#7825);
#7824 = CARTESIAN_POINT('',(-1.325082891766,-3.549565440463,
    2.952901710355E-02));
#7825 = VECTOR('',#7826,1.);
#7826 = DIRECTION('',(1.,8.742277657348E-08,0.));
#7827 = ORIENTED_EDGE('',*,*,#7828,.F.);
#7828 = EDGE_CURVE('',#1407,#7821,#7829,.T.);
#7829 = CIRCLE('',#7830,5.E-02);
#7830 = AXIS2_PLACEMENT_3D('',#7831,#7832,#7833);
#7831 = CARTESIAN_POINT('',(-1.325082887395,-3.599565440463,
    2.952901928912E-02));
#7832 = DIRECTION('',(-1.,-8.742277657348E-08,0.));
#7833 = DIRECTION('',(7.640710712331E-10,-8.73995429087E-03,
    0.99996180587));
#7834 = ORIENTED_EDGE('',*,*,#1406,.T.);
#7835 = CYLINDRICAL_SURFACE('',#7836,5.E-02);
#7836 = AXIS2_PLACEMENT_3D('',#7837,#7838,#7839);
#7837 = CARTESIAN_POINT('',(-1.325082887395,-3.599565440463,
    2.952901928912E-02));
#7838 = DIRECTION('',(1.,8.742277657348E-08,0.));
#7839 = DIRECTION('',(-3.821370931908E-15,4.371138828674E-08,1.));
#7840 = ADVANCED_FACE('',(#7841),#7866,.T.);
#7841 = FACE_BOUND('',#7842,.T.);
#7842 = EDGE_LOOP('',(#7843,#7853,#7859,#7860));
#7843 = ORIENTED_EDGE('',*,*,#7844,.T.);
#7844 = EDGE_CURVE('',#7845,#7847,#7849,.T.);
#7845 = VERTEX_POINT('',#7846);
#7846 = CARTESIAN_POINT('',(-1.325082891766,-3.549565441754,
    -3.422422500954E-07));
#7847 = VERTEX_POINT('',#7848);
#7848 = CARTESIAN_POINT('',(-1.175082891766,-3.54956542864,
    -3.422422500954E-07));
#7849 = LINE('',#7850,#7851);
#7850 = CARTESIAN_POINT('',(-1.325082891766,-3.549565441754,
    -3.422422500954E-07));
#7851 = VECTOR('',#7852,1.);
#7852 = DIRECTION('',(1.,8.742277657348E-08,0.));
#7853 = ORIENTED_EDGE('',*,*,#7854,.F.);
#7854 = EDGE_CURVE('',#7812,#7847,#7855,.T.);
#7855 = LINE('',#7856,#7857);
#7856 = CARTESIAN_POINT('',(-1.175082891766,-3.54956542735,
    2.952901710355E-02));
#7857 = VECTOR('',#7858,1.);
#7858 = DIRECTION('',(3.821370931908E-15,-4.371138828674E-08,-1.));
#7859 = ORIENTED_EDGE('',*,*,#7820,.F.);
#7860 = ORIENTED_EDGE('',*,*,#7861,.T.);
#7861 = EDGE_CURVE('',#7821,#7845,#7862,.T.);
#7862 = LINE('',#7863,#7864);
#7863 = CARTESIAN_POINT('',(-1.325082891766,-3.549565440463,
    2.952901710355E-02));
#7864 = VECTOR('',#7865,1.);
#7865 = DIRECTION('',(3.821370931908E-15,-4.371138828674E-08,-1.));
#7866 = PLANE('',#7867);
#7867 = AXIS2_PLACEMENT_3D('',#7868,#7869,#7870);
#7868 = CARTESIAN_POINT('',(-1.325082891766,-3.549565440463,
    2.952901710355E-02));
#7869 = DIRECTION('',(8.742277657348E-08,-1.,4.371138828674E-08));
#7870 = DIRECTION('',(3.821370931908E-15,-4.371138828674E-08,-1.));
#7871 = ADVANCED_FACE('',(#7872),#7897,.T.);
#7872 = FACE_BOUND('',#7873,.T.);
#7873 = EDGE_LOOP('',(#7874,#7884,#7890,#7891));
#7874 = ORIENTED_EDGE('',*,*,#7875,.T.);
#7875 = EDGE_CURVE('',#7876,#7878,#7880,.T.);
#7876 = VERTEX_POINT('',#7877);
#7877 = CARTESIAN_POINT('',(-1.325082922306,-3.200226060628,
    -3.575123593835E-07));
#7878 = VERTEX_POINT('',#7879);
#7879 = CARTESIAN_POINT('',(-1.175082922306,-3.200226047514,
    -3.575123593835E-07));
#7880 = LINE('',#7881,#7882);
#7881 = CARTESIAN_POINT('',(-1.325082922306,-3.200226060628,
    -3.575123593835E-07));
#7882 = VECTOR('',#7883,1.);
#7883 = DIRECTION('',(1.,8.742277657348E-08,0.));
#7884 = ORIENTED_EDGE('',*,*,#7885,.F.);
#7885 = EDGE_CURVE('',#7847,#7878,#7886,.T.);
#7886 = LINE('',#7887,#7888);
#7887 = CARTESIAN_POINT('',(-1.175082891766,-3.54956542864,
    -3.422422500954E-07));
#7888 = VECTOR('',#7889,1.);
#7889 = DIRECTION('',(-8.742277657348E-08,1.,-4.371138828674E-08));
#7890 = ORIENTED_EDGE('',*,*,#7844,.F.);
#7891 = ORIENTED_EDGE('',*,*,#7892,.T.);
#7892 = EDGE_CURVE('',#7845,#7876,#7893,.T.);
#7893 = LINE('',#7894,#7895);
#7894 = CARTESIAN_POINT('',(-1.325082891766,-3.549565441754,
    -3.422422500954E-07));
#7895 = VECTOR('',#7896,1.);
#7896 = DIRECTION('',(-8.742277657348E-08,1.,-4.371138828674E-08));
#7897 = PLANE('',#7898);
#7898 = AXIS2_PLACEMENT_3D('',#7899,#7900,#7901);
#7899 = CARTESIAN_POINT('',(-1.325082891766,-3.549565441754,
    -3.422422500954E-07));
#7900 = DIRECTION('',(3.821370931908E-15,-4.371138828674E-08,-1.));
#7901 = DIRECTION('',(8.742277657348E-08,-1.,4.371138828674E-08));
#7902 = ADVANCED_FACE('',(#7903),#7930,.T.);
#7903 = FACE_BOUND('',#7904,.T.);
#7904 = EDGE_LOOP('',(#7905,#7915,#7922,#7923));
#7905 = ORIENTED_EDGE('',*,*,#7906,.T.);
#7906 = EDGE_CURVE('',#7907,#7909,#7911,.T.);
#7907 = VERTEX_POINT('',#7908);
#7908 = CARTESIAN_POINT('',(-1.325082916195,-3.270127625107,
    7.371055284804E-02));
#7909 = VERTEX_POINT('',#7910);
#7910 = CARTESIAN_POINT('',(-1.175082916195,-3.270127611993,
    7.371055284804E-02));
#7911 = LINE('',#7912,#7913);
#7912 = CARTESIAN_POINT('',(-1.325082916195,-3.270127625107,
    7.371055284804E-02));
#7913 = VECTOR('',#7914,1.);
#7914 = DIRECTION('',(1.,8.742277657348E-08,0.));
#7915 = ORIENTED_EDGE('',*,*,#7916,.F.);
#7916 = EDGE_CURVE('',#7878,#7909,#7917,.T.);
#7917 = CIRCLE('',#7918,7.E-02);
#7918 = AXIS2_PLACEMENT_3D('',#7919,#7920,#7921);
#7919 = CARTESIAN_POINT('',(-1.175082916195,-3.270127615053,
    3.710552848035E-03));
#7920 = DIRECTION('',(1.,8.742277657348E-08,8.27180612553E-25));
#7921 = DIRECTION('',(-8.729984458611E-08,0.998593821974,
    -5.301300514863E-02));
#7922 = ORIENTED_EDGE('',*,*,#7875,.F.);
#7923 = ORIENTED_EDGE('',*,*,#7924,.T.);
#7924 = EDGE_CURVE('',#7876,#7907,#7925,.T.);
#7925 = CIRCLE('',#7926,7.E-02);
#7926 = AXIS2_PLACEMENT_3D('',#7927,#7928,#7929);
#7927 = CARTESIAN_POINT('',(-1.325082916195,-3.270127628167,
    3.710552848035E-03));
#7928 = DIRECTION('',(1.,8.742277657348E-08,8.27180612553E-25));
#7929 = DIRECTION('',(-8.729984458611E-08,0.998593821974,
    -5.301300514863E-02));
#7930 = CYLINDRICAL_SURFACE('',#7931,7.E-02);
#7931 = AXIS2_PLACEMENT_3D('',#7932,#7933,#7934);
#7932 = CARTESIAN_POINT('',(-1.325082916195,-3.270127628167,
    3.710552848035E-03));
#7933 = DIRECTION('',(1.,8.742277657348E-08,0.));
#7934 = DIRECTION('',(-3.821370931908E-15,4.371138828674E-08,1.));
#7935 = ADVANCED_FACE('',(#7936),#7961,.T.);
#7936 = FACE_BOUND('',#7937,.T.);
#7937 = EDGE_LOOP('',(#7938,#7948,#7954,#7955));
#7938 = ORIENTED_EDGE('',*,*,#7939,.T.);
#7939 = EDGE_CURVE('',#7940,#7942,#7944,.T.);
#7940 = VERTEX_POINT('',#7941);
#7941 = CARTESIAN_POINT('',(-1.325082913583,-3.300002438432,
    7.37105541539E-02));
#7942 = VERTEX_POINT('',#7943);
#7943 = CARTESIAN_POINT('',(-1.175082913583,-3.300002425318,
    7.37105541539E-02));
#7944 = LINE('',#7945,#7946);
#7945 = CARTESIAN_POINT('',(-1.325082913583,-3.300002438432,
    7.37105541539E-02));
#7946 = VECTOR('',#7947,1.);
#7947 = DIRECTION('',(1.,8.742277657348E-08,0.));
#7948 = ORIENTED_EDGE('',*,*,#7949,.F.);
#7949 = EDGE_CURVE('',#7909,#7942,#7950,.T.);
#7950 = LINE('',#7951,#7952);
#7951 = CARTESIAN_POINT('',(-1.175082916195,-3.270127611993,
    7.371055284804E-02));
#7952 = VECTOR('',#7953,1.);
#7953 = DIRECTION('',(8.742277657348E-08,-1.,4.371138828674E-08));
#7954 = ORIENTED_EDGE('',*,*,#7906,.F.);
#7955 = ORIENTED_EDGE('',*,*,#7956,.T.);
#7956 = EDGE_CURVE('',#7907,#7940,#7957,.T.);
#7957 = LINE('',#7958,#7959);
#7958 = CARTESIAN_POINT('',(-1.325082916195,-3.270127625107,
    7.371055284804E-02));
#7959 = VECTOR('',#7960,1.);
#7960 = DIRECTION('',(8.742277657348E-08,-1.,4.371138828674E-08));
#7961 = PLANE('',#7962);
#7962 = AXIS2_PLACEMENT_3D('',#7963,#7964,#7965);
#7963 = CARTESIAN_POINT('',(-1.325082916195,-3.270127625107,
    7.371055284804E-02));
#7964 = DIRECTION('',(-3.821370931908E-15,4.371138828674E-08,1.));
#7965 = DIRECTION('',(-1.,-8.742277657348E-08,0.));
#7966 = ADVANCED_FACE('',(#7967),#7992,.T.);
#7967 = FACE_BOUND('',#7968,.T.);
#7968 = EDGE_LOOP('',(#7969,#7977,#7978,#7986));
#7969 = ORIENTED_EDGE('',*,*,#7970,.F.);
#7970 = EDGE_CURVE('',#7942,#7971,#7973,.T.);
#7971 = VERTEX_POINT('',#7972);
#7972 = CARTESIAN_POINT('',(-1.175082913583,-3.300002425043,
    7.99990061957E-02));
#7973 = LINE('',#7974,#7975);
#7974 = CARTESIAN_POINT('',(-1.175082913583,-3.300002425318,
    7.37105541539E-02));
#7975 = VECTOR('',#7976,1.);
#7976 = DIRECTION('',(-3.821370931908E-15,4.371138828674E-08,1.));
#7977 = ORIENTED_EDGE('',*,*,#7939,.F.);
#7978 = ORIENTED_EDGE('',*,*,#7979,.T.);
#7979 = EDGE_CURVE('',#7940,#7980,#7982,.T.);
#7980 = VERTEX_POINT('',#7981);
#7981 = CARTESIAN_POINT('',(-1.325082913583,-3.300002438157,
    7.99990061957E-02));
#7982 = LINE('',#7983,#7984);
#7983 = CARTESIAN_POINT('',(-1.325082913583,-3.300002438432,
    7.37105541539E-02));
#7984 = VECTOR('',#7985,1.);
#7985 = DIRECTION('',(-3.821370931908E-15,4.371138828674E-08,1.));
#7986 = ORIENTED_EDGE('',*,*,#7987,.T.);
#7987 = EDGE_CURVE('',#7980,#7971,#7988,.T.);
#7988 = LINE('',#7989,#7990);
#7989 = CARTESIAN_POINT('',(-1.325082913583,-3.300002438157,
    7.99990061957E-02));
#7990 = VECTOR('',#7991,1.);
#7991 = DIRECTION('',(1.,8.742277657348E-08,0.));
#7992 = PLANE('',#7993);
#7993 = AXIS2_PLACEMENT_3D('',#7994,#7995,#7996);
#7994 = CARTESIAN_POINT('',(-1.325082913583,-3.300002438432,
    7.37105541539E-02));
#7995 = DIRECTION('',(-8.742277657348E-08,1.,-4.371138828674E-08));
#7996 = DIRECTION('',(-1.,-8.742277657348E-08,0.));
#7997 = ADVANCED_FACE('',(#7998),#8019,.T.);
#7998 = FACE_BOUND('',#7999,.T.);
#7999 = EDGE_LOOP('',(#8000,#8001,#8002,#8003,#8004,#8005,#8013));
#8000 = ORIENTED_EDGE('',*,*,#7294,.T.);
#8001 = ORIENTED_EDGE('',*,*,#7326,.T.);
#8002 = ORIENTED_EDGE('',*,*,#7359,.T.);
#8003 = ORIENTED_EDGE('',*,*,#7390,.T.);
#8004 = ORIENTED_EDGE('',*,*,#7413,.T.);
#8005 = ORIENTED_EDGE('',*,*,#8006,.F.);
#8006 = EDGE_CURVE('',#8007,#7414,#8009,.T.);
#8007 = VERTEX_POINT('',#8008);
#8008 = CARTESIAN_POINT('',(-1.175083114656,-1.000002415427,
    0.29999890566));
#8009 = LINE('',#8010,#8011);
#8010 = CARTESIAN_POINT('',(-1.175083114656,-1.000002415427,
    0.29999890566));
#8011 = VECTOR('',#8012,1.);
#8012 = DIRECTION('',(8.709002045547E-08,-0.996193713686,
    8.716699382592E-02));
#8013 = ORIENTED_EDGE('',*,*,#8014,.T.);
#8014 = EDGE_CURVE('',#8007,#7295,#8015,.T.);
#8015 = LINE('',#8016,#8017);
#8016 = CARTESIAN_POINT('',(-1.175083114656,-1.000002415427,
    0.29999890566));
#8017 = VECTOR('',#8018,1.);
#8018 = DIRECTION('',(-8.742277657348E-08,1.,-4.371138828674E-08));
#8019 = PLANE('',#8020);
#8020 = AXIS2_PLACEMENT_3D('',#8021,#8022,#8023);
#8021 = CARTESIAN_POINT('',(-1.175083167109,-0.400002404499,
    0.549998879433));
#8022 = DIRECTION('',(1.,8.742277657348E-08,0.));
#8023 = DIRECTION('',(-8.742277657348E-08,1.,-4.371138828674E-08));
#8024 = ADVANCED_FACE('',(#8025),#8037,.T.);
#8025 = FACE_BOUND('',#8026,.T.);
#8026 = EDGE_LOOP('',(#8027,#8028,#8029,#8030,#8031));
#8027 = ORIENTED_EDGE('',*,*,#7454,.T.);
#8028 = ORIENTED_EDGE('',*,*,#7496,.T.);
#8029 = ORIENTED_EDGE('',*,*,#7527,.T.);
#8030 = ORIENTED_EDGE('',*,*,#7550,.T.);
#8031 = ORIENTED_EDGE('',*,*,#8032,.F.);
#8032 = EDGE_CURVE('',#7447,#7551,#8033,.T.);
#8033 = LINE('',#8034,#8035);
#8034 = CARTESIAN_POINT('',(-1.175083120755,-0.930230138704,
    0.72499890261));
#8035 = VECTOR('',#8036,1.);
#8036 = DIRECTION('',(-8.742277657348E-08,1.,-4.371138828674E-08));
#8037 = PLANE('',#8038);
#8038 = AXIS2_PLACEMENT_3D('',#8039,#8040,#8041);
#8039 = CARTESIAN_POINT('',(-1.175083167109,-0.400002404499,
    0.549998879433));
#8040 = DIRECTION('',(1.,8.742277657348E-08,0.));
#8041 = DIRECTION('',(-8.742277657348E-08,1.,-4.371138828674E-08));
#8042 = ADVANCED_FACE('',(#8043),#8079,.T.);
#8043 = FACE_BOUND('',#8044,.T.);
#8044 = EDGE_LOOP('',(#8045,#8055,#8064,#8070,#8071,#8072,#8073));
#8045 = ORIENTED_EDGE('',*,*,#8046,.T.);
#8046 = EDGE_CURVE('',#8047,#8049,#8051,.T.);
#8047 = VERTEX_POINT('',#8048);
#8048 = CARTESIAN_POINT('',(-1.175082974779,-2.600002389419,
    0.894998975598));
#8049 = VERTEX_POINT('',#8050);
#8050 = CARTESIAN_POINT('',(-1.175082949924,-2.884308843785,
    0.894998988025));
#8051 = LINE('',#8052,#8053);
#8052 = CARTESIAN_POINT('',(-1.175082974779,-2.600002389419,
    0.894998975598));
#8053 = VECTOR('',#8054,1.);
#8054 = DIRECTION('',(8.742277657348E-08,-1.,4.371138828674E-08));
#8055 = ORIENTED_EDGE('',*,*,#8056,.T.);
#8056 = EDGE_CURVE('',#8049,#8057,#8059,.T.);
#8057 = VERTEX_POINT('',#8058);
#8058 = CARTESIAN_POINT('',(-1.175082954509,-2.83187239532,
    0.759998985733));
#8059 = CIRCLE('',#8060,0.2);
#8060 = AXIS2_PLACEMENT_3D('',#8061,#8062,#8063);
#8061 = CARTESIAN_POINT('',(-1.175082937024,-3.03187239532,
    0.759998994475));
#8062 = DIRECTION('',(-1.,-8.742277657348E-08,-6.617444900424E-24));
#8063 = DIRECTION('',(-6.450207698107E-08,0.737817757674,0.674999967749)
  );
#8064 = ORIENTED_EDGE('',*,*,#8065,.F.);
#8065 = EDGE_CURVE('',#7600,#8057,#8066,.T.);
#8066 = LINE('',#8067,#8068);
#8067 = CARTESIAN_POINT('',(-1.175082954509,-2.831872397114,
    0.718956081411));
#8068 = VECTOR('',#8069,1.);
#8069 = DIRECTION('',(-3.821370931908E-15,4.371138828674E-08,1.));
#8070 = ORIENTED_EDGE('',*,*,#7599,.T.);
#8071 = ORIENTED_EDGE('',*,*,#7631,.T.);
#8072 = ORIENTED_EDGE('',*,*,#7654,.T.);
#8073 = ORIENTED_EDGE('',*,*,#8074,.T.);
#8074 = EDGE_CURVE('',#7655,#8047,#8075,.T.);
#8075 = LINE('',#8076,#8077);
#8076 = CARTESIAN_POINT('',(-1.175082974779,-2.600002398818,
    0.679959975598));
#8077 = VECTOR('',#8078,1.);
#8078 = DIRECTION('',(-3.821370931908E-15,4.371138828674E-08,1.));
#8079 = PLANE('',#8080);
#8080 = AXIS2_PLACEMENT_3D('',#8081,#8082,#8083);
#8081 = CARTESIAN_POINT('',(-1.175083167109,-0.400002404499,
    0.549998879433));
#8082 = DIRECTION('',(1.,8.742277657348E-08,0.));
#8083 = DIRECTION('',(-8.742277657348E-08,1.,-4.371138828674E-08));
#8084 = ADVANCED_FACE('',(#8085),#8112,.T.);
#8085 = FACE_BOUND('',#8086,.T.);
#8086 = EDGE_LOOP('',(#8087,#8088,#8089,#8090,#8091,#8092,#8093,#8094,
    #8095,#8096,#8097,#8098,#8106));
#8087 = ORIENTED_EDGE('',*,*,#7703,.T.);
#8088 = ORIENTED_EDGE('',*,*,#7735,.T.);
#8089 = ORIENTED_EDGE('',*,*,#7768,.T.);
#8090 = ORIENTED_EDGE('',*,*,#7790,.T.);
#8091 = ORIENTED_EDGE('',*,*,#1397,.T.);
#8092 = ORIENTED_EDGE('',*,*,#7811,.T.);
#8093 = ORIENTED_EDGE('',*,*,#7854,.T.);
#8094 = ORIENTED_EDGE('',*,*,#7885,.T.);
#8095 = ORIENTED_EDGE('',*,*,#7916,.T.);
#8096 = ORIENTED_EDGE('',*,*,#7949,.T.);
#8097 = ORIENTED_EDGE('',*,*,#7970,.T.);
#8098 = ORIENTED_EDGE('',*,*,#8099,.T.);
#8099 = EDGE_CURVE('',#7971,#8100,#8102,.T.);
#8100 = VERTEX_POINT('',#8101);
#8101 = CARTESIAN_POINT('',(-1.175082896099,-3.500002425043,
    7.999901493798E-02));
#8102 = LINE('',#8103,#8104);
#8103 = CARTESIAN_POINT('',(-1.175082913583,-3.300002425043,
    7.99990061957E-02));
#8104 = VECTOR('',#8105,1.);
#8105 = DIRECTION('',(8.742277657348E-08,-1.,4.371138828674E-08));
#8106 = ORIENTED_EDGE('',*,*,#8107,.T.);
#8107 = EDGE_CURVE('',#8100,#7704,#8108,.T.);
#8108 = LINE('',#8109,#8110);
#8109 = CARTESIAN_POINT('',(-1.175082896099,-3.500002425043,
    7.999901493798E-02));
#8110 = VECTOR('',#8111,1.);
#8111 = DIRECTION('',(-3.821370931908E-15,4.371138828674E-08,1.));
#8112 = PLANE('',#8113);
#8113 = AXIS2_PLACEMENT_3D('',#8114,#8115,#8116);
#8114 = CARTESIAN_POINT('',(-1.175083167109,-0.400002404499,
    0.549998879433));
#8115 = DIRECTION('',(1.,8.742277657348E-08,0.));
#8116 = DIRECTION('',(-8.742277657348E-08,1.,-4.371138828674E-08));
#8117 = ADVANCED_FACE('',(#8118),#8143,.T.);
#8118 = FACE_BOUND('',#8119,.T.);
#8119 = EDGE_LOOP('',(#8120,#8130,#8136,#8137));
#8120 = ORIENTED_EDGE('',*,*,#8121,.T.);
#8121 = EDGE_CURVE('',#8122,#8124,#8126,.T.);
#8122 = VERTEX_POINT('',#8123);
#8123 = CARTESIAN_POINT('',(-1.325082974779,-2.600002402532,
    0.894998975598));
#8124 = VERTEX_POINT('',#8125);
#8125 = CARTESIAN_POINT('',(-1.325082949924,-2.884308856898,
    0.894998988025));
#8126 = LINE('',#8127,#8128);
#8127 = CARTESIAN_POINT('',(-1.325082974779,-2.600002402532,
    0.894998975598));
#8128 = VECTOR('',#8129,1.);
#8129 = DIRECTION('',(8.742277657348E-08,-1.,4.371138828674E-08));
#8130 = ORIENTED_EDGE('',*,*,#8131,.F.);
#8131 = EDGE_CURVE('',#8049,#8124,#8132,.T.);
#8132 = LINE('',#8133,#8134);
#8133 = CARTESIAN_POINT('',(-1.175082949924,-2.884308843785,
    0.894998988025));
#8134 = VECTOR('',#8135,1.);
#8135 = DIRECTION('',(-1.,-8.742277657348E-08,0.));
#8136 = ORIENTED_EDGE('',*,*,#8046,.F.);
#8137 = ORIENTED_EDGE('',*,*,#8138,.F.);
#8138 = EDGE_CURVE('',#8122,#8047,#8139,.T.);
#8139 = LINE('',#8140,#8141);
#8140 = CARTESIAN_POINT('',(-1.325082974779,-2.600002402532,
    0.894998975598));
#8141 = VECTOR('',#8142,1.);
#8142 = DIRECTION('',(1.,8.742277657348E-08,0.));
#8143 = PLANE('',#8144);
#8144 = AXIS2_PLACEMENT_3D('',#8145,#8146,#8147);
#8145 = CARTESIAN_POINT('',(-1.325082974779,-2.600002402532,
    0.894998975598));
#8146 = DIRECTION('',(-3.821370931908E-15,4.371138828674E-08,1.));
#8147 = DIRECTION('',(-1.,-8.742277657348E-08,0.));
#8148 = ADVANCED_FACE('',(#8149),#8176,.F.);
#8149 = FACE_BOUND('',#8150,.T.);
#8150 = EDGE_LOOP('',(#8151,#8152,#8153,#8154,#8155,#8156,#8157,#8158,
    #8159,#8160,#8161,#8162,#8170));
#8151 = ORIENTED_EDGE('',*,*,#7979,.F.);
#8152 = ORIENTED_EDGE('',*,*,#7956,.F.);
#8153 = ORIENTED_EDGE('',*,*,#7924,.F.);
#8154 = ORIENTED_EDGE('',*,*,#7892,.F.);
#8155 = ORIENTED_EDGE('',*,*,#7861,.F.);
#8156 = ORIENTED_EDGE('',*,*,#7828,.F.);
#8157 = ORIENTED_EDGE('',*,*,#1414,.F.);
#8158 = ORIENTED_EDGE('',*,*,#7797,.F.);
#8159 = ORIENTED_EDGE('',*,*,#7775,.F.);
#8160 = ORIENTED_EDGE('',*,*,#7725,.F.);
#8161 = ORIENTED_EDGE('',*,*,#7685,.F.);
#8162 = ORIENTED_EDGE('',*,*,#8163,.F.);
#8163 = EDGE_CURVE('',#8164,#7686,#8166,.T.);
#8164 = VERTEX_POINT('',#8165);
#8165 = CARTESIAN_POINT('',(-1.325082896099,-3.500002438157,
    7.999901493798E-02));
#8166 = LINE('',#8167,#8168);
#8167 = CARTESIAN_POINT('',(-1.325082896099,-3.500002438157,
    7.999901493798E-02));
#8168 = VECTOR('',#8169,1.);
#8169 = DIRECTION('',(-3.821370931908E-15,4.371138828674E-08,1.));
#8170 = ORIENTED_EDGE('',*,*,#8171,.F.);
#8171 = EDGE_CURVE('',#7980,#8164,#8172,.T.);
#8172 = LINE('',#8173,#8174);
#8173 = CARTESIAN_POINT('',(-1.325082913583,-3.300002438157,
    7.99990061957E-02));
#8174 = VECTOR('',#8175,1.);
#8175 = DIRECTION('',(8.742277657348E-08,-1.,4.371138828674E-08));
#8176 = PLANE('',#8177);
#8177 = AXIS2_PLACEMENT_3D('',#8178,#8179,#8180);
#8178 = CARTESIAN_POINT('',(-1.325083167109,-0.400002417613,
    0.549998879433));
#8179 = DIRECTION('',(1.,8.742277657348E-08,0.));
#8180 = DIRECTION('',(-8.742277657348E-08,1.,-4.371138828674E-08));
#8181 = ADVANCED_FACE('',(#8182),#8203,.F.);
#8182 = FACE_BOUND('',#8183,.T.);
#8183 = EDGE_LOOP('',(#8184,#8192,#8193,#8194,#8195,#8196,#8197));
#8184 = ORIENTED_EDGE('',*,*,#8185,.T.);
#8185 = EDGE_CURVE('',#8186,#7423,#8188,.T.);
#8186 = VERTEX_POINT('',#8187);
#8187 = CARTESIAN_POINT('',(-1.325083114656,-1.00000242854,0.29999890566
    ));
#8188 = LINE('',#8189,#8190);
#8189 = CARTESIAN_POINT('',(-1.325083114656,-1.00000242854,0.29999890566
    ));
#8190 = VECTOR('',#8191,1.);
#8191 = DIRECTION('',(8.709002045547E-08,-0.996193713686,
    8.716699382592E-02));
#8192 = ORIENTED_EDGE('',*,*,#7422,.F.);
#8193 = ORIENTED_EDGE('',*,*,#7380,.F.);
#8194 = ORIENTED_EDGE('',*,*,#7366,.F.);
#8195 = ORIENTED_EDGE('',*,*,#7334,.F.);
#8196 = ORIENTED_EDGE('',*,*,#7276,.F.);
#8197 = ORIENTED_EDGE('',*,*,#8198,.F.);
#8198 = EDGE_CURVE('',#8186,#7277,#8199,.T.);
#8199 = LINE('',#8200,#8201);
#8200 = CARTESIAN_POINT('',(-1.325083114656,-1.00000242854,0.29999890566
    ));
#8201 = VECTOR('',#8202,1.);
#8202 = DIRECTION('',(-8.742277657348E-08,1.,-4.371138828674E-08));
#8203 = PLANE('',#8204);
#8204 = AXIS2_PLACEMENT_3D('',#8205,#8206,#8207);
#8205 = CARTESIAN_POINT('',(-1.325083167109,-0.400002417613,
    0.549998879433));
#8206 = DIRECTION('',(1.,8.742277657348E-08,0.));
#8207 = DIRECTION('',(-8.742277657348E-08,1.,-4.371138828674E-08));
#8208 = ADVANCED_FACE('',(#8209),#8221,.F.);
#8209 = FACE_BOUND('',#8210,.T.);
#8210 = EDGE_LOOP('',(#8211,#8212,#8213,#8214,#8215));
#8211 = ORIENTED_EDGE('',*,*,#7559,.F.);
#8212 = ORIENTED_EDGE('',*,*,#7535,.F.);
#8213 = ORIENTED_EDGE('',*,*,#7503,.F.);
#8214 = ORIENTED_EDGE('',*,*,#7471,.F.);
#8215 = ORIENTED_EDGE('',*,*,#8216,.T.);
#8216 = EDGE_CURVE('',#7445,#7560,#8217,.T.);
#8217 = LINE('',#8218,#8219);
#8218 = CARTESIAN_POINT('',(-1.325083120755,-0.930230151817,
    0.72499890261));
#8219 = VECTOR('',#8220,1.);
#8220 = DIRECTION('',(-8.742277657348E-08,1.,-4.371138828674E-08));
#8221 = PLANE('',#8222);
#8222 = AXIS2_PLACEMENT_3D('',#8223,#8224,#8225);
#8223 = CARTESIAN_POINT('',(-1.325083167109,-0.400002417613,
    0.549998879433));
#8224 = DIRECTION('',(1.,8.742277657348E-08,0.));
#8225 = DIRECTION('',(-8.742277657348E-08,1.,-4.371138828674E-08));
#8226 = ADVANCED_FACE('',(#8227),#8254,.F.);
#8227 = FACE_BOUND('',#8228,.T.);
#8228 = EDGE_LOOP('',(#8229,#8230,#8231,#8232,#8240,#8247,#8248));
#8229 = ORIENTED_EDGE('',*,*,#7663,.F.);
#8230 = ORIENTED_EDGE('',*,*,#7639,.F.);
#8231 = ORIENTED_EDGE('',*,*,#7581,.F.);
#8232 = ORIENTED_EDGE('',*,*,#8233,.T.);
#8233 = EDGE_CURVE('',#7582,#8234,#8236,.T.);
#8234 = VERTEX_POINT('',#8235);
#8235 = CARTESIAN_POINT('',(-1.325082954509,-2.831872408433,
    0.759998985733));
#8236 = LINE('',#8237,#8238);
#8237 = CARTESIAN_POINT('',(-1.325082954509,-2.831872410227,
    0.718956081411));
#8238 = VECTOR('',#8239,1.);
#8239 = DIRECTION('',(6.998750528352E-15,4.371138828674E-08,1.));
#8240 = ORIENTED_EDGE('',*,*,#8241,.F.);
#8241 = EDGE_CURVE('',#8124,#8234,#8242,.T.);
#8242 = CIRCLE('',#8243,0.2);
#8243 = AXIS2_PLACEMENT_3D('',#8244,#8245,#8246);
#8244 = CARTESIAN_POINT('',(-1.325082937024,-3.031872408433,
    0.759998994475));
#8245 = DIRECTION('',(-1.,-8.742277657348E-08,-6.617444900424E-24));
#8246 = DIRECTION('',(-6.450207698107E-08,0.737817757674,0.674999967749)
  );
#8247 = ORIENTED_EDGE('',*,*,#8121,.F.);
#8248 = ORIENTED_EDGE('',*,*,#8249,.F.);
#8249 = EDGE_CURVE('',#7664,#8122,#8250,.T.);
#8250 = LINE('',#8251,#8252);
#8251 = CARTESIAN_POINT('',(-1.325082974779,-2.600002411932,
    0.679959975598));
#8252 = VECTOR('',#8253,1.);
#8253 = DIRECTION('',(-3.821370931908E-15,4.371138828674E-08,1.));
#8254 = PLANE('',#8255);
#8255 = AXIS2_PLACEMENT_3D('',#8256,#8257,#8258);
#8256 = CARTESIAN_POINT('',(-1.325083167109,-0.400002417613,
    0.549998879433));
#8257 = DIRECTION('',(1.,8.742277657348E-08,0.));
#8258 = DIRECTION('',(-8.742277657348E-08,1.,-4.371138828674E-08));
#8259 = ADVANCED_FACE('',(#8260),#8294,.T.);
#8260 = FACE_BOUND('',#8261,.T.);
#8261 = EDGE_LOOP('',(#8262,#8272,#8280,#8288));
#8262 = ORIENTED_EDGE('',*,*,#8263,.T.);
#8263 = EDGE_CURVE('',#8264,#8266,#8268,.T.);
#8264 = VERTEX_POINT('',#8265);
#8265 = CARTESIAN_POINT('',(-1.825082954509,-2.831872453939,
    0.718956081411));
#8266 = VERTEX_POINT('',#8267);
#8267 = CARTESIAN_POINT('',(-1.825082967035,-2.688580724128,
    0.685268138432));
#8268 = LINE('',#8269,#8270);
#8269 = CARTESIAN_POINT('',(-1.825082954509,-2.831872453939,
    0.718956081411));
#8270 = VECTOR('',#8271,1.);
#8271 = DIRECTION('',(-8.510250572385E-08,0.973459195183,-0.228860646058
    ));
#8272 = ORIENTED_EDGE('',*,*,#8273,.T.);
#8273 = EDGE_CURVE('',#8266,#8274,#8276,.T.);
#8274 = VERTEX_POINT('',#8275);
#8275 = CARTESIAN_POINT('',(-1.675082967035,-2.688580711015,
    0.685268138432));
#8276 = LINE('',#8277,#8278);
#8277 = CARTESIAN_POINT('',(-1.825082967035,-2.688580724128,
    0.685268138432));
#8278 = VECTOR('',#8279,1.);
#8279 = DIRECTION('',(1.,8.742277657348E-08,0.));
#8280 = ORIENTED_EDGE('',*,*,#8281,.F.);
#8281 = EDGE_CURVE('',#8282,#8274,#8284,.T.);
#8282 = VERTEX_POINT('',#8283);
#8283 = CARTESIAN_POINT('',(-1.675082954509,-2.831872440825,
    0.718956081411));
#8284 = LINE('',#8285,#8286);
#8285 = CARTESIAN_POINT('',(-1.675082954509,-2.831872440825,
    0.718956081411));
#8286 = VECTOR('',#8287,1.);
#8287 = DIRECTION('',(-8.510250572385E-08,0.973459195183,-0.228860646058
    ));
#8288 = ORIENTED_EDGE('',*,*,#8289,.F.);
#8289 = EDGE_CURVE('',#8264,#8282,#8290,.T.);
#8290 = LINE('',#8291,#8292);
#8291 = CARTESIAN_POINT('',(-1.825082954509,-2.831872453939,
    0.718956081411));
#8292 = VECTOR('',#8293,1.);
#8293 = DIRECTION('',(1.,8.742277657348E-08,0.));
#8294 = PLANE('',#8295);
#8295 = AXIS2_PLACEMENT_3D('',#8296,#8297,#8298);
#8296 = CARTESIAN_POINT('',(-1.825082954509,-2.831872453939,
    0.718956081411));
#8297 = DIRECTION('',(2.000763312681E-08,-0.228860646058,-0.973459195183
    ));
#8298 = DIRECTION('',(8.510250572385E-08,-0.973459195183,0.228860646058)
  );
#8299 = ADVANCED_FACE('',(#8300),#8327,.T.);
#8300 = FACE_BOUND('',#8301,.T.);
#8301 = EDGE_LOOP('',(#8302,#8312,#8319,#8320));
#8302 = ORIENTED_EDGE('',*,*,#8303,.T.);
#8303 = EDGE_CURVE('',#8304,#8306,#8308,.T.);
#8304 = VERTEX_POINT('',#8305);
#8305 = CARTESIAN_POINT('',(-1.825082971037,-2.642808603659,
    0.679959977469));
#8306 = VERTEX_POINT('',#8307);
#8307 = CARTESIAN_POINT('',(-1.675082971037,-2.642808590546,
    0.679959977469));
#8308 = LINE('',#8309,#8310);
#8309 = CARTESIAN_POINT('',(-1.825082971037,-2.642808603659,
    0.679959977469));
#8310 = VECTOR('',#8311,1.);
#8311 = DIRECTION('',(1.,8.742277657348E-08,0.));
#8312 = ORIENTED_EDGE('',*,*,#8313,.F.);
#8313 = EDGE_CURVE('',#8274,#8306,#8314,.T.);
#8314 = CIRCLE('',#8315,0.2);
#8315 = AXIS2_PLACEMENT_3D('',#8316,#8317,#8318);
#8316 = CARTESIAN_POINT('',(-1.675082971037,-2.642808581803,
    0.879959977469));
#8317 = DIRECTION('',(1.,8.742277657348E-08,-3.308722450212E-24));
#8318 = DIRECTION('',(2.000763312681E-08,-0.228860646058,-0.973459195183
    ));
#8319 = ORIENTED_EDGE('',*,*,#8273,.F.);
#8320 = ORIENTED_EDGE('',*,*,#8321,.T.);
#8321 = EDGE_CURVE('',#8266,#8304,#8322,.T.);
#8322 = CIRCLE('',#8323,0.2);
#8323 = AXIS2_PLACEMENT_3D('',#8324,#8325,#8326);
#8324 = CARTESIAN_POINT('',(-1.825082971037,-2.642808594917,
    0.879959977469));
#8325 = DIRECTION('',(1.,8.742277657348E-08,-3.308722450212E-24));
#8326 = DIRECTION('',(2.000763312681E-08,-0.228860646058,-0.973459195183
    ));
#8327 = CYLINDRICAL_SURFACE('',#8328,0.2);
#8328 = AXIS2_PLACEMENT_3D('',#8329,#8330,#8331);
#8329 = CARTESIAN_POINT('',(-1.825082971037,-2.642808594917,
    0.879959977469));
#8330 = DIRECTION('',(1.,8.742277657348E-08,0.));
#8331 = DIRECTION('',(-3.821370931908E-15,4.371138828674E-08,1.));
#8332 = ADVANCED_FACE('',(#8333),#8358,.T.);
#8333 = FACE_BOUND('',#8334,.T.);
#8334 = EDGE_LOOP('',(#8335,#8343,#8344,#8352));
#8335 = ORIENTED_EDGE('',*,*,#8336,.F.);
#8336 = EDGE_CURVE('',#8306,#8337,#8339,.T.);
#8337 = VERTEX_POINT('',#8338);
#8338 = CARTESIAN_POINT('',(-1.675082974779,-2.60000244253,
    0.679959975598));
#8339 = LINE('',#8340,#8341);
#8340 = CARTESIAN_POINT('',(-1.675082971037,-2.642808590546,
    0.679959977469));
#8341 = VECTOR('',#8342,1.);
#8342 = DIRECTION('',(-8.742277657348E-08,1.,-4.371138828674E-08));
#8343 = ORIENTED_EDGE('',*,*,#8303,.F.);
#8344 = ORIENTED_EDGE('',*,*,#8345,.T.);
#8345 = EDGE_CURVE('',#8304,#8346,#8348,.T.);
#8346 = VERTEX_POINT('',#8347);
#8347 = CARTESIAN_POINT('',(-1.825082974779,-2.600002455643,
    0.679959975598));
#8348 = LINE('',#8349,#8350);
#8349 = CARTESIAN_POINT('',(-1.825082971037,-2.642808603659,
    0.679959977469));
#8350 = VECTOR('',#8351,1.);
#8351 = DIRECTION('',(-8.742277657348E-08,1.,-4.371138828674E-08));
#8352 = ORIENTED_EDGE('',*,*,#8353,.T.);
#8353 = EDGE_CURVE('',#8346,#8337,#8354,.T.);
#8354 = LINE('',#8355,#8356);
#8355 = CARTESIAN_POINT('',(-1.825082974779,-2.600002455643,
    0.679959975598));
#8356 = VECTOR('',#8357,1.);
#8357 = DIRECTION('',(1.,8.742277657348E-08,0.));
#8358 = PLANE('',#8359);
#8359 = AXIS2_PLACEMENT_3D('',#8360,#8361,#8362);
#8360 = CARTESIAN_POINT('',(-1.825082971037,-2.642808603659,
    0.679959977469));
#8361 = DIRECTION('',(3.821370931908E-15,-4.371138828674E-08,-1.));
#8362 = DIRECTION('',(8.742277657348E-08,-1.,4.371138828674E-08));
#8363 = ADVANCED_FACE('',(#8364),#8398,.T.);
#8364 = FACE_BOUND('',#8365,.T.);
#8365 = EDGE_LOOP('',(#8366,#8376,#8384,#8392));
#8366 = ORIENTED_EDGE('',*,*,#8367,.T.);
#8367 = EDGE_CURVE('',#8368,#8370,#8372,.T.);
#8368 = VERTEX_POINT('',#8369);
#8369 = CARTESIAN_POINT('',(-1.825083139768,-0.712755964615,
    0.299998893104));
#8370 = VERTEX_POINT('',#8371);
#8371 = CARTESIAN_POINT('',(-1.825083124908,-0.882735140077,
    0.38474578624));
#8372 = LINE('',#8373,#8374);
#8373 = CARTESIAN_POINT('',(-1.825083139768,-0.712755964615,
    0.299998893104));
#8374 = VECTOR('',#8375,1.);
#8375 = DIRECTION('',(7.823794035716E-08,-0.894937720165,0.446191076811)
  );
#8376 = ORIENTED_EDGE('',*,*,#8377,.T.);
#8377 = EDGE_CURVE('',#8370,#8378,#8380,.T.);
#8378 = VERTEX_POINT('',#8379);
#8379 = CARTESIAN_POINT('',(-1.675083124908,-0.882735126964,
    0.38474578624));
#8380 = LINE('',#8381,#8382);
#8381 = CARTESIAN_POINT('',(-1.825083124908,-0.882735140077,
    0.38474578624));
#8382 = VECTOR('',#8383,1.);
#8383 = DIRECTION('',(1.,8.742277657348E-08,0.));
#8384 = ORIENTED_EDGE('',*,*,#8385,.F.);
#8385 = EDGE_CURVE('',#8386,#8378,#8388,.T.);
#8386 = VERTEX_POINT('',#8387);
#8387 = CARTESIAN_POINT('',(-1.675083139768,-0.712755951502,
    0.299998893104));
#8388 = LINE('',#8389,#8390);
#8389 = CARTESIAN_POINT('',(-1.675083139768,-0.712755951502,
    0.299998893104));
#8390 = VECTOR('',#8391,1.);
#8391 = DIRECTION('',(7.823794035716E-08,-0.894937720165,0.446191076811)
  );
#8392 = ORIENTED_EDGE('',*,*,#8393,.F.);
#8393 = EDGE_CURVE('',#8368,#8386,#8394,.T.);
#8394 = LINE('',#8395,#8396);
#8395 = CARTESIAN_POINT('',(-1.825083139768,-0.712755964615,
    0.299998893104));
#8396 = VECTOR('',#8397,1.);
#8397 = DIRECTION('',(1.,8.742277657348E-08,0.));
#8398 = PLANE('',#8399);
#8399 = AXIS2_PLACEMENT_3D('',#8400,#8401,#8402);
#8400 = CARTESIAN_POINT('',(-1.825083139768,-0.712755964615,
    0.299998893104));
#8401 = DIRECTION('',(-3.900726281713E-08,0.446191076811,0.894937720165)
  );
#8402 = DIRECTION('',(-1.,-8.742277657348E-08,0.));
#8403 = ADVANCED_FACE('',(#8404),#8431,.T.);
#8404 = FACE_BOUND('',#8405,.T.);
#8405 = EDGE_LOOP('',(#8406,#8416,#8423,#8424));
#8406 = ORIENTED_EDGE('',*,*,#8407,.T.);
#8407 = EDGE_CURVE('',#8408,#8410,#8412,.T.);
#8408 = VERTEX_POINT('',#8409);
#8409 = CARTESIAN_POINT('',(-1.825083122957,-0.905044691732,
    0.389998900232));
#8410 = VERTEX_POINT('',#8411);
#8411 = CARTESIAN_POINT('',(-1.675083122957,-0.905044678619,
    0.389998900232));
#8412 = LINE('',#8413,#8414);
#8413 = CARTESIAN_POINT('',(-1.825083122957,-0.905044691732,
    0.389998900232));
#8414 = VECTOR('',#8415,1.);
#8415 = DIRECTION('',(1.,8.742277657348E-08,0.));
#8416 = ORIENTED_EDGE('',*,*,#8417,.F.);
#8417 = EDGE_CURVE('',#8378,#8410,#8418,.T.);
#8418 = CIRCLE('',#8419,5.E-02);
#8419 = AXIS2_PLACEMENT_3D('',#8420,#8421,#8422);
#8420 = CARTESIAN_POINT('',(-1.675083122957,-0.905044680804,
    0.339998900232));
#8421 = DIRECTION('',(1.,8.742277657348E-08,6.617444900424E-24));
#8422 = DIRECTION('',(-3.900726281713E-08,0.446191076811,0.894937720165)
  );
#8423 = ORIENTED_EDGE('',*,*,#8377,.F.);
#8424 = ORIENTED_EDGE('',*,*,#8425,.T.);
#8425 = EDGE_CURVE('',#8370,#8408,#8426,.T.);
#8426 = CIRCLE('',#8427,5.E-02);
#8427 = AXIS2_PLACEMENT_3D('',#8428,#8429,#8430);
#8428 = CARTESIAN_POINT('',(-1.825083122957,-0.905044693917,
    0.339998900232));
#8429 = DIRECTION('',(1.,8.742277657348E-08,6.617444900424E-24));
#8430 = DIRECTION('',(-3.900726281713E-08,0.446191076811,0.894937720165)
  );
#8431 = CYLINDRICAL_SURFACE('',#8432,5.E-02);
#8432 = AXIS2_PLACEMENT_3D('',#8433,#8434,#8435);
#8433 = CARTESIAN_POINT('',(-1.825083122957,-0.905044693917,
    0.339998900232));
#8434 = DIRECTION('',(1.,8.742277657348E-08,0.));
#8435 = DIRECTION('',(-3.821370931908E-15,4.371138828674E-08,1.));
#8436 = ADVANCED_FACE('',(#8437),#8462,.T.);
#8437 = FACE_BOUND('',#8438,.T.);
#8438 = EDGE_LOOP('',(#8439,#8449,#8455,#8456));
#8439 = ORIENTED_EDGE('',*,*,#8440,.T.);
#8440 = EDGE_CURVE('',#8441,#8443,#8445,.T.);
#8441 = VERTEX_POINT('',#8442);
#8442 = CARTESIAN_POINT('',(-1.825083121626,-0.920265944998,
    0.389998900897));
#8443 = VERTEX_POINT('',#8444);
#8444 = CARTESIAN_POINT('',(-1.675083121626,-0.920265931885,
    0.389998900897));
#8445 = LINE('',#8446,#8447);
#8446 = CARTESIAN_POINT('',(-1.825083121626,-0.920265944998,
    0.389998900897));
#8447 = VECTOR('',#8448,1.);
#8448 = DIRECTION('',(1.,8.742277657348E-08,0.));
#8449 = ORIENTED_EDGE('',*,*,#8450,.F.);
#8450 = EDGE_CURVE('',#8410,#8443,#8451,.T.);
#8451 = LINE('',#8452,#8453);
#8452 = CARTESIAN_POINT('',(-1.675083122957,-0.905044678619,
    0.389998900232));
#8453 = VECTOR('',#8454,1.);
#8454 = DIRECTION('',(8.742277657348E-08,-1.,4.371138828674E-08));
#8455 = ORIENTED_EDGE('',*,*,#8407,.F.);
#8456 = ORIENTED_EDGE('',*,*,#8457,.T.);
#8457 = EDGE_CURVE('',#8408,#8441,#8458,.T.);
#8458 = LINE('',#8459,#8460);
#8459 = CARTESIAN_POINT('',(-1.825083122957,-0.905044691732,
    0.389998900232));
#8460 = VECTOR('',#8461,1.);
#8461 = DIRECTION('',(8.742277657348E-08,-1.,4.371138828674E-08));
#8462 = PLANE('',#8463);
#8463 = AXIS2_PLACEMENT_3D('',#8464,#8465,#8466);
#8464 = CARTESIAN_POINT('',(-1.825083122957,-0.905044691732,
    0.389998900232));
#8465 = DIRECTION('',(-3.821370931908E-15,4.371138828674E-08,1.));
#8466 = DIRECTION('',(-1.,-8.742277657348E-08,0.));
#8467 = ADVANCED_FACE('',(#8468),#8495,.F.);
#8468 = FACE_BOUND('',#8469,.F.);
#8469 = EDGE_LOOP('',(#8470,#8479,#8480,#8489));
#8470 = ORIENTED_EDGE('',*,*,#8471,.F.);
#8471 = EDGE_CURVE('',#8441,#8472,#8474,.T.);
#8472 = VERTEX_POINT('',#8473);
#8473 = CARTESIAN_POINT('',(-1.825083115916,-0.98559153765,0.32499971921
    ));
#8474 = CIRCLE('',#8475,6.5E-02);
#8475 = AXIS2_PLACEMENT_3D('',#8476,#8477,#8478);
#8476 = CARTESIAN_POINT('',(-1.825083115944,-0.985265944998,
    0.389998903739));
#8477 = DIRECTION('',(-1.,-8.742277657348E-08,7.88860905221E-31));
#8478 = DIRECTION('',(-8.742277657348E-08,1.,-4.371138828674E-08));
#8479 = ORIENTED_EDGE('',*,*,#8440,.T.);
#8480 = ORIENTED_EDGE('',*,*,#8481,.T.);
#8481 = EDGE_CURVE('',#8443,#8482,#8484,.T.);
#8482 = VERTEX_POINT('',#8483);
#8483 = CARTESIAN_POINT('',(-1.675083115916,-0.985591524537,
    0.32499971921));
#8484 = CIRCLE('',#8485,6.5E-02);
#8485 = AXIS2_PLACEMENT_3D('',#8486,#8487,#8488);
#8486 = CARTESIAN_POINT('',(-1.675083115944,-0.985265931885,
    0.389998903739));
#8487 = DIRECTION('',(-1.,-8.742277657348E-08,7.88860905221E-31));
#8488 = DIRECTION('',(-8.742277657348E-08,1.,-4.371138828674E-08));
#8489 = ORIENTED_EDGE('',*,*,#8490,.F.);
#8490 = EDGE_CURVE('',#8472,#8482,#8491,.T.);
#8491 = LINE('',#8492,#8493);
#8492 = CARTESIAN_POINT('',(-1.825083115916,-0.98559153765,0.32499971921
    ));
#8493 = VECTOR('',#8494,1.);
#8494 = DIRECTION('',(1.,8.742277657348E-08,0.));
#8495 = CYLINDRICAL_SURFACE('',#8496,6.5E-02);
#8496 = AXIS2_PLACEMENT_3D('',#8497,#8498,#8499);
#8497 = CARTESIAN_POINT('',(-1.825083115944,-0.985265944998,
    0.389998903739));
#8498 = DIRECTION('',(1.,8.742277657348E-08,0.));
#8499 = DIRECTION('',(-3.821370931908E-15,4.371138828674E-08,1.));
#8500 = ADVANCED_FACE('',(#8501),#8526,.T.);
#8501 = FACE_BOUND('',#8502,.T.);
#8502 = EDGE_LOOP('',(#8503,#8511,#8512,#8520));
#8503 = ORIENTED_EDGE('',*,*,#8504,.F.);
#8504 = EDGE_CURVE('',#8482,#8505,#8507,.T.);
#8505 = VERTEX_POINT('',#8506);
#8506 = CARTESIAN_POINT('',(-1.675083088084,-1.303951278003,
    0.326594440698));
#8507 = LINE('',#8508,#8509);
#8508 = CARTESIAN_POINT('',(-1.675083115916,-0.985591524537,
    0.32499971921));
#8509 = VECTOR('',#8510,1.);
#8510 = DIRECTION('',(8.742167979277E-08,-0.999987454291,
    5.009117716882E-03));
#8511 = ORIENTED_EDGE('',*,*,#8490,.F.);
#8512 = ORIENTED_EDGE('',*,*,#8513,.T.);
#8513 = EDGE_CURVE('',#8472,#8514,#8516,.T.);
#8514 = VERTEX_POINT('',#8515);
#8515 = CARTESIAN_POINT('',(-1.825083088084,-1.303951291117,
    0.326594440698));
#8516 = LINE('',#8517,#8518);
#8517 = CARTESIAN_POINT('',(-1.825083115916,-0.98559153765,0.32499971921
    ));
#8518 = VECTOR('',#8519,1.);
#8519 = DIRECTION('',(8.742167979277E-08,-0.999987454291,
    5.009117716882E-03));
#8520 = ORIENTED_EDGE('',*,*,#8521,.T.);
#8521 = EDGE_CURVE('',#8514,#8505,#8522,.T.);
#8522 = LINE('',#8523,#8524);
#8523 = CARTESIAN_POINT('',(-1.825083088084,-1.303951291117,
    0.326594440698));
#8524 = VECTOR('',#8525,1.);
#8525 = DIRECTION('',(1.,8.742277657348E-08,0.));
#8526 = PLANE('',#8527);
#8527 = AXIS2_PLACEMENT_3D('',#8528,#8529,#8530);
#8528 = CARTESIAN_POINT('',(-1.825083115916,-0.98559153765,0.32499971921
    ));
#8529 = DIRECTION('',(-4.379109789932E-10,5.009117716882E-03,
    0.999987454291));
#8530 = DIRECTION('',(-1.,-8.742277657348E-08,0.));
#8531 = ADVANCED_FACE('',(#8532),#8568,.F.);
#8532 = FACE_BOUND('',#8533,.F.);
#8533 = EDGE_LOOP('',(#8534,#8544,#8553,#8561));
#8534 = ORIENTED_EDGE('',*,*,#8535,.T.);
#8535 = EDGE_CURVE('',#8536,#8538,#8540,.T.);
#8536 = VERTEX_POINT('',#8537);
#8537 = CARTESIAN_POINT('',(-1.825083120755,-0.930230195529,
    0.72499890261));
#8538 = VERTEX_POINT('',#8539);
#8539 = CARTESIAN_POINT('',(-1.675083120755,-0.930230182415,
    0.72499890261));
#8540 = LINE('',#8541,#8542);
#8541 = CARTESIAN_POINT('',(-1.825083120755,-0.930230195529,
    0.72499890261));
#8542 = VECTOR('',#8543,1.);
#8543 = DIRECTION('',(1.,8.742277657348E-08,0.));
#8544 = ORIENTED_EDGE('',*,*,#8545,.T.);
#8545 = EDGE_CURVE('',#8538,#8546,#8548,.T.);
#8546 = VERTEX_POINT('',#8547);
#8547 = CARTESIAN_POINT('',(-1.675083121626,-0.920267400916,
    0.689975738438));
#8548 = CIRCLE('',#8549,6.5E-02);
#8549 = AXIS2_PLACEMENT_3D('',#8550,#8551,#8552);
#8550 = CARTESIAN_POINT('',(-1.675083115944,-0.985265918753,
    0.690414690522));
#8551 = DIRECTION('',(-1.,-8.742277657348E-08,0.));
#8552 = DIRECTION('',(-7.402118279173E-08,0.846703635974,0.532064801343)
  );
#8553 = ORIENTED_EDGE('',*,*,#8554,.F.);
#8554 = EDGE_CURVE('',#8555,#8546,#8557,.T.);
#8555 = VERTEX_POINT('',#8556);
#8556 = CARTESIAN_POINT('',(-1.825083121626,-0.920267414029,
    0.689975738438));
#8557 = LINE('',#8558,#8559);
#8558 = CARTESIAN_POINT('',(-1.825083121626,-0.920267414029,
    0.689975738438));
#8559 = VECTOR('',#8560,1.);
#8560 = DIRECTION('',(1.,8.742277657348E-08,0.));
#8561 = ORIENTED_EDGE('',*,*,#8562,.F.);
#8562 = EDGE_CURVE('',#8536,#8555,#8563,.T.);
#8563 = CIRCLE('',#8564,6.5E-02);
#8564 = AXIS2_PLACEMENT_3D('',#8565,#8566,#8567);
#8565 = CARTESIAN_POINT('',(-1.825083115944,-0.985265931867,
    0.690414690522));
#8566 = DIRECTION('',(-1.,-8.742277657348E-08,0.));
#8567 = DIRECTION('',(-7.402118279173E-08,0.846703635974,0.532064801343)
  );
#8568 = CYLINDRICAL_SURFACE('',#8569,6.5E-02);
#8569 = AXIS2_PLACEMENT_3D('',#8570,#8571,#8572);
#8570 = CARTESIAN_POINT('',(-1.825083115944,-0.985265931867,
    0.690414690522));
#8571 = DIRECTION('',(1.,8.742277657348E-08,0.));
#8572 = DIRECTION('',(-3.821370931908E-15,4.371138828674E-08,1.));
#8573 = ADVANCED_FACE('',(#8574),#8599,.T.);
#8574 = FACE_BOUND('',#8575,.T.);
#8575 = EDGE_LOOP('',(#8576,#8586,#8592,#8593));
#8576 = ORIENTED_EDGE('',*,*,#8577,.T.);
#8577 = EDGE_CURVE('',#8578,#8580,#8582,.T.);
#8578 = VERTEX_POINT('',#8579);
#8579 = CARTESIAN_POINT('',(-1.825083122956,-0.905059596528,
    0.691306230967));
#8580 = VERTEX_POINT('',#8581);
#8581 = CARTESIAN_POINT('',(-1.675083122956,-0.905059583415,
    0.691306230967));
#8582 = LINE('',#8583,#8584);
#8583 = CARTESIAN_POINT('',(-1.825083122956,-0.905059596528,
    0.691306230967));
#8584 = VECTOR('',#8585,1.);
#8585 = DIRECTION('',(1.,8.742277657348E-08,0.));
#8586 = ORIENTED_EDGE('',*,*,#8587,.F.);
#8587 = EDGE_CURVE('',#8546,#8580,#8588,.T.);
#8588 = LINE('',#8589,#8590);
#8589 = CARTESIAN_POINT('',(-1.675083121626,-0.920267400916,
    0.689975738438));
#8590 = VECTOR('',#8591,1.);
#8591 = DIRECTION('',(-8.709011601122E-08,0.996194806716,
    8.715450115399E-02));
#8592 = ORIENTED_EDGE('',*,*,#8554,.F.);
#8593 = ORIENTED_EDGE('',*,*,#8594,.T.);
#8594 = EDGE_CURVE('',#8555,#8578,#8595,.T.);
#8595 = LINE('',#8596,#8597);
#8596 = CARTESIAN_POINT('',(-1.825083121626,-0.920267414029,
    0.689975738438));
#8597 = VECTOR('',#8598,1.);
#8598 = DIRECTION('',(-8.709011601122E-08,0.996194806716,
    8.715450115399E-02));
#8599 = PLANE('',#8600);
#8600 = AXIS2_PLACEMENT_3D('',#8601,#8602,#8603);
#8601 = CARTESIAN_POINT('',(-1.825083121626,-0.920267414029,
    0.689975738438));
#8602 = DIRECTION('',(-7.619288481758E-09,8.715450115399E-02,
    -0.996194806716));
#8603 = DIRECTION('',(1.,8.742277657348E-08,0.));
#8604 = ADVANCED_FACE('',(#8605),#8632,.T.);
#8605 = FACE_BOUND('',#8606,.T.);
#8606 = EDGE_LOOP('',(#8607,#8617,#8624,#8625));
#8607 = ORIENTED_EDGE('',*,*,#8608,.T.);
#8608 = EDGE_CURVE('',#8609,#8611,#8613,.T.);
#8609 = VERTEX_POINT('',#8610);
#8610 = CARTESIAN_POINT('',(-1.825083125196,-0.87944112739,
    0.701098128014));
#8611 = VERTEX_POINT('',#8612);
#8612 = CARTESIAN_POINT('',(-1.675083125196,-0.879441114276,
    0.701098128014));
#8613 = LINE('',#8614,#8615);
#8614 = CARTESIAN_POINT('',(-1.825083125196,-0.87944112739,
    0.701098128014));
#8615 = VECTOR('',#8616,1.);
#8616 = DIRECTION('',(1.,8.742277657348E-08,0.));
#8617 = ORIENTED_EDGE('',*,*,#8618,.F.);
#8618 = EDGE_CURVE('',#8580,#8611,#8619,.T.);
#8619 = CIRCLE('',#8620,5.E-02);
#8620 = AXIS2_PLACEMENT_3D('',#8621,#8622,#8623);
#8621 = CARTESIAN_POINT('',(-1.675083122575,-0.909417308473,
    0.741115971303));
#8622 = DIRECTION('',(1.,8.742277657348E-08,0.));
#8623 = DIRECTION('',(-7.619288481761E-09,8.715450115402E-02,
    -0.996194806716));
#8624 = ORIENTED_EDGE('',*,*,#8577,.F.);
#8625 = ORIENTED_EDGE('',*,*,#8626,.T.);
#8626 = EDGE_CURVE('',#8578,#8609,#8627,.T.);
#8627 = CIRCLE('',#8628,5.E-02);
#8628 = AXIS2_PLACEMENT_3D('',#8629,#8630,#8631);
#8629 = CARTESIAN_POINT('',(-1.825083122575,-0.909417321586,
    0.741115971303));
#8630 = DIRECTION('',(1.,8.742277657348E-08,0.));
#8631 = DIRECTION('',(-7.619288481761E-09,8.715450115402E-02,
    -0.996194806716));
#8632 = CYLINDRICAL_SURFACE('',#8633,5.E-02);
#8633 = AXIS2_PLACEMENT_3D('',#8634,#8635,#8636);
#8634 = CARTESIAN_POINT('',(-1.825083122575,-0.909417321586,
    0.741115971303));
#8635 = DIRECTION('',(1.,8.742277657348E-08,0.));
#8636 = DIRECTION('',(-3.821370931908E-15,4.371138828674E-08,1.));
#8637 = ADVANCED_FACE('',(#8638),#8663,.T.);
#8638 = FACE_BOUND('',#8639,.T.);
#8639 = EDGE_LOOP('',(#8640,#8648,#8649,#8657));
#8640 = ORIENTED_EDGE('',*,*,#8641,.F.);
#8641 = EDGE_CURVE('',#8611,#8642,#8644,.T.);
#8642 = VERTEX_POINT('',#8643);
#8643 = CARTESIAN_POINT('',(-1.675083127985,-0.847533884782,
    0.724998898995));
#8644 = LINE('',#8645,#8646);
#8645 = CARTESIAN_POINT('',(-1.675083125196,-0.879441114276,
    0.701098128014));
#8646 = VECTOR('',#8647,1.);
#8647 = DIRECTION('',(-6.996941945602E-08,0.800356865779,0.599523883929)
  );
#8648 = ORIENTED_EDGE('',*,*,#8608,.F.);
#8649 = ORIENTED_EDGE('',*,*,#8650,.T.);
#8650 = EDGE_CURVE('',#8609,#8651,#8653,.T.);
#8651 = VERTEX_POINT('',#8652);
#8652 = CARTESIAN_POINT('',(-1.825083127985,-0.847533897895,
    0.724998898995));
#8653 = LINE('',#8654,#8655);
#8654 = CARTESIAN_POINT('',(-1.825083125196,-0.87944112739,
    0.701098128014));
#8655 = VECTOR('',#8656,1.);
#8656 = DIRECTION('',(-6.996941945602E-08,0.800356865779,0.599523883929)
  );
#8657 = ORIENTED_EDGE('',*,*,#8658,.T.);
#8658 = EDGE_CURVE('',#8651,#8642,#8659,.T.);
#8659 = LINE('',#8660,#8661);
#8660 = CARTESIAN_POINT('',(-1.825083127985,-0.847533897895,
    0.724998898995));
#8661 = VECTOR('',#8662,1.);
#8662 = DIRECTION('',(1.,8.742277657348E-08,0.));
#8663 = PLANE('',#8664);
#8664 = AXIS2_PLACEMENT_3D('',#8665,#8666,#8667);
#8665 = CARTESIAN_POINT('',(-1.825083125196,-0.87944112739,
    0.701098128014));
#8666 = DIRECTION('',(-5.241204255516E-08,0.599523883929,-0.800356865779
    ));
#8667 = DIRECTION('',(1.,8.742277657348E-08,0.));
#8668 = ADVANCED_FACE('',(#8669),#8703,.T.);
#8669 = FACE_BOUND('',#8670,.T.);
#8670 = EDGE_LOOP('',(#8671,#8681,#8689,#8697));
#8671 = ORIENTED_EDGE('',*,*,#8672,.T.);
#8672 = EDGE_CURVE('',#8673,#8675,#8677,.T.);
#8673 = VERTEX_POINT('',#8674);
#8674 = CARTESIAN_POINT('',(-1.825082896099,-3.500002468318,
    0.389994556946));
#8675 = VERTEX_POINT('',#8676);
#8676 = CARTESIAN_POINT('',(-1.825082895157,-3.510775215881,
    0.384861370253));
#8677 = LINE('',#8678,#8679);
#8678 = CARTESIAN_POINT('',(-1.825082896099,-3.500002468318,
    0.389994556946));
#8679 = VECTOR('',#8680,1.);
#8680 = DIRECTION('',(7.892116699397E-08,-0.902752921919,-0.430159461092
    ));
#8681 = ORIENTED_EDGE('',*,*,#8682,.T.);
#8682 = EDGE_CURVE('',#8675,#8683,#8685,.T.);
#8683 = VERTEX_POINT('',#8684);
#8684 = CARTESIAN_POINT('',(-1.675082895157,-3.510775202768,
    0.384861370253));
#8685 = LINE('',#8686,#8687);
#8686 = CARTESIAN_POINT('',(-1.825082895157,-3.510775215881,
    0.384861370253));
#8687 = VECTOR('',#8688,1.);
#8688 = DIRECTION('',(1.,8.742277657348E-08,0.));
#8689 = ORIENTED_EDGE('',*,*,#8690,.F.);
#8690 = EDGE_CURVE('',#8691,#8683,#8693,.T.);
#8691 = VERTEX_POINT('',#8692);
#8692 = CARTESIAN_POINT('',(-1.675082896099,-3.500002455204,
    0.389994556946));
#8693 = LINE('',#8694,#8695);
#8694 = CARTESIAN_POINT('',(-1.675082896099,-3.500002455204,
    0.389994556946));
#8695 = VECTOR('',#8696,1.);
#8696 = DIRECTION('',(7.892116699397E-08,-0.902752921919,-0.430159461092
    ));
#8697 = ORIENTED_EDGE('',*,*,#8698,.F.);
#8698 = EDGE_CURVE('',#8673,#8691,#8699,.T.);
#8699 = LINE('',#8700,#8701);
#8700 = CARTESIAN_POINT('',(-1.825082896099,-3.500002468318,
    0.389994556946));
#8701 = VECTOR('',#8702,1.);
#8702 = DIRECTION('',(1.,8.742277657348E-08,0.));
#8703 = PLANE('',#8704);
#8704 = AXIS2_PLACEMENT_3D('',#8705,#8706,#8707);
#8705 = CARTESIAN_POINT('',(-1.825082896099,-3.500002468318,
    0.389994556946));
#8706 = DIRECTION('',(3.760573445801E-08,-0.430159461092,0.902752921919)
  );
#8707 = DIRECTION('',(1.,8.742277657348E-08,0.));
#8708 = ADVANCED_FACE('',(#8709),#8736,.F.);
#8709 = FACE_BOUND('',#8710,.F.);
#8710 = EDGE_LOOP('',(#8711,#8720,#8721,#8730));
#8711 = ORIENTED_EDGE('',*,*,#8712,.F.);
#8712 = EDGE_CURVE('',#8675,#8713,#8715,.T.);
#8713 = VERTEX_POINT('',#8714);
#8714 = CARTESIAN_POINT('',(-1.825082893277,-3.532283191121,
    0.379999016349));
#8715 = CIRCLE('',#8716,5.E-02);
#8716 = AXIS2_PLACEMENT_3D('',#8717,#8718,#8719);
#8717 = CARTESIAN_POINT('',(-1.825082893277,-3.532283188935,
    0.429999016349));
#8718 = DIRECTION('',(-1.,-8.742277657348E-08,6.617444900424E-24));
#8719 = DIRECTION('',(-3.760573445801E-08,0.430159461092,-0.902752921919
    ));
#8720 = ORIENTED_EDGE('',*,*,#8682,.T.);
#8721 = ORIENTED_EDGE('',*,*,#8722,.T.);
#8722 = EDGE_CURVE('',#8683,#8723,#8725,.T.);
#8723 = VERTEX_POINT('',#8724);
#8724 = CARTESIAN_POINT('',(-1.675082893277,-3.532283178007,
    0.379999016349));
#8725 = CIRCLE('',#8726,5.E-02);
#8726 = AXIS2_PLACEMENT_3D('',#8727,#8728,#8729);
#8727 = CARTESIAN_POINT('',(-1.675082893277,-3.532283175822,
    0.429999016349));
#8728 = DIRECTION('',(-1.,-8.742277657348E-08,6.617444900424E-24));
#8729 = DIRECTION('',(-3.760573445801E-08,0.430159461092,-0.902752921919
    ));
#8730 = ORIENTED_EDGE('',*,*,#8731,.F.);
#8731 = EDGE_CURVE('',#8713,#8723,#8732,.T.);
#8732 = LINE('',#8733,#8734);
#8733 = CARTESIAN_POINT('',(-1.825082893277,-3.532283191121,
    0.379999016349));
#8734 = VECTOR('',#8735,1.);
#8735 = DIRECTION('',(1.,8.742277657348E-08,0.));
#8736 = CYLINDRICAL_SURFACE('',#8737,5.E-02);
#8737 = AXIS2_PLACEMENT_3D('',#8738,#8739,#8740);
#8738 = CARTESIAN_POINT('',(-1.825082893277,-3.532283188935,
    0.429999016349));
#8739 = DIRECTION('',(1.,8.742277657348E-08,0.));
#8740 = DIRECTION('',(-3.821370931908E-15,4.371138828674E-08,1.));
#8741 = ADVANCED_FACE('',(#8742),#8767,.T.);
#8742 = FACE_BOUND('',#8743,.T.);
#8743 = EDGE_LOOP('',(#8744,#8754,#8760,#8761));
#8744 = ORIENTED_EDGE('',*,*,#8745,.T.);
#8745 = EDGE_CURVE('',#8746,#8748,#8750,.T.);
#8746 = VERTEX_POINT('',#8747);
#8747 = CARTESIAN_POINT('',(-1.825082887356,-3.600002468755,
    0.379999019309));
#8748 = VERTEX_POINT('',#8749);
#8749 = CARTESIAN_POINT('',(-1.675082887356,-3.600002455641,
    0.379999019309));
#8750 = LINE('',#8751,#8752);
#8751 = CARTESIAN_POINT('',(-1.825082887356,-3.600002468755,
    0.379999019309));
#8752 = VECTOR('',#8753,1.);
#8753 = DIRECTION('',(1.,8.742277657348E-08,0.));
#8754 = ORIENTED_EDGE('',*,*,#8755,.F.);
#8755 = EDGE_CURVE('',#8723,#8748,#8756,.T.);
#8756 = LINE('',#8757,#8758);
#8757 = CARTESIAN_POINT('',(-1.675082893277,-3.532283178007,
    0.379999016349));
#8758 = VECTOR('',#8759,1.);
#8759 = DIRECTION('',(8.742277657348E-08,-1.,4.371138828674E-08));
#8760 = ORIENTED_EDGE('',*,*,#8731,.F.);
#8761 = ORIENTED_EDGE('',*,*,#8762,.T.);
#8762 = EDGE_CURVE('',#8713,#8746,#8763,.T.);
#8763 = LINE('',#8764,#8765);
#8764 = CARTESIAN_POINT('',(-1.825082893277,-3.532283191121,
    0.379999016349));
#8765 = VECTOR('',#8766,1.);
#8766 = DIRECTION('',(8.742277657348E-08,-1.,4.371138828674E-08));
#8767 = PLANE('',#8768);
#8768 = AXIS2_PLACEMENT_3D('',#8769,#8770,#8771);
#8769 = CARTESIAN_POINT('',(-1.825082893277,-3.532283191121,
    0.379999016349));
#8770 = DIRECTION('',(-3.821370931908E-15,4.371138828674E-08,1.));
#8771 = DIRECTION('',(-1.,-8.742277657348E-08,0.));
#8772 = ADVANCED_FACE('',(#8773),#8789,.T.);
#8773 = FACE_BOUND('',#8774,.T.);
#8774 = EDGE_LOOP('',(#8775,#8776,#8782,#8783));
#8775 = ORIENTED_EDGE('',*,*,#1345,.T.);
#8776 = ORIENTED_EDGE('',*,*,#8777,.F.);
#8777 = EDGE_CURVE('',#8748,#1348,#8778,.T.);
#8778 = LINE('',#8779,#8780);
#8779 = CARTESIAN_POINT('',(-1.675082887356,-3.600002455641,
    0.379999019309));
#8780 = VECTOR('',#8781,1.);
#8781 = DIRECTION('',(3.821370931908E-15,-4.371138828674E-08,-1.));
#8782 = ORIENTED_EDGE('',*,*,#8745,.F.);
#8783 = ORIENTED_EDGE('',*,*,#8784,.T.);
#8784 = EDGE_CURVE('',#8746,#1346,#8785,.T.);
#8785 = LINE('',#8786,#8787);
#8786 = CARTESIAN_POINT('',(-1.825082887356,-3.600002468755,
    0.379999019309));
#8787 = VECTOR('',#8788,1.);
#8788 = DIRECTION('',(3.821370931908E-15,-4.371138828674E-08,-1.));
#8789 = PLANE('',#8790);
#8790 = AXIS2_PLACEMENT_3D('',#8791,#8792,#8793);
#8791 = CARTESIAN_POINT('',(-1.825082887356,-3.600002468755,
    0.379999019309));
#8792 = DIRECTION('',(8.742277657348E-08,-1.,4.371138828674E-08));
#8793 = DIRECTION('',(3.821370931908E-15,-4.371138828674E-08,-1.));
#8794 = ADVANCED_FACE('',(#8795),#8822,.F.);
#8795 = FACE_BOUND('',#8796,.F.);
#8796 = EDGE_LOOP('',(#8797,#8806,#8814,#8821));
#8797 = ORIENTED_EDGE('',*,*,#8798,.T.);
#8798 = EDGE_CURVE('',#1356,#8799,#8801,.T.);
#8799 = VERTEX_POINT('',#8800);
#8800 = CARTESIAN_POINT('',(-1.675082891766,-3.549565471061,
    2.952901710355E-02));
#8801 = CIRCLE('',#8802,5.E-02);
#8802 = AXIS2_PLACEMENT_3D('',#8803,#8804,#8805);
#8803 = CARTESIAN_POINT('',(-1.675082887395,-3.599565471061,
    2.952901928912E-02));
#8804 = DIRECTION('',(-1.,-8.742277657348E-08,0.));
#8805 = DIRECTION('',(7.640710712331E-10,-8.73995429087E-03,
    0.99996180587));
#8806 = ORIENTED_EDGE('',*,*,#8807,.F.);
#8807 = EDGE_CURVE('',#8808,#8799,#8810,.T.);
#8808 = VERTEX_POINT('',#8809);
#8809 = CARTESIAN_POINT('',(-1.825082891766,-3.549565484174,
    2.952901710355E-02));
#8810 = LINE('',#8811,#8812);
#8811 = CARTESIAN_POINT('',(-1.825082891766,-3.549565484174,
    2.952901710355E-02));
#8812 = VECTOR('',#8813,1.);
#8813 = DIRECTION('',(1.,8.742277657348E-08,0.));
#8814 = ORIENTED_EDGE('',*,*,#8815,.F.);
#8815 = EDGE_CURVE('',#1365,#8808,#8816,.T.);
#8816 = CIRCLE('',#8817,5.E-02);
#8817 = AXIS2_PLACEMENT_3D('',#8818,#8819,#8820);
#8818 = CARTESIAN_POINT('',(-1.825082887395,-3.599565484174,
    2.952901928912E-02));
#8819 = DIRECTION('',(-1.,-8.742277657348E-08,0.));
#8820 = DIRECTION('',(7.640710712331E-10,-8.73995429087E-03,
    0.99996180587));
#8821 = ORIENTED_EDGE('',*,*,#1364,.T.);
#8822 = CYLINDRICAL_SURFACE('',#8823,5.E-02);
#8823 = AXIS2_PLACEMENT_3D('',#8824,#8825,#8826);
#8824 = CARTESIAN_POINT('',(-1.825082887395,-3.599565484174,
    2.952901928912E-02));
#8825 = DIRECTION('',(1.,8.742277657348E-08,0.));
#8826 = DIRECTION('',(-3.821370931908E-15,4.371138828674E-08,1.));
#8827 = ADVANCED_FACE('',(#8828),#8853,.T.);
#8828 = FACE_BOUND('',#8829,.T.);
#8829 = EDGE_LOOP('',(#8830,#8840,#8846,#8847));
#8830 = ORIENTED_EDGE('',*,*,#8831,.T.);
#8831 = EDGE_CURVE('',#8832,#8834,#8836,.T.);
#8832 = VERTEX_POINT('',#8833);
#8833 = CARTESIAN_POINT('',(-1.825082891766,-3.549565485465,
    -3.422422500954E-07));
#8834 = VERTEX_POINT('',#8835);
#8835 = CARTESIAN_POINT('',(-1.675082891766,-3.549565472352,
    -3.422422500954E-07));
#8836 = LINE('',#8837,#8838);
#8837 = CARTESIAN_POINT('',(-1.825082891766,-3.549565485465,
    -3.422422500954E-07));
#8838 = VECTOR('',#8839,1.);
#8839 = DIRECTION('',(1.,8.742277657348E-08,0.));
#8840 = ORIENTED_EDGE('',*,*,#8841,.F.);
#8841 = EDGE_CURVE('',#8799,#8834,#8842,.T.);
#8842 = LINE('',#8843,#8844);
#8843 = CARTESIAN_POINT('',(-1.675082891766,-3.549565471061,
    2.952901710355E-02));
#8844 = VECTOR('',#8845,1.);
#8845 = DIRECTION('',(3.821370931908E-15,-4.371138828674E-08,-1.));
#8846 = ORIENTED_EDGE('',*,*,#8807,.F.);
#8847 = ORIENTED_EDGE('',*,*,#8848,.T.);
#8848 = EDGE_CURVE('',#8808,#8832,#8849,.T.);
#8849 = LINE('',#8850,#8851);
#8850 = CARTESIAN_POINT('',(-1.825082891766,-3.549565484174,
    2.952901710355E-02));
#8851 = VECTOR('',#8852,1.);
#8852 = DIRECTION('',(3.821370931908E-15,-4.371138828674E-08,-1.));
#8853 = PLANE('',#8854);
#8854 = AXIS2_PLACEMENT_3D('',#8855,#8856,#8857);
#8855 = CARTESIAN_POINT('',(-1.825082891766,-3.549565484174,
    2.952901710355E-02));
#8856 = DIRECTION('',(8.742277657348E-08,-1.,4.371138828674E-08));
#8857 = DIRECTION('',(3.821370931908E-15,-4.371138828674E-08,-1.));
#8858 = ADVANCED_FACE('',(#8859),#8884,.T.);
#8859 = FACE_BOUND('',#8860,.T.);
#8860 = EDGE_LOOP('',(#8861,#8871,#8877,#8878));
#8861 = ORIENTED_EDGE('',*,*,#8862,.T.);
#8862 = EDGE_CURVE('',#8863,#8865,#8867,.T.);
#8863 = VERTEX_POINT('',#8864);
#8864 = CARTESIAN_POINT('',(-1.825082922306,-3.200226104339,
    -3.575123593835E-07));
#8865 = VERTEX_POINT('',#8866);
#8866 = CARTESIAN_POINT('',(-1.675082922306,-3.200226091226,
    -3.575123593835E-07));
#8867 = LINE('',#8868,#8869);
#8868 = CARTESIAN_POINT('',(-1.825082922306,-3.200226104339,
    -3.575123593835E-07));
#8869 = VECTOR('',#8870,1.);
#8870 = DIRECTION('',(1.,8.742277657348E-08,0.));
#8871 = ORIENTED_EDGE('',*,*,#8872,.F.);
#8872 = EDGE_CURVE('',#8834,#8865,#8873,.T.);
#8873 = LINE('',#8874,#8875);
#8874 = CARTESIAN_POINT('',(-1.675082891766,-3.549565472352,
    -3.422422500954E-07));
#8875 = VECTOR('',#8876,1.);
#8876 = DIRECTION('',(-8.742277657348E-08,1.,-4.371138828674E-08));
#8877 = ORIENTED_EDGE('',*,*,#8831,.F.);
#8878 = ORIENTED_EDGE('',*,*,#8879,.T.);
#8879 = EDGE_CURVE('',#8832,#8863,#8880,.T.);
#8880 = LINE('',#8881,#8882);
#8881 = CARTESIAN_POINT('',(-1.825082891766,-3.549565485465,
    -3.422422500954E-07));
#8882 = VECTOR('',#8883,1.);
#8883 = DIRECTION('',(-8.742277657348E-08,1.,-4.371138828674E-08));
#8884 = PLANE('',#8885);
#8885 = AXIS2_PLACEMENT_3D('',#8886,#8887,#8888);
#8886 = CARTESIAN_POINT('',(-1.825082891766,-3.549565485465,
    -3.422422500954E-07));
#8887 = DIRECTION('',(3.821370931908E-15,-4.371138828674E-08,-1.));
#8888 = DIRECTION('',(8.742277657348E-08,-1.,4.371138828674E-08));
#8889 = ADVANCED_FACE('',(#8890),#8917,.T.);
#8890 = FACE_BOUND('',#8891,.T.);
#8891 = EDGE_LOOP('',(#8892,#8902,#8909,#8910));
#8892 = ORIENTED_EDGE('',*,*,#8893,.T.);
#8893 = EDGE_CURVE('',#8894,#8896,#8898,.T.);
#8894 = VERTEX_POINT('',#8895);
#8895 = CARTESIAN_POINT('',(-1.825082916195,-3.270127668818,
    7.371055284804E-02));
#8896 = VERTEX_POINT('',#8897);
#8897 = CARTESIAN_POINT('',(-1.675082916195,-3.270127655705,
    7.371055284804E-02));
#8898 = LINE('',#8899,#8900);
#8899 = CARTESIAN_POINT('',(-1.825082916195,-3.270127668818,
    7.371055284804E-02));
#8900 = VECTOR('',#8901,1.);
#8901 = DIRECTION('',(1.,8.742277657348E-08,0.));
#8902 = ORIENTED_EDGE('',*,*,#8903,.F.);
#8903 = EDGE_CURVE('',#8865,#8896,#8904,.T.);
#8904 = CIRCLE('',#8905,7.E-02);
#8905 = AXIS2_PLACEMENT_3D('',#8906,#8907,#8908);
#8906 = CARTESIAN_POINT('',(-1.675082916195,-3.270127658764,
    3.710552848035E-03));
#8907 = DIRECTION('',(1.,8.742277657348E-08,8.27180612553E-25));
#8908 = DIRECTION('',(-8.729984458611E-08,0.998593821974,
    -5.301300514863E-02));
#8909 = ORIENTED_EDGE('',*,*,#8862,.F.);
#8910 = ORIENTED_EDGE('',*,*,#8911,.T.);
#8911 = EDGE_CURVE('',#8863,#8894,#8912,.T.);
#8912 = CIRCLE('',#8913,7.E-02);
#8913 = AXIS2_PLACEMENT_3D('',#8914,#8915,#8916);
#8914 = CARTESIAN_POINT('',(-1.825082916195,-3.270127671878,
    3.710552848035E-03));
#8915 = DIRECTION('',(1.,8.742277657348E-08,8.27180612553E-25));
#8916 = DIRECTION('',(-8.729984458611E-08,0.998593821974,
    -5.301300514863E-02));
#8917 = CYLINDRICAL_SURFACE('',#8918,7.E-02);
#8918 = AXIS2_PLACEMENT_3D('',#8919,#8920,#8921);
#8919 = CARTESIAN_POINT('',(-1.825082916195,-3.270127671878,
    3.710552848035E-03));
#8920 = DIRECTION('',(1.,8.742277657348E-08,0.));
#8921 = DIRECTION('',(-3.821370931908E-15,4.371138828674E-08,1.));
#8922 = ADVANCED_FACE('',(#8923),#8948,.T.);
#8923 = FACE_BOUND('',#8924,.T.);
#8924 = EDGE_LOOP('',(#8925,#8935,#8941,#8942));
#8925 = ORIENTED_EDGE('',*,*,#8926,.T.);
#8926 = EDGE_CURVE('',#8927,#8929,#8931,.T.);
#8927 = VERTEX_POINT('',#8928);
#8928 = CARTESIAN_POINT('',(-1.825082913583,-3.300002482143,
    7.37105541539E-02));
#8929 = VERTEX_POINT('',#8930);
#8930 = CARTESIAN_POINT('',(-1.675082913583,-3.30000246903,
    7.37105541539E-02));
#8931 = LINE('',#8932,#8933);
#8932 = CARTESIAN_POINT('',(-1.825082913583,-3.300002482143,
    7.37105541539E-02));
#8933 = VECTOR('',#8934,1.);
#8934 = DIRECTION('',(1.,8.742277657348E-08,0.));
#8935 = ORIENTED_EDGE('',*,*,#8936,.F.);
#8936 = EDGE_CURVE('',#8896,#8929,#8937,.T.);
#8937 = LINE('',#8938,#8939);
#8938 = CARTESIAN_POINT('',(-1.675082916195,-3.270127655705,
    7.371055284804E-02));
#8939 = VECTOR('',#8940,1.);
#8940 = DIRECTION('',(8.742277657348E-08,-1.,4.371138828674E-08));
#8941 = ORIENTED_EDGE('',*,*,#8893,.F.);
#8942 = ORIENTED_EDGE('',*,*,#8943,.T.);
#8943 = EDGE_CURVE('',#8894,#8927,#8944,.T.);
#8944 = LINE('',#8945,#8946);
#8945 = CARTESIAN_POINT('',(-1.825082916195,-3.270127668818,
    7.371055284804E-02));
#8946 = VECTOR('',#8947,1.);
#8947 = DIRECTION('',(8.742277657348E-08,-1.,4.371138828674E-08));
#8948 = PLANE('',#8949);
#8949 = AXIS2_PLACEMENT_3D('',#8950,#8951,#8952);
#8950 = CARTESIAN_POINT('',(-1.825082916195,-3.270127668818,
    7.371055284804E-02));
#8951 = DIRECTION('',(-3.821370931908E-15,4.371138828674E-08,1.));
#8952 = DIRECTION('',(-1.,-8.742277657348E-08,0.));
#8953 = ADVANCED_FACE('',(#8954),#8979,.T.);
#8954 = FACE_BOUND('',#8955,.T.);
#8955 = EDGE_LOOP('',(#8956,#8964,#8965,#8973));
#8956 = ORIENTED_EDGE('',*,*,#8957,.F.);
#8957 = EDGE_CURVE('',#8929,#8958,#8960,.T.);
#8958 = VERTEX_POINT('',#8959);
#8959 = CARTESIAN_POINT('',(-1.675082913583,-3.300002468755,
    7.99990061957E-02));
#8960 = LINE('',#8961,#8962);
#8961 = CARTESIAN_POINT('',(-1.675082913583,-3.30000246903,
    7.37105541539E-02));
#8962 = VECTOR('',#8963,1.);
#8963 = DIRECTION('',(-3.821370931908E-15,4.371138828674E-08,1.));
#8964 = ORIENTED_EDGE('',*,*,#8926,.F.);
#8965 = ORIENTED_EDGE('',*,*,#8966,.T.);
#8966 = EDGE_CURVE('',#8927,#8967,#8969,.T.);
#8967 = VERTEX_POINT('',#8968);
#8968 = CARTESIAN_POINT('',(-1.825082913583,-3.300002481868,
    7.99990061957E-02));
#8969 = LINE('',#8970,#8971);
#8970 = CARTESIAN_POINT('',(-1.825082913583,-3.300002482143,
    7.37105541539E-02));
#8971 = VECTOR('',#8972,1.);
#8972 = DIRECTION('',(-3.821370931908E-15,4.371138828674E-08,1.));
#8973 = ORIENTED_EDGE('',*,*,#8974,.T.);
#8974 = EDGE_CURVE('',#8967,#8958,#8975,.T.);
#8975 = LINE('',#8976,#8977);
#8976 = CARTESIAN_POINT('',(-1.825082913583,-3.300002481868,
    7.99990061957E-02));
#8977 = VECTOR('',#8978,1.);
#8978 = DIRECTION('',(1.,8.742277657348E-08,0.));
#8979 = PLANE('',#8980);
#8980 = AXIS2_PLACEMENT_3D('',#8981,#8982,#8983);
#8981 = CARTESIAN_POINT('',(-1.825082913583,-3.300002482143,
    7.37105541539E-02));
#8982 = DIRECTION('',(-8.742277657348E-08,1.,-4.371138828674E-08));
#8983 = DIRECTION('',(-1.,-8.742277657348E-08,0.));
#8984 = ADVANCED_FACE('',(#8985),#9021,.T.);
#8985 = FACE_BOUND('',#8986,.T.);
#8986 = EDGE_LOOP('',(#8987,#8997,#9006,#9012,#9013,#9014,#9015));
#8987 = ORIENTED_EDGE('',*,*,#8988,.T.);
#8988 = EDGE_CURVE('',#8989,#8991,#8993,.T.);
#8989 = VERTEX_POINT('',#8990);
#8990 = CARTESIAN_POINT('',(-1.675082974779,-2.60000243313,
    0.894998975598));
#8991 = VERTEX_POINT('',#8992);
#8992 = CARTESIAN_POINT('',(-1.675082949924,-2.884308887496,
    0.894998988025));
#8993 = LINE('',#8994,#8995);
#8994 = CARTESIAN_POINT('',(-1.675082974779,-2.60000243313,
    0.894998975598));
#8995 = VECTOR('',#8996,1.);
#8996 = DIRECTION('',(8.742277657348E-08,-1.,4.371138828674E-08));
#8997 = ORIENTED_EDGE('',*,*,#8998,.T.);
#8998 = EDGE_CURVE('',#8991,#8999,#9001,.T.);
#8999 = VERTEX_POINT('',#9000);
#9000 = CARTESIAN_POINT('',(-1.675082954509,-2.831872439031,
    0.759998985733));
#9001 = CIRCLE('',#9002,0.2);
#9002 = AXIS2_PLACEMENT_3D('',#9003,#9004,#9005);
#9003 = CARTESIAN_POINT('',(-1.675082937024,-3.031872439031,
    0.759998994475));
#9004 = DIRECTION('',(-1.,-8.742277657348E-08,-6.617444900424E-24));
#9005 = DIRECTION('',(-6.450207698107E-08,0.737817757674,0.674999967749)
  );
#9006 = ORIENTED_EDGE('',*,*,#9007,.F.);
#9007 = EDGE_CURVE('',#8282,#8999,#9008,.T.);
#9008 = LINE('',#9009,#9010);
#9009 = CARTESIAN_POINT('',(-1.675082954509,-2.831872440825,
    0.718956081411));
#9010 = VECTOR('',#9011,1.);
#9011 = DIRECTION('',(-3.821370931908E-15,4.371138828674E-08,1.));
#9012 = ORIENTED_EDGE('',*,*,#8281,.T.);
#9013 = ORIENTED_EDGE('',*,*,#8313,.T.);
#9014 = ORIENTED_EDGE('',*,*,#8336,.T.);
#9015 = ORIENTED_EDGE('',*,*,#9016,.T.);
#9016 = EDGE_CURVE('',#8337,#8989,#9017,.T.);
#9017 = LINE('',#9018,#9019);
#9018 = CARTESIAN_POINT('',(-1.675082974779,-2.60000244253,
    0.679959975598));
#9019 = VECTOR('',#9020,1.);
#9020 = DIRECTION('',(-3.821370931908E-15,4.371138828674E-08,1.));
#9021 = PLANE('',#9022);
#9022 = AXIS2_PLACEMENT_3D('',#9023,#9024,#9025);
#9023 = CARTESIAN_POINT('',(-1.675083167109,-0.40000244821,
    0.549998879433));
#9024 = DIRECTION('',(1.,8.742277657348E-08,0.));
#9025 = DIRECTION('',(-8.742277657348E-08,1.,-4.371138828674E-08));
#9026 = ADVANCED_FACE('',(#9027),#9048,.T.);
#9027 = FACE_BOUND('',#9028,.T.);
#9028 = EDGE_LOOP('',(#9029,#9030,#9031,#9032,#9033,#9034,#9042));
#9029 = ORIENTED_EDGE('',*,*,#8385,.T.);
#9030 = ORIENTED_EDGE('',*,*,#8417,.T.);
#9031 = ORIENTED_EDGE('',*,*,#8450,.T.);
#9032 = ORIENTED_EDGE('',*,*,#8481,.T.);
#9033 = ORIENTED_EDGE('',*,*,#8504,.T.);
#9034 = ORIENTED_EDGE('',*,*,#9035,.F.);
#9035 = EDGE_CURVE('',#9036,#8505,#9038,.T.);
#9036 = VERTEX_POINT('',#9037);
#9037 = CARTESIAN_POINT('',(-1.675083114656,-1.000002459138,
    0.29999890566));
#9038 = LINE('',#9039,#9040);
#9039 = CARTESIAN_POINT('',(-1.675083114656,-1.000002459138,
    0.29999890566));
#9040 = VECTOR('',#9041,1.);
#9041 = DIRECTION('',(8.709002045547E-08,-0.996193713686,
    8.716699382592E-02));
#9042 = ORIENTED_EDGE('',*,*,#9043,.T.);
#9043 = EDGE_CURVE('',#9036,#8386,#9044,.T.);
#9044 = LINE('',#9045,#9046);
#9045 = CARTESIAN_POINT('',(-1.675083114656,-1.000002459138,
    0.29999890566));
#9046 = VECTOR('',#9047,1.);
#9047 = DIRECTION('',(-8.742277657348E-08,1.,-4.371138828674E-08));
#9048 = PLANE('',#9049);
#9049 = AXIS2_PLACEMENT_3D('',#9050,#9051,#9052);
#9050 = CARTESIAN_POINT('',(-1.675083167109,-0.40000244821,
    0.549998879433));
#9051 = DIRECTION('',(1.,8.742277657348E-08,0.));
#9052 = DIRECTION('',(-8.742277657348E-08,1.,-4.371138828674E-08));
#9053 = ADVANCED_FACE('',(#9054),#9066,.T.);
#9054 = FACE_BOUND('',#9055,.T.);
#9055 = EDGE_LOOP('',(#9056,#9057,#9058,#9059,#9060));
#9056 = ORIENTED_EDGE('',*,*,#8545,.T.);
#9057 = ORIENTED_EDGE('',*,*,#8587,.T.);
#9058 = ORIENTED_EDGE('',*,*,#8618,.T.);
#9059 = ORIENTED_EDGE('',*,*,#8641,.T.);
#9060 = ORIENTED_EDGE('',*,*,#9061,.F.);
#9061 = EDGE_CURVE('',#8538,#8642,#9062,.T.);
#9062 = LINE('',#9063,#9064);
#9063 = CARTESIAN_POINT('',(-1.675083120755,-0.930230182415,
    0.72499890261));
#9064 = VECTOR('',#9065,1.);
#9065 = DIRECTION('',(-8.742277657348E-08,1.,-4.371138828674E-08));
#9066 = PLANE('',#9067);
#9067 = AXIS2_PLACEMENT_3D('',#9068,#9069,#9070);
#9068 = CARTESIAN_POINT('',(-1.675083167109,-0.40000244821,
    0.549998879433));
#9069 = DIRECTION('',(1.,8.742277657348E-08,0.));
#9070 = DIRECTION('',(-8.742277657348E-08,1.,-4.371138828674E-08));
#9071 = ADVANCED_FACE('',(#9072),#9099,.T.);
#9072 = FACE_BOUND('',#9073,.T.);
#9073 = EDGE_LOOP('',(#9074,#9075,#9076,#9077,#9078,#9079,#9080,#9081,
    #9082,#9083,#9084,#9085,#9093));
#9074 = ORIENTED_EDGE('',*,*,#8690,.T.);
#9075 = ORIENTED_EDGE('',*,*,#8722,.T.);
#9076 = ORIENTED_EDGE('',*,*,#8755,.T.);
#9077 = ORIENTED_EDGE('',*,*,#8777,.T.);
#9078 = ORIENTED_EDGE('',*,*,#1355,.T.);
#9079 = ORIENTED_EDGE('',*,*,#8798,.T.);
#9080 = ORIENTED_EDGE('',*,*,#8841,.T.);
#9081 = ORIENTED_EDGE('',*,*,#8872,.T.);
#9082 = ORIENTED_EDGE('',*,*,#8903,.T.);
#9083 = ORIENTED_EDGE('',*,*,#8936,.T.);
#9084 = ORIENTED_EDGE('',*,*,#8957,.T.);
#9085 = ORIENTED_EDGE('',*,*,#9086,.F.);
#9086 = EDGE_CURVE('',#9087,#8958,#9089,.T.);
#9087 = VERTEX_POINT('',#9088);
#9088 = CARTESIAN_POINT('',(-1.675082896099,-3.500002468755,
    7.999901493798E-02));
#9089 = LINE('',#9090,#9091);
#9090 = CARTESIAN_POINT('',(-1.675082896099,-3.500002468755,
    7.999901493798E-02));
#9091 = VECTOR('',#9092,1.);
#9092 = DIRECTION('',(-8.742277657348E-08,1.,-4.371138828674E-08));
#9093 = ORIENTED_EDGE('',*,*,#9094,.T.);
#9094 = EDGE_CURVE('',#9087,#8691,#9095,.T.);
#9095 = LINE('',#9096,#9097);
#9096 = CARTESIAN_POINT('',(-1.675082896099,-3.500002468755,
    7.999901493798E-02));
#9097 = VECTOR('',#9098,1.);
#9098 = DIRECTION('',(-3.821370931908E-15,4.371138828674E-08,1.));
#9099 = PLANE('',#9100);
#9100 = AXIS2_PLACEMENT_3D('',#9101,#9102,#9103);
#9101 = CARTESIAN_POINT('',(-1.675083167109,-0.40000244821,
    0.549998879433));
#9102 = DIRECTION('',(1.,8.742277657348E-08,0.));
#9103 = DIRECTION('',(-8.742277657348E-08,1.,-4.371138828674E-08));
#9104 = ADVANCED_FACE('',(#9105),#9130,.T.);
#9105 = FACE_BOUND('',#9106,.T.);
#9106 = EDGE_LOOP('',(#9107,#9117,#9123,#9124));
#9107 = ORIENTED_EDGE('',*,*,#9108,.T.);
#9108 = EDGE_CURVE('',#9109,#9111,#9113,.T.);
#9109 = VERTEX_POINT('',#9110);
#9110 = CARTESIAN_POINT('',(-1.825082974779,-2.600002446243,
    0.894998975598));
#9111 = VERTEX_POINT('',#9112);
#9112 = CARTESIAN_POINT('',(-1.825082949924,-2.884308900609,
    0.894998988025));
#9113 = LINE('',#9114,#9115);
#9114 = CARTESIAN_POINT('',(-1.825082974779,-2.600002446243,
    0.894998975598));
#9115 = VECTOR('',#9116,1.);
#9116 = DIRECTION('',(8.742277657348E-08,-1.,4.371138828674E-08));
#9117 = ORIENTED_EDGE('',*,*,#9118,.F.);
#9118 = EDGE_CURVE('',#8991,#9111,#9119,.T.);
#9119 = LINE('',#9120,#9121);
#9120 = CARTESIAN_POINT('',(-1.675082949924,-2.884308887496,
    0.894998988025));
#9121 = VECTOR('',#9122,1.);
#9122 = DIRECTION('',(-1.,-8.742277657348E-08,0.));
#9123 = ORIENTED_EDGE('',*,*,#8988,.F.);
#9124 = ORIENTED_EDGE('',*,*,#9125,.F.);
#9125 = EDGE_CURVE('',#9109,#8989,#9126,.T.);
#9126 = LINE('',#9127,#9128);
#9127 = CARTESIAN_POINT('',(-1.825082974779,-2.600002446243,
    0.894998975598));
#9128 = VECTOR('',#9129,1.);
#9129 = DIRECTION('',(1.,8.742277657348E-08,0.));
#9130 = PLANE('',#9131);
#9131 = AXIS2_PLACEMENT_3D('',#9132,#9133,#9134);
#9132 = CARTESIAN_POINT('',(-1.825082974779,-2.600002446243,
    0.894998975598));
#9133 = DIRECTION('',(-3.821370931908E-15,4.371138828674E-08,1.));
#9134 = DIRECTION('',(-1.,-8.742277657348E-08,0.));
#9135 = ADVANCED_FACE('',(#9136),#9157,.F.);
#9136 = FACE_BOUND('',#9137,.T.);
#9137 = EDGE_LOOP('',(#9138,#9146,#9147,#9148,#9149,#9150,#9151));
#9138 = ORIENTED_EDGE('',*,*,#9139,.T.);
#9139 = EDGE_CURVE('',#9140,#8514,#9142,.T.);
#9140 = VERTEX_POINT('',#9141);
#9141 = CARTESIAN_POINT('',(-1.825083114656,-1.000002472252,
    0.29999890566));
#9142 = LINE('',#9143,#9144);
#9143 = CARTESIAN_POINT('',(-1.825083114656,-1.000002472252,
    0.29999890566));
#9144 = VECTOR('',#9145,1.);
#9145 = DIRECTION('',(8.709002045547E-08,-0.996193713686,
    8.716699382592E-02));
#9146 = ORIENTED_EDGE('',*,*,#8513,.F.);
#9147 = ORIENTED_EDGE('',*,*,#8471,.F.);
#9148 = ORIENTED_EDGE('',*,*,#8457,.F.);
#9149 = ORIENTED_EDGE('',*,*,#8425,.F.);
#9150 = ORIENTED_EDGE('',*,*,#8367,.F.);
#9151 = ORIENTED_EDGE('',*,*,#9152,.F.);
#9152 = EDGE_CURVE('',#9140,#8368,#9153,.T.);
#9153 = LINE('',#9154,#9155);
#9154 = CARTESIAN_POINT('',(-1.825083114656,-1.000002472252,
    0.29999890566));
#9155 = VECTOR('',#9156,1.);
#9156 = DIRECTION('',(-8.742277657348E-08,1.,-4.371138828674E-08));
#9157 = PLANE('',#9158);
#9158 = AXIS2_PLACEMENT_3D('',#9159,#9160,#9161);
#9159 = CARTESIAN_POINT('',(-1.825083167109,-0.400002461324,
    0.549998879433));
#9160 = DIRECTION('',(1.,8.742277657348E-08,0.));
#9161 = DIRECTION('',(-8.742277657348E-08,1.,-4.371138828674E-08));
#9162 = ADVANCED_FACE('',(#9163),#9175,.F.);
#9163 = FACE_BOUND('',#9164,.T.);
#9164 = EDGE_LOOP('',(#9165,#9166,#9167,#9168,#9169));
#9165 = ORIENTED_EDGE('',*,*,#8650,.F.);
#9166 = ORIENTED_EDGE('',*,*,#8626,.F.);
#9167 = ORIENTED_EDGE('',*,*,#8594,.F.);
#9168 = ORIENTED_EDGE('',*,*,#8562,.F.);
#9169 = ORIENTED_EDGE('',*,*,#9170,.T.);
#9170 = EDGE_CURVE('',#8536,#8651,#9171,.T.);
#9171 = LINE('',#9172,#9173);
#9172 = CARTESIAN_POINT('',(-1.825083120755,-0.930230195529,
    0.72499890261));
#9173 = VECTOR('',#9174,1.);
#9174 = DIRECTION('',(-8.742277657348E-08,1.,-4.371138828674E-08));
#9175 = PLANE('',#9176);
#9176 = AXIS2_PLACEMENT_3D('',#9177,#9178,#9179);
#9177 = CARTESIAN_POINT('',(-1.825083167109,-0.400002461324,
    0.549998879433));
#9178 = DIRECTION('',(1.,8.742277657348E-08,0.));
#9179 = DIRECTION('',(-8.742277657348E-08,1.,-4.371138828674E-08));
#9180 = ADVANCED_FACE('',(#9181),#9208,.F.);
#9181 = FACE_BOUND('',#9182,.T.);
#9182 = EDGE_LOOP('',(#9183,#9191,#9192,#9193,#9194,#9195,#9196,#9197,
    #9198,#9199,#9200,#9201,#9202));
#9183 = ORIENTED_EDGE('',*,*,#9184,.T.);
#9184 = EDGE_CURVE('',#9185,#8967,#9187,.T.);
#9185 = VERTEX_POINT('',#9186);
#9186 = CARTESIAN_POINT('',(-1.825082896099,-3.500002481868,
    7.999901493798E-02));
#9187 = LINE('',#9188,#9189);
#9188 = CARTESIAN_POINT('',(-1.825082896099,-3.500002481868,
    7.999901493798E-02));
#9189 = VECTOR('',#9190,1.);
#9190 = DIRECTION('',(-8.742277657348E-08,1.,-4.371138828674E-08));
#9191 = ORIENTED_EDGE('',*,*,#8966,.F.);
#9192 = ORIENTED_EDGE('',*,*,#8943,.F.);
#9193 = ORIENTED_EDGE('',*,*,#8911,.F.);
#9194 = ORIENTED_EDGE('',*,*,#8879,.F.);
#9195 = ORIENTED_EDGE('',*,*,#8848,.F.);
#9196 = ORIENTED_EDGE('',*,*,#8815,.F.);
#9197 = ORIENTED_EDGE('',*,*,#1372,.F.);
#9198 = ORIENTED_EDGE('',*,*,#8784,.F.);
#9199 = ORIENTED_EDGE('',*,*,#8762,.F.);
#9200 = ORIENTED_EDGE('',*,*,#8712,.F.);
#9201 = ORIENTED_EDGE('',*,*,#8672,.F.);
#9202 = ORIENTED_EDGE('',*,*,#9203,.F.);
#9203 = EDGE_CURVE('',#9185,#8673,#9204,.T.);
#9204 = LINE('',#9205,#9206);
#9205 = CARTESIAN_POINT('',(-1.825082896099,-3.500002481868,
    7.999901493798E-02));
#9206 = VECTOR('',#9207,1.);
#9207 = DIRECTION('',(-3.821370931908E-15,4.371138828674E-08,1.));
#9208 = PLANE('',#9209);
#9209 = AXIS2_PLACEMENT_3D('',#9210,#9211,#9212);
#9210 = CARTESIAN_POINT('',(-1.825083167109,-0.400002461324,
    0.549998879433));
#9211 = DIRECTION('',(1.,8.742277657348E-08,0.));
#9212 = DIRECTION('',(-8.742277657348E-08,1.,-4.371138828674E-08));
#9213 = ADVANCED_FACE('',(#9214),#9241,.F.);
#9214 = FACE_BOUND('',#9215,.T.);
#9215 = EDGE_LOOP('',(#9216,#9217,#9218,#9219,#9227,#9234,#9235));
#9216 = ORIENTED_EDGE('',*,*,#8345,.F.);
#9217 = ORIENTED_EDGE('',*,*,#8321,.F.);
#9218 = ORIENTED_EDGE('',*,*,#8263,.F.);
#9219 = ORIENTED_EDGE('',*,*,#9220,.T.);
#9220 = EDGE_CURVE('',#8264,#9221,#9223,.T.);
#9221 = VERTEX_POINT('',#9222);
#9222 = CARTESIAN_POINT('',(-1.825082954509,-2.831872452144,
    0.759998985733));
#9223 = LINE('',#9224,#9225);
#9224 = CARTESIAN_POINT('',(-1.825082954509,-2.831872453939,
    0.718956081411));
#9225 = VECTOR('',#9226,1.);
#9226 = DIRECTION('',(-3.821370931908E-15,4.371138828674E-08,1.));
#9227 = ORIENTED_EDGE('',*,*,#9228,.F.);
#9228 = EDGE_CURVE('',#9111,#9221,#9229,.T.);
#9229 = CIRCLE('',#9230,0.2);
#9230 = AXIS2_PLACEMENT_3D('',#9231,#9232,#9233);
#9231 = CARTESIAN_POINT('',(-1.825082937024,-3.031872452144,
    0.759998994475));
#9232 = DIRECTION('',(-1.,-8.742277657348E-08,-6.617444900424E-24));
#9233 = DIRECTION('',(-6.450207698107E-08,0.737817757674,0.674999967749)
  );
#9234 = ORIENTED_EDGE('',*,*,#9108,.F.);
#9235 = ORIENTED_EDGE('',*,*,#9236,.F.);
#9236 = EDGE_CURVE('',#8346,#9109,#9237,.T.);
#9237 = LINE('',#9238,#9239);
#9238 = CARTESIAN_POINT('',(-1.825082974779,-2.600002455643,
    0.679959975598));
#9239 = VECTOR('',#9240,1.);
#9240 = DIRECTION('',(-3.821370931908E-15,4.371138828674E-08,1.));
#9241 = PLANE('',#9242);
#9242 = AXIS2_PLACEMENT_3D('',#9243,#9244,#9245);
#9243 = CARTESIAN_POINT('',(-1.825083167109,-0.400002461324,
    0.549998879433));
#9244 = DIRECTION('',(1.,8.742277657348E-08,0.));
#9245 = DIRECTION('',(-8.742277657348E-08,1.,-4.371138828674E-08));
#9246 = ADVANCED_FACE('',(#9247),#9281,.F.);
#9247 = FACE_BOUND('',#9248,.T.);
#9248 = EDGE_LOOP('',(#9249,#9259,#9267,#9275));
#9249 = ORIENTED_EDGE('',*,*,#9250,.T.);
#9250 = EDGE_CURVE('',#9251,#9253,#9255,.T.);
#9251 = VERTEX_POINT('',#9252);
#9252 = CARTESIAN_POINT('',(-2.265083079687,-1.400002509188,
    0.334998923144));
#9253 = VERTEX_POINT('',#9254);
#9254 = CARTESIAN_POINT('',(-2.265083035975,-1.900002509188,0.334998945)
  );
#9255 = LINE('',#9256,#9257);
#9256 = CARTESIAN_POINT('',(-2.265083079687,-1.400002509188,
    0.334998923144));
#9257 = VECTOR('',#9258,1.);
#9258 = DIRECTION('',(8.742277657348E-08,-1.,4.371138828674E-08));
#9259 = ORIENTED_EDGE('',*,*,#9260,.F.);
#9260 = EDGE_CURVE('',#9261,#9253,#9263,.T.);
#9261 = VERTEX_POINT('',#9262);
#9262 = CARTESIAN_POINT('',(2.264916964025,-1.900002113163,0.334998945)
  );
#9263 = LINE('',#9264,#9265);
#9264 = CARTESIAN_POINT('',(2.264916964025,-1.900002113163,0.334998945)
  );
#9265 = VECTOR('',#9266,1.);
#9266 = DIRECTION('',(-1.,-8.742277657348E-08,0.));
#9267 = ORIENTED_EDGE('',*,*,#9268,.F.);
#9268 = EDGE_CURVE('',#9269,#9261,#9271,.T.);
#9269 = VERTEX_POINT('',#9270);
#9270 = CARTESIAN_POINT('',(2.264916920313,-1.400002113163,
    0.334998923144));
#9271 = LINE('',#9272,#9273);
#9272 = CARTESIAN_POINT('',(2.264916920313,-1.400002113163,
    0.334998923144));
#9273 = VECTOR('',#9274,1.);
#9274 = DIRECTION('',(8.742277657348E-08,-1.,4.371138828674E-08));
#9275 = ORIENTED_EDGE('',*,*,#9276,.F.);
#9276 = EDGE_CURVE('',#9251,#9269,#9277,.T.);
#9277 = LINE('',#9278,#9279);
#9278 = CARTESIAN_POINT('',(-2.265083079687,-1.400002509188,
    0.334998923144));
#9279 = VECTOR('',#9280,1.);
#9280 = DIRECTION('',(1.,8.742277657348E-08,0.));
#9281 = PLANE('',#9282);
#9282 = AXIS2_PLACEMENT_3D('',#9283,#9284,#9285);
#9283 = CARTESIAN_POINT('',(2.264916832891,-0.400002113163,
    0.334998879433));
#9284 = DIRECTION('',(3.821370931908E-15,-4.371138828674E-08,-1.));
#9285 = DIRECTION('',(8.742277657348E-08,-1.,4.371138828674E-08));
#9286 = ADVANCED_FACE('',(#9287),#9321,.T.);
#9287 = FACE_BOUND('',#9288,.T.);
#9288 = EDGE_LOOP('',(#9289,#9299,#9307,#9315));
#9289 = ORIENTED_EDGE('',*,*,#9290,.T.);
#9290 = EDGE_CURVE('',#9291,#9293,#9295,.T.);
#9291 = VERTEX_POINT('',#9292);
#9292 = CARTESIAN_POINT('',(1.674916860232,-0.712755658635,
    0.299998893104));
#9293 = VERTEX_POINT('',#9294);
#9294 = CARTESIAN_POINT('',(1.674916875092,-0.882734834097,0.38474578624
    ));
#9295 = LINE('',#9296,#9297);
#9296 = CARTESIAN_POINT('',(1.674916860232,-0.712755658635,
    0.299998893104));
#9297 = VECTOR('',#9298,1.);
#9298 = DIRECTION('',(7.823794035716E-08,-0.894937720165,0.446191076811)
  );
#9299 = ORIENTED_EDGE('',*,*,#9300,.T.);
#9300 = EDGE_CURVE('',#9293,#9301,#9303,.T.);
#9301 = VERTEX_POINT('',#9302);
#9302 = CARTESIAN_POINT('',(1.824916875092,-0.882734820984,0.38474578624
    ));
#9303 = LINE('',#9304,#9305);
#9304 = CARTESIAN_POINT('',(1.674916875092,-0.882734834097,0.38474578624
    ));
#9305 = VECTOR('',#9306,1.);
#9306 = DIRECTION('',(1.,8.742277657348E-08,0.));
#9307 = ORIENTED_EDGE('',*,*,#9308,.F.);
#9308 = EDGE_CURVE('',#9309,#9301,#9311,.T.);
#9309 = VERTEX_POINT('',#9310);
#9310 = CARTESIAN_POINT('',(1.824916860232,-0.712755645522,
    0.299998893104));
#9311 = LINE('',#9312,#9313);
#9312 = CARTESIAN_POINT('',(1.824916860232,-0.712755645522,
    0.299998893104));
#9313 = VECTOR('',#9314,1.);
#9314 = DIRECTION('',(7.823794035716E-08,-0.894937720165,0.446191076811)
  );
#9315 = ORIENTED_EDGE('',*,*,#9316,.F.);
#9316 = EDGE_CURVE('',#9291,#9309,#9317,.T.);
#9317 = LINE('',#9318,#9319);
#9318 = CARTESIAN_POINT('',(1.674916860232,-0.712755658635,
    0.299998893104));
#9319 = VECTOR('',#9320,1.);
#9320 = DIRECTION('',(1.,8.742277657348E-08,0.));
#9321 = PLANE('',#9322);
#9322 = AXIS2_PLACEMENT_3D('',#9323,#9324,#9325);
#9323 = CARTESIAN_POINT('',(1.674916860232,-0.712755658635,
    0.299998893104));
#9324 = DIRECTION('',(-3.900726281713E-08,0.446191076811,0.894937720165)
  );
#9325 = DIRECTION('',(-1.,-8.742277657348E-08,0.));
#9326 = ADVANCED_FACE('',(#9327),#9354,.T.);
#9327 = FACE_BOUND('',#9328,.T.);
#9328 = EDGE_LOOP('',(#9329,#9339,#9346,#9347));
#9329 = ORIENTED_EDGE('',*,*,#9330,.T.);
#9330 = EDGE_CURVE('',#9331,#9333,#9335,.T.);
#9331 = VERTEX_POINT('',#9332);
#9332 = CARTESIAN_POINT('',(1.674916877043,-0.905044385752,
    0.389998900232));
#9333 = VERTEX_POINT('',#9334);
#9334 = CARTESIAN_POINT('',(1.824916877043,-0.905044372639,
    0.389998900232));
#9335 = LINE('',#9336,#9337);
#9336 = CARTESIAN_POINT('',(1.674916877043,-0.905044385752,
    0.389998900232));
#9337 = VECTOR('',#9338,1.);
#9338 = DIRECTION('',(1.,8.742277657348E-08,0.));
#9339 = ORIENTED_EDGE('',*,*,#9340,.F.);
#9340 = EDGE_CURVE('',#9301,#9333,#9341,.T.);
#9341 = CIRCLE('',#9342,5.E-02);
#9342 = AXIS2_PLACEMENT_3D('',#9343,#9344,#9345);
#9343 = CARTESIAN_POINT('',(1.824916877043,-0.905044374824,
    0.339998900232));
#9344 = DIRECTION('',(1.,8.742277657348E-08,6.617444900424E-24));
#9345 = DIRECTION('',(-3.900726281713E-08,0.446191076811,0.894937720165)
  );
#9346 = ORIENTED_EDGE('',*,*,#9300,.F.);
#9347 = ORIENTED_EDGE('',*,*,#9348,.T.);
#9348 = EDGE_CURVE('',#9293,#9331,#9349,.T.);
#9349 = CIRCLE('',#9350,5.E-02);
#9350 = AXIS2_PLACEMENT_3D('',#9351,#9352,#9353);
#9351 = CARTESIAN_POINT('',(1.674916877043,-0.905044387938,
    0.339998900232));
#9352 = DIRECTION('',(1.,8.742277657348E-08,6.617444900424E-24));
#9353 = DIRECTION('',(-3.900726281713E-08,0.446191076811,0.894937720165)
  );
#9354 = CYLINDRICAL_SURFACE('',#9355,5.E-02);
#9355 = AXIS2_PLACEMENT_3D('',#9356,#9357,#9358);
#9356 = CARTESIAN_POINT('',(1.674916877043,-0.905044387938,
    0.339998900232));
#9357 = DIRECTION('',(1.,8.742277657348E-08,0.));
#9358 = DIRECTION('',(-3.821370931908E-15,4.371138828674E-08,1.));
#9359 = ADVANCED_FACE('',(#9360),#9385,.T.);
#9360 = FACE_BOUND('',#9361,.T.);
#9361 = EDGE_LOOP('',(#9362,#9372,#9378,#9379));
#9362 = ORIENTED_EDGE('',*,*,#9363,.T.);
#9363 = EDGE_CURVE('',#9364,#9366,#9368,.T.);
#9364 = VERTEX_POINT('',#9365);
#9365 = CARTESIAN_POINT('',(1.674916878374,-0.920265639019,
    0.389998900897));
#9366 = VERTEX_POINT('',#9367);
#9367 = CARTESIAN_POINT('',(1.824916878374,-0.920265625905,
    0.389998900897));
#9368 = LINE('',#9369,#9370);
#9369 = CARTESIAN_POINT('',(1.674916878374,-0.920265639019,
    0.389998900897));
#9370 = VECTOR('',#9371,1.);
#9371 = DIRECTION('',(1.,8.742277657348E-08,0.));
#9372 = ORIENTED_EDGE('',*,*,#9373,.F.);
#9373 = EDGE_CURVE('',#9333,#9366,#9374,.T.);
#9374 = LINE('',#9375,#9376);
#9375 = CARTESIAN_POINT('',(1.824916877043,-0.905044372639,
    0.389998900232));
#9376 = VECTOR('',#9377,1.);
#9377 = DIRECTION('',(8.742277657348E-08,-1.,4.371138828674E-08));
#9378 = ORIENTED_EDGE('',*,*,#9330,.F.);
#9379 = ORIENTED_EDGE('',*,*,#9380,.T.);
#9380 = EDGE_CURVE('',#9331,#9364,#9381,.T.);
#9381 = LINE('',#9382,#9383);
#9382 = CARTESIAN_POINT('',(1.674916877043,-0.905044385752,
    0.389998900232));
#9383 = VECTOR('',#9384,1.);
#9384 = DIRECTION('',(8.742277657348E-08,-1.,4.371138828674E-08));
#9385 = PLANE('',#9386);
#9386 = AXIS2_PLACEMENT_3D('',#9387,#9388,#9389);
#9387 = CARTESIAN_POINT('',(1.674916877043,-0.905044385752,
    0.389998900232));
#9388 = DIRECTION('',(-3.821370931908E-15,4.371138828674E-08,1.));
#9389 = DIRECTION('',(-1.,-8.742277657348E-08,0.));
#9390 = ADVANCED_FACE('',(#9391),#9418,.F.);
#9391 = FACE_BOUND('',#9392,.F.);
#9392 = EDGE_LOOP('',(#9393,#9402,#9403,#9412));
#9393 = ORIENTED_EDGE('',*,*,#9394,.F.);
#9394 = EDGE_CURVE('',#9364,#9395,#9397,.T.);
#9395 = VERTEX_POINT('',#9396);
#9396 = CARTESIAN_POINT('',(1.674916884084,-0.98559123167,0.32499971921)
  );
#9397 = CIRCLE('',#9398,6.5E-02);
#9398 = AXIS2_PLACEMENT_3D('',#9399,#9400,#9401);
#9399 = CARTESIAN_POINT('',(1.674916884056,-0.985265639019,
    0.389998903739));
#9400 = DIRECTION('',(-1.,-8.742277657348E-08,7.88860905221E-31));
#9401 = DIRECTION('',(-8.742277657348E-08,1.,-4.371138828674E-08));
#9402 = ORIENTED_EDGE('',*,*,#9363,.T.);
#9403 = ORIENTED_EDGE('',*,*,#9404,.T.);
#9404 = EDGE_CURVE('',#9366,#9405,#9407,.T.);
#9405 = VERTEX_POINT('',#9406);
#9406 = CARTESIAN_POINT('',(1.824916884084,-0.985591218557,0.32499971921
    ));
#9407 = CIRCLE('',#9408,6.5E-02);
#9408 = AXIS2_PLACEMENT_3D('',#9409,#9410,#9411);
#9409 = CARTESIAN_POINT('',(1.824916884056,-0.985265625905,
    0.389998903739));
#9410 = DIRECTION('',(-1.,-8.742277657348E-08,7.88860905221E-31));
#9411 = DIRECTION('',(-8.742277657348E-08,1.,-4.371138828674E-08));
#9412 = ORIENTED_EDGE('',*,*,#9413,.F.);
#9413 = EDGE_CURVE('',#9395,#9405,#9414,.T.);
#9414 = LINE('',#9415,#9416);
#9415 = CARTESIAN_POINT('',(1.674916884084,-0.98559123167,0.32499971921)
  );
#9416 = VECTOR('',#9417,1.);
#9417 = DIRECTION('',(1.,8.742277657348E-08,0.));
#9418 = CYLINDRICAL_SURFACE('',#9419,6.5E-02);
#9419 = AXIS2_PLACEMENT_3D('',#9420,#9421,#9422);
#9420 = CARTESIAN_POINT('',(1.674916884056,-0.985265639019,
    0.389998903739));
#9421 = DIRECTION('',(1.,8.742277657348E-08,0.));
#9422 = DIRECTION('',(-3.821370931908E-15,4.371138828674E-08,1.));
#9423 = ADVANCED_FACE('',(#9424),#9449,.T.);
#9424 = FACE_BOUND('',#9425,.T.);
#9425 = EDGE_LOOP('',(#9426,#9434,#9435,#9443));
#9426 = ORIENTED_EDGE('',*,*,#9427,.F.);
#9427 = EDGE_CURVE('',#9405,#9428,#9430,.T.);
#9428 = VERTEX_POINT('',#9429);
#9429 = CARTESIAN_POINT('',(1.824916911916,-1.303950972024,
    0.326594440698));
#9430 = LINE('',#9431,#9432);
#9431 = CARTESIAN_POINT('',(1.824916884084,-0.985591218557,0.32499971921
    ));
#9432 = VECTOR('',#9433,1.);
#9433 = DIRECTION('',(8.742167979277E-08,-0.999987454291,
    5.009117716882E-03));
#9434 = ORIENTED_EDGE('',*,*,#9413,.F.);
#9435 = ORIENTED_EDGE('',*,*,#9436,.T.);
#9436 = EDGE_CURVE('',#9395,#9437,#9439,.T.);
#9437 = VERTEX_POINT('',#9438);
#9438 = CARTESIAN_POINT('',(1.674916911916,-1.303950985137,
    0.326594440698));
#9439 = LINE('',#9440,#9441);
#9440 = CARTESIAN_POINT('',(1.674916884084,-0.98559123167,0.32499971921)
  );
#9441 = VECTOR('',#9442,1.);
#9442 = DIRECTION('',(8.742167979277E-08,-0.999987454291,
    5.009117716882E-03));
#9443 = ORIENTED_EDGE('',*,*,#9444,.T.);
#9444 = EDGE_CURVE('',#9437,#9428,#9445,.T.);
#9445 = LINE('',#9446,#9447);
#9446 = CARTESIAN_POINT('',(1.674916911916,-1.303950985137,
    0.326594440698));
#9447 = VECTOR('',#9448,1.);
#9448 = DIRECTION('',(1.,8.742277657348E-08,0.));
#9449 = PLANE('',#9450);
#9450 = AXIS2_PLACEMENT_3D('',#9451,#9452,#9453);
#9451 = CARTESIAN_POINT('',(1.674916884084,-0.98559123167,0.32499971921)
  );
#9452 = DIRECTION('',(-4.379109789932E-10,5.009117716882E-03,
    0.999987454291));
#9453 = DIRECTION('',(-1.,-8.742277657348E-08,0.));
#9454 = ADVANCED_FACE('',(#9455),#9580,.T.);
#9455 = FACE_BOUND('',#9456,.T.);
#9456 = EDGE_LOOP('',(#9457,#9467,#9473,#9474,#9482,#9488,#9489,#9490,
    #9491,#9497,#9498,#9499,#9500,#9506,#9507,#9508,#9509,#9515,#9516,
    #9517,#9518,#9524,#9525,#9526,#9527,#9533,#9534,#9535,#9536,#9544,
    #9550,#9551,#9559,#9567,#9573,#9574));
#9457 = ORIENTED_EDGE('',*,*,#9458,.F.);
#9458 = EDGE_CURVE('',#9459,#9461,#9463,.T.);
#9459 = VERTEX_POINT('',#9460);
#9460 = CARTESIAN_POINT('',(1.324916885344,-1.00000219687,0.29999890566)
  );
#9461 = VERTEX_POINT('',#9462);
#9462 = CARTESIAN_POINT('',(1.674916885344,-1.000002166272,0.29999890566
    ));
#9463 = LINE('',#9464,#9465);
#9464 = CARTESIAN_POINT('',(1.324916885344,-1.00000219687,0.29999890566)
  );
#9465 = VECTOR('',#9466,1.);
#9466 = DIRECTION('',(1.,8.742277657348E-08,0.));
#9467 = ORIENTED_EDGE('',*,*,#9468,.T.);
#9468 = EDGE_CURVE('',#9459,#3298,#9469,.T.);
#9469 = LINE('',#9470,#9471);
#9470 = CARTESIAN_POINT('',(1.324916885344,-1.00000219687,0.29999890566)
  );
#9471 = VECTOR('',#9472,1.);
#9472 = DIRECTION('',(8.709002045547E-08,-0.996193713686,
    8.716699382592E-02));
#9473 = ORIENTED_EDGE('',*,*,#3314,.F.);
#9474 = ORIENTED_EDGE('',*,*,#9475,.F.);
#9475 = EDGE_CURVE('',#9476,#3307,#9478,.T.);
#9476 = VERTEX_POINT('',#9477);
#9477 = CARTESIAN_POINT('',(1.174916885344,-1.000002209983,0.29999890566
    ));
#9478 = LINE('',#9479,#9480);
#9479 = CARTESIAN_POINT('',(1.174916885344,-1.000002209983,0.29999890566
    ));
#9480 = VECTOR('',#9481,1.);
#9481 = DIRECTION('',(8.709002045547E-08,-0.996193713686,
    8.716699382592E-02));
#9482 = ORIENTED_EDGE('',*,*,#9483,.F.);
#9483 = EDGE_CURVE('',#4068,#9476,#9484,.T.);
#9484 = LINE('',#9485,#9486);
#9485 = CARTESIAN_POINT('',(0.824916885344,-1.000002240581,0.29999890566
    ));
#9486 = VECTOR('',#9487,1.);
#9487 = DIRECTION('',(1.,8.742277657348E-08,0.));
#9488 = ORIENTED_EDGE('',*,*,#4067,.T.);
#9489 = ORIENTED_EDGE('',*,*,#3482,.F.);
#9490 = ORIENTED_EDGE('',*,*,#4204,.F.);
#9491 = ORIENTED_EDGE('',*,*,#9492,.F.);
#9492 = EDGE_CURVE('',#5055,#4205,#9493,.T.);
#9493 = LINE('',#9494,#9495);
#9494 = CARTESIAN_POINT('',(0.324916885344,-1.000002284293,0.29999890566
    ));
#9495 = VECTOR('',#9496,1.);
#9496 = DIRECTION('',(1.,8.742277657348E-08,0.));
#9497 = ORIENTED_EDGE('',*,*,#5054,.T.);
#9498 = ORIENTED_EDGE('',*,*,#4469,.F.);
#9499 = ORIENTED_EDGE('',*,*,#5191,.F.);
#9500 = ORIENTED_EDGE('',*,*,#9501,.F.);
#9501 = EDGE_CURVE('',#6042,#5192,#9502,.T.);
#9502 = LINE('',#9503,#9504);
#9503 = CARTESIAN_POINT('',(-0.175083114656,-1.000002328004,
    0.29999890566));
#9504 = VECTOR('',#9505,1.);
#9505 = DIRECTION('',(1.,8.742277657348E-08,0.));
#9506 = ORIENTED_EDGE('',*,*,#6041,.T.);
#9507 = ORIENTED_EDGE('',*,*,#5456,.F.);
#9508 = ORIENTED_EDGE('',*,*,#6178,.F.);
#9509 = ORIENTED_EDGE('',*,*,#9510,.F.);
#9510 = EDGE_CURVE('',#7029,#6179,#9511,.T.);
#9511 = LINE('',#9512,#9513);
#9512 = CARTESIAN_POINT('',(-0.675083114656,-1.000002371716,
    0.29999890566));
#9513 = VECTOR('',#9514,1.);
#9514 = DIRECTION('',(1.,8.742277657348E-08,0.));
#9515 = ORIENTED_EDGE('',*,*,#7028,.T.);
#9516 = ORIENTED_EDGE('',*,*,#6443,.F.);
#9517 = ORIENTED_EDGE('',*,*,#7165,.F.);
#9518 = ORIENTED_EDGE('',*,*,#9519,.F.);
#9519 = EDGE_CURVE('',#8007,#7166,#9520,.T.);
#9520 = LINE('',#9521,#9522);
#9521 = CARTESIAN_POINT('',(-1.175083114656,-1.000002415427,
    0.29999890566));
#9522 = VECTOR('',#9523,1.);
#9523 = DIRECTION('',(1.,8.742277657348E-08,0.));
#9524 = ORIENTED_EDGE('',*,*,#8006,.T.);
#9525 = ORIENTED_EDGE('',*,*,#7430,.F.);
#9526 = ORIENTED_EDGE('',*,*,#8185,.F.);
#9527 = ORIENTED_EDGE('',*,*,#9528,.F.);
#9528 = EDGE_CURVE('',#9036,#8186,#9529,.T.);
#9529 = LINE('',#9530,#9531);
#9530 = CARTESIAN_POINT('',(-1.675083114656,-1.000002459138,
    0.29999890566));
#9531 = VECTOR('',#9532,1.);
#9532 = DIRECTION('',(1.,8.742277657348E-08,0.));
#9533 = ORIENTED_EDGE('',*,*,#9035,.T.);
#9534 = ORIENTED_EDGE('',*,*,#8521,.F.);
#9535 = ORIENTED_EDGE('',*,*,#9139,.F.);
#9536 = ORIENTED_EDGE('',*,*,#9537,.F.);
#9537 = EDGE_CURVE('',#9538,#9140,#9540,.T.);
#9538 = VERTEX_POINT('',#9539);
#9539 = CARTESIAN_POINT('',(-2.265083114656,-1.000002510718,
    0.29999890566));
#9540 = LINE('',#9541,#9542);
#9541 = CARTESIAN_POINT('',(-2.265083114656,-1.000002510718,
    0.29999890566));
#9542 = VECTOR('',#9543,1.);
#9543 = DIRECTION('',(1.,8.742277657348E-08,0.));
#9544 = ORIENTED_EDGE('',*,*,#9545,.F.);
#9545 = EDGE_CURVE('',#9251,#9538,#9546,.T.);
#9546 = LINE('',#9547,#9548);
#9547 = CARTESIAN_POINT('',(-2.265083079687,-1.400002509188,
    0.334998923144));
#9548 = VECTOR('',#9549,1.);
#9549 = DIRECTION('',(-8.709002045547E-08,0.996193713686,
    -8.716699382592E-02));
#9550 = ORIENTED_EDGE('',*,*,#9276,.T.);
#9551 = ORIENTED_EDGE('',*,*,#9552,.F.);
#9552 = EDGE_CURVE('',#9553,#9269,#9555,.T.);
#9553 = VERTEX_POINT('',#9554);
#9554 = CARTESIAN_POINT('',(2.264916885344,-1.000002114693,0.29999890566
    ));
#9555 = LINE('',#9556,#9557);
#9556 = CARTESIAN_POINT('',(2.264916885344,-1.000002114693,0.29999890566
    ));
#9557 = VECTOR('',#9558,1.);
#9558 = DIRECTION('',(8.709002045547E-08,-0.996193713686,
    8.716699382592E-02));
#9559 = ORIENTED_EDGE('',*,*,#9560,.F.);
#9560 = EDGE_CURVE('',#9561,#9553,#9563,.T.);
#9561 = VERTEX_POINT('',#9562);
#9562 = CARTESIAN_POINT('',(1.824916885344,-1.000002153159,0.29999890566
    ));
#9563 = LINE('',#9564,#9565);
#9564 = CARTESIAN_POINT('',(1.824916885344,-1.000002153159,0.29999890566
    ));
#9565 = VECTOR('',#9566,1.);
#9566 = DIRECTION('',(1.,8.742277657348E-08,0.));
#9567 = ORIENTED_EDGE('',*,*,#9568,.T.);
#9568 = EDGE_CURVE('',#9561,#9428,#9569,.T.);
#9569 = LINE('',#9570,#9571);
#9570 = CARTESIAN_POINT('',(1.824916885344,-1.000002153159,0.29999890566
    ));
#9571 = VECTOR('',#9572,1.);
#9572 = DIRECTION('',(8.709002045547E-08,-0.996193713686,
    8.716699382592E-02));
#9573 = ORIENTED_EDGE('',*,*,#9444,.F.);
#9574 = ORIENTED_EDGE('',*,*,#9575,.F.);
#9575 = EDGE_CURVE('',#9461,#9437,#9576,.T.);
#9576 = LINE('',#9577,#9578);
#9577 = CARTESIAN_POINT('',(1.674916885344,-1.000002166272,0.29999890566
    ));
#9578 = VECTOR('',#9579,1.);
#9579 = DIRECTION('',(8.709002045547E-08,-0.996193713686,
    8.716699382592E-02));
#9580 = PLANE('',#9581);
#9581 = AXIS2_PLACEMENT_3D('',#9582,#9583,#9584);
#9582 = CARTESIAN_POINT('',(-8.309717114425E-05,-1.20000231194,
    0.317498914402));
#9583 = DIRECTION('',(-7.620380625825E-09,8.716699382592E-02,
    0.996193713686));
#9584 = DIRECTION('',(-1.,-8.742277657348E-08,0.));
#9585 = ADVANCED_FACE('',(#9586),#9663,.F.);
#9586 = FACE_BOUND('',#9587,.T.);
#9587 = EDGE_LOOP('',(#9588,#9589,#9595,#9596,#9604,#9612,#9618,#9619,
    #9620,#9621,#9622,#9623,#9624,#9625,#9626,#9627,#9628,#9629,#9630,
    #9631,#9632,#9633,#9634,#9635,#9636,#9637,#9638,#9639,#9640,#9641,
    #9642,#9643,#9649,#9650,#9656,#9657));
#9588 = ORIENTED_EDGE('',*,*,#9316,.T.);
#9589 = ORIENTED_EDGE('',*,*,#9590,.F.);
#9590 = EDGE_CURVE('',#9561,#9309,#9591,.T.);
#9591 = LINE('',#9592,#9593);
#9592 = CARTESIAN_POINT('',(1.824916885344,-1.000002153159,0.29999890566
    ));
#9593 = VECTOR('',#9594,1.);
#9594 = DIRECTION('',(-8.742277657348E-08,1.,-4.371138828674E-08));
#9595 = ORIENTED_EDGE('',*,*,#9560,.T.);
#9596 = ORIENTED_EDGE('',*,*,#9597,.F.);
#9597 = EDGE_CURVE('',#9598,#9553,#9600,.T.);
#9598 = VERTEX_POINT('',#9599);
#9599 = CARTESIAN_POINT('',(2.264916850375,-0.600002114693,
    0.299998888175));
#9600 = LINE('',#9601,#9602);
#9601 = CARTESIAN_POINT('',(2.264916850375,-0.600002114693,
    0.299998888175));
#9602 = VECTOR('',#9603,1.);
#9603 = DIRECTION('',(8.742277657348E-08,-1.,4.371138828674E-08));
#9604 = ORIENTED_EDGE('',*,*,#9605,.F.);
#9605 = EDGE_CURVE('',#9606,#9598,#9608,.T.);
#9606 = VERTEX_POINT('',#9607);
#9607 = CARTESIAN_POINT('',(-2.265083149625,-0.600002510718,
    0.299998888175));
#9608 = LINE('',#9609,#9610);
#9609 = CARTESIAN_POINT('',(-2.265083149625,-0.600002510718,
    0.299998888175));
#9610 = VECTOR('',#9611,1.);
#9611 = DIRECTION('',(1.,8.742277657348E-08,0.));
#9612 = ORIENTED_EDGE('',*,*,#9613,.T.);
#9613 = EDGE_CURVE('',#9606,#9538,#9614,.T.);
#9614 = LINE('',#9615,#9616);
#9615 = CARTESIAN_POINT('',(-2.265083149625,-0.600002510718,
    0.299998888175));
#9616 = VECTOR('',#9617,1.);
#9617 = DIRECTION('',(8.742277657348E-08,-1.,4.371138828674E-08));
#9618 = ORIENTED_EDGE('',*,*,#9537,.T.);
#9619 = ORIENTED_EDGE('',*,*,#9152,.T.);
#9620 = ORIENTED_EDGE('',*,*,#8393,.T.);
#9621 = ORIENTED_EDGE('',*,*,#9043,.F.);
#9622 = ORIENTED_EDGE('',*,*,#9528,.T.);
#9623 = ORIENTED_EDGE('',*,*,#8198,.T.);
#9624 = ORIENTED_EDGE('',*,*,#7302,.T.);
#9625 = ORIENTED_EDGE('',*,*,#8014,.F.);
#9626 = ORIENTED_EDGE('',*,*,#9519,.T.);
#9627 = ORIENTED_EDGE('',*,*,#7178,.T.);
#9628 = ORIENTED_EDGE('',*,*,#6315,.T.);
#9629 = ORIENTED_EDGE('',*,*,#7036,.F.);
#9630 = ORIENTED_EDGE('',*,*,#9510,.T.);
#9631 = ORIENTED_EDGE('',*,*,#6191,.T.);
#9632 = ORIENTED_EDGE('',*,*,#5328,.T.);
#9633 = ORIENTED_EDGE('',*,*,#6049,.F.);
#9634 = ORIENTED_EDGE('',*,*,#9501,.T.);
#9635 = ORIENTED_EDGE('',*,*,#5204,.T.);
#9636 = ORIENTED_EDGE('',*,*,#4341,.T.);
#9637 = ORIENTED_EDGE('',*,*,#5062,.F.);
#9638 = ORIENTED_EDGE('',*,*,#9492,.T.);
#9639 = ORIENTED_EDGE('',*,*,#4217,.T.);
#9640 = ORIENTED_EDGE('',*,*,#3354,.T.);
#9641 = ORIENTED_EDGE('',*,*,#4075,.F.);
#9642 = ORIENTED_EDGE('',*,*,#9483,.T.);
#9643 = ORIENTED_EDGE('',*,*,#9644,.T.);
#9644 = EDGE_CURVE('',#9476,#3161,#9645,.T.);
#9645 = LINE('',#9646,#9647);
#9646 = CARTESIAN_POINT('',(1.174916885344,-1.000002209983,0.29999890566
    ));
#9647 = VECTOR('',#9648,1.);
#9648 = DIRECTION('',(-8.742277657348E-08,1.,-4.371138828674E-08));
#9649 = ORIENTED_EDGE('',*,*,#3186,.T.);
#9650 = ORIENTED_EDGE('',*,*,#9651,.F.);
#9651 = EDGE_CURVE('',#9459,#3179,#9652,.T.);
#9652 = LINE('',#9653,#9654);
#9653 = CARTESIAN_POINT('',(1.324916885344,-1.00000219687,0.29999890566)
  );
#9654 = VECTOR('',#9655,1.);
#9655 = DIRECTION('',(-8.742277657348E-08,1.,-4.371138828674E-08));
#9656 = ORIENTED_EDGE('',*,*,#9458,.T.);
#9657 = ORIENTED_EDGE('',*,*,#9658,.T.);
#9658 = EDGE_CURVE('',#9461,#9291,#9659,.T.);
#9659 = LINE('',#9660,#9661);
#9660 = CARTESIAN_POINT('',(1.674916885344,-1.000002166272,0.29999890566
    ));
#9661 = VECTOR('',#9662,1.);
#9662 = DIRECTION('',(-8.742277657348E-08,1.,-4.371138828674E-08));
#9663 = PLANE('',#9664);
#9664 = AXIS2_PLACEMENT_3D('',#9665,#9666,#9667);
#9665 = CARTESIAN_POINT('',(2.264916832891,-0.400002114693,
    0.299998879433));
#9666 = DIRECTION('',(3.821370931908E-15,-4.371138828674E-08,-1.));
#9667 = DIRECTION('',(8.742277657348E-08,-1.,4.371138828674E-08));
#9668 = ADVANCED_FACE('',(#9669),#9694,.T.);
#9669 = FACE_BOUND('',#9670,.T.);
#9670 = EDGE_LOOP('',(#9671,#9679,#9687,#9693));
#9671 = ORIENTED_EDGE('',*,*,#9672,.T.);
#9672 = EDGE_CURVE('',#9598,#9673,#9675,.T.);
#9673 = VERTEX_POINT('',#9674);
#9674 = CARTESIAN_POINT('',(2.364916609589,-0.400002110321,
    0.199999102735));
#9675 = LINE('',#9676,#9677);
#9676 = CARTESIAN_POINT('',(2.264916850375,-0.600002114693,
    0.299998888175));
#9677 = VECTOR('',#9678,1.);
#9678 = DIRECTION('',(0.408247611332,0.816497206524,-0.408247718402));
#9679 = ORIENTED_EDGE('',*,*,#9680,.F.);
#9680 = EDGE_CURVE('',#9681,#9673,#9683,.T.);
#9681 = VERTEX_POINT('',#9682);
#9682 = CARTESIAN_POINT('',(-2.365082943807,-0.400002523831,
    0.199999102735));
#9683 = LINE('',#9684,#9685);
#9684 = CARTESIAN_POINT('',(-2.365082943807,-0.400002523831,
    0.199999102735));
#9685 = VECTOR('',#9686,1.);
#9686 = DIRECTION('',(1.,8.742277657348E-08,0.));
#9687 = ORIENTED_EDGE('',*,*,#9688,.T.);
#9688 = EDGE_CURVE('',#9681,#9606,#9689,.T.);
#9689 = LINE('',#9690,#9691);
#9690 = CARTESIAN_POINT('',(-2.365082943807,-0.400002523831,
    0.199999102735));
#9691 = VECTOR('',#9692,1.);
#9692 = DIRECTION('',(0.408247754092,-0.816497135144,0.408247718402));
#9693 = ORIENTED_EDGE('',*,*,#9605,.T.);
#9694 = PLANE('',#9695);
#9695 = AXIS2_PLACEMENT_3D('',#9696,#9697,#9698);
#9696 = CARTESIAN_POINT('',(-8.31583670876E-05,-0.500002314891,
    0.249998995455));
#9697 = DIRECTION('',(-3.909658781501E-08,0.447212835686,0.894427570906)
  );
#9698 = DIRECTION('',(-1.,-8.742277657348E-08,0.));
#9699 = ADVANCED_FACE('',(#9700),#9734,.T.);
#9700 = FACE_BOUND('',#9701,.T.);
#9701 = EDGE_LOOP('',(#9702,#9712,#9720,#9728));
#9702 = ORIENTED_EDGE('',*,*,#9703,.F.);
#9703 = EDGE_CURVE('',#9704,#9706,#9708,.T.);
#9704 = VERTEX_POINT('',#9705);
#9705 = CARTESIAN_POINT('',(-2.265083149625,-0.600002487769,
    0.824998888175));
#9706 = VERTEX_POINT('',#9707);
#9707 = CARTESIAN_POINT('',(2.264916850375,-0.600002091744,
    0.824998888175));
#9708 = LINE('',#9709,#9710);
#9709 = CARTESIAN_POINT('',(-2.265083149625,-0.600002487769,
    0.824998888175));
#9710 = VECTOR('',#9711,1.);
#9711 = DIRECTION('',(1.,8.742277657348E-08,0.));
#9712 = ORIENTED_EDGE('',*,*,#9713,.T.);
#9713 = EDGE_CURVE('',#9704,#9714,#9716,.T.);
#9714 = VERTEX_POINT('',#9715);
#9715 = CARTESIAN_POINT('',(-2.265083149625,-0.600002477934,
    1.049998888175));
#9716 = LINE('',#9717,#9718);
#9717 = CARTESIAN_POINT('',(-2.265083149625,-0.600002487769,
    0.824998888175));
#9718 = VECTOR('',#9719,1.);
#9719 = DIRECTION('',(-3.821370931908E-15,4.371138828674E-08,1.));
#9720 = ORIENTED_EDGE('',*,*,#9721,.F.);
#9721 = EDGE_CURVE('',#9722,#9714,#9724,.T.);
#9722 = VERTEX_POINT('',#9723);
#9723 = CARTESIAN_POINT('',(2.264916850375,-0.600002081909,
    1.049998888175));
#9724 = LINE('',#9725,#9726);
#9725 = CARTESIAN_POINT('',(2.264916850375,-0.600002081909,
    1.049998888175));
#9726 = VECTOR('',#9727,1.);
#9727 = DIRECTION('',(-1.,-8.742277657348E-08,0.));
#9728 = ORIENTED_EDGE('',*,*,#9729,.T.);
#9729 = EDGE_CURVE('',#9722,#9706,#9730,.T.);
#9730 = LINE('',#9731,#9732);
#9731 = CARTESIAN_POINT('',(2.264916850375,-0.600002081909,
    1.049998888175));
#9732 = VECTOR('',#9733,1.);
#9733 = DIRECTION('',(3.821370931908E-15,-4.371138828674E-08,-1.));
#9734 = PLANE('',#9735);
#9735 = AXIS2_PLACEMENT_3D('',#9736,#9737,#9738);
#9736 = CARTESIAN_POINT('',(-8.314962481109E-05,-0.600002301777,
    0.549998888175));
#9737 = DIRECTION('',(-8.742277657348E-08,1.,-4.371138828674E-08));
#9738 = DIRECTION('',(-1.,-8.742277657348E-08,0.));
#9739 = ADVANCED_FACE('',(#9740),#9764,.T.);
#9740 = FACE_BOUND('',#9741,.T.);
#9741 = EDGE_LOOP('',(#9742,#9748,#9749,#9757,#9763));
#9742 = ORIENTED_EDGE('',*,*,#9743,.T.);
#9743 = EDGE_CURVE('',#9704,#9606,#9744,.T.);
#9744 = LINE('',#9745,#9746);
#9745 = CARTESIAN_POINT('',(-2.265083149625,-0.600002487769,
    0.824998888175));
#9746 = VECTOR('',#9747,1.);
#9747 = DIRECTION('',(3.821370931908E-15,-4.371138828674E-08,-1.));
#9748 = ORIENTED_EDGE('',*,*,#9688,.F.);
#9749 = ORIENTED_EDGE('',*,*,#9750,.T.);
#9750 = EDGE_CURVE('',#9681,#9751,#9753,.T.);
#9751 = VERTEX_POINT('',#9752);
#9752 = CARTESIAN_POINT('',(-2.365082943807,-0.400002486676,
    1.049998879433));
#9753 = LINE('',#9754,#9755);
#9754 = CARTESIAN_POINT('',(-2.365082943807,-0.400002523831,
    0.199999102735));
#9755 = VECTOR('',#9756,1.);
#9756 = DIRECTION('',(-3.821370931908E-15,4.371138828674E-08,1.));
#9757 = ORIENTED_EDGE('',*,*,#9758,.F.);
#9758 = EDGE_CURVE('',#9714,#9751,#9759,.T.);
#9759 = LINE('',#9760,#9761);
#9760 = CARTESIAN_POINT('',(-2.265083149625,-0.600002477934,
    1.049998888175));
#9761 = VECTOR('',#9762,1.);
#9762 = DIRECTION('',(-0.447212874783,0.894427551358,-3.909667170073E-08
    ));
#9763 = ORIENTED_EDGE('',*,*,#9713,.F.);
#9764 = PLANE('',#9765);
#9765 = AXIS2_PLACEMENT_3D('',#9766,#9767,#9768);
#9766 = CARTESIAN_POINT('',(-2.315083046716,-0.500002498697,
    0.674998883804));
#9767 = DIRECTION('',(0.894427551358,0.447212874783,-1.954829219854E-08)
  );
#9768 = DIRECTION('',(-3.821370931908E-15,4.371138828674E-08,1.));
#9769 = ADVANCED_FACE('',(#9770),#9807,.F.);
#9770 = FACE_BOUND('',#9771,.T.);
#9771 = EDGE_LOOP('',(#9772,#9780,#9781,#9782,#9783,#9784,#9792,#9801));
#9772 = ORIENTED_EDGE('',*,*,#9773,.F.);
#9773 = EDGE_CURVE('',#9253,#9774,#9776,.T.);
#9774 = VERTEX_POINT('',#9775);
#9775 = CARTESIAN_POINT('',(-2.265083035975,-1.90000249214,0.724998945)
  );
#9776 = LINE('',#9777,#9778);
#9777 = CARTESIAN_POINT('',(-2.265083035975,-1.900002509188,0.334998945)
  );
#9778 = VECTOR('',#9779,1.);
#9779 = DIRECTION('',(-3.821370931908E-15,4.371138828674E-08,1.));
#9780 = ORIENTED_EDGE('',*,*,#9250,.F.);
#9781 = ORIENTED_EDGE('',*,*,#9545,.T.);
#9782 = ORIENTED_EDGE('',*,*,#9613,.F.);
#9783 = ORIENTED_EDGE('',*,*,#9743,.F.);
#9784 = ORIENTED_EDGE('',*,*,#9785,.T.);
#9785 = EDGE_CURVE('',#9704,#9786,#9788,.T.);
#9786 = VERTEX_POINT('',#9787);
#9787 = CARTESIAN_POINT('',(-2.265083143443,-0.670713168979,
    0.754288213147));
#9788 = LINE('',#9789,#9790);
#9789 = CARTESIAN_POINT('',(-2.265083149625,-0.600002487769,
    0.824998888175));
#9790 = VECTOR('',#9791,1.);
#9791 = DIRECTION('',(6.181724084738E-08,-0.707106812095,-0.707106750278
    ));
#9792 = ORIENTED_EDGE('',*,*,#9793,.T.);
#9793 = EDGE_CURVE('',#9786,#9794,#9796,.T.);
#9794 = VERTEX_POINT('',#9795);
#9795 = CARTESIAN_POINT('',(-2.265083137261,-0.741423848378,
    0.724998894357));
#9796 = CIRCLE('',#9797,0.1);
#9797 = AXIS2_PLACEMENT_3D('',#9798,#9799,#9800);
#9798 = CARTESIAN_POINT('',(-2.265083137261,-0.741423844007,
    0.824998894357));
#9799 = DIRECTION('',(-1.,-8.742277657348E-08,-6.617444900424E-24));
#9800 = DIRECTION('',(-6.181723544314E-08,0.707106750278,-0.707106812095
    ));
#9801 = ORIENTED_EDGE('',*,*,#9802,.T.);
#9802 = EDGE_CURVE('',#9794,#9774,#9803,.T.);
#9803 = LINE('',#9804,#9805);
#9804 = CARTESIAN_POINT('',(-2.265083137261,-0.741423848378,
    0.724998894357));
#9805 = VECTOR('',#9806,1.);
#9806 = DIRECTION('',(8.742277657348E-08,-1.,4.371138828674E-08));
#9807 = PLANE('',#9808);
#9808 = AXIS2_PLACEMENT_3D('',#9809,#9810,#9811);
#9809 = CARTESIAN_POINT('',(-2.265083167109,-0.400002509188,
    0.334998879433));
#9810 = DIRECTION('',(-1.,-8.742277657348E-08,0.));
#9811 = DIRECTION('',(-3.821370931908E-15,4.371138828674E-08,1.));
#9812 = ADVANCED_FACE('',(#9813),#9831,.T.);
#9813 = FACE_BOUND('',#9814,.T.);
#9814 = EDGE_LOOP('',(#9815,#9816,#9817,#9825));
#9815 = ORIENTED_EDGE('',*,*,#9260,.T.);
#9816 = ORIENTED_EDGE('',*,*,#9773,.T.);
#9817 = ORIENTED_EDGE('',*,*,#9818,.T.);
#9818 = EDGE_CURVE('',#9774,#9819,#9821,.T.);
#9819 = VERTEX_POINT('',#9820);
#9820 = CARTESIAN_POINT('',(2.264916964025,-1.900002096115,0.724998945)
  );
#9821 = LINE('',#9822,#9823);
#9822 = CARTESIAN_POINT('',(-2.265083035975,-1.90000249214,0.724998945)
  );
#9823 = VECTOR('',#9824,1.);
#9824 = DIRECTION('',(1.,8.742277657348E-08,0.));
#9825 = ORIENTED_EDGE('',*,*,#9826,.T.);
#9826 = EDGE_CURVE('',#9819,#9261,#9827,.T.);
#9827 = LINE('',#9828,#9829);
#9828 = CARTESIAN_POINT('',(2.264916964025,-1.900002096115,0.724998945)
  );
#9829 = VECTOR('',#9830,1.);
#9830 = DIRECTION('',(3.821370931908E-15,-4.371138828674E-08,-1.));
#9831 = PLANE('',#9832);
#9832 = AXIS2_PLACEMENT_3D('',#9833,#9834,#9835);
#9833 = CARTESIAN_POINT('',(-8.303597520154E-05,-1.900002301777,
    0.549998945));
#9834 = DIRECTION('',(-8.742277657348E-08,1.,-4.371138828674E-08));
#9835 = DIRECTION('',(-1.,-8.742277657348E-08,0.));
#9836 = ADVANCED_FACE('',(#9837),#9872,.F.);
#9837 = FACE_BOUND('',#9838,.T.);
#9838 = EDGE_LOOP('',(#9839,#9845,#9846,#9847,#9848,#9849,#9857,#9866));
#9839 = ORIENTED_EDGE('',*,*,#9840,.F.);
#9840 = EDGE_CURVE('',#9598,#9706,#9841,.T.);
#9841 = LINE('',#9842,#9843);
#9842 = CARTESIAN_POINT('',(2.264916850375,-0.600002114693,
    0.299998888175));
#9843 = VECTOR('',#9844,1.);
#9844 = DIRECTION('',(-3.821370931908E-15,4.371138828674E-08,1.));
#9845 = ORIENTED_EDGE('',*,*,#9597,.T.);
#9846 = ORIENTED_EDGE('',*,*,#9552,.T.);
#9847 = ORIENTED_EDGE('',*,*,#9268,.T.);
#9848 = ORIENTED_EDGE('',*,*,#9826,.F.);
#9849 = ORIENTED_EDGE('',*,*,#9850,.F.);
#9850 = EDGE_CURVE('',#9851,#9819,#9853,.T.);
#9851 = VERTEX_POINT('',#9852);
#9852 = CARTESIAN_POINT('',(2.264916862739,-0.741423452353,
    0.724998894357));
#9853 = LINE('',#9854,#9855);
#9854 = CARTESIAN_POINT('',(2.264916862739,-0.741423452353,
    0.724998894357));
#9855 = VECTOR('',#9856,1.);
#9856 = DIRECTION('',(8.742277657348E-08,-1.,4.371138828674E-08));
#9857 = ORIENTED_EDGE('',*,*,#9858,.T.);
#9858 = EDGE_CURVE('',#9851,#9859,#9861,.T.);
#9859 = VERTEX_POINT('',#9860);
#9860 = CARTESIAN_POINT('',(2.264916856557,-0.670712772954,
    0.754288213147));
#9861 = CIRCLE('',#9862,1.E-01);
#9862 = AXIS2_PLACEMENT_3D('',#9863,#9864,#9865);
#9863 = CARTESIAN_POINT('',(2.264916862739,-0.741423447981,
    0.824998894357));
#9864 = DIRECTION('',(1.,8.742277657348E-08,-7.88860905221E-31));
#9865 = DIRECTION('',(3.821370931908E-15,-4.371138828674E-08,-1.));
#9866 = ORIENTED_EDGE('',*,*,#9867,.T.);
#9867 = EDGE_CURVE('',#9859,#9706,#9868,.T.);
#9868 = LINE('',#9869,#9870);
#9869 = CARTESIAN_POINT('',(2.264916856557,-0.670712772954,
    0.754288213147));
#9870 = VECTOR('',#9871,1.);
#9871 = DIRECTION('',(-6.181724084738E-08,0.707106812095,0.707106750278)
  );
#9872 = PLANE('',#9873);
#9873 = AXIS2_PLACEMENT_3D('',#9874,#9875,#9876);
#9874 = CARTESIAN_POINT('',(2.264916832891,-0.400002096115,
    0.724998879433));
#9875 = DIRECTION('',(1.,8.742277657348E-08,0.));
#9876 = DIRECTION('',(-8.742277657348E-08,1.,-4.371138828674E-08));
#9877 = ADVANCED_FACE('',(#9878),#9889,.T.);
#9878 = FACE_BOUND('',#9879,.T.);
#9879 = EDGE_LOOP('',(#9880,#9881,#9882,#9883));
#9880 = ORIENTED_EDGE('',*,*,#9785,.F.);
#9881 = ORIENTED_EDGE('',*,*,#9703,.T.);
#9882 = ORIENTED_EDGE('',*,*,#9867,.F.);
#9883 = ORIENTED_EDGE('',*,*,#9884,.F.);
#9884 = EDGE_CURVE('',#9786,#9859,#9885,.T.);
#9885 = LINE('',#9886,#9887);
#9886 = CARTESIAN_POINT('',(-2.265083143443,-0.670713168979,
    0.754288213147));
#9887 = VECTOR('',#9888,1.);
#9888 = DIRECTION('',(1.,8.742277657348E-08,0.));
#9889 = PLANE('',#9890);
#9890 = AXIS2_PLACEMENT_3D('',#9891,#9892,#9893);
#9891 = CARTESIAN_POINT('',(-8.314525367312E-05,-0.650002291942,
    0.774998890361));
#9892 = DIRECTION('',(-6.181723544314E-08,0.707106750278,-0.707106812095
    ));
#9893 = DIRECTION('',(1.,8.742277657348E-08,0.));
#9894 = ADVANCED_FACE('',(#9895),#9906,.T.);
#9895 = FACE_BOUND('',#9896,.T.);
#9896 = EDGE_LOOP('',(#9897,#9898,#9904,#9905));
#9897 = ORIENTED_EDGE('',*,*,#9858,.F.);
#9898 = ORIENTED_EDGE('',*,*,#9899,.F.);
#9899 = EDGE_CURVE('',#9794,#9851,#9900,.T.);
#9900 = LINE('',#9901,#9902);
#9901 = CARTESIAN_POINT('',(-2.265083137261,-0.741423848378,
    0.724998894357));
#9902 = VECTOR('',#9903,1.);
#9903 = DIRECTION('',(1.,8.742277657348E-08,0.));
#9904 = ORIENTED_EDGE('',*,*,#9793,.F.);
#9905 = ORIENTED_EDGE('',*,*,#9884,.T.);
#9906 = CYLINDRICAL_SURFACE('',#9907,1.E-01);
#9907 = AXIS2_PLACEMENT_3D('',#9908,#9909,#9910);
#9908 = CARTESIAN_POINT('',(-10.82168313726,-0.741424592048,
    0.824998894357));
#9909 = DIRECTION('',(1.,8.742277657348E-08,0.));
#9910 = DIRECTION('',(3.821370931908E-15,-4.371138828674E-08,-1.));
#9911 = ADVANCED_FACE('',(#9912,#9928,#9944,#9950,#9956,#9962,#9968,
    #9974,#9980),#9986,.F.);
#9912 = FACE_BOUND('',#9913,.T.);
#9913 = EDGE_LOOP('',(#9914,#9915,#9921,#9922));
#9914 = ORIENTED_EDGE('',*,*,#2886,.T.);
#9915 = ORIENTED_EDGE('',*,*,#9916,.T.);
#9916 = EDGE_CURVE('',#2889,#2993,#9917,.T.);
#9917 = LINE('',#9918,#9919);
#9918 = CARTESIAN_POINT('',(1.824916879245,-0.930229876435,0.72499890261
    ));
#9919 = VECTOR('',#9920,1.);
#9920 = DIRECTION('',(-8.742277657348E-08,1.,-4.371138828674E-08));
#9921 = ORIENTED_EDGE('',*,*,#3009,.F.);
#9922 = ORIENTED_EDGE('',*,*,#9923,.F.);
#9923 = EDGE_CURVE('',#2887,#3002,#9924,.T.);
#9924 = LINE('',#9925,#9926);
#9925 = CARTESIAN_POINT('',(1.674916879245,-0.930229889549,0.72499890261
    ));
#9926 = VECTOR('',#9927,1.);
#9927 = DIRECTION('',(-8.742277657348E-08,1.,-4.371138828674E-08));
#9928 = FACE_BOUND('',#9929,.T.);
#9929 = EDGE_LOOP('',(#9930,#9931,#9937,#9938));
#9930 = ORIENTED_EDGE('',*,*,#3023,.T.);
#9931 = ORIENTED_EDGE('',*,*,#9932,.T.);
#9932 = EDGE_CURVE('',#3026,#3130,#9933,.T.);
#9933 = LINE('',#9934,#9935);
#9934 = CARTESIAN_POINT('',(1.324916879245,-0.930229920147,0.72499890261
    ));
#9935 = VECTOR('',#9936,1.);
#9936 = DIRECTION('',(-8.742277657348E-08,1.,-4.371138828674E-08));
#9937 = ORIENTED_EDGE('',*,*,#3146,.F.);
#9938 = ORIENTED_EDGE('',*,*,#9939,.F.);
#9939 = EDGE_CURVE('',#3024,#3139,#9940,.T.);
#9940 = LINE('',#9941,#9942);
#9941 = CARTESIAN_POINT('',(1.174916879245,-0.93022993326,0.72499890261)
  );
#9942 = VECTOR('',#9943,1.);
#9943 = DIRECTION('',(-8.742277657348E-08,1.,-4.371138828674E-08));
#9944 = FACE_BOUND('',#9945,.T.);
#9945 = EDGE_LOOP('',(#9946,#9947,#9948,#9949));
#9946 = ORIENTED_EDGE('',*,*,#3496,.T.);
#9947 = ORIENTED_EDGE('',*,*,#4093,.T.);
#9948 = ORIENTED_EDGE('',*,*,#3619,.F.);
#9949 = ORIENTED_EDGE('',*,*,#4235,.F.);
#9950 = FACE_BOUND('',#9951,.T.);
#9951 = EDGE_LOOP('',(#9952,#9953,#9954,#9955));
#9952 = ORIENTED_EDGE('',*,*,#4483,.T.);
#9953 = ORIENTED_EDGE('',*,*,#5080,.T.);
#9954 = ORIENTED_EDGE('',*,*,#4606,.F.);
#9955 = ORIENTED_EDGE('',*,*,#5222,.F.);
#9956 = FACE_BOUND('',#9957,.T.);
#9957 = EDGE_LOOP('',(#9958,#9959,#9960,#9961));
#9958 = ORIENTED_EDGE('',*,*,#5470,.T.);
#9959 = ORIENTED_EDGE('',*,*,#6067,.T.);
#9960 = ORIENTED_EDGE('',*,*,#5593,.F.);
#9961 = ORIENTED_EDGE('',*,*,#6209,.F.);
#9962 = FACE_BOUND('',#9963,.T.);
#9963 = EDGE_LOOP('',(#9964,#9965,#9966,#9967));
#9964 = ORIENTED_EDGE('',*,*,#6457,.T.);
#9965 = ORIENTED_EDGE('',*,*,#7054,.T.);
#9966 = ORIENTED_EDGE('',*,*,#6580,.F.);
#9967 = ORIENTED_EDGE('',*,*,#7196,.F.);
#9968 = FACE_BOUND('',#9969,.T.);
#9969 = EDGE_LOOP('',(#9970,#9971,#9972,#9973));
#9970 = ORIENTED_EDGE('',*,*,#7444,.T.);
#9971 = ORIENTED_EDGE('',*,*,#8032,.T.);
#9972 = ORIENTED_EDGE('',*,*,#7567,.F.);
#9973 = ORIENTED_EDGE('',*,*,#8216,.F.);
#9974 = FACE_BOUND('',#9975,.T.);
#9975 = EDGE_LOOP('',(#9976,#9977,#9978,#9979));
#9976 = ORIENTED_EDGE('',*,*,#8535,.T.);
#9977 = ORIENTED_EDGE('',*,*,#9061,.T.);
#9978 = ORIENTED_EDGE('',*,*,#8658,.F.);
#9979 = ORIENTED_EDGE('',*,*,#9170,.F.);
#9980 = FACE_BOUND('',#9981,.T.);
#9981 = EDGE_LOOP('',(#9982,#9983,#9984,#9985));
#9982 = ORIENTED_EDGE('',*,*,#9850,.T.);
#9983 = ORIENTED_EDGE('',*,*,#9818,.F.);
#9984 = ORIENTED_EDGE('',*,*,#9802,.F.);
#9985 = ORIENTED_EDGE('',*,*,#9899,.T.);
#9986 = PLANE('',#9987);
#9987 = AXIS2_PLACEMENT_3D('',#9988,#9989,#9990);
#9988 = CARTESIAN_POINT('',(-2.265083167109,-0.40000249214,
    0.724998879433));
#9989 = DIRECTION('',(-3.821370931908E-15,4.371138828674E-08,1.));
#9990 = DIRECTION('',(-1.,-8.742277657348E-08,0.));
#9991 = ADVANCED_FACE('',(#9992),#10026,.T.);
#9992 = FACE_BOUND('',#9993,.T.);
#9993 = EDGE_LOOP('',(#9994,#10004,#10012,#10020));
#9994 = ORIENTED_EDGE('',*,*,#9995,.F.);
#9995 = EDGE_CURVE('',#9996,#9998,#10000,.T.);
#9996 = VERTEX_POINT('',#9997);
#9997 = CARTESIAN_POINT('',(1.324917028963,-2.642808328277,
    0.679959977469));
#9998 = VERTEX_POINT('',#9999);
#9999 = CARTESIAN_POINT('',(1.324917025221,-2.600002180261,
    0.679959975598));
#10000 = LINE('',#10001,#10002);
#10001 = CARTESIAN_POINT('',(1.324917028963,-2.642808328277,
    0.679959977469));
#10002 = VECTOR('',#10003,1.);
#10003 = DIRECTION('',(-8.742277657348E-08,1.,-4.371138828674E-08));
#10004 = ORIENTED_EDGE('',*,*,#10005,.F.);
#10005 = EDGE_CURVE('',#10006,#9996,#10008,.T.);
#10006 = VERTEX_POINT('',#10007);
#10007 = CARTESIAN_POINT('',(1.174917028963,-2.642808341391,
    0.679959977469));
#10008 = LINE('',#10009,#10010);
#10009 = CARTESIAN_POINT('',(1.174917028963,-2.642808341391,
    0.679959977469));
#10010 = VECTOR('',#10011,1.);
#10011 = DIRECTION('',(1.,8.742277657348E-08,0.));
#10012 = ORIENTED_EDGE('',*,*,#10013,.T.);
#10013 = EDGE_CURVE('',#10006,#10014,#10016,.T.);
#10014 = VERTEX_POINT('',#10015);
#10015 = CARTESIAN_POINT('',(1.174917025221,-2.600002193375,
    0.679959975598));
#10016 = LINE('',#10017,#10018);
#10017 = CARTESIAN_POINT('',(1.174917028963,-2.642808341391,
    0.679959977469));
#10018 = VECTOR('',#10019,1.);
#10019 = DIRECTION('',(-8.742277657348E-08,1.,-4.371138828674E-08));
#10020 = ORIENTED_EDGE('',*,*,#10021,.T.);
#10021 = EDGE_CURVE('',#10014,#9998,#10022,.T.);
#10022 = LINE('',#10023,#10024);
#10023 = CARTESIAN_POINT('',(1.174917025221,-2.600002193375,
    0.679959975598));
#10024 = VECTOR('',#10025,1.);
#10025 = DIRECTION('',(1.,8.742277657348E-08,0.));
#10026 = PLANE('',#10027);
#10027 = AXIS2_PLACEMENT_3D('',#10028,#10029,#10030);
#10028 = CARTESIAN_POINT('',(1.174917028963,-2.642808341391,
    0.679959977469));
#10029 = DIRECTION('',(3.821370931908E-15,-4.371138828674E-08,-1.));
#10030 = DIRECTION('',(8.742277657348E-08,-1.,4.371138828674E-08));
#10031 = ADVANCED_FACE('',(#10032),#10059,.T.);
#10032 = FACE_BOUND('',#10033,.T.);
#10033 = EDGE_LOOP('',(#10034,#10035,#10044,#10052));
#10034 = ORIENTED_EDGE('',*,*,#10005,.T.);
#10035 = ORIENTED_EDGE('',*,*,#10036,.F.);
#10036 = EDGE_CURVE('',#10037,#9996,#10039,.T.);
#10037 = VERTEX_POINT('',#10038);
#10038 = CARTESIAN_POINT('',(1.324917032964,-2.688580448746,
    0.685268138432));
#10039 = CIRCLE('',#10040,0.2);
#10040 = AXIS2_PLACEMENT_3D('',#10041,#10042,#10043);
#10041 = CARTESIAN_POINT('',(1.324917028963,-2.642808319535,
    0.879959977469));
#10042 = DIRECTION('',(1.,8.742277657348E-08,-3.308722450212E-24));
#10043 = DIRECTION('',(2.000763312681E-08,-0.228860646058,
    -0.973459195183));
#10044 = ORIENTED_EDGE('',*,*,#10045,.F.);
#10045 = EDGE_CURVE('',#10046,#10037,#10048,.T.);
#10046 = VERTEX_POINT('',#10047);
#10047 = CARTESIAN_POINT('',(1.174917032964,-2.68858046186,
    0.685268138432));
#10048 = LINE('',#10049,#10050);
#10049 = CARTESIAN_POINT('',(1.174917032964,-2.68858046186,
    0.685268138432));
#10050 = VECTOR('',#10051,1.);
#10051 = DIRECTION('',(1.,8.742277657348E-08,0.));
#10052 = ORIENTED_EDGE('',*,*,#10053,.T.);
#10053 = EDGE_CURVE('',#10046,#10006,#10054,.T.);
#10054 = CIRCLE('',#10055,0.2);
#10055 = AXIS2_PLACEMENT_3D('',#10056,#10057,#10058);
#10056 = CARTESIAN_POINT('',(1.174917028963,-2.642808332649,
    0.879959977469));
#10057 = DIRECTION('',(1.,8.742277657348E-08,-3.308722450212E-24));
#10058 = DIRECTION('',(2.000763312681E-08,-0.228860646058,
    -0.973459195183));
#10059 = CYLINDRICAL_SURFACE('',#10060,0.2);
#10060 = AXIS2_PLACEMENT_3D('',#10061,#10062,#10063);
#10061 = CARTESIAN_POINT('',(1.174917028963,-2.642808332649,
    0.879959977469));
#10062 = DIRECTION('',(1.,8.742277657348E-08,0.));
#10063 = DIRECTION('',(-3.821370931908E-15,4.371138828674E-08,1.));
#10064 = ADVANCED_FACE('',(#10065),#10090,.T.);
#10065 = FACE_BOUND('',#10066,.T.);
#10066 = EDGE_LOOP('',(#10067,#10075,#10076,#10084));
#10067 = ORIENTED_EDGE('',*,*,#10068,.T.);
#10068 = EDGE_CURVE('',#10069,#10046,#10071,.T.);
#10069 = VERTEX_POINT('',#10070);
#10070 = CARTESIAN_POINT('',(1.174917045491,-2.83187219167,
    0.718956081411));
#10071 = LINE('',#10072,#10073);
#10072 = CARTESIAN_POINT('',(1.174917045491,-2.83187219167,
    0.718956081411));
#10073 = VECTOR('',#10074,1.);
#10074 = DIRECTION('',(-8.510250572385E-08,0.973459195183,
    -0.228860646058));
#10075 = ORIENTED_EDGE('',*,*,#10045,.T.);
#10076 = ORIENTED_EDGE('',*,*,#10077,.F.);
#10077 = EDGE_CURVE('',#10078,#10037,#10080,.T.);
#10078 = VERTEX_POINT('',#10079);
#10079 = CARTESIAN_POINT('',(1.324917045491,-2.831872178557,
    0.718956081411));
#10080 = LINE('',#10081,#10082);
#10081 = CARTESIAN_POINT('',(1.324917045491,-2.831872178557,
    0.718956081411));
#10082 = VECTOR('',#10083,1.);
#10083 = DIRECTION('',(-8.510250572385E-08,0.973459195183,
    -0.228860646058));
#10084 = ORIENTED_EDGE('',*,*,#10085,.F.);
#10085 = EDGE_CURVE('',#10069,#10078,#10086,.T.);
#10086 = LINE('',#10087,#10088);
#10087 = CARTESIAN_POINT('',(1.174917045491,-2.83187219167,
    0.718956081411));
#10088 = VECTOR('',#10089,1.);
#10089 = DIRECTION('',(1.,8.742277657348E-08,0.));
#10090 = PLANE('',#10091);
#10091 = AXIS2_PLACEMENT_3D('',#10092,#10093,#10094);
#10092 = CARTESIAN_POINT('',(1.174917045491,-2.83187219167,
    0.718956081411));
#10093 = DIRECTION('',(2.000763312681E-08,-0.228860646058,
    -0.973459195183));
#10094 = DIRECTION('',(8.510250572385E-08,-0.973459195183,0.228860646058
    ));
#10095 = ADVANCED_FACE('',(#10096),#10130,.T.);
#10096 = FACE_BOUND('',#10097,.T.);
#10097 = EDGE_LOOP('',(#10098,#10108,#10116,#10124));
#10098 = ORIENTED_EDGE('',*,*,#10099,.T.);
#10099 = EDGE_CURVE('',#10100,#10102,#10104,.T.);
#10100 = VERTEX_POINT('',#10101);
#10101 = CARTESIAN_POINT('',(1.174917025221,-2.600002183975,
    0.894998975598));
#10102 = VERTEX_POINT('',#10103);
#10103 = CARTESIAN_POINT('',(1.174917050076,-2.884308638341,
    0.894998988025));
#10104 = LINE('',#10105,#10106);
#10105 = CARTESIAN_POINT('',(1.174917025221,-2.600002183975,
    0.894998975598));
#10106 = VECTOR('',#10107,1.);
#10107 = DIRECTION('',(8.742277657348E-08,-1.,4.371138828674E-08));
#10108 = ORIENTED_EDGE('',*,*,#10109,.F.);
#10109 = EDGE_CURVE('',#10110,#10102,#10112,.T.);
#10110 = VERTEX_POINT('',#10111);
#10111 = CARTESIAN_POINT('',(1.324917050076,-2.884308625228,
    0.894998988025));
#10112 = LINE('',#10113,#10114);
#10113 = CARTESIAN_POINT('',(1.324917050076,-2.884308625228,
    0.894998988025));
#10114 = VECTOR('',#10115,1.);
#10115 = DIRECTION('',(-1.,-8.742277657348E-08,0.));
#10116 = ORIENTED_EDGE('',*,*,#10117,.F.);
#10117 = EDGE_CURVE('',#10118,#10110,#10120,.T.);
#10118 = VERTEX_POINT('',#10119);
#10119 = CARTESIAN_POINT('',(1.324917025221,-2.600002170862,
    0.894998975598));
#10120 = LINE('',#10121,#10122);
#10121 = CARTESIAN_POINT('',(1.324917025221,-2.600002170862,
    0.894998975598));
#10122 = VECTOR('',#10123,1.);
#10123 = DIRECTION('',(8.742277657348E-08,-1.,4.371138828674E-08));
#10124 = ORIENTED_EDGE('',*,*,#10125,.F.);
#10125 = EDGE_CURVE('',#10100,#10118,#10126,.T.);
#10126 = LINE('',#10127,#10128);
#10127 = CARTESIAN_POINT('',(1.174917025221,-2.600002183975,
    0.894998975598));
#10128 = VECTOR('',#10129,1.);
#10129 = DIRECTION('',(1.,8.742277657348E-08,0.));
#10130 = PLANE('',#10131);
#10131 = AXIS2_PLACEMENT_3D('',#10132,#10133,#10134);
#10132 = CARTESIAN_POINT('',(1.174917025221,-2.600002183975,
    0.894998975598));
#10133 = DIRECTION('',(-3.821370931908E-15,4.371138828674E-08,1.));
#10134 = DIRECTION('',(-1.,-8.742277657348E-08,0.));
#10135 = ADVANCED_FACE('',(#10136),#10170,.T.);
#10136 = FACE_BOUND('',#10137,.T.);
#10137 = EDGE_LOOP('',(#10138,#10148,#10156,#10164));
#10138 = ORIENTED_EDGE('',*,*,#10139,.T.);
#10139 = EDGE_CURVE('',#10140,#10142,#10144,.T.);
#10140 = VERTEX_POINT('',#10141);
#10141 = CARTESIAN_POINT('',(1.174917086417,-3.300002219875,
    7.37105541539E-02));
#10142 = VERTEX_POINT('',#10143);
#10143 = CARTESIAN_POINT('',(1.324917086417,-3.300002206761,
    7.37105541539E-02));
#10144 = LINE('',#10145,#10146);
#10145 = CARTESIAN_POINT('',(1.174917086417,-3.300002219875,
    7.37105541539E-02));
#10146 = VECTOR('',#10147,1.);
#10147 = DIRECTION('',(1.,8.742277657348E-08,0.));
#10148 = ORIENTED_EDGE('',*,*,#10149,.F.);
#10149 = EDGE_CURVE('',#10150,#10142,#10152,.T.);
#10150 = VERTEX_POINT('',#10151);
#10151 = CARTESIAN_POINT('',(1.324917083805,-3.270127393436,
    7.371055284804E-02));
#10152 = LINE('',#10153,#10154);
#10153 = CARTESIAN_POINT('',(1.324917083805,-3.270127393436,
    7.371055284804E-02));
#10154 = VECTOR('',#10155,1.);
#10155 = DIRECTION('',(8.742277657348E-08,-1.,4.371138828674E-08));
#10156 = ORIENTED_EDGE('',*,*,#10157,.F.);
#10157 = EDGE_CURVE('',#10158,#10150,#10160,.T.);
#10158 = VERTEX_POINT('',#10159);
#10159 = CARTESIAN_POINT('',(1.174917083805,-3.27012740655,
    7.371055284804E-02));
#10160 = LINE('',#10161,#10162);
#10161 = CARTESIAN_POINT('',(1.174917083805,-3.27012740655,
    7.371055284804E-02));
#10162 = VECTOR('',#10163,1.);
#10163 = DIRECTION('',(1.,8.742277657348E-08,0.));
#10164 = ORIENTED_EDGE('',*,*,#10165,.T.);
#10165 = EDGE_CURVE('',#10158,#10140,#10166,.T.);
#10166 = LINE('',#10167,#10168);
#10167 = CARTESIAN_POINT('',(1.174917083805,-3.27012740655,
    7.371055284804E-02));
#10168 = VECTOR('',#10169,1.);
#10169 = DIRECTION('',(8.742277657348E-08,-1.,4.371138828674E-08));
#10170 = PLANE('',#10171);
#10171 = AXIS2_PLACEMENT_3D('',#10172,#10173,#10174);
#10172 = CARTESIAN_POINT('',(1.174917083805,-3.27012740655,
    7.371055284804E-02));
#10173 = DIRECTION('',(-3.821370931908E-15,4.371138828674E-08,1.));
#10174 = DIRECTION('',(-1.,-8.742277657348E-08,0.));
#10175 = ADVANCED_FACE('',(#10176),#10203,.T.);
#10176 = FACE_BOUND('',#10177,.T.);
#10177 = EDGE_LOOP('',(#10178,#10179,#10188,#10196));
#10178 = ORIENTED_EDGE('',*,*,#10157,.T.);
#10179 = ORIENTED_EDGE('',*,*,#10180,.F.);
#10180 = EDGE_CURVE('',#10181,#10150,#10183,.T.);
#10181 = VERTEX_POINT('',#10182);
#10182 = CARTESIAN_POINT('',(1.324917077694,-3.200225828957,
    -3.575123593835E-07));
#10183 = CIRCLE('',#10184,7.E-02);
#10184 = AXIS2_PLACEMENT_3D('',#10185,#10186,#10187);
#10185 = CARTESIAN_POINT('',(1.324917083805,-3.270127396496,
    3.710552848035E-03));
#10186 = DIRECTION('',(1.,8.742277657348E-08,8.27180612553E-25));
#10187 = DIRECTION('',(-8.729984458611E-08,0.998593821974,
    -5.301300514863E-02));
#10188 = ORIENTED_EDGE('',*,*,#10189,.F.);
#10189 = EDGE_CURVE('',#10190,#10181,#10192,.T.);
#10190 = VERTEX_POINT('',#10191);
#10191 = CARTESIAN_POINT('',(1.174917077694,-3.200225842071,
    -3.575123593835E-07));
#10192 = LINE('',#10193,#10194);
#10193 = CARTESIAN_POINT('',(1.174917077694,-3.200225842071,
    -3.575123593835E-07));
#10194 = VECTOR('',#10195,1.);
#10195 = DIRECTION('',(1.,8.742277657348E-08,0.));
#10196 = ORIENTED_EDGE('',*,*,#10197,.T.);
#10197 = EDGE_CURVE('',#10190,#10158,#10198,.T.);
#10198 = CIRCLE('',#10199,7.E-02);
#10199 = AXIS2_PLACEMENT_3D('',#10200,#10201,#10202);
#10200 = CARTESIAN_POINT('',(1.174917083805,-3.27012740961,
    3.710552848035E-03));
#10201 = DIRECTION('',(1.,8.742277657348E-08,8.27180612553E-25));
#10202 = DIRECTION('',(-8.729984458611E-08,0.998593821974,
    -5.301300514863E-02));
#10203 = CYLINDRICAL_SURFACE('',#10204,7.E-02);
#10204 = AXIS2_PLACEMENT_3D('',#10205,#10206,#10207);
#10205 = CARTESIAN_POINT('',(1.174917083805,-3.27012740961,
    3.710552848035E-03));
#10206 = DIRECTION('',(1.,8.742277657348E-08,0.));
#10207 = DIRECTION('',(-3.821370931908E-15,4.371138828674E-08,1.));
#10208 = ADVANCED_FACE('',(#10209),#10234,.T.);
#10209 = FACE_BOUND('',#10210,.T.);
#10210 = EDGE_LOOP('',(#10211,#10212,#10220,#10228));
#10211 = ORIENTED_EDGE('',*,*,#10189,.T.);
#10212 = ORIENTED_EDGE('',*,*,#10213,.F.);
#10213 = EDGE_CURVE('',#10214,#10181,#10216,.T.);
#10214 = VERTEX_POINT('',#10215);
#10215 = CARTESIAN_POINT('',(1.324917108234,-3.549565210083,
    -3.422422500954E-07));
#10216 = LINE('',#10217,#10218);
#10217 = CARTESIAN_POINT('',(1.324917108234,-3.549565210083,
    -3.422422500954E-07));
#10218 = VECTOR('',#10219,1.);
#10219 = DIRECTION('',(-8.742277657348E-08,1.,-4.371138828674E-08));
#10220 = ORIENTED_EDGE('',*,*,#10221,.F.);
#10221 = EDGE_CURVE('',#10222,#10214,#10224,.T.);
#10222 = VERTEX_POINT('',#10223);
#10223 = CARTESIAN_POINT('',(1.174917108234,-3.549565223197,
    -3.422422500954E-07));
#10224 = LINE('',#10225,#10226);
#10225 = CARTESIAN_POINT('',(1.174917108234,-3.549565223197,
    -3.422422500954E-07));
#10226 = VECTOR('',#10227,1.);
#10227 = DIRECTION('',(1.,8.742277657348E-08,0.));
#10228 = ORIENTED_EDGE('',*,*,#10229,.T.);
#10229 = EDGE_CURVE('',#10222,#10190,#10230,.T.);
#10230 = LINE('',#10231,#10232);
#10231 = CARTESIAN_POINT('',(1.174917108234,-3.549565223197,
    -3.422422500954E-07));
#10232 = VECTOR('',#10233,1.);
#10233 = DIRECTION('',(-8.742277657348E-08,1.,-4.371138828674E-08));
#10234 = PLANE('',#10235);
#10235 = AXIS2_PLACEMENT_3D('',#10236,#10237,#10238);
#10236 = CARTESIAN_POINT('',(1.174917108234,-3.549565223197,
    -3.422422500954E-07));
#10237 = DIRECTION('',(3.821370931908E-15,-4.371138828674E-08,-1.));
#10238 = DIRECTION('',(8.742277657348E-08,-1.,4.371138828674E-08));
#10239 = ADVANCED_FACE('',(#10240),#10265,.T.);
#10240 = FACE_BOUND('',#10241,.T.);
#10241 = EDGE_LOOP('',(#10242,#10243,#10251,#10259));
#10242 = ORIENTED_EDGE('',*,*,#10221,.T.);
#10243 = ORIENTED_EDGE('',*,*,#10244,.F.);
#10244 = EDGE_CURVE('',#10245,#10214,#10247,.T.);
#10245 = VERTEX_POINT('',#10246);
#10246 = CARTESIAN_POINT('',(1.324917108234,-3.549565208793,
    2.952901710355E-02));
#10247 = LINE('',#10248,#10249);
#10248 = CARTESIAN_POINT('',(1.324917108234,-3.549565208793,
    2.952901710355E-02));
#10249 = VECTOR('',#10250,1.);
#10250 = DIRECTION('',(3.821370931908E-15,-4.371138828674E-08,-1.));
#10251 = ORIENTED_EDGE('',*,*,#10252,.F.);
#10252 = EDGE_CURVE('',#10253,#10245,#10255,.T.);
#10253 = VERTEX_POINT('',#10254);
#10254 = CARTESIAN_POINT('',(1.174917108234,-3.549565221906,
    2.952901710355E-02));
#10255 = LINE('',#10256,#10257);
#10256 = CARTESIAN_POINT('',(1.174917108234,-3.549565221906,
    2.952901710355E-02));
#10257 = VECTOR('',#10258,1.);
#10258 = DIRECTION('',(1.,8.742277657348E-08,0.));
#10259 = ORIENTED_EDGE('',*,*,#10260,.T.);
#10260 = EDGE_CURVE('',#10253,#10222,#10261,.T.);
#10261 = LINE('',#10262,#10263);
#10262 = CARTESIAN_POINT('',(1.174917108234,-3.549565221906,
    2.952901710355E-02));
#10263 = VECTOR('',#10264,1.);
#10264 = DIRECTION('',(3.821370931908E-15,-4.371138828674E-08,-1.));
#10265 = PLANE('',#10266);
#10266 = AXIS2_PLACEMENT_3D('',#10267,#10268,#10269);
#10267 = CARTESIAN_POINT('',(1.174917108234,-3.549565221906,
    2.952901710355E-02));
#10268 = DIRECTION('',(8.742277657348E-08,-1.,4.371138828674E-08));
#10269 = DIRECTION('',(3.821370931908E-15,-4.371138828674E-08,-1.));
#10270 = ADVANCED_FACE('',(#10271),#10289,.F.);
#10271 = FACE_BOUND('',#10272,.F.);
#10272 = EDGE_LOOP('',(#10273,#10280,#10281,#10288));
#10273 = ORIENTED_EDGE('',*,*,#10274,.T.);
#10274 = EDGE_CURVE('',#1314,#10245,#10275,.T.);
#10275 = CIRCLE('',#10276,5.E-02);
#10276 = AXIS2_PLACEMENT_3D('',#10277,#10278,#10279);
#10277 = CARTESIAN_POINT('',(1.324917112605,-3.599565208793,
    2.952901928912E-02));
#10278 = DIRECTION('',(-1.,-8.742277657348E-08,0.));
#10279 = DIRECTION('',(7.640710712331E-10,-8.73995429087E-03,
    0.99996180587));
#10280 = ORIENTED_EDGE('',*,*,#10252,.F.);
#10281 = ORIENTED_EDGE('',*,*,#10282,.F.);
#10282 = EDGE_CURVE('',#1323,#10253,#10283,.T.);
#10283 = CIRCLE('',#10284,5.E-02);
#10284 = AXIS2_PLACEMENT_3D('',#10285,#10286,#10287);
#10285 = CARTESIAN_POINT('',(1.174917112605,-3.599565221906,
    2.952901928912E-02));
#10286 = DIRECTION('',(-1.,-8.742277657348E-08,0.));
#10287 = DIRECTION('',(7.640710712331E-10,-8.73995429087E-03,
    0.99996180587));
#10288 = ORIENTED_EDGE('',*,*,#1322,.T.);
#10289 = CYLINDRICAL_SURFACE('',#10290,5.E-02);
#10290 = AXIS2_PLACEMENT_3D('',#10291,#10292,#10293);
#10291 = CARTESIAN_POINT('',(1.174917112605,-3.599565221906,
    2.952901928912E-02));
#10292 = DIRECTION('',(1.,8.742277657348E-08,0.));
#10293 = DIRECTION('',(-3.821370931908E-15,4.371138828674E-08,1.));
#10294 = ADVANCED_FACE('',(#10295),#10320,.T.);
#10295 = FACE_BOUND('',#10296,.T.);
#10296 = EDGE_LOOP('',(#10297,#10298,#10306,#10314));
#10297 = ORIENTED_EDGE('',*,*,#1303,.T.);
#10298 = ORIENTED_EDGE('',*,*,#10299,.F.);
#10299 = EDGE_CURVE('',#10300,#1306,#10302,.T.);
#10300 = VERTEX_POINT('',#10301);
#10301 = CARTESIAN_POINT('',(1.324917112644,-3.600002193373,
    0.379999019309));
#10302 = LINE('',#10303,#10304);
#10303 = CARTESIAN_POINT('',(1.324917112644,-3.600002193373,
    0.379999019309));
#10304 = VECTOR('',#10305,1.);
#10305 = DIRECTION('',(3.821370931908E-15,-4.371138828674E-08,-1.));
#10306 = ORIENTED_EDGE('',*,*,#10307,.F.);
#10307 = EDGE_CURVE('',#10308,#10300,#10310,.T.);
#10308 = VERTEX_POINT('',#10309);
#10309 = CARTESIAN_POINT('',(1.174917112644,-3.600002206486,
    0.379999019309));
#10310 = LINE('',#10311,#10312);
#10311 = CARTESIAN_POINT('',(1.174917112644,-3.600002206486,
    0.379999019309));
#10312 = VECTOR('',#10313,1.);
#10313 = DIRECTION('',(1.,8.742277657348E-08,0.));
#10314 = ORIENTED_EDGE('',*,*,#10315,.T.);
#10315 = EDGE_CURVE('',#10308,#1304,#10316,.T.);
#10316 = LINE('',#10317,#10318);
#10317 = CARTESIAN_POINT('',(1.174917112644,-3.600002206486,
    0.379999019309));
#10318 = VECTOR('',#10319,1.);
#10319 = DIRECTION('',(3.821370931908E-15,-4.371138828674E-08,-1.));
#10320 = PLANE('',#10321);
#10321 = AXIS2_PLACEMENT_3D('',#10322,#10323,#10324);
#10322 = CARTESIAN_POINT('',(1.174917112644,-3.600002206486,
    0.379999019309));
#10323 = DIRECTION('',(8.742277657348E-08,-1.,4.371138828674E-08));
#10324 = DIRECTION('',(3.821370931908E-15,-4.371138828674E-08,-1.));
#10325 = ADVANCED_FACE('',(#10326),#10351,.T.);
#10326 = FACE_BOUND('',#10327,.T.);
#10327 = EDGE_LOOP('',(#10328,#10329,#10337,#10345));
#10328 = ORIENTED_EDGE('',*,*,#10307,.T.);
#10329 = ORIENTED_EDGE('',*,*,#10330,.F.);
#10330 = EDGE_CURVE('',#10331,#10300,#10333,.T.);
#10331 = VERTEX_POINT('',#10332);
#10332 = CARTESIAN_POINT('',(1.324917106723,-3.532282915739,
    0.379999016349));
#10333 = LINE('',#10334,#10335);
#10334 = CARTESIAN_POINT('',(1.324917106723,-3.532282915739,
    0.379999016349));
#10335 = VECTOR('',#10336,1.);
#10336 = DIRECTION('',(8.742277657348E-08,-1.,4.371138828674E-08));
#10337 = ORIENTED_EDGE('',*,*,#10338,.F.);
#10338 = EDGE_CURVE('',#10339,#10331,#10341,.T.);
#10339 = VERTEX_POINT('',#10340);
#10340 = CARTESIAN_POINT('',(1.174917106723,-3.532282928852,
    0.379999016349));
#10341 = LINE('',#10342,#10343);
#10342 = CARTESIAN_POINT('',(1.174917106723,-3.532282928852,
    0.379999016349));
#10343 = VECTOR('',#10344,1.);
#10344 = DIRECTION('',(1.,8.742277657348E-08,0.));
#10345 = ORIENTED_EDGE('',*,*,#10346,.T.);
#10346 = EDGE_CURVE('',#10339,#10308,#10347,.T.);
#10347 = LINE('',#10348,#10349);
#10348 = CARTESIAN_POINT('',(1.174917106723,-3.532282928852,
    0.379999016349));
#10349 = VECTOR('',#10350,1.);
#10350 = DIRECTION('',(8.742277657348E-08,-1.,4.371138828674E-08));
#10351 = PLANE('',#10352);
#10352 = AXIS2_PLACEMENT_3D('',#10353,#10354,#10355);
#10353 = CARTESIAN_POINT('',(1.174917106723,-3.532282928852,
    0.379999016349));
#10354 = DIRECTION('',(-3.821370931908E-15,4.371138828674E-08,1.));
#10355 = DIRECTION('',(-1.,-8.742277657348E-08,0.));
#10356 = ADVANCED_FACE('',(#10357),#10384,.F.);
#10357 = FACE_BOUND('',#10358,.F.);
#10358 = EDGE_LOOP('',(#10359,#10368,#10376,#10383));
#10359 = ORIENTED_EDGE('',*,*,#10360,.F.);
#10360 = EDGE_CURVE('',#10361,#10339,#10363,.T.);
#10361 = VERTEX_POINT('',#10362);
#10362 = CARTESIAN_POINT('',(1.174917104843,-3.510774953613,
    0.384861370253));
#10363 = CIRCLE('',#10364,5.E-02);
#10364 = AXIS2_PLACEMENT_3D('',#10365,#10366,#10367);
#10365 = CARTESIAN_POINT('',(1.174917106723,-3.532282926667,
    0.429999016349));
#10366 = DIRECTION('',(-1.,-8.742277657348E-08,6.617444900424E-24));
#10367 = DIRECTION('',(-3.760573445801E-08,0.430159461092,
    -0.902752921919));
#10368 = ORIENTED_EDGE('',*,*,#10369,.T.);
#10369 = EDGE_CURVE('',#10361,#10370,#10372,.T.);
#10370 = VERTEX_POINT('',#10371);
#10371 = CARTESIAN_POINT('',(1.324917104843,-3.5107749405,0.384861370253
    ));
#10372 = LINE('',#10373,#10374);
#10373 = CARTESIAN_POINT('',(1.174917104843,-3.510774953613,
    0.384861370253));
#10374 = VECTOR('',#10375,1.);
#10375 = DIRECTION('',(1.,8.742277657348E-08,0.));
#10376 = ORIENTED_EDGE('',*,*,#10377,.T.);
#10377 = EDGE_CURVE('',#10370,#10331,#10378,.T.);
#10378 = CIRCLE('',#10379,5.E-02);
#10379 = AXIS2_PLACEMENT_3D('',#10380,#10381,#10382);
#10380 = CARTESIAN_POINT('',(1.324917106723,-3.532282913554,
    0.429999016349));
#10381 = DIRECTION('',(-1.,-8.742277657348E-08,6.617444900424E-24));
#10382 = DIRECTION('',(-3.760573445801E-08,0.430159461092,
    -0.902752921919));
#10383 = ORIENTED_EDGE('',*,*,#10338,.F.);
#10384 = CYLINDRICAL_SURFACE('',#10385,5.E-02);
#10385 = AXIS2_PLACEMENT_3D('',#10386,#10387,#10388);
#10386 = CARTESIAN_POINT('',(1.174917106723,-3.532282926667,
    0.429999016349));
#10387 = DIRECTION('',(1.,8.742277657348E-08,0.));
#10388 = DIRECTION('',(-3.821370931908E-15,4.371138828674E-08,1.));
#10389 = ADVANCED_FACE('',(#10390),#10415,.T.);
#10390 = FACE_BOUND('',#10391,.T.);
#10391 = EDGE_LOOP('',(#10392,#10400,#10401,#10409));
#10392 = ORIENTED_EDGE('',*,*,#10393,.T.);
#10393 = EDGE_CURVE('',#10394,#10361,#10396,.T.);
#10394 = VERTEX_POINT('',#10395);
#10395 = CARTESIAN_POINT('',(1.174917103901,-3.50000220605,
    0.389994556946));
#10396 = LINE('',#10397,#10398);
#10397 = CARTESIAN_POINT('',(1.174917103901,-3.50000220605,
    0.389994556946));
#10398 = VECTOR('',#10399,1.);
#10399 = DIRECTION('',(7.892116699397E-08,-0.902752921919,
    -0.430159461092));
#10400 = ORIENTED_EDGE('',*,*,#10369,.T.);
#10401 = ORIENTED_EDGE('',*,*,#10402,.F.);
#10402 = EDGE_CURVE('',#10403,#10370,#10405,.T.);
#10403 = VERTEX_POINT('',#10404);
#10404 = CARTESIAN_POINT('',(1.324917103901,-3.500002192936,
    0.389994556946));
#10405 = LINE('',#10406,#10407);
#10406 = CARTESIAN_POINT('',(1.324917103901,-3.500002192936,
    0.389994556946));
#10407 = VECTOR('',#10408,1.);
#10408 = DIRECTION('',(7.892116699397E-08,-0.902752921919,
    -0.430159461092));
#10409 = ORIENTED_EDGE('',*,*,#10410,.F.);
#10410 = EDGE_CURVE('',#10394,#10403,#10411,.T.);
#10411 = LINE('',#10412,#10413);
#10412 = CARTESIAN_POINT('',(1.174917103901,-3.50000220605,
    0.389994556946));
#10413 = VECTOR('',#10414,1.);
#10414 = DIRECTION('',(1.,8.742277657348E-08,0.));
#10415 = PLANE('',#10416);
#10416 = AXIS2_PLACEMENT_3D('',#10417,#10418,#10419);
#10417 = CARTESIAN_POINT('',(1.174917103901,-3.50000220605,
    0.389994556946));
#10418 = DIRECTION('',(3.760573445801E-08,-0.430159461092,0.902752921919
    ));
#10419 = DIRECTION('',(1.,8.742277657348E-08,0.));
#10420 = ADVANCED_FACE('',(#10421),#10430,.F.);
#10421 = FACE_BOUND('',#10422,.T.);
#10422 = EDGE_LOOP('',(#10423,#10424,#10425,#10426,#10427,#10428,#10429)
  );
#10423 = ORIENTED_EDGE('',*,*,#9475,.T.);
#10424 = ORIENTED_EDGE('',*,*,#3306,.F.);
#10425 = ORIENTED_EDGE('',*,*,#3264,.F.);
#10426 = ORIENTED_EDGE('',*,*,#3250,.F.);
#10427 = ORIENTED_EDGE('',*,*,#3218,.F.);
#10428 = ORIENTED_EDGE('',*,*,#3160,.F.);
#10429 = ORIENTED_EDGE('',*,*,#9644,.F.);
#10430 = PLANE('',#10431);
#10431 = AXIS2_PLACEMENT_3D('',#10432,#10433,#10434);
#10432 = CARTESIAN_POINT('',(1.174916832891,-0.400002199056,
    0.549998879433));
#10433 = DIRECTION('',(1.,8.742277657348E-08,0.));
#10434 = DIRECTION('',(-8.742277657348E-08,1.,-4.371138828674E-08));
#10435 = ADVANCED_FACE('',(#10436),#10443,.F.);
#10436 = FACE_BOUND('',#10437,.T.);
#10437 = EDGE_LOOP('',(#10438,#10439,#10440,#10441,#10442));
#10438 = ORIENTED_EDGE('',*,*,#3138,.F.);
#10439 = ORIENTED_EDGE('',*,*,#3114,.F.);
#10440 = ORIENTED_EDGE('',*,*,#3082,.F.);
#10441 = ORIENTED_EDGE('',*,*,#3050,.F.);
#10442 = ORIENTED_EDGE('',*,*,#9939,.T.);
#10443 = PLANE('',#10444);
#10444 = AXIS2_PLACEMENT_3D('',#10445,#10446,#10447);
#10445 = CARTESIAN_POINT('',(1.174916832891,-0.400002199056,
    0.549998879433));
#10446 = DIRECTION('',(1.,8.742277657348E-08,0.));
#10447 = DIRECTION('',(-8.742277657348E-08,1.,-4.371138828674E-08));
#10448 = ADVANCED_FACE('',(#10449),#10476,.F.);
#10449 = FACE_BOUND('',#10450,.T.);
#10450 = EDGE_LOOP('',(#10451,#10452,#10453,#10454,#10462,#10469,#10470)
  );
#10451 = ORIENTED_EDGE('',*,*,#10013,.F.);
#10452 = ORIENTED_EDGE('',*,*,#10053,.F.);
#10453 = ORIENTED_EDGE('',*,*,#10068,.F.);
#10454 = ORIENTED_EDGE('',*,*,#10455,.T.);
#10455 = EDGE_CURVE('',#10069,#10456,#10458,.T.);
#10456 = VERTEX_POINT('',#10457);
#10457 = CARTESIAN_POINT('',(1.174917045491,-2.831872189876,
    0.759998985733));
#10458 = LINE('',#10459,#10460);
#10459 = CARTESIAN_POINT('',(1.174917045491,-2.83187219167,
    0.718956081411));
#10460 = VECTOR('',#10461,1.);
#10461 = DIRECTION('',(-3.821370931908E-15,4.371138828674E-08,1.));
#10462 = ORIENTED_EDGE('',*,*,#10463,.F.);
#10463 = EDGE_CURVE('',#10102,#10456,#10464,.T.);
#10464 = CIRCLE('',#10465,0.2);
#10465 = AXIS2_PLACEMENT_3D('',#10466,#10467,#10468);
#10466 = CARTESIAN_POINT('',(1.174917062976,-3.031872189876,
    0.759998994475));
#10467 = DIRECTION('',(-1.,-8.742277657348E-08,-6.617444900424E-24));
#10468 = DIRECTION('',(-6.450207698107E-08,0.737817757674,0.674999967749
    ));
#10469 = ORIENTED_EDGE('',*,*,#10099,.F.);
#10470 = ORIENTED_EDGE('',*,*,#10471,.F.);
#10471 = EDGE_CURVE('',#10014,#10100,#10472,.T.);
#10472 = LINE('',#10473,#10474);
#10473 = CARTESIAN_POINT('',(1.174917025221,-2.600002193375,
    0.679959975598));
#10474 = VECTOR('',#10475,1.);
#10475 = DIRECTION('',(-3.821370931908E-15,4.371138828674E-08,1.));
#10476 = PLANE('',#10477);
#10477 = AXIS2_PLACEMENT_3D('',#10478,#10479,#10480);
#10478 = CARTESIAN_POINT('',(1.174916832891,-0.400002199056,
    0.549998879433));
#10479 = DIRECTION('',(1.,8.742277657348E-08,0.));
#10480 = DIRECTION('',(-8.742277657348E-08,1.,-4.371138828674E-08));
#10481 = ADVANCED_FACE('',(#10482),#10516,.F.);
#10482 = FACE_BOUND('',#10483,.T.);
#10483 = EDGE_LOOP('',(#10484,#10494,#10500,#10501,#10502,#10503,#10504,
    #10505,#10506,#10507,#10508,#10509,#10510));
#10484 = ORIENTED_EDGE('',*,*,#10485,.F.);
#10485 = EDGE_CURVE('',#10486,#10488,#10490,.T.);
#10486 = VERTEX_POINT('',#10487);
#10487 = CARTESIAN_POINT('',(1.174917086417,-3.3000022196,
    7.99990061957E-02));
#10488 = VERTEX_POINT('',#10489);
#10489 = CARTESIAN_POINT('',(1.174917103901,-3.5000022196,
    7.999901493798E-02));
#10490 = LINE('',#10491,#10492);
#10491 = CARTESIAN_POINT('',(1.174917086417,-3.3000022196,
    7.99990061957E-02));
#10492 = VECTOR('',#10493,1.);
#10493 = DIRECTION('',(8.742277657348E-08,-1.,4.371138828674E-08));
#10494 = ORIENTED_EDGE('',*,*,#10495,.F.);
#10495 = EDGE_CURVE('',#10140,#10486,#10496,.T.);
#10496 = LINE('',#10497,#10498);
#10497 = CARTESIAN_POINT('',(1.174917086417,-3.300002219875,
    7.37105541539E-02));
#10498 = VECTOR('',#10499,1.);
#10499 = DIRECTION('',(-3.821370931908E-15,4.371138828674E-08,1.));
#10500 = ORIENTED_EDGE('',*,*,#10165,.F.);
#10501 = ORIENTED_EDGE('',*,*,#10197,.F.);
#10502 = ORIENTED_EDGE('',*,*,#10229,.F.);
#10503 = ORIENTED_EDGE('',*,*,#10260,.F.);
#10504 = ORIENTED_EDGE('',*,*,#10282,.F.);
#10505 = ORIENTED_EDGE('',*,*,#1330,.F.);
#10506 = ORIENTED_EDGE('',*,*,#10315,.F.);
#10507 = ORIENTED_EDGE('',*,*,#10346,.F.);
#10508 = ORIENTED_EDGE('',*,*,#10360,.F.);
#10509 = ORIENTED_EDGE('',*,*,#10393,.F.);
#10510 = ORIENTED_EDGE('',*,*,#10511,.F.);
#10511 = EDGE_CURVE('',#10488,#10394,#10512,.T.);
#10512 = LINE('',#10513,#10514);
#10513 = CARTESIAN_POINT('',(1.174917103901,-3.5000022196,
    7.999901493798E-02));
#10514 = VECTOR('',#10515,1.);
#10515 = DIRECTION('',(-3.821370931908E-15,4.371138828674E-08,1.));
#10516 = PLANE('',#10517);
#10517 = AXIS2_PLACEMENT_3D('',#10518,#10519,#10520);
#10518 = CARTESIAN_POINT('',(1.174916832891,-0.400002199056,
    0.549998879433));
#10519 = DIRECTION('',(1.,8.742277657348E-08,0.));
#10520 = DIRECTION('',(-8.742277657348E-08,1.,-4.371138828674E-08));
#10521 = ADVANCED_FACE('',(#10522),#10540,.T.);
#10522 = FACE_BOUND('',#10523,.T.);
#10523 = EDGE_LOOP('',(#10524,#10532,#10533,#10534));
#10524 = ORIENTED_EDGE('',*,*,#10525,.F.);
#10525 = EDGE_CURVE('',#10142,#10526,#10528,.T.);
#10526 = VERTEX_POINT('',#10527);
#10527 = CARTESIAN_POINT('',(1.324917086417,-3.300002206486,
    7.99990061957E-02));
#10528 = LINE('',#10529,#10530);
#10529 = CARTESIAN_POINT('',(1.324917086417,-3.300002206761,
    7.37105541539E-02));
#10530 = VECTOR('',#10531,1.);
#10531 = DIRECTION('',(-3.821370931908E-15,4.371138828674E-08,1.));
#10532 = ORIENTED_EDGE('',*,*,#10139,.F.);
#10533 = ORIENTED_EDGE('',*,*,#10495,.T.);
#10534 = ORIENTED_EDGE('',*,*,#10535,.T.);
#10535 = EDGE_CURVE('',#10486,#10526,#10536,.T.);
#10536 = LINE('',#10537,#10538);
#10537 = CARTESIAN_POINT('',(1.174917086417,-3.3000022196,
    7.99990061957E-02));
#10538 = VECTOR('',#10539,1.);
#10539 = DIRECTION('',(1.,8.742277657348E-08,0.));
#10540 = PLANE('',#10541);
#10541 = AXIS2_PLACEMENT_3D('',#10542,#10543,#10544);
#10542 = CARTESIAN_POINT('',(1.174917086417,-3.300002219875,
    7.37105541539E-02));
#10543 = DIRECTION('',(-8.742277657348E-08,1.,-4.371138828674E-08));
#10544 = DIRECTION('',(-1.,-8.742277657348E-08,0.));
#10545 = ADVANCED_FACE('',(#10546),#10555,.T.);
#10546 = FACE_BOUND('',#10547,.T.);
#10547 = EDGE_LOOP('',(#10548,#10549,#10550,#10551,#10552,#10553,#10554)
  );
#10548 = ORIENTED_EDGE('',*,*,#3178,.T.);
#10549 = ORIENTED_EDGE('',*,*,#3210,.T.);
#10550 = ORIENTED_EDGE('',*,*,#3243,.T.);
#10551 = ORIENTED_EDGE('',*,*,#3274,.T.);
#10552 = ORIENTED_EDGE('',*,*,#3297,.T.);
#10553 = ORIENTED_EDGE('',*,*,#9468,.F.);
#10554 = ORIENTED_EDGE('',*,*,#9651,.T.);
#10555 = PLANE('',#10556);
#10556 = AXIS2_PLACEMENT_3D('',#10557,#10558,#10559);
#10557 = CARTESIAN_POINT('',(1.324916832891,-0.400002185942,
    0.549998879433));
#10558 = DIRECTION('',(1.,8.742277657348E-08,0.));
#10559 = DIRECTION('',(-8.742277657348E-08,1.,-4.371138828674E-08));
#10560 = ADVANCED_FACE('',(#10561),#10568,.T.);
#10561 = FACE_BOUND('',#10562,.T.);
#10562 = EDGE_LOOP('',(#10563,#10564,#10565,#10566,#10567));
#10563 = ORIENTED_EDGE('',*,*,#3033,.T.);
#10564 = ORIENTED_EDGE('',*,*,#3075,.T.);
#10565 = ORIENTED_EDGE('',*,*,#3106,.T.);
#10566 = ORIENTED_EDGE('',*,*,#3129,.T.);
#10567 = ORIENTED_EDGE('',*,*,#9932,.F.);
#10568 = PLANE('',#10569);
#10569 = AXIS2_PLACEMENT_3D('',#10570,#10571,#10572);
#10570 = CARTESIAN_POINT('',(1.324916832891,-0.400002185942,
    0.549998879433));
#10571 = DIRECTION('',(1.,8.742277657348E-08,0.));
#10572 = DIRECTION('',(-8.742277657348E-08,1.,-4.371138828674E-08));
#10573 = ADVANCED_FACE('',(#10574),#10601,.T.);
#10574 = FACE_BOUND('',#10575,.T.);
#10575 = EDGE_LOOP('',(#10576,#10577,#10586,#10592,#10593,#10594,#10595)
  );
#10576 = ORIENTED_EDGE('',*,*,#10117,.T.);
#10577 = ORIENTED_EDGE('',*,*,#10578,.T.);
#10578 = EDGE_CURVE('',#10110,#10579,#10581,.T.);
#10579 = VERTEX_POINT('',#10580);
#10580 = CARTESIAN_POINT('',(1.324917045491,-2.831872176763,
    0.759998985733));
#10581 = CIRCLE('',#10582,0.2);
#10582 = AXIS2_PLACEMENT_3D('',#10583,#10584,#10585);
#10583 = CARTESIAN_POINT('',(1.324917062976,-3.031872176763,
    0.759998994475));
#10584 = DIRECTION('',(-1.,-8.742277657348E-08,-6.617444900424E-24));
#10585 = DIRECTION('',(-6.450207698107E-08,0.737817757674,0.674999967749
    ));
#10586 = ORIENTED_EDGE('',*,*,#10587,.F.);
#10587 = EDGE_CURVE('',#10078,#10579,#10588,.T.);
#10588 = LINE('',#10589,#10590);
#10589 = CARTESIAN_POINT('',(1.324917045491,-2.831872178557,
    0.718956081411));
#10590 = VECTOR('',#10591,1.);
#10591 = DIRECTION('',(-3.821370931908E-15,4.371138828674E-08,1.));
#10592 = ORIENTED_EDGE('',*,*,#10077,.T.);
#10593 = ORIENTED_EDGE('',*,*,#10036,.T.);
#10594 = ORIENTED_EDGE('',*,*,#9995,.T.);
#10595 = ORIENTED_EDGE('',*,*,#10596,.T.);
#10596 = EDGE_CURVE('',#9998,#10118,#10597,.T.);
#10597 = LINE('',#10598,#10599);
#10598 = CARTESIAN_POINT('',(1.324917025221,-2.600002180261,
    0.679959975598));
#10599 = VECTOR('',#10600,1.);
#10600 = DIRECTION('',(-3.821370931908E-15,4.371138828674E-08,1.));
#10601 = PLANE('',#10602);
#10602 = AXIS2_PLACEMENT_3D('',#10603,#10604,#10605);
#10603 = CARTESIAN_POINT('',(1.324916832891,-0.400002185942,
    0.549998879433));
#10604 = DIRECTION('',(1.,8.742277657348E-08,0.));
#10605 = DIRECTION('',(-8.742277657348E-08,1.,-4.371138828674E-08));
#10606 = ADVANCED_FACE('',(#10607),#10634,.T.);
#10607 = FACE_BOUND('',#10608,.T.);
#10608 = EDGE_LOOP('',(#10609,#10610,#10611,#10612,#10613,#10614,#10615,
    #10616,#10617,#10618,#10619,#10620,#10628));
#10609 = ORIENTED_EDGE('',*,*,#10402,.T.);
#10610 = ORIENTED_EDGE('',*,*,#10377,.T.);
#10611 = ORIENTED_EDGE('',*,*,#10330,.T.);
#10612 = ORIENTED_EDGE('',*,*,#10299,.T.);
#10613 = ORIENTED_EDGE('',*,*,#1313,.T.);
#10614 = ORIENTED_EDGE('',*,*,#10274,.T.);
#10615 = ORIENTED_EDGE('',*,*,#10244,.T.);
#10616 = ORIENTED_EDGE('',*,*,#10213,.T.);
#10617 = ORIENTED_EDGE('',*,*,#10180,.T.);
#10618 = ORIENTED_EDGE('',*,*,#10149,.T.);
#10619 = ORIENTED_EDGE('',*,*,#10525,.T.);
#10620 = ORIENTED_EDGE('',*,*,#10621,.T.);
#10621 = EDGE_CURVE('',#10526,#10622,#10624,.T.);
#10622 = VERTEX_POINT('',#10623);
#10623 = CARTESIAN_POINT('',(1.324917103901,-3.500002206486,
    7.999901493798E-02));
#10624 = LINE('',#10625,#10626);
#10625 = CARTESIAN_POINT('',(1.324917086417,-3.300002206486,
    7.99990061957E-02));
#10626 = VECTOR('',#10627,1.);
#10627 = DIRECTION('',(8.742277657348E-08,-1.,4.371138828674E-08));
#10628 = ORIENTED_EDGE('',*,*,#10629,.T.);
#10629 = EDGE_CURVE('',#10622,#10403,#10630,.T.);
#10630 = LINE('',#10631,#10632);
#10631 = CARTESIAN_POINT('',(1.324917103901,-3.500002206486,
    7.999901493798E-02));
#10632 = VECTOR('',#10633,1.);
#10633 = DIRECTION('',(-3.821370931908E-15,4.371138828674E-08,1.));
#10634 = PLANE('',#10635);
#10635 = AXIS2_PLACEMENT_3D('',#10636,#10637,#10638);
#10636 = CARTESIAN_POINT('',(1.324916832891,-0.400002185942,
    0.549998879433));
#10637 = DIRECTION('',(1.,8.742277657348E-08,0.));
#10638 = DIRECTION('',(-8.742277657348E-08,1.,-4.371138828674E-08));
#10639 = ADVANCED_FACE('',(#10640),#10765,.T.);
#10640 = FACE_BOUND('',#10641,.T.);
#10641 = EDGE_LOOP('',(#10642,#10643,#10651,#10659,#10665,#10673,#10679,
    #10680,#10686,#10687,#10688,#10694,#10695,#10696,#10697,#10703,
    #10704,#10705,#10706,#10712,#10713,#10714,#10715,#10721,#10722,
    #10723,#10724,#10730,#10731,#10732,#10733,#10739,#10740,#10741,
    #10742,#10748,#10749,#10750,#10751,#10759));
#10642 = ORIENTED_EDGE('',*,*,#2347,.T.);
#10643 = ORIENTED_EDGE('',*,*,#10644,.T.);
#10644 = EDGE_CURVE('',#2340,#10645,#10647,.T.);
#10645 = VERTEX_POINT('',#10646);
#10646 = CARTESIAN_POINT('',(1.824917045491,-2.831872133051,
    0.759998985733));
#10647 = LINE('',#10648,#10649);
#10648 = CARTESIAN_POINT('',(1.824917045491,-2.831872134845,
    0.718956081411));
#10649 = VECTOR('',#10650,1.);
#10650 = DIRECTION('',(-3.821370931908E-15,4.371138828674E-08,1.));
#10651 = ORIENTED_EDGE('',*,*,#10652,.F.);
#10652 = EDGE_CURVE('',#10653,#10645,#10655,.T.);
#10653 = VERTEX_POINT('',#10654);
#10654 = CARTESIAN_POINT('',(2.549917045491,-2.83187206967,
    0.759998985733));
#10655 = LINE('',#10656,#10657);
#10656 = CARTESIAN_POINT('',(2.549917045491,-2.83187206967,
    0.759998985733));
#10657 = VECTOR('',#10658,1.);
#10658 = DIRECTION('',(-1.,-8.742277657348E-08,0.));
#10659 = ORIENTED_EDGE('',*,*,#10660,.F.);
#10660 = EDGE_CURVE('',#2234,#10653,#10661,.T.);
#10661 = LINE('',#10662,#10663);
#10662 = CARTESIAN_POINT('',(2.549917045491,-2.831872075134,
    0.634998985733));
#10663 = VECTOR('',#10664,1.);
#10664 = DIRECTION('',(-3.821370931908E-15,4.371138828674E-08,1.));
#10665 = ORIENTED_EDGE('',*,*,#10666,.F.);
#10666 = EDGE_CURVE('',#10667,#2234,#10669,.T.);
#10667 = VERTEX_POINT('',#10668);
#10668 = CARTESIAN_POINT('',(2.549917045491,-2.831872084969,
    0.409998985733));
#10669 = LINE('',#10670,#10671);
#10670 = CARTESIAN_POINT('',(2.549917045491,-2.831872084969,
    0.409998985733));
#10671 = VECTOR('',#10672,1.);
#10672 = DIRECTION('',(-3.821370931908E-15,4.371138828674E-08,1.));
#10673 = ORIENTED_EDGE('',*,*,#10674,.F.);
#10674 = EDGE_CURVE('',#2435,#10667,#10675,.T.);
#10675 = LINE('',#10676,#10677);
#10676 = CARTESIAN_POINT('',(2.164917045491,-2.831872118627,
    0.409998985733));
#10677 = VECTOR('',#10678,1.);
#10678 = DIRECTION('',(1.,8.742277657348E-08,0.));
#10679 = ORIENTED_EDGE('',*,*,#2497,.T.);
#10680 = ORIENTED_EDGE('',*,*,#10681,.F.);
#10681 = EDGE_CURVE('',#2828,#2490,#10682,.T.);
#10682 = LINE('',#10683,#10684);
#10683 = CARTESIAN_POINT('',(-2.550082954509,-2.831872530825,
    0.409998985733));
#10684 = VECTOR('',#10685,1.);
#10685 = DIRECTION('',(1.,8.742277657348E-08,0.));
#10686 = ORIENTED_EDGE('',*,*,#2827,.F.);
#10687 = ORIENTED_EDGE('',*,*,#2819,.F.);
#10688 = ORIENTED_EDGE('',*,*,#10689,.F.);
#10689 = EDGE_CURVE('',#9221,#2820,#10690,.T.);
#10690 = LINE('',#10691,#10692);
#10691 = CARTESIAN_POINT('',(-1.825082954509,-2.831872452144,
    0.759998985733));
#10692 = VECTOR('',#10693,1.);
#10693 = DIRECTION('',(-1.,-8.742277657348E-08,0.));
#10694 = ORIENTED_EDGE('',*,*,#9220,.F.);
#10695 = ORIENTED_EDGE('',*,*,#8289,.T.);
#10696 = ORIENTED_EDGE('',*,*,#9007,.T.);
#10697 = ORIENTED_EDGE('',*,*,#10698,.F.);
#10698 = EDGE_CURVE('',#8234,#8999,#10699,.T.);
#10699 = LINE('',#10700,#10701);
#10700 = CARTESIAN_POINT('',(-1.325082954509,-2.831872408433,
    0.759998985733));
#10701 = VECTOR('',#10702,1.);
#10702 = DIRECTION('',(-1.,-8.742277657348E-08,0.));
#10703 = ORIENTED_EDGE('',*,*,#8233,.F.);
#10704 = ORIENTED_EDGE('',*,*,#7607,.T.);
#10705 = ORIENTED_EDGE('',*,*,#8065,.T.);
#10706 = ORIENTED_EDGE('',*,*,#10707,.F.);
#10707 = EDGE_CURVE('',#7214,#8057,#10708,.T.);
#10708 = LINE('',#10709,#10710);
#10709 = CARTESIAN_POINT('',(-0.825082954509,-2.831872364722,
    0.759998985733));
#10710 = VECTOR('',#10711,1.);
#10711 = DIRECTION('',(-1.,-8.742277657348E-08,0.));
#10712 = ORIENTED_EDGE('',*,*,#7213,.F.);
#10713 = ORIENTED_EDGE('',*,*,#6660,.T.);
#10714 = ORIENTED_EDGE('',*,*,#7078,.T.);
#10715 = ORIENTED_EDGE('',*,*,#10716,.F.);
#10716 = EDGE_CURVE('',#6227,#7070,#10717,.T.);
#10717 = LINE('',#10718,#10719);
#10718 = CARTESIAN_POINT('',(-0.325082954509,-2.83187232101,
    0.759998985733));
#10719 = VECTOR('',#10720,1.);
#10720 = DIRECTION('',(-1.,-8.742277657348E-08,0.));
#10721 = ORIENTED_EDGE('',*,*,#6226,.F.);
#10722 = ORIENTED_EDGE('',*,*,#5673,.T.);
#10723 = ORIENTED_EDGE('',*,*,#6091,.T.);
#10724 = ORIENTED_EDGE('',*,*,#10725,.F.);
#10725 = EDGE_CURVE('',#5240,#6083,#10726,.T.);
#10726 = LINE('',#10727,#10728);
#10727 = CARTESIAN_POINT('',(0.174917045491,-2.831872277299,
    0.759998985733));
#10728 = VECTOR('',#10729,1.);
#10729 = DIRECTION('',(-1.,-8.742277657348E-08,0.));
#10730 = ORIENTED_EDGE('',*,*,#5239,.F.);
#10731 = ORIENTED_EDGE('',*,*,#4686,.T.);
#10732 = ORIENTED_EDGE('',*,*,#5104,.T.);
#10733 = ORIENTED_EDGE('',*,*,#10734,.F.);
#10734 = EDGE_CURVE('',#4253,#5096,#10735,.T.);
#10735 = LINE('',#10736,#10737);
#10736 = CARTESIAN_POINT('',(0.674917045491,-2.831872233588,
    0.759998985733));
#10737 = VECTOR('',#10738,1.);
#10738 = DIRECTION('',(-1.,-8.742277657348E-08,0.));
#10739 = ORIENTED_EDGE('',*,*,#4252,.F.);
#10740 = ORIENTED_EDGE('',*,*,#3699,.T.);
#10741 = ORIENTED_EDGE('',*,*,#4117,.T.);
#10742 = ORIENTED_EDGE('',*,*,#10743,.F.);
#10743 = EDGE_CURVE('',#10456,#4109,#10744,.T.);
#10744 = LINE('',#10745,#10746);
#10745 = CARTESIAN_POINT('',(1.174917045491,-2.831872189876,
    0.759998985733));
#10746 = VECTOR('',#10747,1.);
#10747 = DIRECTION('',(-1.,-8.742277657348E-08,0.));
#10748 = ORIENTED_EDGE('',*,*,#10455,.F.);
#10749 = ORIENTED_EDGE('',*,*,#10085,.T.);
#10750 = ORIENTED_EDGE('',*,*,#10587,.T.);
#10751 = ORIENTED_EDGE('',*,*,#10752,.F.);
#10752 = EDGE_CURVE('',#10753,#10579,#10755,.T.);
#10753 = VERTEX_POINT('',#10754);
#10754 = CARTESIAN_POINT('',(1.674917045491,-2.831872146165,
    0.759998985733));
#10755 = LINE('',#10756,#10757);
#10756 = CARTESIAN_POINT('',(1.674917045491,-2.831872146165,
    0.759998985733));
#10757 = VECTOR('',#10758,1.);
#10758 = DIRECTION('',(-1.,-8.742277657348E-08,0.));
#10759 = ORIENTED_EDGE('',*,*,#10760,.F.);
#10760 = EDGE_CURVE('',#2331,#10753,#10761,.T.);
#10761 = LINE('',#10762,#10763);
#10762 = CARTESIAN_POINT('',(1.674917045491,-2.831872147959,
    0.718956081411));
#10763 = VECTOR('',#10764,1.);
#10764 = DIRECTION('',(-3.821370931908E-15,4.371138828674E-08,1.));
#10765 = PLANE('',#10766);
#10766 = AXIS2_PLACEMENT_3D('',#10767,#10768,#10769);
#10767 = CARTESIAN_POINT('',(2.549917045491,-2.831872084969,
    0.409998985733));
#10768 = DIRECTION('',(-8.742277657348E-08,1.,-4.371138828674E-08));
#10769 = DIRECTION('',(-1.,-8.742277657348E-08,0.));
#10770 = ADVANCED_FACE('',(#10771),#10805,.T.);
#10771 = FACE_BOUND('',#10772,.T.);
#10772 = EDGE_LOOP('',(#10773,#10783,#10791,#10799));
#10773 = ORIENTED_EDGE('',*,*,#10774,.T.);
#10774 = EDGE_CURVE('',#10775,#10777,#10779,.T.);
#10775 = VERTEX_POINT('',#10776);
#10776 = CARTESIAN_POINT('',(1.674917025221,-2.600002140264,
    0.894998975598));
#10777 = VERTEX_POINT('',#10778);
#10778 = CARTESIAN_POINT('',(1.674917050076,-2.88430859463,
    0.894998988025));
#10779 = LINE('',#10780,#10781);
#10780 = CARTESIAN_POINT('',(1.674917025221,-2.600002140264,
    0.894998975598));
#10781 = VECTOR('',#10782,1.);
#10782 = DIRECTION('',(8.742277657348E-08,-1.,4.371138828674E-08));
#10783 = ORIENTED_EDGE('',*,*,#10784,.F.);
#10784 = EDGE_CURVE('',#10785,#10777,#10787,.T.);
#10785 = VERTEX_POINT('',#10786);
#10786 = CARTESIAN_POINT('',(1.824917050076,-2.884308581516,
    0.894998988025));
#10787 = LINE('',#10788,#10789);
#10788 = CARTESIAN_POINT('',(1.824917050076,-2.884308581516,
    0.894998988025));
#10789 = VECTOR('',#10790,1.);
#10790 = DIRECTION('',(-1.,-8.742277657348E-08,0.));
#10791 = ORIENTED_EDGE('',*,*,#10792,.F.);
#10792 = EDGE_CURVE('',#10793,#10785,#10795,.T.);
#10793 = VERTEX_POINT('',#10794);
#10794 = CARTESIAN_POINT('',(1.824917025221,-2.60000212715,
    0.894998975598));
#10795 = LINE('',#10796,#10797);
#10796 = CARTESIAN_POINT('',(1.824917025221,-2.60000212715,
    0.894998975598));
#10797 = VECTOR('',#10798,1.);
#10798 = DIRECTION('',(8.742277657348E-08,-1.,4.371138828674E-08));
#10799 = ORIENTED_EDGE('',*,*,#10800,.F.);
#10800 = EDGE_CURVE('',#10775,#10793,#10801,.T.);
#10801 = LINE('',#10802,#10803);
#10802 = CARTESIAN_POINT('',(1.674917025221,-2.600002140264,
    0.894998975598));
#10803 = VECTOR('',#10804,1.);
#10804 = DIRECTION('',(1.,8.742277657348E-08,0.));
#10805 = PLANE('',#10806);
#10806 = AXIS2_PLACEMENT_3D('',#10807,#10808,#10809);
#10807 = CARTESIAN_POINT('',(1.674917025221,-2.600002140264,
    0.894998975598));
#10808 = DIRECTION('',(-3.821370931908E-15,4.371138828674E-08,1.));
#10809 = DIRECTION('',(-1.,-8.742277657348E-08,0.));
#10810 = ADVANCED_FACE('',(#10811),#10874,.T.);
#10811 = FACE_BOUND('',#10812,.T.);
#10812 = EDGE_LOOP('',(#10813,#10814,#10815,#10816,#10817,#10818,#10819,
    #10820,#10821,#10822,#10823,#10824,#10825,#10826,#10827,#10828,
    #10829,#10830,#10831,#10832,#10833,#10834,#10835,#10836,#10837,
    #10838,#10839,#10840,#10841,#10842,#10843,#10851,#10858,#10859,
    #10866,#10867));
#10813 = ORIENTED_EDGE('',*,*,#10752,.T.);
#10814 = ORIENTED_EDGE('',*,*,#10578,.F.);
#10815 = ORIENTED_EDGE('',*,*,#10109,.T.);
#10816 = ORIENTED_EDGE('',*,*,#10463,.T.);
#10817 = ORIENTED_EDGE('',*,*,#10743,.T.);
#10818 = ORIENTED_EDGE('',*,*,#4108,.F.);
#10819 = ORIENTED_EDGE('',*,*,#3643,.T.);
#10820 = ORIENTED_EDGE('',*,*,#4260,.T.);
#10821 = ORIENTED_EDGE('',*,*,#10734,.T.);
#10822 = ORIENTED_EDGE('',*,*,#5095,.F.);
#10823 = ORIENTED_EDGE('',*,*,#4630,.T.);
#10824 = ORIENTED_EDGE('',*,*,#5247,.T.);
#10825 = ORIENTED_EDGE('',*,*,#10725,.T.);
#10826 = ORIENTED_EDGE('',*,*,#6082,.F.);
#10827 = ORIENTED_EDGE('',*,*,#5617,.T.);
#10828 = ORIENTED_EDGE('',*,*,#6234,.T.);
#10829 = ORIENTED_EDGE('',*,*,#10716,.T.);
#10830 = ORIENTED_EDGE('',*,*,#7069,.F.);
#10831 = ORIENTED_EDGE('',*,*,#6604,.T.);
#10832 = ORIENTED_EDGE('',*,*,#7221,.T.);
#10833 = ORIENTED_EDGE('',*,*,#10707,.T.);
#10834 = ORIENTED_EDGE('',*,*,#8056,.F.);
#10835 = ORIENTED_EDGE('',*,*,#8131,.T.);
#10836 = ORIENTED_EDGE('',*,*,#8241,.T.);
#10837 = ORIENTED_EDGE('',*,*,#10698,.T.);
#10838 = ORIENTED_EDGE('',*,*,#8998,.F.);
#10839 = ORIENTED_EDGE('',*,*,#9118,.T.);
#10840 = ORIENTED_EDGE('',*,*,#9228,.T.);
#10841 = ORIENTED_EDGE('',*,*,#10689,.T.);
#10842 = ORIENTED_EDGE('',*,*,#2864,.F.);
#10843 = ORIENTED_EDGE('',*,*,#10844,.F.);
#10844 = EDGE_CURVE('',#10845,#2857,#10847,.T.);
#10845 = VERTEX_POINT('',#10846);
#10846 = CARTESIAN_POINT('',(2.549917062976,-3.031872060928,
    0.959998994475));
#10847 = LINE('',#10848,#10849);
#10848 = CARTESIAN_POINT('',(2.549917062976,-3.031872060928,
    0.959998994475));
#10849 = VECTOR('',#10850,1.);
#10850 = DIRECTION('',(-1.,-8.742277657348E-08,0.));
#10851 = ORIENTED_EDGE('',*,*,#10852,.F.);
#10852 = EDGE_CURVE('',#10653,#10845,#10853,.T.);
#10853 = CIRCLE('',#10854,0.2);
#10854 = AXIS2_PLACEMENT_3D('',#10855,#10856,#10857);
#10855 = CARTESIAN_POINT('',(2.549917062976,-3.03187206967,
    0.759998994475));
#10856 = DIRECTION('',(1.,8.742277657348E-08,-7.88860905221E-31));
#10857 = DIRECTION('',(-8.742277657348E-08,1.,-4.371138828674E-08));
#10858 = ORIENTED_EDGE('',*,*,#10652,.T.);
#10859 = ORIENTED_EDGE('',*,*,#10860,.F.);
#10860 = EDGE_CURVE('',#10785,#10645,#10861,.T.);
#10861 = CIRCLE('',#10862,0.2);
#10862 = AXIS2_PLACEMENT_3D('',#10863,#10864,#10865);
#10863 = CARTESIAN_POINT('',(1.824917062976,-3.031872133051,
    0.759998994475));
#10864 = DIRECTION('',(-1.,-8.742277657348E-08,-6.617444900424E-24));
#10865 = DIRECTION('',(-6.450207698107E-08,0.737817757674,0.674999967749
    ));
#10866 = ORIENTED_EDGE('',*,*,#10784,.T.);
#10867 = ORIENTED_EDGE('',*,*,#10868,.T.);
#10868 = EDGE_CURVE('',#10777,#10753,#10869,.T.);
#10869 = CIRCLE('',#10870,0.2);
#10870 = AXIS2_PLACEMENT_3D('',#10871,#10872,#10873);
#10871 = CARTESIAN_POINT('',(1.674917062976,-3.031872146165,
    0.759998994475));
#10872 = DIRECTION('',(-1.,-8.742277657348E-08,-6.617444900424E-24));
#10873 = DIRECTION('',(-6.450207698107E-08,0.737817757674,0.674999967749
    ));
#10874 = CYLINDRICAL_SURFACE('',#10875,0.2);
#10875 = AXIS2_PLACEMENT_3D('',#10876,#10877,#10878);
#10876 = CARTESIAN_POINT('',(10.821517062976,-3.031871346544,
    0.759998994475));
#10877 = DIRECTION('',(-1.,-8.742277657348E-08,0.));
#10878 = DIRECTION('',(-3.821370931908E-15,4.371138828674E-08,1.));
#10879 = ADVANCED_FACE('',(#10880),#10891,.T.);
#10880 = FACE_BOUND('',#10881,.T.);
#10881 = EDGE_LOOP('',(#10882,#10883,#10884,#10890));
#10882 = ORIENTED_EDGE('',*,*,#2856,.F.);
#10883 = ORIENTED_EDGE('',*,*,#2779,.T.);
#10884 = ORIENTED_EDGE('',*,*,#10885,.F.);
#10885 = EDGE_CURVE('',#10845,#2782,#10886,.T.);
#10886 = LINE('',#10887,#10888);
#10887 = CARTESIAN_POINT('',(2.549917062976,-3.031872060928,
    0.959998994475));
#10888 = VECTOR('',#10889,1.);
#10889 = DIRECTION('',(8.742277657348E-08,-1.,4.371138828674E-08));
#10890 = ORIENTED_EDGE('',*,*,#10844,.T.);
#10891 = PLANE('',#10892);
#10892 = AXIS2_PLACEMENT_3D('',#10893,#10894,#10895);
#10893 = CARTESIAN_POINT('',(2.549917045491,-2.831872060928,
    0.959998985733));
#10894 = DIRECTION('',(-3.821370931908E-15,4.371138828674E-08,1.));
#10895 = DIRECTION('',(-1.,-8.742277657348E-08,0.));
#10896 = ADVANCED_FACE('',(#10897,#10933),#10940,.T.);
#10897 = FACE_BOUND('',#10898,.T.);
#10898 = EDGE_LOOP('',(#10899,#10900,#10901,#10902,#10903,#10904,#10910,
    #10911,#10919,#10927));
#10899 = ORIENTED_EDGE('',*,*,#10666,.T.);
#10900 = ORIENTED_EDGE('',*,*,#10660,.T.);
#10901 = ORIENTED_EDGE('',*,*,#10852,.T.);
#10902 = ORIENTED_EDGE('',*,*,#10885,.T.);
#10903 = ORIENTED_EDGE('',*,*,#2805,.T.);
#10904 = ORIENTED_EDGE('',*,*,#10905,.T.);
#10905 = EDGE_CURVE('',#2798,#2069,#10906,.T.);
#10906 = LINE('',#10907,#10908);
#10907 = CARTESIAN_POINT('',(2.549917125029,-3.741674056556,
    1.059999025502));
#10908 = VECTOR('',#10909,1.);
#10909 = DIRECTION('',(8.742277657348E-08,-1.,4.371138828674E-08));
#10910 = ORIENTED_EDGE('',*,*,#2068,.T.);
#10911 = ORIENTED_EDGE('',*,*,#10912,.T.);
#10912 = EDGE_CURVE('',#2071,#10913,#10915,.T.);
#10913 = VERTEX_POINT('',#10914);
#10914 = CARTESIAN_POINT('',(2.54991711543,-3.631874176691,
    0.609999020702));
#10915 = LINE('',#10916,#10917);
#10916 = CARTESIAN_POINT('',(2.549917141657,-3.931872076227,
    0.609999033816));
#10917 = VECTOR('',#10918,1.);
#10918 = DIRECTION('',(-8.742277657348E-08,1.,-4.371138828674E-08));
#10919 = ORIENTED_EDGE('',*,*,#10920,.F.);
#10920 = EDGE_CURVE('',#10921,#10913,#10923,.T.);
#10921 = VERTEX_POINT('',#10922);
#10922 = CARTESIAN_POINT('',(2.54991711543,-3.631874185433,
    0.409999020702));
#10923 = LINE('',#10924,#10925);
#10924 = CARTESIAN_POINT('',(2.54991711543,-3.631874185433,
    0.409999020702));
#10925 = VECTOR('',#10926,1.);
#10926 = DIRECTION('',(-3.821370931908E-15,4.371138828674E-08,1.));
#10927 = ORIENTED_EDGE('',*,*,#10928,.T.);
#10928 = EDGE_CURVE('',#10921,#10667,#10929,.T.);
#10929 = LINE('',#10930,#10931);
#10930 = CARTESIAN_POINT('',(2.54991711543,-3.631874185433,
    0.409999020702));
#10931 = VECTOR('',#10932,1.);
#10932 = DIRECTION('',(-8.742277657348E-08,1.,-4.371138828674E-08));
#10933 = FACE_BOUND('',#10934,.T.);
#10934 = EDGE_LOOP('',(#10935,#10936,#10937,#10938,#10939));
#10935 = ORIENTED_EDGE('',*,*,#2233,.T.);
#10936 = ORIENTED_EDGE('',*,*,#2216,.T.);
#10937 = ORIENTED_EDGE('',*,*,#2191,.T.);
#10938 = ORIENTED_EDGE('',*,*,#2167,.T.);
#10939 = ORIENTED_EDGE('',*,*,#2242,.T.);
#10940 = PLANE('',#10941);
#10941 = AXIS2_PLACEMENT_3D('',#10942,#10943,#10944);
#10942 = CARTESIAN_POINT('',(2.549916832891,-0.400002056994,
    1.049998879433));
#10943 = DIRECTION('',(1.,8.742277657348E-08,0.));
#10944 = DIRECTION('',(-8.742277657348E-08,1.,-4.371138828674E-08));
#10945 = ADVANCED_FACE('',(#10946,#10951),#10964,.T.);
#10946 = FACE_BOUND('',#10947,.T.);
#10947 = EDGE_LOOP('',(#10948,#10949,#10950));
#10948 = ORIENTED_EDGE('',*,*,#2037,.F.);
#10949 = ORIENTED_EDGE('',*,*,#2013,.F.);
#10950 = ORIENTED_EDGE('',*,*,#2054,.F.);
#10951 = FACE_BOUND('',#10952,.T.);
#10952 = EDGE_LOOP('',(#10953,#10954,#10955,#10956,#10962,#10963));
#10953 = ORIENTED_EDGE('',*,*,#2797,.F.);
#10954 = ORIENTED_EDGE('',*,*,#2849,.F.);
#10955 = ORIENTED_EDGE('',*,*,#2765,.T.);
#10956 = ORIENTED_EDGE('',*,*,#10957,.T.);
#10957 = EDGE_CURVE('',#2758,#2079,#10958,.T.);
#10958 = LINE('',#10959,#10960);
#10959 = CARTESIAN_POINT('',(-2.350083342822,-4.231872484928,
    1.059999046929));
#10960 = VECTOR('',#10961,1.);
#10961 = DIRECTION('',(1.,8.742277657348E-08,0.));
#10962 = ORIENTED_EDGE('',*,*,#2078,.T.);
#10963 = ORIENTED_EDGE('',*,*,#10905,.F.);
#10964 = PLANE('',#10965);
#10965 = AXIS2_PLACEMENT_3D('',#10966,#10967,#10968);
#10966 = CARTESIAN_POINT('',(2.549917125029,-3.741674056556,
    1.059999025502));
#10967 = DIRECTION('',(-3.821370931908E-15,4.371138828674E-08,1.));
#10968 = DIRECTION('',(-1.,-8.742277657348E-08,0.));
#10969 = ADVANCED_FACE('',(#10970),#10981,.T.);
#10970 = FACE_BOUND('',#10971,.T.);
#10971 = EDGE_LOOP('',(#10972,#10973,#10979,#10980));
#10972 = ORIENTED_EDGE('',*,*,#2757,.F.);
#10973 = ORIENTED_EDGE('',*,*,#10974,.T.);
#10974 = EDGE_CURVE('',#2750,#2087,#10975,.T.);
#10975 = LINE('',#10976,#10977);
#10976 = CARTESIAN_POINT('',(-2.350083342822,-4.231872504598,
    0.609999046929));
#10977 = VECTOR('',#10978,1.);
#10978 = DIRECTION('',(1.,8.742277657348E-08,0.));
#10979 = ORIENTED_EDGE('',*,*,#2086,.F.);
#10980 = ORIENTED_EDGE('',*,*,#10957,.F.);
#10981 = PLANE('',#10982);
#10982 = AXIS2_PLACEMENT_3D('',#10983,#10984,#10985);
#10983 = CARTESIAN_POINT('',(2.549917167883,-4.231872056556,
    1.059999046929));
#10984 = DIRECTION('',(8.742277657348E-08,-1.,4.371138828674E-08));
#10985 = DIRECTION('',(3.821370931908E-15,-4.371138828674E-08,-1.));
#10986 = ADVANCED_FACE('',(#10987),#11018,.T.);
#10987 = FACE_BOUND('',#10988,.T.);
#10988 = EDGE_LOOP('',(#10989,#10990,#10991,#10992,#10993,#11001,#11009,
    #11015,#11016,#11017));
#10989 = ORIENTED_EDGE('',*,*,#2749,.T.);
#10990 = ORIENTED_EDGE('',*,*,#2842,.T.);
#10991 = ORIENTED_EDGE('',*,*,#2709,.T.);
#10992 = ORIENTED_EDGE('',*,*,#2694,.T.);
#10993 = ORIENTED_EDGE('',*,*,#10994,.F.);
#10994 = EDGE_CURVE('',#10995,#2687,#10997,.T.);
#10995 = VERTEX_POINT('',#10996);
#10996 = CARTESIAN_POINT('',(1.949917146028,-3.981874229144,
    0.609999036001));
#10997 = LINE('',#10998,#10999);
#10998 = CARTESIAN_POINT('',(1.949917146028,-3.981874229144,
    0.609999036001));
#10999 = VECTOR('',#11000,1.);
#11000 = DIRECTION('',(-1.,-8.742277657348E-08,0.));
#11001 = ORIENTED_EDGE('',*,*,#11002,.T.);
#11002 = EDGE_CURVE('',#10995,#11003,#11005,.T.);
#11003 = VERTEX_POINT('',#11004);
#11004 = CARTESIAN_POINT('',(1.94991711543,-3.631874229144,
    0.609999020702));
#11005 = LINE('',#11006,#11007);
#11006 = CARTESIAN_POINT('',(1.949917146028,-3.981874229144,
    0.609999036001));
#11007 = VECTOR('',#11008,1.);
#11008 = DIRECTION('',(-8.742277657348E-08,1.,-4.371138828674E-08));
#11009 = ORIENTED_EDGE('',*,*,#11010,.T.);
#11010 = EDGE_CURVE('',#11003,#10913,#11011,.T.);
#11011 = LINE('',#11012,#11013);
#11012 = CARTESIAN_POINT('',(1.94991711543,-3.631874229144,
    0.609999020702));
#11013 = VECTOR('',#11014,1.);
#11014 = DIRECTION('',(1.,8.742277657348E-08,0.));
#11015 = ORIENTED_EDGE('',*,*,#10912,.F.);
#11016 = ORIENTED_EDGE('',*,*,#2094,.T.);
#11017 = ORIENTED_EDGE('',*,*,#10974,.F.);
#11018 = PLANE('',#11019);
#11019 = AXIS2_PLACEMENT_3D('',#11020,#11021,#11022);
#11020 = CARTESIAN_POINT('',(2.549916832891,-0.400002076227,
    0.609998879433));
#11021 = DIRECTION('',(3.821370931908E-15,-4.371138828674E-08,-1.));
#11022 = DIRECTION('',(8.742277657348E-08,-1.,4.371138828674E-08));
#11023 = ADVANCED_FACE('',(#11024),#11042,.T.);
#11024 = FACE_BOUND('',#11025,.T.);
#11025 = EDGE_LOOP('',(#11026,#11027,#11035,#11041));
#11026 = ORIENTED_EDGE('',*,*,#2686,.F.);
#11027 = ORIENTED_EDGE('',*,*,#11028,.F.);
#11028 = EDGE_CURVE('',#11029,#2679,#11031,.T.);
#11029 = VERTEX_POINT('',#11030);
#11030 = CARTESIAN_POINT('',(1.949917141657,-3.93187423133,
    0.559999033816));
#11031 = LINE('',#11032,#11033);
#11032 = CARTESIAN_POINT('',(1.949917141657,-3.93187423133,
    0.559999033816));
#11033 = VECTOR('',#11034,1.);
#11034 = DIRECTION('',(-1.,-8.742277657348E-08,0.));
#11035 = ORIENTED_EDGE('',*,*,#11036,.F.);
#11036 = EDGE_CURVE('',#10995,#11029,#11037,.T.);
#11037 = LINE('',#11038,#11039);
#11038 = CARTESIAN_POINT('',(1.949917146028,-3.981874229144,
    0.609999036001));
#11039 = VECTOR('',#11040,1.);
#11040 = DIRECTION('',(-6.181723544314E-08,0.707106750278,
    -0.707106812095));
#11041 = ORIENTED_EDGE('',*,*,#10994,.T.);
#11042 = PLANE('',#11043);
#11043 = AXIS2_PLACEMENT_3D('',#11044,#11045,#11046);
#11044 = CARTESIAN_POINT('',(-8.285615773159E-05,-3.956874400711,
    0.584999034908));
#11045 = DIRECTION('',(6.181724084738E-08,-0.707106812095,
    -0.707106750278));
#11046 = DIRECTION('',(-6.181723544314E-08,0.707106750278,
    -0.707106812095));
#11047 = ADVANCED_FACE('',(#11048),#11066,.F.);
#11048 = FACE_BOUND('',#11049,.T.);
#11049 = EDGE_LOOP('',(#11050,#11051,#11059,#11065));
#11050 = ORIENTED_EDGE('',*,*,#2678,.F.);
#11051 = ORIENTED_EDGE('',*,*,#11052,.T.);
#11052 = EDGE_CURVE('',#2671,#11053,#11055,.T.);
#11053 = VERTEX_POINT('',#11054);
#11054 = CARTESIAN_POINT('',(1.949917141657,-3.931874237886,
    0.409999033816));
#11055 = LINE('',#11056,#11057);
#11056 = CARTESIAN_POINT('',(-1.950082858343,-3.931874578835,
    0.409999033816));
#11057 = VECTOR('',#11058,1.);
#11058 = DIRECTION('',(1.,8.742277657348E-08,0.));
#11059 = ORIENTED_EDGE('',*,*,#11060,.T.);
#11060 = EDGE_CURVE('',#11053,#11029,#11061,.T.);
#11061 = LINE('',#11062,#11063);
#11062 = CARTESIAN_POINT('',(1.949917141657,-3.931874237886,
    0.409999033816));
#11063 = VECTOR('',#11064,1.);
#11064 = DIRECTION('',(-3.821370931908E-15,4.371138828674E-08,1.));
#11065 = ORIENTED_EDGE('',*,*,#11028,.T.);
#11066 = PLANE('',#11067);
#11067 = AXIS2_PLACEMENT_3D('',#11068,#11069,#11070);
#11068 = CARTESIAN_POINT('',(-1.950082858343,-3.931874578835,
    0.409999033816));
#11069 = DIRECTION('',(-8.742277657348E-08,1.,-4.371138828674E-08));
#11070 = DIRECTION('',(-1.,-8.742277657348E-08,0.));
#11071 = ADVANCED_FACE('',(#11072),#11091,.F.);
#11072 = FACE_BOUND('',#11073,.T.);
#11073 = EDGE_LOOP('',(#11074,#11082,#11088,#11089,#11090));
#11074 = ORIENTED_EDGE('',*,*,#11075,.T.);
#11075 = EDGE_CURVE('',#11053,#11076,#11078,.T.);
#11076 = VERTEX_POINT('',#11077);
#11077 = CARTESIAN_POINT('',(1.94991711543,-3.631874237886,
    0.409999020702));
#11078 = LINE('',#11079,#11080);
#11079 = CARTESIAN_POINT('',(1.949917141657,-3.931874237886,
    0.409999033816));
#11080 = VECTOR('',#11081,1.);
#11081 = DIRECTION('',(-8.742277657348E-08,1.,-4.371138828674E-08));
#11082 = ORIENTED_EDGE('',*,*,#11083,.T.);
#11083 = EDGE_CURVE('',#11076,#11003,#11084,.T.);
#11084 = LINE('',#11085,#11086);
#11085 = CARTESIAN_POINT('',(1.94991711543,-3.631874237886,
    0.409999020702));
#11086 = VECTOR('',#11087,1.);
#11087 = DIRECTION('',(-3.821370931908E-15,4.371138828674E-08,1.));
#11088 = ORIENTED_EDGE('',*,*,#11002,.F.);
#11089 = ORIENTED_EDGE('',*,*,#11036,.T.);
#11090 = ORIENTED_EDGE('',*,*,#11060,.F.);
#11091 = PLANE('',#11092);
#11092 = AXIS2_PLACEMENT_3D('',#11093,#11094,#11095);
#11093 = CARTESIAN_POINT('',(1.949917141657,-3.931874237886,
    0.409999033816));
#11094 = DIRECTION('',(-1.,-8.742277657348E-08,0.));
#11095 = DIRECTION('',(-3.821370931908E-15,4.371138828674E-08,1.));
#11096 = ADVANCED_FACE('',(#11097),#11108,.F.);
#11097 = FACE_BOUND('',#11098,.T.);
#11098 = EDGE_LOOP('',(#11099,#11100,#11101,#11102));
#11099 = ORIENTED_EDGE('',*,*,#10920,.T.);
#11100 = ORIENTED_EDGE('',*,*,#11010,.F.);
#11101 = ORIENTED_EDGE('',*,*,#11083,.F.);
#11102 = ORIENTED_EDGE('',*,*,#11103,.T.);
#11103 = EDGE_CURVE('',#11076,#10921,#11104,.T.);
#11104 = LINE('',#11105,#11106);
#11105 = CARTESIAN_POINT('',(1.94991711543,-3.631874237886,
    0.409999020702));
#11106 = VECTOR('',#11107,1.);
#11107 = DIRECTION('',(1.,8.742277657348E-08,0.));
#11108 = PLANE('',#11109);
#11109 = AXIS2_PLACEMENT_3D('',#11110,#11111,#11112);
#11110 = CARTESIAN_POINT('',(1.94991711543,-3.631874237886,
    0.409999020702));
#11111 = DIRECTION('',(-8.742277657348E-08,1.,-4.371138828674E-08));
#11112 = DIRECTION('',(-1.,-8.742277657348E-08,0.));
#11113 = ADVANCED_FACE('',(#11114),#11140,.T.);
#11114 = FACE_BOUND('',#11115,.T.);
#11115 = EDGE_LOOP('',(#11116,#11117,#11118,#11119,#11120,#11121,#11122,
    #11130,#11136,#11137,#11138,#11139));
#11116 = ORIENTED_EDGE('',*,*,#11075,.F.);
#11117 = ORIENTED_EDGE('',*,*,#11052,.F.);
#11118 = ORIENTED_EDGE('',*,*,#2670,.F.);
#11119 = ORIENTED_EDGE('',*,*,#2725,.T.);
#11120 = ORIENTED_EDGE('',*,*,#2835,.F.);
#11121 = ORIENTED_EDGE('',*,*,#10681,.T.);
#11122 = ORIENTED_EDGE('',*,*,#11123,.F.);
#11123 = EDGE_CURVE('',#11124,#2490,#11126,.T.);
#11124 = VERTEX_POINT('',#11125);
#11125 = CARTESIAN_POINT('',(-2.165082896099,-3.500002497167,
    0.409999014938));
#11126 = LINE('',#11127,#11128);
#11127 = CARTESIAN_POINT('',(-2.165082896099,-3.500002497167,
    0.409999014938));
#11128 = VECTOR('',#11129,1.);
#11129 = DIRECTION('',(-8.742277657348E-08,1.,-4.371138828674E-08));
#11130 = ORIENTED_EDGE('',*,*,#11131,.T.);
#11131 = EDGE_CURVE('',#11124,#2410,#11132,.T.);
#11132 = LINE('',#11133,#11134);
#11133 = CARTESIAN_POINT('',(-2.165082896099,-3.500002497167,
    0.409999014938));
#11134 = VECTOR('',#11135,1.);
#11135 = DIRECTION('',(1.,8.742277657348E-08,0.));
#11136 = ORIENTED_EDGE('',*,*,#2442,.T.);
#11137 = ORIENTED_EDGE('',*,*,#10674,.T.);
#11138 = ORIENTED_EDGE('',*,*,#10928,.F.);
#11139 = ORIENTED_EDGE('',*,*,#11103,.F.);
#11140 = PLANE('',#11141);
#11141 = AXIS2_PLACEMENT_3D('',#11142,#11143,#11144);
#11142 = CARTESIAN_POINT('',(2.549917167883,-4.231872084969,
    0.409999046929));
#11143 = DIRECTION('',(3.821370931908E-15,-4.371138828674E-08,-1.));
#11144 = DIRECTION('',(8.742277657348E-08,-1.,4.371138828674E-08));
#11145 = ADVANCED_FACE('',(#11146),#11173,.F.);
#11146 = FACE_BOUND('',#11147,.T.);
#11147 = EDGE_LOOP('',(#11148,#11149,#11150,#11158,#11166,#11172));
#11148 = ORIENTED_EDGE('',*,*,#2489,.F.);
#11149 = ORIENTED_EDGE('',*,*,#2465,.T.);
#11150 = ORIENTED_EDGE('',*,*,#11151,.F.);
#11151 = EDGE_CURVE('',#11152,#2458,#11154,.T.);
#11152 = VERTEX_POINT('',#11153);
#11153 = CARTESIAN_POINT('',(-2.165082974779,-2.600002502413,
    0.289998975598));
#11154 = LINE('',#11155,#11156);
#11155 = CARTESIAN_POINT('',(-2.165082974779,-2.600002502413,
    0.289998975598));
#11156 = VECTOR('',#11157,1.);
#11157 = DIRECTION('',(-3.821370931908E-15,4.371138828674E-08,1.));
#11158 = ORIENTED_EDGE('',*,*,#11159,.F.);
#11159 = EDGE_CURVE('',#11160,#11152,#11162,.T.);
#11160 = VERTEX_POINT('',#11161);
#11161 = CARTESIAN_POINT('',(-2.165082896099,-3.500002502413,
    0.289999014938));
#11162 = LINE('',#11163,#11164);
#11163 = CARTESIAN_POINT('',(-2.165082896099,-3.500002502413,
    0.289999014938));
#11164 = VECTOR('',#11165,1.);
#11165 = DIRECTION('',(-8.742277657348E-08,1.,-4.371138828674E-08));
#11166 = ORIENTED_EDGE('',*,*,#11167,.F.);
#11167 = EDGE_CURVE('',#11124,#11160,#11168,.T.);
#11168 = LINE('',#11169,#11170);
#11169 = CARTESIAN_POINT('',(-2.165082896099,-3.500002497167,
    0.409999014938));
#11170 = VECTOR('',#11171,1.);
#11171 = DIRECTION('',(3.821370931908E-15,-4.371138828674E-08,-1.));
#11172 = ORIENTED_EDGE('',*,*,#11123,.T.);
#11173 = PLANE('',#11174);
#11174 = AXIS2_PLACEMENT_3D('',#11175,#11176,#11177);
#11175 = CARTESIAN_POINT('',(-2.165082896099,-3.500002502413,
    0.289999014938));
#11176 = DIRECTION('',(1.,8.742277657348E-08,0.));
#11177 = DIRECTION('',(-8.742277657348E-08,1.,-4.371138828674E-08));
#11178 = ADVANCED_FACE('',(#11179),#11213,.T.);
#11179 = FACE_BOUND('',#11180,.T.);
#11180 = EDGE_LOOP('',(#11181,#11191,#11199,#11207));
#11181 = ORIENTED_EDGE('',*,*,#11182,.T.);
#11182 = EDGE_CURVE('',#11183,#11185,#11187,.T.);
#11183 = VERTEX_POINT('',#11184);
#11184 = CARTESIAN_POINT('',(-2.775082913583,-3.300002529077,
    0.899999006196));
#11185 = VERTEX_POINT('',#11186);
#11186 = CARTESIAN_POINT('',(-2.875082656772,-3.500002531262,
    1.049999014938));
#11187 = LINE('',#11188,#11189);
#11188 = CARTESIAN_POINT('',(-2.775082913583,-3.300002529077,
    0.899999006196));
#11189 = VECTOR('',#11190,1.);
#11190 = DIRECTION('',(-0.371389845177,-0.742781606022,0.557086230897));
#11191 = ORIENTED_EDGE('',*,*,#11192,.F.);
#11192 = EDGE_CURVE('',#11193,#11185,#11195,.T.);
#11193 = VERTEX_POINT('',#11194);
#11194 = CARTESIAN_POINT('',(-2.875082672797,-3.500002564483,
    0.289999014938));
#11195 = LINE('',#11196,#11197);
#11196 = CARTESIAN_POINT('',(-2.875082672797,-3.500002564483,
    0.289999014938));
#11197 = VECTOR('',#11198,1.);
#11198 = DIRECTION('',(2.10857977045E-08,4.371139013012E-08,1.));
#11199 = ORIENTED_EDGE('',*,*,#11200,.F.);
#11200 = EDGE_CURVE('',#11201,#11193,#11203,.T.);
#11201 = VERTEX_POINT('',#11202);
#11202 = CARTESIAN_POINT('',(-2.775082913583,-3.30000255574,
    0.289999006196));
#11203 = LINE('',#11204,#11205);
#11204 = CARTESIAN_POINT('',(-2.775082913583,-3.30000255574,
    0.289999006196));
#11205 = VECTOR('',#11206,1.);
#11206 = DIRECTION('',(-0.447212718396,-0.894427629551,
    3.909667170073E-08));
#11207 = ORIENTED_EDGE('',*,*,#11208,.T.);
#11208 = EDGE_CURVE('',#11201,#11183,#11209,.T.);
#11209 = LINE('',#11210,#11211);
#11210 = CARTESIAN_POINT('',(-2.775082913583,-3.30000255574,
    0.289999006196));
#11211 = VECTOR('',#11212,1.);
#11212 = DIRECTION('',(-3.821370931908E-15,4.371138828674E-08,1.));
#11213 = PLANE('',#11214);
#11214 = AXIS2_PLACEMENT_3D('',#11215,#11216,#11217);
#11215 = CARTESIAN_POINT('',(-2.82508279319,-3.400002543501,
    0.669999010567));
#11216 = DIRECTION('',(0.894427629551,-0.447212718396,1.954829219854E-08
    ));
#11217 = DIRECTION('',(0.447212718396,0.894427629551,-3.909667170073E-08
    ));
#11218 = ADVANCED_FACE('',(#11219),#11243,.F.);
#11219 = FACE_BOUND('',#11220,.T.);
#11220 = EDGE_LOOP('',(#11221,#11222,#11230,#11236,#11237));
#11221 = ORIENTED_EDGE('',*,*,#11159,.T.);
#11222 = ORIENTED_EDGE('',*,*,#11223,.F.);
#11223 = EDGE_CURVE('',#11224,#11152,#11226,.T.);
#11224 = VERTEX_POINT('',#11225);
#11225 = CARTESIAN_POINT('',(-2.775082974779,-2.60000255574,
    0.289998975598));
#11226 = LINE('',#11227,#11228);
#11227 = CARTESIAN_POINT('',(-2.775082974779,-2.60000255574,
    0.289998975598));
#11228 = VECTOR('',#11229,1.);
#11229 = DIRECTION('',(1.,8.742277657348E-08,0.));
#11230 = ORIENTED_EDGE('',*,*,#11231,.F.);
#11231 = EDGE_CURVE('',#11201,#11224,#11232,.T.);
#11232 = LINE('',#11233,#11234);
#11233 = CARTESIAN_POINT('',(-2.775082913583,-3.30000255574,
    0.289999006196));
#11234 = VECTOR('',#11235,1.);
#11235 = DIRECTION('',(-8.742277657348E-08,1.,-4.371138828674E-08));
#11236 = ORIENTED_EDGE('',*,*,#11200,.T.);
#11237 = ORIENTED_EDGE('',*,*,#11238,.F.);
#11238 = EDGE_CURVE('',#11160,#11193,#11239,.T.);
#11239 = LINE('',#11240,#11241);
#11240 = CARTESIAN_POINT('',(-2.165082896099,-3.500002502413,
    0.289999014938));
#11241 = VECTOR('',#11242,1.);
#11242 = DIRECTION('',(-1.,-8.742277657348E-08,0.));
#11243 = PLANE('',#11244);
#11244 = AXIS2_PLACEMENT_3D('',#11245,#11246,#11247);
#11245 = CARTESIAN_POINT('',(-2.775082896099,-3.50000255574,
    0.289999014938));
#11246 = DIRECTION('',(3.821370931908E-15,-4.371138828674E-08,-1.));
#11247 = DIRECTION('',(8.742277657348E-08,-1.,4.371138828674E-08));
#11248 = ADVANCED_FACE('',(#11249),#11267,.F.);
#11249 = FACE_BOUND('',#11250,.T.);
#11250 = EDGE_LOOP('',(#11251,#11252,#11253,#11261));
#11251 = ORIENTED_EDGE('',*,*,#11208,.F.);
#11252 = ORIENTED_EDGE('',*,*,#11231,.T.);
#11253 = ORIENTED_EDGE('',*,*,#11254,.F.);
#11254 = EDGE_CURVE('',#11255,#11224,#11257,.T.);
#11255 = VERTEX_POINT('',#11256);
#11256 = CARTESIAN_POINT('',(-2.775082974779,-2.600002529077,
    0.899998975598));
#11257 = LINE('',#11258,#11259);
#11258 = CARTESIAN_POINT('',(-2.775082974779,-2.600002529077,
    0.899998975598));
#11259 = VECTOR('',#11260,1.);
#11260 = DIRECTION('',(3.821370931908E-15,-4.371138828674E-08,-1.));
#11261 = ORIENTED_EDGE('',*,*,#11262,.F.);
#11262 = EDGE_CURVE('',#11183,#11255,#11263,.T.);
#11263 = LINE('',#11264,#11265);
#11264 = CARTESIAN_POINT('',(-2.775082913583,-3.300002529077,
    0.899999006196));
#11265 = VECTOR('',#11266,1.);
#11266 = DIRECTION('',(-8.742277657348E-08,1.,-4.371138828674E-08));
#11267 = PLANE('',#11268);
#11268 = AXIS2_PLACEMENT_3D('',#11269,#11270,#11271);
#11269 = CARTESIAN_POINT('',(-2.775082896099,-3.50000252252,
    1.049999014938));
#11270 = DIRECTION('',(-1.,-8.742277657348E-08,0.));
#11271 = DIRECTION('',(-3.821370931908E-15,4.371138828674E-08,1.));
#11272 = ADVANCED_FACE('',(#11273),#11307,.F.);
#11273 = FACE_BOUND('',#11274,.T.);
#11274 = EDGE_LOOP('',(#11275,#11285,#11293,#11301));
#11275 = ORIENTED_EDGE('',*,*,#11276,.T.);
#11276 = EDGE_CURVE('',#11277,#11279,#11281,.T.);
#11277 = VERTEX_POINT('',#11278);
#11278 = CARTESIAN_POINT('',(-2.605082974779,-2.600002514215,
    0.899998975598));
#11279 = VERTEX_POINT('',#11280);
#11280 = CARTESIAN_POINT('',(-2.555082974779,-2.600002503287,
    1.049998975598));
#11281 = LINE('',#11282,#11283);
#11282 = CARTESIAN_POINT('',(-2.605082974779,-2.600002514215,
    0.899998975598));
#11283 = VECTOR('',#11284,1.);
#11284 = DIRECTION('',(0.316227766017,6.911377333705E-08,0.948683298051)
  );
#11285 = ORIENTED_EDGE('',*,*,#11286,.F.);
#11286 = EDGE_CURVE('',#11287,#11279,#11289,.T.);
#11287 = VERTEX_POINT('',#11288);
#11288 = CARTESIAN_POINT('',(-2.555083088429,-1.300002503287,
    1.049998918773));
#11289 = LINE('',#11290,#11291);
#11290 = CARTESIAN_POINT('',(-2.555083088429,-1.300002503287,
    1.049998918773));
#11291 = VECTOR('',#11292,1.);
#11292 = DIRECTION('',(8.742277657348E-08,-1.,4.371138828674E-08));
#11293 = ORIENTED_EDGE('',*,*,#11294,.F.);
#11294 = EDGE_CURVE('',#11295,#11287,#11297,.T.);
#11295 = VERTEX_POINT('',#11296);
#11296 = CARTESIAN_POINT('',(-2.605083088429,-1.300002514215,
    0.899998918773));
#11297 = LINE('',#11298,#11299);
#11298 = CARTESIAN_POINT('',(-2.605083088429,-1.300002514215,
    0.899998918773));
#11299 = VECTOR('',#11300,1.);
#11300 = DIRECTION('',(0.316227766017,6.911377333705E-08,0.948683298051)
  );
#11301 = ORIENTED_EDGE('',*,*,#11302,.T.);
#11302 = EDGE_CURVE('',#11295,#11277,#11303,.T.);
#11303 = LINE('',#11304,#11305);
#11304 = CARTESIAN_POINT('',(-2.605083088429,-1.300002514215,
    0.899998918773));
#11305 = VECTOR('',#11306,1.);
#11306 = DIRECTION('',(8.742277657348E-08,-1.,4.371138828674E-08));
#11307 = PLANE('',#11308);
#11308 = AXIS2_PLACEMENT_3D('',#11309,#11310,#11311);
#11309 = CARTESIAN_POINT('',(-2.605082974779,-2.600002514215,
    0.899998975598));
#11310 = DIRECTION('',(0.948683298051,6.911377333705E-08,-0.316227766017
    ));
#11311 = DIRECTION('',(0.316227766017,6.911377333705E-08,0.948683298051)
  );
#11312 = ADVANCED_FACE('',(#11313),#11363,.F.);
#11313 = FACE_BOUND('',#11314,.T.);
#11314 = EDGE_LOOP('',(#11315,#11325,#11333,#11341,#11349,#11357));
#11315 = ORIENTED_EDGE('',*,*,#11316,.F.);
#11316 = EDGE_CURVE('',#11317,#11319,#11321,.T.);
#11317 = VERTEX_POINT('',#11318);
#11318 = CARTESIAN_POINT('',(-2.455083167109,-0.400002494545,
    1.049998879433));
#11319 = VERTEX_POINT('',#11320);
#11320 = CARTESIAN_POINT('',(-2.455083088429,-1.300002494545,
    1.049998918773));
#11321 = LINE('',#11322,#11323);
#11322 = CARTESIAN_POINT('',(-2.455083167109,-0.400002494545,
    1.049998879433));
#11323 = VECTOR('',#11324,1.);
#11324 = DIRECTION('',(8.742277657348E-08,-1.,4.371138828674E-08));
#11325 = ORIENTED_EDGE('',*,*,#11326,.F.);
#11326 = EDGE_CURVE('',#11327,#11317,#11329,.T.);
#11327 = VERTEX_POINT('',#11328);
#11328 = CARTESIAN_POINT('',(-2.455083167109,-0.400002538256,
    4.999887943268E-02));
#11329 = LINE('',#11330,#11331);
#11330 = CARTESIAN_POINT('',(-2.455083167109,-0.400002538256,
    4.999887943268E-02));
#11331 = VECTOR('',#11332,1.);
#11332 = DIRECTION('',(-3.821370931908E-15,4.371138828674E-08,1.));
#11333 = ORIENTED_EDGE('',*,*,#11334,.F.);
#11334 = EDGE_CURVE('',#11335,#11327,#11337,.T.);
#11335 = VERTEX_POINT('',#11336);
#11336 = CARTESIAN_POINT('',(-2.455082896099,-3.500002538256,
    4.999901493798E-02));
#11337 = LINE('',#11338,#11339);
#11338 = CARTESIAN_POINT('',(-2.455082896099,-3.500002538256,
    4.999901493798E-02));
#11339 = VECTOR('',#11340,1.);
#11340 = DIRECTION('',(-8.742277657348E-08,1.,-4.371138828674E-08));
#11341 = ORIENTED_EDGE('',*,*,#11342,.T.);
#11342 = EDGE_CURVE('',#11335,#11343,#11345,.T.);
#11343 = VERTEX_POINT('',#11344);
#11344 = CARTESIAN_POINT('',(-2.455082896099,-3.50000253607,
    9.999901493798E-02));
#11345 = LINE('',#11346,#11347);
#11346 = CARTESIAN_POINT('',(-2.455082896099,-3.500002538256,
    4.999901493798E-02));
#11347 = VECTOR('',#11348,1.);
#11348 = DIRECTION('',(-3.821370931908E-15,4.371138828674E-08,1.));
#11349 = ORIENTED_EDGE('',*,*,#11350,.F.);
#11350 = EDGE_CURVE('',#11351,#11343,#11353,.T.);
#11351 = VERTEX_POINT('',#11352);
#11352 = CARTESIAN_POINT('',(-2.455083088429,-1.30000253607,
    9.999891877293E-02));
#11353 = LINE('',#11354,#11355);
#11354 = CARTESIAN_POINT('',(-2.455083088429,-1.30000253607,
    9.999891877293E-02));
#11355 = VECTOR('',#11356,1.);
#11356 = DIRECTION('',(8.742277657348E-08,-1.,4.371138828674E-08));
#11357 = ORIENTED_EDGE('',*,*,#11358,.F.);
#11358 = EDGE_CURVE('',#11319,#11351,#11359,.T.);
#11359 = LINE('',#11360,#11361);
#11360 = CARTESIAN_POINT('',(-2.455083088429,-1.300002494545,
    1.049998918773));
#11361 = VECTOR('',#11362,1.);
#11362 = DIRECTION('',(3.821370931908E-15,-4.371138828674E-08,-1.));
#11363 = PLANE('',#11364);
#11364 = AXIS2_PLACEMENT_3D('',#11365,#11366,#11367);
#11365 = CARTESIAN_POINT('',(-2.455083088429,-1.300002494545,
    1.049998918773));
#11366 = DIRECTION('',(1.,8.742277657348E-08,0.));
#11367 = DIRECTION('',(-8.742277657348E-08,1.,-4.371138828674E-08));
#11368 = ADVANCED_FACE('',(#11369),#11403,.T.);
#11369 = FACE_BOUND('',#11370,.T.);
#11370 = EDGE_LOOP('',(#11371,#11381,#11389,#11397));
#11371 = ORIENTED_EDGE('',*,*,#11372,.T.);
#11372 = EDGE_CURVE('',#11373,#11375,#11377,.T.);
#11373 = VERTEX_POINT('',#11374);
#11374 = CARTESIAN_POINT('',(-3.000082896099,-3.500002583716,
    9.999901493798E-02));
#11375 = VERTEX_POINT('',#11376);
#11376 = CARTESIAN_POINT('',(-3.000082896099,-3.50000254219,
    1.049999014938));
#11377 = LINE('',#11378,#11379);
#11378 = CARTESIAN_POINT('',(-3.000082896099,-3.500002583716,
    9.999901493798E-02));
#11379 = VECTOR('',#11380,1.);
#11380 = DIRECTION('',(-3.821370931908E-15,4.371138828674E-08,1.));
#11381 = ORIENTED_EDGE('',*,*,#11382,.F.);
#11382 = EDGE_CURVE('',#11383,#11375,#11385,.T.);
#11383 = VERTEX_POINT('',#11384);
#11384 = CARTESIAN_POINT('',(-3.000083088429,-1.30000254219,
    1.049998918773));
#11385 = LINE('',#11386,#11387);
#11386 = CARTESIAN_POINT('',(-3.000083088429,-1.30000254219,
    1.049998918773));
#11387 = VECTOR('',#11388,1.);
#11388 = DIRECTION('',(8.742277657348E-08,-1.,4.371138828674E-08));
#11389 = ORIENTED_EDGE('',*,*,#11390,.F.);
#11390 = EDGE_CURVE('',#11391,#11383,#11393,.T.);
#11391 = VERTEX_POINT('',#11392);
#11392 = CARTESIAN_POINT('',(-3.000083088429,-1.300002583716,
    9.999891877293E-02));
#11393 = LINE('',#11394,#11395);
#11394 = CARTESIAN_POINT('',(-3.000083088429,-1.300002583716,
    9.999891877293E-02));
#11395 = VECTOR('',#11396,1.);
#11396 = DIRECTION('',(-3.821370931908E-15,4.371138828674E-08,1.));
#11397 = ORIENTED_EDGE('',*,*,#11398,.F.);
#11398 = EDGE_CURVE('',#11373,#11391,#11399,.T.);
#11399 = LINE('',#11400,#11401);
#11400 = CARTESIAN_POINT('',(-3.000082896099,-3.500002583716,
    9.999901493798E-02));
#11401 = VECTOR('',#11402,1.);
#11402 = DIRECTION('',(-8.742277657348E-08,1.,-4.371138828674E-08));
#11403 = PLANE('',#11404);
#11404 = AXIS2_PLACEMENT_3D('',#11405,#11406,#11407);
#11405 = CARTESIAN_POINT('',(-3.000083167109,-0.400002585901,
    4.999887943268E-02));
#11406 = DIRECTION('',(-1.,-8.742277657348E-08,0.));
#11407 = DIRECTION('',(-3.821370931908E-15,4.371138828674E-08,1.));
#11408 = ADVANCED_FACE('',(#11409),#11443,.F.);
#11409 = FACE_BOUND('',#11410,.T.);
#11410 = EDGE_LOOP('',(#11411,#11421,#11429,#11437));
#11411 = ORIENTED_EDGE('',*,*,#11412,.F.);
#11412 = EDGE_CURVE('',#11413,#11415,#11417,.T.);
#11413 = VERTEX_POINT('',#11414);
#11414 = CARTESIAN_POINT('',(-2.605083003192,-2.275002507658,
    1.049998961392));
#11415 = VERTEX_POINT('',#11416);
#11416 = CARTESIAN_POINT('',(-2.605082928239,-3.132365986758,
    1.049998998868));
#11417 = LINE('',#11418,#11419);
#11418 = CARTESIAN_POINT('',(-2.605083003192,-2.275002507658,
    1.049998961392));
#11419 = VECTOR('',#11420,1.);
#11420 = DIRECTION('',(8.742277657348E-08,-1.,4.371138828674E-08));
#11421 = ORIENTED_EDGE('',*,*,#11422,.T.);
#11422 = EDGE_CURVE('',#11413,#11423,#11425,.T.);
#11423 = VERTEX_POINT('',#11424);
#11424 = CARTESIAN_POINT('',(-2.755083003192,-2.275002520771,
    1.049998961392));
#11425 = LINE('',#11426,#11427);
#11426 = CARTESIAN_POINT('',(-2.605083003192,-2.275002507658,
    1.049998961392));
#11427 = VECTOR('',#11428,1.);
#11428 = DIRECTION('',(-1.,-8.742277657348E-08,0.));
#11429 = ORIENTED_EDGE('',*,*,#11430,.T.);
#11430 = EDGE_CURVE('',#11423,#11431,#11433,.T.);
#11431 = VERTEX_POINT('',#11432);
#11432 = CARTESIAN_POINT('',(-2.755082928239,-3.132365999871,
    1.049998998868));
#11433 = LINE('',#11434,#11435);
#11434 = CARTESIAN_POINT('',(-2.755083003192,-2.275002520771,
    1.049998961392));
#11435 = VECTOR('',#11436,1.);
#11436 = DIRECTION('',(8.742277657348E-08,-1.,4.371138828674E-08));
#11437 = ORIENTED_EDGE('',*,*,#11438,.F.);
#11438 = EDGE_CURVE('',#11415,#11431,#11439,.T.);
#11439 = LINE('',#11440,#11441);
#11440 = CARTESIAN_POINT('',(-2.605082928239,-3.132365986758,
    1.049998998868));
#11441 = VECTOR('',#11442,1.);
#11442 = DIRECTION('',(-1.,-8.742277657348E-08,0.));
#11443 = PLANE('',#11444);
#11444 = AXIS2_PLACEMENT_3D('',#11445,#11446,#11447);
#11445 = CARTESIAN_POINT('',(-2.605083007563,-2.225002507658,
    1.049998959206));
#11446 = DIRECTION('',(3.821370931908E-15,-4.371138828674E-08,-1.));
#11447 = DIRECTION('',(8.742277657348E-08,-1.,4.371138828674E-08));
#11448 = ADVANCED_FACE('',(#11449),#11476,.T.);
#11449 = FACE_BOUND('',#11450,.T.);
#11450 = EDGE_LOOP('',(#11451,#11452,#11461,#11469));
#11451 = ORIENTED_EDGE('',*,*,#11422,.F.);
#11452 = ORIENTED_EDGE('',*,*,#11453,.F.);
#11453 = EDGE_CURVE('',#11454,#11413,#11456,.T.);
#11454 = VERTEX_POINT('',#11455);
#11455 = CARTESIAN_POINT('',(-2.605083007563,-2.225002509844,
    0.999998959206));
#11456 = CIRCLE('',#11457,5.E-02);
#11457 = AXIS2_PLACEMENT_3D('',#11458,#11459,#11460);
#11458 = CARTESIAN_POINT('',(-2.605083003192,-2.275002509844,
    0.999998961392));
#11459 = DIRECTION('',(1.,8.742277657348E-08,-7.88860905221E-31));
#11460 = DIRECTION('',(-8.742277657348E-08,1.,-4.371138828674E-08));
#11461 = ORIENTED_EDGE('',*,*,#11462,.T.);
#11462 = EDGE_CURVE('',#11454,#11463,#11465,.T.);
#11463 = VERTEX_POINT('',#11464);
#11464 = CARTESIAN_POINT('',(-2.755083007563,-2.225002522957,
    0.999998959206));
#11465 = LINE('',#11466,#11467);
#11466 = CARTESIAN_POINT('',(-2.605083007563,-2.225002509844,
    0.999998959206));
#11467 = VECTOR('',#11468,1.);
#11468 = DIRECTION('',(-1.,-8.742277657348E-08,0.));
#11469 = ORIENTED_EDGE('',*,*,#11470,.F.);
#11470 = EDGE_CURVE('',#11423,#11463,#11471,.T.);
#11471 = CIRCLE('',#11472,5.E-02);
#11472 = AXIS2_PLACEMENT_3D('',#11473,#11474,#11475);
#11473 = CARTESIAN_POINT('',(-2.755083003192,-2.275002522957,
    0.999998961392));
#11474 = DIRECTION('',(-1.,-8.742277657348E-08,0.));
#11475 = DIRECTION('',(-3.821369415365E-15,4.37113709395E-08,1.));
#11476 = CYLINDRICAL_SURFACE('',#11477,5.E-02);
#11477 = AXIS2_PLACEMENT_3D('',#11478,#11479,#11480);
#11478 = CARTESIAN_POINT('',(9.397024286863,-2.275001460586,
    0.999998961392));
#11479 = DIRECTION('',(-1.,-8.742277657348E-08,0.));
#11480 = DIRECTION('',(-3.821370931908E-15,4.371138828674E-08,1.));
#11481 = ADVANCED_FACE('',(#11482),#11507,.F.);
#11482 = FACE_BOUND('',#11483,.T.);
#11483 = EDGE_LOOP('',(#11484,#11492,#11500,#11506));
#11484 = ORIENTED_EDGE('',*,*,#11485,.F.);
#11485 = EDGE_CURVE('',#11486,#11454,#11488,.T.);
#11486 = VERTEX_POINT('',#11487);
#11487 = CARTESIAN_POINT('',(-2.605083060016,-1.625002509844,
    0.999998932979));
#11488 = LINE('',#11489,#11490);
#11489 = CARTESIAN_POINT('',(-2.605083060016,-1.625002509844,
    0.999998932979));
#11490 = VECTOR('',#11491,1.);
#11491 = DIRECTION('',(8.742277657348E-08,-1.,4.371138828674E-08));
#11492 = ORIENTED_EDGE('',*,*,#11493,.T.);
#11493 = EDGE_CURVE('',#11486,#11494,#11496,.T.);
#11494 = VERTEX_POINT('',#11495);
#11495 = CARTESIAN_POINT('',(-2.755083060016,-1.625002522957,
    0.999998932979));
#11496 = LINE('',#11497,#11498);
#11497 = CARTESIAN_POINT('',(-2.605083060016,-1.625002509844,
    0.999998932979));
#11498 = VECTOR('',#11499,1.);
#11499 = DIRECTION('',(-1.,-8.742277657348E-08,0.));
#11500 = ORIENTED_EDGE('',*,*,#11501,.T.);
#11501 = EDGE_CURVE('',#11494,#11463,#11502,.T.);
#11502 = LINE('',#11503,#11504);
#11503 = CARTESIAN_POINT('',(-2.755083060016,-1.625002522957,
    0.999998932979));
#11504 = VECTOR('',#11505,1.);
#11505 = DIRECTION('',(8.742277657348E-08,-1.,4.371138828674E-08));
#11506 = ORIENTED_EDGE('',*,*,#11462,.F.);
#11507 = PLANE('',#11508);
#11508 = AXIS2_PLACEMENT_3D('',#11509,#11510,#11511);
#11509 = CARTESIAN_POINT('',(-2.605083060016,-1.625002509844,
    0.999998932979));
#11510 = DIRECTION('',(3.821370931908E-15,-4.371138828674E-08,-1.));
#11511 = DIRECTION('',(8.742277657348E-08,-1.,4.371138828674E-08));
#11512 = ADVANCED_FACE('',(#11513),#11538,.F.);
#11513 = FACE_BOUND('',#11514,.T.);
#11514 = EDGE_LOOP('',(#11515,#11525,#11531,#11532));
#11515 = ORIENTED_EDGE('',*,*,#11516,.T.);
#11516 = EDGE_CURVE('',#11517,#11519,#11521,.T.);
#11517 = VERTEX_POINT('',#11518);
#11518 = CARTESIAN_POINT('',(-2.605083060016,-1.625002508751,
    1.024998932979));
#11519 = VERTEX_POINT('',#11520);
#11520 = CARTESIAN_POINT('',(-2.755083060016,-1.625002521864,
    1.024998932979));
#11521 = LINE('',#11522,#11523);
#11522 = CARTESIAN_POINT('',(-2.605083060016,-1.625002508751,
    1.024998932979));
#11523 = VECTOR('',#11524,1.);
#11524 = DIRECTION('',(-1.,-8.742277657348E-08,0.));
#11525 = ORIENTED_EDGE('',*,*,#11526,.T.);
#11526 = EDGE_CURVE('',#11519,#11494,#11527,.T.);
#11527 = LINE('',#11528,#11529);
#11528 = CARTESIAN_POINT('',(-2.755083060016,-1.625002521864,
    1.024998932979));
#11529 = VECTOR('',#11530,1.);
#11530 = DIRECTION('',(3.821370931908E-15,-4.371138828674E-08,-1.));
#11531 = ORIENTED_EDGE('',*,*,#11493,.F.);
#11532 = ORIENTED_EDGE('',*,*,#11533,.F.);
#11533 = EDGE_CURVE('',#11517,#11486,#11534,.T.);
#11534 = LINE('',#11535,#11536);
#11535 = CARTESIAN_POINT('',(-2.605083060016,-1.625002508751,
    1.024998932979));
#11536 = VECTOR('',#11537,1.);
#11537 = DIRECTION('',(3.821370931908E-15,-4.371138828674E-08,-1.));
#11538 = PLANE('',#11539);
#11539 = AXIS2_PLACEMENT_3D('',#11540,#11541,#11542);
#11540 = CARTESIAN_POINT('',(-2.605083060016,-1.625002508751,
    1.024998932979));
#11541 = DIRECTION('',(-8.742277657348E-08,1.,-4.371138828674E-08));
#11542 = DIRECTION('',(-1.,-8.742277657348E-08,0.));
#11543 = ADVANCED_FACE('',(#11544),#11569,.F.);
#11544 = FACE_BOUND('',#11545,.T.);
#11545 = EDGE_LOOP('',(#11546,#11554,#11555,#11563));
#11546 = ORIENTED_EDGE('',*,*,#11547,.T.);
#11547 = EDGE_CURVE('',#11548,#11519,#11550,.T.);
#11548 = VERTEX_POINT('',#11549);
#11549 = CARTESIAN_POINT('',(-2.75508313214,-0.800002521864,
    1.024998896917));
#11550 = LINE('',#11551,#11552);
#11551 = CARTESIAN_POINT('',(-2.75508313214,-0.800002521864,
    1.024998896917));
#11552 = VECTOR('',#11553,1.);
#11553 = DIRECTION('',(8.742277657348E-08,-1.,4.371138828674E-08));
#11554 = ORIENTED_EDGE('',*,*,#11516,.F.);
#11555 = ORIENTED_EDGE('',*,*,#11556,.F.);
#11556 = EDGE_CURVE('',#11557,#11517,#11559,.T.);
#11557 = VERTEX_POINT('',#11558);
#11558 = CARTESIAN_POINT('',(-2.60508313214,-0.800002508751,
    1.024998896917));
#11559 = LINE('',#11560,#11561);
#11560 = CARTESIAN_POINT('',(-2.60508313214,-0.800002508751,
    1.024998896917));
#11561 = VECTOR('',#11562,1.);
#11562 = DIRECTION('',(8.742277657348E-08,-1.,4.371138828674E-08));
#11563 = ORIENTED_EDGE('',*,*,#11564,.T.);
#11564 = EDGE_CURVE('',#11557,#11548,#11565,.T.);
#11565 = LINE('',#11566,#11567);
#11566 = CARTESIAN_POINT('',(-2.60508313214,-0.800002508751,
    1.024998896917));
#11567 = VECTOR('',#11568,1.);
#11568 = DIRECTION('',(-1.,-8.742277657348E-08,0.));
#11569 = PLANE('',#11570);
#11570 = AXIS2_PLACEMENT_3D('',#11571,#11572,#11573);
#11571 = CARTESIAN_POINT('',(-2.605083140883,-0.700002508751,
    1.024998892546));
#11572 = DIRECTION('',(3.821370931908E-15,-4.371138828674E-08,-1.));
#11573 = DIRECTION('',(8.742277657348E-08,-1.,4.371138828674E-08));
#11574 = ADVANCED_FACE('',(#11575),#11602,.T.);
#11575 = FACE_BOUND('',#11576,.T.);
#11576 = EDGE_LOOP('',(#11577,#11578,#11587,#11595));
#11577 = ORIENTED_EDGE('',*,*,#11564,.F.);
#11578 = ORIENTED_EDGE('',*,*,#11579,.F.);
#11579 = EDGE_CURVE('',#11580,#11557,#11582,.T.);
#11580 = VERTEX_POINT('',#11581);
#11581 = CARTESIAN_POINT('',(-2.605083140883,-0.700002513122,
    0.924998892546));
#11582 = CIRCLE('',#11583,1.E-01);
#11583 = AXIS2_PLACEMENT_3D('',#11584,#11585,#11586);
#11584 = CARTESIAN_POINT('',(-2.60508313214,-0.800002513122,
    0.924998896917));
#11585 = DIRECTION('',(1.,8.742277657348E-08,-7.88860905221E-31));
#11586 = DIRECTION('',(-8.742277657348E-08,1.,-4.371138828674E-08));
#11587 = ORIENTED_EDGE('',*,*,#11588,.T.);
#11588 = EDGE_CURVE('',#11580,#11589,#11591,.T.);
#11589 = VERTEX_POINT('',#11590);
#11590 = CARTESIAN_POINT('',(-2.755083140883,-0.700002526235,
    0.924998892546));
#11591 = LINE('',#11592,#11593);
#11592 = CARTESIAN_POINT('',(-2.605083140883,-0.700002513122,
    0.924998892546));
#11593 = VECTOR('',#11594,1.);
#11594 = DIRECTION('',(-1.,-8.742277657348E-08,0.));
#11595 = ORIENTED_EDGE('',*,*,#11596,.F.);
#11596 = EDGE_CURVE('',#11548,#11589,#11597,.T.);
#11597 = CIRCLE('',#11598,1.E-01);
#11598 = AXIS2_PLACEMENT_3D('',#11599,#11600,#11601);
#11599 = CARTESIAN_POINT('',(-2.75508313214,-0.800002526235,
    0.924998896917));
#11600 = DIRECTION('',(-1.,-8.742277657348E-08,0.));
#11601 = DIRECTION('',(-3.821372069316E-15,4.371140129716E-08,1.));
#11602 = CYLINDRICAL_SURFACE('',#11603,1.E-01);
#11603 = AXIS2_PLACEMENT_3D('',#11604,#11605,#11606);
#11604 = CARTESIAN_POINT('',(10.3876644011,-0.80000137726,0.924998896917
    ));
#11605 = DIRECTION('',(-1.,-8.742277657348E-08,0.));
#11606 = DIRECTION('',(-3.821370931908E-15,4.371138828674E-08,1.));
#11607 = ADVANCED_FACE('',(#11608),#11633,.F.);
#11608 = FACE_BOUND('',#11609,.T.);
#11609 = EDGE_LOOP('',(#11610,#11618,#11626,#11632));
#11610 = ORIENTED_EDGE('',*,*,#11611,.F.);
#11611 = EDGE_CURVE('',#11612,#11580,#11614,.T.);
#11612 = VERTEX_POINT('',#11613);
#11613 = CARTESIAN_POINT('',(-2.605083140883,-0.700002553555,
    -1.107453904914E-06));
#11614 = LINE('',#11615,#11616);
#11615 = CARTESIAN_POINT('',(-2.605083140883,-0.700002553555,
    -1.107453904914E-06));
#11616 = VECTOR('',#11617,1.);
#11617 = DIRECTION('',(-3.821370931908E-15,4.371138828674E-08,1.));
#11618 = ORIENTED_EDGE('',*,*,#11619,.T.);
#11619 = EDGE_CURVE('',#11612,#11620,#11622,.T.);
#11620 = VERTEX_POINT('',#11621);
#11621 = CARTESIAN_POINT('',(-2.755083140883,-0.700002566668,
    -1.107453904914E-06));
#11622 = LINE('',#11623,#11624);
#11623 = CARTESIAN_POINT('',(-2.605083140883,-0.700002553555,
    -1.107453904914E-06));
#11624 = VECTOR('',#11625,1.);
#11625 = DIRECTION('',(-1.,-8.742277657348E-08,0.));
#11626 = ORIENTED_EDGE('',*,*,#11627,.T.);
#11627 = EDGE_CURVE('',#11620,#11589,#11628,.T.);
#11628 = LINE('',#11629,#11630);
#11629 = CARTESIAN_POINT('',(-2.755083140883,-0.700002566668,
    -1.107453904914E-06));
#11630 = VECTOR('',#11631,1.);
#11631 = DIRECTION('',(-3.821370931908E-15,4.371138828674E-08,1.));
#11632 = ORIENTED_EDGE('',*,*,#11588,.F.);
#11633 = PLANE('',#11634);
#11634 = AXIS2_PLACEMENT_3D('',#11635,#11636,#11637);
#11635 = CARTESIAN_POINT('',(-2.605083140883,-0.700002553555,
    -1.107453904914E-06));
#11636 = DIRECTION('',(8.742277657348E-08,-1.,4.371138828674E-08));
#11637 = DIRECTION('',(3.821370931908E-15,-4.371138828674E-08,-1.));
#11638 = ADVANCED_FACE('',(#11639),#11664,.F.);
#11639 = FACE_BOUND('',#11640,.T.);
#11640 = EDGE_LOOP('',(#11641,#11649,#11650,#11658));
#11641 = ORIENTED_EDGE('',*,*,#11642,.T.);
#11642 = EDGE_CURVE('',#11643,#11620,#11645,.T.);
#11643 = VERTEX_POINT('',#11644);
#11644 = CARTESIAN_POINT('',(-2.755083099219,-1.176576844409,
    -1.086622181568E-06));
#11645 = LINE('',#11646,#11647);
#11646 = CARTESIAN_POINT('',(-2.755083099219,-1.176576844409,
    -1.086622181568E-06));
#11647 = VECTOR('',#11648,1.);
#11648 = DIRECTION('',(-8.742277657348E-08,1.,-4.371138828674E-08));
#11649 = ORIENTED_EDGE('',*,*,#11619,.F.);
#11650 = ORIENTED_EDGE('',*,*,#11651,.F.);
#11651 = EDGE_CURVE('',#11652,#11612,#11654,.T.);
#11652 = VERTEX_POINT('',#11653);
#11653 = CARTESIAN_POINT('',(-2.605083099219,-1.176576831296,
    -1.086622181568E-06));
#11654 = LINE('',#11655,#11656);
#11655 = CARTESIAN_POINT('',(-2.605083099219,-1.176576831296,
    -1.086622181568E-06));
#11656 = VECTOR('',#11657,1.);
#11657 = DIRECTION('',(-8.742277657348E-08,1.,-4.371138828674E-08));
#11658 = ORIENTED_EDGE('',*,*,#11659,.T.);
#11659 = EDGE_CURVE('',#11652,#11643,#11660,.T.);
#11660 = LINE('',#11661,#11662);
#11661 = CARTESIAN_POINT('',(-2.605083099219,-1.176576831296,
    -1.086622181568E-06));
#11662 = VECTOR('',#11663,1.);
#11663 = DIRECTION('',(-1.,-8.742277657348E-08,0.));
#11664 = PLANE('',#11665);
#11665 = AXIS2_PLACEMENT_3D('',#11666,#11667,#11668);
#11666 = CARTESIAN_POINT('',(-2.605083091052,-1.270002553555,
    -1.082538413577E-06));
#11667 = DIRECTION('',(-3.821370931908E-15,4.371138828674E-08,1.));
#11668 = DIRECTION('',(-1.,-8.742277657348E-08,0.));
#11669 = ADVANCED_FACE('',(#11670),#11697,.T.);
#11670 = FACE_BOUND('',#11671,.T.);
#11671 = EDGE_LOOP('',(#11672,#11673,#11682,#11690));
#11672 = ORIENTED_EDGE('',*,*,#11659,.F.);
#11673 = ORIENTED_EDGE('',*,*,#11674,.F.);
#11674 = EDGE_CURVE('',#11675,#11652,#11677,.T.);
#11675 = VERTEX_POINT('',#11676);
#11676 = CARTESIAN_POINT('',(-2.605083095582,-1.218179377727,
    2.226395441572E-02));
#11677 = CIRCLE('',#11678,5.E-02);
#11678 = AXIS2_PLACEMENT_3D('',#11679,#11680,#11681);
#11679 = CARTESIAN_POINT('',(-2.605083099219,-1.17657682911,
    4.999891337782E-02));
#11680 = DIRECTION('',(1.,8.742277657348E-08,6.617444900424E-24));
#11681 = DIRECTION('',(7.274020625142E-08,-0.832050972326,
    -0.554699179241));
#11682 = ORIENTED_EDGE('',*,*,#11683,.T.);
#11683 = EDGE_CURVE('',#11675,#11684,#11686,.T.);
#11684 = VERTEX_POINT('',#11685);
#11685 = CARTESIAN_POINT('',(-2.755083095582,-1.21817939084,
    2.226395441572E-02));
#11686 = LINE('',#11687,#11688);
#11687 = CARTESIAN_POINT('',(-2.605083095582,-1.218179377727,
    2.226395441572E-02));
#11688 = VECTOR('',#11689,1.);
#11689 = DIRECTION('',(-1.,-8.742277657348E-08,0.));
#11690 = ORIENTED_EDGE('',*,*,#11691,.F.);
#11691 = EDGE_CURVE('',#11643,#11684,#11692,.T.);
#11692 = CIRCLE('',#11693,5.E-02);
#11693 = AXIS2_PLACEMENT_3D('',#11694,#11695,#11696);
#11694 = CARTESIAN_POINT('',(-2.755083099219,-1.176576842224,
    4.999891337782E-02));
#11695 = DIRECTION('',(-1.,-8.742277657348E-08,7.88860905221E-31));
#11696 = DIRECTION('',(3.821370931908E-15,-4.371138828674E-08,-1.));
#11697 = CYLINDRICAL_SURFACE('',#11698,5.E-02);
#11698 = AXIS2_PLACEMENT_3D('',#11699,#11700,#11701);
#11699 = CARTESIAN_POINT('',(9.824102713198,-1.176575742517,
    4.999891337782E-02));
#11700 = DIRECTION('',(-1.,-8.742277657348E-08,0.));
#11701 = DIRECTION('',(3.821370931908E-15,-4.371138828674E-08,-1.));
#11702 = ADVANCED_FACE('',(#11703),#11728,.T.);
#11703 = FACE_BOUND('',#11704,.T.);
#11704 = EDGE_LOOP('',(#11705,#11713,#11714,#11722));
#11705 = ORIENTED_EDGE('',*,*,#11706,.F.);
#11706 = EDGE_CURVE('',#11684,#11707,#11709,.T.);
#11707 = VERTEX_POINT('',#11708);
#11708 = CARTESIAN_POINT('',(-2.755083091419,-1.265803836275,
    9.370081174865E-02));
#11709 = LINE('',#11710,#11711);
#11710 = CARTESIAN_POINT('',(-2.755083095582,-1.21817939084,
    2.226395441572E-02));
#11711 = VECTOR('',#11712,1.);
#11712 = DIRECTION('',(4.84933424123E-08,-0.554699179241,0.832050972326)
  );
#11713 = ORIENTED_EDGE('',*,*,#11683,.F.);
#11714 = ORIENTED_EDGE('',*,*,#11715,.F.);
#11715 = EDGE_CURVE('',#11716,#11675,#11718,.T.);
#11716 = VERTEX_POINT('',#11717);
#11717 = CARTESIAN_POINT('',(-2.605083091419,-1.265803823161,
    9.370081174865E-02));
#11718 = LINE('',#11719,#11720);
#11719 = CARTESIAN_POINT('',(-2.605083091419,-1.265803823161,
    9.370081174865E-02));
#11720 = VECTOR('',#11721,1.);
#11721 = DIRECTION('',(-4.84933424123E-08,0.554699179241,-0.832050972326
    ));
#11722 = ORIENTED_EDGE('',*,*,#11723,.F.);
#11723 = EDGE_CURVE('',#11707,#11716,#11724,.T.);
#11724 = LINE('',#11725,#11726);
#11725 = CARTESIAN_POINT('',(-2.755083091419,-1.265803836275,
    9.370081174865E-02));
#11726 = VECTOR('',#11727,1.);
#11727 = DIRECTION('',(1.,8.742277657348E-08,0.));
#11728 = PLANE('',#11729);
#11729 = AXIS2_PLACEMENT_3D('',#11730,#11731,#11732);
#11730 = CARTESIAN_POINT('',(-2.680083093966,-1.23666930971,
    4.999891600454E-02));
#11731 = DIRECTION('',(7.274020625142E-08,-0.832050972326,
    -0.554699179241));
#11732 = DIRECTION('',(-4.84933424123E-08,0.554699179241,-0.832050972326
    ));
#11733 = ADVANCED_FACE('',(#11734),#11761,.T.);
#11734 = FACE_BOUND('',#11735,.T.);
#11735 = EDGE_LOOP('',(#11736,#11746,#11753,#11754));
#11736 = ORIENTED_EDGE('',*,*,#11737,.F.);
#11737 = EDGE_CURVE('',#11738,#11740,#11742,.T.);
#11738 = VERTEX_POINT('',#11739);
#11739 = CARTESIAN_POINT('',(-2.755083091052,-1.270002561966,
    0.107568292322));
#11740 = VERTEX_POINT('',#11741);
#11741 = CARTESIAN_POINT('',(-2.605083091052,-1.270002548853,
    0.107568292322));
#11742 = LINE('',#11743,#11744);
#11743 = CARTESIAN_POINT('',(-2.755083091052,-1.270002561966,
    0.107568292322));
#11744 = VECTOR('',#11745,1.);
#11745 = DIRECTION('',(1.,8.742277657348E-08,0.));
#11746 = ORIENTED_EDGE('',*,*,#11747,.F.);
#11747 = EDGE_CURVE('',#11707,#11738,#11748,.T.);
#11748 = CIRCLE('',#11749,2.5E-02);
#11749 = AXIS2_PLACEMENT_3D('',#11750,#11751,#11752);
#11750 = CARTESIAN_POINT('',(-2.755083093237,-1.245002561966,
    0.10756829123));
#11751 = DIRECTION('',(-1.,-8.742277657348E-08,-6.617444900424E-24));
#11752 = DIRECTION('',(7.274020625142E-08,-0.832050972326,
    -0.554699179241));
#11753 = ORIENTED_EDGE('',*,*,#11723,.T.);
#11754 = ORIENTED_EDGE('',*,*,#11755,.F.);
#11755 = EDGE_CURVE('',#11740,#11716,#11756,.T.);
#11756 = CIRCLE('',#11757,2.5E-02);
#11757 = AXIS2_PLACEMENT_3D('',#11758,#11759,#11760);
#11758 = CARTESIAN_POINT('',(-2.605083093237,-1.245002548853,
    0.10756829123));
#11759 = DIRECTION('',(1.,8.742277657348E-08,-7.88860905221E-31));
#11760 = DIRECTION('',(8.742277657348E-08,-1.,4.371138828674E-08));
#11761 = CYLINDRICAL_SURFACE('',#11762,2.5E-02);
#11762 = AXIS2_PLACEMENT_3D('',#11763,#11764,#11765);
#11763 = CARTESIAN_POINT('',(-10.82168309323,-1.245003267171,
    0.10756829123));
#11764 = DIRECTION('',(1.,8.742277657348E-08,0.));
#11765 = DIRECTION('',(8.742277657348E-08,-1.,4.371138828674E-08));
#11766 = ADVANCED_FACE('',(#11767),#11792,.F.);
#11767 = FACE_BOUND('',#11768,.T.);
#11768 = EDGE_LOOP('',(#11769,#11777,#11785,#11791));
#11769 = ORIENTED_EDGE('',*,*,#11770,.F.);
#11770 = EDGE_CURVE('',#11771,#11740,#11773,.T.);
#11771 = VERTEX_POINT('',#11772);
#11772 = CARTESIAN_POINT('',(-2.605083091052,-1.270002521864,
    0.724998917462));
#11773 = LINE('',#11774,#11775);
#11774 = CARTESIAN_POINT('',(-2.605083091052,-1.270002521864,
    0.724998917462));
#11775 = VECTOR('',#11776,1.);
#11776 = DIRECTION('',(3.821370931908E-15,-4.371138828674E-08,-1.));
#11777 = ORIENTED_EDGE('',*,*,#11778,.F.);
#11778 = EDGE_CURVE('',#11779,#11771,#11781,.T.);
#11779 = VERTEX_POINT('',#11780);
#11780 = CARTESIAN_POINT('',(-2.755083091052,-1.270002534978,
    0.724998917462));
#11781 = LINE('',#11782,#11783);
#11782 = CARTESIAN_POINT('',(-2.755083091052,-1.270002534978,
    0.724998917462));
#11783 = VECTOR('',#11784,1.);
#11784 = DIRECTION('',(1.,8.742277657348E-08,0.));
#11785 = ORIENTED_EDGE('',*,*,#11786,.T.);
#11786 = EDGE_CURVE('',#11779,#11738,#11787,.T.);
#11787 = LINE('',#11788,#11789);
#11788 = CARTESIAN_POINT('',(-2.755083091052,-1.270002534978,
    0.724998917462));
#11789 = VECTOR('',#11790,1.);
#11790 = DIRECTION('',(3.821370931908E-15,-4.371138828674E-08,-1.));
#11791 = ORIENTED_EDGE('',*,*,#11737,.T.);
#11792 = PLANE('',#11793);
#11793 = AXIS2_PLACEMENT_3D('',#11794,#11795,#11796);
#11794 = CARTESIAN_POINT('',(-2.605083091052,-1.270002520771,
    0.749998917462));
#11795 = DIRECTION('',(-8.742277657348E-08,1.,-4.371138828674E-08));
#11796 = DIRECTION('',(-1.,-8.742277657348E-08,0.));
#11797 = ADVANCED_FACE('',(#11798),#11825,.F.);
#11798 = FACE_BOUND('',#11799,.F.);
#11799 = EDGE_LOOP('',(#11800,#11801,#11810,#11818));
#11800 = ORIENTED_EDGE('',*,*,#11778,.F.);
#11801 = ORIENTED_EDGE('',*,*,#11802,.T.);
#11802 = EDGE_CURVE('',#11779,#11803,#11805,.T.);
#11803 = VERTEX_POINT('',#11804);
#11804 = CARTESIAN_POINT('',(-2.755083088866,-1.295002533885,
    0.749998918554));
#11805 = CIRCLE('',#11806,2.5E-02);
#11806 = AXIS2_PLACEMENT_3D('',#11807,#11808,#11809);
#11807 = CARTESIAN_POINT('',(-2.755083088866,-1.295002534978,
    0.724998918554));
#11808 = DIRECTION('',(1.,8.742277657348E-08,-7.88860905221E-31));
#11809 = DIRECTION('',(-8.742277657348E-08,1.,-4.371138828674E-08));
#11810 = ORIENTED_EDGE('',*,*,#11811,.T.);
#11811 = EDGE_CURVE('',#11803,#11812,#11814,.T.);
#11812 = VERTEX_POINT('',#11813);
#11813 = CARTESIAN_POINT('',(-2.605083088866,-1.295002520771,
    0.749998918554));
#11814 = LINE('',#11815,#11816);
#11815 = CARTESIAN_POINT('',(-2.755083088866,-1.295002533885,
    0.749998918554));
#11816 = VECTOR('',#11817,1.);
#11817 = DIRECTION('',(1.,8.742277657348E-08,0.));
#11818 = ORIENTED_EDGE('',*,*,#11819,.T.);
#11819 = EDGE_CURVE('',#11812,#11771,#11820,.T.);
#11820 = CIRCLE('',#11821,2.5E-02);
#11821 = AXIS2_PLACEMENT_3D('',#11822,#11823,#11824);
#11822 = CARTESIAN_POINT('',(-2.605083088866,-1.295002521864,
    0.724998918554));
#11823 = DIRECTION('',(-1.,-8.742277657348E-08,7.88860905221E-31));
#11824 = DIRECTION('',(-3.821370931908E-15,4.371138828674E-08,1.));
#11825 = CYLINDRICAL_SURFACE('',#11826,2.5E-02);
#11826 = AXIS2_PLACEMENT_3D('',#11827,#11828,#11829);
#11827 = CARTESIAN_POINT('',(-10.82168308886,-1.295003240182,
    0.724998918554));
#11828 = DIRECTION('',(1.,8.742277657348E-08,0.));
#11829 = DIRECTION('',(-8.742277657348E-08,1.,-4.371138828674E-08));
#11830 = ADVANCED_FACE('',(#11831),#11856,.F.);
#11831 = FACE_BOUND('',#11832,.T.);
#11832 = EDGE_LOOP('',(#11833,#11841,#11849,#11855));
#11833 = ORIENTED_EDGE('',*,*,#11834,.F.);
#11834 = EDGE_CURVE('',#11835,#11812,#11837,.T.);
#11835 = VERTEX_POINT('',#11836);
#11836 = CARTESIAN_POINT('',(-2.605083088429,-1.300002520771,
    0.749998918773));
#11837 = LINE('',#11838,#11839);
#11838 = CARTESIAN_POINT('',(-2.605083088429,-1.300002520771,
    0.749998918773));
#11839 = VECTOR('',#11840,1.);
#11840 = DIRECTION('',(-8.742277657348E-08,1.,-4.371138828674E-08));
#11841 = ORIENTED_EDGE('',*,*,#11842,.T.);
#11842 = EDGE_CURVE('',#11835,#11843,#11845,.T.);
#11843 = VERTEX_POINT('',#11844);
#11844 = CARTESIAN_POINT('',(-2.755083088429,-1.300002533885,
    0.749998918773));
#11845 = LINE('',#11846,#11847);
#11846 = CARTESIAN_POINT('',(-2.605083088429,-1.300002520771,
    0.749998918773));
#11847 = VECTOR('',#11848,1.);
#11848 = DIRECTION('',(-1.,-8.742277657348E-08,0.));
#11849 = ORIENTED_EDGE('',*,*,#11850,.T.);
#11850 = EDGE_CURVE('',#11843,#11803,#11851,.T.);
#11851 = LINE('',#11852,#11853);
#11852 = CARTESIAN_POINT('',(-2.755083088429,-1.300002533885,
    0.749998918773));
#11853 = VECTOR('',#11854,1.);
#11854 = DIRECTION('',(-8.742286539132E-08,1.,-4.371138828674E-08));
#11855 = ORIENTED_EDGE('',*,*,#11811,.T.);
#11856 = PLANE('',#11857);
#11857 = AXIS2_PLACEMENT_3D('',#11858,#11859,#11860);
#11858 = CARTESIAN_POINT('',(-2.605082990832,-2.416385446212,
    0.749998967572));
#11859 = DIRECTION('',(-3.821370931908E-15,4.371138828674E-08,1.));
#11860 = DIRECTION('',(-1.,-8.742277657348E-08,0.));
#11861 = ADVANCED_FACE('',(#11862),#11916,.F.);
#11862 = FACE_BOUND('',#11863,.T.);
#11863 = EDGE_LOOP('',(#11864,#11865,#11871,#11872,#11878,#11879,#11887,
    #11895,#11903,#11909,#11910));
#11864 = ORIENTED_EDGE('',*,*,#11294,.T.);
#11865 = ORIENTED_EDGE('',*,*,#11866,.T.);
#11866 = EDGE_CURVE('',#11287,#11319,#11867,.T.);
#11867 = LINE('',#11868,#11869);
#11868 = CARTESIAN_POINT('',(-2.555083088429,-1.300002503287,
    1.049998918773));
#11869 = VECTOR('',#11870,1.);
#11870 = DIRECTION('',(1.,8.742277657348E-08,0.));
#11871 = ORIENTED_EDGE('',*,*,#11358,.T.);
#11872 = ORIENTED_EDGE('',*,*,#11873,.F.);
#11873 = EDGE_CURVE('',#11391,#11351,#11874,.T.);
#11874 = LINE('',#11875,#11876);
#11875 = CARTESIAN_POINT('',(-3.000083088429,-1.300002583716,
    9.999891877293E-02));
#11876 = VECTOR('',#11877,1.);
#11877 = DIRECTION('',(1.,8.742277657348E-08,0.));
#11878 = ORIENTED_EDGE('',*,*,#11390,.T.);
#11879 = ORIENTED_EDGE('',*,*,#11880,.T.);
#11880 = EDGE_CURVE('',#11383,#11881,#11883,.T.);
#11881 = VERTEX_POINT('',#11882);
#11882 = CARTESIAN_POINT('',(-2.875082833077,-1.300002531262,
    1.049998918773));
#11883 = LINE('',#11884,#11885);
#11884 = CARTESIAN_POINT('',(-3.000083088429,-1.30000254219,
    1.049998918773));
#11885 = VECTOR('',#11886,1.);
#11886 = DIRECTION('',(1.,8.742277657348E-08,0.));
#11887 = ORIENTED_EDGE('',*,*,#11888,.T.);
#11888 = EDGE_CURVE('',#11881,#11889,#11891,.T.);
#11889 = VERTEX_POINT('',#11890);
#11890 = CARTESIAN_POINT('',(-2.775083088429,-1.300002529077,
    0.899998918773));
#11891 = LINE('',#11892,#11893);
#11892 = CARTESIAN_POINT('',(-2.875082833077,-1.300002531262,
    1.049998918773));
#11893 = VECTOR('',#11894,1.);
#11894 = DIRECTION('',(0.554699215611,1.212324352602E-08,-0.83205094808)
  );
#11895 = ORIENTED_EDGE('',*,*,#11896,.T.);
#11896 = EDGE_CURVE('',#11889,#11897,#11899,.T.);
#11897 = VERTEX_POINT('',#11898);
#11898 = CARTESIAN_POINT('',(-2.755083088429,-1.300002527328,
    0.899998918773));
#11899 = LINE('',#11900,#11901);
#11900 = CARTESIAN_POINT('',(-2.775083088429,-1.300002529077,
    0.899998918773));
#11901 = VECTOR('',#11902,1.);
#11902 = DIRECTION('',(1.,8.742279877794E-08,-9.705877942852E-22));
#11903 = ORIENTED_EDGE('',*,*,#11904,.F.);
#11904 = EDGE_CURVE('',#11843,#11897,#11905,.T.);
#11905 = LINE('',#11906,#11907);
#11906 = CARTESIAN_POINT('',(-2.755083088429,-1.300002533885,
    0.749998918773));
#11907 = VECTOR('',#11908,1.);
#11908 = DIRECTION('',(-3.821370931908E-15,4.371138828674E-08,1.));
#11909 = ORIENTED_EDGE('',*,*,#11842,.F.);
#11910 = ORIENTED_EDGE('',*,*,#11911,.T.);
#11911 = EDGE_CURVE('',#11835,#11295,#11912,.T.);
#11912 = LINE('',#11913,#11914);
#11913 = CARTESIAN_POINT('',(-2.605083088429,-1.300002520771,
    0.749998918773));
#11914 = VECTOR('',#11915,1.);
#11915 = DIRECTION('',(-3.821370931908E-15,4.371138828674E-08,1.));
#11916 = PLANE('',#11917);
#11917 = AXIS2_PLACEMENT_3D('',#11918,#11919,#11920);
#11918 = CARTESIAN_POINT('',(-3.000083088429,-1.30000254219,
    1.049998918773));
#11919 = DIRECTION('',(8.742277657348E-08,-1.,4.371138828674E-08));
#11920 = DIRECTION('',(3.821370931908E-15,-4.371138828674E-08,-1.));
#11921 = ADVANCED_FACE('',(#11922),#11939,.T.);
#11922 = FACE_BOUND('',#11923,.T.);
#11923 = EDGE_LOOP('',(#11924,#11925,#11926,#11932,#11933));
#11924 = ORIENTED_EDGE('',*,*,#11182,.F.);
#11925 = ORIENTED_EDGE('',*,*,#11262,.T.);
#11926 = ORIENTED_EDGE('',*,*,#11927,.T.);
#11927 = EDGE_CURVE('',#11255,#11889,#11928,.T.);
#11928 = LINE('',#11929,#11930);
#11929 = CARTESIAN_POINT('',(-2.775082974779,-2.600002529077,
    0.899998975598));
#11930 = VECTOR('',#11931,1.);
#11931 = DIRECTION('',(-8.742277657348E-08,1.,-4.371138828674E-08));
#11932 = ORIENTED_EDGE('',*,*,#11888,.F.);
#11933 = ORIENTED_EDGE('',*,*,#11934,.F.);
#11934 = EDGE_CURVE('',#11185,#11881,#11935,.T.);
#11935 = LINE('',#11936,#11937);
#11936 = CARTESIAN_POINT('',(-2.875082656772,-3.500002531262,
    1.049999014938));
#11937 = VECTOR('',#11938,1.);
#11938 = DIRECTION('',(-8.013859038995E-08,1.,-4.371138828674E-08));
#11939 = PLANE('',#11940);
#11940 = AXIS2_PLACEMENT_3D('',#11941,#11942,#11943);
#11941 = CARTESIAN_POINT('',(-2.825082807763,-3.050002530169,
    0.974998995268));
#11942 = DIRECTION('',(0.83205094808,9.698687692765E-08,0.554699215611)
  );
#11943 = DIRECTION('',(-8.742277657348E-08,1.,-4.371138828674E-08));
#11944 = ADVANCED_FACE('',(#11945),#11963,.F.);
#11945 = FACE_BOUND('',#11946,.T.);
#11946 = EDGE_LOOP('',(#11947,#11948,#11949,#11957));
#11947 = ORIENTED_EDGE('',*,*,#11896,.F.);
#11948 = ORIENTED_EDGE('',*,*,#11927,.F.);
#11949 = ORIENTED_EDGE('',*,*,#11950,.T.);
#11950 = EDGE_CURVE('',#11255,#11951,#11953,.T.);
#11951 = VERTEX_POINT('',#11952);
#11952 = CARTESIAN_POINT('',(-2.755082974779,-2.600002527328,
    0.899998975598));
#11953 = LINE('',#11954,#11955);
#11954 = CARTESIAN_POINT('',(-2.775082974779,-2.600002529077,
    0.899998975598));
#11955 = VECTOR('',#11956,1.);
#11956 = DIRECTION('',(1.,8.742279877794E-08,-9.705877942852E-22));
#11957 = ORIENTED_EDGE('',*,*,#11958,.F.);
#11958 = EDGE_CURVE('',#11897,#11951,#11959,.T.);
#11959 = LINE('',#11960,#11961);
#11960 = CARTESIAN_POINT('',(-2.755083088429,-1.300002527328,
    0.899998918773));
#11961 = VECTOR('',#11962,1.);
#11962 = DIRECTION('',(8.742277657348E-08,-1.,4.371138828674E-08));
#11963 = PLANE('',#11964);
#11964 = AXIS2_PLACEMENT_3D('',#11965,#11966,#11967);
#11965 = CARTESIAN_POINT('',(-2.775082974779,-2.600002529077,
    0.899998975598));
#11966 = DIRECTION('',(3.821370931908E-15,-4.371138828674E-08,-1.));
#11967 = DIRECTION('',(8.742277657348E-08,-1.,4.371138828674E-08));
#11968 = ADVANCED_FACE('',(#11969),#12003,.F.);
#11969 = FACE_BOUND('',#11970,.T.);
#11970 = EDGE_LOOP('',(#11971,#11981,#11989,#11997));
#11971 = ORIENTED_EDGE('',*,*,#11972,.T.);
#11972 = EDGE_CURVE('',#11973,#11975,#11977,.T.);
#11973 = VERTEX_POINT('',#11974);
#11974 = CARTESIAN_POINT('',(-2.605082969585,-2.659416674976,
    0.813380879665));
#11975 = VERTEX_POINT('',#11976);
#11976 = CARTESIAN_POINT('',(-2.755082969585,-2.659416688089,
    0.813380879665));
#11977 = LINE('',#11978,#11979);
#11978 = CARTESIAN_POINT('',(-2.605082969585,-2.659416674976,
    0.813380879665));
#11979 = VECTOR('',#11980,1.);
#11980 = DIRECTION('',(-1.,-8.742277657348E-08,0.));
#11981 = ORIENTED_EDGE('',*,*,#11982,.T.);
#11982 = EDGE_CURVE('',#11975,#11983,#11985,.T.);
#11983 = VERTEX_POINT('',#11984);
#11984 = CARTESIAN_POINT('',(-2.755082974779,-2.600002531792,
    0.797885822298));
#11985 = LINE('',#11986,#11987);
#11986 = CARTESIAN_POINT('',(-2.755082969585,-2.659416688089,
    0.813380879665));
#11987 = VECTOR('',#11988,1.);
#11988 = DIRECTION('',(-8.459327951926E-08,0.967634326372,
    -0.252356514531));
#11989 = ORIENTED_EDGE('',*,*,#11990,.F.);
#11990 = EDGE_CURVE('',#11991,#11983,#11993,.T.);
#11991 = VERTEX_POINT('',#11992);
#11992 = CARTESIAN_POINT('',(-2.605082974779,-2.600002518678,
    0.797885822298));
#11993 = LINE('',#11994,#11995);
#11994 = CARTESIAN_POINT('',(-2.605082974779,-2.600002518678,
    0.797885822298));
#11995 = VECTOR('',#11996,1.);
#11996 = DIRECTION('',(-1.,-8.742277657348E-08,0.));
#11997 = ORIENTED_EDGE('',*,*,#11998,.F.);
#11998 = EDGE_CURVE('',#11973,#11991,#11999,.T.);
#11999 = LINE('',#12000,#12001);
#12000 = CARTESIAN_POINT('',(-2.605082969585,-2.659416674976,
    0.813380879665));
#12001 = VECTOR('',#12002,1.);
#12002 = DIRECTION('',(-8.459327951926E-08,0.967634326372,
    -0.252356514531));
#12003 = PLANE('',#12004);
#12004 = AXIS2_PLACEMENT_3D('',#12005,#12006,#12007);
#12005 = CARTESIAN_POINT('',(-2.605082969585,-2.659416674976,
    0.813380879665));
#12006 = DIRECTION('',(-2.206170718671E-08,0.252356514531,0.967634326372
    ));
#12007 = DIRECTION('',(-1.,-8.742277657348E-08,0.));
#12008 = ADVANCED_FACE('',(#12009),#12036,.F.);
#12009 = FACE_BOUND('',#12010,.F.);
#12010 = EDGE_LOOP('',(#12011,#12020,#12021,#12030));
#12011 = ORIENTED_EDGE('',*,*,#12012,.T.);
#12012 = EDGE_CURVE('',#12013,#11973,#12015,.T.);
#12013 = VERTEX_POINT('',#12014);
#12014 = CARTESIAN_POINT('',(-2.605082968482,-2.672034498516,
    0.814999163346));
#12015 = CIRCLE('',#12016,5.E-02);
#12016 = AXIS2_PLACEMENT_3D('',#12017,#12018,#12019);
#12017 = CARTESIAN_POINT('',(-2.605082968482,-2.672034500702,
    0.764999163346));
#12018 = DIRECTION('',(-1.,-8.742277657348E-08,7.88860905221E-31));
#12019 = DIRECTION('',(-3.821370931908E-15,4.371138828674E-08,1.));
#12020 = ORIENTED_EDGE('',*,*,#11972,.T.);
#12021 = ORIENTED_EDGE('',*,*,#12022,.F.);
#12022 = EDGE_CURVE('',#12023,#11975,#12025,.T.);
#12023 = VERTEX_POINT('',#12024);
#12024 = CARTESIAN_POINT('',(-2.755082968482,-2.67203451163,
    0.814999163346));
#12025 = CIRCLE('',#12026,5.E-02);
#12026 = AXIS2_PLACEMENT_3D('',#12027,#12028,#12029);
#12027 = CARTESIAN_POINT('',(-2.755082968482,-2.672034513815,
    0.764999163346));
#12028 = DIRECTION('',(-1.,-8.742277657348E-08,7.88860905221E-31));
#12029 = DIRECTION('',(-3.821370931908E-15,4.371138828674E-08,1.));
#12030 = ORIENTED_EDGE('',*,*,#12031,.F.);
#12031 = EDGE_CURVE('',#12013,#12023,#12032,.T.);
#12032 = LINE('',#12033,#12034);
#12033 = CARTESIAN_POINT('',(-2.605082968482,-2.672034498516,
    0.814999163346));
#12034 = VECTOR('',#12035,1.);
#12035 = DIRECTION('',(-1.,-8.742277657348E-08,0.));
#12036 = CYLINDRICAL_SURFACE('',#12037,5.E-02);
#12037 = AXIS2_PLACEMENT_3D('',#12038,#12039,#12040);
#12038 = CARTESIAN_POINT('',(-2.605082968482,-2.672034500702,
    0.764999163346));
#12039 = DIRECTION('',(1.,8.742277657348E-08,0.));
#12040 = DIRECTION('',(-3.821370931908E-15,4.371138828674E-08,1.));
#12041 = ADVANCED_FACE('',(#12042),#12067,.F.);
#12042 = FACE_BOUND('',#12043,.T.);
#12043 = EDGE_LOOP('',(#12044,#12054,#12060,#12061));
#12044 = ORIENTED_EDGE('',*,*,#12045,.T.);
#12045 = EDGE_CURVE('',#12046,#12048,#12050,.T.);
#12046 = VERTEX_POINT('',#12047);
#12047 = CARTESIAN_POINT('',(-2.60508292391,-3.181874618341,
    0.814999185632));
#12048 = VERTEX_POINT('',#12049);
#12049 = CARTESIAN_POINT('',(-2.75508292391,-3.181874631455,
    0.814999185632));
#12050 = LINE('',#12051,#12052);
#12051 = CARTESIAN_POINT('',(-2.60508292391,-3.181874618341,
    0.814999185632));
#12052 = VECTOR('',#12053,1.);
#12053 = DIRECTION('',(-1.,-8.742277657348E-08,0.));
#12054 = ORIENTED_EDGE('',*,*,#12055,.T.);
#12055 = EDGE_CURVE('',#12048,#12023,#12056,.T.);
#12056 = LINE('',#12057,#12058);
#12057 = CARTESIAN_POINT('',(-2.75508292391,-3.181874631455,
    0.814999185632));
#12058 = VECTOR('',#12059,1.);
#12059 = DIRECTION('',(-8.742277657348E-08,1.,-4.371138828674E-08));
#12060 = ORIENTED_EDGE('',*,*,#12031,.F.);
#12061 = ORIENTED_EDGE('',*,*,#12062,.F.);
#12062 = EDGE_CURVE('',#12046,#12013,#12063,.T.);
#12063 = LINE('',#12064,#12065);
#12064 = CARTESIAN_POINT('',(-2.60508292391,-3.181874618341,
    0.814999185632));
#12065 = VECTOR('',#12066,1.);
#12066 = DIRECTION('',(-8.742277657348E-08,1.,-4.371138828674E-08));
#12067 = PLANE('',#12068);
#12068 = AXIS2_PLACEMENT_3D('',#12069,#12070,#12071);
#12069 = CARTESIAN_POINT('',(-2.60508292391,-3.181874618341,
    0.814999185632));
#12070 = DIRECTION('',(-3.821370931908E-15,4.371138828674E-08,1.));
#12071 = DIRECTION('',(-1.,-8.742277657348E-08,0.));
#12072 = ADVANCED_FACE('',(#12073),#12098,.F.);
#12073 = FACE_BOUND('',#12074,.T.);
#12074 = EDGE_LOOP('',(#12075,#12085,#12091,#12092));
#12075 = ORIENTED_EDGE('',*,*,#12076,.T.);
#12076 = EDGE_CURVE('',#12077,#12079,#12081,.T.);
#12077 = VERTEX_POINT('',#12078);
#12078 = CARTESIAN_POINT('',(-2.60508292391,-3.181874631286,
    0.518853972019));
#12079 = VERTEX_POINT('',#12080);
#12080 = CARTESIAN_POINT('',(-2.75508292391,-3.181874644399,
    0.518853972019));
#12081 = LINE('',#12082,#12083);
#12082 = CARTESIAN_POINT('',(-2.60508292391,-3.181874631286,
    0.518853972019));
#12083 = VECTOR('',#12084,1.);
#12084 = DIRECTION('',(-1.,-8.742277657348E-08,0.));
#12085 = ORIENTED_EDGE('',*,*,#12086,.T.);
#12086 = EDGE_CURVE('',#12079,#12048,#12087,.T.);
#12087 = LINE('',#12088,#12089);
#12088 = CARTESIAN_POINT('',(-2.75508292391,-3.181874644399,
    0.518853972019));
#12089 = VECTOR('',#12090,1.);
#12090 = DIRECTION('',(-3.821370931908E-15,4.371138828674E-08,1.));
#12091 = ORIENTED_EDGE('',*,*,#12045,.F.);
#12092 = ORIENTED_EDGE('',*,*,#12093,.F.);
#12093 = EDGE_CURVE('',#12077,#12046,#12094,.T.);
#12094 = LINE('',#12095,#12096);
#12095 = CARTESIAN_POINT('',(-2.60508292391,-3.181874631286,
    0.518853972019));
#12096 = VECTOR('',#12097,1.);
#12097 = DIRECTION('',(-3.821370931908E-15,4.371138828674E-08,1.));
#12098 = PLANE('',#12099);
#12099 = AXIS2_PLACEMENT_3D('',#12100,#12101,#12102);
#12100 = CARTESIAN_POINT('',(-2.60508292391,-3.181874631286,
    0.518853972019));
#12101 = DIRECTION('',(8.742277657348E-08,-1.,4.371138828674E-08));
#12102 = DIRECTION('',(3.821370931908E-15,-4.371138828674E-08,-1.));
#12103 = ADVANCED_FACE('',(#12104),#12131,.T.);
#12104 = FACE_BOUND('',#12105,.T.);
#12105 = EDGE_LOOP('',(#12106,#12116,#12123,#12124));
#12106 = ORIENTED_EDGE('',*,*,#12107,.T.);
#12107 = EDGE_CURVE('',#12108,#12110,#12112,.T.);
#12108 = VERTEX_POINT('',#12109);
#12109 = CARTESIAN_POINT('',(-2.605082923827,-3.182832806098,
    0.511999001074));
#12110 = VERTEX_POINT('',#12111);
#12111 = CARTESIAN_POINT('',(-2.755082923827,-3.182832819211,
    0.511999001074));
#12112 = LINE('',#12113,#12114);
#12113 = CARTESIAN_POINT('',(-2.605082923827,-3.182832806098,
    0.511999001074));
#12114 = VECTOR('',#12115,1.);
#12115 = DIRECTION('',(-1.,-8.742277657348E-08,0.));
#12116 = ORIENTED_EDGE('',*,*,#12117,.T.);
#12117 = EDGE_CURVE('',#12110,#12079,#12118,.T.);
#12118 = CIRCLE('',#12119,2.5E-02);
#12119 = AXIS2_PLACEMENT_3D('',#12120,#12121,#12122);
#12120 = CARTESIAN_POINT('',(-2.755082921725,-3.206874644399,
    0.518853973112));
#12121 = DIRECTION('',(1.,8.742277657348E-08,0.));
#12122 = DIRECTION('',(-8.407212447276E-08,0.961673007515,
    -0.274198881501));
#12123 = ORIENTED_EDGE('',*,*,#12076,.F.);
#12124 = ORIENTED_EDGE('',*,*,#12125,.F.);
#12125 = EDGE_CURVE('',#12108,#12077,#12126,.T.);
#12126 = CIRCLE('',#12127,2.5E-02);
#12127 = AXIS2_PLACEMENT_3D('',#12128,#12129,#12130);
#12128 = CARTESIAN_POINT('',(-2.605082921725,-3.206874631286,
    0.518853973112));
#12129 = DIRECTION('',(1.,8.742277657348E-08,0.));
#12130 = DIRECTION('',(-8.407212447276E-08,0.961673007515,
    -0.274198881501));
#12131 = CYLINDRICAL_SURFACE('',#12132,2.5E-02);
#12132 = AXIS2_PLACEMENT_3D('',#12133,#12134,#12135);
#12133 = CARTESIAN_POINT('',(-2.605082921725,-3.206874631286,
    0.518853973112));
#12134 = DIRECTION('',(1.,8.742277657348E-08,0.));
#12135 = DIRECTION('',(-3.821370931908E-15,4.371138828674E-08,1.));
#12136 = ADVANCED_FACE('',(#12137),#12162,.F.);
#12137 = FACE_BOUND('',#12138,.T.);
#12138 = EDGE_LOOP('',(#12139,#12147,#12148,#12156));
#12139 = ORIENTED_EDGE('',*,*,#12140,.T.);
#12140 = EDGE_CURVE('',#12141,#12110,#12143,.T.);
#12141 = VERTEX_POINT('',#12142);
#12142 = CARTESIAN_POINT('',(-2.755082919992,-3.22670101568,
    0.358144032005));
#12143 = LINE('',#12144,#12145);
#12144 = CARTESIAN_POINT('',(-2.755082919992,-3.22670101568,
    0.358144032005));
#12145 = VECTOR('',#12146,1.);
#12146 = DIRECTION('',(-2.397122755415E-08,0.274198881501,0.961673007515
    ));
#12147 = ORIENTED_EDGE('',*,*,#12107,.F.);
#12148 = ORIENTED_EDGE('',*,*,#12149,.F.);
#12149 = EDGE_CURVE('',#12150,#12108,#12152,.T.);
#12150 = VERTEX_POINT('',#12151);
#12151 = CARTESIAN_POINT('',(-2.605082919992,-3.226701002567,
    0.358144032005));
#12152 = LINE('',#12153,#12154);
#12153 = CARTESIAN_POINT('',(-2.605082919992,-3.226701002567,
    0.358144032005));
#12154 = VECTOR('',#12155,1.);
#12155 = DIRECTION('',(-2.397122755415E-08,0.274198881501,0.961673007515
    ));
#12156 = ORIENTED_EDGE('',*,*,#12157,.T.);
#12157 = EDGE_CURVE('',#12150,#12141,#12158,.T.);
#12158 = LINE('',#12159,#12160);
#12159 = CARTESIAN_POINT('',(-2.605082919992,-3.226701002567,
    0.358144032005));
#12160 = VECTOR('',#12161,1.);
#12161 = DIRECTION('',(-1.,-8.742277657348E-08,0.));
#12162 = PLANE('',#12163);
#12163 = AXIS2_PLACEMENT_3D('',#12164,#12165,#12166);
#12164 = CARTESIAN_POINT('',(-2.605082919539,-3.231874639093,
    0.339999003218));
#12165 = DIRECTION('',(8.407212447276E-08,-0.961673007515,0.274198881501
    ));
#12166 = DIRECTION('',(1.,8.742277657348E-08,0.));
#12167 = ADVANCED_FACE('',(#12168),#12195,.T.);
#12168 = FACE_BOUND('',#12169,.T.);
#12169 = EDGE_LOOP('',(#12170,#12171,#12180,#12188));
#12170 = ORIENTED_EDGE('',*,*,#12157,.F.);
#12171 = ORIENTED_EDGE('',*,*,#12172,.F.);
#12172 = EDGE_CURVE('',#12173,#12150,#12175,.T.);
#12173 = VERTEX_POINT('',#12174);
#12174 = CARTESIAN_POINT('',(-2.60508291789,-3.250742828847,
    0.339999004042));
#12175 = CIRCLE('',#12176,2.5E-02);
#12176 = AXIS2_PLACEMENT_3D('',#12177,#12178,#12179);
#12177 = CARTESIAN_POINT('',(-2.60508291789,-3.250742827754,
    0.364999004042));
#12178 = DIRECTION('',(1.,8.742277657348E-08,-7.88860905221E-31));
#12179 = DIRECTION('',(3.821370931908E-15,-4.371138828674E-08,-1.));
#12180 = ORIENTED_EDGE('',*,*,#12181,.T.);
#12181 = EDGE_CURVE('',#12173,#12182,#12184,.T.);
#12182 = VERTEX_POINT('',#12183);
#12183 = CARTESIAN_POINT('',(-2.75508291789,-3.25074284196,
    0.339999004042));
#12184 = LINE('',#12185,#12186);
#12185 = CARTESIAN_POINT('',(-2.60508291789,-3.250742828847,
    0.339999004042));
#12186 = VECTOR('',#12187,1.);
#12187 = DIRECTION('',(-1.,-8.742277657348E-08,0.));
#12188 = ORIENTED_EDGE('',*,*,#12189,.F.);
#12189 = EDGE_CURVE('',#12141,#12182,#12190,.T.);
#12190 = CIRCLE('',#12191,2.5E-02);
#12191 = AXIS2_PLACEMENT_3D('',#12192,#12193,#12194);
#12192 = CARTESIAN_POINT('',(-2.75508291789,-3.250742840868,
    0.364999004042));
#12193 = DIRECTION('',(-1.,-8.742277657348E-08,0.));
#12194 = DIRECTION('',(-8.407212447276E-08,0.961673007515,
    -0.274198881501));
#12195 = CYLINDRICAL_SURFACE('',#12196,2.5E-02);
#12196 = AXIS2_PLACEMENT_3D('',#12197,#12198,#12199);
#12197 = CARTESIAN_POINT('',(8.970000075802,-3.250741815828,
    0.364999004042));
#12198 = DIRECTION('',(-1.,-8.742277657348E-08,0.));
#12199 = DIRECTION('',(-8.407212447276E-08,0.961673007515,
    -0.274198881501));
#12200 = ADVANCED_FACE('',(#12201),#12226,.F.);
#12201 = FACE_BOUND('',#12202,.T.);
#12202 = EDGE_LOOP('',(#12203,#12211,#12212,#12220));
#12203 = ORIENTED_EDGE('',*,*,#12204,.T.);
#12204 = EDGE_CURVE('',#12205,#12182,#12207,.T.);
#12205 = VERTEX_POINT('',#12206);
#12206 = CARTESIAN_POINT('',(-2.755082904197,-3.407366030906,
    0.339999010889));
#12207 = LINE('',#12208,#12209);
#12208 = CARTESIAN_POINT('',(-2.755082904197,-3.407366030906,
    0.339999010889));
#12209 = VECTOR('',#12210,1.);
#12210 = DIRECTION('',(-8.742277657348E-08,1.,-4.371138828674E-08));
#12211 = ORIENTED_EDGE('',*,*,#12181,.F.);
#12212 = ORIENTED_EDGE('',*,*,#12213,.F.);
#12213 = EDGE_CURVE('',#12214,#12173,#12216,.T.);
#12214 = VERTEX_POINT('',#12215);
#12215 = CARTESIAN_POINT('',(-2.605082904197,-3.407366017793,
    0.339999010889));
#12216 = LINE('',#12217,#12218);
#12217 = CARTESIAN_POINT('',(-2.605082904197,-3.407366017793,
    0.339999010889));
#12218 = VECTOR('',#12219,1.);
#12219 = DIRECTION('',(-8.742277657348E-08,1.,-4.371138828674E-08));
#12220 = ORIENTED_EDGE('',*,*,#12221,.T.);
#12221 = EDGE_CURVE('',#12214,#12205,#12222,.T.);
#12222 = LINE('',#12223,#12224);
#12223 = CARTESIAN_POINT('',(-2.605082904197,-3.407366017793,
    0.339999010889));
#12224 = VECTOR('',#12225,1.);
#12225 = DIRECTION('',(-1.,-8.742277657348E-08,0.));
#12226 = PLANE('',#12227);
#12227 = AXIS2_PLACEMENT_3D('',#12228,#12229,#12230);
#12228 = CARTESIAN_POINT('',(-2.605082902012,-3.432366017793,
    0.339999011981));
#12229 = DIRECTION('',(-3.821370931908E-15,4.371138828674E-08,1.));
#12230 = DIRECTION('',(-1.,-8.742277657348E-08,0.));
#12231 = ADVANCED_FACE('',(#12232),#12259,.T.);
#12232 = FACE_BOUND('',#12233,.T.);
#12233 = EDGE_LOOP('',(#12234,#12235,#12244,#12252));
#12234 = ORIENTED_EDGE('',*,*,#12221,.F.);
#12235 = ORIENTED_EDGE('',*,*,#12236,.F.);
#12236 = EDGE_CURVE('',#12237,#12214,#12239,.T.);
#12237 = VERTEX_POINT('',#12238);
#12238 = CARTESIAN_POINT('',(-2.605082902012,-3.4323660167,
    0.364999011981));
#12239 = CIRCLE('',#12240,2.5E-02);
#12240 = AXIS2_PLACEMENT_3D('',#12241,#12242,#12243);
#12241 = CARTESIAN_POINT('',(-2.605082904197,-3.4073660167,
    0.364999010889));
#12242 = DIRECTION('',(1.,8.742277657348E-08,-7.88860905221E-31));
#12243 = DIRECTION('',(8.742277657348E-08,-1.,4.371138828674E-08));
#12244 = ORIENTED_EDGE('',*,*,#12245,.T.);
#12245 = EDGE_CURVE('',#12237,#12246,#12248,.T.);
#12246 = VERTEX_POINT('',#12247);
#12247 = CARTESIAN_POINT('',(-2.755082902012,-3.432366029814,
    0.364999011981));
#12248 = LINE('',#12249,#12250);
#12249 = CARTESIAN_POINT('',(-2.605082902012,-3.4323660167,
    0.364999011981));
#12250 = VECTOR('',#12251,1.);
#12251 = DIRECTION('',(-1.,-8.742277657348E-08,0.));
#12252 = ORIENTED_EDGE('',*,*,#12253,.F.);
#12253 = EDGE_CURVE('',#12205,#12246,#12254,.T.);
#12254 = CIRCLE('',#12255,2.5E-02);
#12255 = AXIS2_PLACEMENT_3D('',#12256,#12257,#12258);
#12256 = CARTESIAN_POINT('',(-2.755082904197,-3.407366029814,
    0.364999010889));
#12257 = DIRECTION('',(-1.,-8.742277657348E-08,7.88860905221E-31));
#12258 = DIRECTION('',(3.821370931908E-15,-4.371138828674E-08,-1.));
#12259 = CYLINDRICAL_SURFACE('',#12260,2.5E-02);
#12260 = AXIS2_PLACEMENT_3D('',#12261,#12262,#12263);
#12261 = CARTESIAN_POINT('',(8.963939277237,-3.407365005304,
    0.364999010889));
#12262 = DIRECTION('',(-1.,-8.742277657348E-08,0.));
#12263 = DIRECTION('',(3.821370931908E-15,-4.371138828674E-08,-1.));
#12264 = ADVANCED_FACE('',(#12265),#12290,.F.);
#12265 = FACE_BOUND('',#12266,.T.);
#12266 = EDGE_LOOP('',(#12267,#12275,#12276,#12284));
#12267 = ORIENTED_EDGE('',*,*,#12268,.T.);
#12268 = EDGE_CURVE('',#12269,#12246,#12271,.T.);
#12269 = VERTEX_POINT('',#12270);
#12270 = CARTESIAN_POINT('',(-2.755082902012,-3.432366012985,
    0.749999011981));
#12271 = LINE('',#12272,#12273);
#12272 = CARTESIAN_POINT('',(-2.755082902012,-3.432366012985,
    0.749999011981));
#12273 = VECTOR('',#12274,1.);
#12274 = DIRECTION('',(3.821370931908E-15,-4.371138828674E-08,-1.));
#12275 = ORIENTED_EDGE('',*,*,#12245,.F.);
#12276 = ORIENTED_EDGE('',*,*,#12277,.F.);
#12277 = EDGE_CURVE('',#12278,#12237,#12280,.T.);
#12278 = VERTEX_POINT('',#12279);
#12279 = CARTESIAN_POINT('',(-2.605082902012,-3.432365999871,
    0.749999011981));
#12280 = LINE('',#12281,#12282);
#12281 = CARTESIAN_POINT('',(-2.605082902012,-3.432365999871,
    0.749999011981));
#12282 = VECTOR('',#12283,1.);
#12283 = DIRECTION('',(3.821370931908E-15,-4.371138828674E-08,-1.));
#12284 = ORIENTED_EDGE('',*,*,#12285,.T.);
#12285 = EDGE_CURVE('',#12278,#12269,#12286,.T.);
#12286 = LINE('',#12287,#12288);
#12287 = CARTESIAN_POINT('',(-2.605082902012,-3.432365999871,
    0.749999011981));
#12288 = VECTOR('',#12289,1.);
#12289 = DIRECTION('',(-1.,-8.742277657348E-08,0.));
#12290 = PLANE('',#12291);
#12291 = AXIS2_PLACEMENT_3D('',#12292,#12293,#12294);
#12292 = CARTESIAN_POINT('',(-2.605082902012,-3.432365986758,
    1.049999011981));
#12293 = DIRECTION('',(-8.742277657348E-08,1.,-4.371138828674E-08));
#12294 = DIRECTION('',(-1.,-8.742277657348E-08,0.));
#12295 = ADVANCED_FACE('',(#12296),#12337,.F.);
#12296 = FACE_BOUND('',#12297,.T.);
#12297 = EDGE_LOOP('',(#12298,#12299,#12300,#12301,#12302,#12303,#12304,
    #12305,#12306,#12307,#12308,#12309,#12310,#12311,#12312,#12313,
    #12314,#12320,#12321,#12322,#12323,#12324,#12325,#12326,#12327,
    #12328,#12329,#12330));
#12298 = ORIENTED_EDGE('',*,*,#11430,.F.);
#12299 = ORIENTED_EDGE('',*,*,#11470,.T.);
#12300 = ORIENTED_EDGE('',*,*,#11501,.F.);
#12301 = ORIENTED_EDGE('',*,*,#11526,.F.);
#12302 = ORIENTED_EDGE('',*,*,#11547,.F.);
#12303 = ORIENTED_EDGE('',*,*,#11596,.T.);
#12304 = ORIENTED_EDGE('',*,*,#11627,.F.);
#12305 = ORIENTED_EDGE('',*,*,#11642,.F.);
#12306 = ORIENTED_EDGE('',*,*,#11691,.T.);
#12307 = ORIENTED_EDGE('',*,*,#11706,.T.);
#12308 = ORIENTED_EDGE('',*,*,#11747,.T.);
#12309 = ORIENTED_EDGE('',*,*,#11786,.F.);
#12310 = ORIENTED_EDGE('',*,*,#11802,.T.);
#12311 = ORIENTED_EDGE('',*,*,#11850,.F.);
#12312 = ORIENTED_EDGE('',*,*,#11904,.T.);
#12313 = ORIENTED_EDGE('',*,*,#11958,.T.);
#12314 = ORIENTED_EDGE('',*,*,#12315,.F.);
#12315 = EDGE_CURVE('',#11983,#11951,#12316,.T.);
#12316 = LINE('',#12317,#12318);
#12317 = CARTESIAN_POINT('',(-2.755082974779,-2.600002531792,
    0.797885822298));
#12318 = VECTOR('',#12319,1.);
#12319 = DIRECTION('',(-3.821370931908E-15,4.371138828674E-08,1.));
#12320 = ORIENTED_EDGE('',*,*,#11982,.F.);
#12321 = ORIENTED_EDGE('',*,*,#12022,.F.);
#12322 = ORIENTED_EDGE('',*,*,#12055,.F.);
#12323 = ORIENTED_EDGE('',*,*,#12086,.F.);
#12324 = ORIENTED_EDGE('',*,*,#12117,.F.);
#12325 = ORIENTED_EDGE('',*,*,#12140,.F.);
#12326 = ORIENTED_EDGE('',*,*,#12189,.T.);
#12327 = ORIENTED_EDGE('',*,*,#12204,.F.);
#12328 = ORIENTED_EDGE('',*,*,#12253,.T.);
#12329 = ORIENTED_EDGE('',*,*,#12268,.F.);
#12330 = ORIENTED_EDGE('',*,*,#12331,.T.);
#12331 = EDGE_CURVE('',#12269,#11431,#12332,.T.);
#12332 = CIRCLE('',#12333,0.3);
#12333 = AXIS2_PLACEMENT_3D('',#12334,#12335,#12336);
#12334 = CARTESIAN_POINT('',(-2.755082928239,-3.132366012985,
    0.749998998868));
#12335 = DIRECTION('',(-1.,-8.742277657348E-08,7.88860905221E-31));
#12336 = DIRECTION('',(8.742277657348E-08,-1.,4.371138828674E-08));
#12337 = PLANE('',#12338);
#12338 = AXIS2_PLACEMENT_3D('',#12339,#12340,#12341);
#12339 = CARTESIAN_POINT('',(-2.755083167109,-0.400002542627,
    0.549998879433));
#12340 = DIRECTION('',(1.,8.742277657348E-08,0.));
#12341 = DIRECTION('',(-8.742277657348E-08,1.,-4.371138828674E-08));
#12342 = ADVANCED_FACE('',(#12343),#12355,.T.);
#12343 = FACE_BOUND('',#12344,.T.);
#12344 = EDGE_LOOP('',(#12345,#12346,#12353,#12354));
#12345 = ORIENTED_EDGE('',*,*,#12285,.F.);
#12346 = ORIENTED_EDGE('',*,*,#12347,.F.);
#12347 = EDGE_CURVE('',#11415,#12278,#12348,.T.);
#12348 = CIRCLE('',#12349,0.3);
#12349 = AXIS2_PLACEMENT_3D('',#12350,#12351,#12352);
#12350 = CARTESIAN_POINT('',(-2.605082928239,-3.132365999871,
    0.749998998868));
#12351 = DIRECTION('',(1.,8.742277657348E-08,-7.88860905221E-31));
#12352 = DIRECTION('',(-3.821370931908E-15,4.371138828674E-08,1.));
#12353 = ORIENTED_EDGE('',*,*,#11438,.T.);
#12354 = ORIENTED_EDGE('',*,*,#12331,.F.);
#12355 = CYLINDRICAL_SURFACE('',#12356,0.3);
#12356 = AXIS2_PLACEMENT_3D('',#12357,#12358,#12359);
#12357 = CARTESIAN_POINT('',(9.122541510123,-3.13236497461,
    0.749998998868));
#12358 = DIRECTION('',(-1.,-8.742277657348E-08,0.));
#12359 = DIRECTION('',(8.742277657348E-08,-1.,4.371138828674E-08));
#12360 = ADVANCED_FACE('',(#12361),#12396,.T.);
#12361 = FACE_BOUND('',#12362,.T.);
#12362 = EDGE_LOOP('',(#12363,#12364,#12365,#12366,#12367,#12368,#12369,
    #12370,#12371,#12372,#12373,#12379,#12380,#12381,#12382,#12383,
    #12384,#12385,#12386,#12387,#12388,#12389,#12390,#12391,#12392,
    #12393,#12394,#12395));
#12363 = ORIENTED_EDGE('',*,*,#12277,.T.);
#12364 = ORIENTED_EDGE('',*,*,#12236,.T.);
#12365 = ORIENTED_EDGE('',*,*,#12213,.T.);
#12366 = ORIENTED_EDGE('',*,*,#12172,.T.);
#12367 = ORIENTED_EDGE('',*,*,#12149,.T.);
#12368 = ORIENTED_EDGE('',*,*,#12125,.T.);
#12369 = ORIENTED_EDGE('',*,*,#12093,.T.);
#12370 = ORIENTED_EDGE('',*,*,#12062,.T.);
#12371 = ORIENTED_EDGE('',*,*,#12012,.T.);
#12372 = ORIENTED_EDGE('',*,*,#11998,.T.);
#12373 = ORIENTED_EDGE('',*,*,#12374,.T.);
#12374 = EDGE_CURVE('',#11991,#11277,#12375,.T.);
#12375 = LINE('',#12376,#12377);
#12376 = CARTESIAN_POINT('',(-2.605082974779,-2.600002518678,
    0.797885822298));
#12377 = VECTOR('',#12378,1.);
#12378 = DIRECTION('',(-3.821370931908E-15,4.371138828674E-08,1.));
#12379 = ORIENTED_EDGE('',*,*,#11302,.F.);
#12380 = ORIENTED_EDGE('',*,*,#11911,.F.);
#12381 = ORIENTED_EDGE('',*,*,#11834,.T.);
#12382 = ORIENTED_EDGE('',*,*,#11819,.T.);
#12383 = ORIENTED_EDGE('',*,*,#11770,.T.);
#12384 = ORIENTED_EDGE('',*,*,#11755,.T.);
#12385 = ORIENTED_EDGE('',*,*,#11715,.T.);
#12386 = ORIENTED_EDGE('',*,*,#11674,.T.);
#12387 = ORIENTED_EDGE('',*,*,#11651,.T.);
#12388 = ORIENTED_EDGE('',*,*,#11611,.T.);
#12389 = ORIENTED_EDGE('',*,*,#11579,.T.);
#12390 = ORIENTED_EDGE('',*,*,#11556,.T.);
#12391 = ORIENTED_EDGE('',*,*,#11533,.T.);
#12392 = ORIENTED_EDGE('',*,*,#11485,.T.);
#12393 = ORIENTED_EDGE('',*,*,#11453,.T.);
#12394 = ORIENTED_EDGE('',*,*,#11412,.T.);
#12395 = ORIENTED_EDGE('',*,*,#12347,.T.);
#12396 = PLANE('',#12397);
#12397 = AXIS2_PLACEMENT_3D('',#12398,#12399,#12400);
#12398 = CARTESIAN_POINT('',(-2.605083167109,-0.400002529514,
    0.549998879433));
#12399 = DIRECTION('',(1.,8.742277657348E-08,0.));
#12400 = DIRECTION('',(-8.742277657348E-08,1.,-4.371138828674E-08));
#12401 = ADVANCED_FACE('',(#12402,#12418,#12424,#12430,#12436,#12442,
    #12448,#12454,#12460),#12509,.F.);
#12402 = FACE_BOUND('',#12403,.T.);
#12403 = EDGE_LOOP('',(#12404,#12405,#12411,#12412));
#12404 = ORIENTED_EDGE('',*,*,#10800,.T.);
#12405 = ORIENTED_EDGE('',*,*,#12406,.F.);
#12406 = EDGE_CURVE('',#2260,#10793,#12407,.T.);
#12407 = LINE('',#12408,#12409);
#12408 = CARTESIAN_POINT('',(1.824917025221,-2.60000213655,
    0.679959975598));
#12409 = VECTOR('',#12410,1.);
#12410 = DIRECTION('',(-3.821370931908E-15,4.371138828674E-08,1.));
#12411 = ORIENTED_EDGE('',*,*,#2283,.F.);
#12412 = ORIENTED_EDGE('',*,*,#12413,.T.);
#12413 = EDGE_CURVE('',#2276,#10775,#12414,.T.);
#12414 = LINE('',#12415,#12416);
#12415 = CARTESIAN_POINT('',(1.674917025221,-2.600002149663,
    0.679959975598));
#12416 = VECTOR('',#12417,1.);
#12417 = DIRECTION('',(-3.821370931908E-15,4.371138828674E-08,1.));
#12418 = FACE_BOUND('',#12419,.T.);
#12419 = EDGE_LOOP('',(#12420,#12421,#12422,#12423));
#12420 = ORIENTED_EDGE('',*,*,#10125,.T.);
#12421 = ORIENTED_EDGE('',*,*,#10596,.F.);
#12422 = ORIENTED_EDGE('',*,*,#10021,.F.);
#12423 = ORIENTED_EDGE('',*,*,#10471,.T.);
#12424 = FACE_BOUND('',#12425,.T.);
#12425 = EDGE_LOOP('',(#12426,#12427,#12428,#12429));
#12426 = ORIENTED_EDGE('',*,*,#3659,.T.);
#12427 = ORIENTED_EDGE('',*,*,#4126,.F.);
#12428 = ORIENTED_EDGE('',*,*,#3763,.F.);
#12429 = ORIENTED_EDGE('',*,*,#4268,.T.);
#12430 = FACE_BOUND('',#12431,.T.);
#12431 = EDGE_LOOP('',(#12432,#12433,#12434,#12435));
#12432 = ORIENTED_EDGE('',*,*,#4646,.T.);
#12433 = ORIENTED_EDGE('',*,*,#5113,.F.);
#12434 = ORIENTED_EDGE('',*,*,#4750,.F.);
#12435 = ORIENTED_EDGE('',*,*,#5255,.T.);
#12436 = FACE_BOUND('',#12437,.T.);
#12437 = EDGE_LOOP('',(#12438,#12439,#12440,#12441));
#12438 = ORIENTED_EDGE('',*,*,#5633,.T.);
#12439 = ORIENTED_EDGE('',*,*,#6100,.F.);
#12440 = ORIENTED_EDGE('',*,*,#5737,.F.);
#12441 = ORIENTED_EDGE('',*,*,#6242,.T.);
#12442 = FACE_BOUND('',#12443,.T.);
#12443 = EDGE_LOOP('',(#12444,#12445,#12446,#12447));
#12444 = ORIENTED_EDGE('',*,*,#6620,.T.);
#12445 = ORIENTED_EDGE('',*,*,#7087,.F.);
#12446 = ORIENTED_EDGE('',*,*,#6724,.F.);
#12447 = ORIENTED_EDGE('',*,*,#7229,.T.);
#12448 = FACE_BOUND('',#12449,.T.);
#12449 = EDGE_LOOP('',(#12450,#12451,#12452,#12453));
#12450 = ORIENTED_EDGE('',*,*,#8138,.T.);
#12451 = ORIENTED_EDGE('',*,*,#8074,.F.);
#12452 = ORIENTED_EDGE('',*,*,#7671,.F.);
#12453 = ORIENTED_EDGE('',*,*,#8249,.T.);
#12454 = FACE_BOUND('',#12455,.T.);
#12455 = EDGE_LOOP('',(#12456,#12457,#12458,#12459));
#12456 = ORIENTED_EDGE('',*,*,#9125,.T.);
#12457 = ORIENTED_EDGE('',*,*,#9016,.F.);
#12458 = ORIENTED_EDGE('',*,*,#8353,.F.);
#12459 = ORIENTED_EDGE('',*,*,#9236,.T.);
#12460 = FACE_BOUND('',#12461,.T.);
#12461 = EDGE_LOOP('',(#12462,#12463,#12464,#12465,#12466,#12467,#12468,
    #12469,#12470,#12471,#12479,#12487,#12493,#12494,#12500,#12501,
    #12507,#12508));
#12462 = ORIENTED_EDGE('',*,*,#11990,.T.);
#12463 = ORIENTED_EDGE('',*,*,#12315,.T.);
#12464 = ORIENTED_EDGE('',*,*,#11950,.F.);
#12465 = ORIENTED_EDGE('',*,*,#11254,.T.);
#12466 = ORIENTED_EDGE('',*,*,#11223,.T.);
#12467 = ORIENTED_EDGE('',*,*,#11151,.T.);
#12468 = ORIENTED_EDGE('',*,*,#2457,.T.);
#12469 = ORIENTED_EDGE('',*,*,#2418,.T.);
#12470 = ORIENTED_EDGE('',*,*,#2361,.T.);
#12471 = ORIENTED_EDGE('',*,*,#12472,.T.);
#12472 = EDGE_CURVE('',#2364,#12473,#12475,.T.);
#12473 = VERTEX_POINT('',#12474);
#12474 = CARTESIAN_POINT('',(2.774917025221,-2.60000204388,
    0.899998975598));
#12475 = LINE('',#12476,#12477);
#12476 = CARTESIAN_POINT('',(2.774917025221,-2.600002070544,
    0.289998975598));
#12477 = VECTOR('',#12478,1.);
#12478 = DIRECTION('',(-3.821370931908E-15,4.371138828674E-08,1.));
#12479 = ORIENTED_EDGE('',*,*,#12480,.F.);
#12480 = EDGE_CURVE('',#12481,#12473,#12483,.T.);
#12481 = VERTEX_POINT('',#12482);
#12482 = CARTESIAN_POINT('',(2.754917025221,-2.600002045629,
    0.899998975598));
#12483 = LINE('',#12484,#12485);
#12484 = CARTESIAN_POINT('',(2.754917025221,-2.600002045629,
    0.899998975598));
#12485 = VECTOR('',#12486,1.);
#12486 = DIRECTION('',(1.,8.742275436902E-08,9.705877942852E-22));
#12487 = ORIENTED_EDGE('',*,*,#12488,.T.);
#12488 = EDGE_CURVE('',#12481,#1894,#12489,.T.);
#12489 = LINE('',#12490,#12491);
#12490 = CARTESIAN_POINT('',(2.754917025221,-2.600002045629,
    0.899998975598));
#12491 = VECTOR('',#12492,1.);
#12492 = DIRECTION('',(3.821370931908E-15,-4.371138828674E-08,-1.));
#12493 = ORIENTED_EDGE('',*,*,#1910,.F.);
#12494 = ORIENTED_EDGE('',*,*,#12495,.T.);
#12495 = EDGE_CURVE('',#1903,#1943,#12496,.T.);
#12496 = LINE('',#12497,#12498);
#12497 = CARTESIAN_POINT('',(2.604917025221,-2.600002063206,
    0.797885822298));
#12498 = VECTOR('',#12499,1.);
#12499 = DIRECTION('',(-3.821370931908E-15,4.371138828674E-08,1.));
#12500 = ORIENTED_EDGE('',*,*,#1942,.F.);
#12501 = ORIENTED_EDGE('',*,*,#12502,.F.);
#12502 = EDGE_CURVE('',#11279,#1935,#12503,.T.);
#12503 = LINE('',#12504,#12505);
#12504 = CARTESIAN_POINT('',(-2.555082974779,-2.600002503287,
    1.049998975598));
#12505 = VECTOR('',#12506,1.);
#12506 = DIRECTION('',(1.,8.742277657348E-08,0.));
#12507 = ORIENTED_EDGE('',*,*,#11276,.F.);
#12508 = ORIENTED_EDGE('',*,*,#12374,.F.);
#12509 = PLANE('',#12510);
#12510 = AXIS2_PLACEMENT_3D('',#12511,#12512,#12513);
#12511 = CARTESIAN_POINT('',(2.604917025221,-2.600002052185,
    1.049998975598));
#12512 = DIRECTION('',(-8.742277657348E-08,1.,-4.371138828674E-08));
#12513 = DIRECTION('',(-1.,-8.742277657348E-08,0.));
#12514 = ADVANCED_FACE('',(#12515),#12540,.F.);
#12515 = FACE_BOUND('',#12516,.T.);
#12516 = EDGE_LOOP('',(#12517,#12518,#12526,#12534));
#12517 = ORIENTED_EDGE('',*,*,#12480,.T.);
#12518 = ORIENTED_EDGE('',*,*,#12519,.T.);
#12519 = EDGE_CURVE('',#12473,#12520,#12522,.T.);
#12520 = VERTEX_POINT('',#12521);
#12521 = CARTESIAN_POINT('',(2.774916911571,-1.30000204388,
    0.899998918773));
#12522 = LINE('',#12523,#12524);
#12523 = CARTESIAN_POINT('',(2.774917025221,-2.60000204388,
    0.899998975598));
#12524 = VECTOR('',#12525,1.);
#12525 = DIRECTION('',(-8.742277657348E-08,1.,-4.371138828674E-08));
#12526 = ORIENTED_EDGE('',*,*,#12527,.F.);
#12527 = EDGE_CURVE('',#12528,#12520,#12530,.T.);
#12528 = VERTEX_POINT('',#12529);
#12529 = CARTESIAN_POINT('',(2.754916911571,-1.300002045629,
    0.899998918773));
#12530 = LINE('',#12531,#12532);
#12531 = CARTESIAN_POINT('',(2.754916911571,-1.300002045629,
    0.899998918773));
#12532 = VECTOR('',#12533,1.);
#12533 = DIRECTION('',(1.,8.742277657348E-08,0.));
#12534 = ORIENTED_EDGE('',*,*,#12535,.T.);
#12535 = EDGE_CURVE('',#12528,#12481,#12536,.T.);
#12536 = LINE('',#12537,#12538);
#12537 = CARTESIAN_POINT('',(2.754916911571,-1.300002045629,
    0.899998918773));
#12538 = VECTOR('',#12539,1.);
#12539 = DIRECTION('',(8.742277657348E-08,-1.,4.371138828674E-08));
#12540 = PLANE('',#12541);
#12541 = AXIS2_PLACEMENT_3D('',#12542,#12543,#12544);
#12542 = CARTESIAN_POINT('',(2.604917025221,-2.600002058742,
    0.899998975598));
#12543 = DIRECTION('',(3.821370931908E-15,-4.371138828674E-08,-1.));
#12544 = DIRECTION('',(8.742277657348E-08,-1.,4.371138828674E-08));
#12545 = ADVANCED_FACE('',(#12546),#12580,.T.);
#12546 = FACE_BOUND('',#12547,.T.);
#12547 = EDGE_LOOP('',(#12548,#12558,#12566,#12574));
#12548 = ORIENTED_EDGE('',*,*,#12549,.F.);
#12549 = EDGE_CURVE('',#12550,#12552,#12554,.T.);
#12550 = VERTEX_POINT('',#12551);
#12551 = CARTESIAN_POINT('',(2.754916911571,-1.300002052185,
    0.749998918773));
#12552 = VERTEX_POINT('',#12553);
#12553 = CARTESIAN_POINT('',(2.754916911134,-1.295002052185,
    0.749998918554));
#12554 = LINE('',#12555,#12556);
#12555 = CARTESIAN_POINT('',(2.754916911571,-1.300002052185,
    0.749998918773));
#12556 = VECTOR('',#12557,1.);
#12557 = DIRECTION('',(-8.742277657348E-08,1.,-4.371138828674E-08));
#12558 = ORIENTED_EDGE('',*,*,#12559,.F.);
#12559 = EDGE_CURVE('',#12560,#12550,#12562,.T.);
#12560 = VERTEX_POINT('',#12561);
#12561 = CARTESIAN_POINT('',(2.604916911571,-1.300002065299,
    0.749998918773));
#12562 = LINE('',#12563,#12564);
#12563 = CARTESIAN_POINT('',(2.604916911571,-1.300002065299,
    0.749998918773));
#12564 = VECTOR('',#12565,1.);
#12565 = DIRECTION('',(1.,8.742277657348E-08,0.));
#12566 = ORIENTED_EDGE('',*,*,#12567,.T.);
#12567 = EDGE_CURVE('',#12560,#12568,#12570,.T.);
#12568 = VERTEX_POINT('',#12569);
#12569 = CARTESIAN_POINT('',(2.604916911134,-1.295002065299,
    0.749998918554));
#12570 = LINE('',#12571,#12572);
#12571 = CARTESIAN_POINT('',(2.604916911571,-1.300002065299,
    0.749998918773));
#12572 = VECTOR('',#12573,1.);
#12573 = DIRECTION('',(-8.742277657348E-08,1.,-4.371138828674E-08));
#12574 = ORIENTED_EDGE('',*,*,#12575,.T.);
#12575 = EDGE_CURVE('',#12568,#12552,#12576,.T.);
#12576 = LINE('',#12577,#12578);
#12577 = CARTESIAN_POINT('',(2.604916911134,-1.295002065299,
    0.749998918554));
#12578 = VECTOR('',#12579,1.);
#12579 = DIRECTION('',(1.,8.742277657348E-08,0.));
#12580 = PLANE('',#12581);
#12581 = AXIS2_PLACEMENT_3D('',#12582,#12583,#12584);
#12582 = CARTESIAN_POINT('',(2.604917009168,-2.41638499074,
    0.749998967572));
#12583 = DIRECTION('',(3.821370931908E-15,-4.371138828674E-08,-1.));
#12584 = DIRECTION('',(8.742277657348E-08,-1.,4.371138828674E-08));
#12585 = ADVANCED_FACE('',(#12586),#12613,.F.);
#12586 = FACE_BOUND('',#12587,.F.);
#12587 = EDGE_LOOP('',(#12588,#12598,#12605,#12606));
#12588 = ORIENTED_EDGE('',*,*,#12589,.F.);
#12589 = EDGE_CURVE('',#12590,#12592,#12594,.T.);
#12590 = VERTEX_POINT('',#12591);
#12591 = CARTESIAN_POINT('',(2.604916908948,-1.270002066392,
    0.724998917462));
#12592 = VERTEX_POINT('',#12593);
#12593 = CARTESIAN_POINT('',(2.754916908948,-1.270002053278,
    0.724998917462));
#12594 = LINE('',#12595,#12596);
#12595 = CARTESIAN_POINT('',(2.604916908948,-1.270002066392,
    0.724998917462));
#12596 = VECTOR('',#12597,1.);
#12597 = DIRECTION('',(1.,8.742277657348E-08,0.));
#12598 = ORIENTED_EDGE('',*,*,#12599,.T.);
#12599 = EDGE_CURVE('',#12590,#12568,#12600,.T.);
#12600 = CIRCLE('',#12601,2.5E-02);
#12601 = AXIS2_PLACEMENT_3D('',#12602,#12603,#12604);
#12602 = CARTESIAN_POINT('',(2.604916911134,-1.295002066392,
    0.724998918554));
#12603 = DIRECTION('',(1.,8.742277657348E-08,-7.88860905221E-31));
#12604 = DIRECTION('',(-8.742277657348E-08,1.,-4.371138828674E-08));
#12605 = ORIENTED_EDGE('',*,*,#12575,.T.);
#12606 = ORIENTED_EDGE('',*,*,#12607,.T.);
#12607 = EDGE_CURVE('',#12552,#12592,#12608,.T.);
#12608 = CIRCLE('',#12609,2.5E-02);
#12609 = AXIS2_PLACEMENT_3D('',#12610,#12611,#12612);
#12610 = CARTESIAN_POINT('',(2.754916911134,-1.295002053278,
    0.724998918554));
#12611 = DIRECTION('',(-1.,-8.742277657348E-08,7.88860905221E-31));
#12612 = DIRECTION('',(-3.821370931908E-15,4.371138828674E-08,1.));
#12613 = CYLINDRICAL_SURFACE('',#12614,2.5E-02);
#12614 = AXIS2_PLACEMENT_3D('',#12615,#12616,#12617);
#12615 = CARTESIAN_POINT('',(-9.093306522432,-1.295003089083,
    0.724998918554));
#12616 = DIRECTION('',(1.,8.742277657348E-08,0.));
#12617 = DIRECTION('',(-8.742277657348E-08,1.,-4.371138828674E-08));
#12618 = ADVANCED_FACE('',(#12619),#12644,.T.);
#12619 = FACE_BOUND('',#12620,.T.);
#12620 = EDGE_LOOP('',(#12621,#12629,#12630,#12638));
#12621 = ORIENTED_EDGE('',*,*,#12622,.F.);
#12622 = EDGE_CURVE('',#12592,#12623,#12625,.T.);
#12623 = VERTEX_POINT('',#12624);
#12624 = CARTESIAN_POINT('',(2.754916908948,-1.270002080267,
    0.107568292322));
#12625 = LINE('',#12626,#12627);
#12626 = CARTESIAN_POINT('',(2.754916908948,-1.270002053278,
    0.724998917462));
#12627 = VECTOR('',#12628,1.);
#12628 = DIRECTION('',(3.821370931908E-15,-4.371138828674E-08,-1.));
#12629 = ORIENTED_EDGE('',*,*,#12589,.F.);
#12630 = ORIENTED_EDGE('',*,*,#12631,.T.);
#12631 = EDGE_CURVE('',#12590,#12632,#12634,.T.);
#12632 = VERTEX_POINT('',#12633);
#12633 = CARTESIAN_POINT('',(2.604916908948,-1.27000209338,
    0.107568292322));
#12634 = LINE('',#12635,#12636);
#12635 = CARTESIAN_POINT('',(2.604916908948,-1.270002066392,
    0.724998917462));
#12636 = VECTOR('',#12637,1.);
#12637 = DIRECTION('',(3.821370931908E-15,-4.371138828674E-08,-1.));
#12638 = ORIENTED_EDGE('',*,*,#12639,.T.);
#12639 = EDGE_CURVE('',#12632,#12623,#12640,.T.);
#12640 = LINE('',#12641,#12642);
#12641 = CARTESIAN_POINT('',(2.604916908948,-1.27000209338,
    0.107568292322));
#12642 = VECTOR('',#12643,1.);
#12643 = DIRECTION('',(1.,8.742277657348E-08,0.));
#12644 = PLANE('',#12645);
#12645 = AXIS2_PLACEMENT_3D('',#12646,#12647,#12648);
#12646 = CARTESIAN_POINT('',(2.604916908948,-1.270002065299,
    0.749998917462));
#12647 = DIRECTION('',(8.742277657348E-08,-1.,4.371138828674E-08));
#12648 = DIRECTION('',(3.821370931908E-15,-4.371138828674E-08,-1.));
#12649 = ADVANCED_FACE('',(#12650),#12772,.T.);
#12650 = FACE_BOUND('',#12651,.T.);
#12651 = EDGE_LOOP('',(#12652,#12653,#12654,#12655,#12656,#12657,#12658,
    #12659,#12660,#12661,#12662,#12663,#12664,#12670,#12671,#12672,
    #12673,#12682,#12690,#12699,#12707,#12715,#12724,#12732,#12740,
    #12748,#12757,#12765));
#12652 = ORIENTED_EDGE('',*,*,#1615,.T.);
#12653 = ORIENTED_EDGE('',*,*,#1647,.T.);
#12654 = ORIENTED_EDGE('',*,*,#1686,.T.);
#12655 = ORIENTED_EDGE('',*,*,#1711,.T.);
#12656 = ORIENTED_EDGE('',*,*,#1750,.T.);
#12657 = ORIENTED_EDGE('',*,*,#1775,.T.);
#12658 = ORIENTED_EDGE('',*,*,#1808,.T.);
#12659 = ORIENTED_EDGE('',*,*,#1839,.T.);
#12660 = ORIENTED_EDGE('',*,*,#1870,.T.);
#12661 = ORIENTED_EDGE('',*,*,#1893,.T.);
#12662 = ORIENTED_EDGE('',*,*,#12488,.F.);
#12663 = ORIENTED_EDGE('',*,*,#12535,.F.);
#12664 = ORIENTED_EDGE('',*,*,#12665,.T.);
#12665 = EDGE_CURVE('',#12528,#12550,#12666,.T.);
#12666 = LINE('',#12667,#12668);
#12667 = CARTESIAN_POINT('',(2.754916911571,-1.300002045629,
    0.899998918773));
#12668 = VECTOR('',#12669,1.);
#12669 = DIRECTION('',(3.821370931908E-15,-4.371138828674E-08,-1.));
#12670 = ORIENTED_EDGE('',*,*,#12549,.T.);
#12671 = ORIENTED_EDGE('',*,*,#12607,.T.);
#12672 = ORIENTED_EDGE('',*,*,#12622,.T.);
#12673 = ORIENTED_EDGE('',*,*,#12674,.T.);
#12674 = EDGE_CURVE('',#12623,#12675,#12677,.T.);
#12675 = VERTEX_POINT('',#12676);
#12676 = CARTESIAN_POINT('',(2.754916908581,-1.265803354575,
    9.370081174865E-02));
#12677 = CIRCLE('',#12678,2.5E-02);
#12678 = AXIS2_PLACEMENT_3D('',#12679,#12680,#12681);
#12679 = CARTESIAN_POINT('',(2.754916906763,-1.245002080267,
    0.10756829123));
#12680 = DIRECTION('',(1.,8.742277657348E-08,-7.88860905221E-31));
#12681 = DIRECTION('',(8.742277657348E-08,-1.,4.371138828674E-08));
#12682 = ORIENTED_EDGE('',*,*,#12683,.T.);
#12683 = EDGE_CURVE('',#12675,#12684,#12686,.T.);
#12684 = VERTEX_POINT('',#12685);
#12685 = CARTESIAN_POINT('',(2.754916904418,-1.218178909141,
    2.226395441572E-02));
#12686 = LINE('',#12687,#12688);
#12687 = CARTESIAN_POINT('',(2.754916908581,-1.265803354575,
    9.370081174865E-02));
#12688 = VECTOR('',#12689,1.);
#12689 = DIRECTION('',(-4.84933424123E-08,0.554699179241,-0.832050972326
    ));
#12690 = ORIENTED_EDGE('',*,*,#12691,.T.);
#12691 = EDGE_CURVE('',#12684,#12692,#12694,.T.);
#12692 = VERTEX_POINT('',#12693);
#12693 = CARTESIAN_POINT('',(2.754916900781,-1.17657636271,
    -1.086622181568E-06));
#12694 = CIRCLE('',#12695,5.E-02);
#12695 = AXIS2_PLACEMENT_3D('',#12696,#12697,#12698);
#12696 = CARTESIAN_POINT('',(2.754916900781,-1.176576360524,
    4.999891337782E-02));
#12697 = DIRECTION('',(1.,8.742277657348E-08,6.617444900424E-24));
#12698 = DIRECTION('',(7.274020625142E-08,-0.832050972326,
    -0.554699179241));
#12699 = ORIENTED_EDGE('',*,*,#12700,.T.);
#12700 = EDGE_CURVE('',#12692,#12701,#12703,.T.);
#12701 = VERTEX_POINT('',#12702);
#12702 = CARTESIAN_POINT('',(2.754916859117,-0.700002084969,
    -1.107453904914E-06));
#12703 = LINE('',#12704,#12705);
#12704 = CARTESIAN_POINT('',(2.754916900781,-1.17657636271,
    -1.086622181568E-06));
#12705 = VECTOR('',#12706,1.);
#12706 = DIRECTION('',(-8.742277657348E-08,1.,-4.371138828674E-08));
#12707 = ORIENTED_EDGE('',*,*,#12708,.T.);
#12708 = EDGE_CURVE('',#12701,#12709,#12711,.T.);
#12709 = VERTEX_POINT('',#12710);
#12710 = CARTESIAN_POINT('',(2.754916859117,-0.700002044536,
    0.924998892546));
#12711 = LINE('',#12712,#12713);
#12712 = CARTESIAN_POINT('',(2.754916859117,-0.700002084969,
    -1.107453904914E-06));
#12713 = VECTOR('',#12714,1.);
#12714 = DIRECTION('',(-3.821370931908E-15,4.371138828674E-08,1.));
#12715 = ORIENTED_EDGE('',*,*,#12716,.T.);
#12716 = EDGE_CURVE('',#12709,#12717,#12719,.T.);
#12717 = VERTEX_POINT('',#12718);
#12718 = CARTESIAN_POINT('',(2.75491686786,-0.800002040165,
    1.024998896917));
#12719 = CIRCLE('',#12720,1.E-01);
#12720 = AXIS2_PLACEMENT_3D('',#12721,#12722,#12723);
#12721 = CARTESIAN_POINT('',(2.75491686786,-0.800002044536,
    0.924998896917));
#12722 = DIRECTION('',(1.,8.742277657348E-08,-7.88860905221E-31));
#12723 = DIRECTION('',(-8.742277657348E-08,1.,-4.371138828674E-08));
#12724 = ORIENTED_EDGE('',*,*,#12725,.T.);
#12725 = EDGE_CURVE('',#12717,#12726,#12728,.T.);
#12726 = VERTEX_POINT('',#12727);
#12727 = CARTESIAN_POINT('',(2.754916939984,-1.625002040165,
    1.024998932979));
#12728 = LINE('',#12729,#12730);
#12729 = CARTESIAN_POINT('',(2.75491686786,-0.800002040165,
    1.024998896917));
#12730 = VECTOR('',#12731,1.);
#12731 = DIRECTION('',(8.742277657348E-08,-1.,4.371138828674E-08));
#12732 = ORIENTED_EDGE('',*,*,#12733,.T.);
#12733 = EDGE_CURVE('',#12726,#12734,#12736,.T.);
#12734 = VERTEX_POINT('',#12735);
#12735 = CARTESIAN_POINT('',(2.754916939984,-1.625002041257,
    0.999998932979));
#12736 = LINE('',#12737,#12738);
#12737 = CARTESIAN_POINT('',(2.754916939984,-1.625002040165,
    1.024998932979));
#12738 = VECTOR('',#12739,1.);
#12739 = DIRECTION('',(3.821370931908E-15,-4.371138828674E-08,-1.));
#12740 = ORIENTED_EDGE('',*,*,#12741,.T.);
#12741 = EDGE_CURVE('',#12734,#12742,#12744,.T.);
#12742 = VERTEX_POINT('',#12743);
#12743 = CARTESIAN_POINT('',(2.754916992437,-2.225002041257,
    0.999998959206));
#12744 = LINE('',#12745,#12746);
#12745 = CARTESIAN_POINT('',(2.754916939984,-1.625002041257,
    0.999998932979));
#12746 = VECTOR('',#12747,1.);
#12747 = DIRECTION('',(8.742277657348E-08,-1.,4.371138828674E-08));
#12748 = ORIENTED_EDGE('',*,*,#12749,.T.);
#12749 = EDGE_CURVE('',#12742,#12750,#12752,.T.);
#12750 = VERTEX_POINT('',#12751);
#12751 = CARTESIAN_POINT('',(2.754916996808,-2.275002039072,
    1.049998961392));
#12752 = CIRCLE('',#12753,5.E-02);
#12753 = AXIS2_PLACEMENT_3D('',#12754,#12755,#12756);
#12754 = CARTESIAN_POINT('',(2.754916996808,-2.275002041257,
    0.999998961392));
#12755 = DIRECTION('',(1.,8.742277657348E-08,-7.88860905221E-31));
#12756 = DIRECTION('',(-8.742277657348E-08,1.,-4.371138828674E-08));
#12757 = ORIENTED_EDGE('',*,*,#12758,.T.);
#12758 = EDGE_CURVE('',#12750,#12759,#12761,.T.);
#12759 = VERTEX_POINT('',#12760);
#12760 = CARTESIAN_POINT('',(2.754917071761,-3.132365518172,
    1.049998998868));
#12761 = LINE('',#12762,#12763);
#12762 = CARTESIAN_POINT('',(2.754916996808,-2.275002039072,
    1.049998961392));
#12763 = VECTOR('',#12764,1.);
#12764 = DIRECTION('',(8.742277657348E-08,-1.,4.371138828674E-08));
#12765 = ORIENTED_EDGE('',*,*,#12766,.T.);
#12766 = EDGE_CURVE('',#12759,#1616,#12767,.T.);
#12767 = CIRCLE('',#12768,0.3);
#12768 = AXIS2_PLACEMENT_3D('',#12769,#12770,#12771);
#12769 = CARTESIAN_POINT('',(2.754917071761,-3.132365531285,
    0.749998998868));
#12770 = DIRECTION('',(1.,8.742277657348E-08,-7.88860905221E-31));
#12771 = DIRECTION('',(-3.821370931908E-15,4.371138828674E-08,1.));
#12772 = PLANE('',#12773);
#12773 = AXIS2_PLACEMENT_3D('',#12774,#12775,#12776);
#12774 = CARTESIAN_POINT('',(2.754916832891,-0.400002060928,
    0.549998879433));
#12775 = DIRECTION('',(1.,8.742277657348E-08,0.));
#12776 = DIRECTION('',(-8.742277657348E-08,1.,-4.371138828674E-08));
#12777 = ADVANCED_FACE('',(#12778),#12797,.T.);
#12778 = FACE_BOUND('',#12779,.T.);
#12779 = EDGE_LOOP('',(#12780,#12781,#12790,#12796));
#12780 = ORIENTED_EDGE('',*,*,#12639,.F.);
#12781 = ORIENTED_EDGE('',*,*,#12782,.F.);
#12782 = EDGE_CURVE('',#12783,#12632,#12785,.T.);
#12783 = VERTEX_POINT('',#12784);
#12784 = CARTESIAN_POINT('',(2.604916908581,-1.265803367688,
    9.370081174865E-02));
#12785 = CIRCLE('',#12786,2.5E-02);
#12786 = AXIS2_PLACEMENT_3D('',#12787,#12788,#12789);
#12787 = CARTESIAN_POINT('',(2.604916906763,-1.24500209338,0.10756829123
    ));
#12788 = DIRECTION('',(-1.,-8.742277657348E-08,-6.617444900424E-24));
#12789 = DIRECTION('',(7.274020625142E-08,-0.832050972326,
    -0.554699179241));
#12790 = ORIENTED_EDGE('',*,*,#12791,.T.);
#12791 = EDGE_CURVE('',#12783,#12675,#12792,.T.);
#12792 = LINE('',#12793,#12794);
#12793 = CARTESIAN_POINT('',(2.604916908581,-1.265803367688,
    9.370081174865E-02));
#12794 = VECTOR('',#12795,1.);
#12795 = DIRECTION('',(1.,8.742277657348E-08,0.));
#12796 = ORIENTED_EDGE('',*,*,#12674,.F.);
#12797 = CYLINDRICAL_SURFACE('',#12798,2.5E-02);
#12798 = AXIS2_PLACEMENT_3D('',#12799,#12800,#12801);
#12799 = CARTESIAN_POINT('',(-9.216945373955,-1.24500312688,
    0.10756829123));
#12800 = DIRECTION('',(1.,8.742277657348E-08,0.));
#12801 = DIRECTION('',(8.742277657348E-08,-1.,4.371138828674E-08));
#12802 = ADVANCED_FACE('',(#12803),#12821,.T.);
#12803 = FACE_BOUND('',#12804,.T.);
#12804 = EDGE_LOOP('',(#12805,#12813,#12819,#12820));
#12805 = ORIENTED_EDGE('',*,*,#12806,.F.);
#12806 = EDGE_CURVE('',#12807,#12783,#12809,.T.);
#12807 = VERTEX_POINT('',#12808);
#12808 = CARTESIAN_POINT('',(2.604916904418,-1.218178922254,
    2.226395441572E-02));
#12809 = LINE('',#12810,#12811);
#12810 = CARTESIAN_POINT('',(2.604916904418,-1.218178922254,
    2.226395441572E-02));
#12811 = VECTOR('',#12812,1.);
#12812 = DIRECTION('',(4.84933424123E-08,-0.554699179241,0.832050972326)
  );
#12813 = ORIENTED_EDGE('',*,*,#12814,.F.);
#12814 = EDGE_CURVE('',#12684,#12807,#12815,.T.);
#12815 = LINE('',#12816,#12817);
#12816 = CARTESIAN_POINT('',(2.754916904418,-1.218178909141,
    2.226395441572E-02));
#12817 = VECTOR('',#12818,1.);
#12818 = DIRECTION('',(-1.,-8.742277657348E-08,0.));
#12819 = ORIENTED_EDGE('',*,*,#12683,.F.);
#12820 = ORIENTED_EDGE('',*,*,#12791,.F.);
#12821 = PLANE('',#12822);
#12822 = AXIS2_PLACEMENT_3D('',#12823,#12824,#12825);
#12823 = CARTESIAN_POINT('',(2.679916906034,-1.236668841124,
    4.999891600454E-02));
#12824 = DIRECTION('',(7.274020625142E-08,-0.832050972326,
    -0.554699179241));
#12825 = DIRECTION('',(-4.84933424123E-08,0.554699179241,-0.832050972326
    ));
#12826 = ADVANCED_FACE('',(#12827),#12846,.T.);
#12827 = FACE_BOUND('',#12828,.T.);
#12828 = EDGE_LOOP('',(#12829,#12837,#12838,#12839));
#12829 = ORIENTED_EDGE('',*,*,#12830,.F.);
#12830 = EDGE_CURVE('',#12692,#12831,#12833,.T.);
#12831 = VERTEX_POINT('',#12832);
#12832 = CARTESIAN_POINT('',(2.604916900781,-1.176576375823,
    -1.086622181568E-06));
#12833 = LINE('',#12834,#12835);
#12834 = CARTESIAN_POINT('',(2.754916900781,-1.17657636271,
    -1.086622181568E-06));
#12835 = VECTOR('',#12836,1.);
#12836 = DIRECTION('',(-1.,-8.742277657348E-08,0.));
#12837 = ORIENTED_EDGE('',*,*,#12691,.F.);
#12838 = ORIENTED_EDGE('',*,*,#12814,.T.);
#12839 = ORIENTED_EDGE('',*,*,#12840,.F.);
#12840 = EDGE_CURVE('',#12831,#12807,#12841,.T.);
#12841 = CIRCLE('',#12842,5.E-02);
#12842 = AXIS2_PLACEMENT_3D('',#12843,#12844,#12845);
#12843 = CARTESIAN_POINT('',(2.604916900781,-1.176576373638,
    4.999891337782E-02));
#12844 = DIRECTION('',(-1.,-8.742277657348E-08,7.88860905221E-31));
#12845 = DIRECTION('',(3.821370931908E-15,-4.371138828674E-08,-1.));
#12846 = CYLINDRICAL_SURFACE('',#12847,5.E-02);
#12847 = AXIS2_PLACEMENT_3D('',#12848,#12849,#12850);
#12848 = CARTESIAN_POINT('',(10.821516900781,-1.17657565532,
    4.999891337782E-02));
#12849 = DIRECTION('',(-1.,-8.742277657348E-08,0.));
#12850 = DIRECTION('',(3.821370931908E-15,-4.371138828674E-08,-1.));
#12851 = ADVANCED_FACE('',(#12852),#12870,.T.);
#12852 = FACE_BOUND('',#12853,.T.);
#12853 = EDGE_LOOP('',(#12854,#12862,#12868,#12869));
#12854 = ORIENTED_EDGE('',*,*,#12855,.T.);
#12855 = EDGE_CURVE('',#12831,#12856,#12858,.T.);
#12856 = VERTEX_POINT('',#12857);
#12857 = CARTESIAN_POINT('',(2.604916859117,-0.700002098082,
    -1.107453904914E-06));
#12858 = LINE('',#12859,#12860);
#12859 = CARTESIAN_POINT('',(2.604916900781,-1.176576375823,
    -1.086622181568E-06));
#12860 = VECTOR('',#12861,1.);
#12861 = DIRECTION('',(-8.742277657348E-08,1.,-4.371138828674E-08));
#12862 = ORIENTED_EDGE('',*,*,#12863,.T.);
#12863 = EDGE_CURVE('',#12856,#12701,#12864,.T.);
#12864 = LINE('',#12865,#12866);
#12865 = CARTESIAN_POINT('',(2.604916859117,-0.700002098082,
    -1.107453904914E-06));
#12866 = VECTOR('',#12867,1.);
#12867 = DIRECTION('',(1.,8.742277657348E-08,0.));
#12868 = ORIENTED_EDGE('',*,*,#12700,.F.);
#12869 = ORIENTED_EDGE('',*,*,#12830,.T.);
#12870 = PLANE('',#12871);
#12871 = AXIS2_PLACEMENT_3D('',#12872,#12873,#12874);
#12872 = CARTESIAN_POINT('',(2.604916908948,-1.270002098082,
    -1.082538413577E-06));
#12873 = DIRECTION('',(3.821370931908E-15,-4.371138828674E-08,-1.));
#12874 = DIRECTION('',(8.742277657348E-08,-1.,4.371138828674E-08));
#12875 = ADVANCED_FACE('',(#12876),#12894,.T.);
#12876 = FACE_BOUND('',#12877,.T.);
#12877 = EDGE_LOOP('',(#12878,#12879,#12880,#12888));
#12878 = ORIENTED_EDGE('',*,*,#12708,.F.);
#12879 = ORIENTED_EDGE('',*,*,#12863,.F.);
#12880 = ORIENTED_EDGE('',*,*,#12881,.T.);
#12881 = EDGE_CURVE('',#12856,#12882,#12884,.T.);
#12882 = VERTEX_POINT('',#12883);
#12883 = CARTESIAN_POINT('',(2.604916859117,-0.700002057649,
    0.924998892546));
#12884 = LINE('',#12885,#12886);
#12885 = CARTESIAN_POINT('',(2.604916859117,-0.700002098082,
    -1.107453904914E-06));
#12886 = VECTOR('',#12887,1.);
#12887 = DIRECTION('',(-3.821370931908E-15,4.371138828674E-08,1.));
#12888 = ORIENTED_EDGE('',*,*,#12889,.F.);
#12889 = EDGE_CURVE('',#12709,#12882,#12890,.T.);
#12890 = LINE('',#12891,#12892);
#12891 = CARTESIAN_POINT('',(2.754916859117,-0.700002044536,
    0.924998892546));
#12892 = VECTOR('',#12893,1.);
#12893 = DIRECTION('',(-1.,-8.742277657348E-08,0.));
#12894 = PLANE('',#12895);
#12895 = AXIS2_PLACEMENT_3D('',#12896,#12897,#12898);
#12896 = CARTESIAN_POINT('',(2.604916859117,-0.700002098082,
    -1.107453904914E-06));
#12897 = DIRECTION('',(-8.742277657348E-08,1.,-4.371138828674E-08));
#12898 = DIRECTION('',(-1.,-8.742277657348E-08,0.));
#12899 = ADVANCED_FACE('',(#12900),#12919,.T.);
#12900 = FACE_BOUND('',#12901,.T.);
#12901 = EDGE_LOOP('',(#12902,#12910,#12911,#12912));
#12902 = ORIENTED_EDGE('',*,*,#12903,.F.);
#12903 = EDGE_CURVE('',#12717,#12904,#12906,.T.);
#12904 = VERTEX_POINT('',#12905);
#12905 = CARTESIAN_POINT('',(2.60491686786,-0.800002053278,
    1.024998896917));
#12906 = LINE('',#12907,#12908);
#12907 = CARTESIAN_POINT('',(2.75491686786,-0.800002040165,
    1.024998896917));
#12908 = VECTOR('',#12909,1.);
#12909 = DIRECTION('',(-1.,-8.742277657348E-08,0.));
#12910 = ORIENTED_EDGE('',*,*,#12716,.F.);
#12911 = ORIENTED_EDGE('',*,*,#12889,.T.);
#12912 = ORIENTED_EDGE('',*,*,#12913,.F.);
#12913 = EDGE_CURVE('',#12904,#12882,#12914,.T.);
#12914 = CIRCLE('',#12915,1.E-01);
#12915 = AXIS2_PLACEMENT_3D('',#12916,#12917,#12918);
#12916 = CARTESIAN_POINT('',(2.60491686786,-0.800002057649,
    0.924998896917));
#12917 = DIRECTION('',(-1.,-8.742277657348E-08,7.88860905221E-31));
#12918 = DIRECTION('',(-3.821372021924E-15,4.371140075506E-08,1.));
#12919 = CYLINDRICAL_SURFACE('',#12920,1.E-01);
#12920 = AXIS2_PLACEMENT_3D('',#12921,#12922,#12923);
#12921 = CARTESIAN_POINT('',(10.82151686786,-0.800001339331,
    0.924998896917));
#12922 = DIRECTION('',(-1.,-8.742277657348E-08,0.));
#12923 = DIRECTION('',(-3.821370931908E-15,4.371138828674E-08,1.));
#12924 = ADVANCED_FACE('',(#12925),#12943,.T.);
#12925 = FACE_BOUND('',#12926,.T.);
#12926 = EDGE_LOOP('',(#12927,#12935,#12941,#12942));
#12927 = ORIENTED_EDGE('',*,*,#12928,.T.);
#12928 = EDGE_CURVE('',#12904,#12929,#12931,.T.);
#12929 = VERTEX_POINT('',#12930);
#12930 = CARTESIAN_POINT('',(2.604916939984,-1.625002053278,
    1.024998932979));
#12931 = LINE('',#12932,#12933);
#12932 = CARTESIAN_POINT('',(2.60491686786,-0.800002053278,
    1.024998896917));
#12933 = VECTOR('',#12934,1.);
#12934 = DIRECTION('',(8.742277657348E-08,-1.,4.371138828674E-08));
#12935 = ORIENTED_EDGE('',*,*,#12936,.T.);
#12936 = EDGE_CURVE('',#12929,#12726,#12937,.T.);
#12937 = LINE('',#12938,#12939);
#12938 = CARTESIAN_POINT('',(2.604916939984,-1.625002053278,
    1.024998932979));
#12939 = VECTOR('',#12940,1.);
#12940 = DIRECTION('',(1.,8.742277657348E-08,0.));
#12941 = ORIENTED_EDGE('',*,*,#12725,.F.);
#12942 = ORIENTED_EDGE('',*,*,#12903,.T.);
#12943 = PLANE('',#12944);
#12944 = AXIS2_PLACEMENT_3D('',#12945,#12946,#12947);
#12945 = CARTESIAN_POINT('',(2.604916859117,-0.700002053278,
    1.024998892546));
#12946 = DIRECTION('',(-3.821370931908E-15,4.371138828674E-08,1.));
#12947 = DIRECTION('',(-1.,-8.742277657348E-08,0.));
#12948 = ADVANCED_FACE('',(#12949),#12967,.T.);
#12949 = FACE_BOUND('',#12950,.T.);
#12950 = EDGE_LOOP('',(#12951,#12959,#12960,#12961));
#12951 = ORIENTED_EDGE('',*,*,#12952,.T.);
#12952 = EDGE_CURVE('',#12953,#12734,#12955,.T.);
#12953 = VERTEX_POINT('',#12954);
#12954 = CARTESIAN_POINT('',(2.604916939984,-1.625002054371,
    0.999998932979));
#12955 = LINE('',#12956,#12957);
#12956 = CARTESIAN_POINT('',(2.604916939984,-1.625002054371,
    0.999998932979));
#12957 = VECTOR('',#12958,1.);
#12958 = DIRECTION('',(1.,8.742277657348E-08,0.));
#12959 = ORIENTED_EDGE('',*,*,#12733,.F.);
#12960 = ORIENTED_EDGE('',*,*,#12936,.F.);
#12961 = ORIENTED_EDGE('',*,*,#12962,.T.);
#12962 = EDGE_CURVE('',#12929,#12953,#12963,.T.);
#12963 = LINE('',#12964,#12965);
#12964 = CARTESIAN_POINT('',(2.604916939984,-1.625002053278,
    1.024998932979));
#12965 = VECTOR('',#12966,1.);
#12966 = DIRECTION('',(3.821370931908E-15,-4.371138828674E-08,-1.));
#12967 = PLANE('',#12968);
#12968 = AXIS2_PLACEMENT_3D('',#12969,#12970,#12971);
#12969 = CARTESIAN_POINT('',(2.604916939984,-1.625002053278,
    1.024998932979));
#12970 = DIRECTION('',(8.742277657348E-08,-1.,4.371138828674E-08));
#12971 = DIRECTION('',(3.821370931908E-15,-4.371138828674E-08,-1.));
#12972 = ADVANCED_FACE('',(#12973),#12991,.T.);
#12973 = FACE_BOUND('',#12974,.T.);
#12974 = EDGE_LOOP('',(#12975,#12976,#12977,#12985));
#12975 = ORIENTED_EDGE('',*,*,#12741,.F.);
#12976 = ORIENTED_EDGE('',*,*,#12952,.F.);
#12977 = ORIENTED_EDGE('',*,*,#12978,.T.);
#12978 = EDGE_CURVE('',#12953,#12979,#12981,.T.);
#12979 = VERTEX_POINT('',#12980);
#12980 = CARTESIAN_POINT('',(2.604916992437,-2.225002054371,
    0.999998959206));
#12981 = LINE('',#12982,#12983);
#12982 = CARTESIAN_POINT('',(2.604916939984,-1.625002054371,
    0.999998932979));
#12983 = VECTOR('',#12984,1.);
#12984 = DIRECTION('',(8.742277657348E-08,-1.,4.371138828674E-08));
#12985 = ORIENTED_EDGE('',*,*,#12986,.F.);
#12986 = EDGE_CURVE('',#12742,#12979,#12987,.T.);
#12987 = LINE('',#12988,#12989);
#12988 = CARTESIAN_POINT('',(2.754916992437,-2.225002041257,
    0.999998959206));
#12989 = VECTOR('',#12990,1.);
#12990 = DIRECTION('',(-1.,-8.742277657348E-08,0.));
#12991 = PLANE('',#12992);
#12992 = AXIS2_PLACEMENT_3D('',#12993,#12994,#12995);
#12993 = CARTESIAN_POINT('',(2.604916939984,-1.625002054371,
    0.999998932979));
#12994 = DIRECTION('',(-3.821370931908E-15,4.371138828674E-08,1.));
#12995 = DIRECTION('',(-1.,-8.742277657348E-08,0.));
#12996 = ADVANCED_FACE('',(#12997),#13016,.T.);
#12997 = FACE_BOUND('',#12998,.T.);
#12998 = EDGE_LOOP('',(#12999,#13007,#13008,#13009));
#12999 = ORIENTED_EDGE('',*,*,#13000,.F.);
#13000 = EDGE_CURVE('',#12750,#13001,#13003,.T.);
#13001 = VERTEX_POINT('',#13002);
#13002 = CARTESIAN_POINT('',(2.604916996808,-2.275002052185,
    1.049998961392));
#13003 = LINE('',#13004,#13005);
#13004 = CARTESIAN_POINT('',(2.754916996808,-2.275002039072,
    1.049998961392));
#13005 = VECTOR('',#13006,1.);
#13006 = DIRECTION('',(-1.,-8.742277657348E-08,0.));
#13007 = ORIENTED_EDGE('',*,*,#12749,.F.);
#13008 = ORIENTED_EDGE('',*,*,#12986,.T.);
#13009 = ORIENTED_EDGE('',*,*,#13010,.F.);
#13010 = EDGE_CURVE('',#13001,#12979,#13011,.T.);
#13011 = CIRCLE('',#13012,5.E-02);
#13012 = AXIS2_PLACEMENT_3D('',#13013,#13014,#13015);
#13013 = CARTESIAN_POINT('',(2.604916996808,-2.275002054371,
    0.999998961392));
#13014 = DIRECTION('',(-1.,-8.742277657348E-08,0.));
#13015 = DIRECTION('',(-3.821369036229E-15,4.371136660269E-08,1.));
#13016 = CYLINDRICAL_SURFACE('',#13017,5.E-02);
#13017 = AXIS2_PLACEMENT_3D('',#13018,#13019,#13020);
#13018 = CARTESIAN_POINT('',(10.821516996808,-2.275001336053,
    0.999998961392));
#13019 = DIRECTION('',(-1.,-8.742277657348E-08,0.));
#13020 = DIRECTION('',(-3.821370931908E-15,4.371138828674E-08,1.));
#13021 = ADVANCED_FACE('',(#13022),#13040,.T.);
#13022 = FACE_BOUND('',#13023,.T.);
#13023 = EDGE_LOOP('',(#13024,#13025,#13026,#13034));
#13024 = ORIENTED_EDGE('',*,*,#12758,.F.);
#13025 = ORIENTED_EDGE('',*,*,#13000,.T.);
#13026 = ORIENTED_EDGE('',*,*,#13027,.T.);
#13027 = EDGE_CURVE('',#13001,#13028,#13030,.T.);
#13028 = VERTEX_POINT('',#13029);
#13029 = CARTESIAN_POINT('',(2.604917071761,-3.132365531285,
    1.049998998868));
#13030 = LINE('',#13031,#13032);
#13031 = CARTESIAN_POINT('',(2.604916996808,-2.275002052185,
    1.049998961392));
#13032 = VECTOR('',#13033,1.);
#13033 = DIRECTION('',(8.742277657348E-08,-1.,4.371138828674E-08));
#13034 = ORIENTED_EDGE('',*,*,#13035,.F.);
#13035 = EDGE_CURVE('',#12759,#13028,#13036,.T.);
#13036 = LINE('',#13037,#13038);
#13037 = CARTESIAN_POINT('',(2.754917071761,-3.132365518172,
    1.049998998868));
#13038 = VECTOR('',#13039,1.);
#13039 = DIRECTION('',(-1.,-8.742277657348E-08,0.));
#13040 = PLANE('',#13041);
#13041 = AXIS2_PLACEMENT_3D('',#13042,#13043,#13044);
#13042 = CARTESIAN_POINT('',(2.604916992437,-2.225002052185,
    1.049998959206));
#13043 = DIRECTION('',(-3.821370931908E-15,4.371138828674E-08,1.));
#13044 = DIRECTION('',(-1.,-8.742277657348E-08,0.));
#13045 = ADVANCED_FACE('',(#13046),#13058,.T.);
#13046 = FACE_BOUND('',#13047,.T.);
#13047 = EDGE_LOOP('',(#13048,#13049,#13050,#13051));
#13048 = ORIENTED_EDGE('',*,*,#1623,.F.);
#13049 = ORIENTED_EDGE('',*,*,#12766,.F.);
#13050 = ORIENTED_EDGE('',*,*,#13035,.T.);
#13051 = ORIENTED_EDGE('',*,*,#13052,.F.);
#13052 = EDGE_CURVE('',#1598,#13028,#13053,.T.);
#13053 = CIRCLE('',#13054,0.3);
#13054 = AXIS2_PLACEMENT_3D('',#13055,#13056,#13057);
#13055 = CARTESIAN_POINT('',(2.604917071761,-3.132365544399,
    0.749998998868));
#13056 = DIRECTION('',(-1.,-8.742277657348E-08,7.88860905221E-31));
#13057 = DIRECTION('',(8.742277657348E-08,-1.,4.371138828674E-08));
#13058 = CYLINDRICAL_SURFACE('',#13059,0.3);
#13059 = AXIS2_PLACEMENT_3D('',#13060,#13061,#13062);
#13060 = CARTESIAN_POINT('',(10.821517071761,-3.132364826081,
    0.749998998868));
#13061 = DIRECTION('',(-1.,-8.742277657348E-08,0.));
#13062 = DIRECTION('',(8.742277657348E-08,-1.,4.371138828674E-08));
#13063 = ADVANCED_FACE('',(#13064),#13099,.F.);
#13064 = FACE_BOUND('',#13065,.T.);
#13065 = EDGE_LOOP('',(#13066,#13067,#13068,#13069,#13070,#13071,#13072,
    #13073,#13074,#13075,#13076,#13077,#13078,#13079,#13080,#13086,
    #13087,#13088,#13089,#13090,#13091,#13092,#13093,#13094,#13095,
    #13096,#13097,#13098));
#13066 = ORIENTED_EDGE('',*,*,#13027,.F.);
#13067 = ORIENTED_EDGE('',*,*,#13010,.T.);
#13068 = ORIENTED_EDGE('',*,*,#12978,.F.);
#13069 = ORIENTED_EDGE('',*,*,#12962,.F.);
#13070 = ORIENTED_EDGE('',*,*,#12928,.F.);
#13071 = ORIENTED_EDGE('',*,*,#12913,.T.);
#13072 = ORIENTED_EDGE('',*,*,#12881,.F.);
#13073 = ORIENTED_EDGE('',*,*,#12855,.F.);
#13074 = ORIENTED_EDGE('',*,*,#12840,.T.);
#13075 = ORIENTED_EDGE('',*,*,#12806,.T.);
#13076 = ORIENTED_EDGE('',*,*,#12782,.T.);
#13077 = ORIENTED_EDGE('',*,*,#12631,.F.);
#13078 = ORIENTED_EDGE('',*,*,#12599,.T.);
#13079 = ORIENTED_EDGE('',*,*,#12567,.F.);
#13080 = ORIENTED_EDGE('',*,*,#13081,.F.);
#13081 = EDGE_CURVE('',#1927,#12560,#13082,.T.);
#13082 = LINE('',#13083,#13084);
#13083 = CARTESIAN_POINT('',(2.604916911571,-1.300002058742,
    0.899998918773));
#13084 = VECTOR('',#13085,1.);
#13085 = DIRECTION('',(3.821370931908E-15,-4.371138828674E-08,-1.));
#13086 = ORIENTED_EDGE('',*,*,#1950,.T.);
#13087 = ORIENTED_EDGE('',*,*,#12495,.F.);
#13088 = ORIENTED_EDGE('',*,*,#1902,.F.);
#13089 = ORIENTED_EDGE('',*,*,#1860,.F.);
#13090 = ORIENTED_EDGE('',*,*,#1846,.F.);
#13091 = ORIENTED_EDGE('',*,*,#1815,.F.);
#13092 = ORIENTED_EDGE('',*,*,#1783,.F.);
#13093 = ORIENTED_EDGE('',*,*,#1734,.F.);
#13094 = ORIENTED_EDGE('',*,*,#1719,.T.);
#13095 = ORIENTED_EDGE('',*,*,#1670,.F.);
#13096 = ORIENTED_EDGE('',*,*,#1655,.T.);
#13097 = ORIENTED_EDGE('',*,*,#1597,.F.);
#13098 = ORIENTED_EDGE('',*,*,#13052,.T.);
#13099 = PLANE('',#13100);
#13100 = AXIS2_PLACEMENT_3D('',#13101,#13102,#13103);
#13101 = CARTESIAN_POINT('',(2.604916832891,-0.400002074041,
    0.549998879433));
#13102 = DIRECTION('',(1.,8.742277657348E-08,0.));
#13103 = DIRECTION('',(-8.742277657348E-08,1.,-4.371138828674E-08));
#13104 = ADVANCED_FACE('',(#13105),#13158,.F.);
#13105 = FACE_BOUND('',#13106,.T.);
#13106 = EDGE_LOOP('',(#13107,#13108,#13109,#13110,#13118,#13126,#13134,
    #13142,#13150,#13156,#13157));
#13107 = ORIENTED_EDGE('',*,*,#12559,.T.);
#13108 = ORIENTED_EDGE('',*,*,#12665,.F.);
#13109 = ORIENTED_EDGE('',*,*,#12527,.T.);
#13110 = ORIENTED_EDGE('',*,*,#13111,.T.);
#13111 = EDGE_CURVE('',#12520,#13112,#13114,.T.);
#13112 = VERTEX_POINT('',#13113);
#13113 = CARTESIAN_POINT('',(2.874916656219,-1.300002028581,
    1.049998918773));
#13114 = LINE('',#13115,#13116);
#13115 = CARTESIAN_POINT('',(2.774916911571,-1.30000204388,
    0.899998918773));
#13116 = VECTOR('',#13117,1.);
#13117 = DIRECTION('',(0.554699215611,8.486344765773E-08,0.83205094808)
  );
#13118 = ORIENTED_EDGE('',*,*,#13119,.F.);
#13119 = EDGE_CURVE('',#13120,#13112,#13122,.T.);
#13120 = VERTEX_POINT('',#13121);
#13121 = CARTESIAN_POINT('',(2.999916911571,-1.300002017653,
    1.049998918773));
#13122 = LINE('',#13123,#13124);
#13123 = CARTESIAN_POINT('',(2.999916911571,-1.300002017653,
    1.049998918773));
#13124 = VECTOR('',#13125,1.);
#13125 = DIRECTION('',(-1.,-8.742277657348E-08,0.));
#13126 = ORIENTED_EDGE('',*,*,#13127,.T.);
#13127 = EDGE_CURVE('',#13120,#13128,#13130,.T.);
#13128 = VERTEX_POINT('',#13129);
#13129 = CARTESIAN_POINT('',(2.999916911571,-1.300002059179,
    9.999891877293E-02));
#13130 = LINE('',#13131,#13132);
#13131 = CARTESIAN_POINT('',(2.999916911571,-1.300002017653,
    1.049998918773));
#13132 = VECTOR('',#13133,1.);
#13133 = DIRECTION('',(3.821370931908E-15,-4.371138828674E-08,-1.));
#13134 = ORIENTED_EDGE('',*,*,#13135,.F.);
#13135 = EDGE_CURVE('',#13136,#13128,#13138,.T.);
#13136 = VERTEX_POINT('',#13137);
#13137 = CARTESIAN_POINT('',(2.454916911571,-1.300002106825,
    9.999891877293E-02));
#13138 = LINE('',#13139,#13140);
#13139 = CARTESIAN_POINT('',(2.454916911571,-1.300002106825,
    9.999891877293E-02));
#13140 = VECTOR('',#13141,1.);
#13141 = DIRECTION('',(1.,8.742277657348E-08,0.));
#13142 = ORIENTED_EDGE('',*,*,#13143,.F.);
#13143 = EDGE_CURVE('',#13144,#13136,#13146,.T.);
#13144 = VERTEX_POINT('',#13145);
#13145 = CARTESIAN_POINT('',(2.454916911571,-1.300002065299,
    1.049998918773));
#13146 = LINE('',#13147,#13148);
#13147 = CARTESIAN_POINT('',(2.454916911571,-1.300002065299,
    1.049998918773));
#13148 = VECTOR('',#13149,1.);
#13149 = DIRECTION('',(3.821370931908E-15,-4.371138828674E-08,-1.));
#13150 = ORIENTED_EDGE('',*,*,#13151,.F.);
#13151 = EDGE_CURVE('',#1925,#13144,#13152,.T.);
#13152 = LINE('',#13153,#13154);
#13153 = CARTESIAN_POINT('',(2.554916911571,-1.300002056556,
    1.049998918773));
#13154 = VECTOR('',#13155,1.);
#13155 = DIRECTION('',(-1.,-8.742277657348E-08,0.));
#13156 = ORIENTED_EDGE('',*,*,#1924,.T.);
#13157 = ORIENTED_EDGE('',*,*,#13081,.T.);
#13158 = PLANE('',#13159);
#13159 = AXIS2_PLACEMENT_3D('',#13160,#13161,#13162);
#13160 = CARTESIAN_POINT('',(2.454916911571,-1.300002065299,
    1.049998918773));
#13161 = DIRECTION('',(8.742277657348E-08,-1.,4.371138828674E-08));
#13162 = DIRECTION('',(3.821370931908E-15,-4.371138828674E-08,-1.));
#13163 = ADVANCED_FACE('',(#13164),#13189,.T.);
#13164 = FACE_BOUND('',#13165,.T.);
#13165 = EDGE_LOOP('',(#13166,#13167,#13175,#13183));
#13166 = ORIENTED_EDGE('',*,*,#13127,.F.);
#13167 = ORIENTED_EDGE('',*,*,#13168,.T.);
#13168 = EDGE_CURVE('',#13120,#13169,#13171,.T.);
#13169 = VERTEX_POINT('',#13170);
#13170 = CARTESIAN_POINT('',(2.999917103901,-3.500002017653,
    1.049999014938));
#13171 = LINE('',#13172,#13173);
#13172 = CARTESIAN_POINT('',(2.999916911571,-1.300002017653,
    1.049998918773));
#13173 = VECTOR('',#13174,1.);
#13174 = DIRECTION('',(8.742277657348E-08,-1.,4.371138828674E-08));
#13175 = ORIENTED_EDGE('',*,*,#13176,.T.);
#13176 = EDGE_CURVE('',#13169,#13177,#13179,.T.);
#13177 = VERTEX_POINT('',#13178);
#13178 = CARTESIAN_POINT('',(2.999917103901,-3.500002059179,
    9.999901493798E-02));
#13179 = LINE('',#13180,#13181);
#13180 = CARTESIAN_POINT('',(2.999917103901,-3.500002017653,
    1.049999014938));
#13181 = VECTOR('',#13182,1.);
#13182 = DIRECTION('',(3.821370931908E-15,-4.371138828674E-08,-1.));
#13183 = ORIENTED_EDGE('',*,*,#13184,.T.);
#13184 = EDGE_CURVE('',#13177,#13128,#13185,.T.);
#13185 = LINE('',#13186,#13187);
#13186 = CARTESIAN_POINT('',(2.999917103901,-3.500002059179,
    9.999901493798E-02));
#13187 = VECTOR('',#13188,1.);
#13188 = DIRECTION('',(-8.742277657348E-08,1.,-4.371138828674E-08));
#13189 = PLANE('',#13190);
#13190 = AXIS2_PLACEMENT_3D('',#13191,#13192,#13193);
#13191 = CARTESIAN_POINT('',(2.999916832891,-0.400002017653,
    1.049998879433));
#13192 = DIRECTION('',(1.,8.742277657348E-08,0.));
#13193 = DIRECTION('',(-8.742277657348E-08,1.,-4.371138828674E-08));
#13194 = ADVANCED_FACE('',(#13195),#13206,.T.);
#13195 = FACE_BOUND('',#13196,.T.);
#13196 = EDGE_LOOP('',(#13197,#13198,#13199,#13200));
#13197 = ORIENTED_EDGE('',*,*,#11398,.T.);
#13198 = ORIENTED_EDGE('',*,*,#11873,.T.);
#13199 = ORIENTED_EDGE('',*,*,#11350,.T.);
#13200 = ORIENTED_EDGE('',*,*,#13201,.T.);
#13201 = EDGE_CURVE('',#11343,#11373,#13202,.T.);
#13202 = LINE('',#13203,#13204);
#13203 = CARTESIAN_POINT('',(-2.455082896099,-3.50000253607,
    9.999901493798E-02));
#13204 = VECTOR('',#13205,1.);
#13205 = DIRECTION('',(-1.,-8.742277657348E-08,0.));
#13206 = PLANE('',#13207);
#13207 = AXIS2_PLACEMENT_3D('',#13208,#13209,#13210);
#13208 = CARTESIAN_POINT('',(-8.316710936468E-05,-0.400002321447,
    9.999887943268E-02));
#13209 = DIRECTION('',(3.821370931908E-15,-4.371138828674E-08,-1.));
#13210 = DIRECTION('',(8.742277657348E-08,-1.,4.371138828674E-08));
#13211 = ADVANCED_FACE('',(#13212),#13230,.T.);
#13212 = FACE_BOUND('',#13213,.T.);
#13213 = EDGE_LOOP('',(#13214,#13222,#13223,#13224));
#13214 = ORIENTED_EDGE('',*,*,#13215,.T.);
#13215 = EDGE_CURVE('',#13216,#13136,#13218,.T.);
#13216 = VERTEX_POINT('',#13217);
#13217 = CARTESIAN_POINT('',(2.454917103901,-3.500002106825,
    9.999901493798E-02));
#13218 = LINE('',#13219,#13220);
#13219 = CARTESIAN_POINT('',(2.454917103901,-3.500002106825,
    9.999901493798E-02));
#13220 = VECTOR('',#13221,1.);
#13221 = DIRECTION('',(-8.742277657348E-08,1.,-4.371138828674E-08));
#13222 = ORIENTED_EDGE('',*,*,#13135,.T.);
#13223 = ORIENTED_EDGE('',*,*,#13184,.F.);
#13224 = ORIENTED_EDGE('',*,*,#13225,.T.);
#13225 = EDGE_CURVE('',#13177,#13216,#13226,.T.);
#13226 = LINE('',#13227,#13228);
#13227 = CARTESIAN_POINT('',(2.999917103901,-3.500002059179,
    9.999901493798E-02));
#13228 = VECTOR('',#13229,1.);
#13229 = DIRECTION('',(-1.,-8.742277657348E-08,0.));
#13230 = PLANE('',#13231);
#13231 = AXIS2_PLACEMENT_3D('',#13232,#13233,#13234);
#13232 = CARTESIAN_POINT('',(-8.316710936468E-05,-0.400002321447,
    9.999887943268E-02));
#13233 = DIRECTION('',(3.821370931908E-15,-4.371138828674E-08,-1.));
#13234 = DIRECTION('',(8.742277657348E-08,-1.,4.371138828674E-08));
#13235 = ADVANCED_FACE('',(#13236),#13270,.F.);
#13236 = FACE_BOUND('',#13237,.T.);
#13237 = EDGE_LOOP('',(#13238,#13248,#13254,#13255,#13256,#13264));
#13238 = ORIENTED_EDGE('',*,*,#13239,.T.);
#13239 = EDGE_CURVE('',#13240,#13242,#13244,.T.);
#13240 = VERTEX_POINT('',#13241);
#13241 = CARTESIAN_POINT('',(2.454916832891,-0.40000210901,
    4.999887943268E-02));
#13242 = VERTEX_POINT('',#13243);
#13243 = CARTESIAN_POINT('',(2.454916832891,-0.400002065299,
    1.049998879433));
#13244 = LINE('',#13245,#13246);
#13245 = CARTESIAN_POINT('',(2.454916832891,-0.40000210901,
    4.999887943268E-02));
#13246 = VECTOR('',#13247,1.);
#13247 = DIRECTION('',(-3.821370931908E-15,4.371138828674E-08,1.));
#13248 = ORIENTED_EDGE('',*,*,#13249,.T.);
#13249 = EDGE_CURVE('',#13242,#13144,#13250,.T.);
#13250 = LINE('',#13251,#13252);
#13251 = CARTESIAN_POINT('',(2.454916832891,-0.400002065299,
    1.049998879433));
#13252 = VECTOR('',#13253,1.);
#13253 = DIRECTION('',(8.742277657348E-08,-1.,4.371138828674E-08));
#13254 = ORIENTED_EDGE('',*,*,#13143,.T.);
#13255 = ORIENTED_EDGE('',*,*,#13215,.F.);
#13256 = ORIENTED_EDGE('',*,*,#13257,.F.);
#13257 = EDGE_CURVE('',#13258,#13216,#13260,.T.);
#13258 = VERTEX_POINT('',#13259);
#13259 = CARTESIAN_POINT('',(2.454917103901,-3.50000210901,
    4.999901493798E-02));
#13260 = LINE('',#13261,#13262);
#13261 = CARTESIAN_POINT('',(2.454917103901,-3.50000210901,
    4.999901493798E-02));
#13262 = VECTOR('',#13263,1.);
#13263 = DIRECTION('',(-3.821370931908E-15,4.371138828674E-08,1.));
#13264 = ORIENTED_EDGE('',*,*,#13265,.F.);
#13265 = EDGE_CURVE('',#13240,#13258,#13266,.T.);
#13266 = LINE('',#13267,#13268);
#13267 = CARTESIAN_POINT('',(2.454916832891,-0.40000210901,
    4.999887943268E-02));
#13268 = VECTOR('',#13269,1.);
#13269 = DIRECTION('',(8.742277657348E-08,-1.,4.371138828674E-08));
#13270 = PLANE('',#13271);
#13271 = AXIS2_PLACEMENT_3D('',#13272,#13273,#13274);
#13272 = CARTESIAN_POINT('',(2.454916832891,-0.400002065299,
    1.049998879433));
#13273 = DIRECTION('',(-1.,-8.742277657348E-08,0.));
#13274 = DIRECTION('',(-3.821370931908E-15,4.371138828674E-08,1.));
#13275 = ADVANCED_FACE('',(#13276),#13310,.F.);
#13276 = FACE_BOUND('',#13277,.T.);
#13277 = EDGE_LOOP('',(#13278,#13288,#13296,#13304));
#13278 = ORIENTED_EDGE('',*,*,#13279,.T.);
#13279 = EDGE_CURVE('',#13280,#13282,#13284,.T.);
#13280 = VERTEX_POINT('',#13281);
#13281 = CARTESIAN_POINT('',(2.18491706019,-3.000002132614,
    4.999899308229E-02));
#13282 = VERTEX_POINT('',#13283);
#13283 = CARTESIAN_POINT('',(2.18491706019,-3.000002131303,
    7.999899308229E-02));
#13284 = LINE('',#13285,#13286);
#13285 = CARTESIAN_POINT('',(2.18491706019,-3.000002132614,
    4.999899308229E-02));
#13286 = VECTOR('',#13287,1.);
#13287 = DIRECTION('',(-3.821370931908E-15,4.371138828674E-08,1.));
#13288 = ORIENTED_EDGE('',*,*,#13289,.F.);
#13289 = EDGE_CURVE('',#13290,#13282,#13292,.T.);
#13290 = VERTEX_POINT('',#13291);
#13291 = CARTESIAN_POINT('',(-2.18508293981,-3.00000251334,
    7.999899308229E-02));
#13292 = LINE('',#13293,#13294);
#13293 = CARTESIAN_POINT('',(-2.18508293981,-3.00000251334,
    7.999899308229E-02));
#13294 = VECTOR('',#13295,1.);
#13295 = DIRECTION('',(1.,8.742277657348E-08,0.));
#13296 = ORIENTED_EDGE('',*,*,#13297,.F.);
#13297 = EDGE_CURVE('',#13298,#13290,#13300,.T.);
#13298 = VERTEX_POINT('',#13299);
#13299 = CARTESIAN_POINT('',(-2.18508293981,-3.000002514652,
    4.999899308229E-02));
#13300 = LINE('',#13301,#13302);
#13301 = CARTESIAN_POINT('',(-2.18508293981,-3.000002514652,
    4.999899308229E-02));
#13302 = VECTOR('',#13303,1.);
#13303 = DIRECTION('',(-3.821370931908E-15,4.371138828674E-08,1.));
#13304 = ORIENTED_EDGE('',*,*,#13305,.T.);
#13305 = EDGE_CURVE('',#13298,#13280,#13306,.T.);
#13306 = LINE('',#13307,#13308);
#13307 = CARTESIAN_POINT('',(-2.18508293981,-3.000002514652,
    4.999899308229E-02));
#13308 = VECTOR('',#13309,1.);
#13309 = DIRECTION('',(1.,8.742277657348E-08,0.));
#13310 = PLANE('',#13311);
#13311 = AXIS2_PLACEMENT_3D('',#13312,#13313,#13314);
#13312 = CARTESIAN_POINT('',(-2.18508293981,-3.000002514652,
    4.999899308229E-02));
#13313 = DIRECTION('',(-8.742277657348E-08,1.,-4.371138828674E-08));
#13314 = DIRECTION('',(-1.,-8.742277657348E-08,0.));
#13315 = ADVANCED_FACE('',(#13316),#13341,.F.);
#13316 = FACE_BOUND('',#13317,.T.);
#13317 = EDGE_LOOP('',(#13318,#13326,#13327,#13335));
#13318 = ORIENTED_EDGE('',*,*,#13319,.T.);
#13319 = EDGE_CURVE('',#13320,#13298,#13322,.T.);
#13320 = VERTEX_POINT('',#13321);
#13321 = CARTESIAN_POINT('',(-2.185082896099,-3.500002514652,
    4.999901493798E-02));
#13322 = LINE('',#13323,#13324);
#13323 = CARTESIAN_POINT('',(-2.185082896099,-3.500002514652,
    4.999901493798E-02));
#13324 = VECTOR('',#13325,1.);
#13325 = DIRECTION('',(-8.742277657348E-08,1.,-4.371138828674E-08));
#13326 = ORIENTED_EDGE('',*,*,#13297,.T.);
#13327 = ORIENTED_EDGE('',*,*,#13328,.F.);
#13328 = EDGE_CURVE('',#13329,#13290,#13331,.T.);
#13329 = VERTEX_POINT('',#13330);
#13330 = CARTESIAN_POINT('',(-2.185082896099,-3.50000251334,
    7.999901493798E-02));
#13331 = LINE('',#13332,#13333);
#13332 = CARTESIAN_POINT('',(-2.185082896099,-3.50000251334,
    7.999901493798E-02));
#13333 = VECTOR('',#13334,1.);
#13334 = DIRECTION('',(-8.742277657348E-08,1.,-4.371138828674E-08));
#13335 = ORIENTED_EDGE('',*,*,#13336,.F.);
#13336 = EDGE_CURVE('',#13320,#13329,#13337,.T.);
#13337 = LINE('',#13338,#13339);
#13338 = CARTESIAN_POINT('',(-2.185082896099,-3.500002514652,
    4.999901493798E-02));
#13339 = VECTOR('',#13340,1.);
#13340 = DIRECTION('',(-3.821370931908E-15,4.371138828674E-08,1.));
#13341 = PLANE('',#13342);
#13342 = AXIS2_PLACEMENT_3D('',#13343,#13344,#13345);
#13343 = CARTESIAN_POINT('',(-2.185082896099,-3.500002514652,
    4.999901493798E-02));
#13344 = DIRECTION('',(-1.,-8.742277657348E-08,0.));
#13345 = DIRECTION('',(-3.821370931908E-15,4.371138828674E-08,1.));
#13346 = ADVANCED_FACE('',(#13347),#13379,.T.);
#13347 = FACE_BOUND('',#13348,.T.);
#13348 = EDGE_LOOP('',(#13349,#13355,#13356,#13362,#13363,#13371,#13377,
    #13378));
#13349 = ORIENTED_EDGE('',*,*,#13350,.T.);
#13350 = EDGE_CURVE('',#13320,#11335,#13351,.T.);
#13351 = LINE('',#13352,#13353);
#13352 = CARTESIAN_POINT('',(-2.185082896099,-3.500002514652,
    4.999901493798E-02));
#13353 = VECTOR('',#13354,1.);
#13354 = DIRECTION('',(-1.,-8.742277657348E-08,0.));
#13355 = ORIENTED_EDGE('',*,*,#11334,.T.);
#13356 = ORIENTED_EDGE('',*,*,#13357,.F.);
#13357 = EDGE_CURVE('',#13240,#11327,#13358,.T.);
#13358 = LINE('',#13359,#13360);
#13359 = CARTESIAN_POINT('',(2.454916832891,-0.40000210901,
    4.999887943268E-02));
#13360 = VECTOR('',#13361,1.);
#13361 = DIRECTION('',(-1.,-8.742277657348E-08,0.));
#13362 = ORIENTED_EDGE('',*,*,#13265,.T.);
#13363 = ORIENTED_EDGE('',*,*,#13364,.T.);
#13364 = EDGE_CURVE('',#13258,#13365,#13367,.T.);
#13365 = VERTEX_POINT('',#13366);
#13366 = CARTESIAN_POINT('',(2.184917103901,-3.500002132614,
    4.999901493798E-02));
#13367 = LINE('',#13368,#13369);
#13368 = CARTESIAN_POINT('',(2.454917103901,-3.50000210901,
    4.999901493798E-02));
#13369 = VECTOR('',#13370,1.);
#13370 = DIRECTION('',(-1.,-8.742277657348E-08,0.));
#13371 = ORIENTED_EDGE('',*,*,#13372,.T.);
#13372 = EDGE_CURVE('',#13365,#13280,#13373,.T.);
#13373 = LINE('',#13374,#13375);
#13374 = CARTESIAN_POINT('',(2.184917103901,-3.500002132614,
    4.999901493798E-02));
#13375 = VECTOR('',#13376,1.);
#13376 = DIRECTION('',(-8.742277657348E-08,1.,-4.371138828674E-08));
#13377 = ORIENTED_EDGE('',*,*,#13305,.F.);
#13378 = ORIENTED_EDGE('',*,*,#13319,.F.);
#13379 = PLANE('',#13380);
#13380 = AXIS2_PLACEMENT_3D('',#13381,#13382,#13383);
#13381 = CARTESIAN_POINT('',(2.999916832891,-0.400002061365,
    4.999887943268E-02));
#13382 = DIRECTION('',(3.821370931908E-15,-4.371138828674E-08,-1.));
#13383 = DIRECTION('',(8.742277657348E-08,-1.,4.371138828674E-08));
#13384 = ADVANCED_FACE('',(#13385),#13403,.F.);
#13385 = FACE_BOUND('',#13386,.T.);
#13386 = EDGE_LOOP('',(#13387,#13395,#13396,#13397));
#13387 = ORIENTED_EDGE('',*,*,#13388,.F.);
#13388 = EDGE_CURVE('',#13282,#13389,#13391,.T.);
#13389 = VERTEX_POINT('',#13390);
#13390 = CARTESIAN_POINT('',(2.184917103901,-3.500002131303,
    7.999901493798E-02));
#13391 = LINE('',#13392,#13393);
#13392 = CARTESIAN_POINT('',(2.18491706019,-3.000002131303,
    7.999899308229E-02));
#13393 = VECTOR('',#13394,1.);
#13394 = DIRECTION('',(8.742277657348E-08,-1.,4.371138828674E-08));
#13395 = ORIENTED_EDGE('',*,*,#13279,.F.);
#13396 = ORIENTED_EDGE('',*,*,#13372,.F.);
#13397 = ORIENTED_EDGE('',*,*,#13398,.T.);
#13398 = EDGE_CURVE('',#13365,#13389,#13399,.T.);
#13399 = LINE('',#13400,#13401);
#13400 = CARTESIAN_POINT('',(2.184917103901,-3.500002132614,
    4.999901493798E-02));
#13401 = VECTOR('',#13402,1.);
#13402 = DIRECTION('',(-3.821370931908E-15,4.371138828674E-08,1.));
#13403 = PLANE('',#13404);
#13404 = AXIS2_PLACEMENT_3D('',#13405,#13406,#13407);
#13405 = CARTESIAN_POINT('',(2.18491706019,-3.000002132614,
    4.999899308229E-02));
#13406 = DIRECTION('',(1.,8.742277657348E-08,0.));
#13407 = DIRECTION('',(-8.742277657348E-08,1.,-4.371138828674E-08));
#13408 = ADVANCED_FACE('',(#13409),#13445,.F.);
#13409 = FACE_BOUND('',#13410,.F.);
#13410 = EDGE_LOOP('',(#13411,#13422,#13430,#13439));
#13411 = ORIENTED_EDGE('',*,*,#13412,.F.);
#13412 = EDGE_CURVE('',#13413,#13415,#13417,.T.);
#13413 = VERTEX_POINT('',#13414);
#13414 = CARTESIAN_POINT('',(1.674917104843,-3.510774909902,
    0.384861370253));
#13415 = VERTEX_POINT('',#13416);
#13416 = CARTESIAN_POINT('',(1.674917106723,-3.532282885141,
    0.379999016349));
#13417 = CIRCLE('',#13418,5.E-02);
#13418 = AXIS2_PLACEMENT_3D('',#13419,#13420,#13421);
#13419 = CARTESIAN_POINT('',(1.674917106723,-3.532282882956,
    0.429999016349));
#13420 = DIRECTION('',(-1.,-8.742277657348E-08,6.617444900424E-24));
#13421 = DIRECTION('',(-3.760573445801E-08,0.430159461092,
    -0.902752921919));
#13422 = ORIENTED_EDGE('',*,*,#13423,.T.);
#13423 = EDGE_CURVE('',#13413,#13424,#13426,.T.);
#13424 = VERTEX_POINT('',#13425);
#13425 = CARTESIAN_POINT('',(1.824917104843,-3.510774896788,
    0.384861370253));
#13426 = LINE('',#13427,#13428);
#13427 = CARTESIAN_POINT('',(1.674917104843,-3.510774909902,
    0.384861370253));
#13428 = VECTOR('',#13429,1.);
#13429 = DIRECTION('',(1.,8.742277657348E-08,0.));
#13430 = ORIENTED_EDGE('',*,*,#13431,.T.);
#13431 = EDGE_CURVE('',#13424,#13432,#13434,.T.);
#13432 = VERTEX_POINT('',#13433);
#13433 = CARTESIAN_POINT('',(1.824917106723,-3.532282872028,
    0.379999016349));
#13434 = CIRCLE('',#13435,5.E-02);
#13435 = AXIS2_PLACEMENT_3D('',#13436,#13437,#13438);
#13436 = CARTESIAN_POINT('',(1.824917106723,-3.532282869842,
    0.429999016349));
#13437 = DIRECTION('',(-1.,-8.742277657348E-08,6.617444900424E-24));
#13438 = DIRECTION('',(-3.760573445801E-08,0.430159461092,
    -0.902752921919));
#13439 = ORIENTED_EDGE('',*,*,#13440,.F.);
#13440 = EDGE_CURVE('',#13415,#13432,#13441,.T.);
#13441 = LINE('',#13442,#13443);
#13442 = CARTESIAN_POINT('',(1.674917106723,-3.532282885141,
    0.379999016349));
#13443 = VECTOR('',#13444,1.);
#13444 = DIRECTION('',(1.,8.742277657348E-08,0.));
#13445 = CYLINDRICAL_SURFACE('',#13446,5.E-02);
#13446 = AXIS2_PLACEMENT_3D('',#13447,#13448,#13449);
#13447 = CARTESIAN_POINT('',(1.674917106723,-3.532282882956,
    0.429999016349));
#13448 = DIRECTION('',(1.,8.742277657348E-08,0.));
#13449 = DIRECTION('',(-3.821370931908E-15,4.371138828674E-08,1.));
#13450 = ADVANCED_FACE('',(#13451),#13476,.T.);
#13451 = FACE_BOUND('',#13452,.T.);
#13452 = EDGE_LOOP('',(#13453,#13463,#13469,#13470));
#13453 = ORIENTED_EDGE('',*,*,#13454,.T.);
#13454 = EDGE_CURVE('',#13455,#13457,#13459,.T.);
#13455 = VERTEX_POINT('',#13456);
#13456 = CARTESIAN_POINT('',(1.674917112644,-3.600002162775,
    0.379999019309));
#13457 = VERTEX_POINT('',#13458);
#13458 = CARTESIAN_POINT('',(1.824917112644,-3.600002149662,
    0.379999019309));
#13459 = LINE('',#13460,#13461);
#13460 = CARTESIAN_POINT('',(1.674917112644,-3.600002162775,
    0.379999019309));
#13461 = VECTOR('',#13462,1.);
#13462 = DIRECTION('',(1.,8.742277657348E-08,0.));
#13463 = ORIENTED_EDGE('',*,*,#13464,.F.);
#13464 = EDGE_CURVE('',#13432,#13457,#13465,.T.);
#13465 = LINE('',#13466,#13467);
#13466 = CARTESIAN_POINT('',(1.824917106723,-3.532282872028,
    0.379999016349));
#13467 = VECTOR('',#13468,1.);
#13468 = DIRECTION('',(8.742277657348E-08,-1.,4.371138828674E-08));
#13469 = ORIENTED_EDGE('',*,*,#13440,.F.);
#13470 = ORIENTED_EDGE('',*,*,#13471,.T.);
#13471 = EDGE_CURVE('',#13415,#13455,#13472,.T.);
#13472 = LINE('',#13473,#13474);
#13473 = CARTESIAN_POINT('',(1.674917106723,-3.532282885141,
    0.379999016349));
#13474 = VECTOR('',#13475,1.);
#13475 = DIRECTION('',(8.742277657348E-08,-1.,4.371138828674E-08));
#13476 = PLANE('',#13477);
#13477 = AXIS2_PLACEMENT_3D('',#13478,#13479,#13480);
#13478 = CARTESIAN_POINT('',(1.674917106723,-3.532282885141,
    0.379999016349));
#13479 = DIRECTION('',(-3.821370931908E-15,4.371138828674E-08,1.));
#13480 = DIRECTION('',(-1.,-8.742277657348E-08,0.));
#13481 = ADVANCED_FACE('',(#13482),#13498,.T.);
#13482 = FACE_BOUND('',#13483,.T.);
#13483 = EDGE_LOOP('',(#13484,#13485,#13491,#13492));
#13484 = ORIENTED_EDGE('',*,*,#1261,.T.);
#13485 = ORIENTED_EDGE('',*,*,#13486,.F.);
#13486 = EDGE_CURVE('',#13457,#1264,#13487,.T.);
#13487 = LINE('',#13488,#13489);
#13488 = CARTESIAN_POINT('',(1.824917112644,-3.600002149662,
    0.379999019309));
#13489 = VECTOR('',#13490,1.);
#13490 = DIRECTION('',(3.821370931908E-15,-4.371138828674E-08,-1.));
#13491 = ORIENTED_EDGE('',*,*,#13454,.F.);
#13492 = ORIENTED_EDGE('',*,*,#13493,.T.);
#13493 = EDGE_CURVE('',#13455,#1262,#13494,.T.);
#13494 = LINE('',#13495,#13496);
#13495 = CARTESIAN_POINT('',(1.674917112644,-3.600002162775,
    0.379999019309));
#13496 = VECTOR('',#13497,1.);
#13497 = DIRECTION('',(3.821370931908E-15,-4.371138828674E-08,-1.));
#13498 = PLANE('',#13499);
#13499 = AXIS2_PLACEMENT_3D('',#13500,#13501,#13502);
#13500 = CARTESIAN_POINT('',(1.674917112644,-3.600002162775,
    0.379999019309));
#13501 = DIRECTION('',(8.742277657348E-08,-1.,4.371138828674E-08));
#13502 = DIRECTION('',(3.821370931908E-15,-4.371138828674E-08,-1.));
#13503 = ADVANCED_FACE('',(#13504),#13531,.F.);
#13504 = FACE_BOUND('',#13505,.F.);
#13505 = EDGE_LOOP('',(#13506,#13515,#13523,#13530));
#13506 = ORIENTED_EDGE('',*,*,#13507,.T.);
#13507 = EDGE_CURVE('',#1272,#13508,#13510,.T.);
#13508 = VERTEX_POINT('',#13509);
#13509 = CARTESIAN_POINT('',(1.824917108234,-3.549565165081,
    2.952901710355E-02));
#13510 = CIRCLE('',#13511,5.E-02);
#13511 = AXIS2_PLACEMENT_3D('',#13512,#13513,#13514);
#13512 = CARTESIAN_POINT('',(1.824917112605,-3.599565165081,
    2.952901928912E-02));
#13513 = DIRECTION('',(-1.,-8.742277657348E-08,0.));
#13514 = DIRECTION('',(7.640710712331E-10,-8.73995429087E-03,
    0.99996180587));
#13515 = ORIENTED_EDGE('',*,*,#13516,.F.);
#13516 = EDGE_CURVE('',#13517,#13508,#13519,.T.);
#13517 = VERTEX_POINT('',#13518);
#13518 = CARTESIAN_POINT('',(1.674917108234,-3.549565178195,
    2.952901710355E-02));
#13519 = LINE('',#13520,#13521);
#13520 = CARTESIAN_POINT('',(1.674917108234,-3.549565178195,
    2.952901710355E-02));
#13521 = VECTOR('',#13522,1.);
#13522 = DIRECTION('',(1.,8.742277657348E-08,0.));
#13523 = ORIENTED_EDGE('',*,*,#13524,.F.);
#13524 = EDGE_CURVE('',#1281,#13517,#13525,.T.);
#13525 = CIRCLE('',#13526,5.E-02);
#13526 = AXIS2_PLACEMENT_3D('',#13527,#13528,#13529);
#13527 = CARTESIAN_POINT('',(1.674917112605,-3.599565178195,
    2.952901928912E-02));
#13528 = DIRECTION('',(-1.,-8.742277657348E-08,0.));
#13529 = DIRECTION('',(7.640710712331E-10,-8.73995429087E-03,
    0.99996180587));
#13530 = ORIENTED_EDGE('',*,*,#1280,.T.);
#13531 = CYLINDRICAL_SURFACE('',#13532,5.E-02);
#13532 = AXIS2_PLACEMENT_3D('',#13533,#13534,#13535);
#13533 = CARTESIAN_POINT('',(1.674917112605,-3.599565178195,
    2.952901928912E-02));
#13534 = DIRECTION('',(1.,8.742277657348E-08,0.));
#13535 = DIRECTION('',(-3.821370931908E-15,4.371138828674E-08,1.));
#13536 = ADVANCED_FACE('',(#13537),#13562,.T.);
#13537 = FACE_BOUND('',#13538,.T.);
#13538 = EDGE_LOOP('',(#13539,#13549,#13555,#13556));
#13539 = ORIENTED_EDGE('',*,*,#13540,.T.);
#13540 = EDGE_CURVE('',#13541,#13543,#13545,.T.);
#13541 = VERTEX_POINT('',#13542);
#13542 = CARTESIAN_POINT('',(1.674917108234,-3.549565179485,
    -3.422422500954E-07));
#13543 = VERTEX_POINT('',#13544);
#13544 = CARTESIAN_POINT('',(1.824917108234,-3.549565166372,
    -3.422422500954E-07));
#13545 = LINE('',#13546,#13547);
#13546 = CARTESIAN_POINT('',(1.674917108234,-3.549565179485,
    -3.422422500954E-07));
#13547 = VECTOR('',#13548,1.);
#13548 = DIRECTION('',(1.,8.742277657348E-08,0.));
#13549 = ORIENTED_EDGE('',*,*,#13550,.F.);
#13550 = EDGE_CURVE('',#13508,#13543,#13551,.T.);
#13551 = LINE('',#13552,#13553);
#13552 = CARTESIAN_POINT('',(1.824917108234,-3.549565165081,
    2.952901710355E-02));
#13553 = VECTOR('',#13554,1.);
#13554 = DIRECTION('',(3.821370931908E-15,-4.371138828674E-08,-1.));
#13555 = ORIENTED_EDGE('',*,*,#13516,.F.);
#13556 = ORIENTED_EDGE('',*,*,#13557,.T.);
#13557 = EDGE_CURVE('',#13517,#13541,#13558,.T.);
#13558 = LINE('',#13559,#13560);
#13559 = CARTESIAN_POINT('',(1.674917108234,-3.549565178195,
    2.952901710355E-02));
#13560 = VECTOR('',#13561,1.);
#13561 = DIRECTION('',(3.821370931908E-15,-4.371138828674E-08,-1.));
#13562 = PLANE('',#13563);
#13563 = AXIS2_PLACEMENT_3D('',#13564,#13565,#13566);
#13564 = CARTESIAN_POINT('',(1.674917108234,-3.549565178195,
    2.952901710355E-02));
#13565 = DIRECTION('',(8.742277657348E-08,-1.,4.371138828674E-08));
#13566 = DIRECTION('',(3.821370931908E-15,-4.371138828674E-08,-1.));
#13567 = ADVANCED_FACE('',(#13568),#13593,.T.);
#13568 = FACE_BOUND('',#13569,.T.);
#13569 = EDGE_LOOP('',(#13570,#13580,#13586,#13587));
#13570 = ORIENTED_EDGE('',*,*,#13571,.T.);
#13571 = EDGE_CURVE('',#13572,#13574,#13576,.T.);
#13572 = VERTEX_POINT('',#13573);
#13573 = CARTESIAN_POINT('',(1.674917077694,-3.200225798359,
    -3.575123593835E-07));
#13574 = VERTEX_POINT('',#13575);
#13575 = CARTESIAN_POINT('',(1.824917077694,-3.200225785246,
    -3.575123593835E-07));
#13576 = LINE('',#13577,#13578);
#13577 = CARTESIAN_POINT('',(1.674917077694,-3.200225798359,
    -3.575123593835E-07));
#13578 = VECTOR('',#13579,1.);
#13579 = DIRECTION('',(1.,8.742277657348E-08,0.));
#13580 = ORIENTED_EDGE('',*,*,#13581,.F.);
#13581 = EDGE_CURVE('',#13543,#13574,#13582,.T.);
#13582 = LINE('',#13583,#13584);
#13583 = CARTESIAN_POINT('',(1.824917108234,-3.549565166372,
    -3.422422500954E-07));
#13584 = VECTOR('',#13585,1.);
#13585 = DIRECTION('',(-8.742277657348E-08,1.,-4.371138828674E-08));
#13586 = ORIENTED_EDGE('',*,*,#13540,.F.);
#13587 = ORIENTED_EDGE('',*,*,#13588,.T.);
#13588 = EDGE_CURVE('',#13541,#13572,#13589,.T.);
#13589 = LINE('',#13590,#13591);
#13590 = CARTESIAN_POINT('',(1.674917108234,-3.549565179485,
    -3.422422500954E-07));
#13591 = VECTOR('',#13592,1.);
#13592 = DIRECTION('',(-8.742277657348E-08,1.,-4.371138828674E-08));
#13593 = PLANE('',#13594);
#13594 = AXIS2_PLACEMENT_3D('',#13595,#13596,#13597);
#13595 = CARTESIAN_POINT('',(1.674917108234,-3.549565179485,
    -3.422422500954E-07));
#13596 = DIRECTION('',(3.821370931908E-15,-4.371138828674E-08,-1.));
#13597 = DIRECTION('',(8.742277657348E-08,-1.,4.371138828674E-08));
#13598 = ADVANCED_FACE('',(#13599),#13626,.T.);
#13599 = FACE_BOUND('',#13600,.T.);
#13600 = EDGE_LOOP('',(#13601,#13611,#13618,#13619));
#13601 = ORIENTED_EDGE('',*,*,#13602,.T.);
#13602 = EDGE_CURVE('',#13603,#13605,#13607,.T.);
#13603 = VERTEX_POINT('',#13604);
#13604 = CARTESIAN_POINT('',(1.674917083805,-3.270127362838,
    7.371055284804E-02));
#13605 = VERTEX_POINT('',#13606);
#13606 = CARTESIAN_POINT('',(1.824917083805,-3.270127349725,
    7.371055284804E-02));
#13607 = LINE('',#13608,#13609);
#13608 = CARTESIAN_POINT('',(1.674917083805,-3.270127362838,
    7.371055284804E-02));
#13609 = VECTOR('',#13610,1.);
#13610 = DIRECTION('',(1.,8.742277657348E-08,0.));
#13611 = ORIENTED_EDGE('',*,*,#13612,.F.);
#13612 = EDGE_CURVE('',#13574,#13605,#13613,.T.);
#13613 = CIRCLE('',#13614,7.E-02);
#13614 = AXIS2_PLACEMENT_3D('',#13615,#13616,#13617);
#13615 = CARTESIAN_POINT('',(1.824917083805,-3.270127352785,
    3.710552848035E-03));
#13616 = DIRECTION('',(1.,8.742277657348E-08,8.27180612553E-25));
#13617 = DIRECTION('',(-8.729984458611E-08,0.998593821974,
    -5.301300514863E-02));
#13618 = ORIENTED_EDGE('',*,*,#13571,.F.);
#13619 = ORIENTED_EDGE('',*,*,#13620,.T.);
#13620 = EDGE_CURVE('',#13572,#13603,#13621,.T.);
#13621 = CIRCLE('',#13622,7.E-02);
#13622 = AXIS2_PLACEMENT_3D('',#13623,#13624,#13625);
#13623 = CARTESIAN_POINT('',(1.674917083805,-3.270127365898,
    3.710552848035E-03));
#13624 = DIRECTION('',(1.,8.742277657348E-08,8.27180612553E-25));
#13625 = DIRECTION('',(-8.729984458611E-08,0.998593821974,
    -5.301300514863E-02));
#13626 = CYLINDRICAL_SURFACE('',#13627,7.E-02);
#13627 = AXIS2_PLACEMENT_3D('',#13628,#13629,#13630);
#13628 = CARTESIAN_POINT('',(1.674917083805,-3.270127365898,
    3.710552848035E-03));
#13629 = DIRECTION('',(1.,8.742277657348E-08,0.));
#13630 = DIRECTION('',(-3.821370931908E-15,4.371138828674E-08,1.));
#13631 = ADVANCED_FACE('',(#13632),#13657,.T.);
#13632 = FACE_BOUND('',#13633,.T.);
#13633 = EDGE_LOOP('',(#13634,#13644,#13650,#13651));
#13634 = ORIENTED_EDGE('',*,*,#13635,.T.);
#13635 = EDGE_CURVE('',#13636,#13638,#13640,.T.);
#13636 = VERTEX_POINT('',#13637);
#13637 = CARTESIAN_POINT('',(1.674917086417,-3.300002176163,
    7.37105541539E-02));
#13638 = VERTEX_POINT('',#13639);
#13639 = CARTESIAN_POINT('',(1.824917086417,-3.30000216305,
    7.37105541539E-02));
#13640 = LINE('',#13641,#13642);
#13641 = CARTESIAN_POINT('',(1.674917086417,-3.300002176163,
    7.37105541539E-02));
#13642 = VECTOR('',#13643,1.);
#13643 = DIRECTION('',(1.,8.742277657348E-08,0.));
#13644 = ORIENTED_EDGE('',*,*,#13645,.F.);
#13645 = EDGE_CURVE('',#13605,#13638,#13646,.T.);
#13646 = LINE('',#13647,#13648);
#13647 = CARTESIAN_POINT('',(1.824917083805,-3.270127349725,
    7.371055284804E-02));
#13648 = VECTOR('',#13649,1.);
#13649 = DIRECTION('',(8.742277657348E-08,-1.,4.371138828674E-08));
#13650 = ORIENTED_EDGE('',*,*,#13602,.F.);
#13651 = ORIENTED_EDGE('',*,*,#13652,.T.);
#13652 = EDGE_CURVE('',#13603,#13636,#13653,.T.);
#13653 = LINE('',#13654,#13655);
#13654 = CARTESIAN_POINT('',(1.674917083805,-3.270127362838,
    7.371055284804E-02));
#13655 = VECTOR('',#13656,1.);
#13656 = DIRECTION('',(8.742277657348E-08,-1.,4.371138828674E-08));
#13657 = PLANE('',#13658);
#13658 = AXIS2_PLACEMENT_3D('',#13659,#13660,#13661);
#13659 = CARTESIAN_POINT('',(1.674917083805,-3.270127362838,
    7.371055284804E-02));
#13660 = DIRECTION('',(-3.821370931908E-15,4.371138828674E-08,1.));
#13661 = DIRECTION('',(-1.,-8.742277657348E-08,0.));
#13662 = ADVANCED_FACE('',(#13663),#13688,.T.);
#13663 = FACE_BOUND('',#13664,.T.);
#13664 = EDGE_LOOP('',(#13665,#13673,#13674,#13682));
#13665 = ORIENTED_EDGE('',*,*,#13666,.F.);
#13666 = EDGE_CURVE('',#13638,#13667,#13669,.T.);
#13667 = VERTEX_POINT('',#13668);
#13668 = CARTESIAN_POINT('',(1.824917086417,-3.300002162775,
    7.99990061957E-02));
#13669 = LINE('',#13670,#13671);
#13670 = CARTESIAN_POINT('',(1.824917086417,-3.30000216305,
    7.37105541539E-02));
#13671 = VECTOR('',#13672,1.);
#13672 = DIRECTION('',(-3.821370931908E-15,4.371138828674E-08,1.));
#13673 = ORIENTED_EDGE('',*,*,#13635,.F.);
#13674 = ORIENTED_EDGE('',*,*,#13675,.T.);
#13675 = EDGE_CURVE('',#13636,#13676,#13678,.T.);
#13676 = VERTEX_POINT('',#13677);
#13677 = CARTESIAN_POINT('',(1.674917086417,-3.300002175889,
    7.99990061957E-02));
#13678 = LINE('',#13679,#13680);
#13679 = CARTESIAN_POINT('',(1.674917086417,-3.300002176163,
    7.37105541539E-02));
#13680 = VECTOR('',#13681,1.);
#13681 = DIRECTION('',(-3.821370931908E-15,4.371138828674E-08,1.));
#13682 = ORIENTED_EDGE('',*,*,#13683,.T.);
#13683 = EDGE_CURVE('',#13676,#13667,#13684,.T.);
#13684 = LINE('',#13685,#13686);
#13685 = CARTESIAN_POINT('',(1.674917086417,-3.300002175889,
    7.99990061957E-02));
#13686 = VECTOR('',#13687,1.);
#13687 = DIRECTION('',(1.,8.742277657348E-08,0.));
#13688 = PLANE('',#13689);
#13689 = AXIS2_PLACEMENT_3D('',#13690,#13691,#13692);
#13690 = CARTESIAN_POINT('',(1.674917086417,-3.300002176163,
    7.37105541539E-02));
#13691 = DIRECTION('',(-8.742277657348E-08,1.,-4.371138828674E-08));
#13692 = DIRECTION('',(-1.,-8.742277657348E-08,0.));
#13693 = ADVANCED_FACE('',(#13694),#13791,.T.);
#13694 = FACE_BOUND('',#13695,.T.);
#13695 = EDGE_LOOP('',(#13696,#13704,#13705,#13706,#13707,#13713,#13714,
    #13715,#13716,#13722,#13723,#13724,#13725,#13731,#13732,#13733,
    #13734,#13740,#13741,#13742,#13743,#13749,#13750,#13751,#13752,
    #13758,#13759,#13760,#13761,#13767,#13768,#13769,#13770,#13778,
    #13784,#13785));
#13696 = ORIENTED_EDGE('',*,*,#13697,.F.);
#13697 = EDGE_CURVE('',#10622,#13698,#13700,.T.);
#13698 = VERTEX_POINT('',#13699);
#13699 = CARTESIAN_POINT('',(1.674917103901,-3.500002175889,
    7.999901493798E-02));
#13700 = LINE('',#13701,#13702);
#13701 = CARTESIAN_POINT('',(1.324917103901,-3.500002206486,
    7.999901493798E-02));
#13702 = VECTOR('',#13703,1.);
#13703 = DIRECTION('',(1.,8.742277657348E-08,0.));
#13704 = ORIENTED_EDGE('',*,*,#10621,.F.);
#13705 = ORIENTED_EDGE('',*,*,#10535,.F.);
#13706 = ORIENTED_EDGE('',*,*,#10485,.T.);
#13707 = ORIENTED_EDGE('',*,*,#13708,.F.);
#13708 = EDGE_CURVE('',#4159,#10488,#13709,.T.);
#13709 = LINE('',#13710,#13711);
#13710 = CARTESIAN_POINT('',(0.824917103901,-3.500002250198,
    7.999901493798E-02));
#13711 = VECTOR('',#13712,1.);
#13712 = DIRECTION('',(1.,8.742277657348E-08,0.));
#13713 = ORIENTED_EDGE('',*,*,#4158,.F.);
#13714 = ORIENTED_EDGE('',*,*,#4048,.F.);
#13715 = ORIENTED_EDGE('',*,*,#4282,.T.);
#13716 = ORIENTED_EDGE('',*,*,#13717,.F.);
#13717 = EDGE_CURVE('',#5146,#4283,#13718,.T.);
#13718 = LINE('',#13719,#13720);
#13719 = CARTESIAN_POINT('',(0.324917103901,-3.500002293909,
    7.999901493798E-02));
#13720 = VECTOR('',#13721,1.);
#13721 = DIRECTION('',(1.,8.742277657348E-08,0.));
#13722 = ORIENTED_EDGE('',*,*,#5145,.F.);
#13723 = ORIENTED_EDGE('',*,*,#5035,.F.);
#13724 = ORIENTED_EDGE('',*,*,#5269,.T.);
#13725 = ORIENTED_EDGE('',*,*,#13726,.F.);
#13726 = EDGE_CURVE('',#6133,#5270,#13727,.T.);
#13727 = LINE('',#13728,#13729);
#13728 = CARTESIAN_POINT('',(-0.175082896099,-3.500002337621,
    7.999901493798E-02));
#13729 = VECTOR('',#13730,1.);
#13730 = DIRECTION('',(1.,8.742277657348E-08,0.));
#13731 = ORIENTED_EDGE('',*,*,#6132,.F.);
#13732 = ORIENTED_EDGE('',*,*,#6022,.F.);
#13733 = ORIENTED_EDGE('',*,*,#6256,.T.);
#13734 = ORIENTED_EDGE('',*,*,#13735,.F.);
#13735 = EDGE_CURVE('',#7120,#6257,#13736,.T.);
#13736 = LINE('',#13737,#13738);
#13737 = CARTESIAN_POINT('',(-0.675082896099,-3.500002381332,
    7.999901493798E-02));
#13738 = VECTOR('',#13739,1.);
#13739 = DIRECTION('',(1.,8.742277657348E-08,0.));
#13740 = ORIENTED_EDGE('',*,*,#7119,.F.);
#13741 = ORIENTED_EDGE('',*,*,#7009,.F.);
#13742 = ORIENTED_EDGE('',*,*,#7243,.T.);
#13743 = ORIENTED_EDGE('',*,*,#13744,.F.);
#13744 = EDGE_CURVE('',#8100,#7244,#13745,.T.);
#13745 = LINE('',#13746,#13747);
#13746 = CARTESIAN_POINT('',(-1.175082896099,-3.500002425043,
    7.999901493798E-02));
#13747 = VECTOR('',#13748,1.);
#13748 = DIRECTION('',(1.,8.742277657348E-08,0.));
#13749 = ORIENTED_EDGE('',*,*,#8099,.F.);
#13750 = ORIENTED_EDGE('',*,*,#7987,.F.);
#13751 = ORIENTED_EDGE('',*,*,#8171,.T.);
#13752 = ORIENTED_EDGE('',*,*,#13753,.F.);
#13753 = EDGE_CURVE('',#9087,#8164,#13754,.T.);
#13754 = LINE('',#13755,#13756);
#13755 = CARTESIAN_POINT('',(-1.675082896099,-3.500002468755,
    7.999901493798E-02));
#13756 = VECTOR('',#13757,1.);
#13757 = DIRECTION('',(1.,8.742277657348E-08,0.));
#13758 = ORIENTED_EDGE('',*,*,#9086,.T.);
#13759 = ORIENTED_EDGE('',*,*,#8974,.F.);
#13760 = ORIENTED_EDGE('',*,*,#9184,.F.);
#13761 = ORIENTED_EDGE('',*,*,#13762,.F.);
#13762 = EDGE_CURVE('',#13329,#9185,#13763,.T.);
#13763 = LINE('',#13764,#13765);
#13764 = CARTESIAN_POINT('',(-2.185082896099,-3.50000251334,
    7.999901493798E-02));
#13765 = VECTOR('',#13766,1.);
#13766 = DIRECTION('',(1.,8.742277657348E-08,0.));
#13767 = ORIENTED_EDGE('',*,*,#13328,.T.);
#13768 = ORIENTED_EDGE('',*,*,#13289,.T.);
#13769 = ORIENTED_EDGE('',*,*,#13388,.T.);
#13770 = ORIENTED_EDGE('',*,*,#13771,.F.);
#13771 = EDGE_CURVE('',#13772,#13389,#13774,.T.);
#13772 = VERTEX_POINT('',#13773);
#13773 = CARTESIAN_POINT('',(1.824917103901,-3.500002162775,
    7.999901493798E-02));
#13774 = LINE('',#13775,#13776);
#13775 = CARTESIAN_POINT('',(1.824917103901,-3.500002162775,
    7.999901493798E-02));
#13776 = VECTOR('',#13777,1.);
#13777 = DIRECTION('',(1.,8.742277657348E-08,0.));
#13778 = ORIENTED_EDGE('',*,*,#13779,.F.);
#13779 = EDGE_CURVE('',#13667,#13772,#13780,.T.);
#13780 = LINE('',#13781,#13782);
#13781 = CARTESIAN_POINT('',(1.824917086417,-3.300002162775,
    7.99990061957E-02));
#13782 = VECTOR('',#13783,1.);
#13783 = DIRECTION('',(8.742277657348E-08,-1.,4.371138828674E-08));
#13784 = ORIENTED_EDGE('',*,*,#13683,.F.);
#13785 = ORIENTED_EDGE('',*,*,#13786,.T.);
#13786 = EDGE_CURVE('',#13676,#13698,#13787,.T.);
#13787 = LINE('',#13788,#13789);
#13788 = CARTESIAN_POINT('',(1.674917086417,-3.300002175889,
    7.99990061957E-02));
#13789 = VECTOR('',#13790,1.);
#13790 = DIRECTION('',(8.742277657348E-08,-1.,4.371138828674E-08));
#13791 = PLANE('',#13792);
#13792 = AXIS2_PLACEMENT_3D('',#13793,#13794,#13795);
#13793 = CARTESIAN_POINT('',(-8.31671093646E-05,-0.400002322322,
    7.999887943268E-02));
#13794 = DIRECTION('',(3.821370931908E-15,-4.371138828674E-08,-1.));
#13795 = DIRECTION('',(8.742277657348E-08,-1.,4.371138828674E-08));
#13796 = ADVANCED_FACE('',(#13797),#13806,.T.);
#13797 = FACE_BOUND('',#13798,.T.);
#13798 = EDGE_LOOP('',(#13799,#13800,#13801,#13802,#13803,#13804,#13805)
  );
#13799 = ORIENTED_EDGE('',*,*,#9308,.T.);
#13800 = ORIENTED_EDGE('',*,*,#9340,.T.);
#13801 = ORIENTED_EDGE('',*,*,#9373,.T.);
#13802 = ORIENTED_EDGE('',*,*,#9404,.T.);
#13803 = ORIENTED_EDGE('',*,*,#9427,.T.);
#13804 = ORIENTED_EDGE('',*,*,#9568,.F.);
#13805 = ORIENTED_EDGE('',*,*,#9590,.T.);
#13806 = PLANE('',#13807);
#13807 = AXIS2_PLACEMENT_3D('',#13808,#13809,#13810);
#13808 = CARTESIAN_POINT('',(1.824916832891,-0.400002142231,
    0.549998879433));
#13809 = DIRECTION('',(1.,8.742277657348E-08,0.));
#13810 = DIRECTION('',(-8.742277657348E-08,1.,-4.371138828674E-08));
#13811 = ADVANCED_FACE('',(#13812),#13819,.T.);
#13812 = FACE_BOUND('',#13813,.T.);
#13813 = EDGE_LOOP('',(#13814,#13815,#13816,#13817,#13818));
#13814 = ORIENTED_EDGE('',*,*,#2896,.T.);
#13815 = ORIENTED_EDGE('',*,*,#2938,.T.);
#13816 = ORIENTED_EDGE('',*,*,#2969,.T.);
#13817 = ORIENTED_EDGE('',*,*,#2992,.T.);
#13818 = ORIENTED_EDGE('',*,*,#9916,.F.);
#13819 = PLANE('',#13820);
#13820 = AXIS2_PLACEMENT_3D('',#13821,#13822,#13823);
#13821 = CARTESIAN_POINT('',(1.824916832891,-0.400002142231,
    0.549998879433));
#13822 = DIRECTION('',(1.,8.742277657348E-08,0.));
#13823 = DIRECTION('',(-8.742277657348E-08,1.,-4.371138828674E-08));
#13824 = ADVANCED_FACE('',(#13825),#13834,.T.);
#13825 = FACE_BOUND('',#13826,.T.);
#13826 = EDGE_LOOP('',(#13827,#13828,#13829,#13830,#13831,#13832,#13833)
  );
#13827 = ORIENTED_EDGE('',*,*,#10792,.T.);
#13828 = ORIENTED_EDGE('',*,*,#10860,.T.);
#13829 = ORIENTED_EDGE('',*,*,#10644,.F.);
#13830 = ORIENTED_EDGE('',*,*,#2339,.T.);
#13831 = ORIENTED_EDGE('',*,*,#2298,.T.);
#13832 = ORIENTED_EDGE('',*,*,#2257,.T.);
#13833 = ORIENTED_EDGE('',*,*,#12406,.T.);
#13834 = PLANE('',#13835);
#13835 = AXIS2_PLACEMENT_3D('',#13836,#13837,#13838);
#13836 = CARTESIAN_POINT('',(1.824916832891,-0.400002142231,
    0.549998879433));
#13837 = DIRECTION('',(1.,8.742277657348E-08,0.));
#13838 = DIRECTION('',(-8.742277657348E-08,1.,-4.371138828674E-08));
#13839 = ADVANCED_FACE('',(#13840),#13867,.T.);
#13840 = FACE_BOUND('',#13841,.T.);
#13841 = EDGE_LOOP('',(#13842,#13850,#13851,#13852,#13853,#13854,#13855,
    #13856,#13857,#13858,#13859,#13860,#13861));
#13842 = ORIENTED_EDGE('',*,*,#13843,.T.);
#13843 = EDGE_CURVE('',#13844,#13424,#13846,.T.);
#13844 = VERTEX_POINT('',#13845);
#13845 = CARTESIAN_POINT('',(1.824917103901,-3.500002149225,
    0.389994556946));
#13846 = LINE('',#13847,#13848);
#13847 = CARTESIAN_POINT('',(1.824917103901,-3.500002149225,
    0.389994556946));
#13848 = VECTOR('',#13849,1.);
#13849 = DIRECTION('',(7.892116699397E-08,-0.902752921919,
    -0.430159461092));
#13850 = ORIENTED_EDGE('',*,*,#13431,.T.);
#13851 = ORIENTED_EDGE('',*,*,#13464,.T.);
#13852 = ORIENTED_EDGE('',*,*,#13486,.T.);
#13853 = ORIENTED_EDGE('',*,*,#1271,.T.);
#13854 = ORIENTED_EDGE('',*,*,#13507,.T.);
#13855 = ORIENTED_EDGE('',*,*,#13550,.T.);
#13856 = ORIENTED_EDGE('',*,*,#13581,.T.);
#13857 = ORIENTED_EDGE('',*,*,#13612,.T.);
#13858 = ORIENTED_EDGE('',*,*,#13645,.T.);
#13859 = ORIENTED_EDGE('',*,*,#13666,.T.);
#13860 = ORIENTED_EDGE('',*,*,#13779,.T.);
#13861 = ORIENTED_EDGE('',*,*,#13862,.T.);
#13862 = EDGE_CURVE('',#13772,#13844,#13863,.T.);
#13863 = LINE('',#13864,#13865);
#13864 = CARTESIAN_POINT('',(1.824917103901,-3.500002162775,
    7.999901493798E-02));
#13865 = VECTOR('',#13866,1.);
#13866 = DIRECTION('',(-3.821370931908E-15,4.371138828674E-08,1.));
#13867 = PLANE('',#13868);
#13868 = AXIS2_PLACEMENT_3D('',#13869,#13870,#13871);
#13869 = CARTESIAN_POINT('',(1.824916832891,-0.400002142231,
    0.549998879433));
#13870 = DIRECTION('',(1.,8.742277657348E-08,0.));
#13871 = DIRECTION('',(-8.742277657348E-08,1.,-4.371138828674E-08));
#13872 = ADVANCED_FACE('',(#13873),#13891,.T.);
#13873 = FACE_BOUND('',#13874,.T.);
#13874 = EDGE_LOOP('',(#13875,#13883,#13884,#13885));
#13875 = ORIENTED_EDGE('',*,*,#13876,.T.);
#13876 = EDGE_CURVE('',#13877,#13413,#13879,.T.);
#13877 = VERTEX_POINT('',#13878);
#13878 = CARTESIAN_POINT('',(1.674917103901,-3.500002162338,
    0.389994556946));
#13879 = LINE('',#13880,#13881);
#13880 = CARTESIAN_POINT('',(1.674917103901,-3.500002162338,
    0.389994556946));
#13881 = VECTOR('',#13882,1.);
#13882 = DIRECTION('',(7.892116699397E-08,-0.902752921919,
    -0.430159461092));
#13883 = ORIENTED_EDGE('',*,*,#13423,.T.);
#13884 = ORIENTED_EDGE('',*,*,#13843,.F.);
#13885 = ORIENTED_EDGE('',*,*,#13886,.F.);
#13886 = EDGE_CURVE('',#13877,#13844,#13887,.T.);
#13887 = LINE('',#13888,#13889);
#13888 = CARTESIAN_POINT('',(1.674917103901,-3.500002162338,
    0.389994556946));
#13889 = VECTOR('',#13890,1.);
#13890 = DIRECTION('',(1.,8.742277657348E-08,0.));
#13891 = PLANE('',#13892);
#13892 = AXIS2_PLACEMENT_3D('',#13893,#13894,#13895);
#13893 = CARTESIAN_POINT('',(1.674917103901,-3.500002162338,
    0.389994556946));
#13894 = DIRECTION('',(3.760573445801E-08,-0.430159461092,0.902752921919
    ));
#13895 = DIRECTION('',(1.,8.742277657348E-08,0.));
#13896 = ADVANCED_FACE('',(#13897),#13906,.F.);
#13897 = FACE_BOUND('',#13898,.T.);
#13898 = EDGE_LOOP('',(#13899,#13900,#13901,#13902,#13903,#13904,#13905)
  );
#13899 = ORIENTED_EDGE('',*,*,#9575,.T.);
#13900 = ORIENTED_EDGE('',*,*,#9436,.F.);
#13901 = ORIENTED_EDGE('',*,*,#9394,.F.);
#13902 = ORIENTED_EDGE('',*,*,#9380,.F.);
#13903 = ORIENTED_EDGE('',*,*,#9348,.F.);
#13904 = ORIENTED_EDGE('',*,*,#9290,.F.);
#13905 = ORIENTED_EDGE('',*,*,#9658,.F.);
#13906 = PLANE('',#13907);
#13907 = AXIS2_PLACEMENT_3D('',#13908,#13909,#13910);
#13908 = CARTESIAN_POINT('',(1.674916832891,-0.400002155344,
    0.549998879433));
#13909 = DIRECTION('',(1.,8.742277657348E-08,0.));
#13910 = DIRECTION('',(-8.742277657348E-08,1.,-4.371138828674E-08));
#13911 = ADVANCED_FACE('',(#13912),#13919,.F.);
#13912 = FACE_BOUND('',#13913,.T.);
#13913 = EDGE_LOOP('',(#13914,#13915,#13916,#13917,#13918));
#13914 = ORIENTED_EDGE('',*,*,#3001,.F.);
#13915 = ORIENTED_EDGE('',*,*,#2977,.F.);
#13916 = ORIENTED_EDGE('',*,*,#2945,.F.);
#13917 = ORIENTED_EDGE('',*,*,#2913,.F.);
#13918 = ORIENTED_EDGE('',*,*,#9923,.T.);
#13919 = PLANE('',#13920);
#13920 = AXIS2_PLACEMENT_3D('',#13921,#13922,#13923);
#13921 = CARTESIAN_POINT('',(1.674916832891,-0.400002155344,
    0.549998879433));
#13922 = DIRECTION('',(1.,8.742277657348E-08,0.));
#13923 = DIRECTION('',(-8.742277657348E-08,1.,-4.371138828674E-08));
#13924 = ADVANCED_FACE('',(#13925),#13934,.F.);
#13925 = FACE_BOUND('',#13926,.T.);
#13926 = EDGE_LOOP('',(#13927,#13928,#13929,#13930,#13931,#13932,#13933)
  );
#13927 = ORIENTED_EDGE('',*,*,#2275,.F.);
#13928 = ORIENTED_EDGE('',*,*,#2315,.F.);
#13929 = ORIENTED_EDGE('',*,*,#2330,.F.);
#13930 = ORIENTED_EDGE('',*,*,#10760,.T.);
#13931 = ORIENTED_EDGE('',*,*,#10868,.F.);
#13932 = ORIENTED_EDGE('',*,*,#10774,.F.);
#13933 = ORIENTED_EDGE('',*,*,#12413,.F.);
#13934 = PLANE('',#13935);
#13935 = AXIS2_PLACEMENT_3D('',#13936,#13937,#13938);
#13936 = CARTESIAN_POINT('',(1.674916832891,-0.400002155344,
    0.549998879433));
#13937 = DIRECTION('',(1.,8.742277657348E-08,0.));
#13938 = DIRECTION('',(-8.742277657348E-08,1.,-4.371138828674E-08));
#13939 = ADVANCED_FACE('',(#13940),#13960,.F.);
#13940 = FACE_BOUND('',#13941,.T.);
#13941 = EDGE_LOOP('',(#13942,#13943,#13944,#13945,#13946,#13947,#13948,
    #13949,#13950,#13951,#13952,#13953,#13954));
#13942 = ORIENTED_EDGE('',*,*,#13786,.F.);
#13943 = ORIENTED_EDGE('',*,*,#13675,.F.);
#13944 = ORIENTED_EDGE('',*,*,#13652,.F.);
#13945 = ORIENTED_EDGE('',*,*,#13620,.F.);
#13946 = ORIENTED_EDGE('',*,*,#13588,.F.);
#13947 = ORIENTED_EDGE('',*,*,#13557,.F.);
#13948 = ORIENTED_EDGE('',*,*,#13524,.F.);
#13949 = ORIENTED_EDGE('',*,*,#1288,.F.);
#13950 = ORIENTED_EDGE('',*,*,#13493,.F.);
#13951 = ORIENTED_EDGE('',*,*,#13471,.F.);
#13952 = ORIENTED_EDGE('',*,*,#13412,.F.);
#13953 = ORIENTED_EDGE('',*,*,#13876,.F.);
#13954 = ORIENTED_EDGE('',*,*,#13955,.F.);
#13955 = EDGE_CURVE('',#13698,#13877,#13956,.T.);
#13956 = LINE('',#13957,#13958);
#13957 = CARTESIAN_POINT('',(1.674917103901,-3.500002175889,
    7.999901493798E-02));
#13958 = VECTOR('',#13959,1.);
#13959 = DIRECTION('',(-3.821370931908E-15,4.371138828674E-08,1.));
#13960 = PLANE('',#13961);
#13961 = AXIS2_PLACEMENT_3D('',#13962,#13963,#13964);
#13962 = CARTESIAN_POINT('',(1.674916832891,-0.400002155344,
    0.549998879433));
#13963 = DIRECTION('',(1.,8.742277657348E-08,0.));
#13964 = DIRECTION('',(-8.742277657348E-08,1.,-4.371138828674E-08));
#13965 = ADVANCED_FACE('',(#13966),#14037,.F.);
#13966 = FACE_BOUND('',#13967,.T.);
#13967 = EDGE_LOOP('',(#13968,#13969,#13970,#13971,#13972,#13973,#13974,
    #13975,#13976,#13984,#13990,#13991,#13992,#13993,#13994,#13995,
    #13996,#14002,#14003,#14004,#14005,#14006,#14007,#14008,#14009,
    #14010,#14011,#14012,#14013,#14014,#14015,#14016,#14017,#14018,
    #14019,#14020,#14021,#14022,#14023,#14024,#14025,#14026,#14027,
    #14028,#14029,#14030,#14031,#14032,#14033,#14034,#14035,#14036));
#13968 = ORIENTED_EDGE('',*,*,#13886,.T.);
#13969 = ORIENTED_EDGE('',*,*,#13862,.F.);
#13970 = ORIENTED_EDGE('',*,*,#13771,.T.);
#13971 = ORIENTED_EDGE('',*,*,#13398,.F.);
#13972 = ORIENTED_EDGE('',*,*,#13364,.F.);
#13973 = ORIENTED_EDGE('',*,*,#13257,.T.);
#13974 = ORIENTED_EDGE('',*,*,#13225,.F.);
#13975 = ORIENTED_EDGE('',*,*,#13176,.F.);
#13976 = ORIENTED_EDGE('',*,*,#13977,.F.);
#13977 = EDGE_CURVE('',#13978,#13169,#13980,.T.);
#13978 = VERTEX_POINT('',#13979);
#13979 = CARTESIAN_POINT('',(2.874916864574,-3.500002028581,
    1.049999014938));
#13980 = LINE('',#13981,#13982);
#13981 = CARTESIAN_POINT('',(2.874916864574,-3.500002028581,
    1.049999014938));
#13982 = VECTOR('',#13983,1.);
#13983 = DIRECTION('',(1.,8.742277657348E-08,0.));
#13984 = ORIENTED_EDGE('',*,*,#13985,.T.);
#13985 = EDGE_CURVE('',#13978,#2380,#13986,.T.);
#13986 = LINE('',#13987,#13988);
#13987 = CARTESIAN_POINT('',(2.874916864574,-3.500002028581,
    1.049999014938));
#13988 = VECTOR('',#13989,1.);
#13989 = DIRECTION('',(2.108580534724E-08,-4.371138644336E-08,-1.));
#13990 = ORIENTED_EDGE('',*,*,#2379,.T.);
#13991 = ORIENTED_EDGE('',*,*,#2409,.F.);
#13992 = ORIENTED_EDGE('',*,*,#11131,.F.);
#13993 = ORIENTED_EDGE('',*,*,#11167,.T.);
#13994 = ORIENTED_EDGE('',*,*,#11238,.T.);
#13995 = ORIENTED_EDGE('',*,*,#11192,.T.);
#13996 = ORIENTED_EDGE('',*,*,#13997,.F.);
#13997 = EDGE_CURVE('',#11375,#11185,#13998,.T.);
#13998 = LINE('',#13999,#14000);
#13999 = CARTESIAN_POINT('',(-3.000082896099,-3.50000254219,
    1.049999014938));
#14000 = VECTOR('',#14001,1.);
#14001 = DIRECTION('',(1.,8.742277657348E-08,0.));
#14002 = ORIENTED_EDGE('',*,*,#11372,.F.);
#14003 = ORIENTED_EDGE('',*,*,#13201,.F.);
#14004 = ORIENTED_EDGE('',*,*,#11342,.F.);
#14005 = ORIENTED_EDGE('',*,*,#13350,.F.);
#14006 = ORIENTED_EDGE('',*,*,#13336,.T.);
#14007 = ORIENTED_EDGE('',*,*,#13762,.T.);
#14008 = ORIENTED_EDGE('',*,*,#9203,.T.);
#14009 = ORIENTED_EDGE('',*,*,#8698,.T.);
#14010 = ORIENTED_EDGE('',*,*,#9094,.F.);
#14011 = ORIENTED_EDGE('',*,*,#13753,.T.);
#14012 = ORIENTED_EDGE('',*,*,#8163,.T.);
#14013 = ORIENTED_EDGE('',*,*,#7711,.T.);
#14014 = ORIENTED_EDGE('',*,*,#8107,.F.);
#14015 = ORIENTED_EDGE('',*,*,#13744,.T.);
#14016 = ORIENTED_EDGE('',*,*,#7262,.T.);
#14017 = ORIENTED_EDGE('',*,*,#7151,.T.);
#14018 = ORIENTED_EDGE('',*,*,#7127,.F.);
#14019 = ORIENTED_EDGE('',*,*,#13735,.T.);
#14020 = ORIENTED_EDGE('',*,*,#6275,.T.);
#14021 = ORIENTED_EDGE('',*,*,#6164,.T.);
#14022 = ORIENTED_EDGE('',*,*,#6140,.F.);
#14023 = ORIENTED_EDGE('',*,*,#13726,.T.);
#14024 = ORIENTED_EDGE('',*,*,#5288,.T.);
#14025 = ORIENTED_EDGE('',*,*,#5177,.T.);
#14026 = ORIENTED_EDGE('',*,*,#5153,.F.);
#14027 = ORIENTED_EDGE('',*,*,#13717,.T.);
#14028 = ORIENTED_EDGE('',*,*,#4301,.T.);
#14029 = ORIENTED_EDGE('',*,*,#4190,.T.);
#14030 = ORIENTED_EDGE('',*,*,#4166,.F.);
#14031 = ORIENTED_EDGE('',*,*,#13708,.T.);
#14032 = ORIENTED_EDGE('',*,*,#10511,.T.);
#14033 = ORIENTED_EDGE('',*,*,#10410,.T.);
#14034 = ORIENTED_EDGE('',*,*,#10629,.F.);
#14035 = ORIENTED_EDGE('',*,*,#13697,.T.);
#14036 = ORIENTED_EDGE('',*,*,#13955,.T.);
#14037 = PLANE('',#14038);
#14038 = AXIS2_PLACEMENT_3D('',#14039,#14040,#14041);
#14039 = CARTESIAN_POINT('',(-8.289609875902E-05,-3.500002301777,
    0.549999014938));
#14040 = DIRECTION('',(-8.742277657348E-08,1.,-4.371138828674E-08));
#14041 = DIRECTION('',(-1.,-8.742277657348E-08,0.));
#14042 = ADVANCED_FACE('',(#14043),#14061,.T.);
#14043 = FACE_BOUND('',#14044,.T.);
#14044 = EDGE_LOOP('',(#14045,#14046,#14047,#14055));
#14045 = ORIENTED_EDGE('',*,*,#2387,.F.);
#14046 = ORIENTED_EDGE('',*,*,#13985,.F.);
#14047 = ORIENTED_EDGE('',*,*,#14048,.F.);
#14048 = EDGE_CURVE('',#14049,#13978,#14051,.T.);
#14049 = VERTEX_POINT('',#14050);
#14050 = CARTESIAN_POINT('',(2.774917086417,-3.30000204388,
    0.899999006196));
#14051 = LINE('',#14052,#14053);
#14052 = CARTESIAN_POINT('',(2.774917086417,-3.30000204388,
    0.899999006196));
#14053 = VECTOR('',#14054,1.);
#14054 = DIRECTION('',(0.371389975049,-0.742781541086,0.557086230897));
#14055 = ORIENTED_EDGE('',*,*,#14056,.T.);
#14056 = EDGE_CURVE('',#14049,#2388,#14057,.T.);
#14057 = LINE('',#14058,#14059);
#14058 = CARTESIAN_POINT('',(2.774917086417,-3.30000204388,
    0.899999006196));
#14059 = VECTOR('',#14060,1.);
#14060 = DIRECTION('',(3.821370931908E-15,-4.371138828674E-08,-1.));
#14061 = PLANE('',#14062);
#14062 = AXIS2_PLACEMENT_3D('',#14063,#14064,#14065);
#14063 = CARTESIAN_POINT('',(2.824916983508,-3.400002049563,
    0.669999010567));
#14064 = DIRECTION('',(-0.894427551358,-0.447212874783,
    1.954829219854E-08));
#14065 = DIRECTION('',(3.821370931908E-15,-4.371138828674E-08,-1.));
#14066 = ADVANCED_FACE('',(#14067),#14078,.F.);
#14067 = FACE_BOUND('',#14068,.T.);
#14068 = EDGE_LOOP('',(#14069,#14070,#14071,#14072));
#14069 = ORIENTED_EDGE('',*,*,#12472,.F.);
#14070 = ORIENTED_EDGE('',*,*,#2395,.F.);
#14071 = ORIENTED_EDGE('',*,*,#14056,.F.);
#14072 = ORIENTED_EDGE('',*,*,#14073,.F.);
#14073 = EDGE_CURVE('',#12473,#14049,#14074,.T.);
#14074 = LINE('',#14075,#14076);
#14075 = CARTESIAN_POINT('',(2.774917025221,-2.60000204388,
    0.899998975598));
#14076 = VECTOR('',#14077,1.);
#14077 = DIRECTION('',(8.742277657348E-08,-1.,4.371138828674E-08));
#14078 = PLANE('',#14079);
#14079 = AXIS2_PLACEMENT_3D('',#14080,#14081,#14082);
#14080 = CARTESIAN_POINT('',(2.774917103901,-3.500002070544,
    0.289999014938));
#14081 = DIRECTION('',(1.,8.742277657348E-08,0.));
#14082 = DIRECTION('',(-8.742277657348E-08,1.,-4.371138828674E-08));
#14083 = ADVANCED_FACE('',(#14084),#14096,.T.);
#14084 = FACE_BOUND('',#14085,.T.);
#14085 = EDGE_LOOP('',(#14086,#14087,#14093,#14094,#14095));
#14086 = ORIENTED_EDGE('',*,*,#14048,.T.);
#14087 = ORIENTED_EDGE('',*,*,#14088,.F.);
#14088 = EDGE_CURVE('',#13112,#13978,#14089,.T.);
#14089 = LINE('',#14090,#14091);
#14090 = CARTESIAN_POINT('',(2.874916656219,-1.300002028581,
    1.049998918773));
#14091 = VECTOR('',#14092,1.);
#14092 = DIRECTION('',(9.470696255514E-08,-1.,4.371138828674E-08));
#14093 = ORIENTED_EDGE('',*,*,#13111,.F.);
#14094 = ORIENTED_EDGE('',*,*,#12519,.F.);
#14095 = ORIENTED_EDGE('',*,*,#14073,.T.);
#14096 = PLANE('',#14097);
#14097 = AXIS2_PLACEMENT_3D('',#14098,#14099,#14100);
#14098 = CARTESIAN_POINT('',(2.824916936885,-3.050002036231,
    0.974998995268));
#14099 = DIRECTION('',(-0.83205094808,-4.849353133577E-08,0.554699215611
    ));
#14100 = DIRECTION('',(8.742277657348E-08,-1.,4.371138828674E-08));
#14101 = ADVANCED_FACE('',(#14102),#14108,.T.);
#14102 = FACE_BOUND('',#14103,.T.);
#14103 = EDGE_LOOP('',(#14104,#14105,#14106,#14107));
#14104 = ORIENTED_EDGE('',*,*,#11880,.F.);
#14105 = ORIENTED_EDGE('',*,*,#11382,.T.);
#14106 = ORIENTED_EDGE('',*,*,#13997,.T.);
#14107 = ORIENTED_EDGE('',*,*,#11934,.T.);
#14108 = PLANE('',#14109);
#14109 = AXIS2_PLACEMENT_3D('',#14110,#14111,#14112);
#14110 = CARTESIAN_POINT('',(-3.000083167109,-0.40000254219,
    1.049998879433));
#14111 = DIRECTION('',(-3.821370931908E-15,4.371138828674E-08,1.));
#14112 = DIRECTION('',(-1.,-8.742277657348E-08,0.));
#14113 = ADVANCED_FACE('',(#14114),#14145,.T.);
#14114 = FACE_BOUND('',#14115,.T.);
#14115 = EDGE_LOOP('',(#14116,#14117,#14125,#14131,#14132,#14133,#14139,
    #14140,#14141,#14142,#14143,#14144));
#14116 = ORIENTED_EDGE('',*,*,#13249,.F.);
#14117 = ORIENTED_EDGE('',*,*,#14118,.F.);
#14118 = EDGE_CURVE('',#14119,#13242,#14121,.T.);
#14119 = VERTEX_POINT('',#14120);
#14120 = CARTESIAN_POINT('',(2.364916609589,-0.400002073167,
    1.049998879433));
#14121 = LINE('',#14122,#14123);
#14122 = CARTESIAN_POINT('',(2.364916609589,-0.400002073167,
    1.049998879433));
#14123 = VECTOR('',#14124,1.);
#14124 = DIRECTION('',(1.,8.742277657348E-08,0.));
#14125 = ORIENTED_EDGE('',*,*,#14126,.T.);
#14126 = EDGE_CURVE('',#14119,#9722,#14127,.T.);
#14127 = LINE('',#14128,#14129);
#14128 = CARTESIAN_POINT('',(2.364916609589,-0.400002073167,
    1.049998879433));
#14129 = VECTOR('',#14130,1.);
#14130 = DIRECTION('',(-0.447212718396,-0.894427629551,
    3.909667170073E-08));
#14131 = ORIENTED_EDGE('',*,*,#9721,.T.);
#14132 = ORIENTED_EDGE('',*,*,#9758,.T.);
#14133 = ORIENTED_EDGE('',*,*,#14134,.F.);
#14134 = EDGE_CURVE('',#11317,#9751,#14135,.T.);
#14135 = LINE('',#14136,#14137);
#14136 = CARTESIAN_POINT('',(-2.455083167109,-0.400002494545,
    1.049998879433));
#14137 = VECTOR('',#14138,1.);
#14138 = DIRECTION('',(1.,8.742277657348E-08,0.));
#14139 = ORIENTED_EDGE('',*,*,#11316,.T.);
#14140 = ORIENTED_EDGE('',*,*,#11866,.F.);
#14141 = ORIENTED_EDGE('',*,*,#11286,.T.);
#14142 = ORIENTED_EDGE('',*,*,#12502,.T.);
#14143 = ORIENTED_EDGE('',*,*,#1934,.F.);
#14144 = ORIENTED_EDGE('',*,*,#13151,.T.);
#14145 = PLANE('',#14146);
#14146 = AXIS2_PLACEMENT_3D('',#14147,#14148,#14149);
#14147 = CARTESIAN_POINT('',(-3.000083167109,-0.40000254219,
    1.049998879433));
#14148 = DIRECTION('',(-3.821370931908E-15,4.371138828674E-08,1.));
#14149 = DIRECTION('',(-1.,-8.742277657348E-08,0.));
#14150 = ADVANCED_FACE('',(#14151),#14157,.T.);
#14151 = FACE_BOUND('',#14152,.T.);
#14152 = EDGE_LOOP('',(#14153,#14154,#14155,#14156));
#14153 = ORIENTED_EDGE('',*,*,#13977,.T.);
#14154 = ORIENTED_EDGE('',*,*,#13168,.F.);
#14155 = ORIENTED_EDGE('',*,*,#13119,.T.);
#14156 = ORIENTED_EDGE('',*,*,#14088,.T.);
#14157 = PLANE('',#14158);
#14158 = AXIS2_PLACEMENT_3D('',#14159,#14160,#14161);
#14159 = CARTESIAN_POINT('',(-3.000083167109,-0.40000254219,
    1.049998879433));
#14160 = DIRECTION('',(-3.821370931908E-15,4.371138828674E-08,1.));
#14161 = DIRECTION('',(-1.,-8.742277657348E-08,0.));
#14162 = ADVANCED_FACE('',(#14163),#14175,.T.);
#14163 = FACE_BOUND('',#14164,.T.);
#14164 = EDGE_LOOP('',(#14165,#14166,#14167,#14168,#14169));
#14165 = ORIENTED_EDGE('',*,*,#9672,.F.);
#14166 = ORIENTED_EDGE('',*,*,#9840,.T.);
#14167 = ORIENTED_EDGE('',*,*,#9729,.F.);
#14168 = ORIENTED_EDGE('',*,*,#14126,.F.);
#14169 = ORIENTED_EDGE('',*,*,#14170,.T.);
#14170 = EDGE_CURVE('',#14119,#9673,#14171,.T.);
#14171 = LINE('',#14172,#14173);
#14172 = CARTESIAN_POINT('',(2.364916609589,-0.400002073167,
    1.049998879433));
#14173 = VECTOR('',#14174,1.);
#14174 = DIRECTION('',(3.821370931908E-15,-4.371138828674E-08,-1.));
#14175 = PLANE('',#14176);
#14176 = AXIS2_PLACEMENT_3D('',#14177,#14178,#14179);
#14177 = CARTESIAN_POINT('',(2.314916729982,-0.50000209393,
    0.674998883804));
#14178 = DIRECTION('',(-0.894427629551,0.447212718396,
    -1.954829219854E-08));
#14179 = DIRECTION('',(3.821370931908E-15,-4.371138828674E-08,-1.));
#14180 = ADVANCED_FACE('',(#14181),#14191,.T.);
#14181 = FACE_BOUND('',#14182,.T.);
#14182 = EDGE_LOOP('',(#14183,#14184,#14185,#14186,#14187,#14188,#14189,
    #14190));
#14183 = ORIENTED_EDGE('',*,*,#14118,.T.);
#14184 = ORIENTED_EDGE('',*,*,#13239,.F.);
#14185 = ORIENTED_EDGE('',*,*,#13357,.T.);
#14186 = ORIENTED_EDGE('',*,*,#11326,.T.);
#14187 = ORIENTED_EDGE('',*,*,#14134,.T.);
#14188 = ORIENTED_EDGE('',*,*,#9750,.F.);
#14189 = ORIENTED_EDGE('',*,*,#9680,.T.);
#14190 = ORIENTED_EDGE('',*,*,#14170,.F.);
#14191 = PLANE('',#14192);
#14192 = AXIS2_PLACEMENT_3D('',#14193,#14194,#14195);
#14193 = CARTESIAN_POINT('',(-8.31671093664E-05,-0.400002301777,
    0.549998879433));
#14194 = DIRECTION('',(-8.742277657348E-08,1.,-4.371138828674E-08));
#14195 = DIRECTION('',(-1.,-8.742277657348E-08,0.));
#14196 = ( GEOMETRIC_REPRESENTATION_CONTEXT(3) 
GLOBAL_UNCERTAINTY_ASSIGNED_CONTEXT((#14200)) 
GLOBAL_UNIT_ASSIGNED_CONTEXT((#14197,#14198,#14199)) 
REPRESENTATION_CONTEXT('Context #1',
  '3D Context with UNIT and UNCERTAINTY') );
#14197 = ( LENGTH_UNIT() NAMED_UNIT(*) SI_UNIT(.MILLI.,.METRE.) );
#14198 = ( NAMED_UNIT(*) PLANE_ANGLE_UNIT() SI_UNIT($,.RADIAN.) );
#14199 = ( NAMED_UNIT(*) SI_UNIT($,.STERADIAN.) SOLID_ANGLE_UNIT() );
#14200 = UNCERTAINTY_MEASURE_WITH_UNIT(LENGTH_MEASURE(1.E-07),#14197,
  'distance_accuracy_value','confusion accuracy');
#14201 = PRODUCT_RELATED_PRODUCT_CATEGORY('part',$,(#1251));
#14202 = MECHANICAL_DESIGN_GEOMETRIC_PRESENTATION_REPRESENTATION('',(
    #14203),#1241);
#14203 = STYLED_ITEM('color',(#14204),#15);
#14204 = PRESENTATION_STYLE_ASSIGNMENT((#14205));
#14205 = SURFACE_STYLE_USAGE(.BOTH.,#14206);
#14206 = SURFACE_SIDE_STYLE('',(#14207));
#14207 = SURFACE_STYLE_FILL_AREA(#14208);
#14208 = FILL_AREA_STYLE('',(#14209));
#14209 = FILL_AREA_STYLE_COLOUR('',#14210);
#14210 = COLOUR_RGB('',0.,0.501960785193,0.);
#14211 = MECHANICAL_DESIGN_GEOMETRIC_PRESENTATION_REPRESENTATION('',(
    #14212,#14220,#14228,#14235,#14242,#14250,#14257,#14264,#14271,
    #14278,#14285,#14292,#14299,#14306,#14313,#14320,#14327,#14334,
    #14341,#14348,#14355,#14362,#14369,#14376,#14383,#14390,#14397,
    #14404,#14411,#14418,#14425,#14432,#14439,#14446,#14453,#14460,
    #14467,#14474,#14481,#14488,#14495,#14502,#14509,#14516,#14523,
    #14530,#14537,#14544,#14551,#14558,#14565,#14572,#14579,#14586,
    #14593,#14600,#14607,#14614,#14621,#14628,#14635,#14642,#14649,
    #14656,#14663,#14670,#14677,#14684,#14691,#14698,#14705,#14712,
    #14719,#14726,#14733,#14740,#14747,#14754,#14761,#14768,#14775,
    #14782,#14789,#14796,#14803,#14810,#14817,#14824,#14831,#14838,
    #14845,#14852,#14859,#14866,#14873,#14880,#14887,#14894,#14901,
    #14908,#14915,#14922,#14929,#14936,#14943,#14950,#14957,#14964,
    #14971,#14978,#14985,#14992,#14999,#15006,#15013,#15020,#15027,
    #15034,#15041,#15048,#15055,#15062,#15069,#15076,#15083,#15090,
    #15097,#15104,#15111,#15118,#15125,#15132,#15139,#15146,#15153,
    #15160,#15167,#15174,#15181,#15188,#15195,#15202,#15209,#15216,
    #15223,#15230,#15237,#15244,#15251,#15258,#15265,#15272,#15279,
    #15286,#15293,#15300,#15307,#15314,#15321,#15328,#15335,#15342,
    #15349,#15356,#15363,#15370,#15377,#15384,#15391,#15398,#15405,
    #15412,#15419,#15426,#15433,#15440,#15447),#14196);
#14212 = STYLED_ITEM('color',(#14213),#1255);
#14213 = PRESENTATION_STYLE_ASSIGNMENT((#14214));
#14214 = SURFACE_STYLE_USAGE(.BOTH.,#14215);
#14215 = SURFACE_SIDE_STYLE('',(#14216));
#14216 = SURFACE_STYLE_FILL_AREA(#14217);
#14217 = FILL_AREA_STYLE('',(#14218));
#14218 = FILL_AREA_STYLE_COLOUR('',#14219);
#14219 = COLOUR_RGB('',0.843137261657,0.815686284108,0.752941164258);
#14220 = OVER_RIDING_STYLED_ITEM('overriding color',(#14221),#1593,
  #14212);
#14221 = PRESENTATION_STYLE_ASSIGNMENT((#14222));
#14222 = SURFACE_STYLE_USAGE(.BOTH.,#14223);
#14223 = SURFACE_SIDE_STYLE('',(#14224));
#14224 = SURFACE_STYLE_FILL_AREA(#14225);
#14225 = FILL_AREA_STYLE('',(#14226));
#14226 = FILL_AREA_STYLE_COLOUR('',#14227);
#14227 = COLOUR_RGB('',0.866666664203,0.909803911811,1.);
#14228 = OVER_RIDING_STYLED_ITEM('overriding color',(#14229),#1633,
  #14212);
#14229 = PRESENTATION_STYLE_ASSIGNMENT((#14230));
#14230 = SURFACE_STYLE_USAGE(.BOTH.,#14231);
#14231 = SURFACE_SIDE_STYLE('',(#14232));
#14232 = SURFACE_STYLE_FILL_AREA(#14233);
#14233 = FILL_AREA_STYLE('',(#14234));
#14234 = FILL_AREA_STYLE_COLOUR('',#14227);
#14235 = OVER_RIDING_STYLED_ITEM('overriding color',(#14236),#1666,
  #14212);
#14236 = PRESENTATION_STYLE_ASSIGNMENT((#14237));
#14237 = SURFACE_STYLE_USAGE(.BOTH.,#14238);
#14238 = SURFACE_SIDE_STYLE('',(#14239));
#14239 = SURFACE_STYLE_FILL_AREA(#14240);
#14240 = FILL_AREA_STYLE('',(#14241));
#14241 = FILL_AREA_STYLE_COLOUR('',#14227);
#14242 = OVER_RIDING_STYLED_ITEM('overriding color',(#14243),#1960,
  #14212);
#14243 = PRESENTATION_STYLE_ASSIGNMENT((#14244));
#14244 = SURFACE_STYLE_USAGE(.BOTH.,#14245);
#14245 = SURFACE_SIDE_STYLE('',(#14246));
#14246 = SURFACE_STYLE_FILL_AREA(#14247);
#14247 = FILL_AREA_STYLE('',(#14248));
#14248 = FILL_AREA_STYLE_COLOUR('',#14249);
#14249 = COLOUR_RGB('',0.101960784187,0.101960784187,0.101960784187);
#14250 = OVER_RIDING_STYLED_ITEM('overriding color',(#14251),#1992,
  #14212);
#14251 = PRESENTATION_STYLE_ASSIGNMENT((#14252));
#14252 = SURFACE_STYLE_USAGE(.BOTH.,#14253);
#14253 = SURFACE_SIDE_STYLE('',(#14254));
#14254 = SURFACE_STYLE_FILL_AREA(#14255);
#14255 = FILL_AREA_STYLE('',(#14256));
#14256 = FILL_AREA_STYLE_COLOUR('',#14249);
#14257 = OVER_RIDING_STYLED_ITEM('overriding color',(#14258),#2023,
  #14212);
#14258 = PRESENTATION_STYLE_ASSIGNMENT((#14259));
#14259 = SURFACE_STYLE_USAGE(.BOTH.,#14260);
#14260 = SURFACE_SIDE_STYLE('',(#14261));
#14261 = SURFACE_STYLE_FILL_AREA(#14262);
#14262 = FILL_AREA_STYLE('',(#14263));
#14263 = FILL_AREA_STYLE_COLOUR('',#14249);
#14264 = OVER_RIDING_STYLED_ITEM('overriding color',(#14265),#2047,
  #14212);
#14265 = PRESENTATION_STYLE_ASSIGNMENT((#14266));
#14266 = SURFACE_STYLE_USAGE(.BOTH.,#14267);
#14267 = SURFACE_SIDE_STYLE('',(#14268));
#14268 = SURFACE_STYLE_FILL_AREA(#14269);
#14269 = FILL_AREA_STYLE('',(#14270));
#14270 = FILL_AREA_STYLE_COLOUR('',#14249);
#14271 = OVER_RIDING_STYLED_ITEM('overriding color',(#14272),#2064,
  #14212);
#14272 = PRESENTATION_STYLE_ASSIGNMENT((#14273));
#14273 = SURFACE_STYLE_USAGE(.BOTH.,#14274);
#14274 = SURFACE_SIDE_STYLE('',(#14275));
#14275 = SURFACE_STYLE_FILL_AREA(#14276);
#14276 = FILL_AREA_STYLE('',(#14277));
#14277 = FILL_AREA_STYLE_COLOUR('',#14249);
#14278 = OVER_RIDING_STYLED_ITEM('overriding color',(#14279),#2656,
  #14212);
#14279 = PRESENTATION_STYLE_ASSIGNMENT((#14280));
#14280 = SURFACE_STYLE_USAGE(.BOTH.,#14281);
#14281 = SURFACE_SIDE_STYLE('',(#14282));
#14282 = SURFACE_STYLE_FILL_AREA(#14283);
#14283 = FILL_AREA_STYLE('',(#14284));
#14284 = FILL_AREA_STYLE_COLOUR('',#14249);
#14285 = OVER_RIDING_STYLED_ITEM('overriding color',(#14286),#2704,
  #14212);
#14286 = PRESENTATION_STYLE_ASSIGNMENT((#14287));
#14287 = SURFACE_STYLE_USAGE(.BOTH.,#14288);
#14288 = SURFACE_SIDE_STYLE('',(#14289));
#14289 = SURFACE_STYLE_FILL_AREA(#14290);
#14290 = FILL_AREA_STYLE('',(#14291));
#14291 = FILL_AREA_STYLE_COLOUR('',#14249);
#14292 = OVER_RIDING_STYLED_ITEM('overriding color',(#14293),#2735,
  #14212);
#14293 = PRESENTATION_STYLE_ASSIGNMENT((#14294));
#14294 = SURFACE_STYLE_USAGE(.BOTH.,#14295);
#14295 = SURFACE_SIDE_STYLE('',(#14296));
#14296 = SURFACE_STYLE_FILL_AREA(#14297);
#14297 = FILL_AREA_STYLE('',(#14298));
#14298 = FILL_AREA_STYLE_COLOUR('',#14249);
#14299 = OVER_RIDING_STYLED_ITEM('overriding color',(#14300),#2775,
  #14212);
#14300 = PRESENTATION_STYLE_ASSIGNMENT((#14301));
#14301 = SURFACE_STYLE_USAGE(.BOTH.,#14302);
#14302 = SURFACE_SIDE_STYLE('',(#14303));
#14303 = SURFACE_STYLE_FILL_AREA(#14304);
#14304 = FILL_AREA_STYLE('',(#14305));
#14305 = FILL_AREA_STYLE_COLOUR('',#14249);
#14306 = OVER_RIDING_STYLED_ITEM('overriding color',(#14307),#2815,
  #14212);
#14307 = PRESENTATION_STYLE_ASSIGNMENT((#14308));
#14308 = SURFACE_STYLE_USAGE(.BOTH.,#14309);
#14309 = SURFACE_SIDE_STYLE('',(#14310));
#14310 = SURFACE_STYLE_FILL_AREA(#14311);
#14311 = FILL_AREA_STYLE('',(#14312));
#14312 = FILL_AREA_STYLE_COLOUR('',#14249);
#14313 = OVER_RIDING_STYLED_ITEM('overriding color',(#14314),#2924,
  #14212);
#14314 = PRESENTATION_STYLE_ASSIGNMENT((#14315));
#14315 = SURFACE_STYLE_USAGE(.BOTH.,#14316);
#14316 = SURFACE_SIDE_STYLE('',(#14317));
#14317 = SURFACE_STYLE_FILL_AREA(#14318);
#14318 = FILL_AREA_STYLE('',(#14319));
#14319 = FILL_AREA_STYLE_COLOUR('',#14227);
#14320 = OVER_RIDING_STYLED_ITEM('overriding color',(#14321),#2955,
  #14212);
#14321 = PRESENTATION_STYLE_ASSIGNMENT((#14322));
#14322 = SURFACE_STYLE_USAGE(.BOTH.,#14323);
#14323 = SURFACE_SIDE_STYLE('',(#14324));
#14324 = SURFACE_STYLE_FILL_AREA(#14325);
#14325 = FILL_AREA_STYLE('',(#14326));
#14326 = FILL_AREA_STYLE_COLOUR('',#14227);
#14327 = OVER_RIDING_STYLED_ITEM('overriding color',(#14328),#2988,
  #14212);
#14328 = PRESENTATION_STYLE_ASSIGNMENT((#14329));
#14329 = SURFACE_STYLE_USAGE(.BOTH.,#14330);
#14330 = SURFACE_SIDE_STYLE('',(#14331));
#14331 = SURFACE_STYLE_FILL_AREA(#14332);
#14332 = FILL_AREA_STYLE('',(#14333));
#14333 = FILL_AREA_STYLE_COLOUR('',#14227);
#14334 = OVER_RIDING_STYLED_ITEM('overriding color',(#14335),#3061,
  #14212);
#14335 = PRESENTATION_STYLE_ASSIGNMENT((#14336));
#14336 = SURFACE_STYLE_USAGE(.BOTH.,#14337);
#14337 = SURFACE_SIDE_STYLE('',(#14338));
#14338 = SURFACE_STYLE_FILL_AREA(#14339);
#14339 = FILL_AREA_STYLE('',(#14340));
#14340 = FILL_AREA_STYLE_COLOUR('',#14227);
#14341 = OVER_RIDING_STYLED_ITEM('overriding color',(#14342),#3092,
  #14212);
#14342 = PRESENTATION_STYLE_ASSIGNMENT((#14343));
#14343 = SURFACE_STYLE_USAGE(.BOTH.,#14344);
#14344 = SURFACE_SIDE_STYLE('',(#14345));
#14345 = SURFACE_STYLE_FILL_AREA(#14346);
#14346 = FILL_AREA_STYLE('',(#14347));
#14347 = FILL_AREA_STYLE_COLOUR('',#14227);
#14348 = OVER_RIDING_STYLED_ITEM('overriding color',(#14349),#3125,
  #14212);
#14349 = PRESENTATION_STYLE_ASSIGNMENT((#14350));
#14350 = SURFACE_STYLE_USAGE(.BOTH.,#14351);
#14351 = SURFACE_SIDE_STYLE('',(#14352));
#14352 = SURFACE_STYLE_FILL_AREA(#14353);
#14353 = FILL_AREA_STYLE('',(#14354));
#14354 = FILL_AREA_STYLE_COLOUR('',#14227);
#14355 = OVER_RIDING_STYLED_ITEM('overriding color',(#14356),#3156,
  #14212);
#14356 = PRESENTATION_STYLE_ASSIGNMENT((#14357));
#14357 = SURFACE_STYLE_USAGE(.BOTH.,#14358);
#14358 = SURFACE_SIDE_STYLE('',(#14359));
#14359 = SURFACE_STYLE_FILL_AREA(#14360);
#14360 = FILL_AREA_STYLE('',(#14361));
#14361 = FILL_AREA_STYLE_COLOUR('',#14227);
#14362 = OVER_RIDING_STYLED_ITEM('overriding color',(#14363),#3196,
  #14212);
#14363 = PRESENTATION_STYLE_ASSIGNMENT((#14364));
#14364 = SURFACE_STYLE_USAGE(.BOTH.,#14365);
#14365 = SURFACE_SIDE_STYLE('',(#14366));
#14366 = SURFACE_STYLE_FILL_AREA(#14367);
#14367 = FILL_AREA_STYLE('',(#14368));
#14368 = FILL_AREA_STYLE_COLOUR('',#14227);
#14369 = OVER_RIDING_STYLED_ITEM('overriding color',(#14370),#3229,
  #14212);
#14370 = PRESENTATION_STYLE_ASSIGNMENT((#14371));
#14371 = SURFACE_STYLE_USAGE(.BOTH.,#14372);
#14372 = SURFACE_SIDE_STYLE('',(#14373));
#14373 = SURFACE_STYLE_FILL_AREA(#14374);
#14374 = FILL_AREA_STYLE('',(#14375));
#14375 = FILL_AREA_STYLE_COLOUR('',#14227);
#14376 = OVER_RIDING_STYLED_ITEM('overriding color',(#14377),#3260,
  #14212);
#14377 = PRESENTATION_STYLE_ASSIGNMENT((#14378));
#14378 = SURFACE_STYLE_USAGE(.BOTH.,#14379);
#14379 = SURFACE_SIDE_STYLE('',(#14380));
#14380 = SURFACE_STYLE_FILL_AREA(#14381);
#14381 = FILL_AREA_STYLE('',(#14382));
#14382 = FILL_AREA_STYLE_COLOUR('',#14227);
#14383 = OVER_RIDING_STYLED_ITEM('overriding color',(#14384),#3293,
  #14212);
#14384 = PRESENTATION_STYLE_ASSIGNMENT((#14385));
#14385 = SURFACE_STYLE_USAGE(.BOTH.,#14386);
#14386 = SURFACE_SIDE_STYLE('',(#14387));
#14387 = SURFACE_STYLE_FILL_AREA(#14388);
#14388 = FILL_AREA_STYLE('',(#14389));
#14389 = FILL_AREA_STYLE_COLOUR('',#14227);
#14390 = OVER_RIDING_STYLED_ITEM('overriding color',(#14391),#3324,
  #14212);
#14391 = PRESENTATION_STYLE_ASSIGNMENT((#14392));
#14392 = SURFACE_STYLE_USAGE(.BOTH.,#14393);
#14393 = SURFACE_SIDE_STYLE('',(#14394));
#14394 = SURFACE_STYLE_FILL_AREA(#14395);
#14395 = FILL_AREA_STYLE('',(#14396));
#14396 = FILL_AREA_STYLE_COLOUR('',#14227);
#14397 = OVER_RIDING_STYLED_ITEM('overriding color',(#14398),#3364,
  #14212);
#14398 = PRESENTATION_STYLE_ASSIGNMENT((#14399));
#14399 = SURFACE_STYLE_USAGE(.BOTH.,#14400);
#14400 = SURFACE_SIDE_STYLE('',(#14401));
#14401 = SURFACE_STYLE_FILL_AREA(#14402);
#14402 = FILL_AREA_STYLE('',(#14403));
#14403 = FILL_AREA_STYLE_COLOUR('',#14227);
#14404 = OVER_RIDING_STYLED_ITEM('overriding color',(#14405),#3397,
  #14212);
#14405 = PRESENTATION_STYLE_ASSIGNMENT((#14406));
#14406 = SURFACE_STYLE_USAGE(.BOTH.,#14407);
#14407 = SURFACE_SIDE_STYLE('',(#14408));
#14408 = SURFACE_STYLE_FILL_AREA(#14409);
#14409 = FILL_AREA_STYLE('',(#14410));
#14410 = FILL_AREA_STYLE_COLOUR('',#14227);
#14411 = OVER_RIDING_STYLED_ITEM('overriding color',(#14412),#3428,
  #14212);
#14412 = PRESENTATION_STYLE_ASSIGNMENT((#14413));
#14413 = SURFACE_STYLE_USAGE(.BOTH.,#14414);
#14414 = SURFACE_SIDE_STYLE('',(#14415));
#14415 = SURFACE_STYLE_FILL_AREA(#14416);
#14416 = FILL_AREA_STYLE('',(#14417));
#14417 = FILL_AREA_STYLE_COLOUR('',#14227);
#14418 = OVER_RIDING_STYLED_ITEM('overriding color',(#14419),#3461,
  #14212);
#14419 = PRESENTATION_STYLE_ASSIGNMENT((#14420));
#14420 = SURFACE_STYLE_USAGE(.BOTH.,#14421);
#14421 = SURFACE_SIDE_STYLE('',(#14422));
#14422 = SURFACE_STYLE_FILL_AREA(#14423);
#14423 = FILL_AREA_STYLE('',(#14424));
#14424 = FILL_AREA_STYLE_COLOUR('',#14227);
#14425 = OVER_RIDING_STYLED_ITEM('overriding color',(#14426),#3534,
  #14212);
#14426 = PRESENTATION_STYLE_ASSIGNMENT((#14427));
#14427 = SURFACE_STYLE_USAGE(.BOTH.,#14428);
#14428 = SURFACE_SIDE_STYLE('',(#14429));
#14429 = SURFACE_STYLE_FILL_AREA(#14430);
#14430 = FILL_AREA_STYLE('',(#14431));
#14431 = FILL_AREA_STYLE_COLOUR('',#14227);
#14432 = OVER_RIDING_STYLED_ITEM('overriding color',(#14433),#3565,
  #14212);
#14433 = PRESENTATION_STYLE_ASSIGNMENT((#14434));
#14434 = SURFACE_STYLE_USAGE(.BOTH.,#14435);
#14435 = SURFACE_SIDE_STYLE('',(#14436));
#14436 = SURFACE_STYLE_FILL_AREA(#14437);
#14437 = FILL_AREA_STYLE('',(#14438));
#14438 = FILL_AREA_STYLE_COLOUR('',#14227);
#14439 = OVER_RIDING_STYLED_ITEM('overriding color',(#14440),#3598,
  #14212);
#14440 = PRESENTATION_STYLE_ASSIGNMENT((#14441));
#14441 = SURFACE_STYLE_USAGE(.BOTH.,#14442);
#14442 = SURFACE_SIDE_STYLE('',(#14443));
#14443 = SURFACE_STYLE_FILL_AREA(#14444);
#14444 = FILL_AREA_STYLE('',(#14445));
#14445 = FILL_AREA_STYLE_COLOUR('',#14227);
#14446 = OVER_RIDING_STYLED_ITEM('overriding color',(#14447),#3629,
  #14212);
#14447 = PRESENTATION_STYLE_ASSIGNMENT((#14448));
#14448 = SURFACE_STYLE_USAGE(.BOTH.,#14449);
#14449 = SURFACE_SIDE_STYLE('',(#14450));
#14450 = SURFACE_STYLE_FILL_AREA(#14451);
#14451 = FILL_AREA_STYLE('',(#14452));
#14452 = FILL_AREA_STYLE_COLOUR('',#14227);
#14453 = OVER_RIDING_STYLED_ITEM('overriding color',(#14454),#4058,
  #14212);
#14454 = PRESENTATION_STYLE_ASSIGNMENT((#14455));
#14455 = SURFACE_STYLE_USAGE(.BOTH.,#14456);
#14456 = SURFACE_SIDE_STYLE('',(#14457));
#14457 = SURFACE_STYLE_FILL_AREA(#14458);
#14458 = FILL_AREA_STYLE('',(#14459));
#14459 = FILL_AREA_STYLE_COLOUR('',#14227);
#14460 = OVER_RIDING_STYLED_ITEM('overriding color',(#14461),#4085,
  #14212);
#14461 = PRESENTATION_STYLE_ASSIGNMENT((#14462));
#14462 = SURFACE_STYLE_USAGE(.BOTH.,#14463);
#14463 = SURFACE_SIDE_STYLE('',(#14464));
#14464 = SURFACE_STYLE_FILL_AREA(#14465);
#14465 = FILL_AREA_STYLE('',(#14466));
#14466 = FILL_AREA_STYLE_COLOUR('',#14227);
#14467 = OVER_RIDING_STYLED_ITEM('overriding color',(#14468),#4103,
  #14212);
#14468 = PRESENTATION_STYLE_ASSIGNMENT((#14469));
#14469 = SURFACE_STYLE_USAGE(.BOTH.,#14470);
#14470 = SURFACE_SIDE_STYLE('',(#14471));
#14471 = SURFACE_STYLE_FILL_AREA(#14472);
#14472 = FILL_AREA_STYLE('',(#14473));
#14473 = FILL_AREA_STYLE_COLOUR('',#14227);
#14474 = OVER_RIDING_STYLED_ITEM('overriding color',(#14475),#4200,
  #14212);
#14475 = PRESENTATION_STYLE_ASSIGNMENT((#14476));
#14476 = SURFACE_STYLE_USAGE(.BOTH.,#14477);
#14477 = SURFACE_SIDE_STYLE('',(#14478));
#14478 = SURFACE_STYLE_FILL_AREA(#14479);
#14479 = FILL_AREA_STYLE('',(#14480));
#14480 = FILL_AREA_STYLE_COLOUR('',#14227);
#14481 = OVER_RIDING_STYLED_ITEM('overriding color',(#14482),#4227,
  #14212);
#14482 = PRESENTATION_STYLE_ASSIGNMENT((#14483));
#14483 = SURFACE_STYLE_USAGE(.BOTH.,#14484);
#14484 = SURFACE_SIDE_STYLE('',(#14485));
#14485 = SURFACE_STYLE_FILL_AREA(#14486);
#14486 = FILL_AREA_STYLE('',(#14487));
#14487 = FILL_AREA_STYLE_COLOUR('',#14227);
#14488 = OVER_RIDING_STYLED_ITEM('overriding color',(#14489),#4245,
  #14212);
#14489 = PRESENTATION_STYLE_ASSIGNMENT((#14490));
#14490 = SURFACE_STYLE_USAGE(.BOTH.,#14491);
#14491 = SURFACE_SIDE_STYLE('',(#14492));
#14492 = SURFACE_STYLE_FILL_AREA(#14493);
#14493 = FILL_AREA_STYLE('',(#14494));
#14494 = FILL_AREA_STYLE_COLOUR('',#14227);
#14495 = OVER_RIDING_STYLED_ITEM('overriding color',(#14496),#4311,
  #14212);
#14496 = PRESENTATION_STYLE_ASSIGNMENT((#14497));
#14497 = SURFACE_STYLE_USAGE(.BOTH.,#14498);
#14498 = SURFACE_SIDE_STYLE('',(#14499));
#14499 = SURFACE_STYLE_FILL_AREA(#14500);
#14500 = FILL_AREA_STYLE('',(#14501));
#14501 = FILL_AREA_STYLE_COLOUR('',#14227);
#14502 = OVER_RIDING_STYLED_ITEM('overriding color',(#14503),#4351,
  #14212);
#14503 = PRESENTATION_STYLE_ASSIGNMENT((#14504));
#14504 = SURFACE_STYLE_USAGE(.BOTH.,#14505);
#14505 = SURFACE_SIDE_STYLE('',(#14506));
#14506 = SURFACE_STYLE_FILL_AREA(#14507);
#14507 = FILL_AREA_STYLE('',(#14508));
#14508 = FILL_AREA_STYLE_COLOUR('',#14227);
#14509 = OVER_RIDING_STYLED_ITEM('overriding color',(#14510),#4384,
  #14212);
#14510 = PRESENTATION_STYLE_ASSIGNMENT((#14511));
#14511 = SURFACE_STYLE_USAGE(.BOTH.,#14512);
#14512 = SURFACE_SIDE_STYLE('',(#14513));
#14513 = SURFACE_STYLE_FILL_AREA(#14514);
#14514 = FILL_AREA_STYLE('',(#14515));
#14515 = FILL_AREA_STYLE_COLOUR('',#14227);
#14516 = OVER_RIDING_STYLED_ITEM('overriding color',(#14517),#4415,
  #14212);
#14517 = PRESENTATION_STYLE_ASSIGNMENT((#14518));
#14518 = SURFACE_STYLE_USAGE(.BOTH.,#14519);
#14519 = SURFACE_SIDE_STYLE('',(#14520));
#14520 = SURFACE_STYLE_FILL_AREA(#14521);
#14521 = FILL_AREA_STYLE('',(#14522));
#14522 = FILL_AREA_STYLE_COLOUR('',#14227);
#14523 = OVER_RIDING_STYLED_ITEM('overriding color',(#14524),#4448,
  #14212);
#14524 = PRESENTATION_STYLE_ASSIGNMENT((#14525));
#14525 = SURFACE_STYLE_USAGE(.BOTH.,#14526);
#14526 = SURFACE_SIDE_STYLE('',(#14527));
#14527 = SURFACE_STYLE_FILL_AREA(#14528);
#14528 = FILL_AREA_STYLE('',(#14529));
#14529 = FILL_AREA_STYLE_COLOUR('',#14227);
#14530 = OVER_RIDING_STYLED_ITEM('overriding color',(#14531),#4521,
  #14212);
#14531 = PRESENTATION_STYLE_ASSIGNMENT((#14532));
#14532 = SURFACE_STYLE_USAGE(.BOTH.,#14533);
#14533 = SURFACE_SIDE_STYLE('',(#14534));
#14534 = SURFACE_STYLE_FILL_AREA(#14535);
#14535 = FILL_AREA_STYLE('',(#14536));
#14536 = FILL_AREA_STYLE_COLOUR('',#14227);
#14537 = OVER_RIDING_STYLED_ITEM('overriding color',(#14538),#4552,
  #14212);
#14538 = PRESENTATION_STYLE_ASSIGNMENT((#14539));
#14539 = SURFACE_STYLE_USAGE(.BOTH.,#14540);
#14540 = SURFACE_SIDE_STYLE('',(#14541));
#14541 = SURFACE_STYLE_FILL_AREA(#14542);
#14542 = FILL_AREA_STYLE('',(#14543));
#14543 = FILL_AREA_STYLE_COLOUR('',#14227);
#14544 = OVER_RIDING_STYLED_ITEM('overriding color',(#14545),#4585,
  #14212);
#14545 = PRESENTATION_STYLE_ASSIGNMENT((#14546));
#14546 = SURFACE_STYLE_USAGE(.BOTH.,#14547);
#14547 = SURFACE_SIDE_STYLE('',(#14548));
#14548 = SURFACE_STYLE_FILL_AREA(#14549);
#14549 = FILL_AREA_STYLE('',(#14550));
#14550 = FILL_AREA_STYLE_COLOUR('',#14227);
#14551 = OVER_RIDING_STYLED_ITEM('overriding color',(#14552),#4616,
  #14212);
#14552 = PRESENTATION_STYLE_ASSIGNMENT((#14553));
#14553 = SURFACE_STYLE_USAGE(.BOTH.,#14554);
#14554 = SURFACE_SIDE_STYLE('',(#14555));
#14555 = SURFACE_STYLE_FILL_AREA(#14556);
#14556 = FILL_AREA_STYLE('',(#14557));
#14557 = FILL_AREA_STYLE_COLOUR('',#14227);
#14558 = OVER_RIDING_STYLED_ITEM('overriding color',(#14559),#5045,
  #14212);
#14559 = PRESENTATION_STYLE_ASSIGNMENT((#14560));
#14560 = SURFACE_STYLE_USAGE(.BOTH.,#14561);
#14561 = SURFACE_SIDE_STYLE('',(#14562));
#14562 = SURFACE_STYLE_FILL_AREA(#14563);
#14563 = FILL_AREA_STYLE('',(#14564));
#14564 = FILL_AREA_STYLE_COLOUR('',#14227);
#14565 = OVER_RIDING_STYLED_ITEM('overriding color',(#14566),#5072,
  #14212);
#14566 = PRESENTATION_STYLE_ASSIGNMENT((#14567));
#14567 = SURFACE_STYLE_USAGE(.BOTH.,#14568);
#14568 = SURFACE_SIDE_STYLE('',(#14569));
#14569 = SURFACE_STYLE_FILL_AREA(#14570);
#14570 = FILL_AREA_STYLE('',(#14571));
#14571 = FILL_AREA_STYLE_COLOUR('',#14227);
#14572 = OVER_RIDING_STYLED_ITEM('overriding color',(#14573),#5090,
  #14212);
#14573 = PRESENTATION_STYLE_ASSIGNMENT((#14574));
#14574 = SURFACE_STYLE_USAGE(.BOTH.,#14575);
#14575 = SURFACE_SIDE_STYLE('',(#14576));
#14576 = SURFACE_STYLE_FILL_AREA(#14577);
#14577 = FILL_AREA_STYLE('',(#14578));
#14578 = FILL_AREA_STYLE_COLOUR('',#14227);
#14579 = OVER_RIDING_STYLED_ITEM('overriding color',(#14580),#5187,
  #14212);
#14580 = PRESENTATION_STYLE_ASSIGNMENT((#14581));
#14581 = SURFACE_STYLE_USAGE(.BOTH.,#14582);
#14582 = SURFACE_SIDE_STYLE('',(#14583));
#14583 = SURFACE_STYLE_FILL_AREA(#14584);
#14584 = FILL_AREA_STYLE('',(#14585));
#14585 = FILL_AREA_STYLE_COLOUR('',#14227);
#14586 = OVER_RIDING_STYLED_ITEM('overriding color',(#14587),#5214,
  #14212);
#14587 = PRESENTATION_STYLE_ASSIGNMENT((#14588));
#14588 = SURFACE_STYLE_USAGE(.BOTH.,#14589);
#14589 = SURFACE_SIDE_STYLE('',(#14590));
#14590 = SURFACE_STYLE_FILL_AREA(#14591);
#14591 = FILL_AREA_STYLE('',(#14592));
#14592 = FILL_AREA_STYLE_COLOUR('',#14227);
#14593 = OVER_RIDING_STYLED_ITEM('overriding color',(#14594),#5232,
  #14212);
#14594 = PRESENTATION_STYLE_ASSIGNMENT((#14595));
#14595 = SURFACE_STYLE_USAGE(.BOTH.,#14596);
#14596 = SURFACE_SIDE_STYLE('',(#14597));
#14597 = SURFACE_STYLE_FILL_AREA(#14598);
#14598 = FILL_AREA_STYLE('',(#14599));
#14599 = FILL_AREA_STYLE_COLOUR('',#14227);
#14600 = OVER_RIDING_STYLED_ITEM('overriding color',(#14601),#5298,
  #14212);
#14601 = PRESENTATION_STYLE_ASSIGNMENT((#14602));
#14602 = SURFACE_STYLE_USAGE(.BOTH.,#14603);
#14603 = SURFACE_SIDE_STYLE('',(#14604));
#14604 = SURFACE_STYLE_FILL_AREA(#14605);
#14605 = FILL_AREA_STYLE('',(#14606));
#14606 = FILL_AREA_STYLE_COLOUR('',#14227);
#14607 = OVER_RIDING_STYLED_ITEM('overriding color',(#14608),#5338,
  #14212);
#14608 = PRESENTATION_STYLE_ASSIGNMENT((#14609));
#14609 = SURFACE_STYLE_USAGE(.BOTH.,#14610);
#14610 = SURFACE_SIDE_STYLE('',(#14611));
#14611 = SURFACE_STYLE_FILL_AREA(#14612);
#14612 = FILL_AREA_STYLE('',(#14613));
#14613 = FILL_AREA_STYLE_COLOUR('',#14227);
#14614 = OVER_RIDING_STYLED_ITEM('overriding color',(#14615),#5371,
  #14212);
#14615 = PRESENTATION_STYLE_ASSIGNMENT((#14616));
#14616 = SURFACE_STYLE_USAGE(.BOTH.,#14617);
#14617 = SURFACE_SIDE_STYLE('',(#14618));
#14618 = SURFACE_STYLE_FILL_AREA(#14619);
#14619 = FILL_AREA_STYLE('',(#14620));
#14620 = FILL_AREA_STYLE_COLOUR('',#14227);
#14621 = OVER_RIDING_STYLED_ITEM('overriding color',(#14622),#5402,
  #14212);
#14622 = PRESENTATION_STYLE_ASSIGNMENT((#14623));
#14623 = SURFACE_STYLE_USAGE(.BOTH.,#14624);
#14624 = SURFACE_SIDE_STYLE('',(#14625));
#14625 = SURFACE_STYLE_FILL_AREA(#14626);
#14626 = FILL_AREA_STYLE('',(#14627));
#14627 = FILL_AREA_STYLE_COLOUR('',#14227);
#14628 = OVER_RIDING_STYLED_ITEM('overriding color',(#14629),#5435,
  #14212);
#14629 = PRESENTATION_STYLE_ASSIGNMENT((#14630));
#14630 = SURFACE_STYLE_USAGE(.BOTH.,#14631);
#14631 = SURFACE_SIDE_STYLE('',(#14632));
#14632 = SURFACE_STYLE_FILL_AREA(#14633);
#14633 = FILL_AREA_STYLE('',(#14634));
#14634 = FILL_AREA_STYLE_COLOUR('',#14227);
#14635 = OVER_RIDING_STYLED_ITEM('overriding color',(#14636),#5508,
  #14212);
#14636 = PRESENTATION_STYLE_ASSIGNMENT((#14637));
#14637 = SURFACE_STYLE_USAGE(.BOTH.,#14638);
#14638 = SURFACE_SIDE_STYLE('',(#14639));
#14639 = SURFACE_STYLE_FILL_AREA(#14640);
#14640 = FILL_AREA_STYLE('',(#14641));
#14641 = FILL_AREA_STYLE_COLOUR('',#14227);
#14642 = OVER_RIDING_STYLED_ITEM('overriding color',(#14643),#5539,
  #14212);
#14643 = PRESENTATION_STYLE_ASSIGNMENT((#14644));
#14644 = SURFACE_STYLE_USAGE(.BOTH.,#14645);
#14645 = SURFACE_SIDE_STYLE('',(#14646));
#14646 = SURFACE_STYLE_FILL_AREA(#14647);
#14647 = FILL_AREA_STYLE('',(#14648));
#14648 = FILL_AREA_STYLE_COLOUR('',#14227);
#14649 = OVER_RIDING_STYLED_ITEM('overriding color',(#14650),#5572,
  #14212);
#14650 = PRESENTATION_STYLE_ASSIGNMENT((#14651));
#14651 = SURFACE_STYLE_USAGE(.BOTH.,#14652);
#14652 = SURFACE_SIDE_STYLE('',(#14653));
#14653 = SURFACE_STYLE_FILL_AREA(#14654);
#14654 = FILL_AREA_STYLE('',(#14655));
#14655 = FILL_AREA_STYLE_COLOUR('',#14227);
#14656 = OVER_RIDING_STYLED_ITEM('overriding color',(#14657),#5603,
  #14212);
#14657 = PRESENTATION_STYLE_ASSIGNMENT((#14658));
#14658 = SURFACE_STYLE_USAGE(.BOTH.,#14659);
#14659 = SURFACE_SIDE_STYLE('',(#14660));
#14660 = SURFACE_STYLE_FILL_AREA(#14661);
#14661 = FILL_AREA_STYLE('',(#14662));
#14662 = FILL_AREA_STYLE_COLOUR('',#14227);
#14663 = OVER_RIDING_STYLED_ITEM('overriding color',(#14664),#6032,
  #14212);
#14664 = PRESENTATION_STYLE_ASSIGNMENT((#14665));
#14665 = SURFACE_STYLE_USAGE(.BOTH.,#14666);
#14666 = SURFACE_SIDE_STYLE('',(#14667));
#14667 = SURFACE_STYLE_FILL_AREA(#14668);
#14668 = FILL_AREA_STYLE('',(#14669));
#14669 = FILL_AREA_STYLE_COLOUR('',#14227);
#14670 = OVER_RIDING_STYLED_ITEM('overriding color',(#14671),#6059,
  #14212);
#14671 = PRESENTATION_STYLE_ASSIGNMENT((#14672));
#14672 = SURFACE_STYLE_USAGE(.BOTH.,#14673);
#14673 = SURFACE_SIDE_STYLE('',(#14674));
#14674 = SURFACE_STYLE_FILL_AREA(#14675);
#14675 = FILL_AREA_STYLE('',(#14676));
#14676 = FILL_AREA_STYLE_COLOUR('',#14227);
#14677 = OVER_RIDING_STYLED_ITEM('overriding color',(#14678),#6077,
  #14212);
#14678 = PRESENTATION_STYLE_ASSIGNMENT((#14679));
#14679 = SURFACE_STYLE_USAGE(.BOTH.,#14680);
#14680 = SURFACE_SIDE_STYLE('',(#14681));
#14681 = SURFACE_STYLE_FILL_AREA(#14682);
#14682 = FILL_AREA_STYLE('',(#14683));
#14683 = FILL_AREA_STYLE_COLOUR('',#14227);
#14684 = OVER_RIDING_STYLED_ITEM('overriding color',(#14685),#6174,
  #14212);
#14685 = PRESENTATION_STYLE_ASSIGNMENT((#14686));
#14686 = SURFACE_STYLE_USAGE(.BOTH.,#14687);
#14687 = SURFACE_SIDE_STYLE('',(#14688));
#14688 = SURFACE_STYLE_FILL_AREA(#14689);
#14689 = FILL_AREA_STYLE('',(#14690));
#14690 = FILL_AREA_STYLE_COLOUR('',#14227);
#14691 = OVER_RIDING_STYLED_ITEM('overriding color',(#14692),#6201,
  #14212);
#14692 = PRESENTATION_STYLE_ASSIGNMENT((#14693));
#14693 = SURFACE_STYLE_USAGE(.BOTH.,#14694);
#14694 = SURFACE_SIDE_STYLE('',(#14695));
#14695 = SURFACE_STYLE_FILL_AREA(#14696);
#14696 = FILL_AREA_STYLE('',(#14697));
#14697 = FILL_AREA_STYLE_COLOUR('',#14227);
#14698 = OVER_RIDING_STYLED_ITEM('overriding color',(#14699),#6219,
  #14212);
#14699 = PRESENTATION_STYLE_ASSIGNMENT((#14700));
#14700 = SURFACE_STYLE_USAGE(.BOTH.,#14701);
#14701 = SURFACE_SIDE_STYLE('',(#14702));
#14702 = SURFACE_STYLE_FILL_AREA(#14703);
#14703 = FILL_AREA_STYLE('',(#14704));
#14704 = FILL_AREA_STYLE_COLOUR('',#14227);
#14705 = OVER_RIDING_STYLED_ITEM('overriding color',(#14706),#6285,
  #14212);
#14706 = PRESENTATION_STYLE_ASSIGNMENT((#14707));
#14707 = SURFACE_STYLE_USAGE(.BOTH.,#14708);
#14708 = SURFACE_SIDE_STYLE('',(#14709));
#14709 = SURFACE_STYLE_FILL_AREA(#14710);
#14710 = FILL_AREA_STYLE('',(#14711));
#14711 = FILL_AREA_STYLE_COLOUR('',#14227);
#14712 = OVER_RIDING_STYLED_ITEM('overriding color',(#14713),#6325,
  #14212);
#14713 = PRESENTATION_STYLE_ASSIGNMENT((#14714));
#14714 = SURFACE_STYLE_USAGE(.BOTH.,#14715);
#14715 = SURFACE_SIDE_STYLE('',(#14716));
#14716 = SURFACE_STYLE_FILL_AREA(#14717);
#14717 = FILL_AREA_STYLE('',(#14718));
#14718 = FILL_AREA_STYLE_COLOUR('',#14227);
#14719 = OVER_RIDING_STYLED_ITEM('overriding color',(#14720),#6358,
  #14212);
#14720 = PRESENTATION_STYLE_ASSIGNMENT((#14721));
#14721 = SURFACE_STYLE_USAGE(.BOTH.,#14722);
#14722 = SURFACE_SIDE_STYLE('',(#14723));
#14723 = SURFACE_STYLE_FILL_AREA(#14724);
#14724 = FILL_AREA_STYLE('',(#14725));
#14725 = FILL_AREA_STYLE_COLOUR('',#14227);
#14726 = OVER_RIDING_STYLED_ITEM('overriding color',(#14727),#6389,
  #14212);
#14727 = PRESENTATION_STYLE_ASSIGNMENT((#14728));
#14728 = SURFACE_STYLE_USAGE(.BOTH.,#14729);
#14729 = SURFACE_SIDE_STYLE('',(#14730));
#14730 = SURFACE_STYLE_FILL_AREA(#14731);
#14731 = FILL_AREA_STYLE('',(#14732));
#14732 = FILL_AREA_STYLE_COLOUR('',#14227);
#14733 = OVER_RIDING_STYLED_ITEM('overriding color',(#14734),#6422,
  #14212);
#14734 = PRESENTATION_STYLE_ASSIGNMENT((#14735));
#14735 = SURFACE_STYLE_USAGE(.BOTH.,#14736);
#14736 = SURFACE_SIDE_STYLE('',(#14737));
#14737 = SURFACE_STYLE_FILL_AREA(#14738);
#14738 = FILL_AREA_STYLE('',(#14739));
#14739 = FILL_AREA_STYLE_COLOUR('',#14227);
#14740 = OVER_RIDING_STYLED_ITEM('overriding color',(#14741),#6495,
  #14212);
#14741 = PRESENTATION_STYLE_ASSIGNMENT((#14742));
#14742 = SURFACE_STYLE_USAGE(.BOTH.,#14743);
#14743 = SURFACE_SIDE_STYLE('',(#14744));
#14744 = SURFACE_STYLE_FILL_AREA(#14745);
#14745 = FILL_AREA_STYLE('',(#14746));
#14746 = FILL_AREA_STYLE_COLOUR('',#14227);
#14747 = OVER_RIDING_STYLED_ITEM('overriding color',(#14748),#6526,
  #14212);
#14748 = PRESENTATION_STYLE_ASSIGNMENT((#14749));
#14749 = SURFACE_STYLE_USAGE(.BOTH.,#14750);
#14750 = SURFACE_SIDE_STYLE('',(#14751));
#14751 = SURFACE_STYLE_FILL_AREA(#14752);
#14752 = FILL_AREA_STYLE('',(#14753));
#14753 = FILL_AREA_STYLE_COLOUR('',#14227);
#14754 = OVER_RIDING_STYLED_ITEM('overriding color',(#14755),#6559,
  #14212);
#14755 = PRESENTATION_STYLE_ASSIGNMENT((#14756));
#14756 = SURFACE_STYLE_USAGE(.BOTH.,#14757);
#14757 = SURFACE_SIDE_STYLE('',(#14758));
#14758 = SURFACE_STYLE_FILL_AREA(#14759);
#14759 = FILL_AREA_STYLE('',(#14760));
#14760 = FILL_AREA_STYLE_COLOUR('',#14227);
#14761 = OVER_RIDING_STYLED_ITEM('overriding color',(#14762),#6590,
  #14212);
#14762 = PRESENTATION_STYLE_ASSIGNMENT((#14763));
#14763 = SURFACE_STYLE_USAGE(.BOTH.,#14764);
#14764 = SURFACE_SIDE_STYLE('',(#14765));
#14765 = SURFACE_STYLE_FILL_AREA(#14766);
#14766 = FILL_AREA_STYLE('',(#14767));
#14767 = FILL_AREA_STYLE_COLOUR('',#14227);
#14768 = OVER_RIDING_STYLED_ITEM('overriding color',(#14769),#7019,
  #14212);
#14769 = PRESENTATION_STYLE_ASSIGNMENT((#14770));
#14770 = SURFACE_STYLE_USAGE(.BOTH.,#14771);
#14771 = SURFACE_SIDE_STYLE('',(#14772));
#14772 = SURFACE_STYLE_FILL_AREA(#14773);
#14773 = FILL_AREA_STYLE('',(#14774));
#14774 = FILL_AREA_STYLE_COLOUR('',#14227);
#14775 = OVER_RIDING_STYLED_ITEM('overriding color',(#14776),#7046,
  #14212);
#14776 = PRESENTATION_STYLE_ASSIGNMENT((#14777));
#14777 = SURFACE_STYLE_USAGE(.BOTH.,#14778);
#14778 = SURFACE_SIDE_STYLE('',(#14779));
#14779 = SURFACE_STYLE_FILL_AREA(#14780);
#14780 = FILL_AREA_STYLE('',(#14781));
#14781 = FILL_AREA_STYLE_COLOUR('',#14227);
#14782 = OVER_RIDING_STYLED_ITEM('overriding color',(#14783),#7064,
  #14212);
#14783 = PRESENTATION_STYLE_ASSIGNMENT((#14784));
#14784 = SURFACE_STYLE_USAGE(.BOTH.,#14785);
#14785 = SURFACE_SIDE_STYLE('',(#14786));
#14786 = SURFACE_STYLE_FILL_AREA(#14787);
#14787 = FILL_AREA_STYLE('',(#14788));
#14788 = FILL_AREA_STYLE_COLOUR('',#14227);
#14789 = OVER_RIDING_STYLED_ITEM('overriding color',(#14790),#7161,
  #14212);
#14790 = PRESENTATION_STYLE_ASSIGNMENT((#14791));
#14791 = SURFACE_STYLE_USAGE(.BOTH.,#14792);
#14792 = SURFACE_SIDE_STYLE('',(#14793));
#14793 = SURFACE_STYLE_FILL_AREA(#14794);
#14794 = FILL_AREA_STYLE('',(#14795));
#14795 = FILL_AREA_STYLE_COLOUR('',#14227);
#14796 = OVER_RIDING_STYLED_ITEM('overriding color',(#14797),#7188,
  #14212);
#14797 = PRESENTATION_STYLE_ASSIGNMENT((#14798));
#14798 = SURFACE_STYLE_USAGE(.BOTH.,#14799);
#14799 = SURFACE_SIDE_STYLE('',(#14800));
#14800 = SURFACE_STYLE_FILL_AREA(#14801);
#14801 = FILL_AREA_STYLE('',(#14802));
#14802 = FILL_AREA_STYLE_COLOUR('',#14227);
#14803 = OVER_RIDING_STYLED_ITEM('overriding color',(#14804),#7206,
  #14212);
#14804 = PRESENTATION_STYLE_ASSIGNMENT((#14805));
#14805 = SURFACE_STYLE_USAGE(.BOTH.,#14806);
#14806 = SURFACE_SIDE_STYLE('',(#14807));
#14807 = SURFACE_STYLE_FILL_AREA(#14808);
#14808 = FILL_AREA_STYLE('',(#14809));
#14809 = FILL_AREA_STYLE_COLOUR('',#14227);
#14810 = OVER_RIDING_STYLED_ITEM('overriding color',(#14811),#7272,
  #14212);
#14811 = PRESENTATION_STYLE_ASSIGNMENT((#14812));
#14812 = SURFACE_STYLE_USAGE(.BOTH.,#14813);
#14813 = SURFACE_SIDE_STYLE('',(#14814));
#14814 = SURFACE_STYLE_FILL_AREA(#14815);
#14815 = FILL_AREA_STYLE('',(#14816));
#14816 = FILL_AREA_STYLE_COLOUR('',#14227);
#14817 = OVER_RIDING_STYLED_ITEM('overriding color',(#14818),#7312,
  #14212);
#14818 = PRESENTATION_STYLE_ASSIGNMENT((#14819));
#14819 = SURFACE_STYLE_USAGE(.BOTH.,#14820);
#14820 = SURFACE_SIDE_STYLE('',(#14821));
#14821 = SURFACE_STYLE_FILL_AREA(#14822);
#14822 = FILL_AREA_STYLE('',(#14823));
#14823 = FILL_AREA_STYLE_COLOUR('',#14227);
#14824 = OVER_RIDING_STYLED_ITEM('overriding color',(#14825),#7345,
  #14212);
#14825 = PRESENTATION_STYLE_ASSIGNMENT((#14826));
#14826 = SURFACE_STYLE_USAGE(.BOTH.,#14827);
#14827 = SURFACE_SIDE_STYLE('',(#14828));
#14828 = SURFACE_STYLE_FILL_AREA(#14829);
#14829 = FILL_AREA_STYLE('',(#14830));
#14830 = FILL_AREA_STYLE_COLOUR('',#14227);
#14831 = OVER_RIDING_STYLED_ITEM('overriding color',(#14832),#7376,
  #14212);
#14832 = PRESENTATION_STYLE_ASSIGNMENT((#14833));
#14833 = SURFACE_STYLE_USAGE(.BOTH.,#14834);
#14834 = SURFACE_SIDE_STYLE('',(#14835));
#14835 = SURFACE_STYLE_FILL_AREA(#14836);
#14836 = FILL_AREA_STYLE('',(#14837));
#14837 = FILL_AREA_STYLE_COLOUR('',#14227);
#14838 = OVER_RIDING_STYLED_ITEM('overriding color',(#14839),#7409,
  #14212);
#14839 = PRESENTATION_STYLE_ASSIGNMENT((#14840));
#14840 = SURFACE_STYLE_USAGE(.BOTH.,#14841);
#14841 = SURFACE_SIDE_STYLE('',(#14842));
#14842 = SURFACE_STYLE_FILL_AREA(#14843);
#14843 = FILL_AREA_STYLE('',(#14844));
#14844 = FILL_AREA_STYLE_COLOUR('',#14227);
#14845 = OVER_RIDING_STYLED_ITEM('overriding color',(#14846),#7482,
  #14212);
#14846 = PRESENTATION_STYLE_ASSIGNMENT((#14847));
#14847 = SURFACE_STYLE_USAGE(.BOTH.,#14848);
#14848 = SURFACE_SIDE_STYLE('',(#14849));
#14849 = SURFACE_STYLE_FILL_AREA(#14850);
#14850 = FILL_AREA_STYLE('',(#14851));
#14851 = FILL_AREA_STYLE_COLOUR('',#14227);
#14852 = OVER_RIDING_STYLED_ITEM('overriding color',(#14853),#7513,
  #14212);
#14853 = PRESENTATION_STYLE_ASSIGNMENT((#14854));
#14854 = SURFACE_STYLE_USAGE(.BOTH.,#14855);
#14855 = SURFACE_SIDE_STYLE('',(#14856));
#14856 = SURFACE_STYLE_FILL_AREA(#14857);
#14857 = FILL_AREA_STYLE('',(#14858));
#14858 = FILL_AREA_STYLE_COLOUR('',#14227);
#14859 = OVER_RIDING_STYLED_ITEM('overriding color',(#14860),#7546,
  #14212);
#14860 = PRESENTATION_STYLE_ASSIGNMENT((#14861));
#14861 = SURFACE_STYLE_USAGE(.BOTH.,#14862);
#14862 = SURFACE_SIDE_STYLE('',(#14863));
#14863 = SURFACE_STYLE_FILL_AREA(#14864);
#14864 = FILL_AREA_STYLE('',(#14865));
#14865 = FILL_AREA_STYLE_COLOUR('',#14227);
#14866 = OVER_RIDING_STYLED_ITEM('overriding color',(#14867),#7997,
  #14212);
#14867 = PRESENTATION_STYLE_ASSIGNMENT((#14868));
#14868 = SURFACE_STYLE_USAGE(.BOTH.,#14869);
#14869 = SURFACE_SIDE_STYLE('',(#14870));
#14870 = SURFACE_STYLE_FILL_AREA(#14871);
#14871 = FILL_AREA_STYLE('',(#14872));
#14872 = FILL_AREA_STYLE_COLOUR('',#14227);
#14873 = OVER_RIDING_STYLED_ITEM('overriding color',(#14874),#8024,
  #14212);
#14874 = PRESENTATION_STYLE_ASSIGNMENT((#14875));
#14875 = SURFACE_STYLE_USAGE(.BOTH.,#14876);
#14876 = SURFACE_SIDE_STYLE('',(#14877));
#14877 = SURFACE_STYLE_FILL_AREA(#14878);
#14878 = FILL_AREA_STYLE('',(#14879));
#14879 = FILL_AREA_STYLE_COLOUR('',#14227);
#14880 = OVER_RIDING_STYLED_ITEM('overriding color',(#14881),#8042,
  #14212);
#14881 = PRESENTATION_STYLE_ASSIGNMENT((#14882));
#14882 = SURFACE_STYLE_USAGE(.BOTH.,#14883);
#14883 = SURFACE_SIDE_STYLE('',(#14884));
#14884 = SURFACE_STYLE_FILL_AREA(#14885);
#14885 = FILL_AREA_STYLE('',(#14886));
#14886 = FILL_AREA_STYLE_COLOUR('',#14227);
#14887 = OVER_RIDING_STYLED_ITEM('overriding color',(#14888),#8117,
  #14212);
#14888 = PRESENTATION_STYLE_ASSIGNMENT((#14889));
#14889 = SURFACE_STYLE_USAGE(.BOTH.,#14890);
#14890 = SURFACE_SIDE_STYLE('',(#14891));
#14891 = SURFACE_STYLE_FILL_AREA(#14892);
#14892 = FILL_AREA_STYLE('',(#14893));
#14893 = FILL_AREA_STYLE_COLOUR('',#14227);
#14894 = OVER_RIDING_STYLED_ITEM('overriding color',(#14895),#8181,
  #14212);
#14895 = PRESENTATION_STYLE_ASSIGNMENT((#14896));
#14896 = SURFACE_STYLE_USAGE(.BOTH.,#14897);
#14897 = SURFACE_SIDE_STYLE('',(#14898));
#14898 = SURFACE_STYLE_FILL_AREA(#14899);
#14899 = FILL_AREA_STYLE('',(#14900));
#14900 = FILL_AREA_STYLE_COLOUR('',#14227);
#14901 = OVER_RIDING_STYLED_ITEM('overriding color',(#14902),#8208,
  #14212);
#14902 = PRESENTATION_STYLE_ASSIGNMENT((#14903));
#14903 = SURFACE_STYLE_USAGE(.BOTH.,#14904);
#14904 = SURFACE_SIDE_STYLE('',(#14905));
#14905 = SURFACE_STYLE_FILL_AREA(#14906);
#14906 = FILL_AREA_STYLE('',(#14907));
#14907 = FILL_AREA_STYLE_COLOUR('',#14227);
#14908 = OVER_RIDING_STYLED_ITEM('overriding color',(#14909),#8226,
  #14212);
#14909 = PRESENTATION_STYLE_ASSIGNMENT((#14910));
#14910 = SURFACE_STYLE_USAGE(.BOTH.,#14911);
#14911 = SURFACE_SIDE_STYLE('',(#14912));
#14912 = SURFACE_STYLE_FILL_AREA(#14913);
#14913 = FILL_AREA_STYLE('',(#14914));
#14914 = FILL_AREA_STYLE_COLOUR('',#14227);
#14915 = OVER_RIDING_STYLED_ITEM('overriding color',(#14916),#8363,
  #14212);
#14916 = PRESENTATION_STYLE_ASSIGNMENT((#14917));
#14917 = SURFACE_STYLE_USAGE(.BOTH.,#14918);
#14918 = SURFACE_SIDE_STYLE('',(#14919));
#14919 = SURFACE_STYLE_FILL_AREA(#14920);
#14920 = FILL_AREA_STYLE('',(#14921));
#14921 = FILL_AREA_STYLE_COLOUR('',#14227);
#14922 = OVER_RIDING_STYLED_ITEM('overriding color',(#14923),#8403,
  #14212);
#14923 = PRESENTATION_STYLE_ASSIGNMENT((#14924));
#14924 = SURFACE_STYLE_USAGE(.BOTH.,#14925);
#14925 = SURFACE_SIDE_STYLE('',(#14926));
#14926 = SURFACE_STYLE_FILL_AREA(#14927);
#14927 = FILL_AREA_STYLE('',(#14928));
#14928 = FILL_AREA_STYLE_COLOUR('',#14227);
#14929 = OVER_RIDING_STYLED_ITEM('overriding color',(#14930),#8436,
  #14212);
#14930 = PRESENTATION_STYLE_ASSIGNMENT((#14931));
#14931 = SURFACE_STYLE_USAGE(.BOTH.,#14932);
#14932 = SURFACE_SIDE_STYLE('',(#14933));
#14933 = SURFACE_STYLE_FILL_AREA(#14934);
#14934 = FILL_AREA_STYLE('',(#14935));
#14935 = FILL_AREA_STYLE_COLOUR('',#14227);
#14936 = OVER_RIDING_STYLED_ITEM('overriding color',(#14937),#8467,
  #14212);
#14937 = PRESENTATION_STYLE_ASSIGNMENT((#14938));
#14938 = SURFACE_STYLE_USAGE(.BOTH.,#14939);
#14939 = SURFACE_SIDE_STYLE('',(#14940));
#14940 = SURFACE_STYLE_FILL_AREA(#14941);
#14941 = FILL_AREA_STYLE('',(#14942));
#14942 = FILL_AREA_STYLE_COLOUR('',#14227);
#14943 = OVER_RIDING_STYLED_ITEM('overriding color',(#14944),#8500,
  #14212);
#14944 = PRESENTATION_STYLE_ASSIGNMENT((#14945));
#14945 = SURFACE_STYLE_USAGE(.BOTH.,#14946);
#14946 = SURFACE_SIDE_STYLE('',(#14947));
#14947 = SURFACE_STYLE_FILL_AREA(#14948);
#14948 = FILL_AREA_STYLE('',(#14949));
#14949 = FILL_AREA_STYLE_COLOUR('',#14227);
#14950 = OVER_RIDING_STYLED_ITEM('overriding color',(#14951),#8573,
  #14212);
#14951 = PRESENTATION_STYLE_ASSIGNMENT((#14952));
#14952 = SURFACE_STYLE_USAGE(.BOTH.,#14953);
#14953 = SURFACE_SIDE_STYLE('',(#14954));
#14954 = SURFACE_STYLE_FILL_AREA(#14955);
#14955 = FILL_AREA_STYLE('',(#14956));
#14956 = FILL_AREA_STYLE_COLOUR('',#14227);
#14957 = OVER_RIDING_STYLED_ITEM('overriding color',(#14958),#8604,
  #14212);
#14958 = PRESENTATION_STYLE_ASSIGNMENT((#14959));
#14959 = SURFACE_STYLE_USAGE(.BOTH.,#14960);
#14960 = SURFACE_SIDE_STYLE('',(#14961));
#14961 = SURFACE_STYLE_FILL_AREA(#14962);
#14962 = FILL_AREA_STYLE('',(#14963));
#14963 = FILL_AREA_STYLE_COLOUR('',#14227);
#14964 = OVER_RIDING_STYLED_ITEM('overriding color',(#14965),#8637,
  #14212);
#14965 = PRESENTATION_STYLE_ASSIGNMENT((#14966));
#14966 = SURFACE_STYLE_USAGE(.BOTH.,#14967);
#14967 = SURFACE_SIDE_STYLE('',(#14968));
#14968 = SURFACE_STYLE_FILL_AREA(#14969);
#14969 = FILL_AREA_STYLE('',(#14970));
#14970 = FILL_AREA_STYLE_COLOUR('',#14227);
#14971 = OVER_RIDING_STYLED_ITEM('overriding color',(#14972),#8984,
  #14212);
#14972 = PRESENTATION_STYLE_ASSIGNMENT((#14973));
#14973 = SURFACE_STYLE_USAGE(.BOTH.,#14974);
#14974 = SURFACE_SIDE_STYLE('',(#14975));
#14975 = SURFACE_STYLE_FILL_AREA(#14976);
#14976 = FILL_AREA_STYLE('',(#14977));
#14977 = FILL_AREA_STYLE_COLOUR('',#14227);
#14978 = OVER_RIDING_STYLED_ITEM('overriding color',(#14979),#9026,
  #14212);
#14979 = PRESENTATION_STYLE_ASSIGNMENT((#14980));
#14980 = SURFACE_STYLE_USAGE(.BOTH.,#14981);
#14981 = SURFACE_SIDE_STYLE('',(#14982));
#14982 = SURFACE_STYLE_FILL_AREA(#14983);
#14983 = FILL_AREA_STYLE('',(#14984));
#14984 = FILL_AREA_STYLE_COLOUR('',#14227);
#14985 = OVER_RIDING_STYLED_ITEM('overriding color',(#14986),#9053,
  #14212);
#14986 = PRESENTATION_STYLE_ASSIGNMENT((#14987));
#14987 = SURFACE_STYLE_USAGE(.BOTH.,#14988);
#14988 = SURFACE_SIDE_STYLE('',(#14989));
#14989 = SURFACE_STYLE_FILL_AREA(#14990);
#14990 = FILL_AREA_STYLE('',(#14991));
#14991 = FILL_AREA_STYLE_COLOUR('',#14227);
#14992 = OVER_RIDING_STYLED_ITEM('overriding color',(#14993),#9104,
  #14212);
#14993 = PRESENTATION_STYLE_ASSIGNMENT((#14994));
#14994 = SURFACE_STYLE_USAGE(.BOTH.,#14995);
#14995 = SURFACE_SIDE_STYLE('',(#14996));
#14996 = SURFACE_STYLE_FILL_AREA(#14997);
#14997 = FILL_AREA_STYLE('',(#14998));
#14998 = FILL_AREA_STYLE_COLOUR('',#14227);
#14999 = OVER_RIDING_STYLED_ITEM('overriding color',(#15000),#9135,
  #14212);
#15000 = PRESENTATION_STYLE_ASSIGNMENT((#15001));
#15001 = SURFACE_STYLE_USAGE(.BOTH.,#15002);
#15002 = SURFACE_SIDE_STYLE('',(#15003));
#15003 = SURFACE_STYLE_FILL_AREA(#15004);
#15004 = FILL_AREA_STYLE('',(#15005));
#15005 = FILL_AREA_STYLE_COLOUR('',#14227);
#15006 = OVER_RIDING_STYLED_ITEM('overriding color',(#15007),#9162,
  #14212);
#15007 = PRESENTATION_STYLE_ASSIGNMENT((#15008));
#15008 = SURFACE_STYLE_USAGE(.BOTH.,#15009);
#15009 = SURFACE_SIDE_STYLE('',(#15010));
#15010 = SURFACE_STYLE_FILL_AREA(#15011);
#15011 = FILL_AREA_STYLE('',(#15012));
#15012 = FILL_AREA_STYLE_COLOUR('',#14227);
#15013 = OVER_RIDING_STYLED_ITEM('overriding color',(#15014),#9213,
  #14212);
#15014 = PRESENTATION_STYLE_ASSIGNMENT((#15015));
#15015 = SURFACE_STYLE_USAGE(.BOTH.,#15016);
#15016 = SURFACE_SIDE_STYLE('',(#15017));
#15017 = SURFACE_STYLE_FILL_AREA(#15018);
#15018 = FILL_AREA_STYLE('',(#15019));
#15019 = FILL_AREA_STYLE_COLOUR('',#14227);
#15020 = OVER_RIDING_STYLED_ITEM('overriding color',(#15021),#9286,
  #14212);
#15021 = PRESENTATION_STYLE_ASSIGNMENT((#15022));
#15022 = SURFACE_STYLE_USAGE(.BOTH.,#15023);
#15023 = SURFACE_SIDE_STYLE('',(#15024));
#15024 = SURFACE_STYLE_FILL_AREA(#15025);
#15025 = FILL_AREA_STYLE('',(#15026));
#15026 = FILL_AREA_STYLE_COLOUR('',#14227);
#15027 = OVER_RIDING_STYLED_ITEM('overriding color',(#15028),#9326,
  #14212);
#15028 = PRESENTATION_STYLE_ASSIGNMENT((#15029));
#15029 = SURFACE_STYLE_USAGE(.BOTH.,#15030);
#15030 = SURFACE_SIDE_STYLE('',(#15031));
#15031 = SURFACE_STYLE_FILL_AREA(#15032);
#15032 = FILL_AREA_STYLE('',(#15033));
#15033 = FILL_AREA_STYLE_COLOUR('',#14227);
#15034 = OVER_RIDING_STYLED_ITEM('overriding color',(#15035),#9359,
  #14212);
#15035 = PRESENTATION_STYLE_ASSIGNMENT((#15036));
#15036 = SURFACE_STYLE_USAGE(.BOTH.,#15037);
#15037 = SURFACE_SIDE_STYLE('',(#15038));
#15038 = SURFACE_STYLE_FILL_AREA(#15039);
#15039 = FILL_AREA_STYLE('',(#15040));
#15040 = FILL_AREA_STYLE_COLOUR('',#14227);
#15041 = OVER_RIDING_STYLED_ITEM('overriding color',(#15042),#9390,
  #14212);
#15042 = PRESENTATION_STYLE_ASSIGNMENT((#15043));
#15043 = SURFACE_STYLE_USAGE(.BOTH.,#15044);
#15044 = SURFACE_SIDE_STYLE('',(#15045));
#15045 = SURFACE_STYLE_FILL_AREA(#15046);
#15046 = FILL_AREA_STYLE('',(#15047));
#15047 = FILL_AREA_STYLE_COLOUR('',#14227);
#15048 = OVER_RIDING_STYLED_ITEM('overriding color',(#15049),#9423,
  #14212);
#15049 = PRESENTATION_STYLE_ASSIGNMENT((#15050));
#15050 = SURFACE_STYLE_USAGE(.BOTH.,#15051);
#15051 = SURFACE_SIDE_STYLE('',(#15052));
#15052 = SURFACE_STYLE_FILL_AREA(#15053);
#15053 = FILL_AREA_STYLE('',(#15054));
#15054 = FILL_AREA_STYLE_COLOUR('',#14227);
#15055 = OVER_RIDING_STYLED_ITEM('overriding color',(#15056),#10095,
  #14212);
#15056 = PRESENTATION_STYLE_ASSIGNMENT((#15057));
#15057 = SURFACE_STYLE_USAGE(.BOTH.,#15058);
#15058 = SURFACE_SIDE_STYLE('',(#15059));
#15059 = SURFACE_STYLE_FILL_AREA(#15060);
#15060 = FILL_AREA_STYLE('',(#15061));
#15061 = FILL_AREA_STYLE_COLOUR('',#14227);
#15062 = OVER_RIDING_STYLED_ITEM('overriding color',(#15063),#10420,
  #14212);
#15063 = PRESENTATION_STYLE_ASSIGNMENT((#15064));
#15064 = SURFACE_STYLE_USAGE(.BOTH.,#15065);
#15065 = SURFACE_SIDE_STYLE('',(#15066));
#15066 = SURFACE_STYLE_FILL_AREA(#15067);
#15067 = FILL_AREA_STYLE('',(#15068));
#15068 = FILL_AREA_STYLE_COLOUR('',#14227);
#15069 = OVER_RIDING_STYLED_ITEM('overriding color',(#15070),#10435,
  #14212);
#15070 = PRESENTATION_STYLE_ASSIGNMENT((#15071));
#15071 = SURFACE_STYLE_USAGE(.BOTH.,#15072);
#15072 = SURFACE_SIDE_STYLE('',(#15073));
#15073 = SURFACE_STYLE_FILL_AREA(#15074);
#15074 = FILL_AREA_STYLE('',(#15075));
#15075 = FILL_AREA_STYLE_COLOUR('',#14227);
#15076 = OVER_RIDING_STYLED_ITEM('overriding color',(#15077),#10448,
  #14212);
#15077 = PRESENTATION_STYLE_ASSIGNMENT((#15078));
#15078 = SURFACE_STYLE_USAGE(.BOTH.,#15079);
#15079 = SURFACE_SIDE_STYLE('',(#15080));
#15080 = SURFACE_STYLE_FILL_AREA(#15081);
#15081 = FILL_AREA_STYLE('',(#15082));
#15082 = FILL_AREA_STYLE_COLOUR('',#14227);
#15083 = OVER_RIDING_STYLED_ITEM('overriding color',(#15084),#10545,
  #14212);
#15084 = PRESENTATION_STYLE_ASSIGNMENT((#15085));
#15085 = SURFACE_STYLE_USAGE(.BOTH.,#15086);
#15086 = SURFACE_SIDE_STYLE('',(#15087));
#15087 = SURFACE_STYLE_FILL_AREA(#15088);
#15088 = FILL_AREA_STYLE('',(#15089));
#15089 = FILL_AREA_STYLE_COLOUR('',#14227);
#15090 = OVER_RIDING_STYLED_ITEM('overriding color',(#15091),#10560,
  #14212);
#15091 = PRESENTATION_STYLE_ASSIGNMENT((#15092));
#15092 = SURFACE_STYLE_USAGE(.BOTH.,#15093);
#15093 = SURFACE_SIDE_STYLE('',(#15094));
#15094 = SURFACE_STYLE_FILL_AREA(#15095);
#15095 = FILL_AREA_STYLE('',(#15096));
#15096 = FILL_AREA_STYLE_COLOUR('',#14227);
#15097 = OVER_RIDING_STYLED_ITEM('overriding color',(#15098),#10573,
  #14212);
#15098 = PRESENTATION_STYLE_ASSIGNMENT((#15099));
#15099 = SURFACE_STYLE_USAGE(.BOTH.,#15100);
#15100 = SURFACE_SIDE_STYLE('',(#15101));
#15101 = SURFACE_STYLE_FILL_AREA(#15102);
#15102 = FILL_AREA_STYLE('',(#15103));
#15103 = FILL_AREA_STYLE_COLOUR('',#14227);
#15104 = OVER_RIDING_STYLED_ITEM('overriding color',(#15105),#10639,
  #14212);
#15105 = PRESENTATION_STYLE_ASSIGNMENT((#15106));
#15106 = SURFACE_STYLE_USAGE(.BOTH.,#15107);
#15107 = SURFACE_SIDE_STYLE('',(#15108));
#15108 = SURFACE_STYLE_FILL_AREA(#15109);
#15109 = FILL_AREA_STYLE('',(#15110));
#15110 = FILL_AREA_STYLE_COLOUR('',#14249);
#15111 = OVER_RIDING_STYLED_ITEM('overriding color',(#15112),#10770,
  #14212);
#15112 = PRESENTATION_STYLE_ASSIGNMENT((#15113));
#15113 = SURFACE_STYLE_USAGE(.BOTH.,#15114);
#15114 = SURFACE_SIDE_STYLE('',(#15115));
#15115 = SURFACE_STYLE_FILL_AREA(#15116);
#15116 = FILL_AREA_STYLE('',(#15117));
#15117 = FILL_AREA_STYLE_COLOUR('',#14227);
#15118 = OVER_RIDING_STYLED_ITEM('overriding color',(#15119),#10810,
  #14212);
#15119 = PRESENTATION_STYLE_ASSIGNMENT((#15120));
#15120 = SURFACE_STYLE_USAGE(.BOTH.,#15121);
#15121 = SURFACE_SIDE_STYLE('',(#15122));
#15122 = SURFACE_STYLE_FILL_AREA(#15123);
#15123 = FILL_AREA_STYLE('',(#15124));
#15124 = FILL_AREA_STYLE_COLOUR('',#14249);
#15125 = OVER_RIDING_STYLED_ITEM('overriding color',(#15126),#10879,
  #14212);
#15126 = PRESENTATION_STYLE_ASSIGNMENT((#15127));
#15127 = SURFACE_STYLE_USAGE(.BOTH.,#15128);
#15128 = SURFACE_SIDE_STYLE('',(#15129));
#15129 = SURFACE_STYLE_FILL_AREA(#15130);
#15130 = FILL_AREA_STYLE('',(#15131));
#15131 = FILL_AREA_STYLE_COLOUR('',#14249);
#15132 = OVER_RIDING_STYLED_ITEM('overriding color',(#15133),#10896,
  #14212);
#15133 = PRESENTATION_STYLE_ASSIGNMENT((#15134));
#15134 = SURFACE_STYLE_USAGE(.BOTH.,#15135);
#15135 = SURFACE_SIDE_STYLE('',(#15136));
#15136 = SURFACE_STYLE_FILL_AREA(#15137);
#15137 = FILL_AREA_STYLE('',(#15138));
#15138 = FILL_AREA_STYLE_COLOUR('',#14249);
#15139 = OVER_RIDING_STYLED_ITEM('overriding color',(#15140),#10945,
  #14212);
#15140 = PRESENTATION_STYLE_ASSIGNMENT((#15141));
#15141 = SURFACE_STYLE_USAGE(.BOTH.,#15142);
#15142 = SURFACE_SIDE_STYLE('',(#15143));
#15143 = SURFACE_STYLE_FILL_AREA(#15144);
#15144 = FILL_AREA_STYLE('',(#15145));
#15145 = FILL_AREA_STYLE_COLOUR('',#14249);
#15146 = OVER_RIDING_STYLED_ITEM('overriding color',(#15147),#10969,
  #14212);
#15147 = PRESENTATION_STYLE_ASSIGNMENT((#15148));
#15148 = SURFACE_STYLE_USAGE(.BOTH.,#15149);
#15149 = SURFACE_SIDE_STYLE('',(#15150));
#15150 = SURFACE_STYLE_FILL_AREA(#15151);
#15151 = FILL_AREA_STYLE('',(#15152));
#15152 = FILL_AREA_STYLE_COLOUR('',#14249);
#15153 = OVER_RIDING_STYLED_ITEM('overriding color',(#15154),#10986,
  #14212);
#15154 = PRESENTATION_STYLE_ASSIGNMENT((#15155));
#15155 = SURFACE_STYLE_USAGE(.BOTH.,#15156);
#15156 = SURFACE_SIDE_STYLE('',(#15157));
#15157 = SURFACE_STYLE_FILL_AREA(#15158);
#15158 = FILL_AREA_STYLE('',(#15159));
#15159 = FILL_AREA_STYLE_COLOUR('',#14249);
#15160 = OVER_RIDING_STYLED_ITEM('overriding color',(#15161),#11023,
  #14212);
#15161 = PRESENTATION_STYLE_ASSIGNMENT((#15162));
#15162 = SURFACE_STYLE_USAGE(.BOTH.,#15163);
#15163 = SURFACE_SIDE_STYLE('',(#15164));
#15164 = SURFACE_STYLE_FILL_AREA(#15165);
#15165 = FILL_AREA_STYLE('',(#15166));
#15166 = FILL_AREA_STYLE_COLOUR('',#14249);
#15167 = OVER_RIDING_STYLED_ITEM('overriding color',(#15168),#11047,
  #14212);
#15168 = PRESENTATION_STYLE_ASSIGNMENT((#15169));
#15169 = SURFACE_STYLE_USAGE(.BOTH.,#15170);
#15170 = SURFACE_SIDE_STYLE('',(#15171));
#15171 = SURFACE_STYLE_FILL_AREA(#15172);
#15172 = FILL_AREA_STYLE('',(#15173));
#15173 = FILL_AREA_STYLE_COLOUR('',#14249);
#15174 = OVER_RIDING_STYLED_ITEM('overriding color',(#15175),#11071,
  #14212);
#15175 = PRESENTATION_STYLE_ASSIGNMENT((#15176));
#15176 = SURFACE_STYLE_USAGE(.BOTH.,#15177);
#15177 = SURFACE_SIDE_STYLE('',(#15178));
#15178 = SURFACE_STYLE_FILL_AREA(#15179);
#15179 = FILL_AREA_STYLE('',(#15180));
#15180 = FILL_AREA_STYLE_COLOUR('',#14249);
#15181 = OVER_RIDING_STYLED_ITEM('overriding color',(#15182),#11096,
  #14212);
#15182 = PRESENTATION_STYLE_ASSIGNMENT((#15183));
#15183 = SURFACE_STYLE_USAGE(.BOTH.,#15184);
#15184 = SURFACE_SIDE_STYLE('',(#15185));
#15185 = SURFACE_STYLE_FILL_AREA(#15186);
#15186 = FILL_AREA_STYLE('',(#15187));
#15187 = FILL_AREA_STYLE_COLOUR('',#14249);
#15188 = OVER_RIDING_STYLED_ITEM('overriding color',(#15189),#11113,
  #14212);
#15189 = PRESENTATION_STYLE_ASSIGNMENT((#15190));
#15190 = SURFACE_STYLE_USAGE(.BOTH.,#15191);
#15191 = SURFACE_SIDE_STYLE('',(#15192));
#15192 = SURFACE_STYLE_FILL_AREA(#15193);
#15193 = FILL_AREA_STYLE('',(#15194));
#15194 = FILL_AREA_STYLE_COLOUR('',#14249);
#15195 = OVER_RIDING_STYLED_ITEM('overriding color',(#15196),#11408,
  #14212);
#15196 = PRESENTATION_STYLE_ASSIGNMENT((#15197));
#15197 = SURFACE_STYLE_USAGE(.BOTH.,#15198);
#15198 = SURFACE_SIDE_STYLE('',(#15199));
#15199 = SURFACE_STYLE_FILL_AREA(#15200);
#15200 = FILL_AREA_STYLE('',(#15201));
#15201 = FILL_AREA_STYLE_COLOUR('',#14227);
#15202 = OVER_RIDING_STYLED_ITEM('overriding color',(#15203),#11448,
  #14212);
#15203 = PRESENTATION_STYLE_ASSIGNMENT((#15204));
#15204 = SURFACE_STYLE_USAGE(.BOTH.,#15205);
#15205 = SURFACE_SIDE_STYLE('',(#15206));
#15206 = SURFACE_STYLE_FILL_AREA(#15207);
#15207 = FILL_AREA_STYLE('',(#15208));
#15208 = FILL_AREA_STYLE_COLOUR('',#14227);
#15209 = OVER_RIDING_STYLED_ITEM('overriding color',(#15210),#11481,
  #14212);
#15210 = PRESENTATION_STYLE_ASSIGNMENT((#15211));
#15211 = SURFACE_STYLE_USAGE(.BOTH.,#15212);
#15212 = SURFACE_SIDE_STYLE('',(#15213));
#15213 = SURFACE_STYLE_FILL_AREA(#15214);
#15214 = FILL_AREA_STYLE('',(#15215));
#15215 = FILL_AREA_STYLE_COLOUR('',#14227);
#15216 = OVER_RIDING_STYLED_ITEM('overriding color',(#15217),#11512,
  #14212);
#15217 = PRESENTATION_STYLE_ASSIGNMENT((#15218));
#15218 = SURFACE_STYLE_USAGE(.BOTH.,#15219);
#15219 = SURFACE_SIDE_STYLE('',(#15220));
#15220 = SURFACE_STYLE_FILL_AREA(#15221);
#15221 = FILL_AREA_STYLE('',(#15222));
#15222 = FILL_AREA_STYLE_COLOUR('',#14227);
#15223 = OVER_RIDING_STYLED_ITEM('overriding color',(#15224),#11543,
  #14212);
#15224 = PRESENTATION_STYLE_ASSIGNMENT((#15225));
#15225 = SURFACE_STYLE_USAGE(.BOTH.,#15226);
#15226 = SURFACE_SIDE_STYLE('',(#15227));
#15227 = SURFACE_STYLE_FILL_AREA(#15228);
#15228 = FILL_AREA_STYLE('',(#15229));
#15229 = FILL_AREA_STYLE_COLOUR('',#14227);
#15230 = OVER_RIDING_STYLED_ITEM('overriding color',(#15231),#11574,
  #14212);
#15231 = PRESENTATION_STYLE_ASSIGNMENT((#15232));
#15232 = SURFACE_STYLE_USAGE(.BOTH.,#15233);
#15233 = SURFACE_SIDE_STYLE('',(#15234));
#15234 = SURFACE_STYLE_FILL_AREA(#15235);
#15235 = FILL_AREA_STYLE('',(#15236));
#15236 = FILL_AREA_STYLE_COLOUR('',#14227);
#15237 = OVER_RIDING_STYLED_ITEM('overriding color',(#15238),#11607,
  #14212);
#15238 = PRESENTATION_STYLE_ASSIGNMENT((#15239));
#15239 = SURFACE_STYLE_USAGE(.BOTH.,#15240);
#15240 = SURFACE_SIDE_STYLE('',(#15241));
#15241 = SURFACE_STYLE_FILL_AREA(#15242);
#15242 = FILL_AREA_STYLE('',(#15243));
#15243 = FILL_AREA_STYLE_COLOUR('',#14227);
#15244 = OVER_RIDING_STYLED_ITEM('overriding color',(#15245),#11638,
  #14212);
#15245 = PRESENTATION_STYLE_ASSIGNMENT((#15246));
#15246 = SURFACE_STYLE_USAGE(.BOTH.,#15247);
#15247 = SURFACE_SIDE_STYLE('',(#15248));
#15248 = SURFACE_STYLE_FILL_AREA(#15249);
#15249 = FILL_AREA_STYLE('',(#15250));
#15250 = FILL_AREA_STYLE_COLOUR('',#14227);
#15251 = OVER_RIDING_STYLED_ITEM('overriding color',(#15252),#11669,
  #14212);
#15252 = PRESENTATION_STYLE_ASSIGNMENT((#15253));
#15253 = SURFACE_STYLE_USAGE(.BOTH.,#15254);
#15254 = SURFACE_SIDE_STYLE('',(#15255));
#15255 = SURFACE_STYLE_FILL_AREA(#15256);
#15256 = FILL_AREA_STYLE('',(#15257));
#15257 = FILL_AREA_STYLE_COLOUR('',#14227);
#15258 = OVER_RIDING_STYLED_ITEM('overriding color',(#15259),#11702,
  #14212);
#15259 = PRESENTATION_STYLE_ASSIGNMENT((#15260));
#15260 = SURFACE_STYLE_USAGE(.BOTH.,#15261);
#15261 = SURFACE_SIDE_STYLE('',(#15262));
#15262 = SURFACE_STYLE_FILL_AREA(#15263);
#15263 = FILL_AREA_STYLE('',(#15264));
#15264 = FILL_AREA_STYLE_COLOUR('',#14227);
#15265 = OVER_RIDING_STYLED_ITEM('overriding color',(#15266),#11733,
  #14212);
#15266 = PRESENTATION_STYLE_ASSIGNMENT((#15267));
#15267 = SURFACE_STYLE_USAGE(.BOTH.,#15268);
#15268 = SURFACE_SIDE_STYLE('',(#15269));
#15269 = SURFACE_STYLE_FILL_AREA(#15270);
#15270 = FILL_AREA_STYLE('',(#15271));
#15271 = FILL_AREA_STYLE_COLOUR('',#14227);
#15272 = OVER_RIDING_STYLED_ITEM('overriding color',(#15273),#11766,
  #14212);
#15273 = PRESENTATION_STYLE_ASSIGNMENT((#15274));
#15274 = SURFACE_STYLE_USAGE(.BOTH.,#15275);
#15275 = SURFACE_SIDE_STYLE('',(#15276));
#15276 = SURFACE_STYLE_FILL_AREA(#15277);
#15277 = FILL_AREA_STYLE('',(#15278));
#15278 = FILL_AREA_STYLE_COLOUR('',#14227);
#15279 = OVER_RIDING_STYLED_ITEM('overriding color',(#15280),#12264,
  #14212);
#15280 = PRESENTATION_STYLE_ASSIGNMENT((#15281));
#15281 = SURFACE_STYLE_USAGE(.BOTH.,#15282);
#15282 = SURFACE_SIDE_STYLE('',(#15283));
#15283 = SURFACE_STYLE_FILL_AREA(#15284);
#15284 = FILL_AREA_STYLE('',(#15285));
#15285 = FILL_AREA_STYLE_COLOUR('',#14227);
#15286 = OVER_RIDING_STYLED_ITEM('overriding color',(#15287),#12295,
  #14212);
#15287 = PRESENTATION_STYLE_ASSIGNMENT((#15288));
#15288 = SURFACE_STYLE_USAGE(.BOTH.,#15289);
#15289 = SURFACE_SIDE_STYLE('',(#15290));
#15290 = SURFACE_STYLE_FILL_AREA(#15291);
#15291 = FILL_AREA_STYLE('',(#15292));
#15292 = FILL_AREA_STYLE_COLOUR('',#14227);
#15293 = OVER_RIDING_STYLED_ITEM('overriding color',(#15294),#12342,
  #14212);
#15294 = PRESENTATION_STYLE_ASSIGNMENT((#15295));
#15295 = SURFACE_STYLE_USAGE(.BOTH.,#15296);
#15296 = SURFACE_SIDE_STYLE('',(#15297));
#15297 = SURFACE_STYLE_FILL_AREA(#15298);
#15298 = FILL_AREA_STYLE('',(#15299));
#15299 = FILL_AREA_STYLE_COLOUR('',#14227);
#15300 = OVER_RIDING_STYLED_ITEM('overriding color',(#15301),#12360,
  #14212);
#15301 = PRESENTATION_STYLE_ASSIGNMENT((#15302));
#15302 = SURFACE_STYLE_USAGE(.BOTH.,#15303);
#15303 = SURFACE_SIDE_STYLE('',(#15304));
#15304 = SURFACE_STYLE_FILL_AREA(#15305);
#15305 = FILL_AREA_STYLE('',(#15306));
#15306 = FILL_AREA_STYLE_COLOUR('',#14227);
#15307 = OVER_RIDING_STYLED_ITEM('overriding color',(#15308),#12618,
  #14212);
#15308 = PRESENTATION_STYLE_ASSIGNMENT((#15309));
#15309 = SURFACE_STYLE_USAGE(.BOTH.,#15310);
#15310 = SURFACE_SIDE_STYLE('',(#15311));
#15311 = SURFACE_STYLE_FILL_AREA(#15312);
#15312 = FILL_AREA_STYLE('',(#15313));
#15313 = FILL_AREA_STYLE_COLOUR('',#14227);
#15314 = OVER_RIDING_STYLED_ITEM('overriding color',(#15315),#12649,
  #14212);
#15315 = PRESENTATION_STYLE_ASSIGNMENT((#15316));
#15316 = SURFACE_STYLE_USAGE(.BOTH.,#15317);
#15317 = SURFACE_SIDE_STYLE('',(#15318));
#15318 = SURFACE_STYLE_FILL_AREA(#15319);
#15319 = FILL_AREA_STYLE('',(#15320));
#15320 = FILL_AREA_STYLE_COLOUR('',#14227);
#15321 = OVER_RIDING_STYLED_ITEM('overriding color',(#15322),#12777,
  #14212);
#15322 = PRESENTATION_STYLE_ASSIGNMENT((#15323));
#15323 = SURFACE_STYLE_USAGE(.BOTH.,#15324);
#15324 = SURFACE_SIDE_STYLE('',(#15325));
#15325 = SURFACE_STYLE_FILL_AREA(#15326);
#15326 = FILL_AREA_STYLE('',(#15327));
#15327 = FILL_AREA_STYLE_COLOUR('',#14227);
#15328 = OVER_RIDING_STYLED_ITEM('overriding color',(#15329),#12802,
  #14212);
#15329 = PRESENTATION_STYLE_ASSIGNMENT((#15330));
#15330 = SURFACE_STYLE_USAGE(.BOTH.,#15331);
#15331 = SURFACE_SIDE_STYLE('',(#15332));
#15332 = SURFACE_STYLE_FILL_AREA(#15333);
#15333 = FILL_AREA_STYLE('',(#15334));
#15334 = FILL_AREA_STYLE_COLOUR('',#14227);
#15335 = OVER_RIDING_STYLED_ITEM('overriding color',(#15336),#12826,
  #14212);
#15336 = PRESENTATION_STYLE_ASSIGNMENT((#15337));
#15337 = SURFACE_STYLE_USAGE(.BOTH.,#15338);
#15338 = SURFACE_SIDE_STYLE('',(#15339));
#15339 = SURFACE_STYLE_FILL_AREA(#15340);
#15340 = FILL_AREA_STYLE('',(#15341));
#15341 = FILL_AREA_STYLE_COLOUR('',#14227);
#15342 = OVER_RIDING_STYLED_ITEM('overriding color',(#15343),#12851,
  #14212);
#15343 = PRESENTATION_STYLE_ASSIGNMENT((#15344));
#15344 = SURFACE_STYLE_USAGE(.BOTH.,#15345);
#15345 = SURFACE_SIDE_STYLE('',(#15346));
#15346 = SURFACE_STYLE_FILL_AREA(#15347);
#15347 = FILL_AREA_STYLE('',(#15348));
#15348 = FILL_AREA_STYLE_COLOUR('',#14227);
#15349 = OVER_RIDING_STYLED_ITEM('overriding color',(#15350),#12875,
  #14212);
#15350 = PRESENTATION_STYLE_ASSIGNMENT((#15351));
#15351 = SURFACE_STYLE_USAGE(.BOTH.,#15352);
#15352 = SURFACE_SIDE_STYLE('',(#15353));
#15353 = SURFACE_STYLE_FILL_AREA(#15354);
#15354 = FILL_AREA_STYLE('',(#15355));
#15355 = FILL_AREA_STYLE_COLOUR('',#14227);
#15356 = OVER_RIDING_STYLED_ITEM('overriding color',(#15357),#12899,
  #14212);
#15357 = PRESENTATION_STYLE_ASSIGNMENT((#15358));
#15358 = SURFACE_STYLE_USAGE(.BOTH.,#15359);
#15359 = SURFACE_SIDE_STYLE('',(#15360));
#15360 = SURFACE_STYLE_FILL_AREA(#15361);
#15361 = FILL_AREA_STYLE('',(#15362));
#15362 = FILL_AREA_STYLE_COLOUR('',#14227);
#15363 = OVER_RIDING_STYLED_ITEM('overriding color',(#15364),#12924,
  #14212);
#15364 = PRESENTATION_STYLE_ASSIGNMENT((#15365));
#15365 = SURFACE_STYLE_USAGE(.BOTH.,#15366);
#15366 = SURFACE_SIDE_STYLE('',(#15367));
#15367 = SURFACE_STYLE_FILL_AREA(#15368);
#15368 = FILL_AREA_STYLE('',(#15369));
#15369 = FILL_AREA_STYLE_COLOUR('',#14227);
#15370 = OVER_RIDING_STYLED_ITEM('overriding color',(#15371),#12948,
  #14212);
#15371 = PRESENTATION_STYLE_ASSIGNMENT((#15372));
#15372 = SURFACE_STYLE_USAGE(.BOTH.,#15373);
#15373 = SURFACE_SIDE_STYLE('',(#15374));
#15374 = SURFACE_STYLE_FILL_AREA(#15375);
#15375 = FILL_AREA_STYLE('',(#15376));
#15376 = FILL_AREA_STYLE_COLOUR('',#14227);
#15377 = OVER_RIDING_STYLED_ITEM('overriding color',(#15378),#12972,
  #14212);
#15378 = PRESENTATION_STYLE_ASSIGNMENT((#15379));
#15379 = SURFACE_STYLE_USAGE(.BOTH.,#15380);
#15380 = SURFACE_SIDE_STYLE('',(#15381));
#15381 = SURFACE_STYLE_FILL_AREA(#15382);
#15382 = FILL_AREA_STYLE('',(#15383));
#15383 = FILL_AREA_STYLE_COLOUR('',#14227);
#15384 = OVER_RIDING_STYLED_ITEM('overriding color',(#15385),#12996,
  #14212);
#15385 = PRESENTATION_STYLE_ASSIGNMENT((#15386));
#15386 = SURFACE_STYLE_USAGE(.BOTH.,#15387);
#15387 = SURFACE_SIDE_STYLE('',(#15388));
#15388 = SURFACE_STYLE_FILL_AREA(#15389);
#15389 = FILL_AREA_STYLE('',(#15390));
#15390 = FILL_AREA_STYLE_COLOUR('',#14227);
#15391 = OVER_RIDING_STYLED_ITEM('overriding color',(#15392),#13021,
  #14212);
#15392 = PRESENTATION_STYLE_ASSIGNMENT((#15393));
#15393 = SURFACE_STYLE_USAGE(.BOTH.,#15394);
#15394 = SURFACE_SIDE_STYLE('',(#15395));
#15395 = SURFACE_STYLE_FILL_AREA(#15396);
#15396 = FILL_AREA_STYLE('',(#15397));
#15397 = FILL_AREA_STYLE_COLOUR('',#14227);
#15398 = OVER_RIDING_STYLED_ITEM('overriding color',(#15399),#13045,
  #14212);
#15399 = PRESENTATION_STYLE_ASSIGNMENT((#15400));
#15400 = SURFACE_STYLE_USAGE(.BOTH.,#15401);
#15401 = SURFACE_SIDE_STYLE('',(#15402));
#15402 = SURFACE_STYLE_FILL_AREA(#15403);
#15403 = FILL_AREA_STYLE('',(#15404));
#15404 = FILL_AREA_STYLE_COLOUR('',#14227);
#15405 = OVER_RIDING_STYLED_ITEM('overriding color',(#15406),#13063,
  #14212);
#15406 = PRESENTATION_STYLE_ASSIGNMENT((#15407));
#15407 = SURFACE_STYLE_USAGE(.BOTH.,#15408);
#15408 = SURFACE_SIDE_STYLE('',(#15409));
#15409 = SURFACE_STYLE_FILL_AREA(#15410);
#15410 = FILL_AREA_STYLE('',(#15411));
#15411 = FILL_AREA_STYLE_COLOUR('',#14227);
#15412 = OVER_RIDING_STYLED_ITEM('overriding color',(#15413),#13796,
  #14212);
#15413 = PRESENTATION_STYLE_ASSIGNMENT((#15414));
#15414 = SURFACE_STYLE_USAGE(.BOTH.,#15415);
#15415 = SURFACE_SIDE_STYLE('',(#15416));
#15416 = SURFACE_STYLE_FILL_AREA(#15417);
#15417 = FILL_AREA_STYLE('',(#15418));
#15418 = FILL_AREA_STYLE_COLOUR('',#14227);
#15419 = OVER_RIDING_STYLED_ITEM('overriding color',(#15420),#13811,
  #14212);
#15420 = PRESENTATION_STYLE_ASSIGNMENT((#15421));
#15421 = SURFACE_STYLE_USAGE(.BOTH.,#15422);
#15422 = SURFACE_SIDE_STYLE('',(#15423));
#15423 = SURFACE_STYLE_FILL_AREA(#15424);
#15424 = FILL_AREA_STYLE('',(#15425));
#15425 = FILL_AREA_STYLE_COLOUR('',#14227);
#15426 = OVER_RIDING_STYLED_ITEM('overriding color',(#15427),#13824,
  #14212);
#15427 = PRESENTATION_STYLE_ASSIGNMENT((#15428));
#15428 = SURFACE_STYLE_USAGE(.BOTH.,#15429);
#15429 = SURFACE_SIDE_STYLE('',(#15430));
#15430 = SURFACE_STYLE_FILL_AREA(#15431);
#15431 = FILL_AREA_STYLE('',(#15432));
#15432 = FILL_AREA_STYLE_COLOUR('',#14227);
#15433 = OVER_RIDING_STYLED_ITEM('overriding color',(#15434),#13896,
  #14212);
#15434 = PRESENTATION_STYLE_ASSIGNMENT((#15435));
#15435 = SURFACE_STYLE_USAGE(.BOTH.,#15436);
#15436 = SURFACE_SIDE_STYLE('',(#15437));
#15437 = SURFACE_STYLE_FILL_AREA(#15438);
#15438 = FILL_AREA_STYLE('',(#15439));
#15439 = FILL_AREA_STYLE_COLOUR('',#14227);
#15440 = OVER_RIDING_STYLED_ITEM('overriding color',(#15441),#13911,
  #14212);
#15441 = PRESENTATION_STYLE_ASSIGNMENT((#15442));
#15442 = SURFACE_STYLE_USAGE(.BOTH.,#15443);
#15443 = SURFACE_SIDE_STYLE('',(#15444));
#15444 = SURFACE_STYLE_FILL_AREA(#15445);
#15445 = FILL_AREA_STYLE('',(#15446));
#15446 = FILL_AREA_STYLE_COLOUR('',#14227);
#15447 = OVER_RIDING_STYLED_ITEM('overriding color',(#15448),#13924,
  #14212);
#15448 = PRESENTATION_STYLE_ASSIGNMENT((#15449));
#15449 = SURFACE_STYLE_USAGE(.BOTH.,#15450);
#15450 = SURFACE_SIDE_STYLE('',(#15451));
#15451 = SURFACE_STYLE_FILL_AREA(#15452);
#15452 = FILL_AREA_STYLE('',(#15453));
#15453 = FILL_AREA_STYLE_COLOUR('',#14227);
ENDSEC;
END-ISO-10303-21;
